system:index,band,date,.geo
20100115,-0.008035860503395597,2010-01-15,"{""type"":""MultiPoint"",""coordinates"":[]}"
20100116,-0.008271247457490747,2010-01-16,"{""type"":""MultiPoint"",""coordinates"":[]}"
20100117,-0.007806195654002116,2010-01-17,"{""type"":""MultiPoint"",""coordinates"":[]}"
20100118,-0.006417898147082218,2010-01-18,"{""type"":""MultiPoint"",""coordinates"":[]}"
20100119,-0.0062659663446356035,2010-01-19,"{""type"":""MultiPoint"",""coordinates"":[]}"
20100120,-0.007005233346930731,2010-01-20,"{""type"":""MultiPoint"",""coordinates"":[]}"
20100121,-0.008463488634570346,2010-01-21,"{""type"":""MultiPoint"",""coordinates"":[]}"
20100122,-0.008056184687998926,2010-01-22,"{""type"":""MultiPoint"",""coordinates"":[]}"
20100123,-0.009053195515566527,2010-01-23,"{""type"":""MultiPoint"",""coordinates"":[]}"
20100124,-0.007934230244416304,2010-01-24,"{""type"":""MultiPoint"",""coordinates"":[]}"
20100125,-0.007806820463109199,2010-01-25,"{""type"":""MultiPoint"",""coordinates"":[]}"
20100126,-0.007837568048311929,2010-01-26,"{""type"":""MultiPoint"",""coordinates"":[]}"
20100127,-0.007319473517842369,2010-01-27,"{""type"":""MultiPoint"",""coordinates"":[]}"
20100128,-0.008865621673137073,2010-01-28,"{""type"":""MultiPoint"",""coordinates"":[]}"
20100129,-0.00895108371095877,2010-01-29,"{""type"":""MultiPoint"",""coordinates"":[]}"
20100130,-0.00899277608952369,2010-01-30,"{""type"":""MultiPoint"",""coordinates"":[]}"
20100131,-0.008547227794684463,2010-01-31,"{""type"":""MultiPoint"",""coordinates"":[]}"
20100201,-0.008312128210093977,2010-02-01,"{""type"":""MultiPoint"",""coordinates"":[]}"
20100202,-0.00972478371431179,2010-02-02,"{""type"":""MultiPoint"",""coordinates"":[]}"
20100203,-0.010433085252181996,2010-02-03,"{""type"":""MultiPoint"",""coordinates"":[]}"
20100204,-0.010227141019058023,2010-02-04,"{""type"":""MultiPoint"",""coordinates"":[]}"
20100205,-0.010265769898025983,2010-02-05,"{""type"":""MultiPoint"",""coordinates"":[]}"
20100206,-0.011020790235687526,2010-02-06,"{""type"":""MultiPoint"",""coordinates"":[]}"
20100207,-0.00935210057623523,2010-02-07,"{""type"":""MultiPoint"",""coordinates"":[]}"
20100208,-0.009604606717554018,2010-02-08,"{""type"":""MultiPoint"",""coordinates"":[]}"
20100209,-0.008605229631292627,2010-02-09,"{""type"":""MultiPoint"",""coordinates"":[]}"
20100210,-0.008871427110083263,2010-02-10,"{""type"":""MultiPoint"",""coordinates"":[]}"
20100211,-0.009203510357958033,2010-02-11,"{""type"":""MultiPoint"",""coordinates"":[]}"
20100212,-0.008766464859699898,2010-02-12,"{""type"":""MultiPoint"",""coordinates"":[]}"
20100213,-0.009636009062728067,2010-02-13,"{""type"":""MultiPoint"",""coordinates"":[]}"
20100214,-0.009397749774769404,2010-02-14,"{""type"":""MultiPoint"",""coordinates"":[]}"
20100215,-0.009848827023590672,2010-02-15,"{""type"":""MultiPoint"",""coordinates"":[]}"
20100216,-0.010031308307309587,2010-02-16,"{""type"":""MultiPoint"",""coordinates"":[]}"
20100217,-0.009513510726176965,2010-02-17,"{""type"":""MultiPoint"",""coordinates"":[]}"
20100218,-0.010435207197558229,2010-02-18,"{""type"":""MultiPoint"",""coordinates"":[]}"
20100219,-0.009586083248686598,2010-02-19,"{""type"":""MultiPoint"",""coordinates"":[]}"
20100220,-0.010647433474200968,2010-02-20,"{""type"":""MultiPoint"",""coordinates"":[]}"
20100221,-0.010032988621352679,2010-02-21,"{""type"":""MultiPoint"",""coordinates"":[]}"
20100222,-0.010185388852653628,2010-02-22,"{""type"":""MultiPoint"",""coordinates"":[]}"
20100223,-0.009392697720674237,2010-02-23,"{""type"":""MultiPoint"",""coordinates"":[]}"
20100224,-0.007054159329728826,2010-02-24,"{""type"":""MultiPoint"",""coordinates"":[]}"
20100225,-0.007750781719925893,2010-02-25,"{""type"":""MultiPoint"",""coordinates"":[]}"
20100226,-0.007622643104143189,2010-02-26,"{""type"":""MultiPoint"",""coordinates"":[]}"
20100227,-0.010775968617050949,2010-02-27,"{""type"":""MultiPoint"",""coordinates"":[]}"
20100228,-0.011532855944360222,2010-02-28,"{""type"":""MultiPoint"",""coordinates"":[]}"
20100301,-0.012450297650211774,2010-03-01,"{""type"":""MultiPoint"",""coordinates"":[]}"
20100302,-0.012086467284196458,2010-03-02,"{""type"":""MultiPoint"",""coordinates"":[]}"
20100303,-0.01077702204338872,2010-03-03,"{""type"":""MultiPoint"",""coordinates"":[]}"
20100304,-0.010324130111932096,2010-03-04,"{""type"":""MultiPoint"",""coordinates"":[]}"
20100305,-0.009915798310033893,2010-03-05,"{""type"":""MultiPoint"",""coordinates"":[]}"
20100306,-0.009403219064692544,2010-03-06,"{""type"":""MultiPoint"",""coordinates"":[]}"
20100307,-0.010572279158807834,2010-03-07,"{""type"":""MultiPoint"",""coordinates"":[]}"
20100308,-0.011376039403731351,2010-03-08,"{""type"":""MultiPoint"",""coordinates"":[]}"
20100309,-0.012668579054936797,2010-03-09,"{""type"":""MultiPoint"",""coordinates"":[]}"
20100310,-0.012405995534254094,2010-03-10,"{""type"":""MultiPoint"",""coordinates"":[]}"
20100311,-0.012442663776340105,2010-03-11,"{""type"":""MultiPoint"",""coordinates"":[]}"
20100312,-0.011815546755872184,2010-03-12,"{""type"":""MultiPoint"",""coordinates"":[]}"
20100313,-0.011598516892580724,2010-03-13,"{""type"":""MultiPoint"",""coordinates"":[]}"
20100314,-0.01026065665146866,2010-03-14,"{""type"":""MultiPoint"",""coordinates"":[]}"
20100315,-0.011223265938762585,2010-03-15,"{""type"":""MultiPoint"",""coordinates"":[]}"
20100316,-0.01087003361466883,2010-03-16,"{""type"":""MultiPoint"",""coordinates"":[]}"
20100317,-0.01277968227637874,2010-03-17,"{""type"":""MultiPoint"",""coordinates"":[]}"
20100318,-0.013272641384442525,2010-03-18,"{""type"":""MultiPoint"",""coordinates"":[]}"
20100319,-0.011899483658830545,2010-03-19,"{""type"":""MultiPoint"",""coordinates"":[]}"
20100320,-0.012601758632394471,2010-03-20,"{""type"":""MultiPoint"",""coordinates"":[]}"
20100321,-0.013595478755864704,2010-03-21,"{""type"":""MultiPoint"",""coordinates"":[]}"
20100322,-0.012375321749803426,2010-03-22,"{""type"":""MultiPoint"",""coordinates"":[]}"
20100323,-0.012255586227401166,2010-03-23,"{""type"":""MultiPoint"",""coordinates"":[]}"
20100324,-0.012140094796090484,2010-03-24,"{""type"":""MultiPoint"",""coordinates"":[]}"
20100325,-0.012267648396803369,2010-03-25,"{""type"":""MultiPoint"",""coordinates"":[]}"
20100326,-0.011192901812231808,2010-03-26,"{""type"":""MultiPoint"",""coordinates"":[]}"
20100327,-0.010480388994228002,2010-03-27,"{""type"":""MultiPoint"",""coordinates"":[]}"
20100328,-0.01065226244927691,2010-03-28,"{""type"":""MultiPoint"",""coordinates"":[]}"
20100329,-0.009964571568999303,2010-03-29,"{""type"":""MultiPoint"",""coordinates"":[]}"
20100330,-0.008865867387294862,2010-03-30,"{""type"":""MultiPoint"",""coordinates"":[]}"
20100331,-0.00837731477833606,2010-03-31,"{""type"":""MultiPoint"",""coordinates"":[]}"
20100401,-0.011229124912103927,2010-04-01,"{""type"":""MultiPoint"",""coordinates"":[]}"
20100402,-0.01051761240783161,2010-04-02,"{""type"":""MultiPoint"",""coordinates"":[]}"
20100403,-0.010889379352116795,2010-04-03,"{""type"":""MultiPoint"",""coordinates"":[]}"
20100404,-0.01228047966595019,2010-04-04,"{""type"":""MultiPoint"",""coordinates"":[]}"
20100405,-0.01160246094513777,2010-04-05,"{""type"":""MultiPoint"",""coordinates"":[]}"
20100406,-0.01214319883525461,2010-04-06,"{""type"":""MultiPoint"",""coordinates"":[]}"
20100407,-0.012642534056469404,2010-04-07,"{""type"":""MultiPoint"",""coordinates"":[]}"
20100408,-0.011285616776777925,2010-04-08,"{""type"":""MultiPoint"",""coordinates"":[]}"
20100409,-0.010880105676213305,2010-04-09,"{""type"":""MultiPoint"",""coordinates"":[]}"
20100410,-0.011975332567421436,2010-04-10,"{""type"":""MultiPoint"",""coordinates"":[]}"
20100411,-0.012118310399322011,2010-04-11,"{""type"":""MultiPoint"",""coordinates"":[]}"
20100412,-0.009952177482572613,2010-04-12,"{""type"":""MultiPoint"",""coordinates"":[]}"
20100413,-0.009727294150469003,2010-04-13,"{""type"":""MultiPoint"",""coordinates"":[]}"
20100414,-0.008397364193353903,2010-04-14,"{""type"":""MultiPoint"",""coordinates"":[]}"
20100415,-0.010378705864081418,2010-04-15,"{""type"":""MultiPoint"",""coordinates"":[]}"
20100416,-0.009555355609856164,2010-04-16,"{""type"":""MultiPoint"",""coordinates"":[]}"
20100417,-0.009781331738273051,2010-04-17,"{""type"":""MultiPoint"",""coordinates"":[]}"
20100418,-0.009141745768112742,2010-04-18,"{""type"":""MultiPoint"",""coordinates"":[]}"
20100419,-0.0071262077650682066,2010-04-19,"{""type"":""MultiPoint"",""coordinates"":[]}"
20100420,-0.007916780097514533,2010-04-20,"{""type"":""MultiPoint"",""coordinates"":[]}"
20100421,-0.008037164518294723,2010-04-21,"{""type"":""MultiPoint"",""coordinates"":[]}"
20100422,-0.0074373198732371045,2010-04-22,"{""type"":""MultiPoint"",""coordinates"":[]}"
20100423,-0.00855359520376071,2010-04-23,"{""type"":""MultiPoint"",""coordinates"":[]}"
20100424,-0.007214874411497563,2010-04-24,"{""type"":""MultiPoint"",""coordinates"":[]}"
20100425,-0.008858580564469167,2010-04-25,"{""type"":""MultiPoint"",""coordinates"":[]}"
20100426,-0.007894095548500941,2010-04-26,"{""type"":""MultiPoint"",""coordinates"":[]}"
20100427,-0.007795026407062515,2010-04-27,"{""type"":""MultiPoint"",""coordinates"":[]}"
20100428,-0.008174794285652268,2010-04-28,"{""type"":""MultiPoint"",""coordinates"":[]}"
20100429,-0.009927772243698374,2010-04-29,"{""type"":""MultiPoint"",""coordinates"":[]}"
20100430,-0.007262573944660536,2010-04-30,"{""type"":""MultiPoint"",""coordinates"":[]}"
20100501,-0.008601481925951802,2010-05-01,"{""type"":""MultiPoint"",""coordinates"":[]}"
20100502,-0.0075154611855028355,2010-05-02,"{""type"":""MultiPoint"",""coordinates"":[]}"
20100503,-0.008271988683058621,2010-05-03,"{""type"":""MultiPoint"",""coordinates"":[]}"
20100504,-0.008727476796410252,2010-05-04,"{""type"":""MultiPoint"",""coordinates"":[]}"
20100505,-0.008165773533555062,2010-05-05,"{""type"":""MultiPoint"",""coordinates"":[]}"
20100506,-0.009226388547510251,2010-05-06,"{""type"":""MultiPoint"",""coordinates"":[]}"
20100507,-0.008184916309124617,2010-05-07,"{""type"":""MultiPoint"",""coordinates"":[]}"
20100508,-0.007341438962054296,2010-05-08,"{""type"":""MultiPoint"",""coordinates"":[]}"
20100509,-0.008187653412364299,2010-05-09,"{""type"":""MultiPoint"",""coordinates"":[]}"
20100510,-0.007720599867842697,2010-05-10,"{""type"":""MultiPoint"",""coordinates"":[]}"
20100511,-0.008777142539179642,2010-05-11,"{""type"":""MultiPoint"",""coordinates"":[]}"
20100512,-0.008947883065967383,2010-05-12,"{""type"":""MultiPoint"",""coordinates"":[]}"
20100513,-0.008562180062051674,2010-05-13,"{""type"":""MultiPoint"",""coordinates"":[]}"
20100514,-0.00784742737625531,2010-05-14,"{""type"":""MultiPoint"",""coordinates"":[]}"
20100515,-0.008466025634530588,2010-05-15,"{""type"":""MultiPoint"",""coordinates"":[]}"
20100516,-0.007369748620897265,2010-05-16,"{""type"":""MultiPoint"",""coordinates"":[]}"
20100517,-0.008414557473551992,2010-05-17,"{""type"":""MultiPoint"",""coordinates"":[]}"
20100518,-0.00749613955638086,2010-05-18,"{""type"":""MultiPoint"",""coordinates"":[]}"
20100519,-0.003697610612427457,2010-05-19,"{""type"":""MultiPoint"",""coordinates"":[]}"
20100520,-0.004808542510982597,2010-05-20,"{""type"":""MultiPoint"",""coordinates"":[]}"
20100521,-0.005882228511079196,2010-05-21,"{""type"":""MultiPoint"",""coordinates"":[]}"
20100522,-0.008961874925124758,2010-05-22,"{""type"":""MultiPoint"",""coordinates"":[]}"
20100523,-0.007090222726146485,2010-05-23,"{""type"":""MultiPoint"",""coordinates"":[]}"
20100524,-0.008794782883407215,2010-05-24,"{""type"":""MultiPoint"",""coordinates"":[]}"
20100525,-0.01022655606047778,2010-05-25,"{""type"":""MultiPoint"",""coordinates"":[]}"
20100526,-0.009942722804185967,2010-05-26,"{""type"":""MultiPoint"",""coordinates"":[]}"
20100527,-0.010822742558043254,2010-05-27,"{""type"":""MultiPoint"",""coordinates"":[]}"
20100528,-0.009880413509084252,2010-05-28,"{""type"":""MultiPoint"",""coordinates"":[]}"
20100529,-0.009623541816548802,2010-05-29,"{""type"":""MultiPoint"",""coordinates"":[]}"
20100530,-0.008783712493598366,2010-05-30,"{""type"":""MultiPoint"",""coordinates"":[]}"
20100531,-0.008067476849416865,2010-05-31,"{""type"":""MultiPoint"",""coordinates"":[]}"
20100601,-0.009690970295761927,2010-06-01,"{""type"":""MultiPoint"",""coordinates"":[]}"
20100602,-0.009122175283214164,2010-06-02,"{""type"":""MultiPoint"",""coordinates"":[]}"
20100603,-0.007988161307220413,2010-06-03,"{""type"":""MultiPoint"",""coordinates"":[]}"
20100604,-0.00772141715798323,2010-06-04,"{""type"":""MultiPoint"",""coordinates"":[]}"
20100605,-0.008221522768493464,2010-06-05,"{""type"":""MultiPoint"",""coordinates"":[]}"
20100606,-0.010399841997245352,2010-06-06,"{""type"":""MultiPoint"",""coordinates"":[]}"
20100607,-0.006722800619014083,2010-06-07,"{""type"":""MultiPoint"",""coordinates"":[]}"
20100608,-0.007198657256688851,2010-06-08,"{""type"":""MultiPoint"",""coordinates"":[]}"
20100609,-0.005675686960114946,2010-06-09,"{""type"":""MultiPoint"",""coordinates"":[]}"
20100610,-0.0060445375665698214,2010-06-10,"{""type"":""MultiPoint"",""coordinates"":[]}"
20100611,-0.004424424467607051,2010-06-11,"{""type"":""MultiPoint"",""coordinates"":[]}"
20100612,-0.006107827852469822,2010-06-12,"{""type"":""MultiPoint"",""coordinates"":[]}"
20100613,-0.006184993317842659,2010-06-13,"{""type"":""MultiPoint"",""coordinates"":[]}"
20100614,-0.003417204357204879,2010-06-14,"{""type"":""MultiPoint"",""coordinates"":[]}"
20100615,-0.004986965569604239,2010-06-15,"{""type"":""MultiPoint"",""coordinates"":[]}"
20100616,-0.006490653264233725,2010-06-16,"{""type"":""MultiPoint"",""coordinates"":[]}"
20100617,-0.006232245396124413,2010-06-17,"{""type"":""MultiPoint"",""coordinates"":[]}"
20100618,-0.007010005762314088,2010-06-18,"{""type"":""MultiPoint"",""coordinates"":[]}"
20100619,-0.006493104112812606,2010-06-19,"{""type"":""MultiPoint"",""coordinates"":[]}"
20100620,-0.005925255438630565,2010-06-20,"{""type"":""MultiPoint"",""coordinates"":[]}"
20100621,-0.007941292879267033,2010-06-21,"{""type"":""MultiPoint"",""coordinates"":[]}"
20100622,-0.0073249362612391586,2010-06-22,"{""type"":""MultiPoint"",""coordinates"":[]}"
20100623,-0.007070386944754586,2010-06-23,"{""type"":""MultiPoint"",""coordinates"":[]}"
20100624,-0.006386159006515731,2010-06-24,"{""type"":""MultiPoint"",""coordinates"":[]}"
20100625,-0.0066936331354936875,2010-06-25,"{""type"":""MultiPoint"",""coordinates"":[]}"
20100626,-0.006388323667906725,2010-06-26,"{""type"":""MultiPoint"",""coordinates"":[]}"
20100627,-0.006085540860905953,2010-06-27,"{""type"":""MultiPoint"",""coordinates"":[]}"
20100628,-0.007238961277718724,2010-06-28,"{""type"":""MultiPoint"",""coordinates"":[]}"
20100629,-0.006961231903969018,2010-06-29,"{""type"":""MultiPoint"",""coordinates"":[]}"
20100630,-0.007269288269290926,2010-06-30,"{""type"":""MultiPoint"",""coordinates"":[]}"
20100701,-0.004895641369925391,2010-07-01,"{""type"":""MultiPoint"",""coordinates"":[]}"
20100702,-0.0028329746439327503,2010-07-02,"{""type"":""MultiPoint"",""coordinates"":[]}"
20100703,-0.0034643102139738633,2010-07-03,"{""type"":""MultiPoint"",""coordinates"":[]}"
20100704,-0.005212122621478831,2010-07-04,"{""type"":""MultiPoint"",""coordinates"":[]}"
20100705,-0.004599822548743571,2010-07-05,"{""type"":""MultiPoint"",""coordinates"":[]}"
20100706,-0.005535676335653293,2010-07-06,"{""type"":""MultiPoint"",""coordinates"":[]}"
20100707,-0.004419963922283897,2010-07-07,"{""type"":""MultiPoint"",""coordinates"":[]}"
20100708,-0.004161904180732268,2010-07-08,"{""type"":""MultiPoint"",""coordinates"":[]}"
20100709,-0.00595254373432819,2010-07-09,"{""type"":""MultiPoint"",""coordinates"":[]}"
20100710,-0.006502827235550434,2010-07-10,"{""type"":""MultiPoint"",""coordinates"":[]}"
20100711,-0.006395482254665182,2010-07-11,"{""type"":""MultiPoint"",""coordinates"":[]}"
20100712,-0.005766102923559484,2010-07-12,"{""type"":""MultiPoint"",""coordinates"":[]}"
20100713,-0.006264017698141655,2010-07-13,"{""type"":""MultiPoint"",""coordinates"":[]}"
20100714,-0.008202138963501929,2010-07-14,"{""type"":""MultiPoint"",""coordinates"":[]}"
20100715,-0.006393596120833601,2010-07-15,"{""type"":""MultiPoint"",""coordinates"":[]}"
20100716,-0.005128633429463522,2010-07-16,"{""type"":""MultiPoint"",""coordinates"":[]}"
20100717,-0.0050315956296765095,2010-07-17,"{""type"":""MultiPoint"",""coordinates"":[]}"
20100718,-0.005680597170015989,2010-07-18,"{""type"":""MultiPoint"",""coordinates"":[]}"
20100719,-0.0055212275964203845,2010-07-19,"{""type"":""MultiPoint"",""coordinates"":[]}"
20100720,-0.003664413483456405,2010-07-20,"{""type"":""MultiPoint"",""coordinates"":[]}"
20100721,-0.0038781921308563556,2010-07-21,"{""type"":""MultiPoint"",""coordinates"":[]}"
20100722,-0.004047487051675118,2010-07-22,"{""type"":""MultiPoint"",""coordinates"":[]}"
20100723,-0.006234233682862542,2010-07-23,"{""type"":""MultiPoint"",""coordinates"":[]}"
20100724,-0.0065937705525134374,2010-07-24,"{""type"":""MultiPoint"",""coordinates"":[]}"
20100725,-0.006393083144186482,2010-07-25,"{""type"":""MultiPoint"",""coordinates"":[]}"
20100726,-0.008091750740370647,2010-07-26,"{""type"":""MultiPoint"",""coordinates"":[]}"
20100727,-0.008061521486185068,2010-07-27,"{""type"":""MultiPoint"",""coordinates"":[]}"
20100728,-0.0056735402593171705,2010-07-28,"{""type"":""MultiPoint"",""coordinates"":[]}"
20100729,-0.004308355925790493,2010-07-29,"{""type"":""MultiPoint"",""coordinates"":[]}"
20100730,-0.0038999954034636595,2010-07-30,"{""type"":""MultiPoint"",""coordinates"":[]}"
20100731,-0.00692661399710971,2010-07-31,"{""type"":""MultiPoint"",""coordinates"":[]}"
20100801,-0.006970157619443074,2010-08-01,"{""type"":""MultiPoint"",""coordinates"":[]}"
20100802,-0.0072704804776612285,2010-08-02,"{""type"":""MultiPoint"",""coordinates"":[]}"
20100803,-0.005959771481920207,2010-08-03,"{""type"":""MultiPoint"",""coordinates"":[]}"
20100804,-0.006109834056452654,2010-08-04,"{""type"":""MultiPoint"",""coordinates"":[]}"
20100805,-0.0063247222741659335,2010-08-05,"{""type"":""MultiPoint"",""coordinates"":[]}"
20100806,-0.006707561855404072,2010-08-06,"{""type"":""MultiPoint"",""coordinates"":[]}"
20100807,-0.005837041424769759,2010-08-07,"{""type"":""MultiPoint"",""coordinates"":[]}"
20100808,-0.006477318028164005,2010-08-08,"{""type"":""MultiPoint"",""coordinates"":[]}"
20100809,-0.0068932380131044475,2010-08-09,"{""type"":""MultiPoint"",""coordinates"":[]}"
20100810,-0.007706382203465369,2010-08-10,"{""type"":""MultiPoint"",""coordinates"":[]}"
20100811,-0.007642237154828604,2010-08-11,"{""type"":""MultiPoint"",""coordinates"":[]}"
20100812,-0.005861081158858288,2010-08-12,"{""type"":""MultiPoint"",""coordinates"":[]}"
20100813,-0.005427848721149718,2010-08-13,"{""type"":""MultiPoint"",""coordinates"":[]}"
20100814,-0.005654437946171268,2010-08-14,"{""type"":""MultiPoint"",""coordinates"":[]}"
20100815,-0.004577107170755603,2010-08-15,"{""type"":""MultiPoint"",""coordinates"":[]}"
20100816,-0.004838657494492598,2010-08-16,"{""type"":""MultiPoint"",""coordinates"":[]}"
20100817,-0.006527663482506054,2010-08-17,"{""type"":""MultiPoint"",""coordinates"":[]}"
20100818,-0.005909739961613764,2010-08-18,"{""type"":""MultiPoint"",""coordinates"":[]}"
20100819,-0.006709787045225183,2010-08-19,"{""type"":""MultiPoint"",""coordinates"":[]}"
20100820,-0.004664806300477566,2010-08-20,"{""type"":""MultiPoint"",""coordinates"":[]}"
20100821,-0.0030207021008611472,2010-08-21,"{""type"":""MultiPoint"",""coordinates"":[]}"
20100822,-0.004607941107353866,2010-08-22,"{""type"":""MultiPoint"",""coordinates"":[]}"
20100823,-0.004666263600868668,2010-08-23,"{""type"":""MultiPoint"",""coordinates"":[]}"
20100824,-0.003313726147048436,2010-08-24,"{""type"":""MultiPoint"",""coordinates"":[]}"
20100825,-0.0018240780445184137,2010-08-25,"{""type"":""MultiPoint"",""coordinates"":[]}"
20100826,-0.004282395254738305,2010-08-26,"{""type"":""MultiPoint"",""coordinates"":[]}"
20100827,-0.006125326193315975,2010-08-27,"{""type"":""MultiPoint"",""coordinates"":[]}"
20100828,-0.006479580855318807,2010-08-28,"{""type"":""MultiPoint"",""coordinates"":[]}"
20100829,-0.005121917214589828,2010-08-29,"{""type"":""MultiPoint"",""coordinates"":[]}"
20100830,-0.0048779089980222345,2010-08-30,"{""type"":""MultiPoint"",""coordinates"":[]}"
20100831,-0.0037255188229026,2010-08-31,"{""type"":""MultiPoint"",""coordinates"":[]}"
20100901,-0.007326400777803796,2010-09-01,"{""type"":""MultiPoint"",""coordinates"":[]}"
20100902,-0.006427536397916003,2010-09-02,"{""type"":""MultiPoint"",""coordinates"":[]}"
20100903,-0.005288422819223493,2010-09-03,"{""type"":""MultiPoint"",""coordinates"":[]}"
20100904,-0.005702683952431192,2010-09-04,"{""type"":""MultiPoint"",""coordinates"":[]}"
20100905,-0.005174772684146802,2010-09-05,"{""type"":""MultiPoint"",""coordinates"":[]}"
20100906,-0.005795327137320045,2010-09-06,"{""type"":""MultiPoint"",""coordinates"":[]}"
20100907,-0.0063700291233394195,2010-09-07,"{""type"":""MultiPoint"",""coordinates"":[]}"
20100908,-0.005923688037641402,2010-09-08,"{""type"":""MultiPoint"",""coordinates"":[]}"
20100909,-0.006436567720648795,2010-09-09,"{""type"":""MultiPoint"",""coordinates"":[]}"
20100910,-0.005628941388291607,2010-09-10,"{""type"":""MultiPoint"",""coordinates"":[]}"
20100911,-0.00435346751994896,2010-09-11,"{""type"":""MultiPoint"",""coordinates"":[]}"
20100912,-0.005578849754440233,2010-09-12,"{""type"":""MultiPoint"",""coordinates"":[]}"
20100913,-0.004894532100322245,2010-09-13,"{""type"":""MultiPoint"",""coordinates"":[]}"
20100914,-0.003950686055860844,2010-09-14,"{""type"":""MultiPoint"",""coordinates"":[]}"
20100915,-0.005080204575853401,2010-09-15,"{""type"":""MultiPoint"",""coordinates"":[]}"
20100916,-0.005465263956927945,2010-09-16,"{""type"":""MultiPoint"",""coordinates"":[]}"
20100917,-0.005628248861590869,2010-09-17,"{""type"":""MultiPoint"",""coordinates"":[]}"
20100918,-0.005482754260252977,2010-09-18,"{""type"":""MultiPoint"",""coordinates"":[]}"
20100919,-0.006197662975952297,2010-09-19,"{""type"":""MultiPoint"",""coordinates"":[]}"
20100920,-0.006123186676300566,2010-09-20,"{""type"":""MultiPoint"",""coordinates"":[]}"
20100921,-0.0047227665306505675,2010-09-21,"{""type"":""MultiPoint"",""coordinates"":[]}"
20100922,-0.005148572921202853,2010-09-22,"{""type"":""MultiPoint"",""coordinates"":[]}"
20100923,-0.005412072510908489,2010-09-23,"{""type"":""MultiPoint"",""coordinates"":[]}"
20100924,-0.005215255465039047,2010-09-24,"{""type"":""MultiPoint"",""coordinates"":[]}"
20100925,-0.005010095080015664,2010-09-25,"{""type"":""MultiPoint"",""coordinates"":[]}"
20100926,-0.005505385581159458,2010-09-26,"{""type"":""MultiPoint"",""coordinates"":[]}"
20100927,-0.005621200811229532,2010-09-27,"{""type"":""MultiPoint"",""coordinates"":[]}"
20100928,-0.006417550996263113,2010-09-28,"{""type"":""MultiPoint"",""coordinates"":[]}"
20100929,-0.0056746117399252205,2010-09-29,"{""type"":""MultiPoint"",""coordinates"":[]}"
20100930,-0.0062091597995772435,2010-09-30,"{""type"":""MultiPoint"",""coordinates"":[]}"
20101001,-0.004840572299152202,2010-10-01,"{""type"":""MultiPoint"",""coordinates"":[]}"
20101002,-0.00501468650079269,2010-10-02,"{""type"":""MultiPoint"",""coordinates"":[]}"
20101003,-0.00463544625403593,2010-10-03,"{""type"":""MultiPoint"",""coordinates"":[]}"
20101004,-0.0053689337419934756,2010-10-04,"{""type"":""MultiPoint"",""coordinates"":[]}"
20101005,-0.00515783100304442,2010-10-05,"{""type"":""MultiPoint"",""coordinates"":[]}"
20101006,-0.004532841272431199,2010-10-06,"{""type"":""MultiPoint"",""coordinates"":[]}"
20101007,-0.005100273186605381,2010-10-07,"{""type"":""MultiPoint"",""coordinates"":[]}"
20101008,-0.006110396521352269,2010-10-08,"{""type"":""MultiPoint"",""coordinates"":[]}"
20101009,-0.005510974667559622,2010-10-09,"{""type"":""MultiPoint"",""coordinates"":[]}"
20101010,-0.00460138228924643,2010-10-10,"{""type"":""MultiPoint"",""coordinates"":[]}"
20101011,-0.007494485716688146,2010-10-11,"{""type"":""MultiPoint"",""coordinates"":[]}"
20101012,-0.006306547938283223,2010-10-12,"{""type"":""MultiPoint"",""coordinates"":[]}"
20101013,-0.0054856597526426595,2010-10-13,"{""type"":""MultiPoint"",""coordinates"":[]}"
20101014,-0.0058526086548995136,2010-10-14,"{""type"":""MultiPoint"",""coordinates"":[]}"
20101015,-0.005127456883290999,2010-10-15,"{""type"":""MultiPoint"",""coordinates"":[]}"
20101016,-0.007348509198835063,2010-10-16,"{""type"":""MultiPoint"",""coordinates"":[]}"
20101017,-0.0053226569015024025,2010-10-17,"{""type"":""MultiPoint"",""coordinates"":[]}"
20101018,-0.005662094180519424,2010-10-18,"{""type"":""MultiPoint"",""coordinates"":[]}"
20101019,-0.005664061178562345,2010-10-19,"{""type"":""MultiPoint"",""coordinates"":[]}"
20101020,-0.004606272917773793,2010-10-20,"{""type"":""MultiPoint"",""coordinates"":[]}"
20101021,-0.004604911945922298,2010-10-21,"{""type"":""MultiPoint"",""coordinates"":[]}"
20101022,-0.005194864109735553,2010-10-22,"{""type"":""MultiPoint"",""coordinates"":[]}"
20101023,-0.0034832914774734877,2010-10-23,"{""type"":""MultiPoint"",""coordinates"":[]}"
20101024,-0.005128794849949088,2010-10-24,"{""type"":""MultiPoint"",""coordinates"":[]}"
20101025,-0.005749888745996051,2010-10-25,"{""type"":""MultiPoint"",""coordinates"":[]}"
20101026,-0.004887036341292526,2010-10-26,"{""type"":""MultiPoint"",""coordinates"":[]}"
20101027,-0.004304970178713938,2010-10-27,"{""type"":""MultiPoint"",""coordinates"":[]}"
20101028,-0.005967736149289807,2010-10-28,"{""type"":""MultiPoint"",""coordinates"":[]}"
20101029,-0.00427488320123304,2010-10-29,"{""type"":""MultiPoint"",""coordinates"":[]}"
20101030,-0.0028798536186962704,2010-10-30,"{""type"":""MultiPoint"",""coordinates"":[]}"
20101031,-0.0024991135893687793,2010-10-31,"{""type"":""MultiPoint"",""coordinates"":[]}"
20101101,-0.0021916770834006466,2010-11-01,"{""type"":""MultiPoint"",""coordinates"":[]}"
20101102,-0.0028683231684588965,2010-11-02,"{""type"":""MultiPoint"",""coordinates"":[]}"
20101103,-0.004251178760714777,2010-11-03,"{""type"":""MultiPoint"",""coordinates"":[]}"
20101104,-0.004817762930261242,2010-11-04,"{""type"":""MultiPoint"",""coordinates"":[]}"
20101105,-0.004163460102274283,2010-11-05,"{""type"":""MultiPoint"",""coordinates"":[]}"
20101106,-0.005308387822806644,2010-11-06,"{""type"":""MultiPoint"",""coordinates"":[]}"
20101107,-0.0023750626495511124,2010-11-07,"{""type"":""MultiPoint"",""coordinates"":[]}"
20101108,-0.002408880243689657,2010-11-08,"{""type"":""MultiPoint"",""coordinates"":[]}"
20101109,-0.004770757344097351,2010-11-09,"{""type"":""MultiPoint"",""coordinates"":[]}"
20101110,-0.0038472984478044488,2010-11-10,"{""type"":""MultiPoint"",""coordinates"":[]}"
20101111,-0.0035680110118747597,2010-11-11,"{""type"":""MultiPoint"",""coordinates"":[]}"
20101112,-0.004010318533947076,2010-11-12,"{""type"":""MultiPoint"",""coordinates"":[]}"
20101113,-0.004182601585511434,2010-11-13,"{""type"":""MultiPoint"",""coordinates"":[]}"
20101114,-0.0053725056028724105,2010-11-14,"{""type"":""MultiPoint"",""coordinates"":[]}"
20101115,-0.004855875721859692,2010-11-15,"{""type"":""MultiPoint"",""coordinates"":[]}"
20101116,-0.004499836629562829,2010-11-16,"{""type"":""MultiPoint"",""coordinates"":[]}"
20101117,-0.002234594555499798,2010-11-17,"{""type"":""MultiPoint"",""coordinates"":[]}"
20101118,-0.004707231726060251,2010-11-18,"{""type"":""MultiPoint"",""coordinates"":[]}"
20101119,-0.005116213158088331,2010-11-19,"{""type"":""MultiPoint"",""coordinates"":[]}"
20101120,-0.006264258941043828,2010-11-20,"{""type"":""MultiPoint"",""coordinates"":[]}"
20101121,-0.004285010478665368,2010-11-21,"{""type"":""MultiPoint"",""coordinates"":[]}"
20101122,-0.005295928365820511,2010-11-22,"{""type"":""MultiPoint"",""coordinates"":[]}"
20101123,-0.0046913777451076406,2010-11-23,"{""type"":""MultiPoint"",""coordinates"":[]}"
20101124,-0.004710217120089734,2010-11-24,"{""type"":""MultiPoint"",""coordinates"":[]}"
20101125,-0.005447150011877835,2010-11-25,"{""type"":""MultiPoint"",""coordinates"":[]}"
20101126,-0.003879182816922694,2010-11-26,"{""type"":""MultiPoint"",""coordinates"":[]}"
20101127,-0.0021796420289193555,2010-11-27,"{""type"":""MultiPoint"",""coordinates"":[]}"
20101128,-0.005115678297005759,2010-11-28,"{""type"":""MultiPoint"",""coordinates"":[]}"
20101129,-0.006690349798893303,2010-11-29,"{""type"":""MultiPoint"",""coordinates"":[]}"
20101130,-0.006247957317881922,2010-11-30,"{""type"":""MultiPoint"",""coordinates"":[]}"
20101201,-0.00417261747416324,2010-12-01,"{""type"":""MultiPoint"",""coordinates"":[]}"
20101202,-0.004528966274123584,2010-12-02,"{""type"":""MultiPoint"",""coordinates"":[]}"
20101203,-0.005899831483237542,2010-12-03,"{""type"":""MultiPoint"",""coordinates"":[]}"
20101204,-0.007051944266659472,2010-12-04,"{""type"":""MultiPoint"",""coordinates"":[]}"
20101205,-0.00604374384022745,2010-12-05,"{""type"":""MultiPoint"",""coordinates"":[]}"
20101206,-0.006274185906551799,2010-12-06,"{""type"":""MultiPoint"",""coordinates"":[]}"
20101207,-0.002935344797309296,2010-12-07,"{""type"":""MultiPoint"",""coordinates"":[]}"
20101208,-0.0034014576334850982,2010-12-08,"{""type"":""MultiPoint"",""coordinates"":[]}"
20101209,-0.004338321702808599,2010-12-09,"{""type"":""MultiPoint"",""coordinates"":[]}"
20101210,-0.005906847625746282,2010-12-10,"{""type"":""MultiPoint"",""coordinates"":[]}"
20101211,-0.005240473134169105,2010-12-11,"{""type"":""MultiPoint"",""coordinates"":[]}"
20101212,-0.0049063964627997555,2010-12-12,"{""type"":""MultiPoint"",""coordinates"":[]}"
20101213,-0.004513354690366116,2010-12-13,"{""type"":""MultiPoint"",""coordinates"":[]}"
20101214,-0.004235934965580645,2010-12-14,"{""type"":""MultiPoint"",""coordinates"":[]}"
20101215,-0.004327642580140957,2010-12-15,"{""type"":""MultiPoint"",""coordinates"":[]}"
20101216,-0.0028400756962868885,2010-12-16,"{""type"":""MultiPoint"",""coordinates"":[]}"
20101217,-0.004290979452870656,2010-12-17,"{""type"":""MultiPoint"",""coordinates"":[]}"
20101218,-0.0054235432415982165,2010-12-18,"{""type"":""MultiPoint"",""coordinates"":[]}"
20101219,-0.0063488676994286905,2010-12-19,"{""type"":""MultiPoint"",""coordinates"":[]}"
20101220,-0.0031218679143984168,2010-12-20,"{""type"":""MultiPoint"",""coordinates"":[]}"
20101221,-0.0072962334627020755,2010-12-21,"{""type"":""MultiPoint"",""coordinates"":[]}"
20101222,-0.0070055511558838315,2010-12-22,"{""type"":""MultiPoint"",""coordinates"":[]}"
20101223,-0.005999533253027709,2010-12-23,"{""type"":""MultiPoint"",""coordinates"":[]}"
20101224,-0.005992240467652659,2010-12-24,"{""type"":""MultiPoint"",""coordinates"":[]}"
20101225,-0.006083086249725842,2010-12-25,"{""type"":""MultiPoint"",""coordinates"":[]}"
20101226,-0.006416708906208657,2010-12-26,"{""type"":""MultiPoint"",""coordinates"":[]}"
20101227,-0.006347507360582844,2010-12-27,"{""type"":""MultiPoint"",""coordinates"":[]}"
20101228,-0.006520547026719575,2010-12-28,"{""type"":""MultiPoint"",""coordinates"":[]}"
20101229,-0.0035779087942620635,2010-12-29,"{""type"":""MultiPoint"",""coordinates"":[]}"
20101230,-0.005614061824561966,2010-12-30,"{""type"":""MultiPoint"",""coordinates"":[]}"
20101231,-0.0059136353378683275,2010-12-31,"{""type"":""MultiPoint"",""coordinates"":[]}"
20110101,-0.005624588412726709,2011-01-01,"{""type"":""MultiPoint"",""coordinates"":[]}"
20110102,-0.00551469472114654,2011-01-02,"{""type"":""MultiPoint"",""coordinates"":[]}"
20110103,-0.0059156663450276,2011-01-03,"{""type"":""MultiPoint"",""coordinates"":[]}"
20110104,-0.006165219934002309,2011-01-04,"{""type"":""MultiPoint"",""coordinates"":[]}"
20110105,-0.004173517377703418,2011-01-05,"{""type"":""MultiPoint"",""coordinates"":[]}"
20110106,-0.007718265803140863,2011-01-06,"{""type"":""MultiPoint"",""coordinates"":[]}"
20110107,-0.007474334041217789,2011-01-07,"{""type"":""MultiPoint"",""coordinates"":[]}"
20110108,-0.007288377486498594,2011-01-08,"{""type"":""MultiPoint"",""coordinates"":[]}"
20110109,-0.007792850028996721,2011-01-09,"{""type"":""MultiPoint"",""coordinates"":[]}"
20110110,-0.008359066822790305,2011-01-10,"{""type"":""MultiPoint"",""coordinates"":[]}"
20110111,-0.008577455294716483,2011-01-11,"{""type"":""MultiPoint"",""coordinates"":[]}"
20110112,-0.008368649546601612,2011-01-12,"{""type"":""MultiPoint"",""coordinates"":[]}"
20110113,-0.00905624986968749,2011-01-13,"{""type"":""MultiPoint"",""coordinates"":[]}"
20110114,-0.009533046281147314,2011-01-14,"{""type"":""MultiPoint"",""coordinates"":[]}"
20110115,-0.008333739876385474,2011-01-15,"{""type"":""MultiPoint"",""coordinates"":[]}"
20110116,-0.006750883756989769,2011-01-16,"{""type"":""MultiPoint"",""coordinates"":[]}"
20110117,-0.006853382588939599,2011-01-17,"{""type"":""MultiPoint"",""coordinates"":[]}"
20110118,-0.008885596569467847,2011-01-18,"{""type"":""MultiPoint"",""coordinates"":[]}"
20110119,-0.00901089170378502,2011-01-19,"{""type"":""MultiPoint"",""coordinates"":[]}"
20110120,-0.010017225274995255,2011-01-20,"{""type"":""MultiPoint"",""coordinates"":[]}"
20110121,-0.009751051006286504,2011-01-21,"{""type"":""MultiPoint"",""coordinates"":[]}"
20110122,-0.008554553189170604,2011-01-22,"{""type"":""MultiPoint"",""coordinates"":[]}"
20110123,-0.008826878382789494,2011-01-23,"{""type"":""MultiPoint"",""coordinates"":[]}"
20110124,-0.009111420575563408,2011-01-24,"{""type"":""MultiPoint"",""coordinates"":[]}"
20110125,-0.008367740264335202,2011-01-25,"{""type"":""MultiPoint"",""coordinates"":[]}"
20110126,-0.007784165957883016,2011-01-26,"{""type"":""MultiPoint"",""coordinates"":[]}"
20110127,-0.00962830446603262,2011-01-27,"{""type"":""MultiPoint"",""coordinates"":[]}"
20110128,-0.009491579389037854,2011-01-28,"{""type"":""MultiPoint"",""coordinates"":[]}"
20110129,-0.010239185131291392,2011-01-29,"{""type"":""MultiPoint"",""coordinates"":[]}"
20110130,-0.010287776129990083,2011-01-30,"{""type"":""MultiPoint"",""coordinates"":[]}"
20110131,-0.010016822125194018,2011-01-31,"{""type"":""MultiPoint"",""coordinates"":[]}"
20110201,-0.010871271679242912,2011-02-01,"{""type"":""MultiPoint"",""coordinates"":[]}"
20110202,-0.010559607594805228,2011-02-02,"{""type"":""MultiPoint"",""coordinates"":[]}"
20110203,-0.011065043679918026,2011-02-03,"{""type"":""MultiPoint"",""coordinates"":[]}"
20110204,-0.010007447716409304,2011-02-04,"{""type"":""MultiPoint"",""coordinates"":[]}"
20110205,-0.009798283714582072,2011-02-05,"{""type"":""MultiPoint"",""coordinates"":[]}"
20110206,-0.01064673867647868,2011-02-06,"{""type"":""MultiPoint"",""coordinates"":[]}"
20110207,-0.009470586504196781,2011-02-07,"{""type"":""MultiPoint"",""coordinates"":[]}"
20110208,-0.00979255136719892,2011-02-08,"{""type"":""MultiPoint"",""coordinates"":[]}"
20110209,-0.010910785744642444,2011-02-09,"{""type"":""MultiPoint"",""coordinates"":[]}"
20110210,-0.01163576617668367,2011-02-10,"{""type"":""MultiPoint"",""coordinates"":[]}"
20110211,-0.012134959862317336,2011-02-11,"{""type"":""MultiPoint"",""coordinates"":[]}"
20110212,-0.011611038377076527,2011-02-12,"{""type"":""MultiPoint"",""coordinates"":[]}"
20110213,-0.011859845603596937,2011-02-13,"{""type"":""MultiPoint"",""coordinates"":[]}"
20110214,-0.010381585349739039,2011-02-14,"{""type"":""MultiPoint"",""coordinates"":[]}"
20110215,-0.008314612027700287,2011-02-15,"{""type"":""MultiPoint"",""coordinates"":[]}"
20110216,-0.007734835421791839,2011-02-16,"{""type"":""MultiPoint"",""coordinates"":[]}"
20110217,-0.008198000823454836,2011-02-17,"{""type"":""MultiPoint"",""coordinates"":[]}"
20110218,-0.008304669610511168,2011-02-18,"{""type"":""MultiPoint"",""coordinates"":[]}"
20110219,-0.00816886142802032,2011-02-19,"{""type"":""MultiPoint"",""coordinates"":[]}"
20110220,-0.007986740982639583,2011-02-20,"{""type"":""MultiPoint"",""coordinates"":[]}"
20110221,-0.00652119542010976,2011-02-21,"{""type"":""MultiPoint"",""coordinates"":[]}"
20110222,-0.0060421320730154335,2011-02-22,"{""type"":""MultiPoint"",""coordinates"":[]}"
20110223,-0.0062637700691222315,2011-02-23,"{""type"":""MultiPoint"",""coordinates"":[]}"
20110224,-0.006557844356939951,2011-02-24,"{""type"":""MultiPoint"",""coordinates"":[]}"
20110225,-0.005965228867866451,2011-02-25,"{""type"":""MultiPoint"",""coordinates"":[]}"
20110226,-0.0065121340618823345,2011-02-26,"{""type"":""MultiPoint"",""coordinates"":[]}"
20110227,-0.00985232345606115,2011-02-27,"{""type"":""MultiPoint"",""coordinates"":[]}"
20110228,-0.011571234902490329,2011-02-28,"{""type"":""MultiPoint"",""coordinates"":[]}"
20110301,-0.011394061237697319,2011-03-01,"{""type"":""MultiPoint"",""coordinates"":[]}"
20110302,-0.011618344902417843,2011-03-02,"{""type"":""MultiPoint"",""coordinates"":[]}"
20110303,-0.012430675586075373,2011-03-03,"{""type"":""MultiPoint"",""coordinates"":[]}"
20110304,-0.011488663493487527,2011-03-04,"{""type"":""MultiPoint"",""coordinates"":[]}"
20110305,-0.01099615275813715,2011-03-05,"{""type"":""MultiPoint"",""coordinates"":[]}"
20110306,-0.012478098245981365,2011-03-06,"{""type"":""MultiPoint"",""coordinates"":[]}"
20110307,-0.013364930863862149,2011-03-07,"{""type"":""MultiPoint"",""coordinates"":[]}"
20110308,-0.012184037251139512,2011-03-08,"{""type"":""MultiPoint"",""coordinates"":[]}"
20110309,-0.010766259344983866,2011-03-09,"{""type"":""MultiPoint"",""coordinates"":[]}"
20110310,-0.012195598710946345,2011-03-10,"{""type"":""MultiPoint"",""coordinates"":[]}"
20110311,-0.011607550113446623,2011-03-11,"{""type"":""MultiPoint"",""coordinates"":[]}"
20110312,-0.012009170680704891,2011-03-12,"{""type"":""MultiPoint"",""coordinates"":[]}"
20110313,-0.012100760849955755,2011-03-13,"{""type"":""MultiPoint"",""coordinates"":[]}"
20110314,-0.012461772387619332,2011-03-14,"{""type"":""MultiPoint"",""coordinates"":[]}"
20110315,-0.012512876754773236,2011-03-15,"{""type"":""MultiPoint"",""coordinates"":[]}"
20110316,-0.012967547788903902,2011-03-16,"{""type"":""MultiPoint"",""coordinates"":[]}"
20110317,-0.013032835637440612,2011-03-17,"{""type"":""MultiPoint"",""coordinates"":[]}"
20110318,-0.012115803743222447,2011-03-18,"{""type"":""MultiPoint"",""coordinates"":[]}"
20110319,-0.012035479411556724,2011-03-19,"{""type"":""MultiPoint"",""coordinates"":[]}"
20110320,-0.010518855629153138,2011-03-20,"{""type"":""MultiPoint"",""coordinates"":[]}"
20110321,-0.010569853290581983,2011-03-21,"{""type"":""MultiPoint"",""coordinates"":[]}"
20110322,-0.010636995621783434,2011-03-22,"{""type"":""MultiPoint"",""coordinates"":[]}"
20110323,-0.01178174020149531,2011-03-23,"{""type"":""MultiPoint"",""coordinates"":[]}"
20110324,-0.009610638222307002,2011-03-24,"{""type"":""MultiPoint"",""coordinates"":[]}"
20110325,-0.009642987799632569,2011-03-25,"{""type"":""MultiPoint"",""coordinates"":[]}"
20110326,-0.007329274639147627,2011-03-26,"{""type"":""MultiPoint"",""coordinates"":[]}"
20110327,-0.008847479733548146,2011-03-27,"{""type"":""MultiPoint"",""coordinates"":[]}"
20110328,-0.009827803474304715,2011-03-28,"{""type"":""MultiPoint"",""coordinates"":[]}"
20110329,-0.011091389561079133,2011-03-29,"{""type"":""MultiPoint"",""coordinates"":[]}"
20110330,-0.010846117164684572,2011-03-30,"{""type"":""MultiPoint"",""coordinates"":[]}"
20110331,-0.00934094904195083,2011-03-31,"{""type"":""MultiPoint"",""coordinates"":[]}"
20110401,-0.009319615742562702,2011-04-01,"{""type"":""MultiPoint"",""coordinates"":[]}"
20110402,-0.009671141844315632,2011-04-02,"{""type"":""MultiPoint"",""coordinates"":[]}"
20110403,-0.009223233510277677,2011-04-03,"{""type"":""MultiPoint"",""coordinates"":[]}"
20110404,-0.010373979339502687,2011-04-04,"{""type"":""MultiPoint"",""coordinates"":[]}"
20110405,-0.008822767625800353,2011-04-05,"{""type"":""MultiPoint"",""coordinates"":[]}"
20110406,-0.010355163642753693,2011-04-06,"{""type"":""MultiPoint"",""coordinates"":[]}"
20110407,-0.011504148801064654,2011-04-07,"{""type"":""MultiPoint"",""coordinates"":[]}"
20110408,-0.01102538432431695,2011-04-08,"{""type"":""MultiPoint"",""coordinates"":[]}"
20110409,-0.010950037034106989,2011-04-09,"{""type"":""MultiPoint"",""coordinates"":[]}"
20110410,-0.010945122805425877,2011-04-10,"{""type"":""MultiPoint"",""coordinates"":[]}"
20110411,-0.010892799408464039,2011-04-11,"{""type"":""MultiPoint"",""coordinates"":[]}"
20110412,-0.010832923893275026,2011-04-12,"{""type"":""MultiPoint"",""coordinates"":[]}"
20110413,-0.01073138991382617,2011-04-13,"{""type"":""MultiPoint"",""coordinates"":[]}"
20110414,-0.008124829075164763,2011-04-14,"{""type"":""MultiPoint"",""coordinates"":[]}"
20110415,-0.007040853310717717,2011-04-15,"{""type"":""MultiPoint"",""coordinates"":[]}"
20110416,-0.00915565989988128,2011-04-16,"{""type"":""MultiPoint"",""coordinates"":[]}"
20110417,-0.009732514069190346,2011-04-17,"{""type"":""MultiPoint"",""coordinates"":[]}"
20110418,-0.01008155686904809,2011-04-18,"{""type"":""MultiPoint"",""coordinates"":[]}"
20110419,-0.007727523930787593,2011-04-19,"{""type"":""MultiPoint"",""coordinates"":[]}"
20110420,-0.007784084876539036,2011-04-20,"{""type"":""MultiPoint"",""coordinates"":[]}"
20110421,-0.006915902845603511,2011-04-21,"{""type"":""MultiPoint"",""coordinates"":[]}"
20110422,-0.004790340227770039,2011-04-22,"{""type"":""MultiPoint"",""coordinates"":[]}"
20110423,-0.0056252506854353864,2011-04-23,"{""type"":""MultiPoint"",""coordinates"":[]}"
20110424,-0.00633022375995272,2011-04-24,"{""type"":""MultiPoint"",""coordinates"":[]}"
20110425,-0.007559501480259244,2011-04-25,"{""type"":""MultiPoint"",""coordinates"":[]}"
20110426,-0.0076170655635583,2011-04-26,"{""type"":""MultiPoint"",""coordinates"":[]}"
20110427,-0.007728651346297335,2011-04-27,"{""type"":""MultiPoint"",""coordinates"":[]}"
20110428,-0.008205432311236277,2011-04-28,"{""type"":""MultiPoint"",""coordinates"":[]}"
20110429,-0.008327099168623524,2011-04-29,"{""type"":""MultiPoint"",""coordinates"":[]}"
20110430,-0.007343565590645562,2011-04-30,"{""type"":""MultiPoint"",""coordinates"":[]}"
20110501,-0.007377551372386125,2011-05-01,"{""type"":""MultiPoint"",""coordinates"":[]}"
20110502,-0.007475802902436904,2011-05-02,"{""type"":""MultiPoint"",""coordinates"":[]}"
20110503,-0.008200331366162593,2011-05-03,"{""type"":""MultiPoint"",""coordinates"":[]}"
20110504,-0.008946517668587452,2011-05-04,"{""type"":""MultiPoint"",""coordinates"":[]}"
20110505,-0.01104040093169218,2011-05-05,"{""type"":""MultiPoint"",""coordinates"":[]}"
20110506,-0.010392599544762907,2011-05-06,"{""type"":""MultiPoint"",""coordinates"":[]}"
20110507,-0.012137020409212133,2011-05-07,"{""type"":""MultiPoint"",""coordinates"":[]}"
20110508,-0.010007237870808814,2011-05-08,"{""type"":""MultiPoint"",""coordinates"":[]}"
20110509,-0.010364656027545735,2011-05-09,"{""type"":""MultiPoint"",""coordinates"":[]}"
20110510,-0.009113064627337878,2011-05-10,"{""type"":""MultiPoint"",""coordinates"":[]}"
20110511,-0.00832800273067645,2011-05-11,"{""type"":""MultiPoint"",""coordinates"":[]}"
20110512,-0.007972919091857834,2011-05-12,"{""type"":""MultiPoint"",""coordinates"":[]}"
20110513,-0.007504189981277523,2011-05-13,"{""type"":""MultiPoint"",""coordinates"":[]}"
20110514,-0.007206009943857399,2011-05-14,"{""type"":""MultiPoint"",""coordinates"":[]}"
20110515,-0.007583267482592586,2011-05-15,"{""type"":""MultiPoint"",""coordinates"":[]}"
20110516,-0.007930592685335767,2011-05-16,"{""type"":""MultiPoint"",""coordinates"":[]}"
20110517,-0.007411749465394723,2011-05-17,"{""type"":""MultiPoint"",""coordinates"":[]}"
20110518,-0.007539851700860389,2011-05-18,"{""type"":""MultiPoint"",""coordinates"":[]}"
20110519,-0.007317808041958863,2011-05-19,"{""type"":""MultiPoint"",""coordinates"":[]}"
20110520,-0.0071709335817913104,2011-05-20,"{""type"":""MultiPoint"",""coordinates"":[]}"
20110521,-0.008960245306633221,2011-05-21,"{""type"":""MultiPoint"",""coordinates"":[]}"
20110522,-0.009265627251145528,2011-05-22,"{""type"":""MultiPoint"",""coordinates"":[]}"
20110523,-0.008361739011273624,2011-05-23,"{""type"":""MultiPoint"",""coordinates"":[]}"
20110524,-0.0075069950477482566,2011-05-24,"{""type"":""MultiPoint"",""coordinates"":[]}"
20110525,-0.006919829474894257,2011-05-25,"{""type"":""MultiPoint"",""coordinates"":[]}"
20110526,-0.00782816764918571,2011-05-26,"{""type"":""MultiPoint"",""coordinates"":[]}"
20110527,-0.007839132346936454,2011-05-27,"{""type"":""MultiPoint"",""coordinates"":[]}"
20110528,-0.007164377084033058,2011-05-28,"{""type"":""MultiPoint"",""coordinates"":[]}"
20110529,-0.006831545706825317,2011-05-29,"{""type"":""MultiPoint"",""coordinates"":[]}"
20110530,-0.007923338049132112,2011-05-30,"{""type"":""MultiPoint"",""coordinates"":[]}"
20110531,-0.007276976145733286,2011-05-31,"{""type"":""MultiPoint"",""coordinates"":[]}"
20110601,-0.006956869277004526,2011-06-01,"{""type"":""MultiPoint"",""coordinates"":[]}"
20110602,-0.004871027984245475,2011-06-02,"{""type"":""MultiPoint"",""coordinates"":[]}"
20110603,-0.004877962701117551,2011-06-03,"{""type"":""MultiPoint"",""coordinates"":[]}"
20110604,-0.006778513112133329,2011-06-04,"{""type"":""MultiPoint"",""coordinates"":[]}"
20110605,-0.007097844823656241,2011-06-05,"{""type"":""MultiPoint"",""coordinates"":[]}"
20110606,-0.005923603494939287,2011-06-06,"{""type"":""MultiPoint"",""coordinates"":[]}"
20110607,-0.007417835517142277,2011-06-07,"{""type"":""MultiPoint"",""coordinates"":[]}"
20110608,-0.007263081143746716,2011-06-08,"{""type"":""MultiPoint"",""coordinates"":[]}"
20110609,-0.008307118377151333,2011-06-09,"{""type"":""MultiPoint"",""coordinates"":[]}"
20110610,-0.008006876136571257,2011-06-10,"{""type"":""MultiPoint"",""coordinates"":[]}"
20110611,-0.007572366061803314,2011-06-11,"{""type"":""MultiPoint"",""coordinates"":[]}"
20110612,-0.008576484543155197,2011-06-12,"{""type"":""MultiPoint"",""coordinates"":[]}"
20110613,-0.00781087762116949,2011-06-13,"{""type"":""MultiPoint"",""coordinates"":[]}"
20110614,-0.0072605486717136555,2011-06-14,"{""type"":""MultiPoint"",""coordinates"":[]}"
20110615,-0.00524745142959442,2011-06-15,"{""type"":""MultiPoint"",""coordinates"":[]}"
20110616,-0.0075109396618216326,2011-06-16,"{""type"":""MultiPoint"",""coordinates"":[]}"
20110617,-0.005054059335298667,2011-06-17,"{""type"":""MultiPoint"",""coordinates"":[]}"
20110618,-0.009778667512831957,2011-06-18,"{""type"":""MultiPoint"",""coordinates"":[]}"
20110619,-0.009902658985342379,2011-06-19,"{""type"":""MultiPoint"",""coordinates"":[]}"
20110620,-0.010079279240778193,2011-06-20,"{""type"":""MultiPoint"",""coordinates"":[]}"
20110621,-0.010811968523728826,2011-06-21,"{""type"":""MultiPoint"",""coordinates"":[]}"
20110622,-0.009871288405159202,2011-06-22,"{""type"":""MultiPoint"",""coordinates"":[]}"
20110623,-0.0066960781630720995,2011-06-23,"{""type"":""MultiPoint"",""coordinates"":[]}"
20110624,-0.008019438724828137,2011-06-24,"{""type"":""MultiPoint"",""coordinates"":[]}"
20110625,-0.007257815432083151,2011-06-25,"{""type"":""MultiPoint"",""coordinates"":[]}"
20110626,-0.007270472511564468,2011-06-26,"{""type"":""MultiPoint"",""coordinates"":[]}"
20110627,-0.0058405175171826265,2011-06-27,"{""type"":""MultiPoint"",""coordinates"":[]}"
20110628,-0.005880470842483698,2011-06-28,"{""type"":""MultiPoint"",""coordinates"":[]}"
20110629,-0.007089247532315253,2011-06-29,"{""type"":""MultiPoint"",""coordinates"":[]}"
20110630,-0.007488761866905556,2011-06-30,"{""type"":""MultiPoint"",""coordinates"":[]}"
20110701,-0.006240091646514371,2011-07-01,"{""type"":""MultiPoint"",""coordinates"":[]}"
20110702,-0.00530358318057224,2011-07-02,"{""type"":""MultiPoint"",""coordinates"":[]}"
20110703,-0.005393273287787328,2011-07-03,"{""type"":""MultiPoint"",""coordinates"":[]}"
20110704,-0.005693824592821744,2011-07-04,"{""type"":""MultiPoint"",""coordinates"":[]}"
20110705,-0.005116092879006214,2011-07-05,"{""type"":""MultiPoint"",""coordinates"":[]}"
20110706,-0.004701200660641785,2011-07-06,"{""type"":""MultiPoint"",""coordinates"":[]}"
20110707,-0.006066775716833807,2011-07-07,"{""type"":""MultiPoint"",""coordinates"":[]}"
20110708,-0.007282842689770329,2011-07-08,"{""type"":""MultiPoint"",""coordinates"":[]}"
20110709,-0.0078884078749788,2011-07-09,"{""type"":""MultiPoint"",""coordinates"":[]}"
20110710,-0.008846826043642335,2011-07-10,"{""type"":""MultiPoint"",""coordinates"":[]}"
20110711,-0.006860213406004467,2011-07-11,"{""type"":""MultiPoint"",""coordinates"":[]}"
20110712,-0.007563005145761724,2011-07-12,"{""type"":""MultiPoint"",""coordinates"":[]}"
20110713,-0.007236068841012274,2011-07-13,"{""type"":""MultiPoint"",""coordinates"":[]}"
20110714,-0.006929418480838295,2011-07-14,"{""type"":""MultiPoint"",""coordinates"":[]}"
20110715,-0.006119644926681975,2011-07-15,"{""type"":""MultiPoint"",""coordinates"":[]}"
20110716,-0.0034979615135352477,2011-07-16,"{""type"":""MultiPoint"",""coordinates"":[]}"
20110717,-0.005055315471079489,2011-07-17,"{""type"":""MultiPoint"",""coordinates"":[]}"
20110718,-0.003699217598523036,2011-07-18,"{""type"":""MultiPoint"",""coordinates"":[]}"
20110719,-0.005671381087606003,2011-07-19,"{""type"":""MultiPoint"",""coordinates"":[]}"
20110720,-0.006770683484069035,2011-07-20,"{""type"":""MultiPoint"",""coordinates"":[]}"
20110721,-0.005965949996635463,2011-07-21,"{""type"":""MultiPoint"",""coordinates"":[]}"
20110722,-0.007233593992758211,2011-07-22,"{""type"":""MultiPoint"",""coordinates"":[]}"
20110723,-0.006950490851186171,2011-07-23,"{""type"":""MultiPoint"",""coordinates"":[]}"
20110724,-0.007170975625104351,2011-07-24,"{""type"":""MultiPoint"",""coordinates"":[]}"
20110725,-0.00562924979781256,2011-07-25,"{""type"":""MultiPoint"",""coordinates"":[]}"
20110726,-0.00583201371014513,2011-07-26,"{""type"":""MultiPoint"",""coordinates"":[]}"
20110727,-0.006385244174297459,2011-07-27,"{""type"":""MultiPoint"",""coordinates"":[]}"
20110728,-0.0063779872356299625,2011-07-28,"{""type"":""MultiPoint"",""coordinates"":[]}"
20110729,-0.005242330663618766,2011-07-29,"{""type"":""MultiPoint"",""coordinates"":[]}"
20110730,-0.004303159939895295,2011-07-30,"{""type"":""MultiPoint"",""coordinates"":[]}"
20110731,-0.003298327230458953,2011-07-31,"{""type"":""MultiPoint"",""coordinates"":[]}"
20110801,-0.007647134341749544,2011-08-01,"{""type"":""MultiPoint"",""coordinates"":[]}"
20110802,-0.003851288430095334,2011-08-02,"{""type"":""MultiPoint"",""coordinates"":[]}"
20110803,-0.003579919735882817,2011-08-03,"{""type"":""MultiPoint"",""coordinates"":[]}"
20110804,-0.004768279720678882,2011-08-04,"{""type"":""MultiPoint"",""coordinates"":[]}"
20110805,-0.0038768536757440627,2011-08-05,"{""type"":""MultiPoint"",""coordinates"":[]}"
20110806,-0.0058244136614182965,2011-08-06,"{""type"":""MultiPoint"",""coordinates"":[]}"
20110807,-0.005381510193412257,2011-08-07,"{""type"":""MultiPoint"",""coordinates"":[]}"
20110808,-0.00522510147550522,2011-08-08,"{""type"":""MultiPoint"",""coordinates"":[]}"
20110809,-0.006960479379653074,2011-08-09,"{""type"":""MultiPoint"",""coordinates"":[]}"
20110810,-0.006734955030182956,2011-08-10,"{""type"":""MultiPoint"",""coordinates"":[]}"
20110811,-0.006469104013106139,2011-08-11,"{""type"":""MultiPoint"",""coordinates"":[]}"
20110812,-0.0065107712896171595,2011-08-12,"{""type"":""MultiPoint"",""coordinates"":[]}"
20110813,-0.007011278251269708,2011-08-13,"{""type"":""MultiPoint"",""coordinates"":[]}"
20110814,-0.006950475766609323,2011-08-14,"{""type"":""MultiPoint"",""coordinates"":[]}"
20110815,-0.006357971624726106,2011-08-15,"{""type"":""MultiPoint"",""coordinates"":[]}"
20110816,-0.004519501191021614,2011-08-16,"{""type"":""MultiPoint"",""coordinates"":[]}"
20110817,-0.004102205998374319,2011-08-17,"{""type"":""MultiPoint"",""coordinates"":[]}"
20110818,-0.002902349872754544,2011-08-18,"{""type"":""MultiPoint"",""coordinates"":[]}"
20110819,-0.0039531849748765035,2011-08-19,"{""type"":""MultiPoint"",""coordinates"":[]}"
20110820,-0.0034599898000381144,2011-08-20,"{""type"":""MultiPoint"",""coordinates"":[]}"
20110821,-0.003196219195783345,2011-08-21,"{""type"":""MultiPoint"",""coordinates"":[]}"
20110822,-0.005182085300081397,2011-08-22,"{""type"":""MultiPoint"",""coordinates"":[]}"
20110823,-0.005717843194217797,2011-08-23,"{""type"":""MultiPoint"",""coordinates"":[]}"
20110824,-0.004799465922080089,2011-08-24,"{""type"":""MultiPoint"",""coordinates"":[]}"
20110825,-0.005650423341740965,2011-08-25,"{""type"":""MultiPoint"",""coordinates"":[]}"
20110826,-0.006248792365962879,2011-08-26,"{""type"":""MultiPoint"",""coordinates"":[]}"
20110827,-0.0056531332096327,2011-08-27,"{""type"":""MultiPoint"",""coordinates"":[]}"
20110828,-0.008964475783059882,2011-08-28,"{""type"":""MultiPoint"",""coordinates"":[]}"
20110829,-0.006145321139457619,2011-08-29,"{""type"":""MultiPoint"",""coordinates"":[]}"
20110830,-0.004338774493667558,2011-08-30,"{""type"":""MultiPoint"",""coordinates"":[]}"
20110831,-0.004490950670574635,2011-08-31,"{""type"":""MultiPoint"",""coordinates"":[]}"
20110901,-0.002813206508788156,2011-09-01,"{""type"":""MultiPoint"",""coordinates"":[]}"
20110902,-0.0062835798618363714,2011-09-02,"{""type"":""MultiPoint"",""coordinates"":[]}"
20110903,-0.00589469382178192,2011-09-03,"{""type"":""MultiPoint"",""coordinates"":[]}"
20110904,-0.0067469246278626625,2011-09-04,"{""type"":""MultiPoint"",""coordinates"":[]}"
20110905,-0.006371825030480996,2011-09-05,"{""type"":""MultiPoint"",""coordinates"":[]}"
20110906,-0.0061508870938162844,2011-09-06,"{""type"":""MultiPoint"",""coordinates"":[]}"
20110907,-0.006901163762077287,2011-09-07,"{""type"":""MultiPoint"",""coordinates"":[]}"
20110908,-0.006338338711145654,2011-09-08,"{""type"":""MultiPoint"",""coordinates"":[]}"
20110909,-0.00591813885516413,2011-09-09,"{""type"":""MultiPoint"",""coordinates"":[]}"
20110910,-0.0056604054582764605,2011-09-10,"{""type"":""MultiPoint"",""coordinates"":[]}"
20110911,-0.0063477376266339695,2011-09-11,"{""type"":""MultiPoint"",""coordinates"":[]}"
20110912,-0.005901374324477996,2011-09-12,"{""type"":""MultiPoint"",""coordinates"":[]}"
20110913,-0.005169543017164285,2011-09-13,"{""type"":""MultiPoint"",""coordinates"":[]}"
20110914,-0.004716119479210049,2011-09-14,"{""type"":""MultiPoint"",""coordinates"":[]}"
20110915,-0.00482953927009127,2011-09-15,"{""type"":""MultiPoint"",""coordinates"":[]}"
20110916,-0.005879941997905466,2011-09-16,"{""type"":""MultiPoint"",""coordinates"":[]}"
20110917,-0.0062638562665557375,2011-09-17,"{""type"":""MultiPoint"",""coordinates"":[]}"
20110918,-0.005985330368513659,2011-09-18,"{""type"":""MultiPoint"",""coordinates"":[]}"
20110919,-0.00587000784366288,2011-09-19,"{""type"":""MultiPoint"",""coordinates"":[]}"
20110920,-0.005241551610113612,2011-09-20,"{""type"":""MultiPoint"",""coordinates"":[]}"
20110921,-0.006728531730879372,2011-09-21,"{""type"":""MultiPoint"",""coordinates"":[]}"
20110922,-0.007616670775137887,2011-09-22,"{""type"":""MultiPoint"",""coordinates"":[]}"
20110923,-0.007827234177485395,2011-09-23,"{""type"":""MultiPoint"",""coordinates"":[]}"
20110924,-0.007888469562277192,2011-09-24,"{""type"":""MultiPoint"",""coordinates"":[]}"
20110925,-0.006560108665133016,2011-09-25,"{""type"":""MultiPoint"",""coordinates"":[]}"
20110926,-0.007036149837540504,2011-09-26,"{""type"":""MultiPoint"",""coordinates"":[]}"
20110927,-0.0064898178830904065,2011-09-27,"{""type"":""MultiPoint"",""coordinates"":[]}"
20110928,-0.0071367816094580795,2011-09-28,"{""type"":""MultiPoint"",""coordinates"":[]}"
20110929,-0.007068599186462541,2011-09-29,"{""type"":""MultiPoint"",""coordinates"":[]}"
20110930,-0.006299450148624828,2011-09-30,"{""type"":""MultiPoint"",""coordinates"":[]}"
20111001,-0.005397814599186452,2011-10-01,"{""type"":""MultiPoint"",""coordinates"":[]}"
20111002,-0.0048339380153058584,2011-10-02,"{""type"":""MultiPoint"",""coordinates"":[]}"
20111003,-0.005854542722740207,2011-10-03,"{""type"":""MultiPoint"",""coordinates"":[]}"
20111004,-0.007194337607182167,2011-10-04,"{""type"":""MultiPoint"",""coordinates"":[]}"
20111005,-0.00703698629584629,2011-10-05,"{""type"":""MultiPoint"",""coordinates"":[]}"
20111006,-0.006770275679960445,2011-10-06,"{""type"":""MultiPoint"",""coordinates"":[]}"
20111007,-0.005609640970877341,2011-10-07,"{""type"":""MultiPoint"",""coordinates"":[]}"
20111008,-0.0057891283727017585,2011-10-08,"{""type"":""MultiPoint"",""coordinates"":[]}"
20111009,-0.005676877126645553,2011-10-09,"{""type"":""MultiPoint"",""coordinates"":[]}"
20111010,-0.004751937442462026,2011-10-10,"{""type"":""MultiPoint"",""coordinates"":[]}"
20111011,-0.004301328709946074,2011-10-11,"{""type"":""MultiPoint"",""coordinates"":[]}"
20111012,-0.0035053261418161417,2011-10-12,"{""type"":""MultiPoint"",""coordinates"":[]}"
20111013,-0.0036980111501770004,2011-10-13,"{""type"":""MultiPoint"",""coordinates"":[]}"
20111014,-0.004568354872251215,2011-10-14,"{""type"":""MultiPoint"",""coordinates"":[]}"
20111015,-0.00449023130410898,2011-10-15,"{""type"":""MultiPoint"",""coordinates"":[]}"
20111016,-0.005734857984575275,2011-10-16,"{""type"":""MultiPoint"",""coordinates"":[]}"
20111017,-0.00525526966965293,2011-10-17,"{""type"":""MultiPoint"",""coordinates"":[]}"
20111018,-0.006650171234151972,2011-10-18,"{""type"":""MultiPoint"",""coordinates"":[]}"
20111019,-0.006561331621226802,2011-10-19,"{""type"":""MultiPoint"",""coordinates"":[]}"
20111020,-0.005174328124428099,2011-10-20,"{""type"":""MultiPoint"",""coordinates"":[]}"
20111021,-0.005809636107226587,2011-10-21,"{""type"":""MultiPoint"",""coordinates"":[]}"
20111022,-0.006653764594931651,2011-10-22,"{""type"":""MultiPoint"",""coordinates"":[]}"
20111023,-0.005417324796236058,2011-10-23,"{""type"":""MultiPoint"",""coordinates"":[]}"
20111024,-0.00524051832923943,2011-10-24,"{""type"":""MultiPoint"",""coordinates"":[]}"
20111025,-0.003942313641951065,2011-10-25,"{""type"":""MultiPoint"",""coordinates"":[]}"
20111026,-0.004562811482191665,2011-10-26,"{""type"":""MultiPoint"",""coordinates"":[]}"
20111027,-0.004286337600246772,2011-10-27,"{""type"":""MultiPoint"",""coordinates"":[]}"
20111028,-0.0050951986006282516,2011-10-28,"{""type"":""MultiPoint"",""coordinates"":[]}"
20111029,-0.0047784402991871535,2011-10-29,"{""type"":""MultiPoint"",""coordinates"":[]}"
20111030,-0.00436748624637516,2011-10-30,"{""type"":""MultiPoint"",""coordinates"":[]}"
20111031,-0.003510959070058301,2011-10-31,"{""type"":""MultiPoint"",""coordinates"":[]}"
20111101,-0.0032129845199232177,2011-11-01,"{""type"":""MultiPoint"",""coordinates"":[]}"
20111102,-0.0036594644470808895,2011-11-02,"{""type"":""MultiPoint"",""coordinates"":[]}"
20111103,-0.0027603067201133168,2011-11-03,"{""type"":""MultiPoint"",""coordinates"":[]}"
20111104,-0.003258049491668093,2011-11-04,"{""type"":""MultiPoint"",""coordinates"":[]}"
20111105,-0.004351978817108944,2011-11-05,"{""type"":""MultiPoint"",""coordinates"":[]}"
20111106,-0.004861930113614702,2011-11-06,"{""type"":""MultiPoint"",""coordinates"":[]}"
20111107,-0.007284063785932321,2011-11-07,"{""type"":""MultiPoint"",""coordinates"":[]}"
20111108,-0.007794952892501815,2011-11-08,"{""type"":""MultiPoint"",""coordinates"":[]}"
20111109,-0.007098439580605182,2011-11-09,"{""type"":""MultiPoint"",""coordinates"":[]}"
20111110,-0.0069674424088145975,2011-11-10,"{""type"":""MultiPoint"",""coordinates"":[]}"
20111111,-0.00640492624532969,2011-11-11,"{""type"":""MultiPoint"",""coordinates"":[]}"
20111112,-0.006583203871719929,2011-11-12,"{""type"":""MultiPoint"",""coordinates"":[]}"
20111113,-0.006925076140301396,2011-11-13,"{""type"":""MultiPoint"",""coordinates"":[]}"
20111114,-0.007913751518266201,2011-11-14,"{""type"":""MultiPoint"",""coordinates"":[]}"
20111115,-0.008281348117892976,2011-11-15,"{""type"":""MultiPoint"",""coordinates"":[]}"
20111116,-0.008460989230869919,2011-11-16,"{""type"":""MultiPoint"",""coordinates"":[]}"
20111117,-0.006486356883625149,2011-11-17,"{""type"":""MultiPoint"",""coordinates"":[]}"
20111118,-0.005538065657121918,2011-11-18,"{""type"":""MultiPoint"",""coordinates"":[]}"
20111119,-0.00929637664812222,2011-11-19,"{""type"":""MultiPoint"",""coordinates"":[]}"
20111120,-0.009032527906285755,2011-11-20,"{""type"":""MultiPoint"",""coordinates"":[]}"
20111121,-0.008084450032325335,2011-11-21,"{""type"":""MultiPoint"",""coordinates"":[]}"
20111122,-0.00786470210568156,2011-11-22,"{""type"":""MultiPoint"",""coordinates"":[]}"
20111123,-0.007021713052833943,2011-11-23,"{""type"":""MultiPoint"",""coordinates"":[]}"
20111124,-0.0071027510681732796,2011-11-24,"{""type"":""MultiPoint"",""coordinates"":[]}"
20111125,-0.004882692346024242,2011-11-25,"{""type"":""MultiPoint"",""coordinates"":[]}"
20111126,-0.003205777596306687,2011-11-26,"{""type"":""MultiPoint"",""coordinates"":[]}"
20111127,-0.0031188142970336543,2011-11-27,"{""type"":""MultiPoint"",""coordinates"":[]}"
20111128,-0.002068103566290914,2011-11-28,"{""type"":""MultiPoint"",""coordinates"":[]}"
20111129,-0.003809754085591686,2011-11-29,"{""type"":""MultiPoint"",""coordinates"":[]}"
20111130,-0.004898027433338577,2011-11-30,"{""type"":""MultiPoint"",""coordinates"":[]}"
20111201,-0.005333737758469263,2011-12-01,"{""type"":""MultiPoint"",""coordinates"":[]}"
20111202,-0.005372054118149789,2011-12-02,"{""type"":""MultiPoint"",""coordinates"":[]}"
20111203,-0.0047103644075346335,2011-12-03,"{""type"":""MultiPoint"",""coordinates"":[]}"
20111204,-0.005019124787089244,2011-12-04,"{""type"":""MultiPoint"",""coordinates"":[]}"
20111205,-0.006883559185659032,2011-12-05,"{""type"":""MultiPoint"",""coordinates"":[]}"
20111206,-0.00709694856561776,2011-12-06,"{""type"":""MultiPoint"",""coordinates"":[]}"
20111207,-0.007267099447711665,2011-12-07,"{""type"":""MultiPoint"",""coordinates"":[]}"
20111208,-0.006536076303987659,2011-12-08,"{""type"":""MultiPoint"",""coordinates"":[]}"
20111209,-0.005316755205673233,2011-12-09,"{""type"":""MultiPoint"",""coordinates"":[]}"
20111210,-0.0054416036790048755,2011-12-10,"{""type"":""MultiPoint"",""coordinates"":[]}"
20111211,-0.00638443600183007,2011-12-11,"{""type"":""MultiPoint"",""coordinates"":[]}"
20111212,-0.007442330380246296,2011-12-12,"{""type"":""MultiPoint"",""coordinates"":[]}"
20111213,-0.007881957407631222,2011-12-13,"{""type"":""MultiPoint"",""coordinates"":[]}"
20111214,-0.007623874878538744,2011-12-14,"{""type"":""MultiPoint"",""coordinates"":[]}"
20111215,-0.005527102369297043,2011-12-15,"{""type"":""MultiPoint"",""coordinates"":[]}"
20111216,-0.007451089916267023,2011-12-16,"{""type"":""MultiPoint"",""coordinates"":[]}"
20111217,-0.0074041682687202666,2011-12-17,"{""type"":""MultiPoint"",""coordinates"":[]}"
20111218,-0.008072534743099739,2011-12-18,"{""type"":""MultiPoint"",""coordinates"":[]}"
20111219,-0.007150688800936978,2011-12-19,"{""type"":""MultiPoint"",""coordinates"":[]}"
20111220,-0.007281397533807271,2011-12-20,"{""type"":""MultiPoint"",""coordinates"":[]}"
20111221,-0.00723065575824827,2011-12-21,"{""type"":""MultiPoint"",""coordinates"":[]}"
20111222,-0.007065342537445752,2011-12-22,"{""type"":""MultiPoint"",""coordinates"":[]}"
20111223,-0.0068529555141760195,2011-12-23,"{""type"":""MultiPoint"",""coordinates"":[]}"
20111224,-0.009087407648302712,2011-12-24,"{""type"":""MultiPoint"",""coordinates"":[]}"
20111225,-0.008499314091062568,2011-12-25,"{""type"":""MultiPoint"",""coordinates"":[]}"
20111226,-0.00791684380204728,2011-12-26,"{""type"":""MultiPoint"",""coordinates"":[]}"
20111227,-0.007610838675317429,2011-12-27,"{""type"":""MultiPoint"",""coordinates"":[]}"
20111228,-0.009992361233826984,2011-12-28,"{""type"":""MultiPoint"",""coordinates"":[]}"
20111229,-0.009430587082994634,2011-12-29,"{""type"":""MultiPoint"",""coordinates"":[]}"
20111230,-0.002720083141403667,2011-12-30,"{""type"":""MultiPoint"",""coordinates"":[]}"
20111231,-0.00461262200614548,2011-12-31,"{""type"":""MultiPoint"",""coordinates"":[]}"
20120101,-0.006773806507982737,2012-01-01,"{""type"":""MultiPoint"",""coordinates"":[]}"
20120102,-0.006158255785512587,2012-01-02,"{""type"":""MultiPoint"",""coordinates"":[]}"
20120103,-0.0062790732290738845,2012-01-03,"{""type"":""MultiPoint"",""coordinates"":[]}"
20120104,-0.00689374633040099,2012-01-04,"{""type"":""MultiPoint"",""coordinates"":[]}"
20120105,-0.007026883103226459,2012-01-05,"{""type"":""MultiPoint"",""coordinates"":[]}"
20120106,-0.007359945530944409,2012-01-06,"{""type"":""MultiPoint"",""coordinates"":[]}"
20120107,-0.007943560836341283,2012-01-07,"{""type"":""MultiPoint"",""coordinates"":[]}"
20120108,-0.0077584963407793806,2012-01-08,"{""type"":""MultiPoint"",""coordinates"":[]}"
20120109,-0.006474038012646674,2012-01-09,"{""type"":""MultiPoint"",""coordinates"":[]}"
20120110,-0.0067474905800385355,2012-01-10,"{""type"":""MultiPoint"",""coordinates"":[]}"
20120111,-0.0066128177564985695,2012-01-11,"{""type"":""MultiPoint"",""coordinates"":[]}"
20120112,-0.006133972164416956,2012-01-12,"{""type"":""MultiPoint"",""coordinates"":[]}"
20120113,-0.007383982089099265,2012-01-13,"{""type"":""MultiPoint"",""coordinates"":[]}"
20120114,-0.008535954340910427,2012-01-14,"{""type"":""MultiPoint"",""coordinates"":[]}"
20120115,-0.008885591227017068,2012-01-15,"{""type"":""MultiPoint"",""coordinates"":[]}"
20120116,-0.00799422798744801,2012-01-16,"{""type"":""MultiPoint"",""coordinates"":[]}"
20120117,-0.007559411318702543,2012-01-17,"{""type"":""MultiPoint"",""coordinates"":[]}"
20120118,-0.00706288186593185,2012-01-18,"{""type"":""MultiPoint"",""coordinates"":[]}"
20120119,-0.00739259491332031,2012-01-19,"{""type"":""MultiPoint"",""coordinates"":[]}"
20120120,-0.007434901248597709,2012-01-20,"{""type"":""MultiPoint"",""coordinates"":[]}"
20120121,-0.008855781868712982,2012-01-21,"{""type"":""MultiPoint"",""coordinates"":[]}"
20120122,-0.008926640871925297,2012-01-22,"{""type"":""MultiPoint"",""coordinates"":[]}"
20120123,-0.008762751848476419,2012-01-23,"{""type"":""MultiPoint"",""coordinates"":[]}"
20120124,-0.008547763177873218,2012-01-24,"{""type"":""MultiPoint"",""coordinates"":[]}"
20120125,-0.009099668850749853,2012-01-25,"{""type"":""MultiPoint"",""coordinates"":[]}"
20120126,-0.0086008802342244,2012-01-26,"{""type"":""MultiPoint"",""coordinates"":[]}"
20120127,-0.0076158042677674995,2012-01-27,"{""type"":""MultiPoint"",""coordinates"":[]}"
20120128,-0.007941965879003999,2012-01-28,"{""type"":""MultiPoint"",""coordinates"":[]}"
20120129,-0.007206336124550804,2012-01-29,"{""type"":""MultiPoint"",""coordinates"":[]}"
20120130,-0.008672302980149899,2012-01-30,"{""type"":""MultiPoint"",""coordinates"":[]}"
20120131,-0.009223140768410538,2012-01-31,"{""type"":""MultiPoint"",""coordinates"":[]}"
20120201,-0.010373675759762934,2012-02-01,"{""type"":""MultiPoint"",""coordinates"":[]}"
20120202,-0.010711137039136601,2012-02-02,"{""type"":""MultiPoint"",""coordinates"":[]}"
20120203,-0.00932652617956034,2012-02-03,"{""type"":""MultiPoint"",""coordinates"":[]}"
20120204,-0.008836552794026082,2012-02-04,"{""type"":""MultiPoint"",""coordinates"":[]}"
20120205,-0.008398692427153538,2012-02-05,"{""type"":""MultiPoint"",""coordinates"":[]}"
20120206,-0.008371201897533997,2012-02-06,"{""type"":""MultiPoint"",""coordinates"":[]}"
20120207,-0.008617742631133962,2012-02-07,"{""type"":""MultiPoint"",""coordinates"":[]}"
20120208,-0.008685226644934462,2012-02-08,"{""type"":""MultiPoint"",""coordinates"":[]}"
20120209,-0.008785717876883519,2012-02-09,"{""type"":""MultiPoint"",""coordinates"":[]}"
20120210,-0.009035778950784801,2012-02-10,"{""type"":""MultiPoint"",""coordinates"":[]}"
20120211,-0.008177448578883594,2012-02-11,"{""type"":""MultiPoint"",""coordinates"":[]}"
20120212,-0.009264501520028742,2012-02-12,"{""type"":""MultiPoint"",""coordinates"":[]}"
20120213,-0.009321851215021324,2012-02-13,"{""type"":""MultiPoint"",""coordinates"":[]}"
20120214,-0.009286657084565931,2012-02-14,"{""type"":""MultiPoint"",""coordinates"":[]}"
20120215,-0.008115830525299165,2012-02-15,"{""type"":""MultiPoint"",""coordinates"":[]}"
20120216,-0.008386303302256402,2012-02-16,"{""type"":""MultiPoint"",""coordinates"":[]}"
20120217,-0.009837667218261952,2012-02-17,"{""type"":""MultiPoint"",""coordinates"":[]}"
20120218,-0.011032226487442846,2012-02-18,"{""type"":""MultiPoint"",""coordinates"":[]}"
20120219,-0.011895187595205733,2012-02-19,"{""type"":""MultiPoint"",""coordinates"":[]}"
20120220,-0.011615058980398782,2012-02-20,"{""type"":""MultiPoint"",""coordinates"":[]}"
20120221,-0.011521480608273276,2012-02-21,"{""type"":""MultiPoint"",""coordinates"":[]}"
20120222,-0.012124244192619517,2012-02-22,"{""type"":""MultiPoint"",""coordinates"":[]}"
20120223,-0.012771550891280032,2012-02-23,"{""type"":""MultiPoint"",""coordinates"":[]}"
20120224,-0.013268902324113296,2012-02-24,"{""type"":""MultiPoint"",""coordinates"":[]}"
20120225,-0.013341049494947538,2012-02-25,"{""type"":""MultiPoint"",""coordinates"":[]}"
20120226,-0.01339092664503468,2012-02-26,"{""type"":""MultiPoint"",""coordinates"":[]}"
20120227,-0.012978879606514665,2012-02-27,"{""type"":""MultiPoint"",""coordinates"":[]}"
20120228,-0.009502355888577858,2012-02-28,"{""type"":""MultiPoint"",""coordinates"":[]}"
20120229,-0.01019450786521849,2012-02-29,"{""type"":""MultiPoint"",""coordinates"":[]}"
20120301,-0.009242073852718594,2012-03-01,"{""type"":""MultiPoint"",""coordinates"":[]}"
20120302,-0.010238356705151533,2012-03-02,"{""type"":""MultiPoint"",""coordinates"":[]}"
20120303,-0.010130307659107156,2012-03-03,"{""type"":""MultiPoint"",""coordinates"":[]}"
20120304,-0.011235025568114078,2012-03-04,"{""type"":""MultiPoint"",""coordinates"":[]}"
20120305,-0.010857964225037701,2012-03-05,"{""type"":""MultiPoint"",""coordinates"":[]}"
20120306,-0.009380914307311413,2012-03-06,"{""type"":""MultiPoint"",""coordinates"":[]}"
20120307,-0.009910612264940171,2012-03-07,"{""type"":""MultiPoint"",""coordinates"":[]}"
20120308,-0.010901033796243659,2012-03-08,"{""type"":""MultiPoint"",""coordinates"":[]}"
20120309,-0.01099764613526255,2012-03-09,"{""type"":""MultiPoint"",""coordinates"":[]}"
20120310,-0.010922956807070679,2012-03-10,"{""type"":""MultiPoint"",""coordinates"":[]}"
20120311,-0.012795782409510882,2012-03-11,"{""type"":""MultiPoint"",""coordinates"":[]}"
20120312,-0.011133897932006004,2012-03-12,"{""type"":""MultiPoint"",""coordinates"":[]}"
20120313,-0.00942447219997099,2012-03-13,"{""type"":""MultiPoint"",""coordinates"":[]}"
20120314,-0.00970903356651232,2012-03-14,"{""type"":""MultiPoint"",""coordinates"":[]}"
20120315,-0.01015676598543091,2012-03-15,"{""type"":""MultiPoint"",""coordinates"":[]}"
20120316,-0.010858066120062702,2012-03-16,"{""type"":""MultiPoint"",""coordinates"":[]}"
20120317,-0.011119129910060636,2012-03-17,"{""type"":""MultiPoint"",""coordinates"":[]}"
20120318,-0.012262932345647723,2012-03-18,"{""type"":""MultiPoint"",""coordinates"":[]}"
20120319,-0.0115261396150126,2012-03-19,"{""type"":""MultiPoint"",""coordinates"":[]}"
20120320,-0.011384294342657114,2012-03-20,"{""type"":""MultiPoint"",""coordinates"":[]}"
20120321,-0.011462098197357096,2012-03-21,"{""type"":""MultiPoint"",""coordinates"":[]}"
20120322,-0.011716744067078783,2012-03-22,"{""type"":""MultiPoint"",""coordinates"":[]}"
20120323,-0.012775173141138227,2012-03-23,"{""type"":""MultiPoint"",""coordinates"":[]}"
20120324,-0.014092351988003956,2012-03-24,"{""type"":""MultiPoint"",""coordinates"":[]}"
20120325,-0.013920828874031689,2012-03-25,"{""type"":""MultiPoint"",""coordinates"":[]}"
20120326,-0.01419578005871794,2012-03-26,"{""type"":""MultiPoint"",""coordinates"":[]}"
20120327,-0.011832309045185348,2012-03-27,"{""type"":""MultiPoint"",""coordinates"":[]}"
20120328,-0.010429666643623993,2012-03-28,"{""type"":""MultiPoint"",""coordinates"":[]}"
20120329,-0.011922168305914515,2012-03-29,"{""type"":""MultiPoint"",""coordinates"":[]}"
20120330,-0.010584384377027224,2012-03-30,"{""type"":""MultiPoint"",""coordinates"":[]}"
20120331,-0.009996483025521544,2012-03-31,"{""type"":""MultiPoint"",""coordinates"":[]}"
20120401,-0.009512533508521362,2012-04-01,"{""type"":""MultiPoint"",""coordinates"":[]}"
20120402,-0.011443701592325443,2012-04-02,"{""type"":""MultiPoint"",""coordinates"":[]}"
20120403,-0.011208430193465424,2012-04-03,"{""type"":""MultiPoint"",""coordinates"":[]}"
20120404,-0.011493837427233275,2012-04-04,"{""type"":""MultiPoint"",""coordinates"":[]}"
20120405,-0.009710493649372737,2012-04-05,"{""type"":""MultiPoint"",""coordinates"":[]}"
20120406,-0.00962601176763971,2012-04-06,"{""type"":""MultiPoint"",""coordinates"":[]}"
20120407,-0.010313886596151447,2012-04-07,"{""type"":""MultiPoint"",""coordinates"":[]}"
20120408,-0.011211610345165034,2012-04-08,"{""type"":""MultiPoint"",""coordinates"":[]}"
20120409,-0.01010632326791055,2012-04-09,"{""type"":""MultiPoint"",""coordinates"":[]}"
20120410,-0.010854964209110422,2012-04-10,"{""type"":""MultiPoint"",""coordinates"":[]}"
20120411,-0.011230758747673987,2012-04-11,"{""type"":""MultiPoint"",""coordinates"":[]}"
20120412,-0.009734433924624196,2012-04-12,"{""type"":""MultiPoint"",""coordinates"":[]}"
20120413,-0.01174283374681606,2012-04-13,"{""type"":""MultiPoint"",""coordinates"":[]}"
20120414,-0.012703562788673826,2012-04-14,"{""type"":""MultiPoint"",""coordinates"":[]}"
20120415,-0.012142166442226092,2012-04-15,"{""type"":""MultiPoint"",""coordinates"":[]}"
20120416,-0.011137138679140735,2012-04-16,"{""type"":""MultiPoint"",""coordinates"":[]}"
20120417,-0.010180335205515867,2012-04-17,"{""type"":""MultiPoint"",""coordinates"":[]}"
20120418,-0.009250682566406241,2012-04-18,"{""type"":""MultiPoint"",""coordinates"":[]}"
20120419,-0.009576145087661166,2012-04-19,"{""type"":""MultiPoint"",""coordinates"":[]}"
20120420,-0.009675390298570933,2012-04-20,"{""type"":""MultiPoint"",""coordinates"":[]}"
20120421,-0.01168482546734112,2012-04-21,"{""type"":""MultiPoint"",""coordinates"":[]}"
20120422,-0.010110633585834982,2012-04-22,"{""type"":""MultiPoint"",""coordinates"":[]}"
20120423,-0.009765150493563435,2012-04-23,"{""type"":""MultiPoint"",""coordinates"":[]}"
20120424,-0.011182956687676193,2012-04-24,"{""type"":""MultiPoint"",""coordinates"":[]}"
20120425,-0.008459746283872489,2012-04-25,"{""type"":""MultiPoint"",""coordinates"":[]}"
20120426,-0.006597038354453037,2012-04-26,"{""type"":""MultiPoint"",""coordinates"":[]}"
20120427,-0.006922307391081085,2012-04-27,"{""type"":""MultiPoint"",""coordinates"":[]}"
20120428,-0.005814918891819676,2012-04-28,"{""type"":""MultiPoint"",""coordinates"":[]}"
20120429,-0.007575136559042098,2012-04-29,"{""type"":""MultiPoint"",""coordinates"":[]}"
20120430,-0.007635100476526015,2012-04-30,"{""type"":""MultiPoint"",""coordinates"":[]}"
20120501,-0.008924862557063852,2012-05-01,"{""type"":""MultiPoint"",""coordinates"":[]}"
20120502,-0.008653639900636475,2012-05-02,"{""type"":""MultiPoint"",""coordinates"":[]}"
20120503,-0.009185467368241032,2012-05-03,"{""type"":""MultiPoint"",""coordinates"":[]}"
20120504,-0.009712582516823753,2012-05-04,"{""type"":""MultiPoint"",""coordinates"":[]}"
20120505,-0.011064573939780121,2012-05-05,"{""type"":""MultiPoint"",""coordinates"":[]}"
20120506,-0.011152722558268185,2012-05-06,"{""type"":""MultiPoint"",""coordinates"":[]}"
20120507,-0.010120479398613618,2012-05-07,"{""type"":""MultiPoint"",""coordinates"":[]}"
20120508,-0.008925894506065514,2012-05-08,"{""type"":""MultiPoint"",""coordinates"":[]}"
20120509,-0.008513563945038497,2012-05-09,"{""type"":""MultiPoint"",""coordinates"":[]}"
20120510,-0.007880221813632807,2012-05-10,"{""type"":""MultiPoint"",""coordinates"":[]}"
20120511,-0.006657324004303301,2012-05-11,"{""type"":""MultiPoint"",""coordinates"":[]}"
20120512,-0.006377629581128279,2012-05-12,"{""type"":""MultiPoint"",""coordinates"":[]}"
20120513,-0.006748327212596356,2012-05-13,"{""type"":""MultiPoint"",""coordinates"":[]}"
20120514,-0.007129579693579217,2012-05-14,"{""type"":""MultiPoint"",""coordinates"":[]}"
20120515,-0.006639379984124305,2012-05-15,"{""type"":""MultiPoint"",""coordinates"":[]}"
20120516,-0.007853034647127326,2012-05-16,"{""type"":""MultiPoint"",""coordinates"":[]}"
20120517,-0.008797759683858444,2012-05-17,"{""type"":""MultiPoint"",""coordinates"":[]}"
20120518,-0.008946271908416499,2012-05-18,"{""type"":""MultiPoint"",""coordinates"":[]}"
20120519,-0.010053332844081622,2012-05-19,"{""type"":""MultiPoint"",""coordinates"":[]}"
20120520,-0.010472284391676747,2012-05-20,"{""type"":""MultiPoint"",""coordinates"":[]}"
20120521,-0.008795784517624874,2012-05-21,"{""type"":""MultiPoint"",""coordinates"":[]}"
20120522,-0.01052229950370961,2012-05-22,"{""type"":""MultiPoint"",""coordinates"":[]}"
20120523,-0.010358200454000167,2012-05-23,"{""type"":""MultiPoint"",""coordinates"":[]}"
20120524,-0.010623072121102188,2012-05-24,"{""type"":""MultiPoint"",""coordinates"":[]}"
20120525,-0.009669062061418687,2012-05-25,"{""type"":""MultiPoint"",""coordinates"":[]}"
20120526,-0.00914509642109556,2012-05-26,"{""type"":""MultiPoint"",""coordinates"":[]}"
20120527,-0.00976283551300736,2012-05-27,"{""type"":""MultiPoint"",""coordinates"":[]}"
20120528,-0.010202905199443257,2012-05-28,"{""type"":""MultiPoint"",""coordinates"":[]}"
20120529,-0.009908521050142994,2012-05-29,"{""type"":""MultiPoint"",""coordinates"":[]}"
20120530,-0.009287159825355572,2012-05-30,"{""type"":""MultiPoint"",""coordinates"":[]}"
20120531,-0.011138324481558758,2012-05-31,"{""type"":""MultiPoint"",""coordinates"":[]}"
20120601,-0.01208604521900326,2012-06-01,"{""type"":""MultiPoint"",""coordinates"":[]}"
20120602,-0.010969875506409814,2012-06-02,"{""type"":""MultiPoint"",""coordinates"":[]}"
20120603,-0.00979015363902521,2012-06-03,"{""type"":""MultiPoint"",""coordinates"":[]}"
20120604,-0.010233836589199519,2012-06-04,"{""type"":""MultiPoint"",""coordinates"":[]}"
20120605,-0.010166107393173933,2012-06-05,"{""type"":""MultiPoint"",""coordinates"":[]}"
20120606,-0.00903413335052511,2012-06-06,"{""type"":""MultiPoint"",""coordinates"":[]}"
20120607,-0.00782528608008161,2012-06-07,"{""type"":""MultiPoint"",""coordinates"":[]}"
20120608,-0.007969347294851381,2012-06-08,"{""type"":""MultiPoint"",""coordinates"":[]}"
20120609,-0.010528741297176928,2012-06-09,"{""type"":""MultiPoint"",""coordinates"":[]}"
20120610,-0.011209409785542149,2012-06-10,"{""type"":""MultiPoint"",""coordinates"":[]}"
20120611,-0.0120556981614766,2012-06-11,"{""type"":""MultiPoint"",""coordinates"":[]}"
20120612,-0.009150762338369176,2012-06-12,"{""type"":""MultiPoint"",""coordinates"":[]}"
20120613,-0.007149479090155167,2012-06-13,"{""type"":""MultiPoint"",""coordinates"":[]}"
20120614,-0.008008901038514416,2012-06-14,"{""type"":""MultiPoint"",""coordinates"":[]}"
20120615,-0.00796021925202534,2012-06-15,"{""type"":""MultiPoint"",""coordinates"":[]}"
20120616,-0.007824239158962316,2012-06-16,"{""type"":""MultiPoint"",""coordinates"":[]}"
20120617,-0.006750582297156071,2012-06-17,"{""type"":""MultiPoint"",""coordinates"":[]}"
20120618,-0.0028682216320114603,2012-06-18,"{""type"":""MultiPoint"",""coordinates"":[]}"
20120619,-0.008015085233539089,2012-06-19,"{""type"":""MultiPoint"",""coordinates"":[]}"
20120620,-0.010487162993770715,2012-06-20,"{""type"":""MultiPoint"",""coordinates"":[]}"
20120621,-0.008079142651848928,2012-06-21,"{""type"":""MultiPoint"",""coordinates"":[]}"
20120622,-0.007406972162934729,2012-06-22,"{""type"":""MultiPoint"",""coordinates"":[]}"
20120623,-0.008548259899402928,2012-06-23,"{""type"":""MultiPoint"",""coordinates"":[]}"
20120624,-0.008921973902637704,2012-06-24,"{""type"":""MultiPoint"",""coordinates"":[]}"
20120625,-0.008020149699718449,2012-06-25,"{""type"":""MultiPoint"",""coordinates"":[]}"
20120626,-0.007146339842969315,2012-06-26,"{""type"":""MultiPoint"",""coordinates"":[]}"
20120627,-0.007013391782557936,2012-06-27,"{""type"":""MultiPoint"",""coordinates"":[]}"
20120628,-0.004900071703461188,2012-06-28,"{""type"":""MultiPoint"",""coordinates"":[]}"
20120629,-0.005871839712791833,2012-06-29,"{""type"":""MultiPoint"",""coordinates"":[]}"
20120630,-0.009618001975961256,2012-06-30,"{""type"":""MultiPoint"",""coordinates"":[]}"
20120701,-0.0028674255729197453,2012-07-01,"{""type"":""MultiPoint"",""coordinates"":[]}"
20120702,-0.002689027996961278,2012-07-02,"{""type"":""MultiPoint"",""coordinates"":[]}"
20120703,-0.006795246015114115,2012-07-03,"{""type"":""MultiPoint"",""coordinates"":[]}"
20120704,-0.009262141598475488,2012-07-04,"{""type"":""MultiPoint"",""coordinates"":[]}"
20120705,-0.009495875142580887,2012-07-05,"{""type"":""MultiPoint"",""coordinates"":[]}"
20120706,-0.00916148896718869,2012-07-06,"{""type"":""MultiPoint"",""coordinates"":[]}"
20120707,-0.008181313802362011,2012-07-07,"{""type"":""MultiPoint"",""coordinates"":[]}"
20120708,-0.006638136445130119,2012-07-08,"{""type"":""MultiPoint"",""coordinates"":[]}"
20120709,-0.006559953409693628,2012-07-09,"{""type"":""MultiPoint"",""coordinates"":[]}"
20120710,-0.006980011946693737,2012-07-10,"{""type"":""MultiPoint"",""coordinates"":[]}"
20120711,-0.00849421707473136,2012-07-11,"{""type"":""MultiPoint"",""coordinates"":[]}"
20120712,-0.007882738923957314,2012-07-12,"{""type"":""MultiPoint"",""coordinates"":[]}"
20120713,-0.008199811191916167,2012-07-13,"{""type"":""MultiPoint"",""coordinates"":[]}"
20120714,-0.007098303740710181,2012-07-14,"{""type"":""MultiPoint"",""coordinates"":[]}"
20120715,-0.006010779182129916,2012-07-15,"{""type"":""MultiPoint"",""coordinates"":[]}"
20120716,-0.006227364644227064,2012-07-16,"{""type"":""MultiPoint"",""coordinates"":[]}"
20120717,-0.005816404687603944,2012-07-17,"{""type"":""MultiPoint"",""coordinates"":[]}"
20120718,-0.005654497064220573,2012-07-18,"{""type"":""MultiPoint"",""coordinates"":[]}"
20120719,-0.008456943371622712,2012-07-19,"{""type"":""MultiPoint"",""coordinates"":[]}"
20120720,-0.007557164360661669,2012-07-20,"{""type"":""MultiPoint"",""coordinates"":[]}"
20120721,-0.006029266227578712,2012-07-21,"{""type"":""MultiPoint"",""coordinates"":[]}"
20120722,-0.006999859737814753,2012-07-22,"{""type"":""MultiPoint"",""coordinates"":[]}"
20120723,-0.008229886214233805,2012-07-23,"{""type"":""MultiPoint"",""coordinates"":[]}"
20120724,-0.008518142025734676,2012-07-24,"{""type"":""MultiPoint"",""coordinates"":[]}"
20120725,-0.00795232470553922,2012-07-25,"{""type"":""MultiPoint"",""coordinates"":[]}"
20120726,-0.007952850764736579,2012-07-26,"{""type"":""MultiPoint"",""coordinates"":[]}"
20120727,-0.0057580074756998535,2012-07-27,"{""type"":""MultiPoint"",""coordinates"":[]}"
20120728,-0.006721071011299512,2012-07-28,"{""type"":""MultiPoint"",""coordinates"":[]}"
20120729,-0.008101526049355857,2012-07-29,"{""type"":""MultiPoint"",""coordinates"":[]}"
20120730,-0.00932445321436833,2012-07-30,"{""type"":""MultiPoint"",""coordinates"":[]}"
20120731,-0.010166029381829431,2012-07-31,"{""type"":""MultiPoint"",""coordinates"":[]}"
20120801,-0.00889661228742277,2012-08-01,"{""type"":""MultiPoint"",""coordinates"":[]}"
20120802,-0.009818198193395218,2012-08-02,"{""type"":""MultiPoint"",""coordinates"":[]}"
20120803,-0.007286563346688331,2012-08-03,"{""type"":""MultiPoint"",""coordinates"":[]}"
20120804,-0.008570019972935454,2012-08-04,"{""type"":""MultiPoint"",""coordinates"":[]}"
20120805,-0.009367362355983034,2012-08-05,"{""type"":""MultiPoint"",""coordinates"":[]}"
20120806,-0.005245217832262341,2012-08-06,"{""type"":""MultiPoint"",""coordinates"":[]}"
20120807,-0.003470765769179166,2012-08-07,"{""type"":""MultiPoint"",""coordinates"":[]}"
20120808,-0.0053018796971702154,2012-08-08,"{""type"":""MultiPoint"",""coordinates"":[]}"
20120809,-0.005458165847621184,2012-08-09,"{""type"":""MultiPoint"",""coordinates"":[]}"
20120810,-0.0052125753264725865,2012-08-10,"{""type"":""MultiPoint"",""coordinates"":[]}"
20120811,-0.00417902739319597,2012-08-11,"{""type"":""MultiPoint"",""coordinates"":[]}"
20120812,-0.002598733808688883,2012-08-12,"{""type"":""MultiPoint"",""coordinates"":[]}"
20120813,-0.0058393795282296905,2012-08-13,"{""type"":""MultiPoint"",""coordinates"":[]}"
20120814,-0.007230560930542997,2012-08-14,"{""type"":""MultiPoint"",""coordinates"":[]}"
20120815,-0.006965671551669669,2012-08-15,"{""type"":""MultiPoint"",""coordinates"":[]}"
20120816,-0.007069599858784559,2012-08-16,"{""type"":""MultiPoint"",""coordinates"":[]}"
20120817,-0.006667905727624935,2012-08-17,"{""type"":""MultiPoint"",""coordinates"":[]}"
20120818,-0.007599738612633903,2012-08-18,"{""type"":""MultiPoint"",""coordinates"":[]}"
20120819,-0.00832752472982768,2012-08-19,"{""type"":""MultiPoint"",""coordinates"":[]}"
20120820,-0.00835920946354473,2012-08-20,"{""type"":""MultiPoint"",""coordinates"":[]}"
20120821,-0.007550724580230364,2012-08-21,"{""type"":""MultiPoint"",""coordinates"":[]}"
20120822,-0.006109065937346879,2012-08-22,"{""type"":""MultiPoint"",""coordinates"":[]}"
20120823,-0.0061215281390689545,2012-08-23,"{""type"":""MultiPoint"",""coordinates"":[]}"
20120824,-0.0037253384408949676,2012-08-24,"{""type"":""MultiPoint"",""coordinates"":[]}"
20120825,-0.005287790809124611,2012-08-25,"{""type"":""MultiPoint"",""coordinates"":[]}"
20120826,-0.004098100150233594,2012-08-26,"{""type"":""MultiPoint"",""coordinates"":[]}"
20120827,-0.00512120140974936,2012-08-27,"{""type"":""MultiPoint"",""coordinates"":[]}"
20120828,-0.005744648350464477,2012-08-28,"{""type"":""MultiPoint"",""coordinates"":[]}"
20120829,-0.00427835919036329,2012-08-29,"{""type"":""MultiPoint"",""coordinates"":[]}"
20120830,-0.002365884826640089,2012-08-30,"{""type"":""MultiPoint"",""coordinates"":[]}"
20120831,-0.004002400348378017,2012-08-31,"{""type"":""MultiPoint"",""coordinates"":[]}"
20120901,-0.006309612497495248,2012-09-01,"{""type"":""MultiPoint"",""coordinates"":[]}"
20120902,-0.0056955384536561595,2012-09-02,"{""type"":""MultiPoint"",""coordinates"":[]}"
20120903,-0.005047241514788848,2012-09-03,"{""type"":""MultiPoint"",""coordinates"":[]}"
20120904,-0.006409875712149055,2012-09-04,"{""type"":""MultiPoint"",""coordinates"":[]}"
20120905,-0.006426820276273754,2012-09-05,"{""type"":""MultiPoint"",""coordinates"":[]}"
20120906,-0.006351525910848087,2012-09-06,"{""type"":""MultiPoint"",""coordinates"":[]}"
20120907,-0.005336326079278848,2012-09-07,"{""type"":""MultiPoint"",""coordinates"":[]}"
20120908,-0.0038044895103617523,2012-09-08,"{""type"":""MultiPoint"",""coordinates"":[]}"
20120909,-0.00503861926832406,2012-09-09,"{""type"":""MultiPoint"",""coordinates"":[]}"
20120910,-0.006669469199455691,2012-09-10,"{""type"":""MultiPoint"",""coordinates"":[]}"
20120911,-0.007283429631556009,2012-09-11,"{""type"":""MultiPoint"",""coordinates"":[]}"
20120912,-0.006584754038005694,2012-09-12,"{""type"":""MultiPoint"",""coordinates"":[]}"
20120913,-0.006558553030822189,2012-09-13,"{""type"":""MultiPoint"",""coordinates"":[]}"
20120914,-0.007124599536188842,2012-09-14,"{""type"":""MultiPoint"",""coordinates"":[]}"
20120915,-0.006212267912451227,2012-09-15,"{""type"":""MultiPoint"",""coordinates"":[]}"
20120916,-0.007486829431933504,2012-09-16,"{""type"":""MultiPoint"",""coordinates"":[]}"
20120917,-0.006810948565359322,2012-09-17,"{""type"":""MultiPoint"",""coordinates"":[]}"
20120918,-0.007456200655459036,2012-09-18,"{""type"":""MultiPoint"",""coordinates"":[]}"
20120919,-0.007386418752138293,2012-09-19,"{""type"":""MultiPoint"",""coordinates"":[]}"
20120920,-0.006981536548467529,2012-09-20,"{""type"":""MultiPoint"",""coordinates"":[]}"
20120921,-0.0075286754627697326,2012-09-21,"{""type"":""MultiPoint"",""coordinates"":[]}"
20120922,-0.008067688303787597,2012-09-22,"{""type"":""MultiPoint"",""coordinates"":[]}"
20120923,-0.008586125995333876,2012-09-23,"{""type"":""MultiPoint"",""coordinates"":[]}"
20120924,-0.00872821331478166,2012-09-24,"{""type"":""MultiPoint"",""coordinates"":[]}"
20120925,-0.008995834808680107,2012-09-25,"{""type"":""MultiPoint"",""coordinates"":[]}"
20120926,-0.007934654547511976,2012-09-26,"{""type"":""MultiPoint"",""coordinates"":[]}"
20120927,-0.005635247846929642,2012-09-27,"{""type"":""MultiPoint"",""coordinates"":[]}"
20120928,-0.004201137767654116,2012-09-28,"{""type"":""MultiPoint"",""coordinates"":[]}"
20120929,-0.0037973458785504725,2012-09-29,"{""type"":""MultiPoint"",""coordinates"":[]}"
20120930,-0.0034951907384108785,2012-09-30,"{""type"":""MultiPoint"",""coordinates"":[]}"
20121001,-0.003772035566247565,2012-10-01,"{""type"":""MultiPoint"",""coordinates"":[]}"
20121002,-0.007382642925956482,2012-10-02,"{""type"":""MultiPoint"",""coordinates"":[]}"
20121003,-0.00876666552289692,2012-10-03,"{""type"":""MultiPoint"",""coordinates"":[]}"
20121004,-0.007518110418679305,2012-10-04,"{""type"":""MultiPoint"",""coordinates"":[]}"
20121005,-0.00698847701134125,2012-10-05,"{""type"":""MultiPoint"",""coordinates"":[]}"
20121006,-0.006017202417989969,2012-10-06,"{""type"":""MultiPoint"",""coordinates"":[]}"
20121007,-0.003349424289166054,2012-10-07,"{""type"":""MultiPoint"",""coordinates"":[]}"
20121008,-0.005520294045106933,2012-10-08,"{""type"":""MultiPoint"",""coordinates"":[]}"
20121009,-0.003934832451488103,2012-10-09,"{""type"":""MultiPoint"",""coordinates"":[]}"
20121010,-0.007596465984214636,2012-10-10,"{""type"":""MultiPoint"",""coordinates"":[]}"
20121011,-0.007573914717207258,2012-10-11,"{""type"":""MultiPoint"",""coordinates"":[]}"
20121012,-0.005490882448283159,2012-10-12,"{""type"":""MultiPoint"",""coordinates"":[]}"
20121013,-0.00443990287538351,2012-10-13,"{""type"":""MultiPoint"",""coordinates"":[]}"
20121014,-0.005543532417933958,2012-10-14,"{""type"":""MultiPoint"",""coordinates"":[]}"
20121015,-0.00429174498228138,2012-10-15,"{""type"":""MultiPoint"",""coordinates"":[]}"
20121016,-0.0037718073510567872,2012-10-16,"{""type"":""MultiPoint"",""coordinates"":[]}"
20121017,-0.008259783777353232,2012-10-17,"{""type"":""MultiPoint"",""coordinates"":[]}"
20121018,-0.008509897947236326,2012-10-18,"{""type"":""MultiPoint"",""coordinates"":[]}"
20121019,-0.005024954590411961,2012-10-19,"{""type"":""MultiPoint"",""coordinates"":[]}"
20121020,-0.0019152997624917,2012-10-20,"{""type"":""MultiPoint"",""coordinates"":[]}"
20121021,-0.004346481013569374,2012-10-21,"{""type"":""MultiPoint"",""coordinates"":[]}"
20121022,-0.005623355567823709,2012-10-22,"{""type"":""MultiPoint"",""coordinates"":[]}"
20121023,-0.0055270431900918595,2012-10-23,"{""type"":""MultiPoint"",""coordinates"":[]}"
20121024,-0.004192470552415279,2012-10-24,"{""type"":""MultiPoint"",""coordinates"":[]}"
20121025,-0.005586870853276535,2012-10-25,"{""type"":""MultiPoint"",""coordinates"":[]}"
20121026,-0.007308940668653743,2012-10-26,"{""type"":""MultiPoint"",""coordinates"":[]}"
20121027,-0.007402924567848216,2012-10-27,"{""type"":""MultiPoint"",""coordinates"":[]}"
20121028,-0.008200400117323207,2012-10-28,"{""type"":""MultiPoint"",""coordinates"":[]}"
20121029,-0.006917413635648729,2012-10-29,"{""type"":""MultiPoint"",""coordinates"":[]}"
20121030,-0.0056577200479556765,2012-10-30,"{""type"":""MultiPoint"",""coordinates"":[]}"
20121031,-0.0016499928120504823,2012-10-31,"{""type"":""MultiPoint"",""coordinates"":[]}"
20121101,-0.002153961661195937,2012-11-01,"{""type"":""MultiPoint"",""coordinates"":[]}"
20121102,-0.004204261658902548,2012-11-02,"{""type"":""MultiPoint"",""coordinates"":[]}"
20121103,-0.005034201102430855,2012-11-03,"{""type"":""MultiPoint"",""coordinates"":[]}"
20121104,-0.005394802211157053,2012-11-04,"{""type"":""MultiPoint"",""coordinates"":[]}"
20121105,-0.00362205207836337,2012-11-05,"{""type"":""MultiPoint"",""coordinates"":[]}"
20121106,-0.006389143867104708,2012-11-06,"{""type"":""MultiPoint"",""coordinates"":[]}"
20121107,-0.00483928225436303,2012-11-07,"{""type"":""MultiPoint"",""coordinates"":[]}"
20121108,-0.005835759415759974,2012-11-08,"{""type"":""MultiPoint"",""coordinates"":[]}"
20121109,-0.006843874520853922,2012-11-09,"{""type"":""MultiPoint"",""coordinates"":[]}"
20121110,-0.006684189815737192,2012-11-10,"{""type"":""MultiPoint"",""coordinates"":[]}"
20121111,-0.006564919057190494,2012-11-11,"{""type"":""MultiPoint"",""coordinates"":[]}"
20121112,-0.007258709411977162,2012-11-12,"{""type"":""MultiPoint"",""coordinates"":[]}"
20121113,-0.007600866621700194,2012-11-13,"{""type"":""MultiPoint"",""coordinates"":[]}"
20121114,-0.008661233324029703,2012-11-14,"{""type"":""MultiPoint"",""coordinates"":[]}"
20121115,-0.008063975607143229,2012-11-15,"{""type"":""MultiPoint"",""coordinates"":[]}"
20121116,-0.0073392297096519545,2012-11-16,"{""type"":""MultiPoint"",""coordinates"":[]}"
20121117,-0.007073203537452509,2012-11-17,"{""type"":""MultiPoint"",""coordinates"":[]}"
20121118,-0.006982120215131318,2012-11-18,"{""type"":""MultiPoint"",""coordinates"":[]}"
20121119,-0.0062959345165727884,2012-11-19,"{""type"":""MultiPoint"",""coordinates"":[]}"
20121120,-0.006248250538139616,2012-11-20,"{""type"":""MultiPoint"",""coordinates"":[]}"
20121121,-0.005247927351273063,2012-11-21,"{""type"":""MultiPoint"",""coordinates"":[]}"
20121122,-0.005842597182460094,2012-11-22,"{""type"":""MultiPoint"",""coordinates"":[]}"
20121123,-0.0023813929895039735,2012-11-23,"{""type"":""MultiPoint"",""coordinates"":[]}"
20121124,-0.006979271027230253,2012-11-24,"{""type"":""MultiPoint"",""coordinates"":[]}"
20121125,-0.007139271154803747,2012-11-25,"{""type"":""MultiPoint"",""coordinates"":[]}"
20121126,-0.0071226781798816845,2012-11-26,"{""type"":""MultiPoint"",""coordinates"":[]}"
20121127,-0.007561214483611458,2012-11-27,"{""type"":""MultiPoint"",""coordinates"":[]}"
20121128,-0.008436076420813971,2012-11-28,"{""type"":""MultiPoint"",""coordinates"":[]}"
20121129,-0.008177681998563724,2012-11-29,"{""type"":""MultiPoint"",""coordinates"":[]}"
20121130,-0.006389003474664205,2012-11-30,"{""type"":""MultiPoint"",""coordinates"":[]}"
20121201,-0.007279751761388249,2012-12-01,"{""type"":""MultiPoint"",""coordinates"":[]}"
20121202,-0.0090550491840326,2012-12-02,"{""type"":""MultiPoint"",""coordinates"":[]}"
20121203,-0.005064139056380595,2012-12-03,"{""type"":""MultiPoint"",""coordinates"":[]}"
20121204,-0.0010882935212473157,2012-12-04,"{""type"":""MultiPoint"",""coordinates"":[]}"
20121205,-0.0060481986498434285,2012-12-05,"{""type"":""MultiPoint"",""coordinates"":[]}"
20121206,-0.006064455592281366,2012-12-06,"{""type"":""MultiPoint"",""coordinates"":[]}"
20121207,-0.006437507630029675,2012-12-07,"{""type"":""MultiPoint"",""coordinates"":[]}"
20121208,-0.006367114308037179,2012-12-08,"{""type"":""MultiPoint"",""coordinates"":[]}"
20121209,-0.005919817947519294,2012-12-09,"{""type"":""MultiPoint"",""coordinates"":[]}"
20121210,-0.007119433811824598,2012-12-10,"{""type"":""MultiPoint"",""coordinates"":[]}"
20121211,-0.007197951404114144,2012-12-11,"{""type"":""MultiPoint"",""coordinates"":[]}"
20121212,-0.006696620400932258,2012-12-12,"{""type"":""MultiPoint"",""coordinates"":[]}"
20121213,-0.006691118968515517,2012-12-13,"{""type"":""MultiPoint"",""coordinates"":[]}"
20121214,-0.0077178164574054405,2012-12-14,"{""type"":""MultiPoint"",""coordinates"":[]}"
20121215,-0.008163691858985057,2012-12-15,"{""type"":""MultiPoint"",""coordinates"":[]}"
20121216,-0.007998171014158947,2012-12-16,"{""type"":""MultiPoint"",""coordinates"":[]}"
20121217,-0.008311599324311874,2012-12-17,"{""type"":""MultiPoint"",""coordinates"":[]}"
20121218,-0.0079783736005399,2012-12-18,"{""type"":""MultiPoint"",""coordinates"":[]}"
20121219,-0.007780243905353157,2012-12-19,"{""type"":""MultiPoint"",""coordinates"":[]}"
20121220,-0.008008361766968168,2012-12-20,"{""type"":""MultiPoint"",""coordinates"":[]}"
20121221,-0.007044117859931088,2012-12-21,"{""type"":""MultiPoint"",""coordinates"":[]}"
20121222,-0.008348171512260397,2012-12-22,"{""type"":""MultiPoint"",""coordinates"":[]}"
20121223,-0.007628658720948063,2012-12-23,"{""type"":""MultiPoint"",""coordinates"":[]}"
20121224,-0.007477571211779537,2012-12-24,"{""type"":""MultiPoint"",""coordinates"":[]}"
20121225,-0.008016391831972178,2012-12-25,"{""type"":""MultiPoint"",""coordinates"":[]}"
20121226,-0.00812118888495786,2012-12-26,"{""type"":""MultiPoint"",""coordinates"":[]}"
20121227,-0.0076655163754328496,2012-12-27,"{""type"":""MultiPoint"",""coordinates"":[]}"
20121228,-0.006395934494848218,2012-12-28,"{""type"":""MultiPoint"",""coordinates"":[]}"
20121229,-0.003997863510496181,2012-12-29,"{""type"":""MultiPoint"",""coordinates"":[]}"
20121230,-0.00481129989136927,2012-12-30,"{""type"":""MultiPoint"",""coordinates"":[]}"
20121231,-0.005200657008464387,2012-12-31,"{""type"":""MultiPoint"",""coordinates"":[]}"
20130101,-0.007313203217553454,2013-01-01,"{""type"":""MultiPoint"",""coordinates"":[]}"
20130102,-0.007813434911105801,2013-01-02,"{""type"":""MultiPoint"",""coordinates"":[]}"
20130103,-0.0076633318641671794,2013-01-03,"{""type"":""MultiPoint"",""coordinates"":[]}"
20130104,-0.007821859263155933,2013-01-04,"{""type"":""MultiPoint"",""coordinates"":[]}"
20130105,-0.007441764361689307,2013-01-05,"{""type"":""MultiPoint"",""coordinates"":[]}"
20130106,-0.007441227475872501,2013-01-06,"{""type"":""MultiPoint"",""coordinates"":[]}"
20130107,-0.008995332849074044,2013-01-07,"{""type"":""MultiPoint"",""coordinates"":[]}"
20130108,-0.009133062648366242,2013-01-08,"{""type"":""MultiPoint"",""coordinates"":[]}"
20130109,-0.00920190939204523,2013-01-09,"{""type"":""MultiPoint"",""coordinates"":[]}"
20130110,-0.008462383654691878,2013-01-10,"{""type"":""MultiPoint"",""coordinates"":[]}"
20130111,-0.008413439802676961,2013-01-11,"{""type"":""MultiPoint"",""coordinates"":[]}"
20130112,-0.008475053071570482,2013-01-12,"{""type"":""MultiPoint"",""coordinates"":[]}"
20130113,-0.009409912366425108,2013-01-13,"{""type"":""MultiPoint"",""coordinates"":[]}"
20130114,-0.009753510751155497,2013-01-14,"{""type"":""MultiPoint"",""coordinates"":[]}"
20130115,-0.00992042248429149,2013-01-15,"{""type"":""MultiPoint"",""coordinates"":[]}"
20130116,-0.00921343735950964,2013-01-16,"{""type"":""MultiPoint"",""coordinates"":[]}"
20130117,-0.00842052020291599,2013-01-17,"{""type"":""MultiPoint"",""coordinates"":[]}"
20130118,-0.008131799456998993,2013-01-18,"{""type"":""MultiPoint"",""coordinates"":[]}"
20130119,-0.008240734818304672,2013-01-19,"{""type"":""MultiPoint"",""coordinates"":[]}"
20130120,-0.00806400218711586,2013-01-20,"{""type"":""MultiPoint"",""coordinates"":[]}"
20130121,-0.008705337361637151,2013-01-21,"{""type"":""MultiPoint"",""coordinates"":[]}"
20130122,-0.009916009136494203,2013-01-22,"{""type"":""MultiPoint"",""coordinates"":[]}"
20130123,-0.00930842717400273,2013-01-23,"{""type"":""MultiPoint"",""coordinates"":[]}"
20130124,-0.009371727250472577,2013-01-24,"{""type"":""MultiPoint"",""coordinates"":[]}"
20130125,-0.009603687482956853,2013-01-25,"{""type"":""MultiPoint"",""coordinates"":[]}"
20130126,-0.010139812550479285,2013-01-26,"{""type"":""MultiPoint"",""coordinates"":[]}"
20130127,-0.00985940149777569,2013-01-27,"{""type"":""MultiPoint"",""coordinates"":[]}"
20130128,-0.008699393129426403,2013-01-28,"{""type"":""MultiPoint"",""coordinates"":[]}"
20130129,-0.007928189303745599,2013-01-29,"{""type"":""MultiPoint"",""coordinates"":[]}"
20130130,-0.009186584202638763,2013-01-30,"{""type"":""MultiPoint"",""coordinates"":[]}"
20130131,-0.01037166205331124,2013-01-31,"{""type"":""MultiPoint"",""coordinates"":[]}"
20130201,-0.009997621299041068,2013-02-01,"{""type"":""MultiPoint"",""coordinates"":[]}"
20130202,-0.009907147374179852,2013-02-02,"{""type"":""MultiPoint"",""coordinates"":[]}"
20130203,-0.009953580931157556,2013-02-03,"{""type"":""MultiPoint"",""coordinates"":[]}"
20130204,-0.008790842124156335,2013-02-04,"{""type"":""MultiPoint"",""coordinates"":[]}"
20130205,-0.008318867541983403,2013-02-05,"{""type"":""MultiPoint"",""coordinates"":[]}"
20130206,-0.007527950815620089,2013-02-06,"{""type"":""MultiPoint"",""coordinates"":[]}"
20130207,-0.006994578113220782,2013-02-07,"{""type"":""MultiPoint"",""coordinates"":[]}"
20130208,-0.006928346544440167,2013-02-08,"{""type"":""MultiPoint"",""coordinates"":[]}"
20130209,-0.009758891926287887,2013-02-09,"{""type"":""MultiPoint"",""coordinates"":[]}"
20130210,-0.0103403898626145,2013-02-10,"{""type"":""MultiPoint"",""coordinates"":[]}"
20130211,-0.010866651365046043,2013-02-11,"{""type"":""MultiPoint"",""coordinates"":[]}"
20130212,-0.011280709796570556,2013-02-12,"{""type"":""MultiPoint"",""coordinates"":[]}"
20130213,-0.009991957170677841,2013-02-13,"{""type"":""MultiPoint"",""coordinates"":[]}"
20130214,-0.00657993575032695,2013-02-14,"{""type"":""MultiPoint"",""coordinates"":[]}"
20130215,-0.006643346593103654,2013-02-15,"{""type"":""MultiPoint"",""coordinates"":[]}"
20130216,-0.005945704454458587,2013-02-16,"{""type"":""MultiPoint"",""coordinates"":[]}"
20130217,-0.006782417414625564,2013-02-17,"{""type"":""MultiPoint"",""coordinates"":[]}"
20130218,-0.005631965299779611,2013-02-18,"{""type"":""MultiPoint"",""coordinates"":[]}"
20130219,-0.008000569125619543,2013-02-19,"{""type"":""MultiPoint"",""coordinates"":[]}"
20130220,-0.009130413507748982,2013-02-20,"{""type"":""MultiPoint"",""coordinates"":[]}"
20130221,-0.010148494238840098,2013-02-21,"{""type"":""MultiPoint"",""coordinates"":[]}"
20130222,-0.010541378422006172,2013-02-22,"{""type"":""MultiPoint"",""coordinates"":[]}"
20130223,-0.010184691315615599,2013-02-23,"{""type"":""MultiPoint"",""coordinates"":[]}"
20130224,-0.010944526006637246,2013-02-24,"{""type"":""MultiPoint"",""coordinates"":[]}"
20130225,-0.011598631628924907,2013-02-25,"{""type"":""MultiPoint"",""coordinates"":[]}"
20130226,-0.012921161676194315,2013-02-26,"{""type"":""MultiPoint"",""coordinates"":[]}"
20130227,-0.010889463536826268,2013-02-27,"{""type"":""MultiPoint"",""coordinates"":[]}"
20130228,-0.012350017968104218,2013-02-28,"{""type"":""MultiPoint"",""coordinates"":[]}"
20130301,-0.013912741310238048,2013-03-01,"{""type"":""MultiPoint"",""coordinates"":[]}"
20130302,-0.014105991201853107,2013-03-02,"{""type"":""MultiPoint"",""coordinates"":[]}"
20130303,-0.013069147886528309,2013-03-03,"{""type"":""MultiPoint"",""coordinates"":[]}"
20130304,-0.012850545253267854,2013-03-04,"{""type"":""MultiPoint"",""coordinates"":[]}"
20130305,-0.010176569345780689,2013-03-05,"{""type"":""MultiPoint"",""coordinates"":[]}"
20130306,-0.007577923351679297,2013-03-06,"{""type"":""MultiPoint"",""coordinates"":[]}"
20130307,-0.0065762927427054155,2013-03-07,"{""type"":""MultiPoint"",""coordinates"":[]}"
20130308,-0.008597798670608623,2013-03-08,"{""type"":""MultiPoint"",""coordinates"":[]}"
20130309,-0.009026563281986174,2013-03-09,"{""type"":""MultiPoint"",""coordinates"":[]}"
20130310,-0.010231972084898379,2013-03-10,"{""type"":""MultiPoint"",""coordinates"":[]}"
20130311,-0.01040590182918361,2013-03-11,"{""type"":""MultiPoint"",""coordinates"":[]}"
20130312,-0.00941863620626884,2013-03-12,"{""type"":""MultiPoint"",""coordinates"":[]}"
20130313,-0.011531043393940081,2013-03-13,"{""type"":""MultiPoint"",""coordinates"":[]}"
20130314,-0.011853614414440054,2013-03-14,"{""type"":""MultiPoint"",""coordinates"":[]}"
20130315,-0.011348294782650564,2013-03-15,"{""type"":""MultiPoint"",""coordinates"":[]}"
20130316,-0.011138269079356649,2013-03-16,"{""type"":""MultiPoint"",""coordinates"":[]}"
20130317,-0.01070602867103822,2013-03-17,"{""type"":""MultiPoint"",""coordinates"":[]}"
20130318,-0.011770682506413492,2013-03-18,"{""type"":""MultiPoint"",""coordinates"":[]}"
20130319,-0.011753472685634533,2013-03-19,"{""type"":""MultiPoint"",""coordinates"":[]}"
20130320,-0.011450642726406118,2013-03-20,"{""type"":""MultiPoint"",""coordinates"":[]}"
20130321,-0.012597438419421752,2013-03-21,"{""type"":""MultiPoint"",""coordinates"":[]}"
20130322,-0.011843585368749689,2013-03-22,"{""type"":""MultiPoint"",""coordinates"":[]}"
20130323,-0.012863921324493658,2013-03-23,"{""type"":""MultiPoint"",""coordinates"":[]}"
20130324,-0.012050291555920266,2013-03-24,"{""type"":""MultiPoint"",""coordinates"":[]}"
20130325,-0.010328757527568608,2013-03-25,"{""type"":""MultiPoint"",""coordinates"":[]}"
20130326,-0.009377702027741007,2013-03-26,"{""type"":""MultiPoint"",""coordinates"":[]}"
20130327,-0.009202028920710181,2013-03-27,"{""type"":""MultiPoint"",""coordinates"":[]}"
20130328,-0.011325941906557833,2013-03-28,"{""type"":""MultiPoint"",""coordinates"":[]}"
20130329,-0.009592411737117409,2013-03-29,"{""type"":""MultiPoint"",""coordinates"":[]}"
20130330,-0.010612036593059692,2013-03-30,"{""type"":""MultiPoint"",""coordinates"":[]}"
20130331,-0.010195722429307996,2013-03-31,"{""type"":""MultiPoint"",""coordinates"":[]}"
20130401,-0.008225561502943532,2013-04-01,"{""type"":""MultiPoint"",""coordinates"":[]}"
20130402,-0.007744882004871518,2013-04-02,"{""type"":""MultiPoint"",""coordinates"":[]}"
20130403,-0.007829956141361394,2013-04-03,"{""type"":""MultiPoint"",""coordinates"":[]}"
20130404,-0.009854510087765797,2013-04-04,"{""type"":""MultiPoint"",""coordinates"":[]}"
20130405,-0.009570442025173518,2013-04-05,"{""type"":""MultiPoint"",""coordinates"":[]}"
20130406,-0.011168383979029145,2013-04-06,"{""type"":""MultiPoint"",""coordinates"":[]}"
20130407,-0.011320646112242672,2013-04-07,"{""type"":""MultiPoint"",""coordinates"":[]}"
20130408,-0.010545046282625726,2013-04-08,"{""type"":""MultiPoint"",""coordinates"":[]}"
20130409,-0.010372183872410515,2013-04-09,"{""type"":""MultiPoint"",""coordinates"":[]}"
20130410,-0.010983592133744582,2013-04-10,"{""type"":""MultiPoint"",""coordinates"":[]}"
20130411,-0.011010861350573636,2013-04-11,"{""type"":""MultiPoint"",""coordinates"":[]}"
20130412,-0.013118771456017019,2013-04-12,"{""type"":""MultiPoint"",""coordinates"":[]}"
20130413,-0.011737631275446421,2013-04-13,"{""type"":""MultiPoint"",""coordinates"":[]}"
20130414,-0.010826610064033486,2013-04-14,"{""type"":""MultiPoint"",""coordinates"":[]}"
20130415,-0.009740486529119567,2013-04-15,"{""type"":""MultiPoint"",""coordinates"":[]}"
20130416,-0.011751642305680625,2013-04-16,"{""type"":""MultiPoint"",""coordinates"":[]}"
20130417,-0.011121930526657562,2013-04-17,"{""type"":""MultiPoint"",""coordinates"":[]}"
20130418,-0.011768195008236726,2013-04-18,"{""type"":""MultiPoint"",""coordinates"":[]}"
20130419,-0.010583153831169579,2013-04-19,"{""type"":""MultiPoint"",""coordinates"":[]}"
20130420,-0.009949806033154434,2013-04-20,"{""type"":""MultiPoint"",""coordinates"":[]}"
20130421,-0.010049330048820321,2013-04-21,"{""type"":""MultiPoint"",""coordinates"":[]}"
20130422,-0.009667279745662491,2013-04-22,"{""type"":""MultiPoint"",""coordinates"":[]}"
20130423,-0.008305023602730654,2013-04-23,"{""type"":""MultiPoint"",""coordinates"":[]}"
20130424,-0.007821854461879503,2013-04-24,"{""type"":""MultiPoint"",""coordinates"":[]}"
20130425,-0.0072133484297714455,2013-04-25,"{""type"":""MultiPoint"",""coordinates"":[]}"
20130426,-0.008728393168249068,2013-04-26,"{""type"":""MultiPoint"",""coordinates"":[]}"
20130427,-0.008053922196311127,2013-04-27,"{""type"":""MultiPoint"",""coordinates"":[]}"
20130428,-0.008776452381453833,2013-04-28,"{""type"":""MultiPoint"",""coordinates"":[]}"
20130429,-0.009292066117562494,2013-04-29,"{""type"":""MultiPoint"",""coordinates"":[]}"
20130430,-0.011421919470568897,2013-04-30,"{""type"":""MultiPoint"",""coordinates"":[]}"
20130501,-0.01162908240081542,2013-05-01,"{""type"":""MultiPoint"",""coordinates"":[]}"
20130502,-0.009696445755488534,2013-05-02,"{""type"":""MultiPoint"",""coordinates"":[]}"
20130503,-0.009663273345648432,2013-05-03,"{""type"":""MultiPoint"",""coordinates"":[]}"
20130504,-0.008299838180101157,2013-05-04,"{""type"":""MultiPoint"",""coordinates"":[]}"
20130505,-0.007447207748669897,2013-05-05,"{""type"":""MultiPoint"",""coordinates"":[]}"
20130506,-0.008266580830208174,2013-05-06,"{""type"":""MultiPoint"",""coordinates"":[]}"
20130507,-0.008611732308739038,2013-05-07,"{""type"":""MultiPoint"",""coordinates"":[]}"
20130508,-0.009081692681851165,2013-05-08,"{""type"":""MultiPoint"",""coordinates"":[]}"
20130509,-0.009106646264035635,2013-05-09,"{""type"":""MultiPoint"",""coordinates"":[]}"
20130510,-0.009382531603262455,2013-05-10,"{""type"":""MultiPoint"",""coordinates"":[]}"
20130511,-0.008794825025882467,2013-05-11,"{""type"":""MultiPoint"",""coordinates"":[]}"
20130512,-0.008362450795332333,2013-05-12,"{""type"":""MultiPoint"",""coordinates"":[]}"
20130513,-0.008876157588438731,2013-05-13,"{""type"":""MultiPoint"",""coordinates"":[]}"
20130514,-0.011412245253523365,2013-05-14,"{""type"":""MultiPoint"",""coordinates"":[]}"
20130515,-0.011454257000665945,2013-05-15,"{""type"":""MultiPoint"",""coordinates"":[]}"
20130516,-0.010963709245839257,2013-05-16,"{""type"":""MultiPoint"",""coordinates"":[]}"
20130517,-0.009745063410705468,2013-05-17,"{""type"":""MultiPoint"",""coordinates"":[]}"
20130518,-0.008335089795932175,2013-05-18,"{""type"":""MultiPoint"",""coordinates"":[]}"
20130519,-0.007648089820548008,2013-05-19,"{""type"":""MultiPoint"",""coordinates"":[]}"
20130520,-0.008030159409438565,2013-05-20,"{""type"":""MultiPoint"",""coordinates"":[]}"
20130521,-0.008864920713943075,2013-05-21,"{""type"":""MultiPoint"",""coordinates"":[]}"
20130522,-0.008895220724578405,2013-05-22,"{""type"":""MultiPoint"",""coordinates"":[]}"
20130523,-0.009889031421773931,2013-05-23,"{""type"":""MultiPoint"",""coordinates"":[]}"
20130524,-0.012470436927362948,2013-05-24,"{""type"":""MultiPoint"",""coordinates"":[]}"
20130525,-0.010331304713408793,2013-05-25,"{""type"":""MultiPoint"",""coordinates"":[]}"
20130526,-0.009096804358448687,2013-05-26,"{""type"":""MultiPoint"",""coordinates"":[]}"
20130527,-0.007583004839276836,2013-05-27,"{""type"":""MultiPoint"",""coordinates"":[]}"
20130528,-0.006231898832778745,2013-05-28,"{""type"":""MultiPoint"",""coordinates"":[]}"
20130529,-0.005680328764931951,2013-05-29,"{""type"":""MultiPoint"",""coordinates"":[]}"
20130530,-0.005932944744222931,2013-05-30,"{""type"":""MultiPoint"",""coordinates"":[]}"
20130531,-0.005125025071168006,2013-05-31,"{""type"":""MultiPoint"",""coordinates"":[]}"
20130601,-0.0035346349296691442,2013-06-01,"{""type"":""MultiPoint"",""coordinates"":[]}"
20130602,-0.0043386601790845235,2013-06-02,"{""type"":""MultiPoint"",""coordinates"":[]}"
20130603,-0.005073868645927645,2013-06-03,"{""type"":""MultiPoint"",""coordinates"":[]}"
20130604,-0.007970587790544138,2013-06-04,"{""type"":""MultiPoint"",""coordinates"":[]}"
20130605,-0.006234782767660261,2013-06-05,"{""type"":""MultiPoint"",""coordinates"":[]}"
20130606,-0.005609059787285484,2013-06-06,"{""type"":""MultiPoint"",""coordinates"":[]}"
20130607,-0.006864127601634276,2013-06-07,"{""type"":""MultiPoint"",""coordinates"":[]}"
20130608,-0.00701271674455575,2013-06-08,"{""type"":""MultiPoint"",""coordinates"":[]}"
20130609,-0.009138960340259147,2013-06-09,"{""type"":""MultiPoint"",""coordinates"":[]}"
20130610,-0.007187536958621124,2013-06-10,"{""type"":""MultiPoint"",""coordinates"":[]}"
20130611,-0.004951141876780164,2013-06-11,"{""type"":""MultiPoint"",""coordinates"":[]}"
20130612,-0.003662603917001549,2013-06-12,"{""type"":""MultiPoint"",""coordinates"":[]}"
20130613,-0.008542710800724176,2013-06-13,"{""type"":""MultiPoint"",""coordinates"":[]}"
20130614,-0.007495937233591195,2013-06-14,"{""type"":""MultiPoint"",""coordinates"":[]}"
20130615,-0.008072393316039447,2013-06-15,"{""type"":""MultiPoint"",""coordinates"":[]}"
20130616,-0.008119861060519208,2013-06-16,"{""type"":""MultiPoint"",""coordinates"":[]}"
20130617,-0.005684978712372414,2013-06-17,"{""type"":""MultiPoint"",""coordinates"":[]}"
20130618,-0.004423819232594729,2013-06-18,"{""type"":""MultiPoint"",""coordinates"":[]}"
20130619,-0.004536340887737308,2013-06-19,"{""type"":""MultiPoint"",""coordinates"":[]}"
20130620,-0.0046722723952633246,2013-06-20,"{""type"":""MultiPoint"",""coordinates"":[]}"
20130621,-0.004843245854212842,2013-06-21,"{""type"":""MultiPoint"",""coordinates"":[]}"
20130622,-0.005050446280712065,2013-06-22,"{""type"":""MultiPoint"",""coordinates"":[]}"
20130623,-0.006381983712818878,2013-06-23,"{""type"":""MultiPoint"",""coordinates"":[]}"
20130624,-0.007223023219836574,2013-06-24,"{""type"":""MultiPoint"",""coordinates"":[]}"
20130625,-0.005241579420339889,2013-06-25,"{""type"":""MultiPoint"",""coordinates"":[]}"
20130626,-0.00596992583306958,2013-06-26,"{""type"":""MultiPoint"",""coordinates"":[]}"
20130627,-0.00435922327504952,2013-06-27,"{""type"":""MultiPoint"",""coordinates"":[]}"
20130628,-0.007088882538782341,2013-06-28,"{""type"":""MultiPoint"",""coordinates"":[]}"
20130629,-0.006278131888879251,2013-06-29,"{""type"":""MultiPoint"",""coordinates"":[]}"
20130630,-0.007079865381065451,2013-06-30,"{""type"":""MultiPoint"",""coordinates"":[]}"
20130701,-0.008356629155689927,2013-07-01,"{""type"":""MultiPoint"",""coordinates"":[]}"
20130702,-0.006174696183792042,2013-07-02,"{""type"":""MultiPoint"",""coordinates"":[]}"
20130703,-0.007113586156546454,2013-07-03,"{""type"":""MultiPoint"",""coordinates"":[]}"
20130704,-0.00607180287092997,2013-07-04,"{""type"":""MultiPoint"",""coordinates"":[]}"
20130705,-0.00678965109844588,2013-07-05,"{""type"":""MultiPoint"",""coordinates"":[]}"
20130706,-0.007214137183106975,2013-07-06,"{""type"":""MultiPoint"",""coordinates"":[]}"
20130707,-0.005690269730263453,2013-07-07,"{""type"":""MultiPoint"",""coordinates"":[]}"
20130708,-0.005965403122054332,2013-07-08,"{""type"":""MultiPoint"",""coordinates"":[]}"
20130709,-0.005837245038734996,2013-07-09,"{""type"":""MultiPoint"",""coordinates"":[]}"
20130710,-0.006108070928033866,2013-07-10,"{""type"":""MultiPoint"",""coordinates"":[]}"
20130711,-0.004618303229339955,2013-07-11,"{""type"":""MultiPoint"",""coordinates"":[]}"
20130712,-0.0038931707529137674,2013-07-12,"{""type"":""MultiPoint"",""coordinates"":[]}"
20130713,-0.006194977542273999,2013-07-13,"{""type"":""MultiPoint"",""coordinates"":[]}"
20130714,-0.006493318239390081,2013-07-14,"{""type"":""MultiPoint"",""coordinates"":[]}"
20130715,-0.005850525718971485,2013-07-15,"{""type"":""MultiPoint"",""coordinates"":[]}"
20130716,-0.005884383955894798,2013-07-16,"{""type"":""MultiPoint"",""coordinates"":[]}"
20130717,-0.006199010939732468,2013-07-17,"{""type"":""MultiPoint"",""coordinates"":[]}"
20130718,-0.00555082186635535,2013-07-18,"{""type"":""MultiPoint"",""coordinates"":[]}"
20130719,-0.003102966259419272,2013-07-19,"{""type"":""MultiPoint"",""coordinates"":[]}"
20130720,-0.0056726342357171005,2013-07-20,"{""type"":""MultiPoint"",""coordinates"":[]}"
20130721,-0.005170970763534994,2013-07-21,"{""type"":""MultiPoint"",""coordinates"":[]}"
20130722,-0.005356838140962788,2013-07-22,"{""type"":""MultiPoint"",""coordinates"":[]}"
20130723,-0.006905863647984133,2013-07-23,"{""type"":""MultiPoint"",""coordinates"":[]}"
20130724,-0.00526544168454578,2013-07-24,"{""type"":""MultiPoint"",""coordinates"":[]}"
20130725,-0.006865288756449661,2013-07-25,"{""type"":""MultiPoint"",""coordinates"":[]}"
20130726,-0.006647331515170691,2013-07-26,"{""type"":""MultiPoint"",""coordinates"":[]}"
20130727,-0.0052956185476345065,2013-07-27,"{""type"":""MultiPoint"",""coordinates"":[]}"
20130728,-0.005339369760898396,2013-07-28,"{""type"":""MultiPoint"",""coordinates"":[]}"
20130729,-0.008166883877903031,2013-07-29,"{""type"":""MultiPoint"",""coordinates"":[]}"
20130730,-0.008197151218921313,2013-07-30,"{""type"":""MultiPoint"",""coordinates"":[]}"
20130731,-0.008636181976746734,2013-07-31,"{""type"":""MultiPoint"",""coordinates"":[]}"
20130801,-0.00804625539262719,2013-08-01,"{""type"":""MultiPoint"",""coordinates"":[]}"
20130802,-0.00940399240766778,2013-08-02,"{""type"":""MultiPoint"",""coordinates"":[]}"
20130803,-0.006910881146001415,2013-08-03,"{""type"":""MultiPoint"",""coordinates"":[]}"
20130804,-0.0058656585308091,2013-08-04,"{""type"":""MultiPoint"",""coordinates"":[]}"
20130805,-0.0045913868590811415,2013-08-05,"{""type"":""MultiPoint"",""coordinates"":[]}"
20130806,-0.005928875889140916,2013-08-06,"{""type"":""MultiPoint"",""coordinates"":[]}"
20130807,-0.007000276545876434,2013-08-07,"{""type"":""MultiPoint"",""coordinates"":[]}"
20130808,-0.006698969461499187,2013-08-08,"{""type"":""MultiPoint"",""coordinates"":[]}"
20130809,-0.006216752626528371,2013-08-09,"{""type"":""MultiPoint"",""coordinates"":[]}"
20130810,-0.00556746538151512,2013-08-10,"{""type"":""MultiPoint"",""coordinates"":[]}"
20130811,-0.005634542343170944,2013-08-11,"{""type"":""MultiPoint"",""coordinates"":[]}"
20130812,-0.005528984856184139,2013-08-12,"{""type"":""MultiPoint"",""coordinates"":[]}"
20130813,-0.005501807961644768,2013-08-13,"{""type"":""MultiPoint"",""coordinates"":[]}"
20130814,-0.005432681138632622,2013-08-14,"{""type"":""MultiPoint"",""coordinates"":[]}"
20130815,-0.0033727939631855047,2013-08-15,"{""type"":""MultiPoint"",""coordinates"":[]}"
20130816,-0.0025407840501972265,2013-08-16,"{""type"":""MultiPoint"",""coordinates"":[]}"
20130817,-0.004527612097178398,2013-08-17,"{""type"":""MultiPoint"",""coordinates"":[]}"
20130818,-0.0032962778434799346,2013-08-18,"{""type"":""MultiPoint"",""coordinates"":[]}"
20130819,-0.004907162021625102,2013-08-19,"{""type"":""MultiPoint"",""coordinates"":[]}"
20130820,-0.0065108050576095245,2013-08-20,"{""type"":""MultiPoint"",""coordinates"":[]}"
20130821,-0.008015072119611546,2013-08-21,"{""type"":""MultiPoint"",""coordinates"":[]}"
20130822,-0.007843071791368287,2013-08-22,"{""type"":""MultiPoint"",""coordinates"":[]}"
20130823,-0.007574973122089055,2013-08-23,"{""type"":""MultiPoint"",""coordinates"":[]}"
20130824,-0.007025047181275515,2013-08-24,"{""type"":""MultiPoint"",""coordinates"":[]}"
20130825,-0.006964007011672684,2013-08-25,"{""type"":""MultiPoint"",""coordinates"":[]}"
20130826,-0.006815242144872357,2013-08-26,"{""type"":""MultiPoint"",""coordinates"":[]}"
20130827,-0.007564572776283688,2013-08-27,"{""type"":""MultiPoint"",""coordinates"":[]}"
20130828,-0.006873259656741334,2013-08-28,"{""type"":""MultiPoint"",""coordinates"":[]}"
20130829,-0.006558542659173932,2013-08-29,"{""type"":""MultiPoint"",""coordinates"":[]}"
20130830,-0.006393991486406998,2013-08-30,"{""type"":""MultiPoint"",""coordinates"":[]}"
20130831,-0.0049310550160200925,2013-08-31,"{""type"":""MultiPoint"",""coordinates"":[]}"
20130901,-0.005821602906943286,2013-09-01,"{""type"":""MultiPoint"",""coordinates"":[]}"
20130902,-0.005736375598954437,2013-09-02,"{""type"":""MultiPoint"",""coordinates"":[]}"
20130903,-0.0053910038473871475,2013-09-03,"{""type"":""MultiPoint"",""coordinates"":[]}"
20130904,-0.0051276677523589545,2013-09-04,"{""type"":""MultiPoint"",""coordinates"":[]}"
20130905,-0.005688975797948659,2013-09-05,"{""type"":""MultiPoint"",""coordinates"":[]}"
20130906,-0.005795670753043017,2013-09-06,"{""type"":""MultiPoint"",""coordinates"":[]}"
20130907,-0.004213726947750864,2013-09-07,"{""type"":""MultiPoint"",""coordinates"":[]}"
20130908,-0.0027743573863543403,2013-09-08,"{""type"":""MultiPoint"",""coordinates"":[]}"
20130909,-0.004074350349595612,2013-09-09,"{""type"":""MultiPoint"",""coordinates"":[]}"
20130910,-0.004936811050059086,2013-09-10,"{""type"":""MultiPoint"",""coordinates"":[]}"
20130911,-0.003364967268446044,2013-09-11,"{""type"":""MultiPoint"",""coordinates"":[]}"
20130912,-0.0026843771831999326,2013-09-12,"{""type"":""MultiPoint"",""coordinates"":[]}"
20130913,-0.004132280337409804,2013-09-13,"{""type"":""MultiPoint"",""coordinates"":[]}"
20130914,-0.004930889967723188,2013-09-14,"{""type"":""MultiPoint"",""coordinates"":[]}"
20130915,-0.005604447256172648,2013-09-15,"{""type"":""MultiPoint"",""coordinates"":[]}"
20130916,-0.004733252545869131,2013-09-16,"{""type"":""MultiPoint"",""coordinates"":[]}"
20130917,-0.003719977400190843,2013-09-17,"{""type"":""MultiPoint"",""coordinates"":[]}"
20130918,-0.0035407868072202873,2013-09-18,"{""type"":""MultiPoint"",""coordinates"":[]}"
20130919,-0.006779306119747823,2013-09-19,"{""type"":""MultiPoint"",""coordinates"":[]}"
20130920,-0.004917325203047452,2013-09-20,"{""type"":""MultiPoint"",""coordinates"":[]}"
20130921,-0.006713341097731198,2013-09-21,"{""type"":""MultiPoint"",""coordinates"":[]}"
20130922,-0.00809729394163333,2013-09-22,"{""type"":""MultiPoint"",""coordinates"":[]}"
20130923,-0.008366796148898192,2013-09-23,"{""type"":""MultiPoint"",""coordinates"":[]}"
20130924,-0.006822413959889324,2013-09-24,"{""type"":""MultiPoint"",""coordinates"":[]}"
20130925,-0.00646258001593813,2013-09-25,"{""type"":""MultiPoint"",""coordinates"":[]}"
20130926,-0.007439014996506089,2013-09-26,"{""type"":""MultiPoint"",""coordinates"":[]}"
20130927,-0.007505025577512778,2013-09-27,"{""type"":""MultiPoint"",""coordinates"":[]}"
20130928,-0.007049424924112644,2013-09-28,"{""type"":""MultiPoint"",""coordinates"":[]}"
20130929,-0.007364449393052813,2013-09-29,"{""type"":""MultiPoint"",""coordinates"":[]}"
20130930,-0.0048979171083939396,2013-09-30,"{""type"":""MultiPoint"",""coordinates"":[]}"
20131001,-0.006343934865775402,2013-10-01,"{""type"":""MultiPoint"",""coordinates"":[]}"
20131002,-0.006323458288686002,2013-10-02,"{""type"":""MultiPoint"",""coordinates"":[]}"
20131003,-0.0065008753764812756,2013-10-03,"{""type"":""MultiPoint"",""coordinates"":[]}"
20131004,-0.00874928427656849,2013-10-04,"{""type"":""MultiPoint"",""coordinates"":[]}"
20131005,-0.0058829594397376735,2013-10-05,"{""type"":""MultiPoint"",""coordinates"":[]}"
20131006,-0.00552504007663244,2013-10-06,"{""type"":""MultiPoint"",""coordinates"":[]}"
20131007,-0.005938879588998722,2013-10-07,"{""type"":""MultiPoint"",""coordinates"":[]}"
20131008,-0.004629636674243176,2013-10-08,"{""type"":""MultiPoint"",""coordinates"":[]}"
20131009,-0.003935246732583397,2013-10-09,"{""type"":""MultiPoint"",""coordinates"":[]}"
20131010,-0.006489334881808876,2013-10-10,"{""type"":""MultiPoint"",""coordinates"":[]}"
20131011,-0.006965250940244823,2013-10-11,"{""type"":""MultiPoint"",""coordinates"":[]}"
20131012,-0.008026985145783417,2013-10-12,"{""type"":""MultiPoint"",""coordinates"":[]}"
20131013,-0.006105784162853699,2013-10-13,"{""type"":""MultiPoint"",""coordinates"":[]}"
20131014,-0.006123099174498462,2013-10-14,"{""type"":""MultiPoint"",""coordinates"":[]}"
20131015,-0.005204153568029913,2013-10-15,"{""type"":""MultiPoint"",""coordinates"":[]}"
20131016,-0.00418582252368942,2013-10-16,"{""type"":""MultiPoint"",""coordinates"":[]}"
20131017,-0.005885436748174082,2013-10-17,"{""type"":""MultiPoint"",""coordinates"":[]}"
20131018,-0.006229650525123021,2013-10-18,"{""type"":""MultiPoint"",""coordinates"":[]}"
20131019,-0.005624628907853493,2013-10-19,"{""type"":""MultiPoint"",""coordinates"":[]}"
20131020,-0.003719583100952536,2013-10-20,"{""type"":""MultiPoint"",""coordinates"":[]}"
20131021,-0.004030973013299672,2013-10-21,"{""type"":""MultiPoint"",""coordinates"":[]}"
20131022,-0.0024515103831596534,2013-10-22,"{""type"":""MultiPoint"",""coordinates"":[]}"
20131023,-0.003137253931892326,2013-10-23,"{""type"":""MultiPoint"",""coordinates"":[]}"
20131024,-0.003414684221113323,2013-10-24,"{""type"":""MultiPoint"",""coordinates"":[]}"
20131025,-0.003580478929222002,2013-10-25,"{""type"":""MultiPoint"",""coordinates"":[]}"
20131026,-0.005206642567664913,2013-10-26,"{""type"":""MultiPoint"",""coordinates"":[]}"
20131027,-0.005647633489034839,2013-10-27,"{""type"":""MultiPoint"",""coordinates"":[]}"
20131028,-0.003906824678685319,2013-10-28,"{""type"":""MultiPoint"",""coordinates"":[]}"
20131029,-0.005184153414422366,2013-10-29,"{""type"":""MultiPoint"",""coordinates"":[]}"
20131030,-0.005126365491197462,2013-10-30,"{""type"":""MultiPoint"",""coordinates"":[]}"
20131031,-0.005346586625394384,2013-10-31,"{""type"":""MultiPoint"",""coordinates"":[]}"
20131101,-0.005877375047353943,2013-11-01,"{""type"":""MultiPoint"",""coordinates"":[]}"
20131102,-0.005642732939943981,2013-11-02,"{""type"":""MultiPoint"",""coordinates"":[]}"
20131103,-0.005645979549828953,2013-11-03,"{""type"":""MultiPoint"",""coordinates"":[]}"
20131104,-0.005833646531398334,2013-11-04,"{""type"":""MultiPoint"",""coordinates"":[]}"
20131105,-0.006877474011254732,2013-11-05,"{""type"":""MultiPoint"",""coordinates"":[]}"
20131106,-0.0070941288593898725,2013-11-06,"{""type"":""MultiPoint"",""coordinates"":[]}"
20131107,-0.0077628947566490344,2013-11-07,"{""type"":""MultiPoint"",""coordinates"":[]}"
20131108,-0.006935084129207975,2013-11-08,"{""type"":""MultiPoint"",""coordinates"":[]}"
20131109,-0.007636813807208443,2013-11-09,"{""type"":""MultiPoint"",""coordinates"":[]}"
20131110,-0.006922070004405191,2013-11-10,"{""type"":""MultiPoint"",""coordinates"":[]}"
20131111,-0.007117103662789174,2013-11-11,"{""type"":""MultiPoint"",""coordinates"":[]}"
20131112,-0.006078613614657484,2013-11-12,"{""type"":""MultiPoint"",""coordinates"":[]}"
20131113,-0.006411119083390251,2013-11-13,"{""type"":""MultiPoint"",""coordinates"":[]}"
20131114,-0.006819191435349774,2013-11-14,"{""type"":""MultiPoint"",""coordinates"":[]}"
20131115,-0.008248376294496332,2013-11-15,"{""type"":""MultiPoint"",""coordinates"":[]}"
20131116,-0.004784889672279823,2013-11-16,"{""type"":""MultiPoint"",""coordinates"":[]}"
20131117,-0.005107404938668162,2013-11-17,"{""type"":""MultiPoint"",""coordinates"":[]}"
20131118,-0.0047985018898933736,2013-11-18,"{""type"":""MultiPoint"",""coordinates"":[]}"
20131119,-0.00708942043150708,2013-11-19,"{""type"":""MultiPoint"",""coordinates"":[]}"
20131120,-0.006618644794288462,2013-11-20,"{""type"":""MultiPoint"",""coordinates"":[]}"
20131121,-0.006208912265495688,2013-11-21,"{""type"":""MultiPoint"",""coordinates"":[]}"
20131122,-0.006157250105244928,2013-11-22,"{""type"":""MultiPoint"",""coordinates"":[]}"
20131123,-0.005393280857573159,2013-11-23,"{""type"":""MultiPoint"",""coordinates"":[]}"
20131124,-0.005385886007262433,2013-11-24,"{""type"":""MultiPoint"",""coordinates"":[]}"
20131125,-0.004492937838634501,2013-11-25,"{""type"":""MultiPoint"",""coordinates"":[]}"
20131126,-0.006568402095404182,2013-11-26,"{""type"":""MultiPoint"",""coordinates"":[]}"
20131127,-0.0068130154369295025,2013-11-27,"{""type"":""MultiPoint"",""coordinates"":[]}"
20131128,-0.005394159361947576,2013-11-28,"{""type"":""MultiPoint"",""coordinates"":[]}"
20131129,-0.004931474836122874,2013-11-29,"{""type"":""MultiPoint"",""coordinates"":[]}"
20131130,-0.007038207994611471,2013-11-30,"{""type"":""MultiPoint"",""coordinates"":[]}"
20131201,-0.005381552853223421,2013-12-01,"{""type"":""MultiPoint"",""coordinates"":[]}"
20131202,-0.004314324461259165,2013-12-02,"{""type"":""MultiPoint"",""coordinates"":[]}"
20131203,-0.006832094904784169,2013-12-03,"{""type"":""MultiPoint"",""coordinates"":[]}"
20131204,-0.009077734622958564,2013-12-04,"{""type"":""MultiPoint"",""coordinates"":[]}"
20131205,-0.009182210096071142,2013-12-05,"{""type"":""MultiPoint"",""coordinates"":[]}"
20131206,-0.008631983100391542,2013-12-06,"{""type"":""MultiPoint"",""coordinates"":[]}"
20131207,-0.008097409646515157,2013-12-07,"{""type"":""MultiPoint"",""coordinates"":[]}"
20131208,-0.006724516046271045,2013-12-08,"{""type"":""MultiPoint"",""coordinates"":[]}"
20131209,-0.008473385757033006,2013-12-09,"{""type"":""MultiPoint"",""coordinates"":[]}"
20131210,-0.009014106639964506,2013-12-10,"{""type"":""MultiPoint"",""coordinates"":[]}"
20131211,-0.009171331363881442,2013-12-11,"{""type"":""MultiPoint"",""coordinates"":[]}"
20131212,-0.007253717904665339,2013-12-12,"{""type"":""MultiPoint"",""coordinates"":[]}"
20131213,-0.0068186819435352855,2013-12-13,"{""type"":""MultiPoint"",""coordinates"":[]}"
20131214,-0.006106693611391326,2013-12-14,"{""type"":""MultiPoint"",""coordinates"":[]}"
20131215,-0.008509909021858811,2013-12-15,"{""type"":""MultiPoint"",""coordinates"":[]}"
20131216,-0.008689495108381693,2013-12-16,"{""type"":""MultiPoint"",""coordinates"":[]}"
20131217,-0.00780597625852988,2013-12-17,"{""type"":""MultiPoint"",""coordinates"":[]}"
20131218,-0.007304333732271095,2013-12-18,"{""type"":""MultiPoint"",""coordinates"":[]}"
20131219,-0.006723830982109118,2013-12-19,"{""type"":""MultiPoint"",""coordinates"":[]}"
20131220,-0.006796441820724296,2013-12-20,"{""type"":""MultiPoint"",""coordinates"":[]}"
20131221,-0.007117090957572707,2013-12-21,"{""type"":""MultiPoint"",""coordinates"":[]}"
20131222,-0.008154766288387414,2013-12-22,"{""type"":""MultiPoint"",""coordinates"":[]}"
20131223,-0.007231010093759607,2013-12-23,"{""type"":""MultiPoint"",""coordinates"":[]}"
20131224,-0.007273175590931927,2013-12-24,"{""type"":""MultiPoint"",""coordinates"":[]}"
20131225,-0.007258896021720635,2013-12-25,"{""type"":""MultiPoint"",""coordinates"":[]}"
20131226,-0.007826182080069556,2013-12-26,"{""type"":""MultiPoint"",""coordinates"":[]}"
20131227,-0.007457647705460807,2013-12-27,"{""type"":""MultiPoint"",""coordinates"":[]}"
20131228,-0.007197039822685395,2013-12-28,"{""type"":""MultiPoint"",""coordinates"":[]}"
20131229,-0.007363304981354097,2013-12-29,"{""type"":""MultiPoint"",""coordinates"":[]}"
20131230,-0.007907392877436185,2013-12-30,"{""type"":""MultiPoint"",""coordinates"":[]}"
20131231,-0.007881729054115067,2013-12-31,"{""type"":""MultiPoint"",""coordinates"":[]}"
20140101,-0.0069765990709443355,2014-01-01,"{""type"":""MultiPoint"",""coordinates"":[]}"
20140102,-0.007639640663592697,2014-01-02,"{""type"":""MultiPoint"",""coordinates"":[]}"
20140103,-0.0071833853339027445,2014-01-03,"{""type"":""MultiPoint"",""coordinates"":[]}"
20140104,-0.007944302369495318,2014-01-04,"{""type"":""MultiPoint"",""coordinates"":[]}"
20140105,-0.008096613835153515,2014-01-05,"{""type"":""MultiPoint"",""coordinates"":[]}"
20140106,-0.00860050614047474,2014-01-06,"{""type"":""MultiPoint"",""coordinates"":[]}"
20140107,-0.008848260655082913,2014-01-07,"{""type"":""MultiPoint"",""coordinates"":[]}"
20140108,-0.008024417431205768,2014-01-08,"{""type"":""MultiPoint"",""coordinates"":[]}"
20140109,-0.006903012868522272,2014-01-09,"{""type"":""MultiPoint"",""coordinates"":[]}"
20140110,-0.007800348658219674,2014-01-10,"{""type"":""MultiPoint"",""coordinates"":[]}"
20140111,-0.00783670282409728,2014-01-11,"{""type"":""MultiPoint"",""coordinates"":[]}"
20140112,-0.008114894902731382,2014-01-12,"{""type"":""MultiPoint"",""coordinates"":[]}"
20140113,-0.009146172750617947,2014-01-13,"{""type"":""MultiPoint"",""coordinates"":[]}"
20140114,-0.008927289101058958,2014-01-14,"{""type"":""MultiPoint"",""coordinates"":[]}"
20140115,-0.008351977465430205,2014-01-15,"{""type"":""MultiPoint"",""coordinates"":[]}"
20140116,-0.006633563952574099,2014-01-16,"{""type"":""MultiPoint"",""coordinates"":[]}"
20140117,-0.007199390950126286,2014-01-17,"{""type"":""MultiPoint"",""coordinates"":[]}"
20140118,-0.008758728795786208,2014-01-18,"{""type"":""MultiPoint"",""coordinates"":[]}"
20140119,-0.00878216998596619,2014-01-19,"{""type"":""MultiPoint"",""coordinates"":[]}"
20140120,-0.009210960014353682,2014-01-20,"{""type"":""MultiPoint"",""coordinates"":[]}"
20140121,-0.008756232691332085,2014-01-21,"{""type"":""MultiPoint"",""coordinates"":[]}"
20140122,-0.008823554777917526,2014-01-22,"{""type"":""MultiPoint"",""coordinates"":[]}"
20140123,-0.008971487530819592,2014-01-23,"{""type"":""MultiPoint"",""coordinates"":[]}"
20140124,-0.008470531218687346,2014-01-24,"{""type"":""MultiPoint"",""coordinates"":[]}"
20140125,-0.008683456023015465,2014-01-25,"{""type"":""MultiPoint"",""coordinates"":[]}"
20140126,-0.009172705644202504,2014-01-26,"{""type"":""MultiPoint"",""coordinates"":[]}"
20140127,-0.008810483386691484,2014-01-27,"{""type"":""MultiPoint"",""coordinates"":[]}"
20140128,-0.008862659907753088,2014-01-28,"{""type"":""MultiPoint"",""coordinates"":[]}"
20140129,-0.008737715931271824,2014-01-29,"{""type"":""MultiPoint"",""coordinates"":[]}"
20140130,-0.008902932928546095,2014-01-30,"{""type"":""MultiPoint"",""coordinates"":[]}"
20140131,-0.009565206210263254,2014-01-31,"{""type"":""MultiPoint"",""coordinates"":[]}"
20140201,-0.008448642628329438,2014-02-01,"{""type"":""MultiPoint"",""coordinates"":[]}"
20140202,-0.00888618343262825,2014-02-02,"{""type"":""MultiPoint"",""coordinates"":[]}"
20140203,-0.010016055422760095,2014-02-03,"{""type"":""MultiPoint"",""coordinates"":[]}"
20140204,-0.009364987057825428,2014-02-04,"{""type"":""MultiPoint"",""coordinates"":[]}"
20140205,-0.010091889215500808,2014-02-05,"{""type"":""MultiPoint"",""coordinates"":[]}"
20140206,-0.010885372771078726,2014-02-06,"{""type"":""MultiPoint"",""coordinates"":[]}"
20140207,-0.01122869555972879,2014-02-07,"{""type"":""MultiPoint"",""coordinates"":[]}"
20140208,-0.010693452042611816,2014-02-08,"{""type"":""MultiPoint"",""coordinates"":[]}"
20140209,-0.009113082712231563,2014-02-09,"{""type"":""MultiPoint"",""coordinates"":[]}"
20140210,-0.008380008666955277,2014-02-10,"{""type"":""MultiPoint"",""coordinates"":[]}"
20140211,-0.009617012999582113,2014-02-11,"{""type"":""MultiPoint"",""coordinates"":[]}"
20140212,-0.009499555575927635,2014-02-12,"{""type"":""MultiPoint"",""coordinates"":[]}"
20140213,-0.009621698830670638,2014-02-13,"{""type"":""MultiPoint"",""coordinates"":[]}"
20140214,-0.007401142259578907,2014-02-14,"{""type"":""MultiPoint"",""coordinates"":[]}"
20140215,-0.0066396993592009994,2014-02-15,"{""type"":""MultiPoint"",""coordinates"":[]}"
20140216,-0.007094441868873258,2014-02-16,"{""type"":""MultiPoint"",""coordinates"":[]}"
20140217,-0.008302957099954501,2014-02-17,"{""type"":""MultiPoint"",""coordinates"":[]}"
20140218,-0.007901155195889908,2014-02-18,"{""type"":""MultiPoint"",""coordinates"":[]}"
20140219,-0.007210244880413333,2014-02-19,"{""type"":""MultiPoint"",""coordinates"":[]}"
20140220,-0.007226539855690011,2014-02-20,"{""type"":""MultiPoint"",""coordinates"":[]}"
20140221,-0.007419428388290482,2014-02-21,"{""type"":""MultiPoint"",""coordinates"":[]}"
20140222,-0.008230799252550445,2014-02-22,"{""type"":""MultiPoint"",""coordinates"":[]}"
20140223,-0.010706966119248885,2014-02-23,"{""type"":""MultiPoint"",""coordinates"":[]}"
20140224,-0.009450405778887885,2014-02-24,"{""type"":""MultiPoint"",""coordinates"":[]}"
20140225,-0.0077575504860195625,2014-02-25,"{""type"":""MultiPoint"",""coordinates"":[]}"
20140226,-0.010002110215872861,2014-02-26,"{""type"":""MultiPoint"",""coordinates"":[]}"
20140227,-0.009464924977239856,2014-02-27,"{""type"":""MultiPoint"",""coordinates"":[]}"
20140228,-0.007242107000266514,2014-02-28,"{""type"":""MultiPoint"",""coordinates"":[]}"
20140301,-0.006469489562269518,2014-03-01,"{""type"":""MultiPoint"",""coordinates"":[]}"
20140302,-0.006961504943239403,2014-03-02,"{""type"":""MultiPoint"",""coordinates"":[]}"
20140303,-0.006904754339100844,2014-03-03,"{""type"":""MultiPoint"",""coordinates"":[]}"
20140304,-0.007233654596876029,2014-03-04,"{""type"":""MultiPoint"",""coordinates"":[]}"
20140305,-0.006763961761552178,2014-03-05,"{""type"":""MultiPoint"",""coordinates"":[]}"
20140306,-0.006981503845822397,2014-03-06,"{""type"":""MultiPoint"",""coordinates"":[]}"
20140307,-0.007573981807553389,2014-03-07,"{""type"":""MultiPoint"",""coordinates"":[]}"
20140308,-0.010488789557860466,2014-03-08,"{""type"":""MultiPoint"",""coordinates"":[]}"
20140309,-0.0091501146044617,2014-03-09,"{""type"":""MultiPoint"",""coordinates"":[]}"
20140310,-0.00955198841380984,2014-03-10,"{""type"":""MultiPoint"",""coordinates"":[]}"
20140311,-0.010910932493434623,2014-03-11,"{""type"":""MultiPoint"",""coordinates"":[]}"
20140312,-0.011865408703087098,2014-03-12,"{""type"":""MultiPoint"",""coordinates"":[]}"
20140313,-0.012066794171715077,2014-03-13,"{""type"":""MultiPoint"",""coordinates"":[]}"
20140314,-0.012866503562118858,2014-03-14,"{""type"":""MultiPoint"",""coordinates"":[]}"
20140315,-0.013271896254321566,2014-03-15,"{""type"":""MultiPoint"",""coordinates"":[]}"
20140316,-0.013967776878361343,2014-03-16,"{""type"":""MultiPoint"",""coordinates"":[]}"
20140317,-0.013033720306146336,2014-03-17,"{""type"":""MultiPoint"",""coordinates"":[]}"
20140318,-0.01310384045429948,2014-03-18,"{""type"":""MultiPoint"",""coordinates"":[]}"
20140319,-0.012109263489676229,2014-03-19,"{""type"":""MultiPoint"",""coordinates"":[]}"
20140320,-0.01110578177554527,2014-03-20,"{""type"":""MultiPoint"",""coordinates"":[]}"
20140321,-0.01103601576054959,2014-03-21,"{""type"":""MultiPoint"",""coordinates"":[]}"
20140322,-0.010668087822793042,2014-03-22,"{""type"":""MultiPoint"",""coordinates"":[]}"
20140323,-0.013263039971860515,2014-03-23,"{""type"":""MultiPoint"",""coordinates"":[]}"
20140324,-0.012691366003638162,2014-03-24,"{""type"":""MultiPoint"",""coordinates"":[]}"
20140325,-0.012887452745185057,2014-03-25,"{""type"":""MultiPoint"",""coordinates"":[]}"
20140326,-0.014513091054791769,2014-03-26,"{""type"":""MultiPoint"",""coordinates"":[]}"
20140327,-0.012883729869068801,2014-03-27,"{""type"":""MultiPoint"",""coordinates"":[]}"
20140328,-0.012975814468862831,2014-03-28,"{""type"":""MultiPoint"",""coordinates"":[]}"
20140329,-0.013773869615399148,2014-03-29,"{""type"":""MultiPoint"",""coordinates"":[]}"
20140330,-0.013512139441145309,2014-03-30,"{""type"":""MultiPoint"",""coordinates"":[]}"
20140331,-0.012318060218461302,2014-03-31,"{""type"":""MultiPoint"",""coordinates"":[]}"
20140401,-0.010781910513470792,2014-04-01,"{""type"":""MultiPoint"",""coordinates"":[]}"
20140402,-0.010483127480786543,2014-04-02,"{""type"":""MultiPoint"",""coordinates"":[]}"
20140403,-0.013241982039110915,2014-04-03,"{""type"":""MultiPoint"",""coordinates"":[]}"
20140404,-0.012535910831236736,2014-04-04,"{""type"":""MultiPoint"",""coordinates"":[]}"
20140405,-0.01260138933058864,2014-04-05,"{""type"":""MultiPoint"",""coordinates"":[]}"
20140406,-0.013212773833231597,2014-04-06,"{""type"":""MultiPoint"",""coordinates"":[]}"
20140407,-0.012589936421087916,2014-04-07,"{""type"":""MultiPoint"",""coordinates"":[]}"
20140408,-0.011128052611101964,2014-04-08,"{""type"":""MultiPoint"",""coordinates"":[]}"
20140409,-0.009867231779694532,2014-04-09,"{""type"":""MultiPoint"",""coordinates"":[]}"
20140410,-0.008395563420647454,2014-04-10,"{""type"":""MultiPoint"",""coordinates"":[]}"
20140411,-0.008796851729799071,2014-04-11,"{""type"":""MultiPoint"",""coordinates"":[]}"
20140412,-0.008410321226648351,2014-04-12,"{""type"":""MultiPoint"",""coordinates"":[]}"
20140413,-0.008745330444632889,2014-04-13,"{""type"":""MultiPoint"",""coordinates"":[]}"
20140414,-0.008766188785433855,2014-04-14,"{""type"":""MultiPoint"",""coordinates"":[]}"
20140415,-0.008311894635502949,2014-04-15,"{""type"":""MultiPoint"",""coordinates"":[]}"
20140416,-0.009153445618996354,2014-04-16,"{""type"":""MultiPoint"",""coordinates"":[]}"
20140417,-0.008803757269581583,2014-04-17,"{""type"":""MultiPoint"",""coordinates"":[]}"
20140418,-0.008220419026589498,2014-04-18,"{""type"":""MultiPoint"",""coordinates"":[]}"
20140419,-0.008856217294458952,2014-04-19,"{""type"":""MultiPoint"",""coordinates"":[]}"
20140420,-0.012483719656705031,2014-04-20,"{""type"":""MultiPoint"",""coordinates"":[]}"
20140421,-0.013114383236334742,2014-04-21,"{""type"":""MultiPoint"",""coordinates"":[]}"
20140422,-0.01350040129583692,2014-04-22,"{""type"":""MultiPoint"",""coordinates"":[]}"
20140423,-0.01206855685224661,2014-04-23,"{""type"":""MultiPoint"",""coordinates"":[]}"
20140424,-0.012175552718669415,2014-04-24,"{""type"":""MultiPoint"",""coordinates"":[]}"
20140425,-0.011209137877376193,2014-04-25,"{""type"":""MultiPoint"",""coordinates"":[]}"
20140426,-0.009853779444622766,2014-04-26,"{""type"":""MultiPoint"",""coordinates"":[]}"
20140427,-0.010307412669484144,2014-04-27,"{""type"":""MultiPoint"",""coordinates"":[]}"
20140428,-0.010690715134564028,2014-04-28,"{""type"":""MultiPoint"",""coordinates"":[]}"
20140429,-0.012222238231058747,2014-04-29,"{""type"":""MultiPoint"",""coordinates"":[]}"
20140430,-0.012128673064471157,2014-04-30,"{""type"":""MultiPoint"",""coordinates"":[]}"
20140501,-0.00995092390533048,2014-05-01,"{""type"":""MultiPoint"",""coordinates"":[]}"
20140502,-0.010017137925517462,2014-05-02,"{""type"":""MultiPoint"",""coordinates"":[]}"
20140503,-0.00911391873575217,2014-05-03,"{""type"":""MultiPoint"",""coordinates"":[]}"
20140504,-0.009705377360865776,2014-05-04,"{""type"":""MultiPoint"",""coordinates"":[]}"
20140505,-0.008847923024135998,2014-05-05,"{""type"":""MultiPoint"",""coordinates"":[]}"
20140506,-0.007446642338227275,2014-05-06,"{""type"":""MultiPoint"",""coordinates"":[]}"
20140507,-0.004912383058010887,2014-05-07,"{""type"":""MultiPoint"",""coordinates"":[]}"
20140508,-0.0021319941302100106,2014-05-08,"{""type"":""MultiPoint"",""coordinates"":[]}"
20140509,-0.004925080027182202,2014-05-09,"{""type"":""MultiPoint"",""coordinates"":[]}"
20140510,-0.008435461397337458,2014-05-10,"{""type"":""MultiPoint"",""coordinates"":[]}"
20140511,-0.008041419687804219,2014-05-11,"{""type"":""MultiPoint"",""coordinates"":[]}"
20140512,-0.009249093005734657,2014-05-12,"{""type"":""MultiPoint"",""coordinates"":[]}"
20140513,-0.009108874065557502,2014-05-13,"{""type"":""MultiPoint"",""coordinates"":[]}"
20140514,-0.011365457635865363,2014-05-14,"{""type"":""MultiPoint"",""coordinates"":[]}"
20140515,-0.011363980145401317,2014-05-15,"{""type"":""MultiPoint"",""coordinates"":[]}"
20140516,-0.01105625849549582,2014-05-16,"{""type"":""MultiPoint"",""coordinates"":[]}"
20140517,-0.008723678754108444,2014-05-17,"{""type"":""MultiPoint"",""coordinates"":[]}"
20140518,-0.009405323362533862,2014-05-18,"{""type"":""MultiPoint"",""coordinates"":[]}"
20140519,-0.009150137246580217,2014-05-19,"{""type"":""MultiPoint"",""coordinates"":[]}"
20140520,-0.0073443778530313895,2014-05-20,"{""type"":""MultiPoint"",""coordinates"":[]}"
20140521,-0.008622981766178383,2014-05-21,"{""type"":""MultiPoint"",""coordinates"":[]}"
20140522,-0.009213033901979242,2014-05-22,"{""type"":""MultiPoint"",""coordinates"":[]}"
20140523,-0.00914512278712008,2014-05-23,"{""type"":""MultiPoint"",""coordinates"":[]}"
20140524,-0.009988184493432745,2014-05-24,"{""type"":""MultiPoint"",""coordinates"":[]}"
20140525,-0.010802484479598733,2014-05-25,"{""type"":""MultiPoint"",""coordinates"":[]}"
20140526,-0.009245196760819545,2014-05-26,"{""type"":""MultiPoint"",""coordinates"":[]}"
20140527,-0.007726438343680901,2014-05-27,"{""type"":""MultiPoint"",""coordinates"":[]}"
20140528,-0.0075251254436146005,2014-05-28,"{""type"":""MultiPoint"",""coordinates"":[]}"
20140529,-0.0077113391142233255,2014-05-29,"{""type"":""MultiPoint"",""coordinates"":[]}"
20140530,-0.00860232340802186,2014-05-30,"{""type"":""MultiPoint"",""coordinates"":[]}"
20140531,-0.008389510279371074,2014-05-31,"{""type"":""MultiPoint"",""coordinates"":[]}"
20140601,-0.0067241203788956485,2014-06-01,"{""type"":""MultiPoint"",""coordinates"":[]}"
20140602,-0.007562739924449187,2014-06-02,"{""type"":""MultiPoint"",""coordinates"":[]}"
20140603,-0.0058971308578783434,2014-06-03,"{""type"":""MultiPoint"",""coordinates"":[]}"
20140604,-0.008349325656726584,2014-06-04,"{""type"":""MultiPoint"",""coordinates"":[]}"
20140605,-0.007779864643599732,2014-06-05,"{""type"":""MultiPoint"",""coordinates"":[]}"
20140606,-0.007741167618323013,2014-06-06,"{""type"":""MultiPoint"",""coordinates"":[]}"
20140607,-0.009344336076121562,2014-06-07,"{""type"":""MultiPoint"",""coordinates"":[]}"
20140608,-0.010582767210263922,2014-06-08,"{""type"":""MultiPoint"",""coordinates"":[]}"
20140609,-0.007434333338068692,2014-06-09,"{""type"":""MultiPoint"",""coordinates"":[]}"
20140610,-0.007705607125209759,2014-06-10,"{""type"":""MultiPoint"",""coordinates"":[]}"
20140611,-0.009064355577035062,2014-06-11,"{""type"":""MultiPoint"",""coordinates"":[]}"
20140612,-0.009246491337591293,2014-06-12,"{""type"":""MultiPoint"",""coordinates"":[]}"
20140613,-0.008178727758787021,2014-06-13,"{""type"":""MultiPoint"",""coordinates"":[]}"
20140614,-0.009805393835177716,2014-06-14,"{""type"":""MultiPoint"",""coordinates"":[]}"
20140615,-0.009721645383437384,2014-06-15,"{""type"":""MultiPoint"",""coordinates"":[]}"
20140616,-0.010261670153827554,2014-06-16,"{""type"":""MultiPoint"",""coordinates"":[]}"
20140617,-0.009793461354129306,2014-06-17,"{""type"":""MultiPoint"",""coordinates"":[]}"
20140618,-0.008672912718913002,2014-06-18,"{""type"":""MultiPoint"",""coordinates"":[]}"
20140619,-0.010499530026809313,2014-06-19,"{""type"":""MultiPoint"",""coordinates"":[]}"
20140620,-0.010450222323297275,2014-06-20,"{""type"":""MultiPoint"",""coordinates"":[]}"
20140621,-0.009803544999495378,2014-06-21,"{""type"":""MultiPoint"",""coordinates"":[]}"
20140622,-0.009792773281604737,2014-06-22,"{""type"":""MultiPoint"",""coordinates"":[]}"
20140623,-0.01042863939617761,2014-06-23,"{""type"":""MultiPoint"",""coordinates"":[]}"
20140624,-0.011360641703201644,2014-06-24,"{""type"":""MultiPoint"",""coordinates"":[]}"
20140625,-0.011164686226010648,2014-06-25,"{""type"":""MultiPoint"",""coordinates"":[]}"
20140626,-0.010346820152913192,2014-06-26,"{""type"":""MultiPoint"",""coordinates"":[]}"
20140627,-0.009178451831688991,2014-06-27,"{""type"":""MultiPoint"",""coordinates"":[]}"
20140628,-0.007954066925768078,2014-06-28,"{""type"":""MultiPoint"",""coordinates"":[]}"
20140629,-0.009419070449932015,2014-06-29,"{""type"":""MultiPoint"",""coordinates"":[]}"
20140630,-0.008740922188020861,2014-06-30,"{""type"":""MultiPoint"",""coordinates"":[]}"
20140701,-0.010190878437258103,2014-07-01,"{""type"":""MultiPoint"",""coordinates"":[]}"
20140702,-0.009908829241114516,2014-07-02,"{""type"":""MultiPoint"",""coordinates"":[]}"
20140703,-0.011301588090320789,2014-07-03,"{""type"":""MultiPoint"",""coordinates"":[]}"
20140704,-0.008357305512228604,2014-07-04,"{""type"":""MultiPoint"",""coordinates"":[]}"
20140705,-0.0069769732933747984,2014-07-05,"{""type"":""MultiPoint"",""coordinates"":[]}"
20140706,-0.004607533067564396,2014-07-06,"{""type"":""MultiPoint"",""coordinates"":[]}"
20140707,-0.006462221271132939,2014-07-07,"{""type"":""MultiPoint"",""coordinates"":[]}"
20140708,-0.005922230530594096,2014-07-08,"{""type"":""MultiPoint"",""coordinates"":[]}"
20140709,-0.007112284494088729,2014-07-09,"{""type"":""MultiPoint"",""coordinates"":[]}"
20140710,-0.00482855882731732,2014-07-10,"{""type"":""MultiPoint"",""coordinates"":[]}"
20140711,-0.006918039781047671,2014-07-11,"{""type"":""MultiPoint"",""coordinates"":[]}"
20140712,-0.007399513471403615,2014-07-12,"{""type"":""MultiPoint"",""coordinates"":[]}"
20140713,-0.0036348243068253646,2014-07-13,"{""type"":""MultiPoint"",""coordinates"":[]}"
20140714,-0.0035858512987127352,2014-07-14,"{""type"":""MultiPoint"",""coordinates"":[]}"
20140715,-0.005247840385264116,2014-07-15,"{""type"":""MultiPoint"",""coordinates"":[]}"
20140716,-0.008787812433950567,2014-07-16,"{""type"":""MultiPoint"",""coordinates"":[]}"
20140717,-0.008411253655150145,2014-07-17,"{""type"":""MultiPoint"",""coordinates"":[]}"
20140718,-0.00902510993474791,2014-07-18,"{""type"":""MultiPoint"",""coordinates"":[]}"
20140719,-0.007522998319966133,2014-07-19,"{""type"":""MultiPoint"",""coordinates"":[]}"
20140720,-0.008016407264104245,2014-07-20,"{""type"":""MultiPoint"",""coordinates"":[]}"
20140721,-0.009021162162223258,2014-07-21,"{""type"":""MultiPoint"",""coordinates"":[]}"
20140722,-0.007685326990092482,2014-07-22,"{""type"":""MultiPoint"",""coordinates"":[]}"
20140723,-0.007661262342006031,2014-07-23,"{""type"":""MultiPoint"",""coordinates"":[]}"
20140724,-0.008783652295657009,2014-07-24,"{""type"":""MultiPoint"",""coordinates"":[]}"
20140725,-0.008763737537489494,2014-07-25,"{""type"":""MultiPoint"",""coordinates"":[]}"
20140726,-0.0074302781209961265,2014-07-26,"{""type"":""MultiPoint"",""coordinates"":[]}"
20140727,-0.007743448220601667,2014-07-27,"{""type"":""MultiPoint"",""coordinates"":[]}"
20140728,-0.0067608413391357656,2014-07-28,"{""type"":""MultiPoint"",""coordinates"":[]}"
20140729,-0.008584501781137892,2014-07-29,"{""type"":""MultiPoint"",""coordinates"":[]}"
20140730,-0.00711395890818112,2014-07-30,"{""type"":""MultiPoint"",""coordinates"":[]}"
20140731,-0.005232754108090171,2014-07-31,"{""type"":""MultiPoint"",""coordinates"":[]}"
20140801,-0.00523393115358328,2014-08-01,"{""type"":""MultiPoint"",""coordinates"":[]}"
20140802,-0.005984834522884393,2014-08-02,"{""type"":""MultiPoint"",""coordinates"":[]}"
20140803,-0.007171289934030086,2014-08-03,"{""type"":""MultiPoint"",""coordinates"":[]}"
20140804,-0.007740913693028959,2014-08-04,"{""type"":""MultiPoint"",""coordinates"":[]}"
20140805,-0.007832405026270917,2014-08-05,"{""type"":""MultiPoint"",""coordinates"":[]}"
20140806,-0.006968543208347079,2014-08-06,"{""type"":""MultiPoint"",""coordinates"":[]}"
20140807,-0.00486968731591402,2014-08-07,"{""type"":""MultiPoint"",""coordinates"":[]}"
20140808,-0.005078836208598077,2014-08-08,"{""type"":""MultiPoint"",""coordinates"":[]}"
20140809,-0.00640989756940554,2014-08-09,"{""type"":""MultiPoint"",""coordinates"":[]}"
20140810,-0.005082158823810532,2014-08-10,"{""type"":""MultiPoint"",""coordinates"":[]}"
20140811,-0.004307460783947655,2014-08-11,"{""type"":""MultiPoint"",""coordinates"":[]}"
20140812,-0.004047125445489375,2014-08-12,"{""type"":""MultiPoint"",""coordinates"":[]}"
20140813,-0.006712766207736378,2014-08-13,"{""type"":""MultiPoint"",""coordinates"":[]}"
20140814,-0.006874229131034978,2014-08-14,"{""type"":""MultiPoint"",""coordinates"":[]}"
20140815,-0.007731734985469784,2014-08-15,"{""type"":""MultiPoint"",""coordinates"":[]}"
20140816,-0.007602257604830945,2014-08-16,"{""type"":""MultiPoint"",""coordinates"":[]}"
20140817,-0.006261899250453154,2014-08-17,"{""type"":""MultiPoint"",""coordinates"":[]}"
20140818,-0.005383680268717397,2014-08-18,"{""type"":""MultiPoint"",""coordinates"":[]}"
20140819,-0.005078892737277277,2014-08-19,"{""type"":""MultiPoint"",""coordinates"":[]}"
20140820,-0.005545249444329594,2014-08-20,"{""type"":""MultiPoint"",""coordinates"":[]}"
20140821,-0.006084252171398797,2014-08-21,"{""type"":""MultiPoint"",""coordinates"":[]}"
20140822,-0.006773204976521452,2014-08-22,"{""type"":""MultiPoint"",""coordinates"":[]}"
20140823,-0.006075112008997015,2014-08-23,"{""type"":""MultiPoint"",""coordinates"":[]}"
20140824,-0.0063056021926551535,2014-08-24,"{""type"":""MultiPoint"",""coordinates"":[]}"
20140825,-0.00609426513223339,2014-08-25,"{""type"":""MultiPoint"",""coordinates"":[]}"
20140826,-0.00631830555619749,2014-08-26,"{""type"":""MultiPoint"",""coordinates"":[]}"
20140827,-0.004130967628886339,2014-08-27,"{""type"":""MultiPoint"",""coordinates"":[]}"
20140828,-0.004765184079576158,2014-08-28,"{""type"":""MultiPoint"",""coordinates"":[]}"
20140829,-0.004615317956634402,2014-08-29,"{""type"":""MultiPoint"",""coordinates"":[]}"
20140830,-0.007698977021735386,2014-08-30,"{""type"":""MultiPoint"",""coordinates"":[]}"
20140831,-0.007580063231977575,2014-08-31,"{""type"":""MultiPoint"",""coordinates"":[]}"
20140901,-0.006473930578705178,2014-09-01,"{""type"":""MultiPoint"",""coordinates"":[]}"
20140902,-0.00505957307836268,2014-09-02,"{""type"":""MultiPoint"",""coordinates"":[]}"
20140903,-0.004555082277576695,2014-09-03,"{""type"":""MultiPoint"",""coordinates"":[]}"
20140904,-0.005794188523043315,2014-09-04,"{""type"":""MultiPoint"",""coordinates"":[]}"
20140905,-0.005559124773683088,2014-09-05,"{""type"":""MultiPoint"",""coordinates"":[]}"
20140906,-0.005938705689631944,2014-09-06,"{""type"":""MultiPoint"",""coordinates"":[]}"
20140907,-0.006093946331476104,2014-09-07,"{""type"":""MultiPoint"",""coordinates"":[]}"
20140908,-0.008085270722057218,2014-09-08,"{""type"":""MultiPoint"",""coordinates"":[]}"
20140909,-0.0075262418734216175,2014-09-09,"{""type"":""MultiPoint"",""coordinates"":[]}"
20140910,-0.008385836395748174,2014-09-10,"{""type"":""MultiPoint"",""coordinates"":[]}"
20140911,-0.00813582360458103,2014-09-11,"{""type"":""MultiPoint"",""coordinates"":[]}"
20140912,-0.008672097798826247,2014-09-12,"{""type"":""MultiPoint"",""coordinates"":[]}"
20140913,-0.007909744867077574,2014-09-13,"{""type"":""MultiPoint"",""coordinates"":[]}"
20140914,-0.007385663858964377,2014-09-14,"{""type"":""MultiPoint"",""coordinates"":[]}"
20140915,-0.007548525673428157,2014-09-15,"{""type"":""MultiPoint"",""coordinates"":[]}"
20140916,-0.00742821680253632,2014-09-16,"{""type"":""MultiPoint"",""coordinates"":[]}"
20140917,-0.007379030312875086,2014-09-17,"{""type"":""MultiPoint"",""coordinates"":[]}"
20140918,-0.00477305374050412,2014-09-18,"{""type"":""MultiPoint"",""coordinates"":[]}"
20140919,-0.005656364538501081,2014-09-19,"{""type"":""MultiPoint"",""coordinates"":[]}"
20140920,-0.00669344846708888,2014-09-20,"{""type"":""MultiPoint"",""coordinates"":[]}"
20140921,-0.006181839811131982,2014-09-21,"{""type"":""MultiPoint"",""coordinates"":[]}"
20140922,-0.006248474159178076,2014-09-22,"{""type"":""MultiPoint"",""coordinates"":[]}"
20140923,-0.005583291619753382,2014-09-23,"{""type"":""MultiPoint"",""coordinates"":[]}"
20140924,-0.005338576250375854,2014-09-24,"{""type"":""MultiPoint"",""coordinates"":[]}"
20140925,-0.005255337646505948,2014-09-25,"{""type"":""MultiPoint"",""coordinates"":[]}"
20140926,-0.005938480874513447,2014-09-26,"{""type"":""MultiPoint"",""coordinates"":[]}"
20140927,-0.007160876005106075,2014-09-27,"{""type"":""MultiPoint"",""coordinates"":[]}"
20140928,-0.006246843425972673,2014-09-28,"{""type"":""MultiPoint"",""coordinates"":[]}"
20140929,-0.006650935384936166,2014-09-29,"{""type"":""MultiPoint"",""coordinates"":[]}"
20140930,-0.006121520077696388,2014-09-30,"{""type"":""MultiPoint"",""coordinates"":[]}"
20141001,-0.006632176699146494,2014-10-01,"{""type"":""MultiPoint"",""coordinates"":[]}"
20141002,-0.008084783182762014,2014-10-02,"{""type"":""MultiPoint"",""coordinates"":[]}"
20141003,-0.005956420993700825,2014-10-03,"{""type"":""MultiPoint"",""coordinates"":[]}"
20141004,-0.006044729046895407,2014-10-04,"{""type"":""MultiPoint"",""coordinates"":[]}"
20141005,-0.005749522878629381,2014-10-05,"{""type"":""MultiPoint"",""coordinates"":[]}"
20141006,-0.006027169562901762,2014-10-06,"{""type"":""MultiPoint"",""coordinates"":[]}"
20141007,-0.005149630320372548,2014-10-07,"{""type"":""MultiPoint"",""coordinates"":[]}"
20141008,-0.0037016739331682934,2014-10-08,"{""type"":""MultiPoint"",""coordinates"":[]}"
20141009,-0.00439307154366747,2014-10-09,"{""type"":""MultiPoint"",""coordinates"":[]}"
20141010,-0.0051682938001353165,2014-10-10,"{""type"":""MultiPoint"",""coordinates"":[]}"
20141011,-0.004451361281323066,2014-10-11,"{""type"":""MultiPoint"",""coordinates"":[]}"
20141012,-0.00580448172571284,2014-10-12,"{""type"":""MultiPoint"",""coordinates"":[]}"
20141013,-0.006918043853093783,2014-10-13,"{""type"":""MultiPoint"",""coordinates"":[]}"
20141014,-0.006293262683001583,2014-10-14,"{""type"":""MultiPoint"",""coordinates"":[]}"
20141015,-0.006923123009319785,2014-10-15,"{""type"":""MultiPoint"",""coordinates"":[]}"
20141016,-0.005910460585122077,2014-10-16,"{""type"":""MultiPoint"",""coordinates"":[]}"
20141017,-0.0060013995014999225,2014-10-17,"{""type"":""MultiPoint"",""coordinates"":[]}"
20141018,-0.0031578970585808804,2014-10-18,"{""type"":""MultiPoint"",""coordinates"":[]}"
20141019,-0.00239301827285382,2014-10-19,"{""type"":""MultiPoint"",""coordinates"":[]}"
20141020,-0.0028316468166085336,2014-10-20,"{""type"":""MultiPoint"",""coordinates"":[]}"
20141021,-0.004818802583435723,2014-10-21,"{""type"":""MultiPoint"",""coordinates"":[]}"
20141022,-0.005465447320106261,2014-10-22,"{""type"":""MultiPoint"",""coordinates"":[]}"
20141023,-0.004982264629931439,2014-10-23,"{""type"":""MultiPoint"",""coordinates"":[]}"
20141024,-0.004021745788365326,2014-10-24,"{""type"":""MultiPoint"",""coordinates"":[]}"
20141025,-0.004095432683231616,2014-10-25,"{""type"":""MultiPoint"",""coordinates"":[]}"
20141026,-0.004320942265394577,2014-10-26,"{""type"":""MultiPoint"",""coordinates"":[]}"
20141027,-0.0037367345119076597,2014-10-27,"{""type"":""MultiPoint"",""coordinates"":[]}"
20141028,-0.0039947816296626885,2014-10-28,"{""type"":""MultiPoint"",""coordinates"":[]}"
20141029,-0.005920751747290719,2014-10-29,"{""type"":""MultiPoint"",""coordinates"":[]}"
20141030,-0.0072743530825575406,2014-10-30,"{""type"":""MultiPoint"",""coordinates"":[]}"
20141031,-0.006891884334634977,2014-10-31,"{""type"":""MultiPoint"",""coordinates"":[]}"
20141101,-0.004803540024909005,2014-11-01,"{""type"":""MultiPoint"",""coordinates"":[]}"
20141102,-0.003729709930263651,2014-11-02,"{""type"":""MultiPoint"",""coordinates"":[]}"
20141103,-0.005757708708206906,2014-11-03,"{""type"":""MultiPoint"",""coordinates"":[]}"
20141104,-0.004320620812447566,2014-11-04,"{""type"":""MultiPoint"",""coordinates"":[]}"
20141105,-0.006064438309342148,2014-11-05,"{""type"":""MultiPoint"",""coordinates"":[]}"
20141106,-0.007233589085716535,2014-11-06,"{""type"":""MultiPoint"",""coordinates"":[]}"
20141107,-0.006688018302192734,2014-11-07,"{""type"":""MultiPoint"",""coordinates"":[]}"
20141108,-0.0064256081025929985,2014-11-08,"{""type"":""MultiPoint"",""coordinates"":[]}"
20141109,-0.006047066422476821,2014-11-09,"{""type"":""MultiPoint"",""coordinates"":[]}"
20141110,-0.006065546539620189,2014-11-10,"{""type"":""MultiPoint"",""coordinates"":[]}"
20141111,-0.006804820191750248,2014-11-11,"{""type"":""MultiPoint"",""coordinates"":[]}"
20141112,-0.005540940243692664,2014-11-12,"{""type"":""MultiPoint"",""coordinates"":[]}"
20141113,-0.0015490245939074332,2014-11-13,"{""type"":""MultiPoint"",""coordinates"":[]}"
20141114,-0.003937546304182957,2014-11-14,"{""type"":""MultiPoint"",""coordinates"":[]}"
20141115,-0.005394250510135242,2014-11-15,"{""type"":""MultiPoint"",""coordinates"":[]}"
20141116,-0.007269180209882654,2014-11-16,"{""type"":""MultiPoint"",""coordinates"":[]}"
20141117,-0.007893271031307497,2014-11-17,"{""type"":""MultiPoint"",""coordinates"":[]}"
20141118,-0.006988594617631701,2014-11-18,"{""type"":""MultiPoint"",""coordinates"":[]}"
20141119,-0.007245577713782018,2014-11-19,"{""type"":""MultiPoint"",""coordinates"":[]}"
20141120,-0.007599317269366132,2014-11-20,"{""type"":""MultiPoint"",""coordinates"":[]}"
20141121,-0.006848268218998702,2014-11-21,"{""type"":""MultiPoint"",""coordinates"":[]}"
20141122,-0.005153327142794742,2014-11-22,"{""type"":""MultiPoint"",""coordinates"":[]}"
20141123,-0.007873684821287565,2014-11-23,"{""type"":""MultiPoint"",""coordinates"":[]}"
20141124,-0.008010460249541197,2014-11-24,"{""type"":""MultiPoint"",""coordinates"":[]}"
20141125,-0.0074301224223358,2014-11-25,"{""type"":""MultiPoint"",""coordinates"":[]}"
20141126,-0.007166299366946125,2014-11-26,"{""type"":""MultiPoint"",""coordinates"":[]}"
20141127,-0.007601777688301677,2014-11-27,"{""type"":""MultiPoint"",""coordinates"":[]}"
20141128,-0.0067427491286274335,2014-11-28,"{""type"":""MultiPoint"",""coordinates"":[]}"
20141129,-0.00527234757619884,2014-11-29,"{""type"":""MultiPoint"",""coordinates"":[]}"
20141130,-0.008519189652219839,2014-11-30,"{""type"":""MultiPoint"",""coordinates"":[]}"
20141201,-0.008652603817717885,2014-12-01,"{""type"":""MultiPoint"",""coordinates"":[]}"
20141202,-0.008038720756521548,2014-12-02,"{""type"":""MultiPoint"",""coordinates"":[]}"
20141203,-0.007190785214138837,2014-12-03,"{""type"":""MultiPoint"",""coordinates"":[]}"
20141204,-0.007386352450176663,2014-12-04,"{""type"":""MultiPoint"",""coordinates"":[]}"
20141205,-0.007714374098371104,2014-12-05,"{""type"":""MultiPoint"",""coordinates"":[]}"
20141206,-0.00791407092712486,2014-12-06,"{""type"":""MultiPoint"",""coordinates"":[]}"
20141207,-0.006033224436871911,2014-12-07,"{""type"":""MultiPoint"",""coordinates"":[]}"
20141208,-0.0056247117252317385,2014-12-08,"{""type"":""MultiPoint"",""coordinates"":[]}"
20141209,-0.006664692699587072,2014-12-09,"{""type"":""MultiPoint"",""coordinates"":[]}"
20141210,-0.005221776544076961,2014-12-10,"{""type"":""MultiPoint"",""coordinates"":[]}"
20141211,-0.005288949515585887,2014-12-11,"{""type"":""MultiPoint"",""coordinates"":[]}"
20141212,-0.005018299641881402,2014-12-12,"{""type"":""MultiPoint"",""coordinates"":[]}"
20141213,-0.004467657501762175,2014-12-13,"{""type"":""MultiPoint"",""coordinates"":[]}"
20141214,-0.0037576349231226163,2014-12-14,"{""type"":""MultiPoint"",""coordinates"":[]}"
20141215,-0.004992661887943003,2014-12-15,"{""type"":""MultiPoint"",""coordinates"":[]}"
20141216,-0.0064725575280918405,2014-12-16,"{""type"":""MultiPoint"",""coordinates"":[]}"
20141217,-0.0056262528976899,2014-12-17,"{""type"":""MultiPoint"",""coordinates"":[]}"
20141218,-0.005993362434348475,2014-12-18,"{""type"":""MultiPoint"",""coordinates"":[]}"
20141219,-0.005269653550554053,2014-12-19,"{""type"":""MultiPoint"",""coordinates"":[]}"
20141220,-0.0061169921820268345,2014-12-20,"{""type"":""MultiPoint"",""coordinates"":[]}"
20141221,-0.006066792499373598,2014-12-21,"{""type"":""MultiPoint"",""coordinates"":[]}"
20141222,-0.00683402998986626,2014-12-22,"{""type"":""MultiPoint"",""coordinates"":[]}"
20141223,-0.007153989064550625,2014-12-23,"{""type"":""MultiPoint"",""coordinates"":[]}"
20141224,-0.007058584654812052,2014-12-24,"{""type"":""MultiPoint"",""coordinates"":[]}"
20141225,-0.007340142016281635,2014-12-25,"{""type"":""MultiPoint"",""coordinates"":[]}"
20141226,-0.007833715522381116,2014-12-26,"{""type"":""MultiPoint"",""coordinates"":[]}"
20141227,-0.007926149691517809,2014-12-27,"{""type"":""MultiPoint"",""coordinates"":[]}"
20141228,-0.0037416817890213627,2014-12-28,"{""type"":""MultiPoint"",""coordinates"":[]}"
20141229,-0.004356152830236647,2014-12-29,"{""type"":""MultiPoint"",""coordinates"":[]}"
20141230,-0.006333800993840887,2014-12-30,"{""type"":""MultiPoint"",""coordinates"":[]}"
20141231,-0.0056285093702087615,2014-12-31,"{""type"":""MultiPoint"",""coordinates"":[]}"
20150101,-0.005538567499329471,2015-01-01,"{""type"":""MultiPoint"",""coordinates"":[]}"
20150102,-0.005472303719620436,2015-01-02,"{""type"":""MultiPoint"",""coordinates"":[]}"
20150103,-0.006249560799283823,2015-01-03,"{""type"":""MultiPoint"",""coordinates"":[]}"
20150104,-0.006701960667053539,2015-01-04,"{""type"":""MultiPoint"",""coordinates"":[]}"
20150105,-0.006979790572045476,2015-01-05,"{""type"":""MultiPoint"",""coordinates"":[]}"
20150106,-0.00617266156837053,2015-01-06,"{""type"":""MultiPoint"",""coordinates"":[]}"
20150107,-0.0053592373910276835,2015-01-07,"{""type"":""MultiPoint"",""coordinates"":[]}"
20150108,-0.0057424909535608,2015-01-08,"{""type"":""MultiPoint"",""coordinates"":[]}"
20150109,-0.006027988908659939,2015-01-09,"{""type"":""MultiPoint"",""coordinates"":[]}"
20150110,-0.008250063711395833,2015-01-10,"{""type"":""MultiPoint"",""coordinates"":[]}"
20150111,-0.008304918953949069,2015-01-11,"{""type"":""MultiPoint"",""coordinates"":[]}"
20150112,-0.008131943413976273,2015-01-12,"{""type"":""MultiPoint"",""coordinates"":[]}"
20150113,-0.008164898634999255,2015-01-13,"{""type"":""MultiPoint"",""coordinates"":[]}"
20150114,-0.007832482620117669,2015-01-14,"{""type"":""MultiPoint"",""coordinates"":[]}"
20150115,-0.008150833581423454,2015-01-15,"{""type"":""MultiPoint"",""coordinates"":[]}"
20150116,-0.007640224925658758,2015-01-16,"{""type"":""MultiPoint"",""coordinates"":[]}"
20150117,-0.006733374056967536,2015-01-17,"{""type"":""MultiPoint"",""coordinates"":[]}"
20150118,-0.007648863683016826,2015-01-18,"{""type"":""MultiPoint"",""coordinates"":[]}"
20150119,-0.008310203417540933,2015-01-19,"{""type"":""MultiPoint"",""coordinates"":[]}"
20150120,-0.007607623516325152,2015-01-20,"{""type"":""MultiPoint"",""coordinates"":[]}"
20150121,-0.007732279627490634,2015-01-21,"{""type"":""MultiPoint"",""coordinates"":[]}"
20150122,-0.008235477274987728,2015-01-22,"{""type"":""MultiPoint"",""coordinates"":[]}"
20150123,-0.008186071828148938,2015-01-23,"{""type"":""MultiPoint"",""coordinates"":[]}"
20150124,-0.00632754975913651,2015-01-24,"{""type"":""MultiPoint"",""coordinates"":[]}"
20150125,-0.009249901726954267,2015-01-25,"{""type"":""MultiPoint"",""coordinates"":[]}"
20150126,-0.009063893251577108,2015-01-26,"{""type"":""MultiPoint"",""coordinates"":[]}"
20150127,-0.008303065441602725,2015-01-27,"{""type"":""MultiPoint"",""coordinates"":[]}"
20150128,-0.007593077764360612,2015-01-28,"{""type"":""MultiPoint"",""coordinates"":[]}"
20150129,-0.0073517706440330375,2015-01-29,"{""type"":""MultiPoint"",""coordinates"":[]}"
20150130,-0.008004664545193503,2015-01-30,"{""type"":""MultiPoint"",""coordinates"":[]}"
20150131,-0.009327737981431505,2015-01-31,"{""type"":""MultiPoint"",""coordinates"":[]}"
20150201,-0.008776030360831001,2015-02-01,"{""type"":""MultiPoint"",""coordinates"":[]}"
20150202,-0.009372080818058352,2015-02-02,"{""type"":""MultiPoint"",""coordinates"":[]}"
20150203,-0.009111664193328645,2015-02-03,"{""type"":""MultiPoint"",""coordinates"":[]}"
20150204,-0.009391026912920366,2015-02-04,"{""type"":""MultiPoint"",""coordinates"":[]}"
20150205,-0.00995417664508888,2015-02-05,"{""type"":""MultiPoint"",""coordinates"":[]}"
20150206,-0.009794476076902318,2015-02-06,"{""type"":""MultiPoint"",""coordinates"":[]}"
20150207,-0.009430575737986438,2015-02-07,"{""type"":""MultiPoint"",""coordinates"":[]}"
20150208,-0.009380310315589791,2015-02-08,"{""type"":""MultiPoint"",""coordinates"":[]}"
20150209,-0.010012400420266245,2015-02-09,"{""type"":""MultiPoint"",""coordinates"":[]}"
20150210,-0.008517641078885673,2015-02-10,"{""type"":""MultiPoint"",""coordinates"":[]}"
20150211,-0.008304582521631526,2015-02-11,"{""type"":""MultiPoint"",""coordinates"":[]}"
20150212,-0.008196435230821156,2015-02-12,"{""type"":""MultiPoint"",""coordinates"":[]}"
20150213,-0.008423721729578964,2015-02-13,"{""type"":""MultiPoint"",""coordinates"":[]}"
20150214,-0.009429391638379647,2015-02-14,"{""type"":""MultiPoint"",""coordinates"":[]}"
20150215,-0.009816336228291641,2015-02-15,"{""type"":""MultiPoint"",""coordinates"":[]}"
20150216,-0.010550883295778931,2015-02-16,"{""type"":""MultiPoint"",""coordinates"":[]}"
20150217,-0.0102631621703937,2015-02-17,"{""type"":""MultiPoint"",""coordinates"":[]}"
20150218,-0.010174616545976733,2015-02-18,"{""type"":""MultiPoint"",""coordinates"":[]}"
20150219,-0.010487725712106542,2015-02-19,"{""type"":""MultiPoint"",""coordinates"":[]}"
20150220,-0.011322925569080025,2015-02-20,"{""type"":""MultiPoint"",""coordinates"":[]}"
20150221,-0.012486419317296037,2015-02-21,"{""type"":""MultiPoint"",""coordinates"":[]}"
20150222,-0.012530331671821096,2015-02-22,"{""type"":""MultiPoint"",""coordinates"":[]}"
20150223,-0.01294637314679519,2015-02-23,"{""type"":""MultiPoint"",""coordinates"":[]}"
20150224,-0.011965943841660482,2015-02-24,"{""type"":""MultiPoint"",""coordinates"":[]}"
20150225,-0.009887881909999294,2015-02-25,"{""type"":""MultiPoint"",""coordinates"":[]}"
20150226,-0.009262011680172955,2015-02-26,"{""type"":""MultiPoint"",""coordinates"":[]}"
20150227,-0.00896928432284142,2015-02-27,"{""type"":""MultiPoint"",""coordinates"":[]}"
20150228,-0.007386069466374372,2015-02-28,"{""type"":""MultiPoint"",""coordinates"":[]}"
20150301,-0.007883489424604862,2015-03-01,"{""type"":""MultiPoint"",""coordinates"":[]}"
20150302,-0.007042292404514262,2015-03-02,"{""type"":""MultiPoint"",""coordinates"":[]}"
20150303,-0.006799448468159254,2015-03-03,"{""type"":""MultiPoint"",""coordinates"":[]}"
20150304,-0.006352674684592692,2015-03-04,"{""type"":""MultiPoint"",""coordinates"":[]}"
20150305,-0.00719385381703521,2015-03-05,"{""type"":""MultiPoint"",""coordinates"":[]}"
20150306,-0.006829015366786516,2015-03-06,"{""type"":""MultiPoint"",""coordinates"":[]}"
20150307,-0.006232451226246356,2015-03-07,"{""type"":""MultiPoint"",""coordinates"":[]}"
20150308,-0.008659824759875158,2015-03-08,"{""type"":""MultiPoint"",""coordinates"":[]}"
20150309,-0.00908417267128102,2015-03-09,"{""type"":""MultiPoint"",""coordinates"":[]}"
20150310,-0.011453832631774095,2015-03-10,"{""type"":""MultiPoint"",""coordinates"":[]}"
20150311,-0.010584029676166328,2015-03-11,"{""type"":""MultiPoint"",""coordinates"":[]}"
20150312,-0.010152194022493965,2015-03-12,"{""type"":""MultiPoint"",""coordinates"":[]}"
20150313,-0.01086689885187964,2015-03-13,"{""type"":""MultiPoint"",""coordinates"":[]}"
20150314,-0.01082356193857123,2015-03-14,"{""type"":""MultiPoint"",""coordinates"":[]}"
20150315,-0.008425576065287604,2015-03-15,"{""type"":""MultiPoint"",""coordinates"":[]}"
20150316,-0.009649122062416958,2015-03-16,"{""type"":""MultiPoint"",""coordinates"":[]}"
20150317,-0.011429167123095376,2015-03-17,"{""type"":""MultiPoint"",""coordinates"":[]}"
20150318,-0.01163746562839857,2015-03-18,"{""type"":""MultiPoint"",""coordinates"":[]}"
20150319,-0.012098499355206396,2015-03-19,"{""type"":""MultiPoint"",""coordinates"":[]}"
20150320,-0.013398215836237388,2015-03-20,"{""type"":""MultiPoint"",""coordinates"":[]}"
20150321,-0.01350266977578424,2015-03-21,"{""type"":""MultiPoint"",""coordinates"":[]}"
20150322,-0.012895895034444927,2015-03-22,"{""type"":""MultiPoint"",""coordinates"":[]}"
20150323,-0.010788540464633857,2015-03-23,"{""type"":""MultiPoint"",""coordinates"":[]}"
20150324,-0.012050436438320593,2015-03-24,"{""type"":""MultiPoint"",""coordinates"":[]}"
20150325,-0.012811627781157593,2015-03-25,"{""type"":""MultiPoint"",""coordinates"":[]}"
20150326,-0.01249048432577033,2015-03-26,"{""type"":""MultiPoint"",""coordinates"":[]}"
20150327,-0.011932335473010851,2015-03-27,"{""type"":""MultiPoint"",""coordinates"":[]}"
20150328,-0.011667128005869064,2015-03-28,"{""type"":""MultiPoint"",""coordinates"":[]}"
20150329,-0.011445107102195188,2015-03-29,"{""type"":""MultiPoint"",""coordinates"":[]}"
20150330,-0.011325837987981422,2015-03-30,"{""type"":""MultiPoint"",""coordinates"":[]}"
20150331,-0.00956445200567472,2015-03-31,"{""type"":""MultiPoint"",""coordinates"":[]}"
20150401,-0.007610306842341583,2015-04-01,"{""type"":""MultiPoint"",""coordinates"":[]}"
20150402,-0.009376294907073323,2015-04-02,"{""type"":""MultiPoint"",""coordinates"":[]}"
20150403,-0.008806184823812157,2015-04-03,"{""type"":""MultiPoint"",""coordinates"":[]}"
20150404,-0.010333090380611488,2015-04-04,"{""type"":""MultiPoint"",""coordinates"":[]}"
20150405,-0.010133010668025114,2015-04-05,"{""type"":""MultiPoint"",""coordinates"":[]}"
20150406,-0.00955666494787795,2015-04-06,"{""type"":""MultiPoint"",""coordinates"":[]}"
20150407,-0.009808712668421819,2015-04-07,"{""type"":""MultiPoint"",""coordinates"":[]}"
20150408,-0.010459558236148253,2015-04-08,"{""type"":""MultiPoint"",""coordinates"":[]}"
20150409,-0.010410398599158996,2015-04-09,"{""type"":""MultiPoint"",""coordinates"":[]}"
20150410,-0.009212126363233989,2015-04-10,"{""type"":""MultiPoint"",""coordinates"":[]}"
20150411,-0.008952348780308171,2015-04-11,"{""type"":""MultiPoint"",""coordinates"":[]}"
20150412,-0.006934170324707544,2015-04-12,"{""type"":""MultiPoint"",""coordinates"":[]}"
20150413,-0.005496304377294747,2015-04-13,"{""type"":""MultiPoint"",""coordinates"":[]}"
20150414,-0.006080196709104779,2015-04-14,"{""type"":""MultiPoint"",""coordinates"":[]}"
20150415,-0.00606053313859231,2015-04-15,"{""type"":""MultiPoint"",""coordinates"":[]}"
20150416,-0.0062190908581492045,2015-04-16,"{""type"":""MultiPoint"",""coordinates"":[]}"
20150417,-0.007489910730453785,2015-04-17,"{""type"":""MultiPoint"",""coordinates"":[]}"
20150418,-0.007762943260519224,2015-04-18,"{""type"":""MultiPoint"",""coordinates"":[]}"
20150419,-0.008595680939841276,2015-04-19,"{""type"":""MultiPoint"",""coordinates"":[]}"
20150420,-0.008387826565385705,2015-04-20,"{""type"":""MultiPoint"",""coordinates"":[]}"
20150421,-0.007983610682267345,2015-04-21,"{""type"":""MultiPoint"",""coordinates"":[]}"
20150422,-0.007697123782985272,2015-04-22,"{""type"":""MultiPoint"",""coordinates"":[]}"
20150423,-0.006151917958636545,2015-04-23,"{""type"":""MultiPoint"",""coordinates"":[]}"
20150424,-0.006963714915110522,2015-04-24,"{""type"":""MultiPoint"",""coordinates"":[]}"
20150425,-0.007286774865737425,2015-04-25,"{""type"":""MultiPoint"",""coordinates"":[]}"
20150426,-0.006306203444749088,2015-04-26,"{""type"":""MultiPoint"",""coordinates"":[]}"
20150427,-0.008030055778080346,2015-04-27,"{""type"":""MultiPoint"",""coordinates"":[]}"
20150428,-0.008469754906278673,2015-04-28,"{""type"":""MultiPoint"",""coordinates"":[]}"
20150429,-0.0076924665660792185,2015-04-29,"{""type"":""MultiPoint"",""coordinates"":[]}"
20150430,-0.008107898490567127,2015-04-30,"{""type"":""MultiPoint"",""coordinates"":[]}"
20150501,-0.008593968464340407,2015-05-01,"{""type"":""MultiPoint"",""coordinates"":[]}"
20150502,-0.00841044921640231,2015-05-02,"{""type"":""MultiPoint"",""coordinates"":[]}"
20150503,-0.007310907635111362,2015-05-03,"{""type"":""MultiPoint"",""coordinates"":[]}"
20150504,-0.0073505610619580405,2015-05-04,"{""type"":""MultiPoint"",""coordinates"":[]}"
20150505,-0.008646897066938925,2015-05-05,"{""type"":""MultiPoint"",""coordinates"":[]}"
20150506,-0.006472719641257183,2015-05-06,"{""type"":""MultiPoint"",""coordinates"":[]}"
20150507,-0.006952293675480855,2015-05-07,"{""type"":""MultiPoint"",""coordinates"":[]}"
20150508,-0.008427944743089874,2015-05-08,"{""type"":""MultiPoint"",""coordinates"":[]}"
20150509,-0.008954539848316654,2015-05-09,"{""type"":""MultiPoint"",""coordinates"":[]}"
20150510,-0.008516478072418262,2015-05-10,"{""type"":""MultiPoint"",""coordinates"":[]}"
20150511,-0.006933342360453838,2015-05-11,"{""type"":""MultiPoint"",""coordinates"":[]}"
20150512,-0.0061658148586522426,2015-05-12,"{""type"":""MultiPoint"",""coordinates"":[]}"
20150513,-0.005345978721489816,2015-05-13,"{""type"":""MultiPoint"",""coordinates"":[]}"
20150514,-0.004485725190424135,2015-05-14,"{""type"":""MultiPoint"",""coordinates"":[]}"
20150515,-0.004121840775266067,2015-05-15,"{""type"":""MultiPoint"",""coordinates"":[]}"
20150516,-0.004182070760769322,2015-05-16,"{""type"":""MultiPoint"",""coordinates"":[]}"
20150517,-0.004993953525267829,2015-05-17,"{""type"":""MultiPoint"",""coordinates"":[]}"
20150518,-0.0064924011101671454,2015-05-18,"{""type"":""MultiPoint"",""coordinates"":[]}"
20150519,-0.006788647399953854,2015-05-19,"{""type"":""MultiPoint"",""coordinates"":[]}"
20150520,-0.008384616868608362,2015-05-20,"{""type"":""MultiPoint"",""coordinates"":[]}"
20150521,-0.00940244710724582,2015-05-21,"{""type"":""MultiPoint"",""coordinates"":[]}"
20150522,-0.008062717452958217,2015-05-22,"{""type"":""MultiPoint"",""coordinates"":[]}"
20150523,-0.008585988467692401,2015-05-23,"{""type"":""MultiPoint"",""coordinates"":[]}"
20150524,-0.009736037607132127,2015-05-24,"{""type"":""MultiPoint"",""coordinates"":[]}"
20150525,-0.010082715311050788,2015-05-25,"{""type"":""MultiPoint"",""coordinates"":[]}"
20150526,-0.009660988404096488,2015-05-26,"{""type"":""MultiPoint"",""coordinates"":[]}"
20150527,-0.008629072741683116,2015-05-27,"{""type"":""MultiPoint"",""coordinates"":[]}"
20150528,-0.008246442013539391,2015-05-28,"{""type"":""MultiPoint"",""coordinates"":[]}"
20150529,-0.0068434943268404335,2015-05-29,"{""type"":""MultiPoint"",""coordinates"":[]}"
20150530,-0.008175282923075802,2015-05-30,"{""type"":""MultiPoint"",""coordinates"":[]}"
20150531,-0.007730770208195119,2015-05-31,"{""type"":""MultiPoint"",""coordinates"":[]}"
20150601,-0.00633152591191749,2015-06-01,"{""type"":""MultiPoint"",""coordinates"":[]}"
20150602,-0.006759376496176777,2015-06-02,"{""type"":""MultiPoint"",""coordinates"":[]}"
20150603,-0.0067541319452814955,2015-06-03,"{""type"":""MultiPoint"",""coordinates"":[]}"
20150604,-0.005236893529161333,2015-06-04,"{""type"":""MultiPoint"",""coordinates"":[]}"
20150605,-0.006529237412695143,2015-06-05,"{""type"":""MultiPoint"",""coordinates"":[]}"
20150606,-0.007264468746094331,2015-06-06,"{""type"":""MultiPoint"",""coordinates"":[]}"
20150607,-0.008237624940683703,2015-06-07,"{""type"":""MultiPoint"",""coordinates"":[]}"
20150608,-0.007524213873442179,2015-06-08,"{""type"":""MultiPoint"",""coordinates"":[]}"
20150609,-0.007387333258807078,2015-06-09,"{""type"":""MultiPoint"",""coordinates"":[]}"
20150610,-0.00860254163764586,2015-06-10,"{""type"":""MultiPoint"",""coordinates"":[]}"
20150611,-0.007644442909088304,2015-06-11,"{""type"":""MultiPoint"",""coordinates"":[]}"
20150612,-0.005753444860111815,2015-06-12,"{""type"":""MultiPoint"",""coordinates"":[]}"
20150613,-0.006272604452914979,2015-06-13,"{""type"":""MultiPoint"",""coordinates"":[]}"
20150614,-0.006499540826415986,2015-06-14,"{""type"":""MultiPoint"",""coordinates"":[]}"
20150615,-0.006178171057571524,2015-06-15,"{""type"":""MultiPoint"",""coordinates"":[]}"
20150616,-0.00586267035724787,2015-06-16,"{""type"":""MultiPoint"",""coordinates"":[]}"
20150617,-0.0063854303292387145,2015-06-17,"{""type"":""MultiPoint"",""coordinates"":[]}"
20150618,-0.004456724167219194,2015-06-18,"{""type"":""MultiPoint"",""coordinates"":[]}"
20150619,-0.0054376127035710015,2015-06-19,"{""type"":""MultiPoint"",""coordinates"":[]}"
20150620,-0.0063217710455315875,2015-06-20,"{""type"":""MultiPoint"",""coordinates"":[]}"
20150621,-0.006437088776930767,2015-06-21,"{""type"":""MultiPoint"",""coordinates"":[]}"
20150622,-0.008599120845738233,2015-06-22,"{""type"":""MultiPoint"",""coordinates"":[]}"
20150623,-0.007093746166199848,2015-06-23,"{""type"":""MultiPoint"",""coordinates"":[]}"
20150624,-0.009147161001003289,2015-06-24,"{""type"":""MultiPoint"",""coordinates"":[]}"
20150625,-0.009123115700897305,2015-06-25,"{""type"":""MultiPoint"",""coordinates"":[]}"
20150626,-0.009764785311415647,2015-06-26,"{""type"":""MultiPoint"",""coordinates"":[]}"
20150627,-0.008673819116051399,2015-06-27,"{""type"":""MultiPoint"",""coordinates"":[]}"
20150628,-0.008351790814651847,2015-06-28,"{""type"":""MultiPoint"",""coordinates"":[]}"
20150629,-0.007072421569781662,2015-06-29,"{""type"":""MultiPoint"",""coordinates"":[]}"
20150630,-0.008201812318166761,2015-06-30,"{""type"":""MultiPoint"",""coordinates"":[]}"
20150701,-0.008458714333298055,2015-07-01,"{""type"":""MultiPoint"",""coordinates"":[]}"
20150702,-0.008249264818297485,2015-07-02,"{""type"":""MultiPoint"",""coordinates"":[]}"
20150703,-0.007366415683793148,2015-07-03,"{""type"":""MultiPoint"",""coordinates"":[]}"
20150704,-0.009589178188660825,2015-07-04,"{""type"":""MultiPoint"",""coordinates"":[]}"
20150705,-0.010272912056532841,2015-07-05,"{""type"":""MultiPoint"",""coordinates"":[]}"
20150706,-0.011572053711818445,2015-07-06,"{""type"":""MultiPoint"",""coordinates"":[]}"
20150707,-0.011067517339837199,2015-07-07,"{""type"":""MultiPoint"",""coordinates"":[]}"
20150708,-0.008927345127687999,2015-07-08,"{""type"":""MultiPoint"",""coordinates"":[]}"
20150709,-0.008300080961895986,2015-07-09,"{""type"":""MultiPoint"",""coordinates"":[]}"
20150710,-0.007801485425419691,2015-07-10,"{""type"":""MultiPoint"",""coordinates"":[]}"
20150711,-0.009153521162970604,2015-07-11,"{""type"":""MultiPoint"",""coordinates"":[]}"
20150712,-0.009051568269013481,2015-07-12,"{""type"":""MultiPoint"",""coordinates"":[]}"
20150713,-0.009147009920775653,2015-07-13,"{""type"":""MultiPoint"",""coordinates"":[]}"
20150714,-0.0074592706871154735,2015-07-14,"{""type"":""MultiPoint"",""coordinates"":[]}"
20150715,-0.006102731910506496,2015-07-15,"{""type"":""MultiPoint"",""coordinates"":[]}"
20150716,-0.006633276016093936,2015-07-16,"{""type"":""MultiPoint"",""coordinates"":[]}"
20150717,-0.0083800014228099,2015-07-17,"{""type"":""MultiPoint"",""coordinates"":[]}"
20150718,-0.0071460771936614495,2015-07-18,"{""type"":""MultiPoint"",""coordinates"":[]}"
20150719,-0.0048276583000780955,2015-07-19,"{""type"":""MultiPoint"",""coordinates"":[]}"
20150720,-0.007107996775688176,2015-07-20,"{""type"":""MultiPoint"",""coordinates"":[]}"
20150721,-0.006200754897555365,2015-07-21,"{""type"":""MultiPoint"",""coordinates"":[]}"
20150722,-0.005994733321083305,2015-07-22,"{""type"":""MultiPoint"",""coordinates"":[]}"
20150723,-0.005529251623187316,2015-07-23,"{""type"":""MultiPoint"",""coordinates"":[]}"
20150724,-0.005778606183562401,2015-07-24,"{""type"":""MultiPoint"",""coordinates"":[]}"
20150725,-0.00460928736664607,2015-07-25,"{""type"":""MultiPoint"",""coordinates"":[]}"
20150726,-0.005469560628485155,2015-07-26,"{""type"":""MultiPoint"",""coordinates"":[]}"
20150727,-0.004671235093295432,2015-07-27,"{""type"":""MultiPoint"",""coordinates"":[]}"
20150728,-0.006603402177246755,2015-07-28,"{""type"":""MultiPoint"",""coordinates"":[]}"
20150729,-0.008764016362925519,2015-07-29,"{""type"":""MultiPoint"",""coordinates"":[]}"
20150730,-0.00847289156965761,2015-07-30,"{""type"":""MultiPoint"",""coordinates"":[]}"
20150731,-0.0062502959364680805,2015-07-31,"{""type"":""MultiPoint"",""coordinates"":[]}"
20150801,-0.005785683271895035,2015-08-01,"{""type"":""MultiPoint"",""coordinates"":[]}"
20150802,-0.00619886962631422,2015-08-02,"{""type"":""MultiPoint"",""coordinates"":[]}"
20150803,-0.006664523703570527,2015-08-03,"{""type"":""MultiPoint"",""coordinates"":[]}"
20150804,-0.006902207413455887,2015-08-04,"{""type"":""MultiPoint"",""coordinates"":[]}"
20150805,-0.007960730663094807,2015-08-05,"{""type"":""MultiPoint"",""coordinates"":[]}"
20150806,-0.008725767447385421,2015-08-06,"{""type"":""MultiPoint"",""coordinates"":[]}"
20150807,-0.007904872147749091,2015-08-07,"{""type"":""MultiPoint"",""coordinates"":[]}"
20150808,-0.008262524407032353,2015-08-08,"{""type"":""MultiPoint"",""coordinates"":[]}"
20150809,-0.006939740749229987,2015-08-09,"{""type"":""MultiPoint"",""coordinates"":[]}"
20150810,-0.006180601935848684,2015-08-10,"{""type"":""MultiPoint"",""coordinates"":[]}"
20150811,-0.007109198588288094,2015-08-11,"{""type"":""MultiPoint"",""coordinates"":[]}"
20150812,-0.0045158978224484475,2015-08-12,"{""type"":""MultiPoint"",""coordinates"":[]}"
20150813,-0.005932867142655349,2015-08-13,"{""type"":""MultiPoint"",""coordinates"":[]}"
20150814,-0.007333469503377782,2015-08-14,"{""type"":""MultiPoint"",""coordinates"":[]}"
20150815,-0.007852725134070856,2015-08-15,"{""type"":""MultiPoint"",""coordinates"":[]}"
20150816,-0.0066792315174620375,2015-08-16,"{""type"":""MultiPoint"",""coordinates"":[]}"
20150817,-0.005288390641466127,2015-08-17,"{""type"":""MultiPoint"",""coordinates"":[]}"
20150818,-0.006272683473871026,2015-08-18,"{""type"":""MultiPoint"",""coordinates"":[]}"
20150819,-0.006365046539795629,2015-08-19,"{""type"":""MultiPoint"",""coordinates"":[]}"
20150820,-0.006517411552208459,2015-08-20,"{""type"":""MultiPoint"",""coordinates"":[]}"
20150821,-0.006156524690221718,2015-08-21,"{""type"":""MultiPoint"",""coordinates"":[]}"
20150822,-0.0028721299195277883,2015-08-22,"{""type"":""MultiPoint"",""coordinates"":[]}"
20150823,-0.005542295601251894,2015-08-23,"{""type"":""MultiPoint"",""coordinates"":[]}"
20150824,-0.007706278165735715,2015-08-24,"{""type"":""MultiPoint"",""coordinates"":[]}"
20150825,-0.007866128737897318,2015-08-25,"{""type"":""MultiPoint"",""coordinates"":[]}"
20150826,-0.0067639370901630995,2015-08-26,"{""type"":""MultiPoint"",""coordinates"":[]}"
20150827,-0.00520697812556378,2015-08-27,"{""type"":""MultiPoint"",""coordinates"":[]}"
20150828,-0.008321536864068916,2015-08-28,"{""type"":""MultiPoint"",""coordinates"":[]}"
20150829,-0.007504087743831557,2015-08-29,"{""type"":""MultiPoint"",""coordinates"":[]}"
20150830,-0.008053786365176837,2015-08-30,"{""type"":""MultiPoint"",""coordinates"":[]}"
20150831,-0.00848449268459141,2015-08-31,"{""type"":""MultiPoint"",""coordinates"":[]}"
20150901,-0.008126202655936596,2015-09-01,"{""type"":""MultiPoint"",""coordinates"":[]}"
20150902,-0.007836096401503945,2015-09-02,"{""type"":""MultiPoint"",""coordinates"":[]}"
20150903,-0.006270331936731196,2015-09-03,"{""type"":""MultiPoint"",""coordinates"":[]}"
20150904,-0.005899828375829655,2015-09-04,"{""type"":""MultiPoint"",""coordinates"":[]}"
20150905,-0.005602814630527284,2015-09-05,"{""type"":""MultiPoint"",""coordinates"":[]}"
20150906,-0.006184954340083741,2015-09-06,"{""type"":""MultiPoint"",""coordinates"":[]}"
20150907,-0.003914583672481635,2015-09-07,"{""type"":""MultiPoint"",""coordinates"":[]}"
20150908,-0.004872792249292864,2015-09-08,"{""type"":""MultiPoint"",""coordinates"":[]}"
20150909,-0.005785447214297066,2015-09-09,"{""type"":""MultiPoint"",""coordinates"":[]}"
20150910,-0.006437363538509469,2015-09-10,"{""type"":""MultiPoint"",""coordinates"":[]}"
20150911,-0.008155830236124133,2015-09-11,"{""type"":""MultiPoint"",""coordinates"":[]}"
20150912,-0.007999446561168803,2015-09-12,"{""type"":""MultiPoint"",""coordinates"":[]}"
20150913,-0.008196803537053347,2015-09-13,"{""type"":""MultiPoint"",""coordinates"":[]}"
20150914,-0.007865385772434761,2015-09-14,"{""type"":""MultiPoint"",""coordinates"":[]}"
20150915,-0.007145551440737445,2015-09-15,"{""type"":""MultiPoint"",""coordinates"":[]}"
20150916,-0.007291394104968517,2015-09-16,"{""type"":""MultiPoint"",""coordinates"":[]}"
20150917,-0.008346249422615526,2015-09-17,"{""type"":""MultiPoint"",""coordinates"":[]}"
20150918,-0.007192618924677366,2015-09-18,"{""type"":""MultiPoint"",""coordinates"":[]}"
20150919,-0.007291883366779996,2015-09-19,"{""type"":""MultiPoint"",""coordinates"":[]}"
20150920,-0.005267410042692988,2015-09-20,"{""type"":""MultiPoint"",""coordinates"":[]}"
20150921,-0.006645592372220217,2015-09-21,"{""type"":""MultiPoint"",""coordinates"":[]}"
20150922,-0.007161383759105562,2015-09-22,"{""type"":""MultiPoint"",""coordinates"":[]}"
20150923,-0.00671156159569167,2015-09-23,"{""type"":""MultiPoint"",""coordinates"":[]}"
20150924,-0.005727409943240913,2015-09-24,"{""type"":""MultiPoint"",""coordinates"":[]}"
20150925,-0.006070632328471687,2015-09-25,"{""type"":""MultiPoint"",""coordinates"":[]}"
20150926,-0.005322632458554279,2015-09-26,"{""type"":""MultiPoint"",""coordinates"":[]}"
20150927,-0.00564541342657257,2015-09-27,"{""type"":""MultiPoint"",""coordinates"":[]}"
20150928,-0.004977263434461497,2015-09-28,"{""type"":""MultiPoint"",""coordinates"":[]}"
20150929,-0.005894805288645366,2015-09-29,"{""type"":""MultiPoint"",""coordinates"":[]}"
20150930,-0.005413909056337505,2015-09-30,"{""type"":""MultiPoint"",""coordinates"":[]}"
20151001,-0.004873889969194324,2015-10-01,"{""type"":""MultiPoint"",""coordinates"":[]}"
20151002,-0.0059666406291155084,2015-10-02,"{""type"":""MultiPoint"",""coordinates"":[]}"
20151003,-0.006347697467533114,2015-10-03,"{""type"":""MultiPoint"",""coordinates"":[]}"
20151004,-0.004473843648783946,2015-10-04,"{""type"":""MultiPoint"",""coordinates"":[]}"
20151005,-0.0038796181387621633,2015-10-05,"{""type"":""MultiPoint"",""coordinates"":[]}"
20151006,-0.0059171982867294755,2015-10-06,"{""type"":""MultiPoint"",""coordinates"":[]}"
20151007,-0.006265577943385293,2015-10-07,"{""type"":""MultiPoint"",""coordinates"":[]}"
20151008,-0.006158635494022435,2015-10-08,"{""type"":""MultiPoint"",""coordinates"":[]}"
20151009,-0.005258761004907068,2015-10-09,"{""type"":""MultiPoint"",""coordinates"":[]}"
20151010,-0.005601002306585388,2015-10-10,"{""type"":""MultiPoint"",""coordinates"":[]}"
20151011,-0.004642710019519992,2015-10-11,"{""type"":""MultiPoint"",""coordinates"":[]}"
20151012,-0.005414878700294873,2015-10-12,"{""type"":""MultiPoint"",""coordinates"":[]}"
20151013,-0.007086910298997636,2015-10-13,"{""type"":""MultiPoint"",""coordinates"":[]}"
20151014,-0.007771439644129094,2015-10-14,"{""type"":""MultiPoint"",""coordinates"":[]}"
20151015,-0.007141248556535144,2015-10-15,"{""type"":""MultiPoint"",""coordinates"":[]}"
20151016,-0.007075152445987407,2015-10-16,"{""type"":""MultiPoint"",""coordinates"":[]}"
20151017,-0.007380173322849706,2015-10-17,"{""type"":""MultiPoint"",""coordinates"":[]}"
20151018,-0.006964515569875319,2015-10-18,"{""type"":""MultiPoint"",""coordinates"":[]}"
20151019,-0.0074878956560599655,2015-10-19,"{""type"":""MultiPoint"",""coordinates"":[]}"
20151020,-0.007232844336100876,2015-10-20,"{""type"":""MultiPoint"",""coordinates"":[]}"
20151021,-0.007994590162935892,2015-10-21,"{""type"":""MultiPoint"",""coordinates"":[]}"
20151022,-0.008611848326432234,2015-10-22,"{""type"":""MultiPoint"",""coordinates"":[]}"
20151023,-0.008422522720271263,2015-10-23,"{""type"":""MultiPoint"",""coordinates"":[]}"
20151024,-0.009465328417261856,2015-10-24,"{""type"":""MultiPoint"",""coordinates"":[]}"
20151025,-0.00833420963531858,2015-10-25,"{""type"":""MultiPoint"",""coordinates"":[]}"
20151026,-0.007289840837617932,2015-10-26,"{""type"":""MultiPoint"",""coordinates"":[]}"
20151027,-0.006860476386879905,2015-10-27,"{""type"":""MultiPoint"",""coordinates"":[]}"
20151028,-0.006658996463461056,2015-10-28,"{""type"":""MultiPoint"",""coordinates"":[]}"
20151029,-0.0071233735015558694,2015-10-29,"{""type"":""MultiPoint"",""coordinates"":[]}"
20151030,-0.007249945260916242,2015-10-30,"{""type"":""MultiPoint"",""coordinates"":[]}"
20151031,-0.006099259603207523,2015-10-31,"{""type"":""MultiPoint"",""coordinates"":[]}"
20151101,-0.00444951824493443,2015-11-01,"{""type"":""MultiPoint"",""coordinates"":[]}"
20151102,-0.0026820739130665877,2015-11-02,"{""type"":""MultiPoint"",""coordinates"":[]}"
20151103,-0.004303850760600294,2015-11-03,"{""type"":""MultiPoint"",""coordinates"":[]}"
20151104,-0.0039530811011434085,2015-11-04,"{""type"":""MultiPoint"",""coordinates"":[]}"
20151105,-0.005783219718112694,2015-11-05,"{""type"":""MultiPoint"",""coordinates"":[]}"
20151106,-0.007105641055693742,2015-11-06,"{""type"":""MultiPoint"",""coordinates"":[]}"
20151107,-0.006812095401131759,2015-11-07,"{""type"":""MultiPoint"",""coordinates"":[]}"
20151108,-0.006549048691854738,2015-11-08,"{""type"":""MultiPoint"",""coordinates"":[]}"
20151109,-0.0025307719871258375,2015-11-09,"{""type"":""MultiPoint"",""coordinates"":[]}"
20151110,-0.0020990974582331136,2015-11-10,"{""type"":""MultiPoint"",""coordinates"":[]}"
20151111,-0.0021814128425337717,2015-11-11,"{""type"":""MultiPoint"",""coordinates"":[]}"
20151112,-0.004044805469556789,2015-11-12,"{""type"":""MultiPoint"",""coordinates"":[]}"
20151113,-0.004568673893728605,2015-11-13,"{""type"":""MultiPoint"",""coordinates"":[]}"
20151114,-0.006001184316672155,2015-11-14,"{""type"":""MultiPoint"",""coordinates"":[]}"
20151115,-0.0034010321651910917,2015-11-15,"{""type"":""MultiPoint"",""coordinates"":[]}"
20151116,-8.964090877261615E-4,2015-11-16,"{""type"":""MultiPoint"",""coordinates"":[]}"
20151117,-0.0013030881510625399,2015-11-17,"{""type"":""MultiPoint"",""coordinates"":[]}"
20151118,-0.0024067495275455946,2015-11-18,"{""type"":""MultiPoint"",""coordinates"":[]}"
20151119,-0.0024446392837852954,2015-11-19,"{""type"":""MultiPoint"",""coordinates"":[]}"
20151120,-0.003647226272638741,2015-11-20,"{""type"":""MultiPoint"",""coordinates"":[]}"
20151121,-0.004669891976791845,2015-11-21,"{""type"":""MultiPoint"",""coordinates"":[]}"
20151122,-0.003663597547532051,2015-11-22,"{""type"":""MultiPoint"",""coordinates"":[]}"
20151123,-0.0025368935992336143,2015-11-23,"{""type"":""MultiPoint"",""coordinates"":[]}"
20151124,-0.005183795302713821,2015-11-24,"{""type"":""MultiPoint"",""coordinates"":[]}"
20151125,-0.006666971969356321,2015-11-25,"{""type"":""MultiPoint"",""coordinates"":[]}"
20151126,-0.006337515364635745,2015-11-26,"{""type"":""MultiPoint"",""coordinates"":[]}"
20151127,-0.00626661383341262,2015-11-27,"{""type"":""MultiPoint"",""coordinates"":[]}"
20151128,-0.006408445365502875,2015-11-28,"{""type"":""MultiPoint"",""coordinates"":[]}"
20151129,-0.0031373960557917794,2015-11-29,"{""type"":""MultiPoint"",""coordinates"":[]}"
20151130,-0.0026233479802056777,2015-11-30,"{""type"":""MultiPoint"",""coordinates"":[]}"
20151201,-0.002895426392746775,2015-12-01,"{""type"":""MultiPoint"",""coordinates"":[]}"
20151202,-0.0011638860969389844,2015-12-02,"{""type"":""MultiPoint"",""coordinates"":[]}"
20151203,-0.0021046112773877874,2015-12-03,"{""type"":""MultiPoint"",""coordinates"":[]}"
20151204,-0.0069093324026005916,2015-12-04,"{""type"":""MultiPoint"",""coordinates"":[]}"
20151205,-0.006158573352701717,2015-12-05,"{""type"":""MultiPoint"",""coordinates"":[]}"
20151206,-0.004872842199041557,2015-12-06,"{""type"":""MultiPoint"",""coordinates"":[]}"
20151207,-0.00578107551763528,2015-12-07,"{""type"":""MultiPoint"",""coordinates"":[]}"
20151208,-0.005783278383972382,2015-12-08,"{""type"":""MultiPoint"",""coordinates"":[]}"
20151209,-0.004802079468360191,2015-12-09,"{""type"":""MultiPoint"",""coordinates"":[]}"
20151210,-0.004303390389791012,2015-12-10,"{""type"":""MultiPoint"",""coordinates"":[]}"
20151211,-0.004245637445250038,2015-12-11,"{""type"":""MultiPoint"",""coordinates"":[]}"
20151212,-0.004964714020651148,2015-12-12,"{""type"":""MultiPoint"",""coordinates"":[]}"
20151213,-0.0049352011472241905,2015-12-13,"{""type"":""MultiPoint"",""coordinates"":[]}"
20151214,-0.0043585947273226166,2015-12-14,"{""type"":""MultiPoint"",""coordinates"":[]}"
20151215,-0.005134074285864249,2015-12-15,"{""type"":""MultiPoint"",""coordinates"":[]}"
20151216,-0.005262391687245493,2015-12-16,"{""type"":""MultiPoint"",""coordinates"":[]}"
20151217,-0.006149702113005826,2015-12-17,"{""type"":""MultiPoint"",""coordinates"":[]}"
20151218,-0.005326584117655691,2015-12-18,"{""type"":""MultiPoint"",""coordinates"":[]}"
20151219,-0.005343121014307429,2015-12-19,"{""type"":""MultiPoint"",""coordinates"":[]}"
20151220,-0.00586447757561568,2015-12-20,"{""type"":""MultiPoint"",""coordinates"":[]}"
20151221,-0.006208361181569904,2015-12-21,"{""type"":""MultiPoint"",""coordinates"":[]}"
20151222,-0.006753627263790093,2015-12-22,"{""type"":""MultiPoint"",""coordinates"":[]}"
20151223,-0.006237861795912887,2015-12-23,"{""type"":""MultiPoint"",""coordinates"":[]}"
20151224,-0.0067668648334946015,2015-12-24,"{""type"":""MultiPoint"",""coordinates"":[]}"
20151225,-0.00760754266908928,2015-12-25,"{""type"":""MultiPoint"",""coordinates"":[]}"
20151226,-0.007327882835358193,2015-12-26,"{""type"":""MultiPoint"",""coordinates"":[]}"
20151227,-0.006526956914699931,2015-12-27,"{""type"":""MultiPoint"",""coordinates"":[]}"
20151228,-0.007431117627516623,2015-12-28,"{""type"":""MultiPoint"",""coordinates"":[]}"
20151229,-0.007552641755073725,2015-12-29,"{""type"":""MultiPoint"",""coordinates"":[]}"
20151230,-0.008311408695840343,2015-12-30,"{""type"":""MultiPoint"",""coordinates"":[]}"
20151231,-0.00829984909359965,2015-12-31,"{""type"":""MultiPoint"",""coordinates"":[]}"
20160101,-0.007773223733262973,2016-01-01,"{""type"":""MultiPoint"",""coordinates"":[]}"
20160102,-0.008613892184360296,2016-01-02,"{""type"":""MultiPoint"",""coordinates"":[]}"
20160103,-0.008502196875095605,2016-01-03,"{""type"":""MultiPoint"",""coordinates"":[]}"
20160104,-0.00851061200013289,2016-01-04,"{""type"":""MultiPoint"",""coordinates"":[]}"
20160105,-0.007624081101072197,2016-01-05,"{""type"":""MultiPoint"",""coordinates"":[]}"
20160106,-0.006766986125632725,2016-01-06,"{""type"":""MultiPoint"",""coordinates"":[]}"
20160107,-0.007283585247236702,2016-01-07,"{""type"":""MultiPoint"",""coordinates"":[]}"
20160108,-0.0074945934139834065,2016-01-08,"{""type"":""MultiPoint"",""coordinates"":[]}"
20160109,-0.008608357110981258,2016-01-09,"{""type"":""MultiPoint"",""coordinates"":[]}"
20160110,-0.008631153278350713,2016-01-10,"{""type"":""MultiPoint"",""coordinates"":[]}"
20160111,-0.00855497801311164,2016-01-11,"{""type"":""MultiPoint"",""coordinates"":[]}"
20160112,-0.007968183169731673,2016-01-12,"{""type"":""MultiPoint"",""coordinates"":[]}"
20160113,-0.007005329144564461,2016-01-13,"{""type"":""MultiPoint"",""coordinates"":[]}"
20160114,-0.007857859453074625,2016-01-14,"{""type"":""MultiPoint"",""coordinates"":[]}"
20160115,-0.007473146519480996,2016-01-15,"{""type"":""MultiPoint"",""coordinates"":[]}"
20160116,-0.006508078176371394,2016-01-16,"{""type"":""MultiPoint"",""coordinates"":[]}"
20160117,-0.0061174133491448705,2016-01-17,"{""type"":""MultiPoint"",""coordinates"":[]}"
20160118,-0.006331227406413485,2016-01-18,"{""type"":""MultiPoint"",""coordinates"":[]}"
20160119,-0.004912337578386973,2016-01-19,"{""type"":""MultiPoint"",""coordinates"":[]}"
20160120,-0.0029027933416238185,2016-01-20,"{""type"":""MultiPoint"",""coordinates"":[]}"
20160121,-0.004306958010324914,2016-01-21,"{""type"":""MultiPoint"",""coordinates"":[]}"
20160122,-0.0054971817145991,2016-01-22,"{""type"":""MultiPoint"",""coordinates"":[]}"
20160123,-0.00550675734887699,2016-01-23,"{""type"":""MultiPoint"",""coordinates"":[]}"
20160124,-0.0052605259805065556,2016-01-24,"{""type"":""MultiPoint"",""coordinates"":[]}"
20160125,-0.006426234295486855,2016-01-25,"{""type"":""MultiPoint"",""coordinates"":[]}"
20160126,-0.006360884927781713,2016-01-26,"{""type"":""MultiPoint"",""coordinates"":[]}"
20160127,-0.007014409908782701,2016-01-27,"{""type"":""MultiPoint"",""coordinates"":[]}"
20160128,-0.008262845115164381,2016-01-28,"{""type"":""MultiPoint"",""coordinates"":[]}"
20160129,-0.008358182246942765,2016-01-29,"{""type"":""MultiPoint"",""coordinates"":[]}"
20160130,-0.009318064281019977,2016-01-30,"{""type"":""MultiPoint"",""coordinates"":[]}"
20160131,-0.010086061080479434,2016-01-31,"{""type"":""MultiPoint"",""coordinates"":[]}"
20160201,-0.010225830575524997,2016-02-01,"{""type"":""MultiPoint"",""coordinates"":[]}"
20160202,-0.01052381559280509,2016-02-02,"{""type"":""MultiPoint"",""coordinates"":[]}"
20160203,-0.00933112947961794,2016-02-03,"{""type"":""MultiPoint"",""coordinates"":[]}"
20160204,-0.010361185361759105,2016-02-04,"{""type"":""MultiPoint"",""coordinates"":[]}"
20160205,-0.00923883908711039,2016-02-05,"{""type"":""MultiPoint"",""coordinates"":[]}"
20160206,-0.008277274323105136,2016-02-06,"{""type"":""MultiPoint"",""coordinates"":[]}"
20160207,-0.007455068255478144,2016-02-07,"{""type"":""MultiPoint"",""coordinates"":[]}"
20160208,-0.00873369061750359,2016-02-08,"{""type"":""MultiPoint"",""coordinates"":[]}"
20160209,-0.009405989026671108,2016-02-09,"{""type"":""MultiPoint"",""coordinates"":[]}"
20160210,-0.00901802758751604,2016-02-10,"{""type"":""MultiPoint"",""coordinates"":[]}"
20160211,-0.00930019546791845,2016-02-11,"{""type"":""MultiPoint"",""coordinates"":[]}"
20160212,-0.008625047722879923,2016-02-12,"{""type"":""MultiPoint"",""coordinates"":[]}"
20160213,-0.008164847328226804,2016-02-13,"{""type"":""MultiPoint"",""coordinates"":[]}"
20160214,-0.010571235197880358,2016-02-14,"{""type"":""MultiPoint"",""coordinates"":[]}"
20160215,-0.009511132551028147,2016-02-15,"{""type"":""MultiPoint"",""coordinates"":[]}"
20160216,-0.009478049264173553,2016-02-16,"{""type"":""MultiPoint"",""coordinates"":[]}"
20160217,-0.009956247154998814,2016-02-17,"{""type"":""MultiPoint"",""coordinates"":[]}"
20160218,-0.010369108099899669,2016-02-18,"{""type"":""MultiPoint"",""coordinates"":[]}"
20160219,-0.010194507315062494,2016-02-19,"{""type"":""MultiPoint"",""coordinates"":[]}"
20160220,-0.009195585228407894,2016-02-20,"{""type"":""MultiPoint"",""coordinates"":[]}"
20160221,-0.008899540573800315,2016-02-21,"{""type"":""MultiPoint"",""coordinates"":[]}"
20160222,-0.009786827364962045,2016-02-22,"{""type"":""MultiPoint"",""coordinates"":[]}"
20160223,-0.01038196328639195,2016-02-23,"{""type"":""MultiPoint"",""coordinates"":[]}"
20160224,-0.00905723266344704,2016-02-24,"{""type"":""MultiPoint"",""coordinates"":[]}"
20160225,-0.00897822593857276,2016-02-25,"{""type"":""MultiPoint"",""coordinates"":[]}"
20160226,-0.009807461828428725,2016-02-26,"{""type"":""MultiPoint"",""coordinates"":[]}"
20160227,-0.010185757204171067,2016-02-27,"{""type"":""MultiPoint"",""coordinates"":[]}"
20160228,-0.009263921217770539,2016-02-28,"{""type"":""MultiPoint"",""coordinates"":[]}"
20160229,-0.00837979310970702,2016-02-29,"{""type"":""MultiPoint"",""coordinates"":[]}"
20160301,-0.01001648761965729,2016-03-01,"{""type"":""MultiPoint"",""coordinates"":[]}"
20160302,-0.009934583269444859,2016-03-02,"{""type"":""MultiPoint"",""coordinates"":[]}"
20160303,-0.011276743891449307,2016-03-03,"{""type"":""MultiPoint"",""coordinates"":[]}"
20160304,-0.010799275797762126,2016-03-04,"{""type"":""MultiPoint"",""coordinates"":[]}"
20160305,-0.010697134408627532,2016-03-05,"{""type"":""MultiPoint"",""coordinates"":[]}"
20160306,-0.009998202845135902,2016-03-06,"{""type"":""MultiPoint"",""coordinates"":[]}"
20160307,-0.010211767598441718,2016-03-07,"{""type"":""MultiPoint"",""coordinates"":[]}"
20160308,-0.009814310674781584,2016-03-08,"{""type"":""MultiPoint"",""coordinates"":[]}"
20160309,-0.01015627367845926,2016-03-09,"{""type"":""MultiPoint"",""coordinates"":[]}"
20160310,-0.009588162196704962,2016-03-10,"{""type"":""MultiPoint"",""coordinates"":[]}"
20160311,-0.009906654898896299,2016-03-11,"{""type"":""MultiPoint"",""coordinates"":[]}"
20160312,-0.010006535347141972,2016-03-12,"{""type"":""MultiPoint"",""coordinates"":[]}"
20160313,-0.009164379249830169,2016-03-13,"{""type"":""MultiPoint"",""coordinates"":[]}"
20160314,-0.008646287800369443,2016-03-14,"{""type"":""MultiPoint"",""coordinates"":[]}"
20160315,-0.00767323004335935,2016-03-15,"{""type"":""MultiPoint"",""coordinates"":[]}"
20160316,-0.008690517723071504,2016-03-16,"{""type"":""MultiPoint"",""coordinates"":[]}"
20160317,-0.00795582708588424,2016-03-17,"{""type"":""MultiPoint"",""coordinates"":[]}"
20160318,-0.00985624034763217,2016-03-18,"{""type"":""MultiPoint"",""coordinates"":[]}"
20160319,-0.010171751539303222,2016-03-19,"{""type"":""MultiPoint"",""coordinates"":[]}"
20160320,-0.011201106133815352,2016-03-20,"{""type"":""MultiPoint"",""coordinates"":[]}"
20160321,-0.010768884595772564,2016-03-21,"{""type"":""MultiPoint"",""coordinates"":[]}"
20160322,-0.009657693395924588,2016-03-22,"{""type"":""MultiPoint"",""coordinates"":[]}"
20160323,-0.009546853158308635,2016-03-23,"{""type"":""MultiPoint"",""coordinates"":[]}"
20160324,-0.012260458939632707,2016-03-24,"{""type"":""MultiPoint"",""coordinates"":[]}"
20160325,-0.012423472570378423,2016-03-25,"{""type"":""MultiPoint"",""coordinates"":[]}"
20160326,-0.011882378729688958,2016-03-26,"{""type"":""MultiPoint"",""coordinates"":[]}"
20160327,-0.011290051398959555,2016-03-27,"{""type"":""MultiPoint"",""coordinates"":[]}"
20160328,-0.010688988945729935,2016-03-28,"{""type"":""MultiPoint"",""coordinates"":[]}"
20160329,-0.010911388062694484,2016-03-29,"{""type"":""MultiPoint"",""coordinates"":[]}"
20160330,-0.010942051276613548,2016-03-30,"{""type"":""MultiPoint"",""coordinates"":[]}"
20160331,-0.010914505027301246,2016-03-31,"{""type"":""MultiPoint"",""coordinates"":[]}"
20160401,-0.010691085539632427,2016-04-01,"{""type"":""MultiPoint"",""coordinates"":[]}"
20160402,-0.011119328597955036,2016-04-02,"{""type"":""MultiPoint"",""coordinates"":[]}"
20160403,-0.010193701123161916,2016-04-03,"{""type"":""MultiPoint"",""coordinates"":[]}"
20160404,-0.011659417540951211,2016-04-04,"{""type"":""MultiPoint"",""coordinates"":[]}"
20160405,-0.01073763008673064,2016-04-05,"{""type"":""MultiPoint"",""coordinates"":[]}"
20160406,-0.009669910010648914,2016-04-06,"{""type"":""MultiPoint"",""coordinates"":[]}"
20160407,-0.010020710185696889,2016-04-07,"{""type"":""MultiPoint"",""coordinates"":[]}"
20160408,-0.009258961811839451,2016-04-08,"{""type"":""MultiPoint"",""coordinates"":[]}"
20160409,-0.00817627043579508,2016-04-09,"{""type"":""MultiPoint"",""coordinates"":[]}"
20160410,-0.0081083181979767,2016-04-10,"{""type"":""MultiPoint"",""coordinates"":[]}"
20160411,-0.010512152577547652,2016-04-11,"{""type"":""MultiPoint"",""coordinates"":[]}"
20160412,-0.010869125074838781,2016-04-12,"{""type"":""MultiPoint"",""coordinates"":[]}"
20160413,-0.009900356696133837,2016-04-13,"{""type"":""MultiPoint"",""coordinates"":[]}"
20160414,-0.010430835678644947,2016-04-14,"{""type"":""MultiPoint"",""coordinates"":[]}"
20160415,-0.011423226121956107,2016-04-15,"{""type"":""MultiPoint"",""coordinates"":[]}"
20160416,-0.011437062462125369,2016-04-16,"{""type"":""MultiPoint"",""coordinates"":[]}"
20160417,-0.011452722211387458,2016-04-17,"{""type"":""MultiPoint"",""coordinates"":[]}"
20160418,-0.01144296018195112,2016-04-18,"{""type"":""MultiPoint"",""coordinates"":[]}"
20160419,-0.010911025495314995,2016-04-19,"{""type"":""MultiPoint"",""coordinates"":[]}"
20160420,-0.010716136107369576,2016-04-20,"{""type"":""MultiPoint"",""coordinates"":[]}"
20160421,-0.010689715532021577,2016-04-21,"{""type"":""MultiPoint"",""coordinates"":[]}"
20160422,-0.01023807813230684,2016-04-22,"{""type"":""MultiPoint"",""coordinates"":[]}"
20160423,-0.011812552490235896,2016-04-23,"{""type"":""MultiPoint"",""coordinates"":[]}"
20160424,-0.012185531088487302,2016-04-24,"{""type"":""MultiPoint"",""coordinates"":[]}"
20160425,-0.010132296784311337,2016-04-25,"{""type"":""MultiPoint"",""coordinates"":[]}"
20160426,-0.011188155334703768,2016-04-26,"{""type"":""MultiPoint"",""coordinates"":[]}"
20160427,-0.012207491751478802,2016-04-27,"{""type"":""MultiPoint"",""coordinates"":[]}"
20160428,-0.011867679603793624,2016-04-28,"{""type"":""MultiPoint"",""coordinates"":[]}"
20160429,-0.01194182636988867,2016-04-29,"{""type"":""MultiPoint"",""coordinates"":[]}"
20160430,-0.01222389805587847,2016-04-30,"{""type"":""MultiPoint"",""coordinates"":[]}"
20160501,-0.011470731147271694,2016-05-01,"{""type"":""MultiPoint"",""coordinates"":[]}"
20160502,-0.009894899199392116,2016-05-02,"{""type"":""MultiPoint"",""coordinates"":[]}"
20160503,-0.009427271979245706,2016-05-03,"{""type"":""MultiPoint"",""coordinates"":[]}"
20160504,-0.009481549748660126,2016-05-04,"{""type"":""MultiPoint"",""coordinates"":[]}"
20160505,-0.008449602455395866,2016-05-05,"{""type"":""MultiPoint"",""coordinates"":[]}"
20160506,-0.007538715155134371,2016-05-06,"{""type"":""MultiPoint"",""coordinates"":[]}"
20160507,-0.007699137300978059,2016-05-07,"{""type"":""MultiPoint"",""coordinates"":[]}"
20160508,-0.007229001846013364,2016-05-08,"{""type"":""MultiPoint"",""coordinates"":[]}"
20160509,-0.008263472608202456,2016-05-09,"{""type"":""MultiPoint"",""coordinates"":[]}"
20160510,-0.007655880297563214,2016-05-10,"{""type"":""MultiPoint"",""coordinates"":[]}"
20160511,-0.008023325470511971,2016-05-11,"{""type"":""MultiPoint"",""coordinates"":[]}"
20160512,-0.00764509111164093,2016-05-12,"{""type"":""MultiPoint"",""coordinates"":[]}"
20160513,-0.008678991118622956,2016-05-13,"{""type"":""MultiPoint"",""coordinates"":[]}"
20160514,-0.0074818115571023795,2016-05-14,"{""type"":""MultiPoint"",""coordinates"":[]}"
20160515,-0.009877820446126407,2016-05-15,"{""type"":""MultiPoint"",""coordinates"":[]}"
20160516,-0.00672530418039187,2016-05-16,"{""type"":""MultiPoint"",""coordinates"":[]}"
20160517,-0.005026311348980396,2016-05-17,"{""type"":""MultiPoint"",""coordinates"":[]}"
20160518,-0.002974926246421229,2016-05-18,"{""type"":""MultiPoint"",""coordinates"":[]}"
20160519,-0.007127727125789092,2016-05-19,"{""type"":""MultiPoint"",""coordinates"":[]}"
20160520,-0.006867590034694864,2016-05-20,"{""type"":""MultiPoint"",""coordinates"":[]}"
20160521,-0.011359166149695902,2016-05-21,"{""type"":""MultiPoint"",""coordinates"":[]}"
20160522,-0.011251052324205006,2016-05-22,"{""type"":""MultiPoint"",""coordinates"":[]}"
20160523,-0.01184575800679189,2016-05-23,"{""type"":""MultiPoint"",""coordinates"":[]}"
20160524,-0.011146873438251326,2016-05-24,"{""type"":""MultiPoint"",""coordinates"":[]}"
20160525,-0.011176905040566114,2016-05-25,"{""type"":""MultiPoint"",""coordinates"":[]}"
20160526,-0.010560796472317942,2016-05-26,"{""type"":""MultiPoint"",""coordinates"":[]}"
20160527,-0.009318401821864318,2016-05-27,"{""type"":""MultiPoint"",""coordinates"":[]}"
20160528,-0.008893181362381342,2016-05-28,"{""type"":""MultiPoint"",""coordinates"":[]}"
20160529,-0.006272518137693028,2016-05-29,"{""type"":""MultiPoint"",""coordinates"":[]}"
20160530,-0.007493492444332263,2016-05-30,"{""type"":""MultiPoint"",""coordinates"":[]}"
20160531,-0.007441365520459929,2016-05-31,"{""type"":""MultiPoint"",""coordinates"":[]}"
20160601,-0.007467267735753112,2016-06-01,"{""type"":""MultiPoint"",""coordinates"":[]}"
20160602,-0.005978980407582025,2016-06-02,"{""type"":""MultiPoint"",""coordinates"":[]}"
20160603,-0.0067515361919586216,2016-06-03,"{""type"":""MultiPoint"",""coordinates"":[]}"
20160604,-0.006232523693930075,2016-06-04,"{""type"":""MultiPoint"",""coordinates"":[]}"
20160605,-0.005985938947121673,2016-06-05,"{""type"":""MultiPoint"",""coordinates"":[]}"
20160606,-0.0071632787763461925,2016-06-06,"{""type"":""MultiPoint"",""coordinates"":[]}"
20160607,-0.00501656851839773,2016-06-07,"{""type"":""MultiPoint"",""coordinates"":[]}"
20160608,-0.006118177222927344,2016-06-08,"{""type"":""MultiPoint"",""coordinates"":[]}"
20160609,-0.0051007185892614475,2016-06-09,"{""type"":""MultiPoint"",""coordinates"":[]}"
20160610,-0.008403202853036707,2016-06-10,"{""type"":""MultiPoint"",""coordinates"":[]}"
20160611,-0.008525616345460616,2016-06-11,"{""type"":""MultiPoint"",""coordinates"":[]}"
20160612,-0.007879864928408484,2016-06-12,"{""type"":""MultiPoint"",""coordinates"":[]}"
20160613,-0.007331029571832875,2016-06-13,"{""type"":""MultiPoint"",""coordinates"":[]}"
20160614,-0.00867673420170033,2016-06-14,"{""type"":""MultiPoint"",""coordinates"":[]}"
20160615,-0.009912122191251121,2016-06-15,"{""type"":""MultiPoint"",""coordinates"":[]}"
20160616,-0.0073411890880874615,2016-06-16,"{""type"":""MultiPoint"",""coordinates"":[]}"
20160617,-0.006591716867958915,2016-06-17,"{""type"":""MultiPoint"",""coordinates"":[]}"
20160618,-0.00709509204853523,2016-06-18,"{""type"":""MultiPoint"",""coordinates"":[]}"
20160619,-0.0059064548573418306,2016-06-19,"{""type"":""MultiPoint"",""coordinates"":[]}"
20160620,-0.006055545092365652,2016-06-20,"{""type"":""MultiPoint"",""coordinates"":[]}"
20160621,-0.004607524076141439,2016-06-21,"{""type"":""MultiPoint"",""coordinates"":[]}"
20160622,-0.004560195226114426,2016-06-22,"{""type"":""MultiPoint"",""coordinates"":[]}"
20160623,-0.005370727504415693,2016-06-23,"{""type"":""MultiPoint"",""coordinates"":[]}"
20160624,-0.00547085250535128,2016-06-24,"{""type"":""MultiPoint"",""coordinates"":[]}"
20160625,-0.006910027906663598,2016-06-25,"{""type"":""MultiPoint"",""coordinates"":[]}"
20160626,-0.005720406240983127,2016-06-26,"{""type"":""MultiPoint"",""coordinates"":[]}"
20160627,-0.004341776595432991,2016-06-27,"{""type"":""MultiPoint"",""coordinates"":[]}"
20160628,-0.002744729132256244,2016-06-28,"{""type"":""MultiPoint"",""coordinates"":[]}"
20160629,-0.0022137098613474408,2016-06-29,"{""type"":""MultiPoint"",""coordinates"":[]}"
20160630,-0.006695123297964158,2016-06-30,"{""type"":""MultiPoint"",""coordinates"":[]}"
20160701,-0.009422004260876207,2016-07-01,"{""type"":""MultiPoint"",""coordinates"":[]}"
20160702,-0.009103267698661755,2016-07-02,"{""type"":""MultiPoint"",""coordinates"":[]}"
20160703,-0.007960768269610083,2016-07-03,"{""type"":""MultiPoint"",""coordinates"":[]}"
20160704,-0.004474955893981613,2016-07-04,"{""type"":""MultiPoint"",""coordinates"":[]}"
20160705,-0.004108725059332993,2016-07-05,"{""type"":""MultiPoint"",""coordinates"":[]}"
20160706,-0.004782594409174138,2016-07-06,"{""type"":""MultiPoint"",""coordinates"":[]}"
20160707,-0.005836207708782275,2016-07-07,"{""type"":""MultiPoint"",""coordinates"":[]}"
20160708,-0.008079356895668932,2016-07-08,"{""type"":""MultiPoint"",""coordinates"":[]}"
20160709,-0.009003178196709566,2016-07-09,"{""type"":""MultiPoint"",""coordinates"":[]}"
20160710,-0.009743542313001447,2016-07-10,"{""type"":""MultiPoint"",""coordinates"":[]}"
20160711,-0.008289978449178823,2016-07-11,"{""type"":""MultiPoint"",""coordinates"":[]}"
20160712,-0.008208085271659268,2016-07-12,"{""type"":""MultiPoint"",""coordinates"":[]}"
20160713,-0.007809944892347473,2016-07-13,"{""type"":""MultiPoint"",""coordinates"":[]}"
20160714,-0.006855774420048187,2016-07-14,"{""type"":""MultiPoint"",""coordinates"":[]}"
20160715,-0.005840088735708407,2016-07-15,"{""type"":""MultiPoint"",""coordinates"":[]}"
20160716,-0.005404730116619929,2016-07-16,"{""type"":""MultiPoint"",""coordinates"":[]}"
20160717,-0.004932388683295955,2016-07-17,"{""type"":""MultiPoint"",""coordinates"":[]}"
20160718,-0.005141944564538145,2016-07-18,"{""type"":""MultiPoint"",""coordinates"":[]}"
20160719,-0.005877954287072494,2016-07-19,"{""type"":""MultiPoint"",""coordinates"":[]}"
20160720,-0.005854388733442122,2016-07-20,"{""type"":""MultiPoint"",""coordinates"":[]}"
20160721,-0.0045034952316102194,2016-07-21,"{""type"":""MultiPoint"",""coordinates"":[]}"
20160722,-0.0046339744273997605,2016-07-22,"{""type"":""MultiPoint"",""coordinates"":[]}"
20160723,-0.0048326285620172455,2016-07-23,"{""type"":""MultiPoint"",""coordinates"":[]}"
20160724,-0.0043869690534518455,2016-07-24,"{""type"":""MultiPoint"",""coordinates"":[]}"
20160725,-0.005648956659829043,2016-07-25,"{""type"":""MultiPoint"",""coordinates"":[]}"
20160726,-0.004596891230723829,2016-07-26,"{""type"":""MultiPoint"",""coordinates"":[]}"
20160727,-0.005569091554181204,2016-07-27,"{""type"":""MultiPoint"",""coordinates"":[]}"
20160728,-0.005378722026021948,2016-07-28,"{""type"":""MultiPoint"",""coordinates"":[]}"
20160729,-0.004353404011219029,2016-07-29,"{""type"":""MultiPoint"",""coordinates"":[]}"
20160730,-0.004070399592299797,2016-07-30,"{""type"":""MultiPoint"",""coordinates"":[]}"
20160731,-0.005229539903558644,2016-07-31,"{""type"":""MultiPoint"",""coordinates"":[]}"
20160801,-0.0069576422273082755,2016-08-01,"{""type"":""MultiPoint"",""coordinates"":[]}"
20160802,-0.007491851806901941,2016-08-02,"{""type"":""MultiPoint"",""coordinates"":[]}"
20160803,-0.008501899337245395,2016-08-03,"{""type"":""MultiPoint"",""coordinates"":[]}"
20160804,-0.008068940503975967,2016-08-04,"{""type"":""MultiPoint"",""coordinates"":[]}"
20160805,-0.007686779362800984,2016-08-05,"{""type"":""MultiPoint"",""coordinates"":[]}"
20160806,-0.008235824897883482,2016-08-06,"{""type"":""MultiPoint"",""coordinates"":[]}"
20160807,-0.007708058895845217,2016-08-07,"{""type"":""MultiPoint"",""coordinates"":[]}"
20160808,-0.007291809106624406,2016-08-08,"{""type"":""MultiPoint"",""coordinates"":[]}"
20160809,-0.007438253607160338,2016-08-09,"{""type"":""MultiPoint"",""coordinates"":[]}"
20160810,-0.0075382182426501085,2016-08-10,"{""type"":""MultiPoint"",""coordinates"":[]}"
20160811,-0.007154232113676603,2016-08-11,"{""type"":""MultiPoint"",""coordinates"":[]}"
20160812,-0.0066623762948852415,2016-08-12,"{""type"":""MultiPoint"",""coordinates"":[]}"
20160813,-0.006503743445316406,2016-08-13,"{""type"":""MultiPoint"",""coordinates"":[]}"
20160814,-0.008017277043308025,2016-08-14,"{""type"":""MultiPoint"",""coordinates"":[]}"
20160815,-0.007953809022650865,2016-08-15,"{""type"":""MultiPoint"",""coordinates"":[]}"
20160816,-0.008791521682715782,2016-08-16,"{""type"":""MultiPoint"",""coordinates"":[]}"
20160817,-0.008089897568001629,2016-08-17,"{""type"":""MultiPoint"",""coordinates"":[]}"
20160818,-0.007356104857427172,2016-08-18,"{""type"":""MultiPoint"",""coordinates"":[]}"
20160819,-0.0073789979641671975,2016-08-19,"{""type"":""MultiPoint"",""coordinates"":[]}"
20160820,-0.007377863395849467,2016-08-20,"{""type"":""MultiPoint"",""coordinates"":[]}"
20160821,-0.007499115412626821,2016-08-21,"{""type"":""MultiPoint"",""coordinates"":[]}"
20160822,-0.006391200408360478,2016-08-22,"{""type"":""MultiPoint"",""coordinates"":[]}"
20160823,-0.007758993648339757,2016-08-23,"{""type"":""MultiPoint"",""coordinates"":[]}"
20160824,-0.007062952863040747,2016-08-24,"{""type"":""MultiPoint"",""coordinates"":[]}"
20160825,-0.005757518289459115,2016-08-25,"{""type"":""MultiPoint"",""coordinates"":[]}"
20160826,-0.005538620104764381,2016-08-26,"{""type"":""MultiPoint"",""coordinates"":[]}"
20160827,-0.004607703904184629,2016-08-27,"{""type"":""MultiPoint"",""coordinates"":[]}"
20160828,-0.00553417758984704,2016-08-28,"{""type"":""MultiPoint"",""coordinates"":[]}"
20160829,-0.006920932243100333,2016-08-29,"{""type"":""MultiPoint"",""coordinates"":[]}"
20160830,-0.004876187302540462,2016-08-30,"{""type"":""MultiPoint"",""coordinates"":[]}"
20160831,-0.004277063047662934,2016-08-31,"{""type"":""MultiPoint"",""coordinates"":[]}"
20160901,-0.005386075684860686,2016-09-01,"{""type"":""MultiPoint"",""coordinates"":[]}"
20160902,-0.006169827559061318,2016-09-02,"{""type"":""MultiPoint"",""coordinates"":[]}"
20160903,-0.005174836001935188,2016-09-03,"{""type"":""MultiPoint"",""coordinates"":[]}"
20160904,-0.006391632690381994,2016-09-04,"{""type"":""MultiPoint"",""coordinates"":[]}"
20160905,-0.0071941675709306626,2016-09-05,"{""type"":""MultiPoint"",""coordinates"":[]}"
20160906,-0.007164257140495931,2016-09-06,"{""type"":""MultiPoint"",""coordinates"":[]}"
20160907,-0.0073546295784665296,2016-09-07,"{""type"":""MultiPoint"",""coordinates"":[]}"
20160908,-0.007716744346040397,2016-09-08,"{""type"":""MultiPoint"",""coordinates"":[]}"
20160909,-0.00713936626226633,2016-09-09,"{""type"":""MultiPoint"",""coordinates"":[]}"
20160910,-0.007853036764680733,2016-09-10,"{""type"":""MultiPoint"",""coordinates"":[]}"
20160911,-0.0076146036939869445,2016-09-11,"{""type"":""MultiPoint"",""coordinates"":[]}"
20160912,-0.007061176797754014,2016-09-12,"{""type"":""MultiPoint"",""coordinates"":[]}"
20160913,-0.0063125070937648485,2016-09-13,"{""type"":""MultiPoint"",""coordinates"":[]}"
20160914,-0.006590377871724253,2016-09-14,"{""type"":""MultiPoint"",""coordinates"":[]}"
20160915,-0.007392988093919323,2016-09-15,"{""type"":""MultiPoint"",""coordinates"":[]}"
20160916,-0.007281895908352636,2016-09-16,"{""type"":""MultiPoint"",""coordinates"":[]}"
20160917,-0.008147491552031401,2016-09-17,"{""type"":""MultiPoint"",""coordinates"":[]}"
20160918,-0.008123195663000122,2016-09-18,"{""type"":""MultiPoint"",""coordinates"":[]}"
20160919,-0.008239363747660242,2016-09-19,"{""type"":""MultiPoint"",""coordinates"":[]}"
20160920,-0.007554769889672525,2016-09-20,"{""type"":""MultiPoint"",""coordinates"":[]}"
20160921,-0.005226098970580762,2016-09-21,"{""type"":""MultiPoint"",""coordinates"":[]}"
20160922,-0.007111704395575157,2016-09-22,"{""type"":""MultiPoint"",""coordinates"":[]}"
20160923,-0.007915079393189323,2016-09-23,"{""type"":""MultiPoint"",""coordinates"":[]}"
20160924,-0.006746391742069706,2016-09-24,"{""type"":""MultiPoint"",""coordinates"":[]}"
20160925,-0.007030133943486952,2016-09-25,"{""type"":""MultiPoint"",""coordinates"":[]}"
20160926,-0.006348396618904541,2016-09-26,"{""type"":""MultiPoint"",""coordinates"":[]}"
20160927,-0.005087995624120457,2016-09-27,"{""type"":""MultiPoint"",""coordinates"":[]}"
20160928,-0.004153635192135419,2016-09-28,"{""type"":""MultiPoint"",""coordinates"":[]}"
20160929,-0.006136742905486401,2016-09-29,"{""type"":""MultiPoint"",""coordinates"":[]}"
20160930,-0.007532313023228084,2016-09-30,"{""type"":""MultiPoint"",""coordinates"":[]}"
20161001,-0.005983810618045856,2016-10-01,"{""type"":""MultiPoint"",""coordinates"":[]}"
20161002,-0.007106046877545762,2016-10-02,"{""type"":""MultiPoint"",""coordinates"":[]}"
20161003,-0.006654548842137758,2016-10-03,"{""type"":""MultiPoint"",""coordinates"":[]}"
20161004,-0.0070816629074797076,2016-10-04,"{""type"":""MultiPoint"",""coordinates"":[]}"
20161005,-0.008041018318464611,2016-10-05,"{""type"":""MultiPoint"",""coordinates"":[]}"
20161006,-0.007877626581246295,2016-10-06,"{""type"":""MultiPoint"",""coordinates"":[]}"
20161007,-0.008229250579300169,2016-10-07,"{""type"":""MultiPoint"",""coordinates"":[]}"
20161008,-0.008538606562718484,2016-10-08,"{""type"":""MultiPoint"",""coordinates"":[]}"
20161009,-0.008133806980545165,2016-10-09,"{""type"":""MultiPoint"",""coordinates"":[]}"
20161010,-0.00714608915445287,2016-10-10,"{""type"":""MultiPoint"",""coordinates"":[]}"
20161011,-0.006811427226834636,2016-10-11,"{""type"":""MultiPoint"",""coordinates"":[]}"
20161012,-0.004098484497466106,2016-10-12,"{""type"":""MultiPoint"",""coordinates"":[]}"
20161013,-0.004679966097268459,2016-10-13,"{""type"":""MultiPoint"",""coordinates"":[]}"
20161014,-0.00698261511866098,2016-10-14,"{""type"":""MultiPoint"",""coordinates"":[]}"
20161015,-0.007351140334925647,2016-10-15,"{""type"":""MultiPoint"",""coordinates"":[]}"
20161016,-0.007566391683380446,2016-10-16,"{""type"":""MultiPoint"",""coordinates"":[]}"
20161017,-0.008523623403596256,2016-10-17,"{""type"":""MultiPoint"",""coordinates"":[]}"
20161018,-0.009080630895198383,2016-10-18,"{""type"":""MultiPoint"",""coordinates"":[]}"
20161019,-0.009035714248494758,2016-10-19,"{""type"":""MultiPoint"",""coordinates"":[]}"
20161020,-0.008935120033764819,2016-10-20,"{""type"":""MultiPoint"",""coordinates"":[]}"
20161021,-0.008618831876909367,2016-10-21,"{""type"":""MultiPoint"",""coordinates"":[]}"
20161022,-0.009233236530934715,2016-10-22,"{""type"":""MultiPoint"",""coordinates"":[]}"
20161023,-0.008940606077255059,2016-10-23,"{""type"":""MultiPoint"",""coordinates"":[]}"
20161024,-0.008719555666805965,2016-10-24,"{""type"":""MultiPoint"",""coordinates"":[]}"
20161025,-0.008212047491894693,2016-10-25,"{""type"":""MultiPoint"",""coordinates"":[]}"
20161026,-0.008295224095446863,2016-10-26,"{""type"":""MultiPoint"",""coordinates"":[]}"
20161027,-0.007305934785998801,2016-10-27,"{""type"":""MultiPoint"",""coordinates"":[]}"
20161028,-0.008875730559545313,2016-10-28,"{""type"":""MultiPoint"",""coordinates"":[]}"
20161029,-0.00834680576957393,2016-10-29,"{""type"":""MultiPoint"",""coordinates"":[]}"
20161030,-0.006982785980705425,2016-10-30,"{""type"":""MultiPoint"",""coordinates"":[]}"
20161031,-0.00738908586803659,2016-10-31,"{""type"":""MultiPoint"",""coordinates"":[]}"
20161101,-0.006197315869521579,2016-11-01,"{""type"":""MultiPoint"",""coordinates"":[]}"
20161102,-0.006732312845660981,2016-11-02,"{""type"":""MultiPoint"",""coordinates"":[]}"
20161103,-0.008007643851099325,2016-11-03,"{""type"":""MultiPoint"",""coordinates"":[]}"
20161104,-0.008248887234191024,2016-11-04,"{""type"":""MultiPoint"",""coordinates"":[]}"
20161105,-0.00952726857285157,2016-11-05,"{""type"":""MultiPoint"",""coordinates"":[]}"
20161106,-0.008311621529981435,2016-11-06,"{""type"":""MultiPoint"",""coordinates"":[]}"
20161107,-0.008276001518959498,2016-11-07,"{""type"":""MultiPoint"",""coordinates"":[]}"
20161108,-0.009291610774156949,2016-11-08,"{""type"":""MultiPoint"",""coordinates"":[]}"
20161109,-0.009117280426663939,2016-11-09,"{""type"":""MultiPoint"",""coordinates"":[]}"
20161110,-0.009183090990802306,2016-11-10,"{""type"":""MultiPoint"",""coordinates"":[]}"
20161111,-0.008694462812315066,2016-11-11,"{""type"":""MultiPoint"",""coordinates"":[]}"
20161112,-0.008115270175951261,2016-11-12,"{""type"":""MultiPoint"",""coordinates"":[]}"
20161113,-0.007473559795631067,2016-11-13,"{""type"":""MultiPoint"",""coordinates"":[]}"
20161114,-0.006764695491904106,2016-11-14,"{""type"":""MultiPoint"",""coordinates"":[]}"
20161115,-0.008303317344255219,2016-11-15,"{""type"":""MultiPoint"",""coordinates"":[]}"
20161116,-0.008072210991471323,2016-11-16,"{""type"":""MultiPoint"",""coordinates"":[]}"
20161117,-0.00808905221178095,2016-11-17,"{""type"":""MultiPoint"",""coordinates"":[]}"
20161118,-0.009610654592210303,2016-11-18,"{""type"":""MultiPoint"",""coordinates"":[]}"
20161119,-0.00908943461910853,2016-11-19,"{""type"":""MultiPoint"",""coordinates"":[]}"
20161120,-0.009347347500110634,2016-11-20,"{""type"":""MultiPoint"",""coordinates"":[]}"
20161121,-0.01000552918133168,2016-11-21,"{""type"":""MultiPoint"",""coordinates"":[]}"
20161122,-0.009770502681338965,2016-11-22,"{""type"":""MultiPoint"",""coordinates"":[]}"
20161123,-0.010057203785745802,2016-11-23,"{""type"":""MultiPoint"",""coordinates"":[]}"
20161124,-0.00993355179189592,2016-11-24,"{""type"":""MultiPoint"",""coordinates"":[]}"
20161125,-0.010624984004629127,2016-11-25,"{""type"":""MultiPoint"",""coordinates"":[]}"
20161126,-0.009886875433860269,2016-11-26,"{""type"":""MultiPoint"",""coordinates"":[]}"
20161127,-0.009378398971196487,2016-11-27,"{""type"":""MultiPoint"",""coordinates"":[]}"
20161128,-0.009167332114504692,2016-11-28,"{""type"":""MultiPoint"",""coordinates"":[]}"
20161129,-0.008381910612709306,2016-11-29,"{""type"":""MultiPoint"",""coordinates"":[]}"
20161130,-0.00810645270289821,2016-11-30,"{""type"":""MultiPoint"",""coordinates"":[]}"
20161201,-0.007358044221133594,2016-12-01,"{""type"":""MultiPoint"",""coordinates"":[]}"
20161202,-0.004622397807328336,2016-12-02,"{""type"":""MultiPoint"",""coordinates"":[]}"
20161203,-0.004249041123154253,2016-12-03,"{""type"":""MultiPoint"",""coordinates"":[]}"
20161204,-0.006048994423419697,2016-12-04,"{""type"":""MultiPoint"",""coordinates"":[]}"
20161205,-0.006093712556480943,2016-12-05,"{""type"":""MultiPoint"",""coordinates"":[]}"
20161206,-0.0074201633547581886,2016-12-06,"{""type"":""MultiPoint"",""coordinates"":[]}"
20161207,-0.007101471008223009,2016-12-07,"{""type"":""MultiPoint"",""coordinates"":[]}"
20161208,-0.0058652951430178775,2016-12-08,"{""type"":""MultiPoint"",""coordinates"":[]}"
20161209,-0.008307445635904066,2016-12-09,"{""type"":""MultiPoint"",""coordinates"":[]}"
20161210,-0.009846845933814938,2016-12-10,"{""type"":""MultiPoint"",""coordinates"":[]}"
20161211,-0.009334921006081838,2016-12-11,"{""type"":""MultiPoint"",""coordinates"":[]}"
20161212,-0.007709328166285512,2016-12-12,"{""type"":""MultiPoint"",""coordinates"":[]}"
20161213,-0.0013037890054011707,2016-12-13,"{""type"":""MultiPoint"",""coordinates"":[]}"
20161214,-0.004528321086445632,2016-12-14,"{""type"":""MultiPoint"",""coordinates"":[]}"
20161215,-0.0062945798806790035,2016-12-15,"{""type"":""MultiPoint"",""coordinates"":[]}"
20161216,-0.0049430076630170485,2016-12-16,"{""type"":""MultiPoint"",""coordinates"":[]}"
20161217,-0.005975254786105923,2016-12-17,"{""type"":""MultiPoint"",""coordinates"":[]}"
20161218,-0.006895050863714846,2016-12-18,"{""type"":""MultiPoint"",""coordinates"":[]}"
20161219,-0.00752016669706226,2016-12-19,"{""type"":""MultiPoint"",""coordinates"":[]}"
20161220,-0.0067455003515847845,2016-12-20,"{""type"":""MultiPoint"",""coordinates"":[]}"
20161221,-0.005926343032521175,2016-12-21,"{""type"":""MultiPoint"",""coordinates"":[]}"
20161222,-0.007218602660376093,2016-12-22,"{""type"":""MultiPoint"",""coordinates"":[]}"
20161223,-0.00734031191267399,2016-12-23,"{""type"":""MultiPoint"",""coordinates"":[]}"
20161224,-0.00751171551632155,2016-12-24,"{""type"":""MultiPoint"",""coordinates"":[]}"
20161225,-0.006763899657522905,2016-12-25,"{""type"":""MultiPoint"",""coordinates"":[]}"
20161226,-0.008234290184149728,2016-12-26,"{""type"":""MultiPoint"",""coordinates"":[]}"
20161227,-0.00887015536763238,2016-12-27,"{""type"":""MultiPoint"",""coordinates"":[]}"
20161228,-0.007487371049539102,2016-12-28,"{""type"":""MultiPoint"",""coordinates"":[]}"
20161229,-0.008143785221552244,2016-12-29,"{""type"":""MultiPoint"",""coordinates"":[]}"
20161230,-0.007688012711261933,2016-12-30,"{""type"":""MultiPoint"",""coordinates"":[]}"
20161231,-0.008110935400221932,2016-12-31,"{""type"":""MultiPoint"",""coordinates"":[]}"
20170101,-0.00731599533948739,2017-01-01,"{""type"":""MultiPoint"",""coordinates"":[]}"
20170102,-0.0071364715399935205,2017-01-02,"{""type"":""MultiPoint"",""coordinates"":[]}"
20170103,-0.008294444338655508,2017-01-03,"{""type"":""MultiPoint"",""coordinates"":[]}"
20170104,-0.00772352978751785,2017-01-04,"{""type"":""MultiPoint"",""coordinates"":[]}"
20170105,-0.007860130937862126,2017-01-05,"{""type"":""MultiPoint"",""coordinates"":[]}"
20170106,-0.007596244942511755,2017-01-06,"{""type"":""MultiPoint"",""coordinates"":[]}"
20170107,-0.007011874659297578,2017-01-07,"{""type"":""MultiPoint"",""coordinates"":[]}"
20170108,-0.007494363086646406,2017-01-08,"{""type"":""MultiPoint"",""coordinates"":[]}"
20170109,-0.007592585273583356,2017-01-09,"{""type"":""MultiPoint"",""coordinates"":[]}"
20170110,-0.006651002834470772,2017-01-10,"{""type"":""MultiPoint"",""coordinates"":[]}"
20170111,-0.0065775568815365105,2017-01-11,"{""type"":""MultiPoint"",""coordinates"":[]}"
20170112,-0.0064686320913993605,2017-01-12,"{""type"":""MultiPoint"",""coordinates"":[]}"
20170113,-0.006635218915676388,2017-01-13,"{""type"":""MultiPoint"",""coordinates"":[]}"
20170114,-0.007260892796674728,2017-01-14,"{""type"":""MultiPoint"",""coordinates"":[]}"
20170115,-0.007936662568909946,2017-01-15,"{""type"":""MultiPoint"",""coordinates"":[]}"
20170116,-0.007914132900237637,2017-01-16,"{""type"":""MultiPoint"",""coordinates"":[]}"
20170117,-0.008638789278718466,2017-01-17,"{""type"":""MultiPoint"",""coordinates"":[]}"
20170118,-0.009772367680177422,2017-01-18,"{""type"":""MultiPoint"",""coordinates"":[]}"
20170119,-0.008163986796702775,2017-01-19,"{""type"":""MultiPoint"",""coordinates"":[]}"
20170120,-0.007985742521924953,2017-01-20,"{""type"":""MultiPoint"",""coordinates"":[]}"
20170121,-0.006333445635226033,2017-01-21,"{""type"":""MultiPoint"",""coordinates"":[]}"
20170122,-0.010127435552618785,2017-01-22,"{""type"":""MultiPoint"",""coordinates"":[]}"
20170123,-0.01034708334633296,2017-01-23,"{""type"":""MultiPoint"",""coordinates"":[]}"
20170124,-0.010069918558012836,2017-01-24,"{""type"":""MultiPoint"",""coordinates"":[]}"
20170125,-0.008958015026107824,2017-01-25,"{""type"":""MultiPoint"",""coordinates"":[]}"
20170126,-0.003490501115618459,2017-01-26,"{""type"":""MultiPoint"",""coordinates"":[]}"
20170127,-0.0031707885329219708,2017-01-27,"{""type"":""MultiPoint"",""coordinates"":[]}"
20170128,-0.005803410598431135,2017-01-28,"{""type"":""MultiPoint"",""coordinates"":[]}"
20170129,-0.008338652883677609,2017-01-29,"{""type"":""MultiPoint"",""coordinates"":[]}"
20170130,-0.008092387378104835,2017-01-30,"{""type"":""MultiPoint"",""coordinates"":[]}"
20170131,-0.008278987750623138,2017-01-31,"{""type"":""MultiPoint"",""coordinates"":[]}"
20170201,-0.009196474444251906,2017-02-01,"{""type"":""MultiPoint"",""coordinates"":[]}"
20170202,-0.009504876259570414,2017-02-02,"{""type"":""MultiPoint"",""coordinates"":[]}"
20170203,-0.009232734725511671,2017-02-03,"{""type"":""MultiPoint"",""coordinates"":[]}"
20170204,-0.00911608153864114,2017-02-04,"{""type"":""MultiPoint"",""coordinates"":[]}"
20170205,-0.008732868469675031,2017-02-05,"{""type"":""MultiPoint"",""coordinates"":[]}"
20170206,-0.007677839350783642,2017-02-06,"{""type"":""MultiPoint"",""coordinates"":[]}"
20170207,-0.009055385643087152,2017-02-07,"{""type"":""MultiPoint"",""coordinates"":[]}"
20170208,-0.010441863774785063,2017-02-08,"{""type"":""MultiPoint"",""coordinates"":[]}"
20170209,-0.009772004773743452,2017-02-09,"{""type"":""MultiPoint"",""coordinates"":[]}"
20170210,-0.010146185807630949,2017-02-10,"{""type"":""MultiPoint"",""coordinates"":[]}"
20170211,-0.009496352893294934,2017-02-11,"{""type"":""MultiPoint"",""coordinates"":[]}"
20170212,-0.009916106000787971,2017-02-12,"{""type"":""MultiPoint"",""coordinates"":[]}"
20170213,-0.009512011279151212,2017-02-13,"{""type"":""MultiPoint"",""coordinates"":[]}"
20170214,-0.008261581787854338,2017-02-14,"{""type"":""MultiPoint"",""coordinates"":[]}"
20170215,-0.011909701863314488,2017-02-15,"{""type"":""MultiPoint"",""coordinates"":[]}"
20170216,-0.012396857128566495,2017-02-16,"{""type"":""MultiPoint"",""coordinates"":[]}"
20170217,-0.011532499617597657,2017-02-17,"{""type"":""MultiPoint"",""coordinates"":[]}"
20170218,-0.011540602093756824,2017-02-18,"{""type"":""MultiPoint"",""coordinates"":[]}"
20170219,-0.01043438471860403,2017-02-19,"{""type"":""MultiPoint"",""coordinates"":[]}"
20170220,-0.008875045452151831,2017-02-20,"{""type"":""MultiPoint"",""coordinates"":[]}"
20170221,-0.009508504452623828,2017-02-21,"{""type"":""MultiPoint"",""coordinates"":[]}"
20170222,-0.00982156058711226,2017-02-22,"{""type"":""MultiPoint"",""coordinates"":[]}"
20170223,-0.011989492791747408,2017-02-23,"{""type"":""MultiPoint"",""coordinates"":[]}"
20170224,-0.01246012952666244,2017-02-24,"{""type"":""MultiPoint"",""coordinates"":[]}"
20170225,-0.01186820796015164,2017-02-25,"{""type"":""MultiPoint"",""coordinates"":[]}"
20170226,-0.010397863181636689,2017-02-26,"{""type"":""MultiPoint"",""coordinates"":[]}"
20170227,-0.012285150962812814,2017-02-27,"{""type"":""MultiPoint"",""coordinates"":[]}"
20170228,-0.013346841650408156,2017-02-28,"{""type"":""MultiPoint"",""coordinates"":[]}"
20170301,-0.013662227160924224,2017-03-01,"{""type"":""MultiPoint"",""coordinates"":[]}"
20170302,-0.01130340769241098,2017-03-02,"{""type"":""MultiPoint"",""coordinates"":[]}"
20170303,-0.009904788326707336,2017-03-03,"{""type"":""MultiPoint"",""coordinates"":[]}"
20170304,-0.00865674957923109,2017-03-04,"{""type"":""MultiPoint"",""coordinates"":[]}"
20170305,-0.008050224627592173,2017-03-05,"{""type"":""MultiPoint"",""coordinates"":[]}"
20170306,-0.006791211823344021,2017-03-06,"{""type"":""MultiPoint"",""coordinates"":[]}"
20170307,-0.006808860156973885,2017-03-07,"{""type"":""MultiPoint"",""coordinates"":[]}"
20170308,-0.0072726954634831,2017-03-08,"{""type"":""MultiPoint"",""coordinates"":[]}"
20170309,-0.008090091659962982,2017-03-09,"{""type"":""MultiPoint"",""coordinates"":[]}"
20170310,-0.00945424210784161,2017-03-10,"{""type"":""MultiPoint"",""coordinates"":[]}"
20170311,-0.010263031648500145,2017-03-11,"{""type"":""MultiPoint"",""coordinates"":[]}"
20170312,-0.00987029394093296,2017-03-12,"{""type"":""MultiPoint"",""coordinates"":[]}"
20170313,-0.008748928026221523,2017-03-13,"{""type"":""MultiPoint"",""coordinates"":[]}"
20170314,-0.006532635992330174,2017-03-14,"{""type"":""MultiPoint"",""coordinates"":[]}"
20170315,-0.0075964832171113075,2017-03-15,"{""type"":""MultiPoint"",""coordinates"":[]}"
20170316,-0.00810377820530904,2017-03-16,"{""type"":""MultiPoint"",""coordinates"":[]}"
20170317,-0.007961772566207958,2017-03-17,"{""type"":""MultiPoint"",""coordinates"":[]}"
20170318,-0.009699311387641817,2017-03-18,"{""type"":""MultiPoint"",""coordinates"":[]}"
20170319,-0.00991506348336036,2017-03-19,"{""type"":""MultiPoint"",""coordinates"":[]}"
20170320,-0.00910128747294523,2017-03-20,"{""type"":""MultiPoint"",""coordinates"":[]}"
20170321,-0.008031644945469556,2017-03-21,"{""type"":""MultiPoint"",""coordinates"":[]}"
20170322,-0.010538814993162787,2017-03-22,"{""type"":""MultiPoint"",""coordinates"":[]}"
20170323,-0.01193278693130842,2017-03-23,"{""type"":""MultiPoint"",""coordinates"":[]}"
20170324,-0.012553642160279311,2017-03-24,"{""type"":""MultiPoint"",""coordinates"":[]}"
20170325,-0.012665289817371866,2017-03-25,"{""type"":""MultiPoint"",""coordinates"":[]}"
20170326,-0.013252439585790308,2017-03-26,"{""type"":""MultiPoint"",""coordinates"":[]}"
20170327,-0.014109324092320174,2017-03-27,"{""type"":""MultiPoint"",""coordinates"":[]}"
20170328,-0.013058207679298613,2017-03-28,"{""type"":""MultiPoint"",""coordinates"":[]}"
20170329,-0.012371919139703072,2017-03-29,"{""type"":""MultiPoint"",""coordinates"":[]}"
20170330,-0.012637637044749355,2017-03-30,"{""type"":""MultiPoint"",""coordinates"":[]}"
20170331,-0.013479759051313907,2017-03-31,"{""type"":""MultiPoint"",""coordinates"":[]}"
20170401,-0.011780053213518875,2017-04-01,"{""type"":""MultiPoint"",""coordinates"":[]}"
20170402,-0.011802909216885633,2017-04-02,"{""type"":""MultiPoint"",""coordinates"":[]}"
20170403,-0.01022808114311491,2017-04-03,"{""type"":""MultiPoint"",""coordinates"":[]}"
20170404,-0.010064775869296437,2017-04-04,"{""type"":""MultiPoint"",""coordinates"":[]}"
20170405,-0.00855507698664004,2017-04-05,"{""type"":""MultiPoint"",""coordinates"":[]}"
20170406,-0.00914762977502118,2017-04-06,"{""type"":""MultiPoint"",""coordinates"":[]}"
20170407,-0.00937313477667982,2017-04-07,"{""type"":""MultiPoint"",""coordinates"":[]}"
20170408,-0.010971337344801595,2017-04-08,"{""type"":""MultiPoint"",""coordinates"":[]}"
20170409,-0.011137229053085779,2017-04-09,"{""type"":""MultiPoint"",""coordinates"":[]}"
20170410,-0.01120633727480418,2017-04-10,"{""type"":""MultiPoint"",""coordinates"":[]}"
20170411,-0.011900496297377161,2017-04-11,"{""type"":""MultiPoint"",""coordinates"":[]}"
20170412,-0.01145040768771331,2017-04-12,"{""type"":""MultiPoint"",""coordinates"":[]}"
20170413,-0.01211393706524227,2017-04-13,"{""type"":""MultiPoint"",""coordinates"":[]}"
20170414,-0.011255631064136937,2017-04-14,"{""type"":""MultiPoint"",""coordinates"":[]}"
20170415,-0.01204496448683615,2017-04-15,"{""type"":""MultiPoint"",""coordinates"":[]}"
20170416,-0.010853476322691725,2017-04-16,"{""type"":""MultiPoint"",""coordinates"":[]}"
20170417,-0.01114520117636518,2017-04-17,"{""type"":""MultiPoint"",""coordinates"":[]}"
20170418,-0.010654574301524208,2017-04-18,"{""type"":""MultiPoint"",""coordinates"":[]}"
20170419,-0.009662339024849672,2017-04-19,"{""type"":""MultiPoint"",""coordinates"":[]}"
20170420,-0.008607168266106672,2017-04-20,"{""type"":""MultiPoint"",""coordinates"":[]}"
20170421,-0.007839191530197036,2017-04-21,"{""type"":""MultiPoint"",""coordinates"":[]}"
20170422,-0.010043628252928897,2017-04-22,"{""type"":""MultiPoint"",""coordinates"":[]}"
20170423,-0.011276362638210668,2017-04-23,"{""type"":""MultiPoint"",""coordinates"":[]}"
20170424,-0.010553690538632294,2017-04-24,"{""type"":""MultiPoint"",""coordinates"":[]}"
20170425,-0.01003239441283099,2017-04-25,"{""type"":""MultiPoint"",""coordinates"":[]}"
20170426,-0.009166722500587973,2017-04-26,"{""type"":""MultiPoint"",""coordinates"":[]}"
20170427,-0.008916064469282706,2017-04-27,"{""type"":""MultiPoint"",""coordinates"":[]}"
20170428,-0.009454872006184206,2017-04-28,"{""type"":""MultiPoint"",""coordinates"":[]}"
20170429,-0.008752772355807877,2017-04-29,"{""type"":""MultiPoint"",""coordinates"":[]}"
20170430,-0.008691332877669298,2017-04-30,"{""type"":""MultiPoint"",""coordinates"":[]}"
20170501,-0.008731115511447523,2017-05-01,"{""type"":""MultiPoint"",""coordinates"":[]}"
20170502,-0.008307380539850705,2017-05-02,"{""type"":""MultiPoint"",""coordinates"":[]}"
20170503,-0.008349235838786665,2017-05-03,"{""type"":""MultiPoint"",""coordinates"":[]}"
20170504,-0.008921249954276901,2017-05-04,"{""type"":""MultiPoint"",""coordinates"":[]}"
20170505,-0.009537893709638059,2017-05-05,"{""type"":""MultiPoint"",""coordinates"":[]}"
20170506,-0.00898650048945665,2017-05-06,"{""type"":""MultiPoint"",""coordinates"":[]}"
20170507,-0.008530658677979669,2017-05-07,"{""type"":""MultiPoint"",""coordinates"":[]}"
20170508,-0.007642964875643166,2017-05-08,"{""type"":""MultiPoint"",""coordinates"":[]}"
20170509,-0.008305754165324702,2017-05-09,"{""type"":""MultiPoint"",""coordinates"":[]}"
20170510,-0.00729428655862443,2017-05-10,"{""type"":""MultiPoint"",""coordinates"":[]}"
20170511,-0.006842355053379941,2017-05-11,"{""type"":""MultiPoint"",""coordinates"":[]}"
20170512,-0.0070732609353381685,2017-05-12,"{""type"":""MultiPoint"",""coordinates"":[]}"
20170513,-0.008492677661054071,2017-05-13,"{""type"":""MultiPoint"",""coordinates"":[]}"
20170514,-0.008559640223665455,2017-05-14,"{""type"":""MultiPoint"",""coordinates"":[]}"
20170515,-0.008784874119047626,2017-05-15,"{""type"":""MultiPoint"",""coordinates"":[]}"
20170516,-0.009265520594904115,2017-05-16,"{""type"":""MultiPoint"",""coordinates"":[]}"
20170517,-0.00983789293098767,2017-05-17,"{""type"":""MultiPoint"",""coordinates"":[]}"
20170518,-0.00901525062691252,2017-05-18,"{""type"":""MultiPoint"",""coordinates"":[]}"
20170519,-0.009234697020712479,2017-05-19,"{""type"":""MultiPoint"",""coordinates"":[]}"
20170520,-0.008927134544135478,2017-05-20,"{""type"":""MultiPoint"",""coordinates"":[]}"
20170521,-0.006890970207743583,2017-05-21,"{""type"":""MultiPoint"",""coordinates"":[]}"
20170522,-0.007230022747363547,2017-05-22,"{""type"":""MultiPoint"",""coordinates"":[]}"
20170523,-0.007475007197581393,2017-05-23,"{""type"":""MultiPoint"",""coordinates"":[]}"
20170524,-0.007446204698131313,2017-05-24,"{""type"":""MultiPoint"",""coordinates"":[]}"
20170525,-0.008085798084518337,2017-05-25,"{""type"":""MultiPoint"",""coordinates"":[]}"
20170526,-0.008758859815934505,2017-05-26,"{""type"":""MultiPoint"",""coordinates"":[]}"
20170527,-0.007798478143341318,2017-05-27,"{""type"":""MultiPoint"",""coordinates"":[]}"
20170528,-0.008626181670605144,2017-05-28,"{""type"":""MultiPoint"",""coordinates"":[]}"
20170529,-0.010403414832186125,2017-05-29,"{""type"":""MultiPoint"",""coordinates"":[]}"
20170530,-0.010448949038652233,2017-05-30,"{""type"":""MultiPoint"",""coordinates"":[]}"
20170531,-0.008681003561909909,2017-05-31,"{""type"":""MultiPoint"",""coordinates"":[]}"
20170601,-0.007657897588399706,2017-06-01,"{""type"":""MultiPoint"",""coordinates"":[]}"
20170602,-0.0073889935826354294,2017-06-02,"{""type"":""MultiPoint"",""coordinates"":[]}"
20170603,-0.008234597682571475,2017-06-03,"{""type"":""MultiPoint"",""coordinates"":[]}"
20170604,-0.008212519155537912,2017-06-04,"{""type"":""MultiPoint"",""coordinates"":[]}"
20170605,-0.007898866312753376,2017-06-05,"{""type"":""MultiPoint"",""coordinates"":[]}"
20170606,-0.006931645027527179,2017-06-06,"{""type"":""MultiPoint"",""coordinates"":[]}"
20170607,-0.004557084893834221,2017-06-07,"{""type"":""MultiPoint"",""coordinates"":[]}"
20170608,-0.005606686352699152,2017-06-08,"{""type"":""MultiPoint"",""coordinates"":[]}"
20170609,-0.0054397210063234554,2017-06-09,"{""type"":""MultiPoint"",""coordinates"":[]}"
20170610,-0.005895901776733412,2017-06-10,"{""type"":""MultiPoint"",""coordinates"":[]}"
20170611,-0.007725985136623984,2017-06-11,"{""type"":""MultiPoint"",""coordinates"":[]}"
20170612,-0.004530758863392653,2017-06-12,"{""type"":""MultiPoint"",""coordinates"":[]}"
20170613,-0.006164486426060231,2017-06-13,"{""type"":""MultiPoint"",""coordinates"":[]}"
20170614,-0.006870512575486731,2017-06-14,"{""type"":""MultiPoint"",""coordinates"":[]}"
20170615,-0.007074675101384831,2017-06-15,"{""type"":""MultiPoint"",""coordinates"":[]}"
20170616,-0.005425888578649086,2017-06-16,"{""type"":""MultiPoint"",""coordinates"":[]}"
20170617,-0.006643024218632984,2017-06-17,"{""type"":""MultiPoint"",""coordinates"":[]}"
20170618,-0.007408709190567456,2017-06-18,"{""type"":""MultiPoint"",""coordinates"":[]}"
20170619,-0.006061924784221321,2017-06-19,"{""type"":""MultiPoint"",""coordinates"":[]}"
20170620,-0.0061828585784602045,2017-06-20,"{""type"":""MultiPoint"",""coordinates"":[]}"
20170621,-0.007645116416087679,2017-06-21,"{""type"":""MultiPoint"",""coordinates"":[]}"
20170622,-0.007042112189960669,2017-06-22,"{""type"":""MultiPoint"",""coordinates"":[]}"
20170623,-0.00775524695930447,2017-06-23,"{""type"":""MultiPoint"",""coordinates"":[]}"
20170624,-0.007639686892138989,2017-06-24,"{""type"":""MultiPoint"",""coordinates"":[]}"
20170625,-0.008196103251795903,2017-06-25,"{""type"":""MultiPoint"",""coordinates"":[]}"
20170626,-0.0070933061231650074,2017-06-26,"{""type"":""MultiPoint"",""coordinates"":[]}"
20170627,-0.006038255913356907,2017-06-27,"{""type"":""MultiPoint"",""coordinates"":[]}"
20170628,-0.006916237159431781,2017-06-28,"{""type"":""MultiPoint"",""coordinates"":[]}"
20170629,-0.008032390657032863,2017-06-29,"{""type"":""MultiPoint"",""coordinates"":[]}"
20170630,-0.007518375811111343,2017-06-30,"{""type"":""MultiPoint"",""coordinates"":[]}"
20170701,-0.006843244780125831,2017-07-01,"{""type"":""MultiPoint"",""coordinates"":[]}"
20170702,-0.007141312815981189,2017-07-02,"{""type"":""MultiPoint"",""coordinates"":[]}"
20170703,-0.0074049099277215535,2017-07-03,"{""type"":""MultiPoint"",""coordinates"":[]}"
20170704,-0.0064909308280777815,2017-07-04,"{""type"":""MultiPoint"",""coordinates"":[]}"
20170705,-0.0082933354285398,2017-07-05,"{""type"":""MultiPoint"",""coordinates"":[]}"
20170706,-0.008156201251763535,2017-07-06,"{""type"":""MultiPoint"",""coordinates"":[]}"
20170707,-0.006953085063276768,2017-07-07,"{""type"":""MultiPoint"",""coordinates"":[]}"
20170708,-0.007737514433361267,2017-07-08,"{""type"":""MultiPoint"",""coordinates"":[]}"
20170709,-0.0064528553314700445,2017-07-09,"{""type"":""MultiPoint"",""coordinates"":[]}"
20170710,-0.008151071335281621,2017-07-10,"{""type"":""MultiPoint"",""coordinates"":[]}"
20170711,-0.006862566474693047,2017-07-11,"{""type"":""MultiPoint"",""coordinates"":[]}"
20170712,-0.006689252732092514,2017-07-12,"{""type"":""MultiPoint"",""coordinates"":[]}"
20170713,-0.005505221339002421,2017-07-13,"{""type"":""MultiPoint"",""coordinates"":[]}"
20170714,-0.00499414541578627,2017-07-14,"{""type"":""MultiPoint"",""coordinates"":[]}"
20170715,-0.005501086888000542,2017-07-15,"{""type"":""MultiPoint"",""coordinates"":[]}"
20170716,-0.008397289005825532,2017-07-16,"{""type"":""MultiPoint"",""coordinates"":[]}"
20170717,-0.0077232657857355495,2017-07-17,"{""type"":""MultiPoint"",""coordinates"":[]}"
20170718,-0.006100279955922458,2017-07-18,"{""type"":""MultiPoint"",""coordinates"":[]}"
20170719,-0.008615662548982616,2017-07-19,"{""type"":""MultiPoint"",""coordinates"":[]}"
20170720,-0.010439179335068622,2017-07-20,"{""type"":""MultiPoint"",""coordinates"":[]}"
20170721,-0.009096698753308636,2017-07-21,"{""type"":""MultiPoint"",""coordinates"":[]}"
20170722,-0.007805186555399906,2017-07-22,"{""type"":""MultiPoint"",""coordinates"":[]}"
20170723,-0.0082966687052833,2017-07-23,"{""type"":""MultiPoint"",""coordinates"":[]}"
20170724,-0.008826874734714177,2017-07-24,"{""type"":""MultiPoint"",""coordinates"":[]}"
20170725,-0.008974344417005339,2017-07-25,"{""type"":""MultiPoint"",""coordinates"":[]}"
20170726,-0.008965841516192785,2017-07-26,"{""type"":""MultiPoint"",""coordinates"":[]}"
20170727,-0.008949570430835644,2017-07-27,"{""type"":""MultiPoint"",""coordinates"":[]}"
20170728,-0.008811662861561544,2017-07-28,"{""type"":""MultiPoint"",""coordinates"":[]}"
20170729,-0.007991362722580978,2017-07-29,"{""type"":""MultiPoint"",""coordinates"":[]}"
20170730,-0.007368776835899,2017-07-30,"{""type"":""MultiPoint"",""coordinates"":[]}"
20170731,-0.0070113563070546055,2017-07-31,"{""type"":""MultiPoint"",""coordinates"":[]}"
20170801,-0.00883016008856191,2017-08-01,"{""type"":""MultiPoint"",""coordinates"":[]}"
20170802,-0.009359926282121065,2017-08-02,"{""type"":""MultiPoint"",""coordinates"":[]}"
20170803,-0.008399551872572412,2017-08-03,"{""type"":""MultiPoint"",""coordinates"":[]}"
20170804,-0.006213208941758197,2017-08-04,"{""type"":""MultiPoint"",""coordinates"":[]}"
20170805,-0.00673480439105759,2017-08-05,"{""type"":""MultiPoint"",""coordinates"":[]}"
20170806,-0.006980728155929944,2017-08-06,"{""type"":""MultiPoint"",""coordinates"":[]}"
20170807,-0.006696135325328883,2017-08-07,"{""type"":""MultiPoint"",""coordinates"":[]}"
20170808,-0.006820176783215682,2017-08-08,"{""type"":""MultiPoint"",""coordinates"":[]}"
20170809,-0.004407952654790493,2017-08-09,"{""type"":""MultiPoint"",""coordinates"":[]}"
20170810,-0.004295797049988317,2017-08-10,"{""type"":""MultiPoint"",""coordinates"":[]}"
20170811,-0.00500945036752088,2017-08-11,"{""type"":""MultiPoint"",""coordinates"":[]}"
20170812,-0.005503980845298368,2017-08-12,"{""type"":""MultiPoint"",""coordinates"":[]}"
20170813,-0.006112877323057043,2017-08-13,"{""type"":""MultiPoint"",""coordinates"":[]}"
20170814,-0.006637575291930015,2017-08-14,"{""type"":""MultiPoint"",""coordinates"":[]}"
20170815,-0.005004123772814069,2017-08-15,"{""type"":""MultiPoint"",""coordinates"":[]}"
20170816,-0.006570863876549704,2017-08-16,"{""type"":""MultiPoint"",""coordinates"":[]}"
20170817,-0.0055890871434410025,2017-08-17,"{""type"":""MultiPoint"",""coordinates"":[]}"
20170818,-0.005232502012429441,2017-08-18,"{""type"":""MultiPoint"",""coordinates"":[]}"
20170819,-0.005451977050554376,2017-08-19,"{""type"":""MultiPoint"",""coordinates"":[]}"
20170820,-0.004011513426586319,2017-08-20,"{""type"":""MultiPoint"",""coordinates"":[]}"
20170821,-0.004396067190568907,2017-08-21,"{""type"":""MultiPoint"",""coordinates"":[]}"
20170822,-0.005421233671641765,2017-08-22,"{""type"":""MultiPoint"",""coordinates"":[]}"
20170823,-0.00584587480914145,2017-08-23,"{""type"":""MultiPoint"",""coordinates"":[]}"
20170824,-0.004796261002545768,2017-08-24,"{""type"":""MultiPoint"",""coordinates"":[]}"
20170825,-0.004379254010421287,2017-08-25,"{""type"":""MultiPoint"",""coordinates"":[]}"
20170826,-0.006291643329145247,2017-08-26,"{""type"":""MultiPoint"",""coordinates"":[]}"
20170827,-0.003116377507796435,2017-08-27,"{""type"":""MultiPoint"",""coordinates"":[]}"
20170828,-0.003321763235230748,2017-08-28,"{""type"":""MultiPoint"",""coordinates"":[]}"
20170829,-0.0023158432896624903,2017-08-29,"{""type"":""MultiPoint"",""coordinates"":[]}"
20170830,-0.005616867420898739,2017-08-30,"{""type"":""MultiPoint"",""coordinates"":[]}"
20170831,-0.006902010823734788,2017-08-31,"{""type"":""MultiPoint"",""coordinates"":[]}"
20170901,-0.0062172585659722975,2017-09-01,"{""type"":""MultiPoint"",""coordinates"":[]}"
20170902,-0.005349377564166654,2017-09-02,"{""type"":""MultiPoint"",""coordinates"":[]}"
20170903,-0.0060338122005510995,2017-09-03,"{""type"":""MultiPoint"",""coordinates"":[]}"
20170904,-0.005992841195404724,2017-09-04,"{""type"":""MultiPoint"",""coordinates"":[]}"
20170905,-0.005256504234147655,2017-09-05,"{""type"":""MultiPoint"",""coordinates"":[]}"
20170906,-0.005099199539038279,2017-09-06,"{""type"":""MultiPoint"",""coordinates"":[]}"
20170907,-0.004602759441528465,2017-09-07,"{""type"":""MultiPoint"",""coordinates"":[]}"
20170908,-0.004687267905794737,2017-09-08,"{""type"":""MultiPoint"",""coordinates"":[]}"
20170909,-0.004706070937920218,2017-09-09,"{""type"":""MultiPoint"",""coordinates"":[]}"
20170910,-0.005024700166330255,2017-09-10,"{""type"":""MultiPoint"",""coordinates"":[]}"
20170911,-0.006238854218130481,2017-09-11,"{""type"":""MultiPoint"",""coordinates"":[]}"
20170912,-0.005930034362754896,2017-09-12,"{""type"":""MultiPoint"",""coordinates"":[]}"
20170913,-0.0065776057774802645,2017-09-13,"{""type"":""MultiPoint"",""coordinates"":[]}"
20170914,-0.0057423744759571346,2017-09-14,"{""type"":""MultiPoint"",""coordinates"":[]}"
20170915,-0.00537600199009662,2017-09-15,"{""type"":""MultiPoint"",""coordinates"":[]}"
20170916,-0.006261671677418673,2017-09-16,"{""type"":""MultiPoint"",""coordinates"":[]}"
20170917,-0.004209995398131259,2017-09-17,"{""type"":""MultiPoint"",""coordinates"":[]}"
20170918,-0.006409129494285204,2017-09-18,"{""type"":""MultiPoint"",""coordinates"":[]}"
20170919,-0.008140147393320812,2017-09-19,"{""type"":""MultiPoint"",""coordinates"":[]}"
20170920,-0.008730236718698088,2017-09-20,"{""type"":""MultiPoint"",""coordinates"":[]}"
20170921,-0.007345734870053312,2017-09-21,"{""type"":""MultiPoint"",""coordinates"":[]}"
20170922,-0.005412126909439161,2017-09-22,"{""type"":""MultiPoint"",""coordinates"":[]}"
20170923,-0.00716841767962375,2017-09-23,"{""type"":""MultiPoint"",""coordinates"":[]}"
20170924,-0.005057587442917404,2017-09-24,"{""type"":""MultiPoint"",""coordinates"":[]}"
20170925,-0.004594183171655519,2017-09-25,"{""type"":""MultiPoint"",""coordinates"":[]}"
20170926,-0.004716632953475015,2017-09-26,"{""type"":""MultiPoint"",""coordinates"":[]}"
20170927,-0.00430329056427859,2017-09-27,"{""type"":""MultiPoint"",""coordinates"":[]}"
20170928,-0.0031812687078509485,2017-09-28,"{""type"":""MultiPoint"",""coordinates"":[]}"
20170929,-0.0028109549587136723,2017-09-29,"{""type"":""MultiPoint"",""coordinates"":[]}"
20170930,-0.004214904077445418,2017-09-30,"{""type"":""MultiPoint"",""coordinates"":[]}"
20171001,-0.004458114297534046,2017-10-01,"{""type"":""MultiPoint"",""coordinates"":[]}"
20171002,-0.004607340088536177,2017-10-02,"{""type"":""MultiPoint"",""coordinates"":[]}"
20171003,-0.005421440493645891,2017-10-03,"{""type"":""MultiPoint"",""coordinates"":[]}"
20171004,-0.004680904497353271,2017-10-04,"{""type"":""MultiPoint"",""coordinates"":[]}"
20171005,-0.003788498215585807,2017-10-05,"{""type"":""MultiPoint"",""coordinates"":[]}"
20171006,-0.004595085222683643,2017-10-06,"{""type"":""MultiPoint"",""coordinates"":[]}"
20171007,-0.0051238074021922484,2017-10-07,"{""type"":""MultiPoint"",""coordinates"":[]}"
20171008,-0.005499282347142687,2017-10-08,"{""type"":""MultiPoint"",""coordinates"":[]}"
20171009,-0.005186416663897215,2017-10-09,"{""type"":""MultiPoint"",""coordinates"":[]}"
20171010,-0.005829550512600686,2017-10-10,"{""type"":""MultiPoint"",""coordinates"":[]}"
20171011,-0.004969368006147799,2017-10-11,"{""type"":""MultiPoint"",""coordinates"":[]}"
20171012,-0.003935490044309244,2017-10-12,"{""type"":""MultiPoint"",""coordinates"":[]}"
20171013,-0.004267233534026143,2017-10-13,"{""type"":""MultiPoint"",""coordinates"":[]}"
20171014,-0.0033853221765834693,2017-10-14,"{""type"":""MultiPoint"",""coordinates"":[]}"
20171015,-0.003948480553893547,2017-10-15,"{""type"":""MultiPoint"",""coordinates"":[]}"
20171016,-0.00390187422124459,2017-10-16,"{""type"":""MultiPoint"",""coordinates"":[]}"
20171017,-0.0041346689286862436,2017-10-17,"{""type"":""MultiPoint"",""coordinates"":[]}"
20171018,-0.004050469711900025,2017-10-18,"{""type"":""MultiPoint"",""coordinates"":[]}"
20171019,-0.00615441972543679,2017-10-19,"{""type"":""MultiPoint"",""coordinates"":[]}"
20171020,-0.00557399516773434,2017-10-20,"{""type"":""MultiPoint"",""coordinates"":[]}"
20171021,-0.005530734734897608,2017-10-21,"{""type"":""MultiPoint"",""coordinates"":[]}"
20171022,-0.006315964492922678,2017-10-22,"{""type"":""MultiPoint"",""coordinates"":[]}"
20171023,-0.006941663295561796,2017-10-23,"{""type"":""MultiPoint"",""coordinates"":[]}"
20171024,-0.006510166603837973,2017-10-24,"{""type"":""MultiPoint"",""coordinates"":[]}"
20171025,-0.005848791971997813,2017-10-25,"{""type"":""MultiPoint"",""coordinates"":[]}"
20171026,-0.005962248394240651,2017-10-26,"{""type"":""MultiPoint"",""coordinates"":[]}"
20171027,-0.005453388672256227,2017-10-27,"{""type"":""MultiPoint"",""coordinates"":[]}"
20171028,-0.006485170457742057,2017-10-28,"{""type"":""MultiPoint"",""coordinates"":[]}"
20171029,-0.006662637900071708,2017-10-29,"{""type"":""MultiPoint"",""coordinates"":[]}"
20171030,-0.006557018779312555,2017-10-30,"{""type"":""MultiPoint"",""coordinates"":[]}"
20171031,-0.00516595833972748,2017-10-31,"{""type"":""MultiPoint"",""coordinates"":[]}"
20171101,-0.0036542790710234474,2017-11-01,"{""type"":""MultiPoint"",""coordinates"":[]}"
20171102,-0.00536675959852864,2017-11-02,"{""type"":""MultiPoint"",""coordinates"":[]}"
20171103,-0.0056382611834146865,2017-11-03,"{""type"":""MultiPoint"",""coordinates"":[]}"
20171104,-0.0037825523594491005,2017-11-04,"{""type"":""MultiPoint"",""coordinates"":[]}"
20171105,-0.004276489625292379,2017-11-05,"{""type"":""MultiPoint"",""coordinates"":[]}"
20171106,-0.003341700397756218,2017-11-06,"{""type"":""MultiPoint"",""coordinates"":[]}"
20171107,-0.00467355251210611,2017-11-07,"{""type"":""MultiPoint"",""coordinates"":[]}"
20171108,-0.005856672315149738,2017-11-08,"{""type"":""MultiPoint"",""coordinates"":[]}"
20171109,-0.006796488435508018,2017-11-09,"{""type"":""MultiPoint"",""coordinates"":[]}"
20171110,-0.006665787425150794,2017-11-10,"{""type"":""MultiPoint"",""coordinates"":[]}"
20171111,-0.006471786413738474,2017-11-11,"{""type"":""MultiPoint"",""coordinates"":[]}"
20171112,-0.006179804984595939,2017-11-12,"{""type"":""MultiPoint"",""coordinates"":[]}"
20171113,-0.006336877090302457,2017-11-13,"{""type"":""MultiPoint"",""coordinates"":[]}"
20171114,-0.004523339903300137,2017-11-14,"{""type"":""MultiPoint"",""coordinates"":[]}"
20171115,-0.004895128925288975,2017-11-15,"{""type"":""MultiPoint"",""coordinates"":[]}"
20171116,-0.005286067498893494,2017-11-16,"{""type"":""MultiPoint"",""coordinates"":[]}"
20171117,-0.004683091523536117,2017-11-17,"{""type"":""MultiPoint"",""coordinates"":[]}"
20171118,-0.005346705108092231,2017-11-18,"{""type"":""MultiPoint"",""coordinates"":[]}"
20171119,-0.0056485820883745924,2017-11-19,"{""type"":""MultiPoint"",""coordinates"":[]}"
20171120,-0.005712500372729354,2017-11-20,"{""type"":""MultiPoint"",""coordinates"":[]}"
20171121,-0.005495511474782583,2017-11-21,"{""type"":""MultiPoint"",""coordinates"":[]}"
20171122,-0.0067590346772930165,2017-11-22,"{""type"":""MultiPoint"",""coordinates"":[]}"
20171123,-0.007312516880751187,2017-11-23,"{""type"":""MultiPoint"",""coordinates"":[]}"
20171124,-0.006896432484275952,2017-11-24,"{""type"":""MultiPoint"",""coordinates"":[]}"
20171125,-0.0066442151274699575,2017-11-25,"{""type"":""MultiPoint"",""coordinates"":[]}"
20171126,-0.0057772801867553665,2017-11-26,"{""type"":""MultiPoint"",""coordinates"":[]}"
20171127,-0.005640279079804936,2017-11-27,"{""type"":""MultiPoint"",""coordinates"":[]}"
20171128,-0.006824690080448925,2017-11-28,"{""type"":""MultiPoint"",""coordinates"":[]}"
20171129,-0.008551709216222324,2017-11-29,"{""type"":""MultiPoint"",""coordinates"":[]}"
20171130,-0.004739579509094244,2017-11-30,"{""type"":""MultiPoint"",""coordinates"":[]}"
20171201,-0.0016485433433041864,2017-12-01,"{""type"":""MultiPoint"",""coordinates"":[]}"
20171202,-0.003704549075406229,2017-12-02,"{""type"":""MultiPoint"",""coordinates"":[]}"
20171203,-0.0042718015198158306,2017-12-03,"{""type"":""MultiPoint"",""coordinates"":[]}"
20171204,-0.003861543686363236,2017-12-04,"{""type"":""MultiPoint"",""coordinates"":[]}"
20171205,-0.003919911955792794,2017-12-05,"{""type"":""MultiPoint"",""coordinates"":[]}"
20171206,-0.0034228438365876794,2017-12-06,"{""type"":""MultiPoint"",""coordinates"":[]}"
20171207,-0.005067888322034861,2017-12-07,"{""type"":""MultiPoint"",""coordinates"":[]}"
20171208,-0.006454727100011564,2017-12-08,"{""type"":""MultiPoint"",""coordinates"":[]}"
20171209,-0.00631537240767356,2017-12-09,"{""type"":""MultiPoint"",""coordinates"":[]}"
20171210,-0.006973493080238079,2017-12-10,"{""type"":""MultiPoint"",""coordinates"":[]}"
20171211,-0.006030661721908139,2017-12-11,"{""type"":""MultiPoint"",""coordinates"":[]}"
20171212,-0.0052507196849324415,2017-12-12,"{""type"":""MultiPoint"",""coordinates"":[]}"
20171213,-0.00454282404571981,2017-12-13,"{""type"":""MultiPoint"",""coordinates"":[]}"
20171214,-0.006951920976592328,2017-12-14,"{""type"":""MultiPoint"",""coordinates"":[]}"
20171215,-0.007596110946586945,2017-12-15,"{""type"":""MultiPoint"",""coordinates"":[]}"
20171216,-0.007929828454002568,2017-12-16,"{""type"":""MultiPoint"",""coordinates"":[]}"
20171217,-0.00841369263197435,2017-12-17,"{""type"":""MultiPoint"",""coordinates"":[]}"
20171218,-0.007568788355149622,2017-12-18,"{""type"":""MultiPoint"",""coordinates"":[]}"
20171219,-0.008049092416031195,2017-12-19,"{""type"":""MultiPoint"",""coordinates"":[]}"
20171220,-0.008715382391851238,2017-12-20,"{""type"":""MultiPoint"",""coordinates"":[]}"
20171221,-0.007016681920524664,2017-12-21,"{""type"":""MultiPoint"",""coordinates"":[]}"
20171222,-0.0073941030891301485,2017-12-22,"{""type"":""MultiPoint"",""coordinates"":[]}"
20171223,-0.007690373616573578,2017-12-23,"{""type"":""MultiPoint"",""coordinates"":[]}"
20171224,-0.008110424185670186,2017-12-24,"{""type"":""MultiPoint"",""coordinates"":[]}"
20171225,-0.006898450606585522,2017-12-25,"{""type"":""MultiPoint"",""coordinates"":[]}"
20171226,-0.00836162339052826,2017-12-26,"{""type"":""MultiPoint"",""coordinates"":[]}"
20171227,-0.007831171498137762,2017-12-27,"{""type"":""MultiPoint"",""coordinates"":[]}"
20171228,-0.008472593604262113,2017-12-28,"{""type"":""MultiPoint"",""coordinates"":[]}"
20171229,-0.007247732219994511,2017-12-29,"{""type"":""MultiPoint"",""coordinates"":[]}"
20171230,-0.007469030589613806,2017-12-30,"{""type"":""MultiPoint"",""coordinates"":[]}"
20171231,-0.007049905114641078,2017-12-31,"{""type"":""MultiPoint"",""coordinates"":[]}"
20180101,-0.006193438268871807,2018-01-01,"{""type"":""MultiPoint"",""coordinates"":[]}"
20180102,-0.006696391185111617,2018-01-02,"{""type"":""MultiPoint"",""coordinates"":[]}"
20180103,-0.005565640163793864,2018-01-03,"{""type"":""MultiPoint"",""coordinates"":[]}"
20180104,-0.007570760963910332,2018-01-04,"{""type"":""MultiPoint"",""coordinates"":[]}"
20180105,-0.0073897902993901275,2018-01-05,"{""type"":""MultiPoint"",""coordinates"":[]}"
20180106,-0.006956262820317271,2018-01-06,"{""type"":""MultiPoint"",""coordinates"":[]}"
20180107,-0.007075399467594343,2018-01-07,"{""type"":""MultiPoint"",""coordinates"":[]}"
20180108,-0.008414880275996885,2018-01-08,"{""type"":""MultiPoint"",""coordinates"":[]}"
20180109,-0.008393627536340485,2018-01-09,"{""type"":""MultiPoint"",""coordinates"":[]}"
20180110,-0.006107293008297748,2018-01-10,"{""type"":""MultiPoint"",""coordinates"":[]}"
20180111,-0.006359019236731432,2018-01-11,"{""type"":""MultiPoint"",""coordinates"":[]}"
20180112,-0.0072404092404574644,2018-01-12,"{""type"":""MultiPoint"",""coordinates"":[]}"
20180113,-0.008549158240082032,2018-01-13,"{""type"":""MultiPoint"",""coordinates"":[]}"
20180114,-0.009050161060933827,2018-01-14,"{""type"":""MultiPoint"",""coordinates"":[]}"
20180115,-0.008688746489086744,2018-01-15,"{""type"":""MultiPoint"",""coordinates"":[]}"
20180116,-0.007702885590464816,2018-01-16,"{""type"":""MultiPoint"",""coordinates"":[]}"
20180117,-0.008149897619164329,2018-01-17,"{""type"":""MultiPoint"",""coordinates"":[]}"
20180118,-0.009438598353241743,2018-01-18,"{""type"":""MultiPoint"",""coordinates"":[]}"
20180119,-0.008834018489123185,2018-01-19,"{""type"":""MultiPoint"",""coordinates"":[]}"
20180120,-0.008127631894068982,2018-01-20,"{""type"":""MultiPoint"",""coordinates"":[]}"
20180121,-0.008605196927308692,2018-01-21,"{""type"":""MultiPoint"",""coordinates"":[]}"
20180122,-0.007650126127706393,2018-01-22,"{""type"":""MultiPoint"",""coordinates"":[]}"
20180123,-0.006986774634490302,2018-01-23,"{""type"":""MultiPoint"",""coordinates"":[]}"
20180124,-0.007388812300797903,2018-01-24,"{""type"":""MultiPoint"",""coordinates"":[]}"
20180125,-0.008093217598367317,2018-01-25,"{""type"":""MultiPoint"",""coordinates"":[]}"
20180126,-0.008428818919473316,2018-01-26,"{""type"":""MultiPoint"",""coordinates"":[]}"
20180127,-0.0076981677870533085,2018-01-27,"{""type"":""MultiPoint"",""coordinates"":[]}"
20180128,-0.008854140665398991,2018-01-28,"{""type"":""MultiPoint"",""coordinates"":[]}"
20180129,-0.009135860889749164,2018-01-29,"{""type"":""MultiPoint"",""coordinates"":[]}"
20180130,-0.009227673909942266,2018-01-30,"{""type"":""MultiPoint"",""coordinates"":[]}"
20180131,-0.009326905459914006,2018-01-31,"{""type"":""MultiPoint"",""coordinates"":[]}"
20180201,-0.010776715674745614,2018-02-01,"{""type"":""MultiPoint"",""coordinates"":[]}"
20180202,-0.010066572110631215,2018-02-02,"{""type"":""MultiPoint"",""coordinates"":[]}"
20180203,-0.010352572078225524,2018-02-03,"{""type"":""MultiPoint"",""coordinates"":[]}"
20180204,-0.00954644308286656,2018-02-04,"{""type"":""MultiPoint"",""coordinates"":[]}"
20180205,-0.00938418443300568,2018-02-05,"{""type"":""MultiPoint"",""coordinates"":[]}"
20180206,-0.007490817780185923,2018-02-06,"{""type"":""MultiPoint"",""coordinates"":[]}"
20180207,-0.005639609784580872,2018-02-07,"{""type"":""MultiPoint"",""coordinates"":[]}"
20180208,-0.005225521622236326,2018-02-08,"{""type"":""MultiPoint"",""coordinates"":[]}"
20180209,-0.006052460710431921,2018-02-09,"{""type"":""MultiPoint"",""coordinates"":[]}"
20180210,-0.007223387437736082,2018-02-10,"{""type"":""MultiPoint"",""coordinates"":[]}"
20180211,-0.00875450616968258,2018-02-11,"{""type"":""MultiPoint"",""coordinates"":[]}"
20180212,-0.008048630194414756,2018-02-12,"{""type"":""MultiPoint"",""coordinates"":[]}"
20180213,-0.008314618218170694,2018-02-13,"{""type"":""MultiPoint"",""coordinates"":[]}"
20180214,-0.008774689765327692,2018-02-14,"{""type"":""MultiPoint"",""coordinates"":[]}"
20180215,-0.008934088434294045,2018-02-15,"{""type"":""MultiPoint"",""coordinates"":[]}"
20180216,-0.009870536136554146,2018-02-16,"{""type"":""MultiPoint"",""coordinates"":[]}"
20180217,-0.008582056387170084,2018-02-17,"{""type"":""MultiPoint"",""coordinates"":[]}"
20180218,-0.009754773933004212,2018-02-18,"{""type"":""MultiPoint"",""coordinates"":[]}"
20180219,-0.010170461636361934,2018-02-19,"{""type"":""MultiPoint"",""coordinates"":[]}"
20180220,-0.010294651942708987,2018-02-20,"{""type"":""MultiPoint"",""coordinates"":[]}"
20180221,-0.011180092677785124,2018-02-21,"{""type"":""MultiPoint"",""coordinates"":[]}"
20180222,-0.011704454641157932,2018-02-22,"{""type"":""MultiPoint"",""coordinates"":[]}"
20180223,-0.01215647909505576,2018-02-23,"{""type"":""MultiPoint"",""coordinates"":[]}"
20180224,-0.009706400879388902,2018-02-24,"{""type"":""MultiPoint"",""coordinates"":[]}"
20180225,-0.009980210582919697,2018-02-25,"{""type"":""MultiPoint"",""coordinates"":[]}"
20180226,-0.010191648010132223,2018-02-26,"{""type"":""MultiPoint"",""coordinates"":[]}"
20180227,-0.011685039415702165,2018-02-27,"{""type"":""MultiPoint"",""coordinates"":[]}"
20180228,-0.011782434299297918,2018-02-28,"{""type"":""MultiPoint"",""coordinates"":[]}"
20180301,-0.01191419963547952,2018-03-01,"{""type"":""MultiPoint"",""coordinates"":[]}"
20180302,-0.013193637984160742,2018-03-02,"{""type"":""MultiPoint"",""coordinates"":[]}"
20180303,-0.011996070022026748,2018-03-03,"{""type"":""MultiPoint"",""coordinates"":[]}"
20180304,-0.011860261524293874,2018-03-04,"{""type"":""MultiPoint"",""coordinates"":[]}"
20180305,-0.011564066094809158,2018-03-05,"{""type"":""MultiPoint"",""coordinates"":[]}"
20180306,-0.011868733983890269,2018-03-06,"{""type"":""MultiPoint"",""coordinates"":[]}"
20180307,-0.012115177691292585,2018-03-07,"{""type"":""MultiPoint"",""coordinates"":[]}"
20180308,-0.013125760073567975,2018-03-08,"{""type"":""MultiPoint"",""coordinates"":[]}"
20180309,-0.012133573380454744,2018-03-09,"{""type"":""MultiPoint"",""coordinates"":[]}"
20180310,-0.012487823742997341,2018-03-10,"{""type"":""MultiPoint"",""coordinates"":[]}"
20180311,-0.01296653555831449,2018-03-11,"{""type"":""MultiPoint"",""coordinates"":[]}"
20180312,-0.011613089813109158,2018-03-12,"{""type"":""MultiPoint"",""coordinates"":[]}"
20180313,-0.00980512192159157,2018-03-13,"{""type"":""MultiPoint"",""coordinates"":[]}"
20180314,-0.009254626401128764,2018-03-14,"{""type"":""MultiPoint"",""coordinates"":[]}"
20180315,-0.008329895688153061,2018-03-15,"{""type"":""MultiPoint"",""coordinates"":[]}"
20180316,-0.006220917261111819,2018-03-16,"{""type"":""MultiPoint"",""coordinates"":[]}"
20180317,-0.005216873278689934,2018-03-17,"{""type"":""MultiPoint"",""coordinates"":[]}"
20180318,-0.006191984298961344,2018-03-18,"{""type"":""MultiPoint"",""coordinates"":[]}"
20180319,-0.009837880065336129,2018-03-19,"{""type"":""MultiPoint"",""coordinates"":[]}"
20180320,-0.010010805928519561,2018-03-20,"{""type"":""MultiPoint"",""coordinates"":[]}"
20180321,-0.008090512819789099,2018-03-21,"{""type"":""MultiPoint"",""coordinates"":[]}"
20180322,-0.008964080171108208,2018-03-22,"{""type"":""MultiPoint"",""coordinates"":[]}"
20180323,-0.00970168594999207,2018-03-23,"{""type"":""MultiPoint"",""coordinates"":[]}"
20180324,-0.008934963234467531,2018-03-24,"{""type"":""MultiPoint"",""coordinates"":[]}"
20180325,-0.012065045855160791,2018-03-25,"{""type"":""MultiPoint"",""coordinates"":[]}"
20180326,-0.012364259960851744,2018-03-26,"{""type"":""MultiPoint"",""coordinates"":[]}"
20180327,-0.010877476137142706,2018-03-27,"{""type"":""MultiPoint"",""coordinates"":[]}"
20180328,-0.009300228050253516,2018-03-28,"{""type"":""MultiPoint"",""coordinates"":[]}"
20180329,-0.008053671679928045,2018-03-29,"{""type"":""MultiPoint"",""coordinates"":[]}"
20180330,-0.00763003345811205,2018-03-30,"{""type"":""MultiPoint"",""coordinates"":[]}"
20180331,-0.007034621397854705,2018-03-31,"{""type"":""MultiPoint"",""coordinates"":[]}"
20180401,-0.008286838727355715,2018-04-01,"{""type"":""MultiPoint"",""coordinates"":[]}"
20180402,-0.007794994735397736,2018-04-02,"{""type"":""MultiPoint"",""coordinates"":[]}"
20180403,-0.008382866816630722,2018-04-03,"{""type"":""MultiPoint"",""coordinates"":[]}"
20180404,-0.0096623692758002,2018-04-04,"{""type"":""MultiPoint"",""coordinates"":[]}"
20180405,-0.010456736465503014,2018-04-05,"{""type"":""MultiPoint"",""coordinates"":[]}"
20180406,-0.010113450138069942,2018-04-06,"{""type"":""MultiPoint"",""coordinates"":[]}"
20180407,-0.01094794878730047,2018-04-07,"{""type"":""MultiPoint"",""coordinates"":[]}"
20180408,-0.011186990269096222,2018-04-08,"{""type"":""MultiPoint"",""coordinates"":[]}"
20180409,-0.010473122667501672,2018-04-09,"{""type"":""MultiPoint"",""coordinates"":[]}"
20180410,-0.010658634398992414,2018-04-10,"{""type"":""MultiPoint"",""coordinates"":[]}"
20180411,-0.009998337616668117,2018-04-11,"{""type"":""MultiPoint"",""coordinates"":[]}"
20180412,-0.009290696895515564,2018-04-12,"{""type"":""MultiPoint"",""coordinates"":[]}"
20180413,-0.010254490961149122,2018-04-13,"{""type"":""MultiPoint"",""coordinates"":[]}"
20180414,-0.010553688404142418,2018-04-14,"{""type"":""MultiPoint"",""coordinates"":[]}"
20180415,-0.00967513987604685,2018-04-15,"{""type"":""MultiPoint"",""coordinates"":[]}"
20180416,-0.008429273006824053,2018-04-16,"{""type"":""MultiPoint"",""coordinates"":[]}"
20180417,-0.010591994675337479,2018-04-17,"{""type"":""MultiPoint"",""coordinates"":[]}"
20180418,-0.010832669195246154,2018-04-18,"{""type"":""MultiPoint"",""coordinates"":[]}"
20180419,-0.009245806845747061,2018-04-19,"{""type"":""MultiPoint"",""coordinates"":[]}"
20180420,-0.008072389140684713,2018-04-20,"{""type"":""MultiPoint"",""coordinates"":[]}"
20180421,-0.009699093732779177,2018-04-21,"{""type"":""MultiPoint"",""coordinates"":[]}"
20180422,-0.008166254302731267,2018-04-22,"{""type"":""MultiPoint"",""coordinates"":[]}"
20180423,-0.009181399464318273,2018-04-23,"{""type"":""MultiPoint"",""coordinates"":[]}"
20180424,-0.008508622127098178,2018-04-24,"{""type"":""MultiPoint"",""coordinates"":[]}"
20180425,-0.008499219312827917,2018-04-25,"{""type"":""MultiPoint"",""coordinates"":[]}"
20180426,-0.009199892910728091,2018-04-26,"{""type"":""MultiPoint"",""coordinates"":[]}"
20180427,-0.01022452892509048,2018-04-27,"{""type"":""MultiPoint"",""coordinates"":[]}"
20180428,-0.011148356040333571,2018-04-28,"{""type"":""MultiPoint"",""coordinates"":[]}"
20180429,-0.009129111981289994,2018-04-29,"{""type"":""MultiPoint"",""coordinates"":[]}"
20180430,-0.0090819987027701,2018-04-30,"{""type"":""MultiPoint"",""coordinates"":[]}"
20180501,-0.009376284456734798,2018-05-01,"{""type"":""MultiPoint"",""coordinates"":[]}"
20180502,-0.008708695786681653,2018-05-02,"{""type"":""MultiPoint"",""coordinates"":[]}"
20180503,-0.007939418451906773,2018-05-03,"{""type"":""MultiPoint"",""coordinates"":[]}"
20180504,-0.008050915233946111,2018-05-04,"{""type"":""MultiPoint"",""coordinates"":[]}"
20180505,-0.00952682892714152,2018-05-05,"{""type"":""MultiPoint"",""coordinates"":[]}"
20180506,-0.009770250691417487,2018-05-06,"{""type"":""MultiPoint"",""coordinates"":[]}"
20180507,-0.008632902678150554,2018-05-07,"{""type"":""MultiPoint"",""coordinates"":[]}"
20180508,-0.007424857233025374,2018-05-08,"{""type"":""MultiPoint"",""coordinates"":[]}"
20180509,-0.005448008752489762,2018-05-09,"{""type"":""MultiPoint"",""coordinates"":[]}"
20180510,-0.006881657198480169,2018-05-10,"{""type"":""MultiPoint"",""coordinates"":[]}"
20180511,-0.006399541506128481,2018-05-11,"{""type"":""MultiPoint"",""coordinates"":[]}"
20180512,-0.006647686927402553,2018-05-12,"{""type"":""MultiPoint"",""coordinates"":[]}"
20180513,-0.007042328970794566,2018-05-13,"{""type"":""MultiPoint"",""coordinates"":[]}"
20180514,-0.006260039977976272,2018-05-14,"{""type"":""MultiPoint"",""coordinates"":[]}"
20180515,-0.006048169221553307,2018-05-15,"{""type"":""MultiPoint"",""coordinates"":[]}"
20180516,-0.007225219009014427,2018-05-16,"{""type"":""MultiPoint"",""coordinates"":[]}"
20180517,-0.007943128882221904,2018-05-17,"{""type"":""MultiPoint"",""coordinates"":[]}"
20180518,-0.0071186972903466445,2018-05-18,"{""type"":""MultiPoint"",""coordinates"":[]}"
20180519,-0.007057299476913538,2018-05-19,"{""type"":""MultiPoint"",""coordinates"":[]}"
20180520,-0.006825016844547386,2018-05-20,"{""type"":""MultiPoint"",""coordinates"":[]}"
20180521,-0.00636204098538077,2018-05-21,"{""type"":""MultiPoint"",""coordinates"":[]}"
20180522,-0.006474595166862759,2018-05-22,"{""type"":""MultiPoint"",""coordinates"":[]}"
20180523,-0.006864601066055136,2018-05-23,"{""type"":""MultiPoint"",""coordinates"":[]}"
20180524,-0.006404821537536902,2018-05-24,"{""type"":""MultiPoint"",""coordinates"":[]}"
20180525,-0.005057990291423558,2018-05-25,"{""type"":""MultiPoint"",""coordinates"":[]}"
20180526,-0.005760378397656651,2018-05-26,"{""type"":""MultiPoint"",""coordinates"":[]}"
20180527,-0.00708246737688999,2018-05-27,"{""type"":""MultiPoint"",""coordinates"":[]}"
20180528,-0.00632715847417497,2018-05-28,"{""type"":""MultiPoint"",""coordinates"":[]}"
20180529,-0.007596586906596872,2018-05-29,"{""type"":""MultiPoint"",""coordinates"":[]}"
20180530,-0.006307459780167162,2018-05-30,"{""type"":""MultiPoint"",""coordinates"":[]}"
20180531,-0.006481532079731554,2018-05-31,"{""type"":""MultiPoint"",""coordinates"":[]}"
20180601,-0.005850383031034094,2018-06-01,"{""type"":""MultiPoint"",""coordinates"":[]}"
20180602,-0.00502101555337841,2018-06-02,"{""type"":""MultiPoint"",""coordinates"":[]}"
20180603,-0.005334537370776422,2018-06-03,"{""type"":""MultiPoint"",""coordinates"":[]}"
20180604,-0.005736488279836955,2018-06-04,"{""type"":""MultiPoint"",""coordinates"":[]}"
20180605,-0.0059194104654377005,2018-06-05,"{""type"":""MultiPoint"",""coordinates"":[]}"
20180606,-0.007128617517502872,2018-06-06,"{""type"":""MultiPoint"",""coordinates"":[]}"
20180607,-0.005726619008609468,2018-06-07,"{""type"":""MultiPoint"",""coordinates"":[]}"
20180608,-0.006350484231743555,2018-06-08,"{""type"":""MultiPoint"",""coordinates"":[]}"
20180609,-0.007672366006530744,2018-06-09,"{""type"":""MultiPoint"",""coordinates"":[]}"
20180610,-0.007241591927187838,2018-06-10,"{""type"":""MultiPoint"",""coordinates"":[]}"
20180611,-0.007385889405496888,2018-06-11,"{""type"":""MultiPoint"",""coordinates"":[]}"
20180612,-0.007980014543671648,2018-06-12,"{""type"":""MultiPoint"",""coordinates"":[]}"
20180613,-0.006962644414972344,2018-06-13,"{""type"":""MultiPoint"",""coordinates"":[]}"
20180614,-0.0055999807616361336,2018-06-14,"{""type"":""MultiPoint"",""coordinates"":[]}"
20180615,-0.006616219516798585,2018-06-15,"{""type"":""MultiPoint"",""coordinates"":[]}"
20180616,-0.007362301884321444,2018-06-16,"{""type"":""MultiPoint"",""coordinates"":[]}"
20180617,-0.007838353837075283,2018-06-17,"{""type"":""MultiPoint"",""coordinates"":[]}"
20180618,-0.008528555072714121,2018-06-18,"{""type"":""MultiPoint"",""coordinates"":[]}"
20180619,-0.008234424650916377,2018-06-19,"{""type"":""MultiPoint"",""coordinates"":[]}"
20180620,-0.004214353232865978,2018-06-20,"{""type"":""MultiPoint"",""coordinates"":[]}"
20180621,-0.005220384269887627,2018-06-21,"{""type"":""MultiPoint"",""coordinates"":[]}"
20180622,-0.006681398413921939,2018-06-22,"{""type"":""MultiPoint"",""coordinates"":[]}"
20180623,-0.005337552419002364,2018-06-23,"{""type"":""MultiPoint"",""coordinates"":[]}"
20180624,-0.005340872791256097,2018-06-24,"{""type"":""MultiPoint"",""coordinates"":[]}"
20180625,-0.005765049683353956,2018-06-25,"{""type"":""MultiPoint"",""coordinates"":[]}"
20180626,-0.006754425513562323,2018-06-26,"{""type"":""MultiPoint"",""coordinates"":[]}"
20180627,-0.005236469940049258,2018-06-27,"{""type"":""MultiPoint"",""coordinates"":[]}"
20180628,-0.0028254484541632963,2018-06-28,"{""type"":""MultiPoint"",""coordinates"":[]}"
20180629,-0.003773417957619786,2018-06-29,"{""type"":""MultiPoint"",""coordinates"":[]}"
20180630,-0.004531154341854206,2018-06-30,"{""type"":""MultiPoint"",""coordinates"":[]}"
20180701,-0.005057188157492213,2018-07-01,"{""type"":""MultiPoint"",""coordinates"":[]}"
20180702,-0.005451243961188917,2018-07-02,"{""type"":""MultiPoint"",""coordinates"":[]}"
20180703,-0.0062052611061650526,2018-07-03,"{""type"":""MultiPoint"",""coordinates"":[]}"
20180704,-0.007669239655255939,2018-07-04,"{""type"":""MultiPoint"",""coordinates"":[]}"
20180705,-0.008964101983820336,2018-07-05,"{""type"":""MultiPoint"",""coordinates"":[]}"
20180706,-0.00559476070050801,2018-07-06,"{""type"":""MultiPoint"",""coordinates"":[]}"
20180707,-0.002815767663009541,2018-07-07,"{""type"":""MultiPoint"",""coordinates"":[]}"
20180708,-0.005331470644007428,2018-07-08,"{""type"":""MultiPoint"",""coordinates"":[]}"
20180709,-0.006431309424432062,2018-07-09,"{""type"":""MultiPoint"",""coordinates"":[]}"
20180710,-0.005351589147407624,2018-07-10,"{""type"":""MultiPoint"",""coordinates"":[]}"
20180711,-0.005024870578966677,2018-07-11,"{""type"":""MultiPoint"",""coordinates"":[]}"
20180712,-0.007364367803081642,2018-07-12,"{""type"":""MultiPoint"",""coordinates"":[]}"
20180713,-0.0027061625274232034,2018-07-13,"{""type"":""MultiPoint"",""coordinates"":[]}"
20180714,-0.008399619527333434,2018-07-14,"{""type"":""MultiPoint"",""coordinates"":[]}"
20180715,-0.008566637923573806,2018-07-15,"{""type"":""MultiPoint"",""coordinates"":[]}"
20180716,-0.007599644928940125,2018-07-16,"{""type"":""MultiPoint"",""coordinates"":[]}"
20180717,-0.008149001427480944,2018-07-17,"{""type"":""MultiPoint"",""coordinates"":[]}"
20180718,-0.00843250569829237,2018-07-18,"{""type"":""MultiPoint"",""coordinates"":[]}"
20180719,-0.005680701609320799,2018-07-19,"{""type"":""MultiPoint"",""coordinates"":[]}"
20180720,-0.005894702660633609,2018-07-20,"{""type"":""MultiPoint"",""coordinates"":[]}"
20180721,-0.006699283108875501,2018-07-21,"{""type"":""MultiPoint"",""coordinates"":[]}"
20180722,-0.008514158253229313,2018-07-22,"{""type"":""MultiPoint"",""coordinates"":[]}"
20180723,-0.007468125790782207,2018-07-23,"{""type"":""MultiPoint"",""coordinates"":[]}"
20180724,-0.005912286317722601,2018-07-24,"{""type"":""MultiPoint"",""coordinates"":[]}"
20180725,-0.006375757822829218,2018-07-25,"{""type"":""MultiPoint"",""coordinates"":[]}"
20180726,-0.007141919205728416,2018-07-26,"{""type"":""MultiPoint"",""coordinates"":[]}"
20180727,-0.006051894130436603,2018-07-27,"{""type"":""MultiPoint"",""coordinates"":[]}"
20180728,-0.006500611591025741,2018-07-28,"{""type"":""MultiPoint"",""coordinates"":[]}"
20180729,-0.007230631551227984,2018-07-29,"{""type"":""MultiPoint"",""coordinates"":[]}"
20180730,-0.0067216970727569676,2018-07-30,"{""type"":""MultiPoint"",""coordinates"":[]}"
20180731,-0.006677490504389273,2018-07-31,"{""type"":""MultiPoint"",""coordinates"":[]}"
20180801,-0.006766290622232619,2018-08-01,"{""type"":""MultiPoint"",""coordinates"":[]}"
20180802,-0.007682323940976238,2018-08-02,"{""type"":""MultiPoint"",""coordinates"":[]}"
20180803,-0.007685678160185559,2018-08-03,"{""type"":""MultiPoint"",""coordinates"":[]}"
20180804,-0.008280510185931813,2018-08-04,"{""type"":""MultiPoint"",""coordinates"":[]}"
20180805,-0.008714578064912744,2018-08-05,"{""type"":""MultiPoint"",""coordinates"":[]}"
20180806,-0.008580886353027036,2018-08-06,"{""type"":""MultiPoint"",""coordinates"":[]}"
20180807,-0.006963349710892021,2018-08-07,"{""type"":""MultiPoint"",""coordinates"":[]}"
20180808,-0.005120866442001537,2018-08-08,"{""type"":""MultiPoint"",""coordinates"":[]}"
20180809,-0.00737146428812447,2018-08-09,"{""type"":""MultiPoint"",""coordinates"":[]}"
20180810,-0.006065143243330763,2018-08-10,"{""type"":""MultiPoint"",""coordinates"":[]}"
20180811,-0.004461883218598961,2018-08-11,"{""type"":""MultiPoint"",""coordinates"":[]}"
20180812,-0.0035915989335335015,2018-08-12,"{""type"":""MultiPoint"",""coordinates"":[]}"
20180813,-0.004608812830235974,2018-08-13,"{""type"":""MultiPoint"",""coordinates"":[]}"
20180814,-0.0035816120427185467,2018-08-14,"{""type"":""MultiPoint"",""coordinates"":[]}"
20180815,-0.002534821106417196,2018-08-15,"{""type"":""MultiPoint"",""coordinates"":[]}"
20180816,-0.005915703206922861,2018-08-16,"{""type"":""MultiPoint"",""coordinates"":[]}"
20180817,-0.008639692870393975,2018-08-17,"{""type"":""MultiPoint"",""coordinates"":[]}"
20180818,-0.00871684505274745,2018-08-18,"{""type"":""MultiPoint"",""coordinates"":[]}"
20180819,-0.0072902768524751044,2018-08-19,"{""type"":""MultiPoint"",""coordinates"":[]}"
20180820,-0.007288728167786533,2018-08-20,"{""type"":""MultiPoint"",""coordinates"":[]}"
20180821,-0.007942580341211137,2018-08-21,"{""type"":""MultiPoint"",""coordinates"":[]}"
20180822,-0.006977527210475336,2018-08-22,"{""type"":""MultiPoint"",""coordinates"":[]}"
20180823,-0.0069125775543108755,2018-08-23,"{""type"":""MultiPoint"",""coordinates"":[]}"
20180824,-0.005593611774114151,2018-08-24,"{""type"":""MultiPoint"",""coordinates"":[]}"
20180825,-0.006768885921832124,2018-08-25,"{""type"":""MultiPoint"",""coordinates"":[]}"
20180826,-0.006103716414239218,2018-08-26,"{""type"":""MultiPoint"",""coordinates"":[]}"
20180827,-0.006370346609745592,2018-08-27,"{""type"":""MultiPoint"",""coordinates"":[]}"
20180828,-0.006263502207994125,2018-08-28,"{""type"":""MultiPoint"",""coordinates"":[]}"
20180829,-0.005312285199281112,2018-08-29,"{""type"":""MultiPoint"",""coordinates"":[]}"
20180830,-0.005066400655049473,2018-08-30,"{""type"":""MultiPoint"",""coordinates"":[]}"
20180831,-0.006088717028270384,2018-08-31,"{""type"":""MultiPoint"",""coordinates"":[]}"
20180901,-0.006530992484498651,2018-09-01,"{""type"":""MultiPoint"",""coordinates"":[]}"
20180902,-0.007149535252951893,2018-09-02,"{""type"":""MultiPoint"",""coordinates"":[]}"
20180903,-0.007666579231761226,2018-09-03,"{""type"":""MultiPoint"",""coordinates"":[]}"
20180904,-0.007548019822527039,2018-09-04,"{""type"":""MultiPoint"",""coordinates"":[]}"
20180905,-0.007614167453808336,2018-09-05,"{""type"":""MultiPoint"",""coordinates"":[]}"
20180906,-0.006769740962766435,2018-09-06,"{""type"":""MultiPoint"",""coordinates"":[]}"
20180907,-0.006510795956430917,2018-09-07,"{""type"":""MultiPoint"",""coordinates"":[]}"
20180908,-0.00719895931479738,2018-09-08,"{""type"":""MultiPoint"",""coordinates"":[]}"
20180909,-0.006608315683248563,2018-09-09,"{""type"":""MultiPoint"",""coordinates"":[]}"
20180910,-0.005418691220254994,2018-09-10,"{""type"":""MultiPoint"",""coordinates"":[]}"
20180911,-0.006043511056659533,2018-09-11,"{""type"":""MultiPoint"",""coordinates"":[]}"
20180912,-0.0059206458082564275,2018-09-12,"{""type"":""MultiPoint"",""coordinates"":[]}"
20180913,-0.006171511669994535,2018-09-13,"{""type"":""MultiPoint"",""coordinates"":[]}"
20180914,-0.005876263582910909,2018-09-14,"{""type"":""MultiPoint"",""coordinates"":[]}"
20180915,-0.0067402985980591626,2018-09-15,"{""type"":""MultiPoint"",""coordinates"":[]}"
20180916,-0.0077432357703193615,2018-09-16,"{""type"":""MultiPoint"",""coordinates"":[]}"
20180917,-0.005501211395755433,2018-09-17,"{""type"":""MultiPoint"",""coordinates"":[]}"
20180918,-0.007680224612775262,2018-09-18,"{""type"":""MultiPoint"",""coordinates"":[]}"
20180919,-0.007619498649491444,2018-09-19,"{""type"":""MultiPoint"",""coordinates"":[]}"
20180920,-0.007788568594873584,2018-09-20,"{""type"":""MultiPoint"",""coordinates"":[]}"
20180921,-0.006504580494371146,2018-09-21,"{""type"":""MultiPoint"",""coordinates"":[]}"
20180922,-0.007876293822262065,2018-09-22,"{""type"":""MultiPoint"",""coordinates"":[]}"
20180923,-0.005534048830009864,2018-09-23,"{""type"":""MultiPoint"",""coordinates"":[]}"
20180924,-0.005206497855851148,2018-09-24,"{""type"":""MultiPoint"",""coordinates"":[]}"
20180925,-0.005544946246615906,2018-09-25,"{""type"":""MultiPoint"",""coordinates"":[]}"
20180926,-0.0057926366768099235,2018-09-26,"{""type"":""MultiPoint"",""coordinates"":[]}"
20180927,-0.005818336223253025,2018-09-27,"{""type"":""MultiPoint"",""coordinates"":[]}"
20180928,-0.004690320263621214,2018-09-28,"{""type"":""MultiPoint"",""coordinates"":[]}"
20180929,-0.006299480995120595,2018-09-29,"{""type"":""MultiPoint"",""coordinates"":[]}"
20180930,-0.006390077615520784,2018-09-30,"{""type"":""MultiPoint"",""coordinates"":[]}"
20181001,-0.00672949808364924,2018-10-01,"{""type"":""MultiPoint"",""coordinates"":[]}"
20181002,-0.006504329047482733,2018-10-02,"{""type"":""MultiPoint"",""coordinates"":[]}"
20181003,-0.007078151592123334,2018-10-03,"{""type"":""MultiPoint"",""coordinates"":[]}"
20181004,-0.0036717742108756672,2018-10-04,"{""type"":""MultiPoint"",""coordinates"":[]}"
20181005,-0.004240287753466518,2018-10-05,"{""type"":""MultiPoint"",""coordinates"":[]}"
20181006,-0.004763380774093199,2018-10-06,"{""type"":""MultiPoint"",""coordinates"":[]}"
20181007,-0.006710488874509507,2018-10-07,"{""type"":""MultiPoint"",""coordinates"":[]}"
20181008,-0.005912964875990141,2018-10-08,"{""type"":""MultiPoint"",""coordinates"":[]}"
20181009,-0.00648341232342597,2018-10-09,"{""type"":""MultiPoint"",""coordinates"":[]}"
20181010,-0.007101890501528494,2018-10-10,"{""type"":""MultiPoint"",""coordinates"":[]}"
20181011,-0.007831477963408462,2018-10-11,"{""type"":""MultiPoint"",""coordinates"":[]}"
20181012,-0.006696701321841146,2018-10-12,"{""type"":""MultiPoint"",""coordinates"":[]}"
20181013,-0.0064548194065605835,2018-10-13,"{""type"":""MultiPoint"",""coordinates"":[]}"
20181014,-0.005550370047972446,2018-10-14,"{""type"":""MultiPoint"",""coordinates"":[]}"
20181015,-0.005087779044561553,2018-10-15,"{""type"":""MultiPoint"",""coordinates"":[]}"
20181016,-0.0044582803427693635,2018-10-16,"{""type"":""MultiPoint"",""coordinates"":[]}"
20181017,-0.005407363627443598,2018-10-17,"{""type"":""MultiPoint"",""coordinates"":[]}"
20181018,-0.004291519537016796,2018-10-18,"{""type"":""MultiPoint"",""coordinates"":[]}"
20181019,-0.004454976388602737,2018-10-19,"{""type"":""MultiPoint"",""coordinates"":[]}"
20181020,-0.007160356185992727,2018-10-20,"{""type"":""MultiPoint"",""coordinates"":[]}"
20181021,-0.00517164930859651,2018-10-21,"{""type"":""MultiPoint"",""coordinates"":[]}"
20181022,-0.007872959515708043,2018-10-22,"{""type"":""MultiPoint"",""coordinates"":[]}"
20181023,-0.007845650138088373,2018-10-23,"{""type"":""MultiPoint"",""coordinates"":[]}"
20181024,-0.00848064765915376,2018-10-24,"{""type"":""MultiPoint"",""coordinates"":[]}"
20181025,-0.008455637972104947,2018-10-25,"{""type"":""MultiPoint"",""coordinates"":[]}"
20181026,-0.008455560269295427,2018-10-26,"{""type"":""MultiPoint"",""coordinates"":[]}"
20181027,-0.009304361247319261,2018-10-27,"{""type"":""MultiPoint"",""coordinates"":[]}"
20181028,-0.008810076870521941,2018-10-28,"{""type"":""MultiPoint"",""coordinates"":[]}"
20181029,-0.008250859651906224,2018-10-29,"{""type"":""MultiPoint"",""coordinates"":[]}"
20181030,-0.007501892837625112,2018-10-30,"{""type"":""MultiPoint"",""coordinates"":[]}"
20181031,-0.00685208375375552,2018-10-31,"{""type"":""MultiPoint"",""coordinates"":[]}"
20181101,-0.00524479877606871,2018-11-01,"{""type"":""MultiPoint"",""coordinates"":[]}"
20181102,-0.002475159310407381,2018-11-02,"{""type"":""MultiPoint"",""coordinates"":[]}"
20181103,-0.004639058858603599,2018-11-03,"{""type"":""MultiPoint"",""coordinates"":[]}"
20181104,-0.006240981810944024,2018-11-04,"{""type"":""MultiPoint"",""coordinates"":[]}"
20181105,-0.007044403210940579,2018-11-05,"{""type"":""MultiPoint"",""coordinates"":[]}"
20181106,-0.006529672690172232,2018-11-06,"{""type"":""MultiPoint"",""coordinates"":[]}"
20181107,-0.008391986509098247,2018-11-07,"{""type"":""MultiPoint"",""coordinates"":[]}"
20181108,-0.007291291054792682,2018-11-08,"{""type"":""MultiPoint"",""coordinates"":[]}"
20181109,-0.008290623634491135,2018-11-09,"{""type"":""MultiPoint"",""coordinates"":[]}"
20181110,-0.00813842797717933,2018-11-10,"{""type"":""MultiPoint"",""coordinates"":[]}"
20181111,-0.007931380500354135,2018-11-11,"{""type"":""MultiPoint"",""coordinates"":[]}"
20181112,-0.007665295683182886,2018-11-12,"{""type"":""MultiPoint"",""coordinates"":[]}"
20181113,-0.00771098650155323,2018-11-13,"{""type"":""MultiPoint"",""coordinates"":[]}"
20181114,-0.007275454428541597,2018-11-14,"{""type"":""MultiPoint"",""coordinates"":[]}"
20181115,-0.006712865935750335,2018-11-15,"{""type"":""MultiPoint"",""coordinates"":[]}"
20181116,-0.006821295925237485,2018-11-16,"{""type"":""MultiPoint"",""coordinates"":[]}"
20181117,-0.007440929619075818,2018-11-17,"{""type"":""MultiPoint"",""coordinates"":[]}"
20181118,-0.006037922607476403,2018-11-18,"{""type"":""MultiPoint"",""coordinates"":[]}"
20181119,-0.006340482350691668,2018-11-19,"{""type"":""MultiPoint"",""coordinates"":[]}"
20181120,-0.00750392682926959,2018-11-20,"{""type"":""MultiPoint"",""coordinates"":[]}"
20181121,-0.0065170541475295446,2018-11-21,"{""type"":""MultiPoint"",""coordinates"":[]}"
20181122,-0.002210482344108987,2018-11-22,"{""type"":""MultiPoint"",""coordinates"":[]}"
20181123,-0.002264860022717345,2018-11-23,"{""type"":""MultiPoint"",""coordinates"":[]}"
20181124,-0.005331401741250405,2018-11-24,"{""type"":""MultiPoint"",""coordinates"":[]}"
20181125,-0.005194275706889632,2018-11-25,"{""type"":""MultiPoint"",""coordinates"":[]}"
20181126,-0.006603273516311839,2018-11-26,"{""type"":""MultiPoint"",""coordinates"":[]}"
20181127,-0.007261841749158862,2018-11-27,"{""type"":""MultiPoint"",""coordinates"":[]}"
20181128,-0.0067705358138051945,2018-11-28,"{""type"":""MultiPoint"",""coordinates"":[]}"
20181129,-0.004458301429123742,2018-11-29,"{""type"":""MultiPoint"",""coordinates"":[]}"
20181130,-0.006331490992101793,2018-11-30,"{""type"":""MultiPoint"",""coordinates"":[]}"
20181201,-0.00714162156584341,2018-12-01,"{""type"":""MultiPoint"",""coordinates"":[]}"
20181202,-0.007174884768777083,2018-12-02,"{""type"":""MultiPoint"",""coordinates"":[]}"
20181203,-0.006986041236966781,2018-12-03,"{""type"":""MultiPoint"",""coordinates"":[]}"
20181204,-0.004203989404000273,2018-12-04,"{""type"":""MultiPoint"",""coordinates"":[]}"
20181205,-0.004938860123121884,2018-12-05,"{""type"":""MultiPoint"",""coordinates"":[]}"
20181206,-0.005661586816162868,2018-12-06,"{""type"":""MultiPoint"",""coordinates"":[]}"
20181207,-0.0069595182924114575,2018-12-07,"{""type"":""MultiPoint"",""coordinates"":[]}"
20181208,-0.006421628777309849,2018-12-08,"{""type"":""MultiPoint"",""coordinates"":[]}"
20181209,-0.007554712521929372,2018-12-09,"{""type"":""MultiPoint"",""coordinates"":[]}"
20181210,-0.00656470425399885,2018-12-10,"{""type"":""MultiPoint"",""coordinates"":[]}"
20181211,-0.005708912475672385,2018-12-11,"{""type"":""MultiPoint"",""coordinates"":[]}"
20181212,-0.005299711640399242,2018-12-12,"{""type"":""MultiPoint"",""coordinates"":[]}"
20181213,-0.005189324434418377,2018-12-13,"{""type"":""MultiPoint"",""coordinates"":[]}"
20181214,-0.007708007853115411,2018-12-14,"{""type"":""MultiPoint"",""coordinates"":[]}"
20181215,-0.009022822921928643,2018-12-15,"{""type"":""MultiPoint"",""coordinates"":[]}"
20181216,-0.008475683975326255,2018-12-16,"{""type"":""MultiPoint"",""coordinates"":[]}"
20181217,-0.008129393961273927,2018-12-17,"{""type"":""MultiPoint"",""coordinates"":[]}"
20181218,-0.007991917978066046,2018-12-18,"{""type"":""MultiPoint"",""coordinates"":[]}"
20181219,-0.0050766737040536195,2018-12-19,"{""type"":""MultiPoint"",""coordinates"":[]}"
20181220,-0.005840555828075936,2018-12-20,"{""type"":""MultiPoint"",""coordinates"":[]}"
20181221,-0.005173164252224701,2018-12-21,"{""type"":""MultiPoint"",""coordinates"":[]}"
20181222,-0.006161004561727595,2018-12-22,"{""type"":""MultiPoint"",""coordinates"":[]}"
20181223,-0.006372887959429552,2018-12-23,"{""type"":""MultiPoint"",""coordinates"":[]}"
20181224,-0.006494525227259705,2018-12-24,"{""type"":""MultiPoint"",""coordinates"":[]}"
20181225,-0.0065278486321251345,2018-12-25,"{""type"":""MultiPoint"",""coordinates"":[]}"
20181226,-0.007805461609071065,2018-12-26,"{""type"":""MultiPoint"",""coordinates"":[]}"
20181227,-0.00613522425880109,2018-12-27,"{""type"":""MultiPoint"",""coordinates"":[]}"
20181228,-0.0056139970850454775,2018-12-28,"{""type"":""MultiPoint"",""coordinates"":[]}"
20181229,-0.005527030286797909,2018-12-29,"{""type"":""MultiPoint"",""coordinates"":[]}"
20181230,-0.0076621043601421985,2018-12-30,"{""type"":""MultiPoint"",""coordinates"":[]}"
20181231,-0.007833383620044444,2018-12-31,"{""type"":""MultiPoint"",""coordinates"":[]}"
20190101,-0.008871142095190673,2019-01-01,"{""type"":""MultiPoint"",""coordinates"":[]}"
20190102,-0.009181340333517874,2019-01-02,"{""type"":""MultiPoint"",""coordinates"":[]}"
20190103,-0.00939382512776124,2019-01-03,"{""type"":""MultiPoint"",""coordinates"":[]}"
20190104,-0.009662420947415287,2019-01-04,"{""type"":""MultiPoint"",""coordinates"":[]}"
20190105,-0.008437580492225509,2019-01-05,"{""type"":""MultiPoint"",""coordinates"":[]}"
20190106,-0.008244509409488534,2019-01-06,"{""type"":""MultiPoint"",""coordinates"":[]}"
20190107,-0.007993998417066191,2019-01-07,"{""type"":""MultiPoint"",""coordinates"":[]}"
20190108,-0.009487366138579915,2019-01-08,"{""type"":""MultiPoint"",""coordinates"":[]}"
20190109,-0.009428997157922359,2019-01-09,"{""type"":""MultiPoint"",""coordinates"":[]}"
20190110,-0.008990807957659754,2019-01-10,"{""type"":""MultiPoint"",""coordinates"":[]}"
20190111,-0.007916437109325054,2019-01-11,"{""type"":""MultiPoint"",""coordinates"":[]}"
20190112,-0.008243715345833425,2019-01-12,"{""type"":""MultiPoint"",""coordinates"":[]}"
20190113,-0.00833878399555325,2019-01-13,"{""type"":""MultiPoint"",""coordinates"":[]}"
20190114,-0.009048526365866878,2019-01-14,"{""type"":""MultiPoint"",""coordinates"":[]}"
20190115,-0.010237525072116602,2019-01-15,"{""type"":""MultiPoint"",""coordinates"":[]}"
20190116,-0.009420721542159196,2019-01-16,"{""type"":""MultiPoint"",""coordinates"":[]}"
20190117,-0.00848394903410178,2019-01-17,"{""type"":""MultiPoint"",""coordinates"":[]}"
20190118,-0.009007603533400065,2019-01-18,"{""type"":""MultiPoint"",""coordinates"":[]}"
20190119,-0.00978667701362677,2019-01-19,"{""type"":""MultiPoint"",""coordinates"":[]}"
20190120,-0.009653996676797998,2019-01-20,"{""type"":""MultiPoint"",""coordinates"":[]}"
20190121,-0.009505798404628802,2019-01-21,"{""type"":""MultiPoint"",""coordinates"":[]}"
20190122,-0.00754904754688532,2019-01-22,"{""type"":""MultiPoint"",""coordinates"":[]}"
20190123,-0.007242359252202946,2019-01-23,"{""type"":""MultiPoint"",""coordinates"":[]}"
20190124,-0.007835373276830395,2019-01-24,"{""type"":""MultiPoint"",""coordinates"":[]}"
20190125,-0.0074873085086839325,2019-01-25,"{""type"":""MultiPoint"",""coordinates"":[]}"
20190126,-0.00618456197026487,2019-01-26,"{""type"":""MultiPoint"",""coordinates"":[]}"
20190127,-0.004925796131017109,2019-01-27,"{""type"":""MultiPoint"",""coordinates"":[]}"
20190128,-0.004648792613912804,2019-01-28,"{""type"":""MultiPoint"",""coordinates"":[]}"
20190129,-0.006433356522231246,2019-01-29,"{""type"":""MultiPoint"",""coordinates"":[]}"
20190130,-0.00816693888214343,2019-01-30,"{""type"":""MultiPoint"",""coordinates"":[]}"
20190131,-0.00829786194647968,2019-01-31,"{""type"":""MultiPoint"",""coordinates"":[]}"
20190201,-0.007745877558218448,2019-02-01,"{""type"":""MultiPoint"",""coordinates"":[]}"
20190202,-0.00820646557653878,2019-02-02,"{""type"":""MultiPoint"",""coordinates"":[]}"
20190203,-0.008700460025903661,2019-02-03,"{""type"":""MultiPoint"",""coordinates"":[]}"
20190204,-0.009648821245077493,2019-02-04,"{""type"":""MultiPoint"",""coordinates"":[]}"
20190205,-0.008283338579012046,2019-02-05,"{""type"":""MultiPoint"",""coordinates"":[]}"
20190206,-0.009764092981830532,2019-02-06,"{""type"":""MultiPoint"",""coordinates"":[]}"
20190207,-0.009447543637780302,2019-02-07,"{""type"":""MultiPoint"",""coordinates"":[]}"
20190208,-0.007597190998663546,2019-02-08,"{""type"":""MultiPoint"",""coordinates"":[]}"
20190209,-0.006328290478598811,2019-02-09,"{""type"":""MultiPoint"",""coordinates"":[]}"
20190210,-0.007238037627601632,2019-02-10,"{""type"":""MultiPoint"",""coordinates"":[]}"
20190211,-0.00913660597440289,2019-02-11,"{""type"":""MultiPoint"",""coordinates"":[]}"
20190212,-0.010048479821146662,2019-02-12,"{""type"":""MultiPoint"",""coordinates"":[]}"
20190213,-0.010162467284601365,2019-02-13,"{""type"":""MultiPoint"",""coordinates"":[]}"
20190214,-0.009700645769486182,2019-02-14,"{""type"":""MultiPoint"",""coordinates"":[]}"
20190215,-0.006904496160840639,2019-02-15,"{""type"":""MultiPoint"",""coordinates"":[]}"
20190216,-0.007757745489769035,2019-02-16,"{""type"":""MultiPoint"",""coordinates"":[]}"
20190217,-0.009203580994292691,2019-02-17,"{""type"":""MultiPoint"",""coordinates"":[]}"
20190218,-0.008395364424374017,2019-02-18,"{""type"":""MultiPoint"",""coordinates"":[]}"
20190219,-0.008412695726100986,2019-02-19,"{""type"":""MultiPoint"",""coordinates"":[]}"
20190220,-0.010772443483427981,2019-02-20,"{""type"":""MultiPoint"",""coordinates"":[]}"
20190221,-0.011474408984190401,2019-02-21,"{""type"":""MultiPoint"",""coordinates"":[]}"
20190222,-0.01292209641706448,2019-02-22,"{""type"":""MultiPoint"",""coordinates"":[]}"
20190223,-0.013172433875482583,2019-02-23,"{""type"":""MultiPoint"",""coordinates"":[]}"
20190224,-0.012401328116923275,2019-02-24,"{""type"":""MultiPoint"",""coordinates"":[]}"
20190225,-0.011405539002808662,2019-02-25,"{""type"":""MultiPoint"",""coordinates"":[]}"
20190226,-0.00996501433693504,2019-02-26,"{""type"":""MultiPoint"",""coordinates"":[]}"
20190227,-0.009380288279622942,2019-02-27,"{""type"":""MultiPoint"",""coordinates"":[]}"
20190228,-0.010176149474465546,2019-02-28,"{""type"":""MultiPoint"",""coordinates"":[]}"
20190301,-0.008680643364246248,2019-03-01,"{""type"":""MultiPoint"",""coordinates"":[]}"
20190302,-0.009839317997989708,2019-03-02,"{""type"":""MultiPoint"",""coordinates"":[]}"
20190303,-0.008860662659097582,2019-03-03,"{""type"":""MultiPoint"",""coordinates"":[]}"
20190304,-0.008743777080771694,2019-03-04,"{""type"":""MultiPoint"",""coordinates"":[]}"
20190305,-0.00946034199731383,2019-03-05,"{""type"":""MultiPoint"",""coordinates"":[]}"
20190306,-0.010875988493306855,2019-03-06,"{""type"":""MultiPoint"",""coordinates"":[]}"
20190307,-0.01025476635945091,2019-03-07,"{""type"":""MultiPoint"",""coordinates"":[]}"
20190308,-0.010020398954439465,2019-03-08,"{""type"":""MultiPoint"",""coordinates"":[]}"
20190309,-0.008609941681072606,2019-03-09,"{""type"":""MultiPoint"",""coordinates"":[]}"
20190310,-0.010275859703771949,2019-03-10,"{""type"":""MultiPoint"",""coordinates"":[]}"
20190311,-0.01181473054437589,2019-03-11,"{""type"":""MultiPoint"",""coordinates"":[]}"
20190312,-0.012957066038154788,2019-03-12,"{""type"":""MultiPoint"",""coordinates"":[]}"
20190313,-0.014154691168186736,2019-03-13,"{""type"":""MultiPoint"",""coordinates"":[]}"
20190314,-0.014584019969904716,2019-03-14,"{""type"":""MultiPoint"",""coordinates"":[]}"
20190315,-0.01453785661325149,2019-03-15,"{""type"":""MultiPoint"",""coordinates"":[]}"
20190316,-0.013687689432097815,2019-03-16,"{""type"":""MultiPoint"",""coordinates"":[]}"
20190317,-0.011376560896410304,2019-03-17,"{""type"":""MultiPoint"",""coordinates"":[]}"
20190318,-0.010348717454654346,2019-03-18,"{""type"":""MultiPoint"",""coordinates"":[]}"
20190319,-0.010515156639823895,2019-03-19,"{""type"":""MultiPoint"",""coordinates"":[]}"
20190320,-0.010597062235783673,2019-03-20,"{""type"":""MultiPoint"",""coordinates"":[]}"
20190321,-0.010242305928571937,2019-03-21,"{""type"":""MultiPoint"",""coordinates"":[]}"
20190322,-0.010526558730902389,2019-03-22,"{""type"":""MultiPoint"",""coordinates"":[]}"
20190323,-0.010382591009300791,2019-03-23,"{""type"":""MultiPoint"",""coordinates"":[]}"
20190324,-0.010685268669590164,2019-03-24,"{""type"":""MultiPoint"",""coordinates"":[]}"
20190325,-0.013313054601600266,2019-03-25,"{""type"":""MultiPoint"",""coordinates"":[]}"
20190326,-0.012879458274947166,2019-03-26,"{""type"":""MultiPoint"",""coordinates"":[]}"
20190327,-0.012221965642470212,2019-03-27,"{""type"":""MultiPoint"",""coordinates"":[]}"
20190328,-0.01270626173558016,2019-03-28,"{""type"":""MultiPoint"",""coordinates"":[]}"
20190329,-0.01160749613051601,2019-03-29,"{""type"":""MultiPoint"",""coordinates"":[]}"
20190330,-0.011982220073184648,2019-03-30,"{""type"":""MultiPoint"",""coordinates"":[]}"
20190331,-0.010143949904052573,2019-03-31,"{""type"":""MultiPoint"",""coordinates"":[]}"
20190401,-0.010008887793509296,2019-04-01,"{""type"":""MultiPoint"",""coordinates"":[]}"
20190402,-0.010077191945559852,2019-04-02,"{""type"":""MultiPoint"",""coordinates"":[]}"
20190403,-0.011286433200129646,2019-04-03,"{""type"":""MultiPoint"",""coordinates"":[]}"
20190404,-0.013290851038661544,2019-04-04,"{""type"":""MultiPoint"",""coordinates"":[]}"
20190405,-0.011672467471205695,2019-04-05,"{""type"":""MultiPoint"",""coordinates"":[]}"
20190406,-0.012068997627592322,2019-04-06,"{""type"":""MultiPoint"",""coordinates"":[]}"
20190407,-0.011462837167215146,2019-04-07,"{""type"":""MultiPoint"",""coordinates"":[]}"
20190408,-0.010648503728428791,2019-04-08,"{""type"":""MultiPoint"",""coordinates"":[]}"
20190409,-0.008962970971590626,2019-04-09,"{""type"":""MultiPoint"",""coordinates"":[]}"
20190410,-0.011176222631947416,2019-04-10,"{""type"":""MultiPoint"",""coordinates"":[]}"
20190411,-0.01027708286182963,2019-04-11,"{""type"":""MultiPoint"",""coordinates"":[]}"
20190412,-0.011402431256233095,2019-04-12,"{""type"":""MultiPoint"",""coordinates"":[]}"
20190413,-0.012259709367228805,2019-04-13,"{""type"":""MultiPoint"",""coordinates"":[]}"
20190414,-0.012580828075578275,2019-04-14,"{""type"":""MultiPoint"",""coordinates"":[]}"
20190415,-0.011157287690450152,2019-04-15,"{""type"":""MultiPoint"",""coordinates"":[]}"
20190416,-0.0107318156864633,2019-04-16,"{""type"":""MultiPoint"",""coordinates"":[]}"
20190417,-0.008447028472073468,2019-04-17,"{""type"":""MultiPoint"",""coordinates"":[]}"
20190418,-0.00845352437503352,2019-04-18,"{""type"":""MultiPoint"",""coordinates"":[]}"
20190419,-0.00886806556359295,2019-04-19,"{""type"":""MultiPoint"",""coordinates"":[]}"
20190420,-0.007667962510134261,2019-04-20,"{""type"":""MultiPoint"",""coordinates"":[]}"
20190421,-0.008133410232588803,2019-04-21,"{""type"":""MultiPoint"",""coordinates"":[]}"
20190422,-0.009596850368369544,2019-04-22,"{""type"":""MultiPoint"",""coordinates"":[]}"
20190423,-0.009082989185806701,2019-04-23,"{""type"":""MultiPoint"",""coordinates"":[]}"
20190424,-0.010842122297604683,2019-04-24,"{""type"":""MultiPoint"",""coordinates"":[]}"
20190425,-0.011439865989248541,2019-04-25,"{""type"":""MultiPoint"",""coordinates"":[]}"
20190426,-0.011243724373935778,2019-04-26,"{""type"":""MultiPoint"",""coordinates"":[]}"
20190427,-0.011168976635868084,2019-04-27,"{""type"":""MultiPoint"",""coordinates"":[]}"
20190428,-0.010337229629250348,2019-04-28,"{""type"":""MultiPoint"",""coordinates"":[]}"
20190429,-0.009279756288751424,2019-04-29,"{""type"":""MultiPoint"",""coordinates"":[]}"
20190430,-0.00821925478813969,2019-04-30,"{""type"":""MultiPoint"",""coordinates"":[]}"
20190501,-0.009873758793439978,2019-05-01,"{""type"":""MultiPoint"",""coordinates"":[]}"
20190502,-0.012334785358920986,2019-05-02,"{""type"":""MultiPoint"",""coordinates"":[]}"
20190503,-0.011839738753272027,2019-05-03,"{""type"":""MultiPoint"",""coordinates"":[]}"
20190504,-0.009777798419912885,2019-05-04,"{""type"":""MultiPoint"",""coordinates"":[]}"
20190505,-0.009793011860098995,2019-05-05,"{""type"":""MultiPoint"",""coordinates"":[]}"
20190506,-0.00943271890545582,2019-05-06,"{""type"":""MultiPoint"",""coordinates"":[]}"
20190507,-0.008226878704754331,2019-05-07,"{""type"":""MultiPoint"",""coordinates"":[]}"
20190508,-0.008860870236861074,2019-05-08,"{""type"":""MultiPoint"",""coordinates"":[]}"
20190509,-0.010084424065245273,2019-05-09,"{""type"":""MultiPoint"",""coordinates"":[]}"
20190510,-0.009856585208244603,2019-05-10,"{""type"":""MultiPoint"",""coordinates"":[]}"
20190511,-0.008820479170820024,2019-05-11,"{""type"":""MultiPoint"",""coordinates"":[]}"
20190512,-0.008104024417617605,2019-05-12,"{""type"":""MultiPoint"",""coordinates"":[]}"
20190513,-0.0078090421811607275,2019-05-13,"{""type"":""MultiPoint"",""coordinates"":[]}"
20190514,-0.009450162186637844,2019-05-14,"{""type"":""MultiPoint"",""coordinates"":[]}"
20190515,-0.00876257754324514,2019-05-15,"{""type"":""MultiPoint"",""coordinates"":[]}"
20190516,-0.008573724127447899,2019-05-16,"{""type"":""MultiPoint"",""coordinates"":[]}"
20190517,-0.008109283391995268,2019-05-17,"{""type"":""MultiPoint"",""coordinates"":[]}"
20190518,-0.00874471775100717,2019-05-18,"{""type"":""MultiPoint"",""coordinates"":[]}"
20190519,-0.008255286415849012,2019-05-19,"{""type"":""MultiPoint"",""coordinates"":[]}"
20190520,-0.00877341850657374,2019-05-20,"{""type"":""MultiPoint"",""coordinates"":[]}"
20190521,-0.00881894561075534,2019-05-21,"{""type"":""MultiPoint"",""coordinates"":[]}"
20190522,-0.007950412735900098,2019-05-22,"{""type"":""MultiPoint"",""coordinates"":[]}"
20190523,-0.007760630095493576,2019-05-23,"{""type"":""MultiPoint"",""coordinates"":[]}"
20190524,-0.0072870985482161605,2019-05-24,"{""type"":""MultiPoint"",""coordinates"":[]}"
20190525,-0.007603539886969018,2019-05-25,"{""type"":""MultiPoint"",""coordinates"":[]}"
20190526,-0.007775428326054771,2019-05-26,"{""type"":""MultiPoint"",""coordinates"":[]}"
20190527,-0.007713200468118994,2019-05-27,"{""type"":""MultiPoint"",""coordinates"":[]}"
20190528,-0.00831920789627144,2019-05-28,"{""type"":""MultiPoint"",""coordinates"":[]}"
20190529,-0.00784465834080466,2019-05-29,"{""type"":""MultiPoint"",""coordinates"":[]}"
20190530,-0.007162012716518413,2019-05-30,"{""type"":""MultiPoint"",""coordinates"":[]}"
20190531,-0.0073145181146907386,2019-05-31,"{""type"":""MultiPoint"",""coordinates"":[]}"
20190601,-0.008167623944602612,2019-06-01,"{""type"":""MultiPoint"",""coordinates"":[]}"
20190602,-0.007650628076212114,2019-06-02,"{""type"":""MultiPoint"",""coordinates"":[]}"
20190603,-0.005794676868738331,2019-06-03,"{""type"":""MultiPoint"",""coordinates"":[]}"
20190604,-0.007894597107155768,2019-06-04,"{""type"":""MultiPoint"",""coordinates"":[]}"
20190605,-0.006385940241761505,2019-06-05,"{""type"":""MultiPoint"",""coordinates"":[]}"
20190606,-0.0073352221663542895,2019-06-06,"{""type"":""MultiPoint"",""coordinates"":[]}"
20190607,-0.00723385591884085,2019-06-07,"{""type"":""MultiPoint"",""coordinates"":[]}"
20190608,-0.005984975853798033,2019-06-08,"{""type"":""MultiPoint"",""coordinates"":[]}"
20190609,-0.008110252249998758,2019-06-09,"{""type"":""MultiPoint"",""coordinates"":[]}"
20190610,-0.007960430599577989,2019-06-10,"{""type"":""MultiPoint"",""coordinates"":[]}"
20190611,-0.008399208598906471,2019-06-11,"{""type"":""MultiPoint"",""coordinates"":[]}"
20190612,-0.008372563985620158,2019-06-12,"{""type"":""MultiPoint"",""coordinates"":[]}"
20190613,-0.00783144476824072,2019-06-13,"{""type"":""MultiPoint"",""coordinates"":[]}"
20190614,-0.006363294812237705,2019-06-14,"{""type"":""MultiPoint"",""coordinates"":[]}"
20190615,-0.008967957950455345,2019-06-15,"{""type"":""MultiPoint"",""coordinates"":[]}"
20190616,-0.008794742747260928,2019-06-16,"{""type"":""MultiPoint"",""coordinates"":[]}"
20190617,-0.008652550446242139,2019-06-17,"{""type"":""MultiPoint"",""coordinates"":[]}"
20190618,-0.008999935633095552,2019-06-18,"{""type"":""MultiPoint"",""coordinates"":[]}"
20190619,-0.008141371056366238,2019-06-19,"{""type"":""MultiPoint"",""coordinates"":[]}"
20190620,-0.007640662306872301,2019-06-20,"{""type"":""MultiPoint"",""coordinates"":[]}"
20190621,-0.004770207601961591,2019-06-21,"{""type"":""MultiPoint"",""coordinates"":[]}"
20190622,-0.005361633770366429,2019-06-22,"{""type"":""MultiPoint"",""coordinates"":[]}"
20190623,-0.007474332115138834,2019-06-23,"{""type"":""MultiPoint"",""coordinates"":[]}"
20190624,-0.0064041678712875565,2019-06-24,"{""type"":""MultiPoint"",""coordinates"":[]}"
20190625,-0.006768715632716296,2019-06-25,"{""type"":""MultiPoint"",""coordinates"":[]}"
20190626,-0.006185955952529642,2019-06-26,"{""type"":""MultiPoint"",""coordinates"":[]}"
20190627,-0.00836249401428116,2019-06-27,"{""type"":""MultiPoint"",""coordinates"":[]}"
20190628,-0.009202949951834597,2019-06-28,"{""type"":""MultiPoint"",""coordinates"":[]}"
20190629,-0.008843955216891226,2019-06-29,"{""type"":""MultiPoint"",""coordinates"":[]}"
20190630,-0.007996533669150933,2019-06-30,"{""type"":""MultiPoint"",""coordinates"":[]}"
20190701,-0.009482160418110517,2019-07-01,"{""type"":""MultiPoint"",""coordinates"":[]}"
20190702,-0.008365136627089306,2019-07-02,"{""type"":""MultiPoint"",""coordinates"":[]}"
20190703,-0.007774393970669742,2019-07-03,"{""type"":""MultiPoint"",""coordinates"":[]}"
20190704,-0.00748788868256026,2019-07-04,"{""type"":""MultiPoint"",""coordinates"":[]}"
20190705,-0.009697123236723598,2019-07-05,"{""type"":""MultiPoint"",""coordinates"":[]}"
20190706,-0.009095673586410176,2019-07-06,"{""type"":""MultiPoint"",""coordinates"":[]}"
20190707,-0.01021382132513596,2019-07-07,"{""type"":""MultiPoint"",""coordinates"":[]}"
20190708,-0.009983849653700956,2019-07-08,"{""type"":""MultiPoint"",""coordinates"":[]}"
20190709,-0.0077080475222023005,2019-07-09,"{""type"":""MultiPoint"",""coordinates"":[]}"
20190710,-0.0049602412283062305,2019-07-10,"{""type"":""MultiPoint"",""coordinates"":[]}"
20190711,-0.006577458075956074,2019-07-11,"{""type"":""MultiPoint"",""coordinates"":[]}"
20190712,-0.007189792992286396,2019-07-12,"{""type"":""MultiPoint"",""coordinates"":[]}"
20190713,-0.006849796975668262,2019-07-13,"{""type"":""MultiPoint"",""coordinates"":[]}"
20190714,-0.006460331912468977,2019-07-14,"{""type"":""MultiPoint"",""coordinates"":[]}"
20190715,-0.006528214675758535,2019-07-15,"{""type"":""MultiPoint"",""coordinates"":[]}"
20190716,-0.006949318829158396,2019-07-16,"{""type"":""MultiPoint"",""coordinates"":[]}"
20190717,-0.006761248268097792,2019-07-17,"{""type"":""MultiPoint"",""coordinates"":[]}"
20190718,-0.005676179916040878,2019-07-18,"{""type"":""MultiPoint"",""coordinates"":[]}"
20190719,-0.005035432000354019,2019-07-19,"{""type"":""MultiPoint"",""coordinates"":[]}"
20190720,-0.006976400705037954,2019-07-20,"{""type"":""MultiPoint"",""coordinates"":[]}"
20190721,-0.006035652024351528,2019-07-21,"{""type"":""MultiPoint"",""coordinates"":[]}"
20190722,-0.004595195143206547,2019-07-22,"{""type"":""MultiPoint"",""coordinates"":[]}"
20190723,-0.004043860098116963,2019-07-23,"{""type"":""MultiPoint"",""coordinates"":[]}"
20190724,-0.004553994854792589,2019-07-24,"{""type"":""MultiPoint"",""coordinates"":[]}"
20190725,-0.005060752479806664,2019-07-25,"{""type"":""MultiPoint"",""coordinates"":[]}"
20190726,-0.00293942329371741,2019-07-26,"{""type"":""MultiPoint"",""coordinates"":[]}"
20190727,-0.005448344528717087,2019-07-27,"{""type"":""MultiPoint"",""coordinates"":[]}"
20190728,-0.005868382492292381,2019-07-28,"{""type"":""MultiPoint"",""coordinates"":[]}"
20190729,-0.006021663105693904,2019-07-29,"{""type"":""MultiPoint"",""coordinates"":[]}"
20190730,-0.007145780446067461,2019-07-30,"{""type"":""MultiPoint"",""coordinates"":[]}"
20190731,-0.008170122339211425,2019-07-31,"{""type"":""MultiPoint"",""coordinates"":[]}"
20190801,-0.008502578233241603,2019-08-01,"{""type"":""MultiPoint"",""coordinates"":[]}"
20190802,-0.00748102073768577,2019-08-02,"{""type"":""MultiPoint"",""coordinates"":[]}"
20190803,-0.008204065488475777,2019-08-03,"{""type"":""MultiPoint"",""coordinates"":[]}"
20190804,-0.009020395752856677,2019-08-04,"{""type"":""MultiPoint"",""coordinates"":[]}"
20190805,-0.005378914039411081,2019-08-05,"{""type"":""MultiPoint"",""coordinates"":[]}"
20190806,-0.005419976746748552,2019-08-06,"{""type"":""MultiPoint"",""coordinates"":[]}"
20190807,-0.007521563766340943,2019-08-07,"{""type"":""MultiPoint"",""coordinates"":[]}"
20190808,-0.005025604409247708,2019-08-08,"{""type"":""MultiPoint"",""coordinates"":[]}"
20190809,-0.006449222917321707,2019-08-09,"{""type"":""MultiPoint"",""coordinates"":[]}"
20190810,-0.005020003317134829,2019-08-10,"{""type"":""MultiPoint"",""coordinates"":[]}"
20190811,-0.007641094389451541,2019-08-11,"{""type"":""MultiPoint"",""coordinates"":[]}"
20190812,-0.006405721186497014,2019-08-12,"{""type"":""MultiPoint"",""coordinates"":[]}"
20190813,-0.005593625016618543,2019-08-13,"{""type"":""MultiPoint"",""coordinates"":[]}"
20190814,-0.006019441336131056,2019-08-14,"{""type"":""MultiPoint"",""coordinates"":[]}"
20190815,-0.005893010914573306,2019-08-15,"{""type"":""MultiPoint"",""coordinates"":[]}"
20190816,-0.005523216077817519,2019-08-16,"{""type"":""MultiPoint"",""coordinates"":[]}"
20190817,-0.0037328584929011686,2019-08-17,"{""type"":""MultiPoint"",""coordinates"":[]}"
20190818,-0.0029801900819054106,2019-08-18,"{""type"":""MultiPoint"",""coordinates"":[]}"
20190819,-0.005124845644466002,2019-08-19,"{""type"":""MultiPoint"",""coordinates"":[]}"
20190820,-0.005222951840823695,2019-08-20,"{""type"":""MultiPoint"",""coordinates"":[]}"
20190821,-0.00494076985782209,2019-08-21,"{""type"":""MultiPoint"",""coordinates"":[]}"
20190822,-0.004744955801140376,2019-08-22,"{""type"":""MultiPoint"",""coordinates"":[]}"
20190823,-0.006444542523972777,2019-08-23,"{""type"":""MultiPoint"",""coordinates"":[]}"
20190824,-0.005664976383344085,2019-08-24,"{""type"":""MultiPoint"",""coordinates"":[]}"
20190825,-0.007058996746188697,2019-08-25,"{""type"":""MultiPoint"",""coordinates"":[]}"
20190826,-0.005833295637241126,2019-08-26,"{""type"":""MultiPoint"",""coordinates"":[]}"
20190827,-0.00634101113806543,2019-08-27,"{""type"":""MultiPoint"",""coordinates"":[]}"
20190828,-0.006067268448101211,2019-08-28,"{""type"":""MultiPoint"",""coordinates"":[]}"
20190829,-0.005853928672415677,2019-08-29,"{""type"":""MultiPoint"",""coordinates"":[]}"
20190830,-0.007093322060115825,2019-08-30,"{""type"":""MultiPoint"",""coordinates"":[]}"
20190831,-0.005650519198944813,2019-08-31,"{""type"":""MultiPoint"",""coordinates"":[]}"
20190901,-0.0045572930285647,2019-09-01,"{""type"":""MultiPoint"",""coordinates"":[]}"
20190902,-0.004638046585354536,2019-09-02,"{""type"":""MultiPoint"",""coordinates"":[]}"
20190903,-0.005409802679760529,2019-09-03,"{""type"":""MultiPoint"",""coordinates"":[]}"
20190904,-0.005532759932910644,2019-09-04,"{""type"":""MultiPoint"",""coordinates"":[]}"
20190905,-0.007598821071307392,2019-09-05,"{""type"":""MultiPoint"",""coordinates"":[]}"
20190906,-0.0082695998729078,2019-09-06,"{""type"":""MultiPoint"",""coordinates"":[]}"
20190907,-0.008060118543380736,2019-09-07,"{""type"":""MultiPoint"",""coordinates"":[]}"
20190908,-0.007642434563193694,2019-09-08,"{""type"":""MultiPoint"",""coordinates"":[]}"
20190909,-0.007349729650241137,2019-09-09,"{""type"":""MultiPoint"",""coordinates"":[]}"
20190910,-0.006294034886488634,2019-09-10,"{""type"":""MultiPoint"",""coordinates"":[]}"
20190911,-0.00546666494379678,2019-09-11,"{""type"":""MultiPoint"",""coordinates"":[]}"
20190912,-0.005862342306354187,2019-09-12,"{""type"":""MultiPoint"",""coordinates"":[]}"
20190913,-0.005827645281833237,2019-09-13,"{""type"":""MultiPoint"",""coordinates"":[]}"
20190914,-0.0053318352733736155,2019-09-14,"{""type"":""MultiPoint"",""coordinates"":[]}"
20190915,-0.006176720264166644,2019-09-15,"{""type"":""MultiPoint"",""coordinates"":[]}"
20190916,-0.0033653332982624996,2019-09-16,"{""type"":""MultiPoint"",""coordinates"":[]}"
20190917,-0.004056837421348492,2019-09-17,"{""type"":""MultiPoint"",""coordinates"":[]}"
20190918,-0.0024662661108353,2019-09-18,"{""type"":""MultiPoint"",""coordinates"":[]}"
20190919,-0.0051003418882173785,2019-09-19,"{""type"":""MultiPoint"",""coordinates"":[]}"
20190920,-0.0055596834266927984,2019-09-20,"{""type"":""MultiPoint"",""coordinates"":[]}"
20190921,-0.006301599847737749,2019-09-21,"{""type"":""MultiPoint"",""coordinates"":[]}"
20190922,-0.0037568529478089157,2019-09-22,"{""type"":""MultiPoint"",""coordinates"":[]}"
20190923,-0.00389157679965083,2019-09-23,"{""type"":""MultiPoint"",""coordinates"":[]}"
20190924,-0.0034866874192816563,2019-09-24,"{""type"":""MultiPoint"",""coordinates"":[]}"
20190925,-0.0038055685018224227,2019-09-25,"{""type"":""MultiPoint"",""coordinates"":[]}"
20190926,-0.004812660505020152,2019-09-26,"{""type"":""MultiPoint"",""coordinates"":[]}"
20190927,-0.0052125770671081735,2019-09-27,"{""type"":""MultiPoint"",""coordinates"":[]}"
20190928,-0.006280774758620105,2019-09-28,"{""type"":""MultiPoint"",""coordinates"":[]}"
20190929,-0.006388539060248564,2019-09-29,"{""type"":""MultiPoint"",""coordinates"":[]}"
20190930,-0.006660938621231056,2019-09-30,"{""type"":""MultiPoint"",""coordinates"":[]}"
20191001,-0.005804751741932772,2019-10-01,"{""type"":""MultiPoint"",""coordinates"":[]}"
20191002,-0.005908706819727864,2019-10-02,"{""type"":""MultiPoint"",""coordinates"":[]}"
20191003,-0.005136785996322376,2019-10-03,"{""type"":""MultiPoint"",""coordinates"":[]}"
20191004,-0.0056137796969680746,2019-10-04,"{""type"":""MultiPoint"",""coordinates"":[]}"
20191005,-0.005231022052996348,2019-10-05,"{""type"":""MultiPoint"",""coordinates"":[]}"
20191006,-0.0053732258303817474,2019-10-06,"{""type"":""MultiPoint"",""coordinates"":[]}"
20191007,-0.005144986751419459,2019-10-07,"{""type"":""MultiPoint"",""coordinates"":[]}"
20191008,-0.005069983577097896,2019-10-08,"{""type"":""MultiPoint"",""coordinates"":[]}"
20191009,-0.004812322701276999,2019-10-09,"{""type"":""MultiPoint"",""coordinates"":[]}"
20191010,-0.005404451684024351,2019-10-10,"{""type"":""MultiPoint"",""coordinates"":[]}"
20191011,-0.004958581309016595,2019-10-11,"{""type"":""MultiPoint"",""coordinates"":[]}"
20191012,-0.005801192157087264,2019-10-12,"{""type"":""MultiPoint"",""coordinates"":[]}"
20191013,-0.006037273634905536,2019-10-13,"{""type"":""MultiPoint"",""coordinates"":[]}"
20191014,-0.007125229925975213,2019-10-14,"{""type"":""MultiPoint"",""coordinates"":[]}"
20191015,-0.005257219725500842,2019-10-15,"{""type"":""MultiPoint"",""coordinates"":[]}"
20191016,-0.0035458996545421075,2019-10-16,"{""type"":""MultiPoint"",""coordinates"":[]}"
20191017,-0.0034291049141011187,2019-10-17,"{""type"":""MultiPoint"",""coordinates"":[]}"
20191018,-0.004868139593693008,2019-10-18,"{""type"":""MultiPoint"",""coordinates"":[]}"
20191019,-0.005188666064404059,2019-10-19,"{""type"":""MultiPoint"",""coordinates"":[]}"
20191020,-0.00454457145920768,2019-10-20,"{""type"":""MultiPoint"",""coordinates"":[]}"
20191021,-0.002189583039133159,2019-10-21,"{""type"":""MultiPoint"",""coordinates"":[]}"
20191022,-0.0019344791195752978,2019-10-22,"{""type"":""MultiPoint"",""coordinates"":[]}"
20191023,-0.00310535182895806,2019-10-23,"{""type"":""MultiPoint"",""coordinates"":[]}"
20191024,-0.0028995585829695914,2019-10-24,"{""type"":""MultiPoint"",""coordinates"":[]}"
20191025,-0.006063032289181447,2019-10-25,"{""type"":""MultiPoint"",""coordinates"":[]}"
20191026,-0.0041854429098704534,2019-10-26,"{""type"":""MultiPoint"",""coordinates"":[]}"
20191027,-0.004483646206310155,2019-10-27,"{""type"":""MultiPoint"",""coordinates"":[]}"
20191028,-0.0052000288795870635,2019-10-28,"{""type"":""MultiPoint"",""coordinates"":[]}"
20191029,-0.004317438271236074,2019-10-29,"{""type"":""MultiPoint"",""coordinates"":[]}"
20191030,-0.0019922811686789344,2019-10-30,"{""type"":""MultiPoint"",""coordinates"":[]}"
20191031,-0.003530884368575933,2019-10-31,"{""type"":""MultiPoint"",""coordinates"":[]}"
20191101,-0.005063682120296412,2019-11-01,"{""type"":""MultiPoint"",""coordinates"":[]}"
20191102,-0.0051957303388434255,2019-11-02,"{""type"":""MultiPoint"",""coordinates"":[]}"
20191103,-0.005677980666676602,2019-11-03,"{""type"":""MultiPoint"",""coordinates"":[]}"
20191104,-0.0066708465081304225,2019-11-04,"{""type"":""MultiPoint"",""coordinates"":[]}"
20191105,-0.0059237540957723725,2019-11-05,"{""type"":""MultiPoint"",""coordinates"":[]}"
20191106,-0.004863909686243556,2019-11-06,"{""type"":""MultiPoint"",""coordinates"":[]}"
20191107,-0.0052350996150387135,2019-11-07,"{""type"":""MultiPoint"",""coordinates"":[]}"
20191108,-0.004742609430964477,2019-11-08,"{""type"":""MultiPoint"",""coordinates"":[]}"
20191109,-0.00535830946636766,2019-11-09,"{""type"":""MultiPoint"",""coordinates"":[]}"
20191110,-0.005189335621773054,2019-11-10,"{""type"":""MultiPoint"",""coordinates"":[]}"
20191111,-0.005469412148961922,2019-11-11,"{""type"":""MultiPoint"",""coordinates"":[]}"
20191112,-0.006339675679214584,2019-11-12,"{""type"":""MultiPoint"",""coordinates"":[]}"
20191113,-0.0061955563976658305,2019-11-13,"{""type"":""MultiPoint"",""coordinates"":[]}"
20191114,-0.004136407854517081,2019-11-14,"{""type"":""MultiPoint"",""coordinates"":[]}"
20191115,-0.004463914300770042,2019-11-15,"{""type"":""MultiPoint"",""coordinates"":[]}"
20191116,-0.005428189582180233,2019-11-16,"{""type"":""MultiPoint"",""coordinates"":[]}"
20191117,-0.007098360310658235,2019-11-17,"{""type"":""MultiPoint"",""coordinates"":[]}"
20191118,-0.0053140972259443095,2019-11-18,"{""type"":""MultiPoint"",""coordinates"":[]}"
20191119,-0.005886139313187764,2019-11-19,"{""type"":""MultiPoint"",""coordinates"":[]}"
20191120,-0.004506601975190276,2019-11-20,"{""type"":""MultiPoint"",""coordinates"":[]}"
20191121,-0.005852457331296138,2019-11-21,"{""type"":""MultiPoint"",""coordinates"":[]}"
20191122,-0.00542285514572912,2019-11-22,"{""type"":""MultiPoint"",""coordinates"":[]}"
20191123,-0.006692064722982266,2019-11-23,"{""type"":""MultiPoint"",""coordinates"":[]}"
20191124,-0.007070113783068453,2019-11-24,"{""type"":""MultiPoint"",""coordinates"":[]}"
20191125,-0.006743633322396925,2019-11-25,"{""type"":""MultiPoint"",""coordinates"":[]}"
20191126,-0.007846718545252485,2019-11-26,"{""type"":""MultiPoint"",""coordinates"":[]}"
20191127,-0.005023698684982807,2019-11-27,"{""type"":""MultiPoint"",""coordinates"":[]}"
20191128,-0.005240783043185586,2019-11-28,"{""type"":""MultiPoint"",""coordinates"":[]}"
20191129,-0.005381312166118408,2019-11-29,"{""type"":""MultiPoint"",""coordinates"":[]}"
20191130,-0.004666485440912571,2019-11-30,"{""type"":""MultiPoint"",""coordinates"":[]}"
20191201,-0.0012061701646110595,2019-12-01,"{""type"":""MultiPoint"",""coordinates"":[]}"
20191202,-0.002611132973887653,2019-12-02,"{""type"":""MultiPoint"",""coordinates"":[]}"
20191203,-0.0029482841977306867,2019-12-03,"{""type"":""MultiPoint"",""coordinates"":[]}"
20191204,-0.00516840032308159,2019-12-04,"{""type"":""MultiPoint"",""coordinates"":[]}"
20191205,-0.00535515604630207,2019-12-05,"{""type"":""MultiPoint"",""coordinates"":[]}"
20191206,-0.0056286464429570185,2019-12-06,"{""type"":""MultiPoint"",""coordinates"":[]}"
20191207,-0.004296572721033581,2019-12-07,"{""type"":""MultiPoint"",""coordinates"":[]}"
20191208,-0.004452249854425883,2019-12-08,"{""type"":""MultiPoint"",""coordinates"":[]}"
20191209,-0.005962137846054289,2019-12-09,"{""type"":""MultiPoint"",""coordinates"":[]}"
20191210,-0.005157577016334529,2019-12-10,"{""type"":""MultiPoint"",""coordinates"":[]}"
20191211,-0.0060479087352270835,2019-12-11,"{""type"":""MultiPoint"",""coordinates"":[]}"
20191212,-0.005907029797483185,2019-12-12,"{""type"":""MultiPoint"",""coordinates"":[]}"
20191213,-0.005616013746216805,2019-12-13,"{""type"":""MultiPoint"",""coordinates"":[]}"
20191214,-0.0027724344522253256,2019-12-14,"{""type"":""MultiPoint"",""coordinates"":[]}"
20191215,-0.006564668231687467,2019-12-15,"{""type"":""MultiPoint"",""coordinates"":[]}"
20191216,-0.005617937431672846,2019-12-16,"{""type"":""MultiPoint"",""coordinates"":[]}"
20191217,-0.006759718666320182,2019-12-17,"{""type"":""MultiPoint"",""coordinates"":[]}"
20191218,-0.006054159724242068,2019-12-18,"{""type"":""MultiPoint"",""coordinates"":[]}"
20191219,-0.006103363038452862,2019-12-19,"{""type"":""MultiPoint"",""coordinates"":[]}"
20191220,-0.006235700164201357,2019-12-20,"{""type"":""MultiPoint"",""coordinates"":[]}"
20191221,-0.005890874153316177,2019-12-21,"{""type"":""MultiPoint"",""coordinates"":[]}"
20191222,-0.0069129518006837785,2019-12-22,"{""type"":""MultiPoint"",""coordinates"":[]}"
20191223,-0.005670811104483883,2019-12-23,"{""type"":""MultiPoint"",""coordinates"":[]}"
20191224,-0.004901395560319151,2019-12-24,"{""type"":""MultiPoint"",""coordinates"":[]}"
20191225,-0.004002581349548371,2019-12-25,"{""type"":""MultiPoint"",""coordinates"":[]}"
20191226,-0.004649539899151566,2019-12-26,"{""type"":""MultiPoint"",""coordinates"":[]}"
20191227,-0.005475344644220873,2019-12-27,"{""type"":""MultiPoint"",""coordinates"":[]}"
20191228,-0.005864426376142232,2019-12-28,"{""type"":""MultiPoint"",""coordinates"":[]}"
20191229,-0.006809212182794445,2019-12-29,"{""type"":""MultiPoint"",""coordinates"":[]}"
20191230,-0.006287151444699737,2019-12-30,"{""type"":""MultiPoint"",""coordinates"":[]}"
20191231,-0.005347488105235629,2019-12-31,"{""type"":""MultiPoint"",""coordinates"":[]}"
20200101,-0.005455214046331191,2020-01-01,"{""type"":""MultiPoint"",""coordinates"":[]}"
20200102,-0.005116203767377876,2020-01-02,"{""type"":""MultiPoint"",""coordinates"":[]}"
20200103,-0.006095251208068806,2020-01-03,"{""type"":""MultiPoint"",""coordinates"":[]}"
20200104,-0.005935806493932839,2020-01-04,"{""type"":""MultiPoint"",""coordinates"":[]}"
20200105,-0.006145173676408893,2020-01-05,"{""type"":""MultiPoint"",""coordinates"":[]}"
20200106,-0.0057860751480084726,2020-01-06,"{""type"":""MultiPoint"",""coordinates"":[]}"
20200107,-0.006541299728923457,2020-01-07,"{""type"":""MultiPoint"",""coordinates"":[]}"
20200108,-0.007390400381809016,2020-01-08,"{""type"":""MultiPoint"",""coordinates"":[]}"
20200109,-0.006900403900172895,2020-01-09,"{""type"":""MultiPoint"",""coordinates"":[]}"
20200110,-0.008363116819294926,2020-01-10,"{""type"":""MultiPoint"",""coordinates"":[]}"
20200111,-0.00829141879617059,2020-01-11,"{""type"":""MultiPoint"",""coordinates"":[]}"
20200112,-0.007680663061207755,2020-01-12,"{""type"":""MultiPoint"",""coordinates"":[]}"
20200113,-0.007111483192371354,2020-01-13,"{""type"":""MultiPoint"",""coordinates"":[]}"
20200114,-0.007711460780796655,2020-01-14,"{""type"":""MultiPoint"",""coordinates"":[]}"
20200115,-0.008274739542668124,2020-01-15,"{""type"":""MultiPoint"",""coordinates"":[]}"
20200116,-0.007352133451512742,2020-01-16,"{""type"":""MultiPoint"",""coordinates"":[]}"
20200117,-0.007981155979931811,2020-01-17,"{""type"":""MultiPoint"",""coordinates"":[]}"
20200118,-0.006433232123543103,2020-01-18,"{""type"":""MultiPoint"",""coordinates"":[]}"
20200119,-0.007492802128186063,2020-01-19,"{""type"":""MultiPoint"",""coordinates"":[]}"
20200120,-0.008269867583232384,2020-01-20,"{""type"":""MultiPoint"",""coordinates"":[]}"
20200121,-0.009710521573864988,2020-01-21,"{""type"":""MultiPoint"",""coordinates"":[]}"
20200122,-0.0089013493033619,2020-01-22,"{""type"":""MultiPoint"",""coordinates"":[]}"
20200123,-0.008477339902845807,2020-01-23,"{""type"":""MultiPoint"",""coordinates"":[]}"
20200124,-0.00984435366711684,2020-01-24,"{""type"":""MultiPoint"",""coordinates"":[]}"
20200125,-0.010276413409783934,2020-01-25,"{""type"":""MultiPoint"",""coordinates"":[]}"
20200126,-0.008951684087672154,2020-01-26,"{""type"":""MultiPoint"",""coordinates"":[]}"
20200127,-0.008821798046326395,2020-01-27,"{""type"":""MultiPoint"",""coordinates"":[]}"
20200128,-0.008266569223873938,2020-01-28,"{""type"":""MultiPoint"",""coordinates"":[]}"
20200129,-0.008196517363747404,2020-01-29,"{""type"":""MultiPoint"",""coordinates"":[]}"
20200130,-0.00797565438321956,2020-01-30,"{""type"":""MultiPoint"",""coordinates"":[]}"
20200131,-0.00857822157449238,2020-01-31,"{""type"":""MultiPoint"",""coordinates"":[]}"
20200201,-0.008862026937734264,2020-02-01,"{""type"":""MultiPoint"",""coordinates"":[]}"
20200202,-0.008806153994486829,2020-02-02,"{""type"":""MultiPoint"",""coordinates"":[]}"
20200203,-0.009805247293964595,2020-02-03,"{""type"":""MultiPoint"",""coordinates"":[]}"
20200204,-0.00910461468176407,2020-02-04,"{""type"":""MultiPoint"",""coordinates"":[]}"
20200205,-0.008014666820892566,2020-02-05,"{""type"":""MultiPoint"",""coordinates"":[]}"
20200206,-0.007431233870128312,2020-02-06,"{""type"":""MultiPoint"",""coordinates"":[]}"
20200207,-0.008177898061943549,2020-02-07,"{""type"":""MultiPoint"",""coordinates"":[]}"
20200208,-0.007802509635361773,2020-02-08,"{""type"":""MultiPoint"",""coordinates"":[]}"
20200209,-0.008049436023045463,2020-02-09,"{""type"":""MultiPoint"",""coordinates"":[]}"
20200210,-0.009419163565220491,2020-02-10,"{""type"":""MultiPoint"",""coordinates"":[]}"
20200211,-0.009895242770024792,2020-02-11,"{""type"":""MultiPoint"",""coordinates"":[]}"
20200212,-0.009270636063818232,2020-02-12,"{""type"":""MultiPoint"",""coordinates"":[]}"
20200213,-0.010177653987317303,2020-02-13,"{""type"":""MultiPoint"",""coordinates"":[]}"
20200214,-0.008349235804185829,2020-02-14,"{""type"":""MultiPoint"",""coordinates"":[]}"
20200215,-0.00968522706892222,2020-02-15,"{""type"":""MultiPoint"",""coordinates"":[]}"
20200216,-0.011547610279605401,2020-02-16,"{""type"":""MultiPoint"",""coordinates"":[]}"
20200217,-0.011359156617254592,2020-02-17,"{""type"":""MultiPoint"",""coordinates"":[]}"
20200218,-0.010565197939963801,2020-02-18,"{""type"":""MultiPoint"",""coordinates"":[]}"
20200219,-0.009938500407433154,2020-02-19,"{""type"":""MultiPoint"",""coordinates"":[]}"
20200220,-0.010565619162986492,2020-02-20,"{""type"":""MultiPoint"",""coordinates"":[]}"
20200221,-0.010264727856509444,2020-02-21,"{""type"":""MultiPoint"",""coordinates"":[]}"
20200222,-0.009773706515470043,2020-02-22,"{""type"":""MultiPoint"",""coordinates"":[]}"
20200223,-0.009703129700370605,2020-02-23,"{""type"":""MultiPoint"",""coordinates"":[]}"
20200224,-0.00978120234424738,2020-02-24,"{""type"":""MultiPoint"",""coordinates"":[]}"
20200225,-0.009151102839795281,2020-02-25,"{""type"":""MultiPoint"",""coordinates"":[]}"
20200226,-0.009322206722204034,2020-02-26,"{""type"":""MultiPoint"",""coordinates"":[]}"
20200227,-0.009081440888889323,2020-02-27,"{""type"":""MultiPoint"",""coordinates"":[]}"
20200228,-0.009913966788824094,2020-02-28,"{""type"":""MultiPoint"",""coordinates"":[]}"
20200229,-0.009986016125839076,2020-02-29,"{""type"":""MultiPoint"",""coordinates"":[]}"
20200301,-0.009348867806635568,2020-03-01,"{""type"":""MultiPoint"",""coordinates"":[]}"
20200302,-0.006467076948103346,2020-03-02,"{""type"":""MultiPoint"",""coordinates"":[]}"
20200303,-0.007650610640207693,2020-03-03,"{""type"":""MultiPoint"",""coordinates"":[]}"
20200304,-0.007501883005682428,2020-03-04,"{""type"":""MultiPoint"",""coordinates"":[]}"
20200305,-0.007672925362943636,2020-03-05,"{""type"":""MultiPoint"",""coordinates"":[]}"
20200306,-0.007582508724834637,2020-03-06,"{""type"":""MultiPoint"",""coordinates"":[]}"
20200307,-0.007333561011806745,2020-03-07,"{""type"":""MultiPoint"",""coordinates"":[]}"
20200308,-0.00801583723030267,2020-03-08,"{""type"":""MultiPoint"",""coordinates"":[]}"
20200309,-0.008007867073474194,2020-03-09,"{""type"":""MultiPoint"",""coordinates"":[]}"
20200310,-0.00928558791353168,2020-03-10,"{""type"":""MultiPoint"",""coordinates"":[]}"
20200311,-0.010819270909239126,2020-03-11,"{""type"":""MultiPoint"",""coordinates"":[]}"
20200312,-0.010050038751909211,2020-03-12,"{""type"":""MultiPoint"",""coordinates"":[]}"
20200313,-0.010732194750607193,2020-03-13,"{""type"":""MultiPoint"",""coordinates"":[]}"
20200314,-0.010280622203687051,2020-03-14,"{""type"":""MultiPoint"",""coordinates"":[]}"
20200315,-0.01098348896388259,2020-03-15,"{""type"":""MultiPoint"",""coordinates"":[]}"
20200316,-0.010348872424695265,2020-03-16,"{""type"":""MultiPoint"",""coordinates"":[]}"
20200317,-0.012105061380689813,2020-03-17,"{""type"":""MultiPoint"",""coordinates"":[]}"
20200318,-0.012094166973408272,2020-03-18,"{""type"":""MultiPoint"",""coordinates"":[]}"
20200319,-0.010641256534110037,2020-03-19,"{""type"":""MultiPoint"",""coordinates"":[]}"
20200320,-0.00828813280777043,2020-03-20,"{""type"":""MultiPoint"",""coordinates"":[]}"
20200321,-0.009639785626043002,2020-03-21,"{""type"":""MultiPoint"",""coordinates"":[]}"
20200322,-0.008481084233356593,2020-03-22,"{""type"":""MultiPoint"",""coordinates"":[]}"
20200323,-0.0074775749597709665,2020-03-23,"{""type"":""MultiPoint"",""coordinates"":[]}"
20200324,-0.010068755199154922,2020-03-24,"{""type"":""MultiPoint"",""coordinates"":[]}"
20200325,-0.010913886622547693,2020-03-25,"{""type"":""MultiPoint"",""coordinates"":[]}"
20200326,-0.0109347450541921,2020-03-26,"{""type"":""MultiPoint"",""coordinates"":[]}"
20200327,-0.011271317017766633,2020-03-27,"{""type"":""MultiPoint"",""coordinates"":[]}"
20200328,-0.011940743475616659,2020-03-28,"{""type"":""MultiPoint"",""coordinates"":[]}"
20200329,-0.01202289912437061,2020-03-29,"{""type"":""MultiPoint"",""coordinates"":[]}"
20200330,-0.011907561832251692,2020-03-30,"{""type"":""MultiPoint"",""coordinates"":[]}"
20200331,-0.012644449572201025,2020-03-31,"{""type"":""MultiPoint"",""coordinates"":[]}"
20200401,-0.013123172421391726,2020-04-01,"{""type"":""MultiPoint"",""coordinates"":[]}"
20200402,-0.01207739987113342,2020-04-02,"{""type"":""MultiPoint"",""coordinates"":[]}"
20200403,-0.011791474330277869,2020-04-03,"{""type"":""MultiPoint"",""coordinates"":[]}"
20200404,-0.011468717974728428,2020-04-04,"{""type"":""MultiPoint"",""coordinates"":[]}"
20200405,-0.010362411112085457,2020-04-05,"{""type"":""MultiPoint"",""coordinates"":[]}"
20200406,-0.008273285749869257,2020-04-06,"{""type"":""MultiPoint"",""coordinates"":[]}"
20200407,-0.007119640342516137,2020-04-07,"{""type"":""MultiPoint"",""coordinates"":[]}"
20200408,-0.006073969611881062,2020-04-08,"{""type"":""MultiPoint"",""coordinates"":[]}"
20200409,-0.0076215524003100926,2020-04-09,"{""type"":""MultiPoint"",""coordinates"":[]}"
20200410,-0.008969940819197976,2020-04-10,"{""type"":""MultiPoint"",""coordinates"":[]}"
20200411,-0.010457399484508466,2020-04-11,"{""type"":""MultiPoint"",""coordinates"":[]}"
20200412,-0.010371768656494548,2020-04-12,"{""type"":""MultiPoint"",""coordinates"":[]}"
20200413,-0.011667916707342324,2020-04-13,"{""type"":""MultiPoint"",""coordinates"":[]}"
20200414,-0.012820726638705251,2020-04-14,"{""type"":""MultiPoint"",""coordinates"":[]}"
20200415,-0.011027612927611336,2020-04-15,"{""type"":""MultiPoint"",""coordinates"":[]}"
20200416,-0.011076777126582674,2020-04-16,"{""type"":""MultiPoint"",""coordinates"":[]}"
20200417,-0.011169450041355713,2020-04-17,"{""type"":""MultiPoint"",""coordinates"":[]}"
20200418,-0.01046292178940946,2020-04-18,"{""type"":""MultiPoint"",""coordinates"":[]}"
20200419,-0.010636277771138859,2020-04-19,"{""type"":""MultiPoint"",""coordinates"":[]}"
20200420,-0.011583224572857478,2020-04-20,"{""type"":""MultiPoint"",""coordinates"":[]}"
20200421,-0.010858497154842106,2020-04-21,"{""type"":""MultiPoint"",""coordinates"":[]}"
20200422,-0.01069846750735512,2020-04-22,"{""type"":""MultiPoint"",""coordinates"":[]}"
20200423,-0.011292978851914326,2020-04-23,"{""type"":""MultiPoint"",""coordinates"":[]}"
20200424,-0.007510292717312511,2020-04-24,"{""type"":""MultiPoint"",""coordinates"":[]}"
20200425,-0.007470457208116618,2020-04-25,"{""type"":""MultiPoint"",""coordinates"":[]}"
20200426,-0.007635537508104657,2020-04-26,"{""type"":""MultiPoint"",""coordinates"":[]}"
20200427,-0.00841003798769411,2020-04-27,"{""type"":""MultiPoint"",""coordinates"":[]}"
20200428,-0.0086480726828011,2020-04-28,"{""type"":""MultiPoint"",""coordinates"":[]}"
20200429,-0.0054521791346476105,2020-04-29,"{""type"":""MultiPoint"",""coordinates"":[]}"
20200430,-0.008339529763749111,2020-04-30,"{""type"":""MultiPoint"",""coordinates"":[]}"
20200501,-0.00921426528055777,2020-05-01,"{""type"":""MultiPoint"",""coordinates"":[]}"
20200502,-0.008859483462035137,2020-05-02,"{""type"":""MultiPoint"",""coordinates"":[]}"
20200503,-0.0095372613484485,2020-05-03,"{""type"":""MultiPoint"",""coordinates"":[]}"
20200504,-0.008648898124819705,2020-05-04,"{""type"":""MultiPoint"",""coordinates"":[]}"
20200505,-0.00942139989322462,2020-05-05,"{""type"":""MultiPoint"",""coordinates"":[]}"
20200506,-0.010218108731232071,2020-05-06,"{""type"":""MultiPoint"",""coordinates"":[]}"
20200507,-0.008710583198794723,2020-05-07,"{""type"":""MultiPoint"",""coordinates"":[]}"
20200508,-0.009212947928840315,2020-05-08,"{""type"":""MultiPoint"",""coordinates"":[]}"
20200509,-0.01033538918964069,2020-05-09,"{""type"":""MultiPoint"",""coordinates"":[]}"
20200510,-0.010818326943955727,2020-05-10,"{""type"":""MultiPoint"",""coordinates"":[]}"
20200511,-0.01033975349147059,2020-05-11,"{""type"":""MultiPoint"",""coordinates"":[]}"
20200512,-0.009946525597786662,2020-05-12,"{""type"":""MultiPoint"",""coordinates"":[]}"
20200513,-0.009531643236516162,2020-05-13,"{""type"":""MultiPoint"",""coordinates"":[]}"
20200514,-0.010363945882867704,2020-05-14,"{""type"":""MultiPoint"",""coordinates"":[]}"
20200515,-0.010577112901729187,2020-05-15,"{""type"":""MultiPoint"",""coordinates"":[]}"
20200516,-0.009555639115101733,2020-05-16,"{""type"":""MultiPoint"",""coordinates"":[]}"
20200517,-0.008304281638079948,2020-05-17,"{""type"":""MultiPoint"",""coordinates"":[]}"
20200518,-0.008837309591481188,2020-05-18,"{""type"":""MultiPoint"",""coordinates"":[]}"
20200519,-0.010606908407724757,2020-05-19,"{""type"":""MultiPoint"",""coordinates"":[]}"
20200520,-0.011041061076630984,2020-05-20,"{""type"":""MultiPoint"",""coordinates"":[]}"
20200521,-0.00968593327852771,2020-05-21,"{""type"":""MultiPoint"",""coordinates"":[]}"
20200522,-0.009644101757455004,2020-05-22,"{""type"":""MultiPoint"",""coordinates"":[]}"
20200523,-0.009768459414991777,2020-05-23,"{""type"":""MultiPoint"",""coordinates"":[]}"
20200524,-0.009731383770177338,2020-05-24,"{""type"":""MultiPoint"",""coordinates"":[]}"
20200525,-0.009455178764002327,2020-05-25,"{""type"":""MultiPoint"",""coordinates"":[]}"
20200526,-0.008407149270045372,2020-05-26,"{""type"":""MultiPoint"",""coordinates"":[]}"
20200527,-0.008661927889112641,2020-05-27,"{""type"":""MultiPoint"",""coordinates"":[]}"
20200528,-0.009261472508100894,2020-05-28,"{""type"":""MultiPoint"",""coordinates"":[]}"
20200529,-0.008549585573182118,2020-05-29,"{""type"":""MultiPoint"",""coordinates"":[]}"
20200530,-0.006276219844488275,2020-05-30,"{""type"":""MultiPoint"",""coordinates"":[]}"
20200531,-0.00753102273070884,2020-05-31,"{""type"":""MultiPoint"",""coordinates"":[]}"
20200601,-0.006166204186872404,2020-06-01,"{""type"":""MultiPoint"",""coordinates"":[]}"
20200602,-0.006626096297513881,2020-06-02,"{""type"":""MultiPoint"",""coordinates"":[]}"
20200603,-0.008542950947642704,2020-06-03,"{""type"":""MultiPoint"",""coordinates"":[]}"
20200604,-0.007903426039716924,2020-06-04,"{""type"":""MultiPoint"",""coordinates"":[]}"
20200605,-0.007760901132022435,2020-06-05,"{""type"":""MultiPoint"",""coordinates"":[]}"
20200606,-0.006784859240495148,2020-06-06,"{""type"":""MultiPoint"",""coordinates"":[]}"
20200607,-0.00739261612934336,2020-06-07,"{""type"":""MultiPoint"",""coordinates"":[]}"
20200608,-0.00893508285008951,2020-06-08,"{""type"":""MultiPoint"",""coordinates"":[]}"
20200609,-0.006711446222247446,2020-06-09,"{""type"":""MultiPoint"",""coordinates"":[]}"
20200610,-0.0059535637429324155,2020-06-10,"{""type"":""MultiPoint"",""coordinates"":[]}"
20200611,-0.005154569378213221,2020-06-11,"{""type"":""MultiPoint"",""coordinates"":[]}"
20200612,-0.00906176874001935,2020-06-12,"{""type"":""MultiPoint"",""coordinates"":[]}"
20200613,-0.007066620593445689,2020-06-13,"{""type"":""MultiPoint"",""coordinates"":[]}"
20200614,-0.008304702500536379,2020-06-14,"{""type"":""MultiPoint"",""coordinates"":[]}"
20200615,-0.009055595942073086,2020-06-15,"{""type"":""MultiPoint"",""coordinates"":[]}"
20200616,-0.008067308981411206,2020-06-16,"{""type"":""MultiPoint"",""coordinates"":[]}"
20200617,-0.007035776896407076,2020-06-17,"{""type"":""MultiPoint"",""coordinates"":[]}"
20200618,-0.007158340874111302,2020-06-18,"{""type"":""MultiPoint"",""coordinates"":[]}"
20200619,-0.0076340457527605925,2020-06-19,"{""type"":""MultiPoint"",""coordinates"":[]}"
20200620,-0.008742162761883965,2020-06-20,"{""type"":""MultiPoint"",""coordinates"":[]}"
20200621,-0.007522545162249846,2020-06-21,"{""type"":""MultiPoint"",""coordinates"":[]}"
20200622,-0.005886849831989038,2020-06-22,"{""type"":""MultiPoint"",""coordinates"":[]}"
20200623,-0.008033006567874108,2020-06-23,"{""type"":""MultiPoint"",""coordinates"":[]}"
20200624,-0.0067873606049273566,2020-06-24,"{""type"":""MultiPoint"",""coordinates"":[]}"
20200625,-0.005368738876179456,2020-06-25,"{""type"":""MultiPoint"",""coordinates"":[]}"
20200626,-0.00462227334929104,2020-06-26,"{""type"":""MultiPoint"",""coordinates"":[]}"
20200627,-0.007203315250970055,2020-06-27,"{""type"":""MultiPoint"",""coordinates"":[]}"
20200628,-0.004643785089387117,2020-06-28,"{""type"":""MultiPoint"",""coordinates"":[]}"
20200629,-0.005383563228830523,2020-06-29,"{""type"":""MultiPoint"",""coordinates"":[]}"
20200630,-0.006723066974147638,2020-06-30,"{""type"":""MultiPoint"",""coordinates"":[]}"
20200701,-0.00584419380855368,2020-07-01,"{""type"":""MultiPoint"",""coordinates"":[]}"
20200702,-0.0038667572489668803,2020-07-02,"{""type"":""MultiPoint"",""coordinates"":[]}"
20200703,-0.004601205961152627,2020-07-03,"{""type"":""MultiPoint"",""coordinates"":[]}"
20200704,-0.003193635328928952,2020-07-04,"{""type"":""MultiPoint"",""coordinates"":[]}"
20200705,-0.006510982974690518,2020-07-05,"{""type"":""MultiPoint"",""coordinates"":[]}"
20200706,-0.006451905880003285,2020-07-06,"{""type"":""MultiPoint"",""coordinates"":[]}"
20200707,-0.006265602162259807,2020-07-07,"{""type"":""MultiPoint"",""coordinates"":[]}"
20200708,-0.0053699014804218246,2020-07-08,"{""type"":""MultiPoint"",""coordinates"":[]}"
20200709,-0.0045999578544051786,2020-07-09,"{""type"":""MultiPoint"",""coordinates"":[]}"
20200710,-0.005211284975423058,2020-07-10,"{""type"":""MultiPoint"",""coordinates"":[]}"
20200711,-0.005844517736747791,2020-07-11,"{""type"":""MultiPoint"",""coordinates"":[]}"
20200712,-0.006329474558383556,2020-07-12,"{""type"":""MultiPoint"",""coordinates"":[]}"
20200713,-0.005316693244999593,2020-07-13,"{""type"":""MultiPoint"",""coordinates"":[]}"
20200714,-0.004756562833650256,2020-07-14,"{""type"":""MultiPoint"",""coordinates"":[]}"
20200715,-0.004277170682008564,2020-07-15,"{""type"":""MultiPoint"",""coordinates"":[]}"
20200716,-0.003899548241454798,2020-07-16,"{""type"":""MultiPoint"",""coordinates"":[]}"
20200717,-0.0032796116803655226,2020-07-17,"{""type"":""MultiPoint"",""coordinates"":[]}"
20200718,-0.0044083370412511605,2020-07-18,"{""type"":""MultiPoint"",""coordinates"":[]}"
20200719,-0.004591747568114588,2020-07-19,"{""type"":""MultiPoint"",""coordinates"":[]}"
20200720,-0.005238293476263125,2020-07-20,"{""type"":""MultiPoint"",""coordinates"":[]}"
20200721,-0.007110703914480641,2020-07-21,"{""type"":""MultiPoint"",""coordinates"":[]}"
20200722,-0.00687272872376434,2020-07-22,"{""type"":""MultiPoint"",""coordinates"":[]}"
20200723,-0.00534679376999743,2020-07-23,"{""type"":""MultiPoint"",""coordinates"":[]}"
20200724,-0.0036259619441564813,2020-07-24,"{""type"":""MultiPoint"",""coordinates"":[]}"
20200725,-0.006267438554298696,2020-07-25,"{""type"":""MultiPoint"",""coordinates"":[]}"
20200726,-0.005427910207004124,2020-07-26,"{""type"":""MultiPoint"",""coordinates"":[]}"
20200727,-0.006052904580811346,2020-07-27,"{""type"":""MultiPoint"",""coordinates"":[]}"
20200728,-0.0054633989292337945,2020-07-28,"{""type"":""MultiPoint"",""coordinates"":[]}"
20200729,-0.002265828779283957,2020-07-29,"{""type"":""MultiPoint"",""coordinates"":[]}"
20200730,-0.005300116700993723,2020-07-30,"{""type"":""MultiPoint"",""coordinates"":[]}"
20200731,-0.005651810650891268,2020-07-31,"{""type"":""MultiPoint"",""coordinates"":[]}"
20200801,-0.006248975117907304,2020-08-01,"{""type"":""MultiPoint"",""coordinates"":[]}"
20200802,-0.00495499547216558,2020-08-02,"{""type"":""MultiPoint"",""coordinates"":[]}"
20200803,-0.004447115208520832,2020-08-03,"{""type"":""MultiPoint"",""coordinates"":[]}"
20200804,-0.00402614449324692,2020-08-04,"{""type"":""MultiPoint"",""coordinates"":[]}"
20200805,-0.005938638013307139,2020-08-05,"{""type"":""MultiPoint"",""coordinates"":[]}"
20200806,-0.007393159746232983,2020-08-06,"{""type"":""MultiPoint"",""coordinates"":[]}"
20200807,-0.004839098661547924,2020-08-07,"{""type"":""MultiPoint"",""coordinates"":[]}"
20200808,-0.0044084338957053795,2020-08-08,"{""type"":""MultiPoint"",""coordinates"":[]}"
20200809,-0.0027858286816539227,2020-08-09,"{""type"":""MultiPoint"",""coordinates"":[]}"
20200810,-0.004054564019151767,2020-08-10,"{""type"":""MultiPoint"",""coordinates"":[]}"
20200811,-0.005984346826052676,2020-08-11,"{""type"":""MultiPoint"",""coordinates"":[]}"
20200812,-0.006101591664089011,2020-08-12,"{""type"":""MultiPoint"",""coordinates"":[]}"
20200813,-0.005966648720396624,2020-08-13,"{""type"":""MultiPoint"",""coordinates"":[]}"
20200814,-0.006305863567918895,2020-08-14,"{""type"":""MultiPoint"",""coordinates"":[]}"
20200815,-0.006291792952147062,2020-08-15,"{""type"":""MultiPoint"",""coordinates"":[]}"
20200816,-0.005447288986723612,2020-08-16,"{""type"":""MultiPoint"",""coordinates"":[]}"
20200817,-0.006537710447741767,2020-08-17,"{""type"":""MultiPoint"",""coordinates"":[]}"
20200818,-0.00563188809327514,2020-08-18,"{""type"":""MultiPoint"",""coordinates"":[]}"
20200819,-0.005008545167972006,2020-08-19,"{""type"":""MultiPoint"",""coordinates"":[]}"
20200820,-0.0055053246222335215,2020-08-20,"{""type"":""MultiPoint"",""coordinates"":[]}"
20200821,-0.005633844058484343,2020-08-21,"{""type"":""MultiPoint"",""coordinates"":[]}"
20200822,-0.006100828900497083,2020-08-22,"{""type"":""MultiPoint"",""coordinates"":[]}"
20200823,-0.005323155128831708,2020-08-23,"{""type"":""MultiPoint"",""coordinates"":[]}"
20200824,-0.004875264714118142,2020-08-24,"{""type"":""MultiPoint"",""coordinates"":[]}"
20200825,-0.007522530940055459,2020-08-25,"{""type"":""MultiPoint"",""coordinates"":[]}"
20200826,-0.006816978746935521,2020-08-26,"{""type"":""MultiPoint"",""coordinates"":[]}"
20200827,-0.0064545923441290095,2020-08-27,"{""type"":""MultiPoint"",""coordinates"":[]}"
20200828,-0.007627041199896571,2020-08-28,"{""type"":""MultiPoint"",""coordinates"":[]}"
20200829,-0.007325058295436704,2020-08-29,"{""type"":""MultiPoint"",""coordinates"":[]}"
20200830,-0.007087220659267854,2020-08-30,"{""type"":""MultiPoint"",""coordinates"":[]}"
20200831,-0.00608618862630773,2020-08-31,"{""type"":""MultiPoint"",""coordinates"":[]}"
20200901,-0.005426263437802653,2020-09-01,"{""type"":""MultiPoint"",""coordinates"":[]}"
20200902,-0.003873803336763703,2020-09-02,"{""type"":""MultiPoint"",""coordinates"":[]}"
20200903,-0.00447096977858842,2020-09-03,"{""type"":""MultiPoint"",""coordinates"":[]}"
20200904,-0.004983350115445258,2020-09-04,"{""type"":""MultiPoint"",""coordinates"":[]}"
20200905,-0.004343758529887846,2020-09-05,"{""type"":""MultiPoint"",""coordinates"":[]}"
20200906,-0.005395595582392349,2020-09-06,"{""type"":""MultiPoint"",""coordinates"":[]}"
20200907,-0.007358992124778034,2020-09-07,"{""type"":""MultiPoint"",""coordinates"":[]}"
20200908,-0.005922969850918917,2020-09-08,"{""type"":""MultiPoint"",""coordinates"":[]}"
20200909,-0.004596524955308972,2020-09-09,"{""type"":""MultiPoint"",""coordinates"":[]}"
20200910,-0.004828815886652287,2020-09-10,"{""type"":""MultiPoint"",""coordinates"":[]}"
20200911,-0.0045720895032565784,2020-09-11,"{""type"":""MultiPoint"",""coordinates"":[]}"
20200912,-0.0035707298557737456,2020-09-12,"{""type"":""MultiPoint"",""coordinates"":[]}"
20200913,-0.0028712562750900666,2020-09-13,"{""type"":""MultiPoint"",""coordinates"":[]}"
20200914,-0.0046463972877811,2020-09-14,"{""type"":""MultiPoint"",""coordinates"":[]}"
20200915,-0.005116166067029578,2020-09-15,"{""type"":""MultiPoint"",""coordinates"":[]}"
20200916,-0.005060449850979187,2020-09-16,"{""type"":""MultiPoint"",""coordinates"":[]}"
20200917,-0.0062030184955082805,2020-09-17,"{""type"":""MultiPoint"",""coordinates"":[]}"
20200918,-0.005579667581218785,2020-09-18,"{""type"":""MultiPoint"",""coordinates"":[]}"
20200919,-0.0040479083656062695,2020-09-19,"{""type"":""MultiPoint"",""coordinates"":[]}"
20200920,-0.0026208152994107374,2020-09-20,"{""type"":""MultiPoint"",""coordinates"":[]}"
20200921,-0.004405165164144336,2020-09-21,"{""type"":""MultiPoint"",""coordinates"":[]}"
20200922,-0.0085923271953732,2020-09-22,"{""type"":""MultiPoint"",""coordinates"":[]}"
20200923,-0.007763153427158883,2020-09-23,"{""type"":""MultiPoint"",""coordinates"":[]}"
20200924,-0.005638150993337958,2020-09-24,"{""type"":""MultiPoint"",""coordinates"":[]}"
20200925,-0.005444134080693491,2020-09-25,"{""type"":""MultiPoint"",""coordinates"":[]}"
20200926,-0.00385958883378821,2020-09-26,"{""type"":""MultiPoint"",""coordinates"":[]}"
20200927,-0.005474801869787682,2020-09-27,"{""type"":""MultiPoint"",""coordinates"":[]}"
20200928,-0.0065109369935233575,2020-09-28,"{""type"":""MultiPoint"",""coordinates"":[]}"
20200929,-0.004718463612159368,2020-09-29,"{""type"":""MultiPoint"",""coordinates"":[]}"
20200930,-0.003284365774069469,2020-09-30,"{""type"":""MultiPoint"",""coordinates"":[]}"
20201001,-0.006263113502628134,2020-10-01,"{""type"":""MultiPoint"",""coordinates"":[]}"
20201002,-0.0068087340656260145,2020-10-02,"{""type"":""MultiPoint"",""coordinates"":[]}"
20201003,-0.007337236101116955,2020-10-03,"{""type"":""MultiPoint"",""coordinates"":[]}"
20201004,-0.006856552908761518,2020-10-04,"{""type"":""MultiPoint"",""coordinates"":[]}"
20201005,-0.006725367858993481,2020-10-05,"{""type"":""MultiPoint"",""coordinates"":[]}"
20201006,-0.006784560309317591,2020-10-06,"{""type"":""MultiPoint"",""coordinates"":[]}"
20201007,-0.006533866892878962,2020-10-07,"{""type"":""MultiPoint"",""coordinates"":[]}"
20201008,-0.005984752916340691,2020-10-08,"{""type"":""MultiPoint"",""coordinates"":[]}"
20201009,-0.005376350600000275,2020-10-09,"{""type"":""MultiPoint"",""coordinates"":[]}"
20201010,-0.004095798663772419,2020-10-10,"{""type"":""MultiPoint"",""coordinates"":[]}"
20201011,-0.0027697132804252824,2020-10-11,"{""type"":""MultiPoint"",""coordinates"":[]}"
20201012,-0.0037989240140028297,2020-10-12,"{""type"":""MultiPoint"",""coordinates"":[]}"
20201013,-0.0050220330472214286,2020-10-13,"{""type"":""MultiPoint"",""coordinates"":[]}"
20201014,-0.008324340800839013,2020-10-14,"{""type"":""MultiPoint"",""coordinates"":[]}"
20201015,-0.0069410956097432875,2020-10-15,"{""type"":""MultiPoint"",""coordinates"":[]}"
20201016,-0.0055349832169687765,2020-10-16,"{""type"":""MultiPoint"",""coordinates"":[]}"
20201017,-0.005816995674711716,2020-10-17,"{""type"":""MultiPoint"",""coordinates"":[]}"
20201018,-0.0045686810623292206,2020-10-18,"{""type"":""MultiPoint"",""coordinates"":[]}"
20201019,-0.0044887589539368295,2020-10-19,"{""type"":""MultiPoint"",""coordinates"":[]}"
20201020,-0.0034147713585537228,2020-10-20,"{""type"":""MultiPoint"",""coordinates"":[]}"
20201021,-0.0027856121845547355,2020-10-21,"{""type"":""MultiPoint"",""coordinates"":[]}"
20201022,-0.0029458390692743085,2020-10-22,"{""type"":""MultiPoint"",""coordinates"":[]}"
20201023,-0.0034862636540198447,2020-10-23,"{""type"":""MultiPoint"",""coordinates"":[]}"
20201024,-0.002390089460886596,2020-10-24,"{""type"":""MultiPoint"",""coordinates"":[]}"
20201025,-0.004871902212244224,2020-10-25,"{""type"":""MultiPoint"",""coordinates"":[]}"
20201026,-0.005294175125379068,2020-10-26,"{""type"":""MultiPoint"",""coordinates"":[]}"
20201027,-0.006786938706811271,2020-10-27,"{""type"":""MultiPoint"",""coordinates"":[]}"
20201028,-0.006864917706521375,2020-10-28,"{""type"":""MultiPoint"",""coordinates"":[]}"
20201029,-0.007470616432020557,2020-10-29,"{""type"":""MultiPoint"",""coordinates"":[]}"
20201030,-0.0075437008298384735,2020-10-30,"{""type"":""MultiPoint"",""coordinates"":[]}"
20201031,-0.005538524265653828,2020-10-31,"{""type"":""MultiPoint"",""coordinates"":[]}"
20201101,-0.005522377502543232,2020-11-01,"{""type"":""MultiPoint"",""coordinates"":[]}"
20201102,-0.0058434357111883115,2020-11-02,"{""type"":""MultiPoint"",""coordinates"":[]}"
20201103,-0.0063674684976452595,2020-11-03,"{""type"":""MultiPoint"",""coordinates"":[]}"
20201104,-0.005552674425436757,2020-11-04,"{""type"":""MultiPoint"",""coordinates"":[]}"
20201105,-0.005490318951350354,2020-11-05,"{""type"":""MultiPoint"",""coordinates"":[]}"
20201106,-0.005494246801562142,2020-11-06,"{""type"":""MultiPoint"",""coordinates"":[]}"
20201107,-0.005327694674379002,2020-11-07,"{""type"":""MultiPoint"",""coordinates"":[]}"
20201108,-0.006106243070873988,2020-11-08,"{""type"":""MultiPoint"",""coordinates"":[]}"
20201109,-0.006794174533570196,2020-11-09,"{""type"":""MultiPoint"",""coordinates"":[]}"
20201110,-0.007170221616019681,2020-11-10,"{""type"":""MultiPoint"",""coordinates"":[]}"
20201111,-0.007219579956604987,2020-11-11,"{""type"":""MultiPoint"",""coordinates"":[]}"
20201112,-0.0052917069916902934,2020-11-12,"{""type"":""MultiPoint"",""coordinates"":[]}"
20201113,-0.003817641098595561,2020-11-13,"{""type"":""MultiPoint"",""coordinates"":[]}"
20201114,-0.005858476177352732,2020-11-14,"{""type"":""MultiPoint"",""coordinates"":[]}"
20201115,-0.00364436989249358,2020-11-15,"{""type"":""MultiPoint"",""coordinates"":[]}"
20201116,-0.002913219892615679,2020-11-16,"{""type"":""MultiPoint"",""coordinates"":[]}"
20201117,-0.004271650687253273,2020-11-17,"{""type"":""MultiPoint"",""coordinates"":[]}"
20201118,-0.005181965270120146,2020-11-18,"{""type"":""MultiPoint"",""coordinates"":[]}"
20201119,-0.0053539421546803575,2020-11-19,"{""type"":""MultiPoint"",""coordinates"":[]}"
20201120,-0.006951181920960069,2020-11-20,"{""type"":""MultiPoint"",""coordinates"":[]}"
20201121,-0.007656810679234062,2020-11-21,"{""type"":""MultiPoint"",""coordinates"":[]}"
20201122,-0.007246693770687621,2020-11-22,"{""type"":""MultiPoint"",""coordinates"":[]}"
20201123,-0.006066609416069565,2020-11-23,"{""type"":""MultiPoint"",""coordinates"":[]}"
20201124,-0.005036469074933807,2020-11-24,"{""type"":""MultiPoint"",""coordinates"":[]}"
20201125,-0.0057191921868076315,2020-11-25,"{""type"":""MultiPoint"",""coordinates"":[]}"
20201126,-0.0011965316804620433,2020-11-26,"{""type"":""MultiPoint"",""coordinates"":[]}"
20201127,-0.0040025377585819885,2020-11-27,"{""type"":""MultiPoint"",""coordinates"":[]}"
20201128,-0.004316958279331043,2020-11-28,"{""type"":""MultiPoint"",""coordinates"":[]}"
20201129,-0.004219953634586743,2020-11-29,"{""type"":""MultiPoint"",""coordinates"":[]}"
20201130,-0.0048316813330892446,2020-11-30,"{""type"":""MultiPoint"",""coordinates"":[]}"
20201201,-0.00777205255579732,2020-12-01,"{""type"":""MultiPoint"",""coordinates"":[]}"
20201202,-0.006640604200471279,2020-12-02,"{""type"":""MultiPoint"",""coordinates"":[]}"
20201203,-0.0021171876917750834,2020-12-03,"{""type"":""MultiPoint"",""coordinates"":[]}"
20201204,-0.00208428704730423,2020-12-04,"{""type"":""MultiPoint"",""coordinates"":[]}"
20201205,-0.004243245422069073,2020-12-05,"{""type"":""MultiPoint"",""coordinates"":[]}"
20201206,-0.0045973813585832414,2020-12-06,"{""type"":""MultiPoint"",""coordinates"":[]}"
20201207,-0.004443167274664226,2020-12-07,"{""type"":""MultiPoint"",""coordinates"":[]}"
20201208,-0.0037388091832903938,2020-12-08,"{""type"":""MultiPoint"",""coordinates"":[]}"
20201209,-0.004267475609571232,2020-12-09,"{""type"":""MultiPoint"",""coordinates"":[]}"
20201210,-0.006614610012185353,2020-12-10,"{""type"":""MultiPoint"",""coordinates"":[]}"
20201211,-0.0058216445810073516,2020-12-11,"{""type"":""MultiPoint"",""coordinates"":[]}"
20201212,-0.005281135832882174,2020-12-12,"{""type"":""MultiPoint"",""coordinates"":[]}"
20201213,-0.005058719858300992,2020-12-13,"{""type"":""MultiPoint"",""coordinates"":[]}"
20201214,-0.005466064084036377,2020-12-14,"{""type"":""MultiPoint"",""coordinates"":[]}"
20201215,-0.006116357571418531,2020-12-15,"{""type"":""MultiPoint"",""coordinates"":[]}"
20201216,-0.004661231726785937,2020-12-16,"{""type"":""MultiPoint"",""coordinates"":[]}"
20201217,-0.003578168775236595,2020-12-17,"{""type"":""MultiPoint"",""coordinates"":[]}"
20201218,-0.00675326804395771,2020-12-18,"{""type"":""MultiPoint"",""coordinates"":[]}"
20201219,-0.006021017192113132,2020-12-19,"{""type"":""MultiPoint"",""coordinates"":[]}"
20201220,-0.005454732095163158,2020-12-20,"{""type"":""MultiPoint"",""coordinates"":[]}"
20201221,-0.006336838271275876,2020-12-21,"{""type"":""MultiPoint"",""coordinates"":[]}"
20201222,-0.006079079927700161,2020-12-22,"{""type"":""MultiPoint"",""coordinates"":[]}"
20201223,-0.005229412631518733,2020-12-23,"{""type"":""MultiPoint"",""coordinates"":[]}"
20201224,-0.005603862701962141,2020-12-24,"{""type"":""MultiPoint"",""coordinates"":[]}"
20201225,-0.006275903624223409,2020-12-25,"{""type"":""MultiPoint"",""coordinates"":[]}"
20201226,-0.006520212111912863,2020-12-26,"{""type"":""MultiPoint"",""coordinates"":[]}"
20201227,-0.006859775405511206,2020-12-27,"{""type"":""MultiPoint"",""coordinates"":[]}"
20201228,-0.007028561059355966,2020-12-28,"{""type"":""MultiPoint"",""coordinates"":[]}"
20201229,-0.005724635530504665,2020-12-29,"{""type"":""MultiPoint"",""coordinates"":[]}"
20201230,-0.006469579181196089,2020-12-30,"{""type"":""MultiPoint"",""coordinates"":[]}"
20201231,-0.004154878932430613,2020-12-31,"{""type"":""MultiPoint"",""coordinates"":[]}"
20210101,-0.007339018644118272,2021-01-01,"{""type"":""MultiPoint"",""coordinates"":[]}"
20210102,-0.005322840494564471,2021-01-02,"{""type"":""MultiPoint"",""coordinates"":[]}"
20210103,-0.004567928487554796,2021-01-03,"{""type"":""MultiPoint"",""coordinates"":[]}"
20210104,-0.004346286292059845,2021-01-04,"{""type"":""MultiPoint"",""coordinates"":[]}"
20210105,-0.0033334824087615984,2021-01-05,"{""type"":""MultiPoint"",""coordinates"":[]}"
20210106,-0.002313524681048125,2021-01-06,"{""type"":""MultiPoint"",""coordinates"":[]}"
20210107,-0.0033763742665012114,2021-01-07,"{""type"":""MultiPoint"",""coordinates"":[]}"
20210108,-0.0040752359097994545,2021-01-08,"{""type"":""MultiPoint"",""coordinates"":[]}"
20210109,-0.004862395532767596,2021-01-09,"{""type"":""MultiPoint"",""coordinates"":[]}"
20210110,-0.004680572823340566,2021-01-10,"{""type"":""MultiPoint"",""coordinates"":[]}"
20210111,-0.00417108488842035,2021-01-11,"{""type"":""MultiPoint"",""coordinates"":[]}"
20210112,-0.004709661848643047,2021-01-12,"{""type"":""MultiPoint"",""coordinates"":[]}"
20210113,-0.006876010161230758,2021-01-13,"{""type"":""MultiPoint"",""coordinates"":[]}"
20210114,-0.0053946702784667365,2021-01-14,"{""type"":""MultiPoint"",""coordinates"":[]}"
20210115,-0.006446860434487178,2021-01-15,"{""type"":""MultiPoint"",""coordinates"":[]}"
20210116,-0.0051522176338712625,2021-01-16,"{""type"":""MultiPoint"",""coordinates"":[]}"
20210117,-0.006283436171189413,2021-01-17,"{""type"":""MultiPoint"",""coordinates"":[]}"
20210118,-0.006957963710878723,2021-01-18,"{""type"":""MultiPoint"",""coordinates"":[]}"
20210119,-0.006005927924409891,2021-01-19,"{""type"":""MultiPoint"",""coordinates"":[]}"
20210120,-0.0061504573996051005,2021-01-20,"{""type"":""MultiPoint"",""coordinates"":[]}"
20210121,-0.00535972314769056,2021-01-21,"{""type"":""MultiPoint"",""coordinates"":[]}"
20210122,-0.005658608798365068,2021-01-22,"{""type"":""MultiPoint"",""coordinates"":[]}"
20210123,-0.007622634854857636,2021-01-23,"{""type"":""MultiPoint"",""coordinates"":[]}"
20210124,-0.007613245536449997,2021-01-24,"{""type"":""MultiPoint"",""coordinates"":[]}"
20210125,-0.007075737808833399,2021-01-25,"{""type"":""MultiPoint"",""coordinates"":[]}"
20210126,-0.008402333747379531,2021-01-26,"{""type"":""MultiPoint"",""coordinates"":[]}"
20210127,-0.008119713607985902,2021-01-27,"{""type"":""MultiPoint"",""coordinates"":[]}"
20210128,-0.007872677699664718,2021-01-28,"{""type"":""MultiPoint"",""coordinates"":[]}"
20210129,-0.007723978235801991,2021-01-29,"{""type"":""MultiPoint"",""coordinates"":[]}"
20210130,-0.008171315775391748,2021-01-30,"{""type"":""MultiPoint"",""coordinates"":[]}"
20210131,-0.008619855500508825,2021-01-31,"{""type"":""MultiPoint"",""coordinates"":[]}"
20210201,-0.00923475543950499,2021-02-01,"{""type"":""MultiPoint"",""coordinates"":[]}"
20210202,-0.008679920467077804,2021-02-02,"{""type"":""MultiPoint"",""coordinates"":[]}"
20210203,-0.00781391797169749,2021-02-03,"{""type"":""MultiPoint"",""coordinates"":[]}"
20210204,-0.008730962899567164,2021-02-04,"{""type"":""MultiPoint"",""coordinates"":[]}"
20210205,-0.008065457578884418,2021-02-05,"{""type"":""MultiPoint"",""coordinates"":[]}"
20210206,-0.00920934946577505,2021-02-06,"{""type"":""MultiPoint"",""coordinates"":[]}"
20210207,-0.011060631373551556,2021-02-07,"{""type"":""MultiPoint"",""coordinates"":[]}"
20210208,-0.01002560793379619,2021-02-08,"{""type"":""MultiPoint"",""coordinates"":[]}"
20210209,-0.008585225617650363,2021-02-09,"{""type"":""MultiPoint"",""coordinates"":[]}"
20210210,-0.009313573670202663,2021-02-10,"{""type"":""MultiPoint"",""coordinates"":[]}"
20210211,-0.009527296706209701,2021-02-11,"{""type"":""MultiPoint"",""coordinates"":[]}"
20210212,-0.009451019720119668,2021-02-12,"{""type"":""MultiPoint"",""coordinates"":[]}"
20210213,-0.009003999512363133,2021-02-13,"{""type"":""MultiPoint"",""coordinates"":[]}"
20210214,-0.008024338680739393,2021-02-14,"{""type"":""MultiPoint"",""coordinates"":[]}"
20210215,-0.007897398443091489,2021-02-15,"{""type"":""MultiPoint"",""coordinates"":[]}"
20210216,-0.008665944167680458,2021-02-16,"{""type"":""MultiPoint"",""coordinates"":[]}"
20210217,-0.00875850831235014,2021-02-17,"{""type"":""MultiPoint"",""coordinates"":[]}"
20210218,-0.00927959289155945,2021-02-18,"{""type"":""MultiPoint"",""coordinates"":[]}"
20210219,-0.00844636996772418,2021-02-19,"{""type"":""MultiPoint"",""coordinates"":[]}"
20210220,-0.005681125894258161,2021-02-20,"{""type"":""MultiPoint"",""coordinates"":[]}"
20210221,-0.004999852107969965,2021-02-21,"{""type"":""MultiPoint"",""coordinates"":[]}"
20210222,-0.0061234269399156925,2021-02-22,"{""type"":""MultiPoint"",""coordinates"":[]}"
20210223,-0.008590320446511574,2021-02-23,"{""type"":""MultiPoint"",""coordinates"":[]}"
20210224,-0.009508025715772753,2021-02-24,"{""type"":""MultiPoint"",""coordinates"":[]}"
20210225,-0.008995361070026109,2021-02-25,"{""type"":""MultiPoint"",""coordinates"":[]}"
20210226,-0.009290578703584402,2021-02-26,"{""type"":""MultiPoint"",""coordinates"":[]}"
20210227,-0.009812713839744133,2021-02-27,"{""type"":""MultiPoint"",""coordinates"":[]}"
20210228,-0.011779119320317385,2021-02-28,"{""type"":""MultiPoint"",""coordinates"":[]}"
20210301,-0.01126749661185581,2021-03-01,"{""type"":""MultiPoint"",""coordinates"":[]}"
20210302,-0.011384840660128265,2021-03-02,"{""type"":""MultiPoint"",""coordinates"":[]}"
20210303,-0.01258227750135297,2021-03-03,"{""type"":""MultiPoint"",""coordinates"":[]}"
20210304,-0.012257355959472777,2021-03-04,"{""type"":""MultiPoint"",""coordinates"":[]}"
20210305,-0.01026059080079978,2021-03-05,"{""type"":""MultiPoint"",""coordinates"":[]}"
20210306,-0.010412419491329754,2021-03-06,"{""type"":""MultiPoint"",""coordinates"":[]}"
20210307,-0.010922709806208634,2021-03-07,"{""type"":""MultiPoint"",""coordinates"":[]}"
20210308,-0.011293505615970634,2021-03-08,"{""type"":""MultiPoint"",""coordinates"":[]}"
20210309,-0.010298587257474295,2021-03-09,"{""type"":""MultiPoint"",""coordinates"":[]}"
20210310,-0.01010402650016214,2021-03-10,"{""type"":""MultiPoint"",""coordinates"":[]}"
20210311,-0.010524419619166553,2021-03-11,"{""type"":""MultiPoint"",""coordinates"":[]}"
20210312,-0.011807537304210044,2021-03-12,"{""type"":""MultiPoint"",""coordinates"":[]}"
20210313,-0.011269854138528991,2021-03-13,"{""type"":""MultiPoint"",""coordinates"":[]}"
20210314,-0.01264342821061544,2021-03-14,"{""type"":""MultiPoint"",""coordinates"":[]}"
20210315,-0.011470926038769891,2021-03-15,"{""type"":""MultiPoint"",""coordinates"":[]}"
20210316,-0.011224431683375927,2021-03-16,"{""type"":""MultiPoint"",""coordinates"":[]}"
20210317,-0.011725878545544676,2021-03-17,"{""type"":""MultiPoint"",""coordinates"":[]}"
20210318,-0.012123183242366053,2021-03-18,"{""type"":""MultiPoint"",""coordinates"":[]}"
20210319,-0.011142456613693215,2021-03-19,"{""type"":""MultiPoint"",""coordinates"":[]}"
20210320,-0.010712479164381915,2021-03-20,"{""type"":""MultiPoint"",""coordinates"":[]}"
20210321,-0.011450497664671514,2021-03-21,"{""type"":""MultiPoint"",""coordinates"":[]}"
20210322,-0.012290864481202174,2021-03-22,"{""type"":""MultiPoint"",""coordinates"":[]}"
20210323,-0.01184552423443532,2021-03-23,"{""type"":""MultiPoint"",""coordinates"":[]}"
20210324,-0.012027043972509947,2021-03-24,"{""type"":""MultiPoint"",""coordinates"":[]}"
20210325,-0.011943076507908358,2021-03-25,"{""type"":""MultiPoint"",""coordinates"":[]}"
20210326,-0.012785121523320344,2021-03-26,"{""type"":""MultiPoint"",""coordinates"":[]}"
20210327,-0.012200521750039406,2021-03-27,"{""type"":""MultiPoint"",""coordinates"":[]}"
20210328,-0.010102223676842322,2021-03-28,"{""type"":""MultiPoint"",""coordinates"":[]}"
20210329,-0.010760485053878823,2021-03-29,"{""type"":""MultiPoint"",""coordinates"":[]}"
20210330,-0.010397469174139912,2021-03-30,"{""type"":""MultiPoint"",""coordinates"":[]}"
20210331,-0.010901666160305794,2021-03-31,"{""type"":""MultiPoint"",""coordinates"":[]}"
20210401,-0.012183435939384476,2021-04-01,"{""type"":""MultiPoint"",""coordinates"":[]}"
20210402,-0.010736012409546405,2021-04-02,"{""type"":""MultiPoint"",""coordinates"":[]}"
20210403,-0.00985371206280806,2021-04-03,"{""type"":""MultiPoint"",""coordinates"":[]}"
20210404,-0.009533400333677838,2021-04-04,"{""type"":""MultiPoint"",""coordinates"":[]}"
20210405,-0.010503638185485702,2021-04-05,"{""type"":""MultiPoint"",""coordinates"":[]}"
20210406,-0.012099546052720005,2021-04-06,"{""type"":""MultiPoint"",""coordinates"":[]}"
20210407,-0.012314099370795317,2021-04-07,"{""type"":""MultiPoint"",""coordinates"":[]}"
20210408,-0.010907869267004948,2021-04-08,"{""type"":""MultiPoint"",""coordinates"":[]}"
20210409,-0.010908452558726607,2021-04-09,"{""type"":""MultiPoint"",""coordinates"":[]}"
20210410,-0.01125210822120158,2021-04-10,"{""type"":""MultiPoint"",""coordinates"":[]}"
20210411,-0.01028142950048795,2021-04-11,"{""type"":""MultiPoint"",""coordinates"":[]}"
20210412,-0.009494818872708893,2021-04-12,"{""type"":""MultiPoint"",""coordinates"":[]}"
20210413,-0.010399139145364455,2021-04-13,"{""type"":""MultiPoint"",""coordinates"":[]}"
20210414,-0.006472183842520363,2021-04-14,"{""type"":""MultiPoint"",""coordinates"":[]}"
20210415,-0.006031858803746109,2021-04-15,"{""type"":""MultiPoint"",""coordinates"":[]}"
20210416,-0.008023924226782863,2021-04-16,"{""type"":""MultiPoint"",""coordinates"":[]}"
20210417,-0.008141513742288943,2021-04-17,"{""type"":""MultiPoint"",""coordinates"":[]}"
20210418,-0.008104719570966883,2021-04-18,"{""type"":""MultiPoint"",""coordinates"":[]}"
20210419,-0.008697835836887716,2021-04-19,"{""type"":""MultiPoint"",""coordinates"":[]}"
20210420,-0.007316303663468088,2021-04-20,"{""type"":""MultiPoint"",""coordinates"":[]}"
20210421,-0.0071232435975512156,2021-04-21,"{""type"":""MultiPoint"",""coordinates"":[]}"
20210422,-0.006768740751810648,2021-04-22,"{""type"":""MultiPoint"",""coordinates"":[]}"
20210423,-0.006937521728809421,2021-04-23,"{""type"":""MultiPoint"",""coordinates"":[]}"
20210424,-0.006095678170867075,2021-04-24,"{""type"":""MultiPoint"",""coordinates"":[]}"
20210425,-0.00770756214072851,2021-04-25,"{""type"":""MultiPoint"",""coordinates"":[]}"
20210426,-0.00815354303614577,2021-04-26,"{""type"":""MultiPoint"",""coordinates"":[]}"
20210427,-0.008028300365896565,2021-04-27,"{""type"":""MultiPoint"",""coordinates"":[]}"
20210428,-0.008055895108199682,2021-04-28,"{""type"":""MultiPoint"",""coordinates"":[]}"
20210429,-0.007884975843438287,2021-04-29,"{""type"":""MultiPoint"",""coordinates"":[]}"
20210430,-0.008462524192307759,2021-04-30,"{""type"":""MultiPoint"",""coordinates"":[]}"
20210501,-0.009430739112093866,2021-05-01,"{""type"":""MultiPoint"",""coordinates"":[]}"
20210502,-0.008670804574996865,2021-05-02,"{""type"":""MultiPoint"",""coordinates"":[]}"
20210503,-0.007766741732433018,2021-05-03,"{""type"":""MultiPoint"",""coordinates"":[]}"
20210504,-0.007009798138472477,2021-05-04,"{""type"":""MultiPoint"",""coordinates"":[]}"
20210505,-0.009390271500252878,2021-05-05,"{""type"":""MultiPoint"",""coordinates"":[]}"
20210506,-0.009984518019459529,2021-05-06,"{""type"":""MultiPoint"",""coordinates"":[]}"
20210507,-0.008204392178602256,2021-05-07,"{""type"":""MultiPoint"",""coordinates"":[]}"
20210508,-0.009500101387163227,2021-05-08,"{""type"":""MultiPoint"",""coordinates"":[]}"
20210509,-0.008958385263111258,2021-05-09,"{""type"":""MultiPoint"",""coordinates"":[]}"
20210510,-0.007357854100964302,2021-05-10,"{""type"":""MultiPoint"",""coordinates"":[]}"
20210511,-0.00756476609418442,2021-05-11,"{""type"":""MultiPoint"",""coordinates"":[]}"
20210512,-0.007249952193498034,2021-05-12,"{""type"":""MultiPoint"",""coordinates"":[]}"
20210513,-0.007478933209334185,2021-05-13,"{""type"":""MultiPoint"",""coordinates"":[]}"
20210514,-0.009852760424183267,2021-05-14,"{""type"":""MultiPoint"",""coordinates"":[]}"
20210515,-0.0030933589458597244,2021-05-15,"{""type"":""MultiPoint"",""coordinates"":[]}"
20210516,-0.0024873353261504008,2021-05-16,"{""type"":""MultiPoint"",""coordinates"":[]}"
20210517,-0.007213744751196359,2021-05-17,"{""type"":""MultiPoint"",""coordinates"":[]}"
20210518,-0.007763774183288006,2021-05-18,"{""type"":""MultiPoint"",""coordinates"":[]}"
20210519,-0.007308643989832498,2021-05-19,"{""type"":""MultiPoint"",""coordinates"":[]}"
20210520,-0.006423345506504777,2021-05-20,"{""type"":""MultiPoint"",""coordinates"":[]}"
20210521,-0.0045472163876337166,2021-05-21,"{""type"":""MultiPoint"",""coordinates"":[]}"
20210522,-0.005815821932429317,2021-05-22,"{""type"":""MultiPoint"",""coordinates"":[]}"
20210523,-0.009173364906065908,2021-05-23,"{""type"":""MultiPoint"",""coordinates"":[]}"
20210524,-0.009665273160264517,2021-05-24,"{""type"":""MultiPoint"",""coordinates"":[]}"
20210525,-0.007306439525760518,2021-05-25,"{""type"":""MultiPoint"",""coordinates"":[]}"
20210526,-0.008680247454599947,2021-05-26,"{""type"":""MultiPoint"",""coordinates"":[]}"
20210527,-0.010982426234298315,2021-05-27,"{""type"":""MultiPoint"",""coordinates"":[]}"
20210528,-0.01018306396965337,2021-05-28,"{""type"":""MultiPoint"",""coordinates"":[]}"
20210529,-0.008534418469933148,2021-05-29,"{""type"":""MultiPoint"",""coordinates"":[]}"
20210530,-0.008418730320909444,2021-05-30,"{""type"":""MultiPoint"",""coordinates"":[]}"
20210531,-0.008985464293597879,2021-05-31,"{""type"":""MultiPoint"",""coordinates"":[]}"
20210601,-0.0085938577184795,2021-06-01,"{""type"":""MultiPoint"",""coordinates"":[]}"
20210602,-0.007132220061816879,2021-06-02,"{""type"":""MultiPoint"",""coordinates"":[]}"
20210603,-0.005666675037497844,2021-06-03,"{""type"":""MultiPoint"",""coordinates"":[]}"
20210604,-0.005601493987713306,2021-06-04,"{""type"":""MultiPoint"",""coordinates"":[]}"
20210605,-0.0054470105262471894,2021-06-05,"{""type"":""MultiPoint"",""coordinates"":[]}"
20210606,-0.006594309471565218,2021-06-06,"{""type"":""MultiPoint"",""coordinates"":[]}"
20210607,-0.008810943500191123,2021-06-07,"{""type"":""MultiPoint"",""coordinates"":[]}"
20210608,-0.009670893193453498,2021-06-08,"{""type"":""MultiPoint"",""coordinates"":[]}"
20210609,-0.008368421597585161,2021-06-09,"{""type"":""MultiPoint"",""coordinates"":[]}"
20210610,-0.00824823133350969,2021-06-10,"{""type"":""MultiPoint"",""coordinates"":[]}"
20210611,-0.00853813888491822,2021-06-11,"{""type"":""MultiPoint"",""coordinates"":[]}"
20210612,-0.006291952673772833,2021-06-12,"{""type"":""MultiPoint"",""coordinates"":[]}"
20210613,-0.004929003817761022,2021-06-13,"{""type"":""MultiPoint"",""coordinates"":[]}"
20210614,-0.005358955231380575,2021-06-14,"{""type"":""MultiPoint"",""coordinates"":[]}"
20210615,-0.006616771416339795,2021-06-15,"{""type"":""MultiPoint"",""coordinates"":[]}"
20210616,-0.008738815511066096,2021-06-16,"{""type"":""MultiPoint"",""coordinates"":[]}"
20210617,-0.009407348165002863,2021-06-17,"{""type"":""MultiPoint"",""coordinates"":[]}"
20210618,-0.00907532146395258,2021-06-18,"{""type"":""MultiPoint"",""coordinates"":[]}"
20210619,-0.007558460278872497,2021-06-19,"{""type"":""MultiPoint"",""coordinates"":[]}"
20210620,-0.008461803312178676,2021-06-20,"{""type"":""MultiPoint"",""coordinates"":[]}"
20210621,-0.008048882520414158,2021-06-21,"{""type"":""MultiPoint"",""coordinates"":[]}"
20210622,-0.008697508537957971,2021-06-22,"{""type"":""MultiPoint"",""coordinates"":[]}"
20210623,-0.008482640511175516,2021-06-23,"{""type"":""MultiPoint"",""coordinates"":[]}"
20210624,-0.009162391848195124,2021-06-24,"{""type"":""MultiPoint"",""coordinates"":[]}"
20210625,-0.010394441013884129,2021-06-25,"{""type"":""MultiPoint"",""coordinates"":[]}"
20210626,-0.0065851578909631526,2021-06-26,"{""type"":""MultiPoint"",""coordinates"":[]}"
20210627,-0.004334413935422755,2021-06-27,"{""type"":""MultiPoint"",""coordinates"":[]}"
20210628,-0.006090227154010612,2021-06-28,"{""type"":""MultiPoint"",""coordinates"":[]}"
20210629,-0.008192881654096226,2021-06-29,"{""type"":""MultiPoint"",""coordinates"":[]}"
20210630,-0.008510975796778173,2021-06-30,"{""type"":""MultiPoint"",""coordinates"":[]}"
20210701,-0.007233178474195342,2021-07-01,"{""type"":""MultiPoint"",""coordinates"":[]}"
20210702,-0.0068913166356624304,2021-07-02,"{""type"":""MultiPoint"",""coordinates"":[]}"
20210703,-0.006951386041433804,2021-07-03,"{""type"":""MultiPoint"",""coordinates"":[]}"
20210704,-0.006974644142187664,2021-07-04,"{""type"":""MultiPoint"",""coordinates"":[]}"
20210705,-0.0072154274414023235,2021-07-05,"{""type"":""MultiPoint"",""coordinates"":[]}"
20210706,-0.006781926551712701,2021-07-06,"{""type"":""MultiPoint"",""coordinates"":[]}"
20210707,-0.005926769553749252,2021-07-07,"{""type"":""MultiPoint"",""coordinates"":[]}"
20210708,-0.006178616262527063,2021-07-08,"{""type"":""MultiPoint"",""coordinates"":[]}"
20210709,-0.0056127804131251196,2021-07-09,"{""type"":""MultiPoint"",""coordinates"":[]}"
20210710,-0.003731535823273264,2021-07-10,"{""type"":""MultiPoint"",""coordinates"":[]}"
20210711,-0.007256059957742639,2021-07-11,"{""type"":""MultiPoint"",""coordinates"":[]}"
20210712,-0.0053978884998026255,2021-07-12,"{""type"":""MultiPoint"",""coordinates"":[]}"
20210713,-0.0030993424109033566,2021-07-13,"{""type"":""MultiPoint"",""coordinates"":[]}"
20210714,-0.00391633819458407,2021-07-14,"{""type"":""MultiPoint"",""coordinates"":[]}"
20210715,-0.003989468046601678,2021-07-15,"{""type"":""MultiPoint"",""coordinates"":[]}"
20210716,-0.0018921785767026158,2021-07-16,"{""type"":""MultiPoint"",""coordinates"":[]}"
20210717,-0.004817013566242288,2021-07-17,"{""type"":""MultiPoint"",""coordinates"":[]}"
20210718,-0.004266714171833696,2021-07-18,"{""type"":""MultiPoint"",""coordinates"":[]}"
20210719,-0.007518069921264865,2021-07-19,"{""type"":""MultiPoint"",""coordinates"":[]}"
20210720,-0.008768394060805923,2021-07-20,"{""type"":""MultiPoint"",""coordinates"":[]}"
20210721,-0.0051474296094262085,2021-07-21,"{""type"":""MultiPoint"",""coordinates"":[]}"
20210722,-0.003235743196421156,2021-07-22,"{""type"":""MultiPoint"",""coordinates"":[]}"
20210723,-0.00533672046179575,2021-07-23,"{""type"":""MultiPoint"",""coordinates"":[]}"
20210724,-0.0060397477321835254,2021-07-24,"{""type"":""MultiPoint"",""coordinates"":[]}"
20210725,-0.007983519127786238,2021-07-25,"{""type"":""MultiPoint"",""coordinates"":[]}"
20210726,-0.007255195491224081,2021-07-26,"{""type"":""MultiPoint"",""coordinates"":[]}"
20210727,-0.007771307797031024,2021-07-27,"{""type"":""MultiPoint"",""coordinates"":[]}"
20210728,-0.008165730622140405,2021-07-28,"{""type"":""MultiPoint"",""coordinates"":[]}"
20210729,-0.007743992082426804,2021-07-29,"{""type"":""MultiPoint"",""coordinates"":[]}"
20210730,-0.008052434495478782,2021-07-30,"{""type"":""MultiPoint"",""coordinates"":[]}"
20210731,-0.007754438235030309,2021-07-31,"{""type"":""MultiPoint"",""coordinates"":[]}"
20210801,-0.008861680487497747,2021-08-01,"{""type"":""MultiPoint"",""coordinates"":[]}"
20210802,-0.008935938895150174,2021-08-02,"{""type"":""MultiPoint"",""coordinates"":[]}"
20210803,-0.007798061611189506,2021-08-03,"{""type"":""MultiPoint"",""coordinates"":[]}"
20210804,-0.006700015977858806,2021-08-04,"{""type"":""MultiPoint"",""coordinates"":[]}"
20210805,-0.00698550021979369,2021-08-05,"{""type"":""MultiPoint"",""coordinates"":[]}"
20210806,-0.007327663484391336,2021-08-06,"{""type"":""MultiPoint"",""coordinates"":[]}"
20210807,-0.006817703030061415,2021-08-07,"{""type"":""MultiPoint"",""coordinates"":[]}"
20210808,-0.006306348212077575,2021-08-08,"{""type"":""MultiPoint"",""coordinates"":[]}"
20210809,-0.00688630290137722,2021-08-09,"{""type"":""MultiPoint"",""coordinates"":[]}"
20210810,-0.0069290427304335425,2021-08-10,"{""type"":""MultiPoint"",""coordinates"":[]}"
20210811,-0.006016457345437432,2021-08-11,"{""type"":""MultiPoint"",""coordinates"":[]}"
20210812,-0.004326694273868521,2021-08-12,"{""type"":""MultiPoint"",""coordinates"":[]}"
20210813,-0.0050944113852105155,2021-08-13,"{""type"":""MultiPoint"",""coordinates"":[]}"
20210814,-0.006349878972268862,2021-08-14,"{""type"":""MultiPoint"",""coordinates"":[]}"
20210815,-0.005322296490241574,2021-08-15,"{""type"":""MultiPoint"",""coordinates"":[]}"
20210816,-0.004862830851526532,2021-08-16,"{""type"":""MultiPoint"",""coordinates"":[]}"
20210817,-0.003912920445704939,2021-08-17,"{""type"":""MultiPoint"",""coordinates"":[]}"
20210818,-0.006387349690902159,2021-08-18,"{""type"":""MultiPoint"",""coordinates"":[]}"
20210819,-0.005757201040852495,2021-08-19,"{""type"":""MultiPoint"",""coordinates"":[]}"
20210820,-0.005278336938762535,2021-08-20,"{""type"":""MultiPoint"",""coordinates"":[]}"
20210821,-0.004973033515300788,2021-08-21,"{""type"":""MultiPoint"",""coordinates"":[]}"
20210822,-0.004409756772977341,2021-08-22,"{""type"":""MultiPoint"",""coordinates"":[]}"
20210823,-0.005153570587100827,2021-08-23,"{""type"":""MultiPoint"",""coordinates"":[]}"
20210824,-0.0058264233763858685,2021-08-24,"{""type"":""MultiPoint"",""coordinates"":[]}"
20210825,-0.005007870595495436,2021-08-25,"{""type"":""MultiPoint"",""coordinates"":[]}"
20210826,-0.006310640119376826,2021-08-26,"{""type"":""MultiPoint"",""coordinates"":[]}"
20210827,-0.005077153762898682,2021-08-27,"{""type"":""MultiPoint"",""coordinates"":[]}"
20210828,-0.00390934600035618,2021-08-28,"{""type"":""MultiPoint"",""coordinates"":[]}"
20210829,-0.0035783944541413677,2021-08-29,"{""type"":""MultiPoint"",""coordinates"":[]}"
20210830,-0.005627593462699747,2021-08-30,"{""type"":""MultiPoint"",""coordinates"":[]}"
20210831,-0.006226428303373346,2021-08-31,"{""type"":""MultiPoint"",""coordinates"":[]}"
20210901,-0.0060647965885957155,2021-09-01,"{""type"":""MultiPoint"",""coordinates"":[]}"
20210902,-0.004973756390463528,2021-09-02,"{""type"":""MultiPoint"",""coordinates"":[]}"
20210903,-0.0024795236777215013,2021-09-03,"{""type"":""MultiPoint"",""coordinates"":[]}"
20210904,-0.003215139931411788,2021-09-04,"{""type"":""MultiPoint"",""coordinates"":[]}"
20210905,-0.004029230191533475,2021-09-05,"{""type"":""MultiPoint"",""coordinates"":[]}"
20210906,-0.004345055448585564,2021-09-06,"{""type"":""MultiPoint"",""coordinates"":[]}"
20210907,-0.0062773877695656575,2021-09-07,"{""type"":""MultiPoint"",""coordinates"":[]}"
20210908,-0.006632546557347388,2021-09-08,"{""type"":""MultiPoint"",""coordinates"":[]}"
20210909,-0.0068301216535551984,2021-09-09,"{""type"":""MultiPoint"",""coordinates"":[]}"
20210910,-0.007108437391248691,2021-09-10,"{""type"":""MultiPoint"",""coordinates"":[]}"
20210911,-0.006543134640482986,2021-09-11,"{""type"":""MultiPoint"",""coordinates"":[]}"
20210912,-0.006929735186944754,2021-09-12,"{""type"":""MultiPoint"",""coordinates"":[]}"
20210913,-0.006942987202254333,2021-09-13,"{""type"":""MultiPoint"",""coordinates"":[]}"
20210914,-0.006661178206126338,2021-09-14,"{""type"":""MultiPoint"",""coordinates"":[]}"
20210915,-0.0066821774042955,2021-09-15,"{""type"":""MultiPoint"",""coordinates"":[]}"
20210916,-0.006683093793512715,2021-09-16,"{""type"":""MultiPoint"",""coordinates"":[]}"
20210917,-0.007491355260261161,2021-09-17,"{""type"":""MultiPoint"",""coordinates"":[]}"
20210918,-0.006509330952334949,2021-09-18,"{""type"":""MultiPoint"",""coordinates"":[]}"
20210919,-0.005922531404943048,2021-09-19,"{""type"":""MultiPoint"",""coordinates"":[]}"
20210920,-0.006662156209358866,2021-09-20,"{""type"":""MultiPoint"",""coordinates"":[]}"
20210921,-0.007611252408310403,2021-09-21,"{""type"":""MultiPoint"",""coordinates"":[]}"
20210922,-0.006406006639892243,2021-09-22,"{""type"":""MultiPoint"",""coordinates"":[]}"
20210923,-0.006072454349046431,2021-09-23,"{""type"":""MultiPoint"",""coordinates"":[]}"
20210924,-0.006110325149522217,2021-09-24,"{""type"":""MultiPoint"",""coordinates"":[]}"
20210925,-0.006185487620809826,2021-09-25,"{""type"":""MultiPoint"",""coordinates"":[]}"
20210926,-0.006060133421566446,2021-09-26,"{""type"":""MultiPoint"",""coordinates"":[]}"
20210927,-0.005612362408799722,2021-09-27,"{""type"":""MultiPoint"",""coordinates"":[]}"
20210928,-0.0071020283541345245,2021-09-28,"{""type"":""MultiPoint"",""coordinates"":[]}"
20210929,-0.006612511176662942,2021-09-29,"{""type"":""MultiPoint"",""coordinates"":[]}"
20210930,-0.005096235127651638,2021-09-30,"{""type"":""MultiPoint"",""coordinates"":[]}"
20211001,-0.00487039485017811,2021-10-01,"{""type"":""MultiPoint"",""coordinates"":[]}"
20211002,-0.005553197827063192,2021-10-02,"{""type"":""MultiPoint"",""coordinates"":[]}"
20211003,-0.004800674254573318,2021-10-03,"{""type"":""MultiPoint"",""coordinates"":[]}"
20211004,-0.006517733468224461,2021-10-04,"{""type"":""MultiPoint"",""coordinates"":[]}"
20211005,-0.004330517708938901,2021-10-05,"{""type"":""MultiPoint"",""coordinates"":[]}"
20211006,-0.001241200115508073,2021-10-06,"{""type"":""MultiPoint"",""coordinates"":[]}"
20211007,-0.00517524102634305,2021-10-07,"{""type"":""MultiPoint"",""coordinates"":[]}"
20211008,-0.005244959658304494,2021-10-08,"{""type"":""MultiPoint"",""coordinates"":[]}"
20211009,-0.0029784571348455253,2021-10-09,"{""type"":""MultiPoint"",""coordinates"":[]}"
20211010,-0.005254508193441126,2021-10-10,"{""type"":""MultiPoint"",""coordinates"":[]}"
20211011,-0.004134619184969837,2021-10-11,"{""type"":""MultiPoint"",""coordinates"":[]}"
20211012,-0.003363408201021868,2021-10-12,"{""type"":""MultiPoint"",""coordinates"":[]}"
20211013,-0.002418873879316398,2021-10-13,"{""type"":""MultiPoint"",""coordinates"":[]}"
20211014,-0.0033804057616541976,2021-10-14,"{""type"":""MultiPoint"",""coordinates"":[]}"
20211015,-0.0037893011007661933,2021-10-15,"{""type"":""MultiPoint"",""coordinates"":[]}"
20211016,-0.004360361224501335,2021-10-16,"{""type"":""MultiPoint"",""coordinates"":[]}"
20211017,-0.0036515647692585244,2021-10-17,"{""type"":""MultiPoint"",""coordinates"":[]}"
20211018,-0.005402285400631082,2021-10-18,"{""type"":""MultiPoint"",""coordinates"":[]}"
20211019,-0.006579529640892778,2021-10-19,"{""type"":""MultiPoint"",""coordinates"":[]}"
20211020,-0.0048921924594514474,2021-10-20,"{""type"":""MultiPoint"",""coordinates"":[]}"
20211021,-0.004822175928995538,2021-10-21,"{""type"":""MultiPoint"",""coordinates"":[]}"
20211022,-0.005405465726348759,2021-10-22,"{""type"":""MultiPoint"",""coordinates"":[]}"
20211023,-0.004438580718308223,2021-10-23,"{""type"":""MultiPoint"",""coordinates"":[]}"
20211024,-0.0043223354878445894,2021-10-24,"{""type"":""MultiPoint"",""coordinates"":[]}"
20211025,-0.005358038898405965,2021-10-25,"{""type"":""MultiPoint"",""coordinates"":[]}"
20211026,-0.004995657685582968,2021-10-26,"{""type"":""MultiPoint"",""coordinates"":[]}"
20211027,-0.0055611146358124424,2021-10-27,"{""type"":""MultiPoint"",""coordinates"":[]}"
20211028,-0.005731929091721099,2021-10-28,"{""type"":""MultiPoint"",""coordinates"":[]}"
20211029,-0.004038791868751471,2021-10-29,"{""type"":""MultiPoint"",""coordinates"":[]}"
20211030,-0.004460613359437412,2021-10-30,"{""type"":""MultiPoint"",""coordinates"":[]}"
20211031,-0.0046954170222398344,2021-10-31,"{""type"":""MultiPoint"",""coordinates"":[]}"
20211101,-0.00230124922166277,2021-11-01,"{""type"":""MultiPoint"",""coordinates"":[]}"
20211102,-0.004270228777038773,2021-11-02,"{""type"":""MultiPoint"",""coordinates"":[]}"
20211103,-0.0016605670850644782,2021-11-03,"{""type"":""MultiPoint"",""coordinates"":[]}"
20211104,-0.003498761716513377,2021-11-04,"{""type"":""MultiPoint"",""coordinates"":[]}"
20211105,-0.0030182434299310815,2021-11-05,"{""type"":""MultiPoint"",""coordinates"":[]}"
20211106,-0.005428013348036418,2021-11-06,"{""type"":""MultiPoint"",""coordinates"":[]}"
20211107,-0.0020013472224175628,2021-11-07,"{""type"":""MultiPoint"",""coordinates"":[]}"
20211108,-0.0023293439161771123,2021-11-08,"{""type"":""MultiPoint"",""coordinates"":[]}"
20211109,-0.0029632893454028283,2021-11-09,"{""type"":""MultiPoint"",""coordinates"":[]}"
20211110,-0.003109771858734485,2021-11-10,"{""type"":""MultiPoint"",""coordinates"":[]}"
20211111,-0.0015765795326716941,2021-11-11,"{""type"":""MultiPoint"",""coordinates"":[]}"
20211112,-0.0013671673939387213,2021-11-12,"{""type"":""MultiPoint"",""coordinates"":[]}"
20211113,-0.0014384362578391413,2021-11-13,"{""type"":""MultiPoint"",""coordinates"":[]}"
20211114,-0.0027255961153723023,2021-11-14,"{""type"":""MultiPoint"",""coordinates"":[]}"
20211115,-0.0024885409798598647,2021-11-15,"{""type"":""MultiPoint"",""coordinates"":[]}"
20211116,-0.001944472546193186,2021-11-16,"{""type"":""MultiPoint"",""coordinates"":[]}"
20211117,-0.003255403478878668,2021-11-17,"{""type"":""MultiPoint"",""coordinates"":[]}"
20211118,-0.0011562011087311809,2021-11-18,"{""type"":""MultiPoint"",""coordinates"":[]}"
20211119,-0.001082043231151164,2021-11-19,"{""type"":""MultiPoint"",""coordinates"":[]}"
20211120,-0.0020430811461707656,2021-11-20,"{""type"":""MultiPoint"",""coordinates"":[]}"
20211121,-0.003961117050487447,2021-11-21,"{""type"":""MultiPoint"",""coordinates"":[]}"
20211122,-0.0033017896478048925,2021-11-22,"{""type"":""MultiPoint"",""coordinates"":[]}"
20211123,-0.005157817431338091,2021-11-23,"{""type"":""MultiPoint"",""coordinates"":[]}"
20211124,-0.005160627331164486,2021-11-24,"{""type"":""MultiPoint"",""coordinates"":[]}"
20211125,-0.006278396018835444,2021-11-25,"{""type"":""MultiPoint"",""coordinates"":[]}"
20211126,-0.004747665845038874,2021-11-26,"{""type"":""MultiPoint"",""coordinates"":[]}"
20211127,-0.003299629060604683,2021-11-27,"{""type"":""MultiPoint"",""coordinates"":[]}"
20211128,-0.001186553713168161,2021-11-28,"{""type"":""MultiPoint"",""coordinates"":[]}"
20211129,-0.0038664084013806527,2021-11-29,"{""type"":""MultiPoint"",""coordinates"":[]}"
20211130,-0.005427065111706568,2021-11-30,"{""type"":""MultiPoint"",""coordinates"":[]}"
20211201,-0.004624726157691835,2021-12-01,"{""type"":""MultiPoint"",""coordinates"":[]}"
20211202,-0.0036047246007054855,2021-12-02,"{""type"":""MultiPoint"",""coordinates"":[]}"
20211203,-0.003927345365194838,2021-12-03,"{""type"":""MultiPoint"",""coordinates"":[]}"
20211204,-0.0037787324226643496,2021-12-04,"{""type"":""MultiPoint"",""coordinates"":[]}"
20211205,-0.004345464009493371,2021-12-05,"{""type"":""MultiPoint"",""coordinates"":[]}"
20211206,-0.0044666855309566,2021-12-06,"{""type"":""MultiPoint"",""coordinates"":[]}"
20211207,-0.005784229494316903,2021-12-07,"{""type"":""MultiPoint"",""coordinates"":[]}"
20211208,-0.00626097107291582,2021-12-08,"{""type"":""MultiPoint"",""coordinates"":[]}"
20211209,-0.005676055910557124,2021-12-09,"{""type"":""MultiPoint"",""coordinates"":[]}"
20211210,-0.006721236218510732,2021-12-10,"{""type"":""MultiPoint"",""coordinates"":[]}"
20211211,-0.0049437951301032745,2021-12-11,"{""type"":""MultiPoint"",""coordinates"":[]}"
20211212,-0.0050033810993139975,2021-12-12,"{""type"":""MultiPoint"",""coordinates"":[]}"
20211213,-0.004351842323762338,2021-12-13,"{""type"":""MultiPoint"",""coordinates"":[]}"
20211214,-0.00460135558887274,2021-12-14,"{""type"":""MultiPoint"",""coordinates"":[]}"
20211215,-0.005970090604936682,2021-12-15,"{""type"":""MultiPoint"",""coordinates"":[]}"
20211216,-0.006540109803025988,2021-12-16,"{""type"":""MultiPoint"",""coordinates"":[]}"
20211217,-0.006379261616518618,2021-12-17,"{""type"":""MultiPoint"",""coordinates"":[]}"
20211218,-0.006450467962050505,2021-12-18,"{""type"":""MultiPoint"",""coordinates"":[]}"
20211219,-0.006824771236258811,2021-12-19,"{""type"":""MultiPoint"",""coordinates"":[]}"
20211220,-0.0061862070116858485,2021-12-20,"{""type"":""MultiPoint"",""coordinates"":[]}"
20211221,-0.005502668615428561,2021-12-21,"{""type"":""MultiPoint"",""coordinates"":[]}"
20211222,-0.005684125038288398,2021-12-22,"{""type"":""MultiPoint"",""coordinates"":[]}"
20211223,-0.00608856972071747,2021-12-23,"{""type"":""MultiPoint"",""coordinates"":[]}"
20211224,-0.006529000566439708,2021-12-24,"{""type"":""MultiPoint"",""coordinates"":[]}"
20211225,-0.00658030746449524,2021-12-25,"{""type"":""MultiPoint"",""coordinates"":[]}"
20211226,-0.006735282319468144,2021-12-26,"{""type"":""MultiPoint"",""coordinates"":[]}"
20211227,-0.006497524030090793,2021-12-27,"{""type"":""MultiPoint"",""coordinates"":[]}"
20211228,-0.006573805611736919,2021-12-28,"{""type"":""MultiPoint"",""coordinates"":[]}"
20211229,-0.006514714689034562,2021-12-29,"{""type"":""MultiPoint"",""coordinates"":[]}"
20211230,-0.006433845909227081,2021-12-30,"{""type"":""MultiPoint"",""coordinates"":[]}"
20211231,-0.0056897039124355515,2021-12-31,"{""type"":""MultiPoint"",""coordinates"":[]}"
20220101,-0.005730724375574913,2022-01-01,"{""type"":""MultiPoint"",""coordinates"":[]}"
20220102,-0.006722516065344763,2022-01-02,"{""type"":""MultiPoint"",""coordinates"":[]}"
20220103,-0.007073063507553973,2022-01-03,"{""type"":""MultiPoint"",""coordinates"":[]}"
20220104,-0.007343113557573651,2022-01-04,"{""type"":""MultiPoint"",""coordinates"":[]}"
20220105,-0.006152895406539839,2022-01-05,"{""type"":""MultiPoint"",""coordinates"":[]}"
20220106,-0.006659067934466312,2022-01-06,"{""type"":""MultiPoint"",""coordinates"":[]}"
20220107,-0.006778172727013885,2022-01-07,"{""type"":""MultiPoint"",""coordinates"":[]}"
20220108,-0.005896845160860428,2022-01-08,"{""type"":""MultiPoint"",""coordinates"":[]}"
20220109,-0.005982500558462598,2022-01-09,"{""type"":""MultiPoint"",""coordinates"":[]}"
20220110,-0.006392823866680102,2022-01-10,"{""type"":""MultiPoint"",""coordinates"":[]}"
20220111,-0.006850487035635632,2022-01-11,"{""type"":""MultiPoint"",""coordinates"":[]}"
20220112,-0.00679592480784071,2022-01-12,"{""type"":""MultiPoint"",""coordinates"":[]}"
20220113,-0.0070033996380039635,2022-01-13,"{""type"":""MultiPoint"",""coordinates"":[]}"
20220114,-0.00618761077306918,2022-01-14,"{""type"":""MultiPoint"",""coordinates"":[]}"
20220115,-0.006064794988235231,2022-01-15,"{""type"":""MultiPoint"",""coordinates"":[]}"
20220116,-0.006969424457834385,2022-01-16,"{""type"":""MultiPoint"",""coordinates"":[]}"
20220117,-0.006383166834074479,2022-01-17,"{""type"":""MultiPoint"",""coordinates"":[]}"
20220118,-0.0066587298230330145,2022-01-18,"{""type"":""MultiPoint"",""coordinates"":[]}"
20220119,-0.007710783413424615,2022-01-19,"{""type"":""MultiPoint"",""coordinates"":[]}"
20220120,-0.0073590920889018245,2022-01-20,"{""type"":""MultiPoint"",""coordinates"":[]}"
20220121,-0.008144633041867697,2022-01-21,"{""type"":""MultiPoint"",""coordinates"":[]}"
20220122,-0.007795498813999987,2022-01-22,"{""type"":""MultiPoint"",""coordinates"":[]}"
20220123,-0.007611186471373375,2022-01-23,"{""type"":""MultiPoint"",""coordinates"":[]}"
20220124,-0.007225193607927092,2022-01-24,"{""type"":""MultiPoint"",""coordinates"":[]}"
20220125,-0.0067466742319846045,2022-01-25,"{""type"":""MultiPoint"",""coordinates"":[]}"
20220126,-0.007106687233908747,2022-01-26,"{""type"":""MultiPoint"",""coordinates"":[]}"
20220127,-0.006993224049904662,2022-01-27,"{""type"":""MultiPoint"",""coordinates"":[]}"
20220128,-0.0078138635470797,2022-01-28,"{""type"":""MultiPoint"",""coordinates"":[]}"
20220129,-0.007183498821782996,2022-01-29,"{""type"":""MultiPoint"",""coordinates"":[]}"
20220130,-0.006081660682727326,2022-01-30,"{""type"":""MultiPoint"",""coordinates"":[]}"
20220131,-0.007278081615768711,2022-01-31,"{""type"":""MultiPoint"",""coordinates"":[]}"
20220201,-0.0078012858323791906,2022-02-01,"{""type"":""MultiPoint"",""coordinates"":[]}"
20220202,-0.007997844495736883,2022-02-02,"{""type"":""MultiPoint"",""coordinates"":[]}"
20220203,-0.007976039305772328,2022-02-03,"{""type"":""MultiPoint"",""coordinates"":[]}"
20220204,-0.008877854251640227,2022-02-04,"{""type"":""MultiPoint"",""coordinates"":[]}"
20220205,-0.0077694275241949416,2022-02-05,"{""type"":""MultiPoint"",""coordinates"":[]}"
20220206,-0.007095831505534669,2022-02-06,"{""type"":""MultiPoint"",""coordinates"":[]}"
20220207,-0.00692518839214385,2022-02-07,"{""type"":""MultiPoint"",""coordinates"":[]}"
20220208,-0.008019131656538302,2022-02-08,"{""type"":""MultiPoint"",""coordinates"":[]}"
20220209,-0.009317859049523817,2022-02-09,"{""type"":""MultiPoint"",""coordinates"":[]}"
20220210,-0.009500041317655736,2022-02-10,"{""type"":""MultiPoint"",""coordinates"":[]}"
20220211,-0.011955707956808545,2022-02-11,"{""type"":""MultiPoint"",""coordinates"":[]}"
20220212,-0.010563340821005966,2022-02-12,"{""type"":""MultiPoint"",""coordinates"":[]}"
20220213,-0.008526960677971962,2022-02-13,"{""type"":""MultiPoint"",""coordinates"":[]}"
20220214,-0.008103429388151286,2022-02-14,"{""type"":""MultiPoint"",""coordinates"":[]}"
20220215,-0.0082175106799032,2022-02-15,"{""type"":""MultiPoint"",""coordinates"":[]}"
20220216,-0.00897592535651679,2022-02-16,"{""type"":""MultiPoint"",""coordinates"":[]}"
20220217,-0.009780262148285215,2022-02-17,"{""type"":""MultiPoint"",""coordinates"":[]}"
20220218,-0.009913396655054411,2022-02-18,"{""type"":""MultiPoint"",""coordinates"":[]}"
20220219,-0.009811303200994768,2022-02-19,"{""type"":""MultiPoint"",""coordinates"":[]}"
20220220,-0.008430778161507143,2022-02-20,"{""type"":""MultiPoint"",""coordinates"":[]}"
20220221,-0.008645040291090969,2022-02-21,"{""type"":""MultiPoint"",""coordinates"":[]}"
20220222,-0.009278156165931962,2022-02-22,"{""type"":""MultiPoint"",""coordinates"":[]}"
20220223,-0.010717254970855879,2022-02-23,"{""type"":""MultiPoint"",""coordinates"":[]}"
20220224,-0.010211219601620854,2022-02-24,"{""type"":""MultiPoint"",""coordinates"":[]}"
20220225,-0.010630556514092827,2022-02-25,"{""type"":""MultiPoint"",""coordinates"":[]}"
20220226,-0.010135137214806578,2022-02-26,"{""type"":""MultiPoint"",""coordinates"":[]}"
20220227,-0.009963476366263687,2022-02-27,"{""type"":""MultiPoint"",""coordinates"":[]}"
20220228,-0.010608821490388025,2022-02-28,"{""type"":""MultiPoint"",""coordinates"":[]}"
20220301,-0.012395073582647655,2022-03-01,"{""type"":""MultiPoint"",""coordinates"":[]}"
20220302,-0.013193624026905888,2022-03-02,"{""type"":""MultiPoint"",""coordinates"":[]}"
20220303,-0.012510838978872754,2022-03-03,"{""type"":""MultiPoint"",""coordinates"":[]}"
20220304,-0.012496509139536507,2022-03-04,"{""type"":""MultiPoint"",""coordinates"":[]}"
20220305,-0.011923004953394099,2022-03-05,"{""type"":""MultiPoint"",""coordinates"":[]}"
20220306,-0.012034129072029623,2022-03-06,"{""type"":""MultiPoint"",""coordinates"":[]}"
20220307,-0.007015087612739563,2022-03-07,"{""type"":""MultiPoint"",""coordinates"":[]}"
20220308,-0.010427159954873285,2022-03-08,"{""type"":""MultiPoint"",""coordinates"":[]}"
20220309,-0.011706928727829493,2022-03-09,"{""type"":""MultiPoint"",""coordinates"":[]}"
20220310,-0.012175431651163804,2022-03-10,"{""type"":""MultiPoint"",""coordinates"":[]}"
20220311,-0.012932834731116474,2022-03-11,"{""type"":""MultiPoint"",""coordinates"":[]}"
20220312,-0.01348399433318937,2022-03-12,"{""type"":""MultiPoint"",""coordinates"":[]}"
20220313,-0.013459168983211705,2022-03-13,"{""type"":""MultiPoint"",""coordinates"":[]}"
20220314,-0.011837388421286591,2022-03-14,"{""type"":""MultiPoint"",""coordinates"":[]}"
20220315,-0.010808927897966867,2022-03-15,"{""type"":""MultiPoint"",""coordinates"":[]}"
20220316,-0.011240152278012876,2022-03-16,"{""type"":""MultiPoint"",""coordinates"":[]}"
20220317,-0.011640070992593083,2022-03-17,"{""type"":""MultiPoint"",""coordinates"":[]}"
20220318,-0.010019728917519947,2022-03-18,"{""type"":""MultiPoint"",""coordinates"":[]}"
20220319,-0.009620534706642758,2022-03-19,"{""type"":""MultiPoint"",""coordinates"":[]}"
20220320,-0.00527405770666722,2022-03-20,"{""type"":""MultiPoint"",""coordinates"":[]}"
20220321,-0.007814984044227542,2022-03-21,"{""type"":""MultiPoint"",""coordinates"":[]}"
20220322,-0.00535893754894588,2022-03-22,"{""type"":""MultiPoint"",""coordinates"":[]}"
20220323,-0.009322418085835291,2022-03-23,"{""type"":""MultiPoint"",""coordinates"":[]}"
20220324,-0.008421790601614127,2022-03-24,"{""type"":""MultiPoint"",""coordinates"":[]}"
20220325,-0.00869044356465176,2022-03-25,"{""type"":""MultiPoint"",""coordinates"":[]}"
20220326,-0.008637137498698778,2022-03-26,"{""type"":""MultiPoint"",""coordinates"":[]}"
20220327,-0.009925703595228015,2022-03-27,"{""type"":""MultiPoint"",""coordinates"":[]}"
20220328,-0.009964813477012361,2022-03-28,"{""type"":""MultiPoint"",""coordinates"":[]}"
20220329,-0.009382508160268295,2022-03-29,"{""type"":""MultiPoint"",""coordinates"":[]}"
20220330,-0.00879425166059942,2022-03-30,"{""type"":""MultiPoint"",""coordinates"":[]}"
20220331,-0.008266434879770017,2022-03-31,"{""type"":""MultiPoint"",""coordinates"":[]}"
20220401,-0.008574674585211689,2022-04-01,"{""type"":""MultiPoint"",""coordinates"":[]}"
20220402,-0.00855667277838797,2022-04-02,"{""type"":""MultiPoint"",""coordinates"":[]}"
20220403,-0.010697043359329129,2022-04-03,"{""type"":""MultiPoint"",""coordinates"":[]}"
20220404,-0.011114925069141364,2022-04-04,"{""type"":""MultiPoint"",""coordinates"":[]}"
20220405,-0.010754408323926002,2022-04-05,"{""type"":""MultiPoint"",""coordinates"":[]}"
20220406,-0.010330961745145341,2022-04-06,"{""type"":""MultiPoint"",""coordinates"":[]}"
20220407,-0.011336180669687798,2022-04-07,"{""type"":""MultiPoint"",""coordinates"":[]}"
20220408,-0.009908973858731306,2022-04-08,"{""type"":""MultiPoint"",""coordinates"":[]}"
20220409,-0.009965697997969081,2022-04-09,"{""type"":""MultiPoint"",""coordinates"":[]}"
20220410,-0.009755441019467466,2022-04-10,"{""type"":""MultiPoint"",""coordinates"":[]}"
20220411,-0.009643096468922963,2022-04-11,"{""type"":""MultiPoint"",""coordinates"":[]}"
20220412,-0.008906819130572945,2022-04-12,"{""type"":""MultiPoint"",""coordinates"":[]}"
20220413,-0.006458167386218834,2022-04-13,"{""type"":""MultiPoint"",""coordinates"":[]}"
20220414,-0.005380819331867338,2022-04-14,"{""type"":""MultiPoint"",""coordinates"":[]}"
20220415,-0.0072937508295832214,2022-04-15,"{""type"":""MultiPoint"",""coordinates"":[]}"
20220416,-0.008405162096955262,2022-04-16,"{""type"":""MultiPoint"",""coordinates"":[]}"
20220417,-0.007306127377047851,2022-04-17,"{""type"":""MultiPoint"",""coordinates"":[]}"
20220418,-0.00763228657527197,2022-04-18,"{""type"":""MultiPoint"",""coordinates"":[]}"
20220419,-0.008182676033985764,2022-04-19,"{""type"":""MultiPoint"",""coordinates"":[]}"
20220420,-0.009686300689830292,2022-04-20,"{""type"":""MultiPoint"",""coordinates"":[]}"
20220421,-0.010005118641429812,2022-04-21,"{""type"":""MultiPoint"",""coordinates"":[]}"
20220422,-0.01010021650913112,2022-04-22,"{""type"":""MultiPoint"",""coordinates"":[]}"
20220423,-0.009995047989317284,2022-04-23,"{""type"":""MultiPoint"",""coordinates"":[]}"
20220424,-0.009848805654255482,2022-04-24,"{""type"":""MultiPoint"",""coordinates"":[]}"
20220425,-0.010003592203900622,2022-04-25,"{""type"":""MultiPoint"",""coordinates"":[]}"
20220426,-0.010263343501363901,2022-04-26,"{""type"":""MultiPoint"",""coordinates"":[]}"
20220427,-0.011084486585528472,2022-04-27,"{""type"":""MultiPoint"",""coordinates"":[]}"
20220428,-0.009868272781924963,2022-04-28,"{""type"":""MultiPoint"",""coordinates"":[]}"
20220429,-0.011940326471453192,2022-04-29,"{""type"":""MultiPoint"",""coordinates"":[]}"
20220430,-0.01002689304041333,2022-04-30,"{""type"":""MultiPoint"",""coordinates"":[]}"
20220501,-0.009900221170129064,2022-05-01,"{""type"":""MultiPoint"",""coordinates"":[]}"
20220502,-0.010263879606660045,2022-05-02,"{""type"":""MultiPoint"",""coordinates"":[]}"
20220503,-0.009351396995318964,2022-05-03,"{""type"":""MultiPoint"",""coordinates"":[]}"
20220504,-0.008280239140187322,2022-05-04,"{""type"":""MultiPoint"",""coordinates"":[]}"
20220505,-0.00715200638365601,2022-05-05,"{""type"":""MultiPoint"",""coordinates"":[]}"
20220506,-0.007851422077427908,2022-05-06,"{""type"":""MultiPoint"",""coordinates"":[]}"
20220507,-0.008823459598133727,2022-05-07,"{""type"":""MultiPoint"",""coordinates"":[]}"
20220508,-0.009335005503147762,2022-05-08,"{""type"":""MultiPoint"",""coordinates"":[]}"
20220509,-0.007640992718838099,2022-05-09,"{""type"":""MultiPoint"",""coordinates"":[]}"
20220510,-0.0058813805440676254,2022-05-10,"{""type"":""MultiPoint"",""coordinates"":[]}"
20220511,-0.005395031597304303,2022-05-11,"{""type"":""MultiPoint"",""coordinates"":[]}"
20220512,-0.001991299767830775,2022-05-12,"{""type"":""MultiPoint"",""coordinates"":[]}"
20220513,-0.004495047265589411,2022-05-13,"{""type"":""MultiPoint"",""coordinates"":[]}"
20220514,-0.0061912317953513075,2022-05-14,"{""type"":""MultiPoint"",""coordinates"":[]}"
20220515,-0.005899043985488884,2022-05-15,"{""type"":""MultiPoint"",""coordinates"":[]}"
20220516,-0.005605718213579521,2022-05-16,"{""type"":""MultiPoint"",""coordinates"":[]}"
20220517,-0.0032743037587407518,2022-05-17,"{""type"":""MultiPoint"",""coordinates"":[]}"
20220518,-0.0044881909494448235,2022-05-18,"{""type"":""MultiPoint"",""coordinates"":[]}"
20220519,-0.005979918414020513,2022-05-19,"{""type"":""MultiPoint"",""coordinates"":[]}"
20220520,-0.007715862357314271,2022-05-20,"{""type"":""MultiPoint"",""coordinates"":[]}"
20220521,-0.008309197175977936,2022-05-21,"{""type"":""MultiPoint"",""coordinates"":[]}"
20220522,-0.006456529963235445,2022-05-22,"{""type"":""MultiPoint"",""coordinates"":[]}"
20220523,-0.009225338529121559,2022-05-23,"{""type"":""MultiPoint"",""coordinates"":[]}"
20220524,-0.007711145054289193,2022-05-24,"{""type"":""MultiPoint"",""coordinates"":[]}"
20220525,-0.007025243329166466,2022-05-25,"{""type"":""MultiPoint"",""coordinates"":[]}"
20220526,-0.0072464657342202,2022-05-26,"{""type"":""MultiPoint"",""coordinates"":[]}"
20220527,-0.008814821177724419,2022-05-27,"{""type"":""MultiPoint"",""coordinates"":[]}"
20220528,-0.009176158856593314,2022-05-28,"{""type"":""MultiPoint"",""coordinates"":[]}"
20220529,-0.008736956852006783,2022-05-29,"{""type"":""MultiPoint"",""coordinates"":[]}"
20220530,-0.007763643561959256,2022-05-30,"{""type"":""MultiPoint"",""coordinates"":[]}"
20220531,-0.007907173729772024,2022-05-31,"{""type"":""MultiPoint"",""coordinates"":[]}"
20220601,-0.006873877318070695,2022-06-01,"{""type"":""MultiPoint"",""coordinates"":[]}"
20220602,-0.007746253580984605,2022-06-02,"{""type"":""MultiPoint"",""coordinates"":[]}"
20220603,-0.008208171417724404,2022-06-03,"{""type"":""MultiPoint"",""coordinates"":[]}"
20220604,-0.007687397560105465,2022-06-04,"{""type"":""MultiPoint"",""coordinates"":[]}"
20220605,-0.007489157954105383,2022-06-05,"{""type"":""MultiPoint"",""coordinates"":[]}"
20220606,-0.007692747065262803,2022-06-06,"{""type"":""MultiPoint"",""coordinates"":[]}"
20220607,-0.006089043847168667,2022-06-07,"{""type"":""MultiPoint"",""coordinates"":[]}"
20220608,-0.008255728798951088,2022-06-08,"{""type"":""MultiPoint"",""coordinates"":[]}"
20220609,-0.009105972364897717,2022-06-09,"{""type"":""MultiPoint"",""coordinates"":[]}"
20220610,-0.008158414784038039,2022-06-10,"{""type"":""MultiPoint"",""coordinates"":[]}"
20220611,-0.008615134978240546,2022-06-11,"{""type"":""MultiPoint"",""coordinates"":[]}"
20220612,-0.007519846272080048,2022-06-12,"{""type"":""MultiPoint"",""coordinates"":[]}"
20220613,-0.0077002672501222,2022-06-13,"{""type"":""MultiPoint"",""coordinates"":[]}"
20220614,-0.007433911671370111,2022-06-14,"{""type"":""MultiPoint"",""coordinates"":[]}"
20220615,-0.007572502717638708,2022-06-15,"{""type"":""MultiPoint"",""coordinates"":[]}"
20220616,-0.006272388368335311,2022-06-16,"{""type"":""MultiPoint"",""coordinates"":[]}"
20220617,-0.005388366176182526,2022-06-17,"{""type"":""MultiPoint"",""coordinates"":[]}"
20220618,-0.004845254508772445,2022-06-18,"{""type"":""MultiPoint"",""coordinates"":[]}"
20220619,-0.006160962123546397,2022-06-19,"{""type"":""MultiPoint"",""coordinates"":[]}"
20220620,-0.006852104528806285,2022-06-20,"{""type"":""MultiPoint"",""coordinates"":[]}"
20220621,-0.0054775177029193715,2022-06-21,"{""type"":""MultiPoint"",""coordinates"":[]}"
20220622,-0.005461935928815207,2022-06-22,"{""type"":""MultiPoint"",""coordinates"":[]}"
20220623,-0.005428927994213417,2022-06-23,"{""type"":""MultiPoint"",""coordinates"":[]}"
20220624,-0.008168279837576101,2022-06-24,"{""type"":""MultiPoint"",""coordinates"":[]}"
20220625,-0.007201454154319035,2022-06-25,"{""type"":""MultiPoint"",""coordinates"":[]}"
20220626,-0.00847515830334119,2022-06-26,"{""type"":""MultiPoint"",""coordinates"":[]}"
20220627,-0.007355323508464116,2022-06-27,"{""type"":""MultiPoint"",""coordinates"":[]}"
20220628,-0.005872751815988823,2022-06-28,"{""type"":""MultiPoint"",""coordinates"":[]}"
20220629,-0.006022584708967047,2022-06-29,"{""type"":""MultiPoint"",""coordinates"":[]}"
20220630,-0.005401908165483619,2022-06-30,"{""type"":""MultiPoint"",""coordinates"":[]}"
20220701,-0.006847737778635293,2022-07-01,"{""type"":""MultiPoint"",""coordinates"":[]}"
20220702,-0.00792108875851088,2022-07-02,"{""type"":""MultiPoint"",""coordinates"":[]}"
20220703,-0.006470489957225875,2022-07-03,"{""type"":""MultiPoint"",""coordinates"":[]}"
20220704,-0.002091505825219047,2022-07-04,"{""type"":""MultiPoint"",""coordinates"":[]}"
20220705,-0.0033092291448496595,2022-07-05,"{""type"":""MultiPoint"",""coordinates"":[]}"
20220706,-0.00309373218290705,2022-07-06,"{""type"":""MultiPoint"",""coordinates"":[]}"
20220707,-0.0037346852558451313,2022-07-07,"{""type"":""MultiPoint"",""coordinates"":[]}"
20220708,-0.00442973068708351,2022-07-08,"{""type"":""MultiPoint"",""coordinates"":[]}"
20220709,-0.00345988246602572,2022-07-09,"{""type"":""MultiPoint"",""coordinates"":[]}"
20220710,-0.004031589735986931,2022-07-10,"{""type"":""MultiPoint"",""coordinates"":[]}"
20220711,-0.0037464591506615585,2022-07-11,"{""type"":""MultiPoint"",""coordinates"":[]}"
20220712,-0.00867816217279454,2022-07-12,"{""type"":""MultiPoint"",""coordinates"":[]}"
20220713,-0.007329974467562152,2022-07-13,"{""type"":""MultiPoint"",""coordinates"":[]}"
20220714,-0.00862596756076916,2022-07-14,"{""type"":""MultiPoint"",""coordinates"":[]}"
20220715,-0.00846775376825183,2022-07-15,"{""type"":""MultiPoint"",""coordinates"":[]}"
20220716,-0.005499965842763386,2022-07-16,"{""type"":""MultiPoint"",""coordinates"":[]}"
20220717,-0.00544259793116773,2022-07-17,"{""type"":""MultiPoint"",""coordinates"":[]}"
20220718,-0.005055351226527647,2022-07-18,"{""type"":""MultiPoint"",""coordinates"":[]}"
20220719,-0.005287704646122981,2022-07-19,"{""type"":""MultiPoint"",""coordinates"":[]}"
20220720,-0.006039031042525926,2022-07-20,"{""type"":""MultiPoint"",""coordinates"":[]}"
20220721,-0.0065697696153677754,2022-07-21,"{""type"":""MultiPoint"",""coordinates"":[]}"
20220722,-0.0037827208137583813,2022-07-22,"{""type"":""MultiPoint"",""coordinates"":[]}"
20220723,-0.00537296420329354,2022-07-23,"{""type"":""MultiPoint"",""coordinates"":[]}"
20220724,-0.006511846276218697,2022-07-24,"{""type"":""MultiPoint"",""coordinates"":[]}"
20220725,-0.005581215928321675,2022-07-25,"{""type"":""MultiPoint"",""coordinates"":[]}"
20220726,-0.0036985010165283935,2022-07-26,"{""type"":""MultiPoint"",""coordinates"":[]}"
20220727,-0.0052194346276353025,2022-07-27,"{""type"":""MultiPoint"",""coordinates"":[]}"
20220728,-0.005378704038899668,2022-07-28,"{""type"":""MultiPoint"",""coordinates"":[]}"
20220729,-0.005853892962408739,2022-07-29,"{""type"":""MultiPoint"",""coordinates"":[]}"
20220730,-0.005756127700559606,2022-07-30,"{""type"":""MultiPoint"",""coordinates"":[]}"
20220731,-0.005630034720462998,2022-07-31,"{""type"":""MultiPoint"",""coordinates"":[]}"
20220801,-0.005652710884673221,2022-08-01,"{""type"":""MultiPoint"",""coordinates"":[]}"
20220802,-0.004225310322720564,2022-08-02,"{""type"":""MultiPoint"",""coordinates"":[]}"
20220803,-0.0032409872418347717,2022-08-03,"{""type"":""MultiPoint"",""coordinates"":[]}"
20220804,-0.0034285358567790196,2022-08-04,"{""type"":""MultiPoint"",""coordinates"":[]}"
20220805,-0.0042067290025430745,2022-08-05,"{""type"":""MultiPoint"",""coordinates"":[]}"
20220806,-0.004313254997625518,2022-08-06,"{""type"":""MultiPoint"",""coordinates"":[]}"
20220807,-0.004216202479261094,2022-08-07,"{""type"":""MultiPoint"",""coordinates"":[]}"
20220808,-0.00594824312768545,2022-08-08,"{""type"":""MultiPoint"",""coordinates"":[]}"
20220809,-0.008169175859270805,2022-08-09,"{""type"":""MultiPoint"",""coordinates"":[]}"
20220810,-0.008650984587668099,2022-08-10,"{""type"":""MultiPoint"",""coordinates"":[]}"
20220811,-0.008781765429670553,2022-08-11,"{""type"":""MultiPoint"",""coordinates"":[]}"
20220812,-0.00790976799823522,2022-08-12,"{""type"":""MultiPoint"",""coordinates"":[]}"
20220813,-0.007417959147306954,2022-08-13,"{""type"":""MultiPoint"",""coordinates"":[]}"
20220814,-0.006288302698474731,2022-08-14,"{""type"":""MultiPoint"",""coordinates"":[]}"
20220815,-0.006078313090775298,2022-08-15,"{""type"":""MultiPoint"",""coordinates"":[]}"
20220816,-0.006805882807757445,2022-08-16,"{""type"":""MultiPoint"",""coordinates"":[]}"
20220817,-0.006872433491055578,2022-08-17,"{""type"":""MultiPoint"",""coordinates"":[]}"
20220818,-0.007728753517505168,2022-08-18,"{""type"":""MultiPoint"",""coordinates"":[]}"
20220819,-0.007364909362715872,2022-08-19,"{""type"":""MultiPoint"",""coordinates"":[]}"
20220820,-0.006922239107408796,2022-08-20,"{""type"":""MultiPoint"",""coordinates"":[]}"
20220821,-0.006559091968500184,2022-08-21,"{""type"":""MultiPoint"",""coordinates"":[]}"
20220822,-0.006858579194413459,2022-08-22,"{""type"":""MultiPoint"",""coordinates"":[]}"
20220823,-0.006603934018372395,2022-08-23,"{""type"":""MultiPoint"",""coordinates"":[]}"
20220824,-0.0052673646175829605,2022-08-24,"{""type"":""MultiPoint"",""coordinates"":[]}"
20220825,-0.004726295085337674,2022-08-25,"{""type"":""MultiPoint"",""coordinates"":[]}"
20220826,-0.004800895282563237,2022-08-26,"{""type"":""MultiPoint"",""coordinates"":[]}"
20220827,-0.004552772675411047,2022-08-27,"{""type"":""MultiPoint"",""coordinates"":[]}"
20220828,-0.0039675831449640184,2022-08-28,"{""type"":""MultiPoint"",""coordinates"":[]}"
20220829,-0.004054361518041669,2022-08-29,"{""type"":""MultiPoint"",""coordinates"":[]}"
20220830,-0.005118940142531076,2022-08-30,"{""type"":""MultiPoint"",""coordinates"":[]}"
20220831,-0.0051872335229959845,2022-08-31,"{""type"":""MultiPoint"",""coordinates"":[]}"
20220901,-0.0037671089258072515,2022-09-01,"{""type"":""MultiPoint"",""coordinates"":[]}"
20220902,-0.005585947848929204,2022-09-02,"{""type"":""MultiPoint"",""coordinates"":[]}"
20220903,-0.005447098101085406,2022-09-03,"{""type"":""MultiPoint"",""coordinates"":[]}"
20220904,-0.005732534796509416,2022-09-04,"{""type"":""MultiPoint"",""coordinates"":[]}"
20220905,-0.0056926161912178135,2022-09-05,"{""type"":""MultiPoint"",""coordinates"":[]}"
20220906,-0.005483851895563042,2022-09-06,"{""type"":""MultiPoint"",""coordinates"":[]}"
20220907,-0.005201376345450439,2022-09-07,"{""type"":""MultiPoint"",""coordinates"":[]}"
20220908,-0.0031350322956896046,2022-09-08,"{""type"":""MultiPoint"",""coordinates"":[]}"
20220909,-0.00526634199231271,2022-09-09,"{""type"":""MultiPoint"",""coordinates"":[]}"
20220910,-0.005333086998950716,2022-09-10,"{""type"":""MultiPoint"",""coordinates"":[]}"
20220911,-0.007087734215212632,2022-09-11,"{""type"":""MultiPoint"",""coordinates"":[]}"
20220912,-0.007313006993818804,2022-09-12,"{""type"":""MultiPoint"",""coordinates"":[]}"
20220913,-0.006608345070529802,2022-09-13,"{""type"":""MultiPoint"",""coordinates"":[]}"
20220914,-0.005910203728686871,2022-09-14,"{""type"":""MultiPoint"",""coordinates"":[]}"
20220915,-0.006584532477472144,2022-09-15,"{""type"":""MultiPoint"",""coordinates"":[]}"
20220916,-0.006521363139105631,2022-09-16,"{""type"":""MultiPoint"",""coordinates"":[]}"
20220917,-0.006251116607417749,2022-09-17,"{""type"":""MultiPoint"",""coordinates"":[]}"
20220918,-0.006542428848310276,2022-09-18,"{""type"":""MultiPoint"",""coordinates"":[]}"
20220919,-0.0060590017950612795,2022-09-19,"{""type"":""MultiPoint"",""coordinates"":[]}"
20220920,-0.007558777203346417,2022-09-20,"{""type"":""MultiPoint"",""coordinates"":[]}"
20220921,-0.007161545482523988,2022-09-21,"{""type"":""MultiPoint"",""coordinates"":[]}"
20220922,-0.008042651804594741,2022-09-22,"{""type"":""MultiPoint"",""coordinates"":[]}"
20220923,-0.008149996462920061,2022-09-23,"{""type"":""MultiPoint"",""coordinates"":[]}"
20220924,-0.00761679317046061,2022-09-24,"{""type"":""MultiPoint"",""coordinates"":[]}"
20220925,-0.007269404030766335,2022-09-25,"{""type"":""MultiPoint"",""coordinates"":[]}"
20220926,-0.005310392349623438,2022-09-26,"{""type"":""MultiPoint"",""coordinates"":[]}"
20220927,-0.006092722352941692,2022-09-27,"{""type"":""MultiPoint"",""coordinates"":[]}"
20220928,-0.006563732992614543,2022-09-28,"{""type"":""MultiPoint"",""coordinates"":[]}"
20220929,-0.006361693406574447,2022-09-29,"{""type"":""MultiPoint"",""coordinates"":[]}"
20220930,-0.004918515849726496,2022-09-30,"{""type"":""MultiPoint"",""coordinates"":[]}"
20221001,-0.0028326334068552858,2022-10-01,"{""type"":""MultiPoint"",""coordinates"":[]}"
20221002,-0.004814840766842143,2022-10-02,"{""type"":""MultiPoint"",""coordinates"":[]}"
20221003,-0.0052883085680320045,2022-10-03,"{""type"":""MultiPoint"",""coordinates"":[]}"
20221004,-0.006214210333808946,2022-10-04,"{""type"":""MultiPoint"",""coordinates"":[]}"
20221005,-0.005525040364344551,2022-10-05,"{""type"":""MultiPoint"",""coordinates"":[]}"
20221006,-0.0037839651754779636,2022-10-06,"{""type"":""MultiPoint"",""coordinates"":[]}"
20221007,-0.006308606067954262,2022-10-07,"{""type"":""MultiPoint"",""coordinates"":[]}"
20221008,-0.005333580594849265,2022-10-08,"{""type"":""MultiPoint"",""coordinates"":[]}"
20221009,-0.002994024162036518,2022-10-09,"{""type"":""MultiPoint"",""coordinates"":[]}"
20221010,-0.003406786993906721,2022-10-10,"{""type"":""MultiPoint"",""coordinates"":[]}"
20221011,-0.0041035101918278334,2022-10-11,"{""type"":""MultiPoint"",""coordinates"":[]}"
20221012,-0.004338011131475841,2022-10-12,"{""type"":""MultiPoint"",""coordinates"":[]}"
20221013,-0.004836586849480797,2022-10-13,"{""type"":""MultiPoint"",""coordinates"":[]}"
20221014,-0.004600251783733195,2022-10-14,"{""type"":""MultiPoint"",""coordinates"":[]}"
20221015,-0.005191406551026503,2022-10-15,"{""type"":""MultiPoint"",""coordinates"":[]}"
20221016,-0.0035605174119142636,2022-10-16,"{""type"":""MultiPoint"",""coordinates"":[]}"
20221017,-0.0051320193834172335,2022-10-17,"{""type"":""MultiPoint"",""coordinates"":[]}"
20221018,-0.0037559546790610944,2022-10-18,"{""type"":""MultiPoint"",""coordinates"":[]}"
20221019,-0.005146070790391871,2022-10-19,"{""type"":""MultiPoint"",""coordinates"":[]}"
20221020,-0.004863706603184195,2022-10-20,"{""type"":""MultiPoint"",""coordinates"":[]}"
20221021,-0.0052429947054677736,2022-10-21,"{""type"":""MultiPoint"",""coordinates"":[]}"
20221022,-0.006269248698543438,2022-10-22,"{""type"":""MultiPoint"",""coordinates"":[]}"
20221023,-0.0073437418472760115,2022-10-23,"{""type"":""MultiPoint"",""coordinates"":[]}"
20221024,-0.008134664564277512,2022-10-24,"{""type"":""MultiPoint"",""coordinates"":[]}"
20221025,-0.0070637779490164195,2022-10-25,"{""type"":""MultiPoint"",""coordinates"":[]}"
20221026,-0.006467550733966299,2022-10-26,"{""type"":""MultiPoint"",""coordinates"":[]}"
20221027,-0.006764523925234679,2022-10-27,"{""type"":""MultiPoint"",""coordinates"":[]}"
20221028,-0.005304392990223631,2022-10-28,"{""type"":""MultiPoint"",""coordinates"":[]}"
20221029,-0.004770898811113703,2022-10-29,"{""type"":""MultiPoint"",""coordinates"":[]}"
20221030,-0.004765102865404976,2022-10-30,"{""type"":""MultiPoint"",""coordinates"":[]}"
20221031,-0.006645285805720599,2022-10-31,"{""type"":""MultiPoint"",""coordinates"":[]}"
20221101,-0.0032534007843987955,2022-11-01,"{""type"":""MultiPoint"",""coordinates"":[]}"
20221102,-0.0020110636992588795,2022-11-02,"{""type"":""MultiPoint"",""coordinates"":[]}"
20221103,-0.0025831168681957604,2022-11-03,"{""type"":""MultiPoint"",""coordinates"":[]}"
20221104,-0.005055217561286553,2022-11-04,"{""type"":""MultiPoint"",""coordinates"":[]}"
20221105,-0.0057874165554877705,2022-11-05,"{""type"":""MultiPoint"",""coordinates"":[]}"
20221106,-0.005268106585353221,2022-11-06,"{""type"":""MultiPoint"",""coordinates"":[]}"
20221107,-0.00700803960251625,2022-11-07,"{""type"":""MultiPoint"",""coordinates"":[]}"
20221108,-0.005988331545154963,2022-11-08,"{""type"":""MultiPoint"",""coordinates"":[]}"
20221109,-0.006805337764421399,2022-11-09,"{""type"":""MultiPoint"",""coordinates"":[]}"
20221110,-0.007023583249363751,2022-11-10,"{""type"":""MultiPoint"",""coordinates"":[]}"
20221111,-0.003916904219549099,2022-11-11,"{""type"":""MultiPoint"",""coordinates"":[]}"
20221112,-0.0022646923076338928,2022-11-12,"{""type"":""MultiPoint"",""coordinates"":[]}"
20221113,-0.0030647657371098342,2022-11-13,"{""type"":""MultiPoint"",""coordinates"":[]}"
20221114,-0.005099663966335,2022-11-14,"{""type"":""MultiPoint"",""coordinates"":[]}"
20221115,-0.005047186773694225,2022-11-15,"{""type"":""MultiPoint"",""coordinates"":[]}"
20221116,-0.005606505767167858,2022-11-16,"{""type"":""MultiPoint"",""coordinates"":[]}"
20221117,-0.006859552679363376,2022-11-17,"{""type"":""MultiPoint"",""coordinates"":[]}"
20221118,-0.006750643041354013,2022-11-18,"{""type"":""MultiPoint"",""coordinates"":[]}"
20221119,-0.006491814306537882,2022-11-19,"{""type"":""MultiPoint"",""coordinates"":[]}"
20221120,-0.005648304968947303,2022-11-20,"{""type"":""MultiPoint"",""coordinates"":[]}"
20221121,-0.00538644663760245,2022-11-21,"{""type"":""MultiPoint"",""coordinates"":[]}"
20221122,-0.002376755162874072,2022-11-22,"{""type"":""MultiPoint"",""coordinates"":[]}"
20221123,-9.783409400328058E-4,2022-11-23,"{""type"":""MultiPoint"",""coordinates"":[]}"
20221124,-0.003165124586167683,2022-11-24,"{""type"":""MultiPoint"",""coordinates"":[]}"
20221125,-0.004773002675859583,2022-11-25,"{""type"":""MultiPoint"",""coordinates"":[]}"
20221126,-0.005280358108116987,2022-11-26,"{""type"":""MultiPoint"",""coordinates"":[]}"
20221127,-0.004629559552447084,2022-11-27,"{""type"":""MultiPoint"",""coordinates"":[]}"
20221128,-0.00454989642906566,2022-11-28,"{""type"":""MultiPoint"",""coordinates"":[]}"
20221129,-0.005957291125646039,2022-11-29,"{""type"":""MultiPoint"",""coordinates"":[]}"
20221130,-0.006390070943940095,2022-11-30,"{""type"":""MultiPoint"",""coordinates"":[]}"
20221201,-0.004151426294138246,2022-12-01,"{""type"":""MultiPoint"",""coordinates"":[]}"
20221202,-0.004776948534276497,2022-12-02,"{""type"":""MultiPoint"",""coordinates"":[]}"
20221203,-0.005667394458399389,2022-12-03,"{""type"":""MultiPoint"",""coordinates"":[]}"
20221204,-0.005846105833148608,2022-12-04,"{""type"":""MultiPoint"",""coordinates"":[]}"
20221205,-0.005163255393694142,2022-12-05,"{""type"":""MultiPoint"",""coordinates"":[]}"
20221206,-0.0059927334837726115,2022-12-06,"{""type"":""MultiPoint"",""coordinates"":[]}"
20221207,-0.005845293509905837,2022-12-07,"{""type"":""MultiPoint"",""coordinates"":[]}"
20221208,-0.006472624498595837,2022-12-08,"{""type"":""MultiPoint"",""coordinates"":[]}"
20221209,-0.003187693652137378,2022-12-09,"{""type"":""MultiPoint"",""coordinates"":[]}"
20221210,-7.480689934465283E-4,2022-12-10,"{""type"":""MultiPoint"",""coordinates"":[]}"
20221211,-0.0010627307358849218,2022-12-11,"{""type"":""MultiPoint"",""coordinates"":[]}"
20221212,-0.0029223677267731004,2022-12-12,"{""type"":""MultiPoint"",""coordinates"":[]}"
20221213,-0.0030763904176875204,2022-12-13,"{""type"":""MultiPoint"",""coordinates"":[]}"
20221214,-0.004345348148725768,2022-12-14,"{""type"":""MultiPoint"",""coordinates"":[]}"
20221215,-0.00644310651074313,2022-12-15,"{""type"":""MultiPoint"",""coordinates"":[]}"
20221216,-0.0068512801779490595,2022-12-16,"{""type"":""MultiPoint"",""coordinates"":[]}"
20221217,-0.006102317852756919,2022-12-17,"{""type"":""MultiPoint"",""coordinates"":[]}"
20221218,-0.005481305174884554,2022-12-18,"{""type"":""MultiPoint"",""coordinates"":[]}"
20221219,-0.006118925524523631,2022-12-19,"{""type"":""MultiPoint"",""coordinates"":[]}"
20221220,-0.00593833962188714,2022-12-20,"{""type"":""MultiPoint"",""coordinates"":[]}"
20221221,-0.006739558888273386,2022-12-21,"{""type"":""MultiPoint"",""coordinates"":[]}"
20221222,-0.006734268792061991,2022-12-22,"{""type"":""MultiPoint"",""coordinates"":[]}"
20221223,-0.006818564998378302,2022-12-23,"{""type"":""MultiPoint"",""coordinates"":[]}"
20221224,-0.006435580001702258,2022-12-24,"{""type"":""MultiPoint"",""coordinates"":[]}"
20221225,-0.003408242946216733,2022-12-25,"{""type"":""MultiPoint"",""coordinates"":[]}"
20221226,-0.004950476000371576,2022-12-26,"{""type"":""MultiPoint"",""coordinates"":[]}"
20221227,-0.004523468009451734,2022-12-27,"{""type"":""MultiPoint"",""coordinates"":[]}"
20221228,-0.005953749514482806,2022-12-28,"{""type"":""MultiPoint"",""coordinates"":[]}"
20221229,-0.006723585438992826,2022-12-29,"{""type"":""MultiPoint"",""coordinates"":[]}"
20221230,-0.006803392921498584,2022-12-30,"{""type"":""MultiPoint"",""coordinates"":[]}"
20221231,-0.0062943527520612835,2022-12-31,"{""type"":""MultiPoint"",""coordinates"":[]}"
20230101,-0.00676476589893994,2023-01-01,"{""type"":""MultiPoint"",""coordinates"":[]}"
20230102,-0.007488626312149066,2023-01-02,"{""type"":""MultiPoint"",""coordinates"":[]}"
20230103,-0.006905660881596578,2023-01-03,"{""type"":""MultiPoint"",""coordinates"":[]}"
20230104,-0.007239495447629292,2023-01-04,"{""type"":""MultiPoint"",""coordinates"":[]}"
20230105,-0.006673312561050311,2023-01-05,"{""type"":""MultiPoint"",""coordinates"":[]}"
20230106,-0.007719890112352668,2023-01-06,"{""type"":""MultiPoint"",""coordinates"":[]}"
20230107,-0.006137448470803919,2023-01-07,"{""type"":""MultiPoint"",""coordinates"":[]}"
20230108,-0.006526388345429098,2023-01-08,"{""type"":""MultiPoint"",""coordinates"":[]}"
20230109,-0.008107568541332365,2023-01-09,"{""type"":""MultiPoint"",""coordinates"":[]}"
20230110,-0.007789864172379181,2023-01-10,"{""type"":""MultiPoint"",""coordinates"":[]}"
20230111,-0.007774055505390171,2023-01-11,"{""type"":""MultiPoint"",""coordinates"":[]}"
20230112,-0.008048958038678234,2023-01-12,"{""type"":""MultiPoint"",""coordinates"":[]}"
20230113,-0.007463103401333936,2023-01-13,"{""type"":""MultiPoint"",""coordinates"":[]}"
20230114,-0.00785706735960088,2023-01-14,"{""type"":""MultiPoint"",""coordinates"":[]}"
20230115,-0.007928558705961472,2023-01-15,"{""type"":""MultiPoint"",""coordinates"":[]}"
20230116,-0.007393188959275201,2023-01-16,"{""type"":""MultiPoint"",""coordinates"":[]}"
20230117,-0.007526163938037774,2023-01-17,"{""type"":""MultiPoint"",""coordinates"":[]}"
20230118,-0.007409055061714282,2023-01-18,"{""type"":""MultiPoint"",""coordinates"":[]}"
20230119,-0.00807268984560392,2023-01-19,"{""type"":""MultiPoint"",""coordinates"":[]}"
20230120,-0.0071284922743435845,2023-01-20,"{""type"":""MultiPoint"",""coordinates"":[]}"
20230121,-0.006917903715636287,2023-01-21,"{""type"":""MultiPoint"",""coordinates"":[]}"
20230122,-0.008613947611284686,2023-01-22,"{""type"":""MultiPoint"",""coordinates"":[]}"
20230123,-0.005899323211447226,2023-01-23,"{""type"":""MultiPoint"",""coordinates"":[]}"
20230124,-0.006560707025469917,2023-01-24,"{""type"":""MultiPoint"",""coordinates"":[]}"
20230125,-0.00790349412741742,2023-01-25,"{""type"":""MultiPoint"",""coordinates"":[]}"
20230126,-0.008100976903727205,2023-01-26,"{""type"":""MultiPoint"",""coordinates"":[]}"
20230127,-0.007892560430293481,2023-01-27,"{""type"":""MultiPoint"",""coordinates"":[]}"
20230128,-0.008899538805998775,2023-01-28,"{""type"":""MultiPoint"",""coordinates"":[]}"
20230129,-0.008660570261883676,2023-01-29,"{""type"":""MultiPoint"",""coordinates"":[]}"
20230130,-0.005566557447394779,2023-01-30,"{""type"":""MultiPoint"",""coordinates"":[]}"
20230131,-0.008301885084684142,2023-01-31,"{""type"":""MultiPoint"",""coordinates"":[]}"
20230201,-0.01023910567369142,2023-02-01,"{""type"":""MultiPoint"",""coordinates"":[]}"
20230202,-0.010087129416687126,2023-02-02,"{""type"":""MultiPoint"",""coordinates"":[]}"
20230203,-0.006745644792154966,2023-02-03,"{""type"":""MultiPoint"",""coordinates"":[]}"
20230204,-0.009865537470858166,2023-02-04,"{""type"":""MultiPoint"",""coordinates"":[]}"
20230205,-0.009908395445715543,2023-02-05,"{""type"":""MultiPoint"",""coordinates"":[]}"
20230206,-0.009067349226199228,2023-02-06,"{""type"":""MultiPoint"",""coordinates"":[]}"
20230207,-0.007364454340986398,2023-02-07,"{""type"":""MultiPoint"",""coordinates"":[]}"
20230208,-0.009081864613974134,2023-02-08,"{""type"":""MultiPoint"",""coordinates"":[]}"
20230209,-0.0097035874146748,2023-02-09,"{""type"":""MultiPoint"",""coordinates"":[]}"
20230210,-0.010265034005303346,2023-02-10,"{""type"":""MultiPoint"",""coordinates"":[]}"
20230211,-0.01021602655857628,2023-02-11,"{""type"":""MultiPoint"",""coordinates"":[]}"
20230212,-0.010870253887965229,2023-02-12,"{""type"":""MultiPoint"",""coordinates"":[]}"
20230213,-0.011265595694937432,2023-02-13,"{""type"":""MultiPoint"",""coordinates"":[]}"
20230214,-0.010221393013805454,2023-02-14,"{""type"":""MultiPoint"",""coordinates"":[]}"
20230215,-0.01082344614428872,2023-02-15,"{""type"":""MultiPoint"",""coordinates"":[]}"
20230216,-0.011383338638355252,2023-02-16,"{""type"":""MultiPoint"",""coordinates"":[]}"
20230217,-0.010786649273269023,2023-02-17,"{""type"":""MultiPoint"",""coordinates"":[]}"
20230218,-0.00981194621936103,2023-02-18,"{""type"":""MultiPoint"",""coordinates"":[]}"
20230219,-0.009356071833763777,2023-02-19,"{""type"":""MultiPoint"",""coordinates"":[]}"
20230220,-0.009213827484939978,2023-02-20,"{""type"":""MultiPoint"",""coordinates"":[]}"
20230221,-0.010546763281543456,2023-02-21,"{""type"":""MultiPoint"",""coordinates"":[]}"
20230222,-0.010948378369819293,2023-02-22,"{""type"":""MultiPoint"",""coordinates"":[]}"
20230223,-0.0115555200064511,2023-02-23,"{""type"":""MultiPoint"",""coordinates"":[]}"
20230224,-0.010973500405156211,2023-02-24,"{""type"":""MultiPoint"",""coordinates"":[]}"
20230225,-0.012378894293184626,2023-02-25,"{""type"":""MultiPoint"",""coordinates"":[]}"
20230226,-0.012848412424977562,2023-02-26,"{""type"":""MultiPoint"",""coordinates"":[]}"
20230227,-0.011713343216955127,2023-02-27,"{""type"":""MultiPoint"",""coordinates"":[]}"
20230228,-0.010455191203139405,2023-02-28,"{""type"":""MultiPoint"",""coordinates"":[]}"
20230301,-0.010671386044203052,2023-03-01,"{""type"":""MultiPoint"",""coordinates"":[]}"
20230302,-0.012614482578876185,2023-03-02,"{""type"":""MultiPoint"",""coordinates"":[]}"
20230303,-0.013172334054389508,2023-03-03,"{""type"":""MultiPoint"",""coordinates"":[]}"
20230304,-0.013538090037632962,2023-03-04,"{""type"":""MultiPoint"",""coordinates"":[]}"
20230305,-0.013521748158846592,2023-03-05,"{""type"":""MultiPoint"",""coordinates"":[]}"
20230306,-0.013135594241421106,2023-03-06,"{""type"":""MultiPoint"",""coordinates"":[]}"
20230307,-0.011816904628595554,2023-03-07,"{""type"":""MultiPoint"",""coordinates"":[]}"
20230308,-0.012852755763232764,2023-03-08,"{""type"":""MultiPoint"",""coordinates"":[]}"
20230309,-0.011970542808605869,2023-03-09,"{""type"":""MultiPoint"",""coordinates"":[]}"
20230310,-0.011287639227039473,2023-03-10,"{""type"":""MultiPoint"",""coordinates"":[]}"
20230311,-0.01150886575406488,2023-03-11,"{""type"":""MultiPoint"",""coordinates"":[]}"
20230312,-0.011112696657165485,2023-03-12,"{""type"":""MultiPoint"",""coordinates"":[]}"
20230313,-0.011206125387117028,2023-03-13,"{""type"":""MultiPoint"",""coordinates"":[]}"
20230314,-0.010889227769189077,2023-03-14,"{""type"":""MultiPoint"",""coordinates"":[]}"
20230315,-0.010906386693453464,2023-03-15,"{""type"":""MultiPoint"",""coordinates"":[]}"
20230316,-0.0069608420683954725,2023-03-16,"{""type"":""MultiPoint"",""coordinates"":[]}"
20230317,-0.006768771325659055,2023-03-17,"{""type"":""MultiPoint"",""coordinates"":[]}"
20230318,-0.007377229660101761,2023-03-18,"{""type"":""MultiPoint"",""coordinates"":[]}"
20230319,-0.008395398587390503,2023-03-19,"{""type"":""MultiPoint"",""coordinates"":[]}"
20230320,-0.009419262781565713,2023-03-20,"{""type"":""MultiPoint"",""coordinates"":[]}"
20230321,-0.00945062879879194,2023-03-21,"{""type"":""MultiPoint"",""coordinates"":[]}"
20230322,-0.008624854979129635,2023-03-22,"{""type"":""MultiPoint"",""coordinates"":[]}"
20230323,-0.009337206782265413,2023-03-23,"{""type"":""MultiPoint"",""coordinates"":[]}"
20230324,-0.008950718648146182,2023-03-24,"{""type"":""MultiPoint"",""coordinates"":[]}"
20230325,-0.007179823824889006,2023-03-25,"{""type"":""MultiPoint"",""coordinates"":[]}"
20230326,-0.008586041278171752,2023-03-26,"{""type"":""MultiPoint"",""coordinates"":[]}"
20230327,-0.010816888635541148,2023-03-27,"{""type"":""MultiPoint"",""coordinates"":[]}"
20230328,-0.009267929891717704,2023-03-28,"{""type"":""MultiPoint"",""coordinates"":[]}"
20230329,-0.008355053469553541,2023-03-29,"{""type"":""MultiPoint"",""coordinates"":[]}"
20230330,-0.008174724931030573,2023-03-30,"{""type"":""MultiPoint"",""coordinates"":[]}"
20230331,-0.008546179461637604,2023-03-31,"{""type"":""MultiPoint"",""coordinates"":[]}"
20230401,-0.008872370097847334,2023-04-01,"{""type"":""MultiPoint"",""coordinates"":[]}"
20230402,-0.00968591382005073,2023-04-02,"{""type"":""MultiPoint"",""coordinates"":[]}"
20230403,-0.009532121281467366,2023-04-03,"{""type"":""MultiPoint"",""coordinates"":[]}"
20230404,-0.007254250505462771,2023-04-04,"{""type"":""MultiPoint"",""coordinates"":[]}"
20230405,-0.009314992617157791,2023-04-05,"{""type"":""MultiPoint"",""coordinates"":[]}"
20230406,-0.00842614557166678,2023-04-06,"{""type"":""MultiPoint"",""coordinates"":[]}"
20230407,-0.01018586995351438,2023-04-07,"{""type"":""MultiPoint"",""coordinates"":[]}"
20230408,-0.012005529825991509,2023-04-08,"{""type"":""MultiPoint"",""coordinates"":[]}"
20230409,-0.01124530840135801,2023-04-09,"{""type"":""MultiPoint"",""coordinates"":[]}"
20230410,-0.011993950697631912,2023-04-10,"{""type"":""MultiPoint"",""coordinates"":[]}"
20230411,-0.011843191099159971,2023-04-11,"{""type"":""MultiPoint"",""coordinates"":[]}"
20230412,-0.012276325900697826,2023-04-12,"{""type"":""MultiPoint"",""coordinates"":[]}"
20230413,-0.01296275090175572,2023-04-13,"{""type"":""MultiPoint"",""coordinates"":[]}"
20230414,-0.01215107865580642,2023-04-14,"{""type"":""MultiPoint"",""coordinates"":[]}"
20230415,-0.011457819882535079,2023-04-15,"{""type"":""MultiPoint"",""coordinates"":[]}"
20230416,-0.012980742279583722,2023-04-16,"{""type"":""MultiPoint"",""coordinates"":[]}"
20230417,-0.012525959697780647,2023-04-17,"{""type"":""MultiPoint"",""coordinates"":[]}"
20230418,-0.012215137256822977,2023-04-18,"{""type"":""MultiPoint"",""coordinates"":[]}"
20230419,-0.011336257362326851,2023-04-19,"{""type"":""MultiPoint"",""coordinates"":[]}"
20230420,-0.010287535869195539,2023-04-20,"{""type"":""MultiPoint"",""coordinates"":[]}"
20230421,-0.008549432651375945,2023-04-21,"{""type"":""MultiPoint"",""coordinates"":[]}"
20230422,-0.009028648320090893,2023-04-22,"{""type"":""MultiPoint"",""coordinates"":[]}"
20230423,-0.009278520733336381,2023-04-23,"{""type"":""MultiPoint"",""coordinates"":[]}"
20230424,-0.008178070202711402,2023-04-24,"{""type"":""MultiPoint"",""coordinates"":[]}"
20230425,-0.008360313194946279,2023-04-25,"{""type"":""MultiPoint"",""coordinates"":[]}"
20230426,-0.009054384119236035,2023-04-26,"{""type"":""MultiPoint"",""coordinates"":[]}"
20230427,-0.009663873552087214,2023-04-27,"{""type"":""MultiPoint"",""coordinates"":[]}"
20230428,-0.009776924522987812,2023-04-28,"{""type"":""MultiPoint"",""coordinates"":[]}"
20230429,-0.006843797609652441,2023-04-29,"{""type"":""MultiPoint"",""coordinates"":[]}"
20230430,-0.007835094342587575,2023-04-30,"{""type"":""MultiPoint"",""coordinates"":[]}"
20230501,-0.006117455925105527,2023-05-01,"{""type"":""MultiPoint"",""coordinates"":[]}"
20230502,-0.005092908853237531,2023-05-02,"{""type"":""MultiPoint"",""coordinates"":[]}"
20230503,-0.005603247861342391,2023-05-03,"{""type"":""MultiPoint"",""coordinates"":[]}"
20230504,-0.007054138393775026,2023-05-04,"{""type"":""MultiPoint"",""coordinates"":[]}"
20230505,-0.004471483629329274,2023-05-05,"{""type"":""MultiPoint"",""coordinates"":[]}"
20230506,-0.005853150767055401,2023-05-06,"{""type"":""MultiPoint"",""coordinates"":[]}"
20230507,-0.0033846053089953906,2023-05-07,"{""type"":""MultiPoint"",""coordinates"":[]}"
20230508,-0.005679163578143476,2023-05-08,"{""type"":""MultiPoint"",""coordinates"":[]}"
20230509,-0.006640729835938093,2023-05-09,"{""type"":""MultiPoint"",""coordinates"":[]}"
20230510,-0.007996819203680066,2023-05-10,"{""type"":""MultiPoint"",""coordinates"":[]}"
20230511,-0.007710844420807344,2023-05-11,"{""type"":""MultiPoint"",""coordinates"":[]}"
20230512,-0.007809876763833043,2023-05-12,"{""type"":""MultiPoint"",""coordinates"":[]}"
20230513,-0.008007840563678105,2023-05-13,"{""type"":""MultiPoint"",""coordinates"":[]}"
20230514,-0.009792469184321114,2023-05-14,"{""type"":""MultiPoint"",""coordinates"":[]}"
20230515,-0.009922326493565998,2023-05-15,"{""type"":""MultiPoint"",""coordinates"":[]}"
20230516,-0.009676606483336903,2023-05-16,"{""type"":""MultiPoint"",""coordinates"":[]}"
20230517,-0.008972131783247935,2023-05-17,"{""type"":""MultiPoint"",""coordinates"":[]}"
20230518,-0.008882677458318857,2023-05-18,"{""type"":""MultiPoint"",""coordinates"":[]}"
20230519,-0.00956175579773319,2023-05-19,"{""type"":""MultiPoint"",""coordinates"":[]}"
20230520,-0.009021521050683042,2023-05-20,"{""type"":""MultiPoint"",""coordinates"":[]}"
20230521,-0.007114242023770769,2023-05-21,"{""type"":""MultiPoint"",""coordinates"":[]}"
20230522,-0.0068446164609383105,2023-05-22,"{""type"":""MultiPoint"",""coordinates"":[]}"
20230523,-0.0080272241470007,2023-05-23,"{""type"":""MultiPoint"",""coordinates"":[]}"
20230524,-0.008228865053052372,2023-05-24,"{""type"":""MultiPoint"",""coordinates"":[]}"
20230525,-0.007792831695606047,2023-05-25,"{""type"":""MultiPoint"",""coordinates"":[]}"
20230526,-0.009178035633015495,2023-05-26,"{""type"":""MultiPoint"",""coordinates"":[]}"
20230527,-0.00841033451892233,2023-05-27,"{""type"":""MultiPoint"",""coordinates"":[]}"
20230528,-0.008398033425589362,2023-05-28,"{""type"":""MultiPoint"",""coordinates"":[]}"
20230529,-0.007777618003608473,2023-05-29,"{""type"":""MultiPoint"",""coordinates"":[]}"
20230530,-0.006814364770419542,2023-05-30,"{""type"":""MultiPoint"",""coordinates"":[]}"
20230531,-0.006647519637381759,2023-05-31,"{""type"":""MultiPoint"",""coordinates"":[]}"
20230601,-0.007183361008457112,2023-06-01,"{""type"":""MultiPoint"",""coordinates"":[]}"
20230602,-0.007742283811227323,2023-06-02,"{""type"":""MultiPoint"",""coordinates"":[]}"
20230603,-0.008200407477840234,2023-06-03,"{""type"":""MultiPoint"",""coordinates"":[]}"
20230604,-0.00856182158803512,2023-06-04,"{""type"":""MultiPoint"",""coordinates"":[]}"
20230605,-0.009721713109778735,2023-06-05,"{""type"":""MultiPoint"",""coordinates"":[]}"
20230606,-0.009496826318266668,2023-06-06,"{""type"":""MultiPoint"",""coordinates"":[]}"
20230607,-0.009236552905556245,2023-06-07,"{""type"":""MultiPoint"",""coordinates"":[]}"
20230608,-0.009966941467826585,2023-06-08,"{""type"":""MultiPoint"",""coordinates"":[]}"
20230609,-0.009447989914270132,2023-06-09,"{""type"":""MultiPoint"",""coordinates"":[]}"
20230610,-0.009023409055455778,2023-06-10,"{""type"":""MultiPoint"",""coordinates"":[]}"
20230611,-0.009409099963985134,2023-06-11,"{""type"":""MultiPoint"",""coordinates"":[]}"
20230612,-0.008665968257523204,2023-06-12,"{""type"":""MultiPoint"",""coordinates"":[]}"
20230613,-0.009654086644878542,2023-06-13,"{""type"":""MultiPoint"",""coordinates"":[]}"
20230614,-0.010149432632867827,2023-06-14,"{""type"":""MultiPoint"",""coordinates"":[]}"
20230615,-0.010218897706015582,2023-06-15,"{""type"":""MultiPoint"",""coordinates"":[]}"
20230616,-0.011014529489793659,2023-06-16,"{""type"":""MultiPoint"",""coordinates"":[]}"
20230617,-0.009976631857074899,2023-06-17,"{""type"":""MultiPoint"",""coordinates"":[]}"
20230618,-0.006570855490745498,2023-06-18,"{""type"":""MultiPoint"",""coordinates"":[]}"
20230619,-0.0056010943494947075,2023-06-19,"{""type"":""MultiPoint"",""coordinates"":[]}"
20230620,-0.0032386190655237686,2023-06-20,"{""type"":""MultiPoint"",""coordinates"":[]}"
20230621,-0.004456101699349176,2023-06-21,"{""type"":""MultiPoint"",""coordinates"":[]}"
20230622,-0.0060636456917605285,2023-06-22,"{""type"":""MultiPoint"",""coordinates"":[]}"
20230623,-0.006945048398129396,2023-06-23,"{""type"":""MultiPoint"",""coordinates"":[]}"
20230624,-0.006524844833969526,2023-06-24,"{""type"":""MultiPoint"",""coordinates"":[]}"
20230625,-0.006288168951462821,2023-06-25,"{""type"":""MultiPoint"",""coordinates"":[]}"
20230626,-0.0066187337997844625,2023-06-26,"{""type"":""MultiPoint"",""coordinates"":[]}"
20230627,-0.006741911993148573,2023-06-27,"{""type"":""MultiPoint"",""coordinates"":[]}"
20230628,-0.006985514406139416,2023-06-28,"{""type"":""MultiPoint"",""coordinates"":[]}"
20230629,-0.0056235699183838144,2023-06-29,"{""type"":""MultiPoint"",""coordinates"":[]}"
20230630,-0.008298189944237271,2023-06-30,"{""type"":""MultiPoint"",""coordinates"":[]}"
20230701,-0.008359670985709427,2023-07-01,"{""type"":""MultiPoint"",""coordinates"":[]}"
20230702,-0.006365897429460626,2023-07-02,"{""type"":""MultiPoint"",""coordinates"":[]}"
20230703,-0.005507294552951368,2023-07-03,"{""type"":""MultiPoint"",""coordinates"":[]}"
20230704,-0.003849359909424912,2023-07-04,"{""type"":""MultiPoint"",""coordinates"":[]}"
20230705,-0.003224143924898616,2023-07-05,"{""type"":""MultiPoint"",""coordinates"":[]}"
20230706,-0.003537389801117735,2023-07-06,"{""type"":""MultiPoint"",""coordinates"":[]}"
20230707,-0.005508556962936109,2023-07-07,"{""type"":""MultiPoint"",""coordinates"":[]}"
20230708,-0.004682090371416609,2023-07-08,"{""type"":""MultiPoint"",""coordinates"":[]}"
20230709,-0.005380873082860518,2023-07-09,"{""type"":""MultiPoint"",""coordinates"":[]}"
20230710,-0.004511315338606494,2023-07-10,"{""type"":""MultiPoint"",""coordinates"":[]}"
20230711,-0.003745319499490356,2023-07-11,"{""type"":""MultiPoint"",""coordinates"":[]}"
20230712,-0.006209791195140718,2023-07-12,"{""type"":""MultiPoint"",""coordinates"":[]}"
20230713,-0.005923261927451059,2023-07-13,"{""type"":""MultiPoint"",""coordinates"":[]}"
20230714,-0.006896768040329095,2023-07-14,"{""type"":""MultiPoint"",""coordinates"":[]}"
20230715,-0.007370420884423943,2023-07-15,"{""type"":""MultiPoint"",""coordinates"":[]}"
20230716,-0.006440381915695267,2023-07-16,"{""type"":""MultiPoint"",""coordinates"":[]}"
20230717,-0.007221329837463133,2023-07-17,"{""type"":""MultiPoint"",""coordinates"":[]}"
20230718,-0.008419055636100842,2023-07-18,"{""type"":""MultiPoint"",""coordinates"":[]}"
20230719,-0.008232444859153181,2023-07-19,"{""type"":""MultiPoint"",""coordinates"":[]}"
20230720,-0.008782263668997066,2023-07-20,"{""type"":""MultiPoint"",""coordinates"":[]}"
20230721,-0.010300840009427647,2023-07-21,"{""type"":""MultiPoint"",""coordinates"":[]}"
20230722,-0.007637438743046644,2023-07-22,"{""type"":""MultiPoint"",""coordinates"":[]}"
20230723,-0.004241784176375966,2023-07-23,"{""type"":""MultiPoint"",""coordinates"":[]}"
20230724,-0.0030206890376390343,2023-07-24,"{""type"":""MultiPoint"",""coordinates"":[]}"
20230725,-0.002355642130439286,2023-07-25,"{""type"":""MultiPoint"",""coordinates"":[]}"
20230726,-0.002093094299603535,2023-07-26,"{""type"":""MultiPoint"",""coordinates"":[]}"
20230727,-0.005904384256835387,2023-07-27,"{""type"":""MultiPoint"",""coordinates"":[]}"
20230728,-0.008322754966257109,2023-07-28,"{""type"":""MultiPoint"",""coordinates"":[]}"
20230729,-0.008747810236596175,2023-07-29,"{""type"":""MultiPoint"",""coordinates"":[]}"
20230730,-0.008293625666132003,2023-07-30,"{""type"":""MultiPoint"",""coordinates"":[]}"
20230731,-0.00922799049352898,2023-07-31,"{""type"":""MultiPoint"",""coordinates"":[]}"
20230801,-0.008794987029695105,2023-08-01,"{""type"":""MultiPoint"",""coordinates"":[]}"
20230802,-0.008384349079125577,2023-08-02,"{""type"":""MultiPoint"",""coordinates"":[]}"
20230803,-0.009047277978322287,2023-08-03,"{""type"":""MultiPoint"",""coordinates"":[]}"
20230804,-0.00825506509841823,2023-08-04,"{""type"":""MultiPoint"",""coordinates"":[]}"
20230805,-0.007383524251664421,2023-08-05,"{""type"":""MultiPoint"",""coordinates"":[]}"
20230806,-0.007927076170741251,2023-08-06,"{""type"":""MultiPoint"",""coordinates"":[]}"
20230807,-0.007881459951567957,2023-08-07,"{""type"":""MultiPoint"",""coordinates"":[]}"
20230808,-0.0063676931237979205,2023-08-08,"{""type"":""MultiPoint"",""coordinates"":[]}"
20230809,-0.007424866494379104,2023-08-09,"{""type"":""MultiPoint"",""coordinates"":[]}"
20230810,-0.006880180031511888,2023-08-10,"{""type"":""MultiPoint"",""coordinates"":[]}"
20230811,-0.007093922759597113,2023-08-11,"{""type"":""MultiPoint"",""coordinates"":[]}"
20230812,-0.008925521841673834,2023-08-12,"{""type"":""MultiPoint"",""coordinates"":[]}"
20230813,-0.008340322484223405,2023-08-13,"{""type"":""MultiPoint"",""coordinates"":[]}"
20230814,-0.008098844932880142,2023-08-14,"{""type"":""MultiPoint"",""coordinates"":[]}"
20230815,-0.008350915374765714,2023-08-15,"{""type"":""MultiPoint"",""coordinates"":[]}"
20230816,-0.009150419670620932,2023-08-16,"{""type"":""MultiPoint"",""coordinates"":[]}"
20230817,-0.009461339045411993,2023-08-17,"{""type"":""MultiPoint"",""coordinates"":[]}"
20230818,-0.008384060356275607,2023-08-18,"{""type"":""MultiPoint"",""coordinates"":[]}"
20230819,-0.007411133358464708,2023-08-19,"{""type"":""MultiPoint"",""coordinates"":[]}"
20230820,-0.008345730996504565,2023-08-20,"{""type"":""MultiPoint"",""coordinates"":[]}"
20230821,-0.00860555902067482,2023-08-21,"{""type"":""MultiPoint"",""coordinates"":[]}"
20230822,-0.007555523739024001,2023-08-22,"{""type"":""MultiPoint"",""coordinates"":[]}"
20230823,-0.009338056593676106,2023-08-23,"{""type"":""MultiPoint"",""coordinates"":[]}"
20230824,-0.009258055373575186,2023-08-24,"{""type"":""MultiPoint"",""coordinates"":[]}"
20230825,-0.009296613314926403,2023-08-25,"{""type"":""MultiPoint"",""coordinates"":[]}"
20230826,-0.00695241245531441,2023-08-26,"{""type"":""MultiPoint"",""coordinates"":[]}"
20230827,-0.006864157205281271,2023-08-27,"{""type"":""MultiPoint"",""coordinates"":[]}"
20230828,-0.00995936387994729,2023-08-28,"{""type"":""MultiPoint"",""coordinates"":[]}"
20230829,-0.008781010954592348,2023-08-29,"{""type"":""MultiPoint"",""coordinates"":[]}"
20230830,-0.008756326072157995,2023-08-30,"{""type"":""MultiPoint"",""coordinates"":[]}"
20230831,-0.0066866022534416624,2023-08-31,"{""type"":""MultiPoint"",""coordinates"":[]}"
20230901,-0.006675804990159196,2023-09-01,"{""type"":""MultiPoint"",""coordinates"":[]}"
20230902,-0.0059696814138957815,2023-09-02,"{""type"":""MultiPoint"",""coordinates"":[]}"
20230903,-0.00842200905925013,2023-09-03,"{""type"":""MultiPoint"",""coordinates"":[]}"
20230904,-0.007465335208182858,2023-09-04,"{""type"":""MultiPoint"",""coordinates"":[]}"
20230905,-0.007046190952504118,2023-09-05,"{""type"":""MultiPoint"",""coordinates"":[]}"
20230906,-0.005798239917073647,2023-09-06,"{""type"":""MultiPoint"",""coordinates"":[]}"
20230907,-0.0061146988980452,2023-09-07,"{""type"":""MultiPoint"",""coordinates"":[]}"
20230908,-0.007414621361418474,2023-09-08,"{""type"":""MultiPoint"",""coordinates"":[]}"
20230909,-0.008363031913218986,2023-09-09,"{""type"":""MultiPoint"",""coordinates"":[]}"
20230910,-0.007453833882652863,2023-09-10,"{""type"":""MultiPoint"",""coordinates"":[]}"
20230911,-0.007610941892687341,2023-09-11,"{""type"":""MultiPoint"",""coordinates"":[]}"
20230912,-0.008091418979036953,2023-09-12,"{""type"":""MultiPoint"",""coordinates"":[]}"
20230913,-0.008030602250111454,2023-09-13,"{""type"":""MultiPoint"",""coordinates"":[]}"
20230914,-0.007464573397439922,2023-09-14,"{""type"":""MultiPoint"",""coordinates"":[]}"
20230915,-0.006387985954591101,2023-09-15,"{""type"":""MultiPoint"",""coordinates"":[]}"
20230916,-0.006643966038560119,2023-09-16,"{""type"":""MultiPoint"",""coordinates"":[]}"
20230917,-0.005694888409771952,2023-09-17,"{""type"":""MultiPoint"",""coordinates"":[]}"
20230918,-0.006992970270058935,2023-09-18,"{""type"":""MultiPoint"",""coordinates"":[]}"
20230919,-0.008193221838551588,2023-09-19,"{""type"":""MultiPoint"",""coordinates"":[]}"
20230920,-0.0068960569152591664,2023-09-20,"{""type"":""MultiPoint"",""coordinates"":[]}"
20230921,-0.005780474794055586,2023-09-21,"{""type"":""MultiPoint"",""coordinates"":[]}"
20230922,-0.0063916499995643064,2023-09-22,"{""type"":""MultiPoint"",""coordinates"":[]}"
20230923,-0.006885658009561179,2023-09-23,"{""type"":""MultiPoint"",""coordinates"":[]}"
20230924,-0.007158525872094974,2023-09-24,"{""type"":""MultiPoint"",""coordinates"":[]}"
20230925,-0.0072160839814323745,2023-09-25,"{""type"":""MultiPoint"",""coordinates"":[]}"
20230926,-0.0074843257813760125,2023-09-26,"{""type"":""MultiPoint"",""coordinates"":[]}"
20230927,-0.008459094797099335,2023-09-27,"{""type"":""MultiPoint"",""coordinates"":[]}"
20230928,-0.00598802869182494,2023-09-28,"{""type"":""MultiPoint"",""coordinates"":[]}"
20230929,-0.006576556400013054,2023-09-29,"{""type"":""MultiPoint"",""coordinates"":[]}"
20230930,-0.007868067666376615,2023-09-30,"{""type"":""MultiPoint"",""coordinates"":[]}"
20231001,-0.006930564283810655,2023-10-01,"{""type"":""MultiPoint"",""coordinates"":[]}"
20231002,-0.009873396584105108,2023-10-02,"{""type"":""MultiPoint"",""coordinates"":[]}"
20231003,-0.008577429233795487,2023-10-03,"{""type"":""MultiPoint"",""coordinates"":[]}"
20231004,-0.007358598647329249,2023-10-04,"{""type"":""MultiPoint"",""coordinates"":[]}"
20231005,-0.0078304882276175,2023-10-05,"{""type"":""MultiPoint"",""coordinates"":[]}"
20231006,-0.006479508046500921,2023-10-06,"{""type"":""MultiPoint"",""coordinates"":[]}"
20231007,-0.006307400520958903,2023-10-07,"{""type"":""MultiPoint"",""coordinates"":[]}"
20231008,-0.005313762135832727,2023-10-08,"{""type"":""MultiPoint"",""coordinates"":[]}"
20231009,-0.0038658299526722036,2023-10-09,"{""type"":""MultiPoint"",""coordinates"":[]}"
20231010,-0.005308871043690455,2023-10-10,"{""type"":""MultiPoint"",""coordinates"":[]}"
20231011,-0.004791781052700573,2023-10-11,"{""type"":""MultiPoint"",""coordinates"":[]}"
20231012,-0.007426318903508176,2023-10-12,"{""type"":""MultiPoint"",""coordinates"":[]}"
20231013,-0.00892836065004983,2023-10-13,"{""type"":""MultiPoint"",""coordinates"":[]}"
20231014,-0.007288325308232025,2023-10-14,"{""type"":""MultiPoint"",""coordinates"":[]}"
20231015,-0.006658281933639552,2023-10-15,"{""type"":""MultiPoint"",""coordinates"":[]}"
20231016,-0.0049399707626558535,2023-10-16,"{""type"":""MultiPoint"",""coordinates"":[]}"
20231017,-0.006863200946988967,2023-10-17,"{""type"":""MultiPoint"",""coordinates"":[]}"
20231018,-0.008437032807605107,2023-10-18,"{""type"":""MultiPoint"",""coordinates"":[]}"
20231019,-0.008906716783098383,2023-10-19,"{""type"":""MultiPoint"",""coordinates"":[]}"
20231020,-0.00839650359080847,2023-10-20,"{""type"":""MultiPoint"",""coordinates"":[]}"
20231021,-0.007999960783654262,2023-10-21,"{""type"":""MultiPoint"",""coordinates"":[]}"
20231022,-0.008211198149935013,2023-10-22,"{""type"":""MultiPoint"",""coordinates"":[]}"
20231023,-0.008874797005190308,2023-10-23,"{""type"":""MultiPoint"",""coordinates"":[]}"
20231024,-0.008103421556350498,2023-10-24,"{""type"":""MultiPoint"",""coordinates"":[]}"
20231025,-0.008258793031235853,2023-10-25,"{""type"":""MultiPoint"",""coordinates"":[]}"
20231026,-0.00806898035838924,2023-10-26,"{""type"":""MultiPoint"",""coordinates"":[]}"
20231027,-0.009121528597379504,2023-10-27,"{""type"":""MultiPoint"",""coordinates"":[]}"
20231028,-0.008031053680359208,2023-10-28,"{""type"":""MultiPoint"",""coordinates"":[]}"
20231029,-0.006165647664219196,2023-10-29,"{""type"":""MultiPoint"",""coordinates"":[]}"
20231030,-0.005105604338264045,2023-10-30,"{""type"":""MultiPoint"",""coordinates"":[]}"
20231031,-0.005030775453368127,2023-10-31,"{""type"":""MultiPoint"",""coordinates"":[]}"
20231101,-0.005829588891993783,2023-11-01,"{""type"":""MultiPoint"",""coordinates"":[]}"
20231102,-0.005086487718735314,2023-11-02,"{""type"":""MultiPoint"",""coordinates"":[]}"
20231103,-0.0052521859965685485,2023-11-03,"{""type"":""MultiPoint"",""coordinates"":[]}"
20231104,-0.003773130720877338,2023-11-04,"{""type"":""MultiPoint"",""coordinates"":[]}"
20231105,-0.0034802691048521424,2023-11-05,"{""type"":""MultiPoint"",""coordinates"":[]}"
20231106,-0.004525665908839091,2023-11-06,"{""type"":""MultiPoint"",""coordinates"":[]}"
20231107,-0.003412915917151877,2023-11-07,"{""type"":""MultiPoint"",""coordinates"":[]}"
20231108,-0.003877963982475633,2023-11-08,"{""type"":""MultiPoint"",""coordinates"":[]}"
20231109,-0.003952011270301474,2023-11-09,"{""type"":""MultiPoint"",""coordinates"":[]}"
20231110,-0.005857650721881132,2023-11-10,"{""type"":""MultiPoint"",""coordinates"":[]}"
20231111,-0.00777681753840742,2023-11-11,"{""type"":""MultiPoint"",""coordinates"":[]}"
20231112,-0.007362955094858713,2023-11-12,"{""type"":""MultiPoint"",""coordinates"":[]}"
20231113,-0.007944342895934424,2023-11-13,"{""type"":""MultiPoint"",""coordinates"":[]}"
20231114,-0.003390164665017438,2023-11-14,"{""type"":""MultiPoint"",""coordinates"":[]}"
20231115,-0.0057422164290667765,2023-11-15,"{""type"":""MultiPoint"",""coordinates"":[]}"
20231116,-0.006382566612401984,2023-11-16,"{""type"":""MultiPoint"",""coordinates"":[]}"
20231117,-0.006466246909488801,2023-11-17,"{""type"":""MultiPoint"",""coordinates"":[]}"
20231118,-0.007145872736836839,2023-11-18,"{""type"":""MultiPoint"",""coordinates"":[]}"
20231119,-0.008031713138506345,2023-11-19,"{""type"":""MultiPoint"",""coordinates"":[]}"
20231120,-0.006859606114815575,2023-11-20,"{""type"":""MultiPoint"",""coordinates"":[]}"
20231121,-0.004452437009022154,2023-11-21,"{""type"":""MultiPoint"",""coordinates"":[]}"
20231122,-0.004095657999100482,2023-11-22,"{""type"":""MultiPoint"",""coordinates"":[]}"
20231123,-0.0037717146769225486,2023-11-23,"{""type"":""MultiPoint"",""coordinates"":[]}"
20231124,-0.004693972617837764,2023-11-24,"{""type"":""MultiPoint"",""coordinates"":[]}"
20231125,-0.0049139076133295975,2023-11-25,"{""type"":""MultiPoint"",""coordinates"":[]}"
20231126,-0.006103272631973656,2023-11-26,"{""type"":""MultiPoint"",""coordinates"":[]}"
20231127,-0.004987886894627846,2023-11-27,"{""type"":""MultiPoint"",""coordinates"":[]}"
20231128,-0.004986185547561427,2023-11-28,"{""type"":""MultiPoint"",""coordinates"":[]}"
20231129,-0.005390375181780815,2023-11-29,"{""type"":""MultiPoint"",""coordinates"":[]}"
20231130,-0.0048872378803640005,2023-11-30,"{""type"":""MultiPoint"",""coordinates"":[]}"
20231201,-0.004682419434040493,2023-12-01,"{""type"":""MultiPoint"",""coordinates"":[]}"
20231202,-0.006096750190673773,2023-12-02,"{""type"":""MultiPoint"",""coordinates"":[]}"
20231203,-0.004203799841876811,2023-12-03,"{""type"":""MultiPoint"",""coordinates"":[]}"
20231204,-0.004441551964258267,2023-12-04,"{""type"":""MultiPoint"",""coordinates"":[]}"
20231205,-0.004249712019947628,2023-12-05,"{""type"":""MultiPoint"",""coordinates"":[]}"
20231206,-0.005384851124558982,2023-12-06,"{""type"":""MultiPoint"",""coordinates"":[]}"
20231207,-0.005431420827185118,2023-12-07,"{""type"":""MultiPoint"",""coordinates"":[]}"
20231208,-0.0046498043478982445,2023-12-08,"{""type"":""MultiPoint"",""coordinates"":[]}"
20231209,-0.004012766549689143,2023-12-09,"{""type"":""MultiPoint"",""coordinates"":[]}"
20231210,-0.006089180653027701,2023-12-10,"{""type"":""MultiPoint"",""coordinates"":[]}"
20231211,-0.005127225162639654,2023-12-11,"{""type"":""MultiPoint"",""coordinates"":[]}"
20231212,-0.0065490974695031215,2023-12-12,"{""type"":""MultiPoint"",""coordinates"":[]}"
20231213,-0.007270003491779197,2023-12-13,"{""type"":""MultiPoint"",""coordinates"":[]}"
20231214,-0.0068537761744412815,2023-12-14,"{""type"":""MultiPoint"",""coordinates"":[]}"
20231215,-0.005655690307496626,2023-12-15,"{""type"":""MultiPoint"",""coordinates"":[]}"
20231216,-0.004787134375039802,2023-12-16,"{""type"":""MultiPoint"",""coordinates"":[]}"
20231217,-0.003973265808902777,2023-12-17,"{""type"":""MultiPoint"",""coordinates"":[]}"
20231218,-0.005829376103384899,2023-12-18,"{""type"":""MultiPoint"",""coordinates"":[]}"
20231219,-0.007631501290794455,2023-12-19,"{""type"":""MultiPoint"",""coordinates"":[]}"
20231220,-0.0057639743639630175,2023-12-20,"{""type"":""MultiPoint"",""coordinates"":[]}"
20231221,-0.006178176447166282,2023-12-21,"{""type"":""MultiPoint"",""coordinates"":[]}"
20231222,-0.006181922974648643,2023-12-22,"{""type"":""MultiPoint"",""coordinates"":[]}"
20231223,-0.007303683977333818,2023-12-23,"{""type"":""MultiPoint"",""coordinates"":[]}"
20231224,-0.007352930885344577,2023-12-24,"{""type"":""MultiPoint"",""coordinates"":[]}"
20231225,-0.006962648639589724,2023-12-25,"{""type"":""MultiPoint"",""coordinates"":[]}"
20231226,-0.008976843174884015,2023-12-26,"{""type"":""MultiPoint"",""coordinates"":[]}"
20231227,-0.0085337842191502,2023-12-27,"{""type"":""MultiPoint"",""coordinates"":[]}"
20231228,-0.007286113670425182,2023-12-28,"{""type"":""MultiPoint"",""coordinates"":[]}"
20231229,-0.006908484702673207,2023-12-29,"{""type"":""MultiPoint"",""coordinates"":[]}"
20231230,-0.007536220599126474,2023-12-30,"{""type"":""MultiPoint"",""coordinates"":[]}"
20231231,-0.0073931633470473365,2023-12-31,"{""type"":""MultiPoint"",""coordinates"":[]}"
20240101,-0.007582115058835966,2024-01-01,"{""type"":""MultiPoint"",""coordinates"":[]}"
20240102,-0.005465265620887958,2024-01-02,"{""type"":""MultiPoint"",""coordinates"":[]}"
20240103,-0.006547957295094898,2024-01-03,"{""type"":""MultiPoint"",""coordinates"":[]}"
20240104,-0.002204791694277411,2024-01-04,"{""type"":""MultiPoint"",""coordinates"":[]}"
20240105,-0.0038429644071805665,2024-01-05,"{""type"":""MultiPoint"",""coordinates"":[]}"
20240106,-0.006133976664736247,2024-01-06,"{""type"":""MultiPoint"",""coordinates"":[]}"
20240107,-0.007691355877178603,2024-01-07,"{""type"":""MultiPoint"",""coordinates"":[]}"
20240108,-0.0017295830383181857,2024-01-08,"{""type"":""MultiPoint"",""coordinates"":[]}"
20240109,-0.005992503575974111,2024-01-09,"{""type"":""MultiPoint"",""coordinates"":[]}"
20240110,-0.006200416835878644,2024-01-10,"{""type"":""MultiPoint"",""coordinates"":[]}"
20240111,-0.008295637719256102,2024-01-11,"{""type"":""MultiPoint"",""coordinates"":[]}"
20240112,-0.007831214645987187,2024-01-12,"{""type"":""MultiPoint"",""coordinates"":[]}"
20240113,-0.006668954591005763,2024-01-13,"{""type"":""MultiPoint"",""coordinates"":[]}"
20240114,-0.007650593928546318,2024-01-14,"{""type"":""MultiPoint"",""coordinates"":[]}"
20240115,-0.007172600504671164,2024-01-15,"{""type"":""MultiPoint"",""coordinates"":[]}"
20240116,-0.007083487285305144,2024-01-16,"{""type"":""MultiPoint"",""coordinates"":[]}"
20240117,-0.007177457835281115,2024-01-17,"{""type"":""MultiPoint"",""coordinates"":[]}"
20240118,-0.006859905147066073,2024-01-18,"{""type"":""MultiPoint"",""coordinates"":[]}"
20240119,-0.007257482873149331,2024-01-19,"{""type"":""MultiPoint"",""coordinates"":[]}"
20240120,-0.007871746265761695,2024-01-20,"{""type"":""MultiPoint"",""coordinates"":[]}"
20240121,-0.008201277759471133,2024-01-21,"{""type"":""MultiPoint"",""coordinates"":[]}"
20240122,-0.008046667838798963,2024-01-22,"{""type"":""MultiPoint"",""coordinates"":[]}"
20240123,-0.007928519849539458,2024-01-23,"{""type"":""MultiPoint"",""coordinates"":[]}"
20240124,-0.007635962008965851,2024-01-24,"{""type"":""MultiPoint"",""coordinates"":[]}"
20240125,-0.007442274821716499,2024-01-25,"{""type"":""MultiPoint"",""coordinates"":[]}"
20240126,-0.00933815965786385,2024-01-26,"{""type"":""MultiPoint"",""coordinates"":[]}"
20240127,-0.009266287924975497,2024-01-27,"{""type"":""MultiPoint"",""coordinates"":[]}"
20240128,-0.0081982556397661,2024-01-28,"{""type"":""MultiPoint"",""coordinates"":[]}"
20240129,-0.008982272492332468,2024-01-29,"{""type"":""MultiPoint"",""coordinates"":[]}"
20240130,-0.00744516622559687,2024-01-30,"{""type"":""MultiPoint"",""coordinates"":[]}"
20240131,-0.007890345396625762,2024-01-31,"{""type"":""MultiPoint"",""coordinates"":[]}"
20240201,-0.007736369010621239,2024-02-01,"{""type"":""MultiPoint"",""coordinates"":[]}"
20240202,-0.007394642532198827,2024-02-02,"{""type"":""MultiPoint"",""coordinates"":[]}"
20240203,-0.00833508865379239,2024-02-03,"{""type"":""MultiPoint"",""coordinates"":[]}"
20240204,-0.009807240715652447,2024-02-04,"{""type"":""MultiPoint"",""coordinates"":[]}"
20240205,-0.009944953304950547,2024-02-05,"{""type"":""MultiPoint"",""coordinates"":[]}"
20240206,-0.010313863737342228,2024-02-06,"{""type"":""MultiPoint"",""coordinates"":[]}"
20240207,-0.011270575804494936,2024-02-07,"{""type"":""MultiPoint"",""coordinates"":[]}"
20240208,-0.011316889711171814,2024-02-08,"{""type"":""MultiPoint"",""coordinates"":[]}"
20240209,-0.010337705322605029,2024-02-09,"{""type"":""MultiPoint"",""coordinates"":[]}"
20240210,-0.009600857134474039,2024-02-10,"{""type"":""MultiPoint"",""coordinates"":[]}"
20240211,-0.009782207021155587,2024-02-11,"{""type"":""MultiPoint"",""coordinates"":[]}"
20240212,-0.010731574823871446,2024-02-12,"{""type"":""MultiPoint"",""coordinates"":[]}"
20240213,-0.009267184500335679,2024-02-13,"{""type"":""MultiPoint"",""coordinates"":[]}"
20240214,-0.009930899243004603,2024-02-14,"{""type"":""MultiPoint"",""coordinates"":[]}"
20240215,-0.010986298548297992,2024-02-15,"{""type"":""MultiPoint"",""coordinates"":[]}"
20240216,-0.009973717075775585,2024-02-16,"{""type"":""MultiPoint"",""coordinates"":[]}"
20240217,-0.01110981894696527,2024-02-17,"{""type"":""MultiPoint"",""coordinates"":[]}"
20240218,-0.01018599523822849,2024-02-18,"{""type"":""MultiPoint"",""coordinates"":[]}"
20240219,-0.010425534453167193,2024-02-19,"{""type"":""MultiPoint"",""coordinates"":[]}"
20240220,-0.009461106759032972,2024-02-20,"{""type"":""MultiPoint"",""coordinates"":[]}"
20240221,-0.008754657145600761,2024-02-21,"{""type"":""MultiPoint"",""coordinates"":[]}"
20240222,-0.009305340841618671,2024-02-22,"{""type"":""MultiPoint"",""coordinates"":[]}"
20240223,-0.009030357575009747,2024-02-23,"{""type"":""MultiPoint"",""coordinates"":[]}"
20240224,-0.008535915958241814,2024-02-24,"{""type"":""MultiPoint"",""coordinates"":[]}"
20240225,-0.00971192279469894,2024-02-25,"{""type"":""MultiPoint"",""coordinates"":[]}"
20240226,-0.010393380736956323,2024-02-26,"{""type"":""MultiPoint"",""coordinates"":[]}"
20240227,-0.010237222034422054,2024-02-27,"{""type"":""MultiPoint"",""coordinates"":[]}"
20240228,-0.011570502625295829,2024-02-28,"{""type"":""MultiPoint"",""coordinates"":[]}"
20240229,-0.012131005050652774,2024-02-29,"{""type"":""MultiPoint"",""coordinates"":[]}"
20240301,-0.01172714264695433,2024-03-01,"{""type"":""MultiPoint"",""coordinates"":[]}"
20240302,-0.011643365596759181,2024-03-02,"{""type"":""MultiPoint"",""coordinates"":[]}"
20240303,-0.0097259049839865,2024-03-03,"{""type"":""MultiPoint"",""coordinates"":[]}"
20240304,-0.009985111022085933,2024-03-04,"{""type"":""MultiPoint"",""coordinates"":[]}"
20240305,-0.01123344965694221,2024-03-05,"{""type"":""MultiPoint"",""coordinates"":[]}"
20240306,-0.010055933082503061,2024-03-06,"{""type"":""MultiPoint"",""coordinates"":[]}"
20240307,-0.01022241579649523,2024-03-07,"{""type"":""MultiPoint"",""coordinates"":[]}"
20240308,-0.009702698129941041,2024-03-08,"{""type"":""MultiPoint"",""coordinates"":[]}"
20240309,-0.01059607692244061,2024-03-09,"{""type"":""MultiPoint"",""coordinates"":[]}"
20240310,-0.010094886561041074,2024-03-10,"{""type"":""MultiPoint"",""coordinates"":[]}"
20240311,-0.011209277809750269,2024-03-11,"{""type"":""MultiPoint"",""coordinates"":[]}"
20240312,-0.011535494140309632,2024-03-12,"{""type"":""MultiPoint"",""coordinates"":[]}"
20240313,-0.01046247620372767,2024-03-13,"{""type"":""MultiPoint"",""coordinates"":[]}"
20240314,-0.008988432392612936,2024-03-14,"{""type"":""MultiPoint"",""coordinates"":[]}"
20240315,-0.009325067106285475,2024-03-15,"{""type"":""MultiPoint"",""coordinates"":[]}"
20240316,-0.010032626729105576,2024-03-16,"{""type"":""MultiPoint"",""coordinates"":[]}"
20240317,-0.01148358004548314,2024-03-17,"{""type"":""MultiPoint"",""coordinates"":[]}"
20240318,-0.010874945050833135,2024-03-18,"{""type"":""MultiPoint"",""coordinates"":[]}"
20240319,-0.011584034488911014,2024-03-19,"{""type"":""MultiPoint"",""coordinates"":[]}"
20240320,-0.010833669337429174,2024-03-20,"{""type"":""MultiPoint"",""coordinates"":[]}"
20240321,-0.010787776938809517,2024-03-21,"{""type"":""MultiPoint"",""coordinates"":[]}"
20240322,-0.010492007803281743,2024-03-22,"{""type"":""MultiPoint"",""coordinates"":[]}"
20240323,-0.012046166934209469,2024-03-23,"{""type"":""MultiPoint"",""coordinates"":[]}"
20240324,-0.012669193835999413,2024-03-24,"{""type"":""MultiPoint"",""coordinates"":[]}"
20240325,-0.012483573985374275,2024-03-25,"{""type"":""MultiPoint"",""coordinates"":[]}"
20240326,-0.013022970823469832,2024-03-26,"{""type"":""MultiPoint"",""coordinates"":[]}"
20240327,-0.012134841462599131,2024-03-27,"{""type"":""MultiPoint"",""coordinates"":[]}"
20240328,-0.011530784739222885,2024-03-28,"{""type"":""MultiPoint"",""coordinates"":[]}"
20240329,-0.012721704424199046,2024-03-29,"{""type"":""MultiPoint"",""coordinates"":[]}"
20240330,-0.011913831385801885,2024-03-30,"{""type"":""MultiPoint"",""coordinates"":[]}"
20240331,-0.011151296978466577,2024-03-31,"{""type"":""MultiPoint"",""coordinates"":[]}"
20240401,-0.010327184146625668,2024-04-01,"{""type"":""MultiPoint"",""coordinates"":[]}"
20240402,-0.0119701745485168,2024-04-02,"{""type"":""MultiPoint"",""coordinates"":[]}"
20240403,-0.012074939797309421,2024-04-03,"{""type"":""MultiPoint"",""coordinates"":[]}"
20240404,-0.012381818331782278,2024-04-04,"{""type"":""MultiPoint"",""coordinates"":[]}"
20240405,-0.012801198386787484,2024-04-05,"{""type"":""MultiPoint"",""coordinates"":[]}"
20240406,-0.013203318119094311,2024-04-06,"{""type"":""MultiPoint"",""coordinates"":[]}"
20240407,-0.012823758239327306,2024-04-07,"{""type"":""MultiPoint"",""coordinates"":[]}"
20240408,-0.012482752353503814,2024-04-08,"{""type"":""MultiPoint"",""coordinates"":[]}"
20240409,-0.012869583335836396,2024-04-09,"{""type"":""MultiPoint"",""coordinates"":[]}"
20240410,-0.012630671718921101,2024-04-10,"{""type"":""MultiPoint"",""coordinates"":[]}"
20240411,-0.01214281230212485,2024-04-11,"{""type"":""MultiPoint"",""coordinates"":[]}"
20240412,-0.010660706392202299,2024-04-12,"{""type"":""MultiPoint"",""coordinates"":[]}"
20240413,-0.011236745331836747,2024-04-13,"{""type"":""MultiPoint"",""coordinates"":[]}"
20240414,-0.01275896488265864,2024-04-14,"{""type"":""MultiPoint"",""coordinates"":[]}"
20240415,-0.012821050028012688,2024-04-15,"{""type"":""MultiPoint"",""coordinates"":[]}"
20240416,-0.012733459704619683,2024-04-16,"{""type"":""MultiPoint"",""coordinates"":[]}"
20240417,-0.01251132367956002,2024-04-17,"{""type"":""MultiPoint"",""coordinates"":[]}"
20240418,-0.011873323687077273,2024-04-18,"{""type"":""MultiPoint"",""coordinates"":[]}"
20240419,-0.010444948889783546,2024-04-19,"{""type"":""MultiPoint"",""coordinates"":[]}"
20240420,-0.009297437904571043,2024-04-20,"{""type"":""MultiPoint"",""coordinates"":[]}"
20240421,-0.012430669803016247,2024-04-21,"{""type"":""MultiPoint"",""coordinates"":[]}"
20240422,-0.011354476782029464,2024-04-22,"{""type"":""MultiPoint"",""coordinates"":[]}"
20240423,-0.01365284349868861,2024-04-23,"{""type"":""MultiPoint"",""coordinates"":[]}"
20240424,-0.013485275165796475,2024-04-24,"{""type"":""MultiPoint"",""coordinates"":[]}"
20240425,-0.013024979772448568,2024-04-25,"{""type"":""MultiPoint"",""coordinates"":[]}"
20240426,-0.01324708035238882,2024-04-26,"{""type"":""MultiPoint"",""coordinates"":[]}"
20240427,-0.0131990451834946,2024-04-27,"{""type"":""MultiPoint"",""coordinates"":[]}"
20240428,-0.013109287932914266,2024-04-28,"{""type"":""MultiPoint"",""coordinates"":[]}"
20240429,-0.012639421564665038,2024-04-29,"{""type"":""MultiPoint"",""coordinates"":[]}"
20240430,-0.012623395483368532,2024-04-30,"{""type"":""MultiPoint"",""coordinates"":[]}"
20240501,-0.011310599358108485,2024-05-01,"{""type"":""MultiPoint"",""coordinates"":[]}"
20240502,-0.011013567381853159,2024-05-02,"{""type"":""MultiPoint"",""coordinates"":[]}"
20240503,-0.008608599307031378,2024-05-03,"{""type"":""MultiPoint"",""coordinates"":[]}"
20240504,-0.010010652774087046,2024-05-04,"{""type"":""MultiPoint"",""coordinates"":[]}"
20240505,-0.012808583900264731,2024-05-05,"{""type"":""MultiPoint"",""coordinates"":[]}"
20240506,-0.010553129034120564,2024-05-06,"{""type"":""MultiPoint"",""coordinates"":[]}"
20240507,-0.009748451838996412,2024-05-07,"{""type"":""MultiPoint"",""coordinates"":[]}"
20240508,-0.007953380622266856,2024-05-08,"{""type"":""MultiPoint"",""coordinates"":[]}"
20240509,-0.008321121543258576,2024-05-09,"{""type"":""MultiPoint"",""coordinates"":[]}"
20240510,-0.007555078482089212,2024-05-10,"{""type"":""MultiPoint"",""coordinates"":[]}"
20240511,-0.007764434374902842,2024-05-11,"{""type"":""MultiPoint"",""coordinates"":[]}"
20240512,-0.006597145091841346,2024-05-12,"{""type"":""MultiPoint"",""coordinates"":[]}"
20240513,-0.007552870290250808,2024-05-13,"{""type"":""MultiPoint"",""coordinates"":[]}"
20240514,-0.007420184016179883,2024-05-14,"{""type"":""MultiPoint"",""coordinates"":[]}"
20240515,-0.007666090474729512,2024-05-15,"{""type"":""MultiPoint"",""coordinates"":[]}"
20240516,-0.005160579911696681,2024-05-16,"{""type"":""MultiPoint"",""coordinates"":[]}"
20240517,-0.005292738834289833,2024-05-17,"{""type"":""MultiPoint"",""coordinates"":[]}"
20240518,-0.00492983434341298,2024-05-18,"{""type"":""MultiPoint"",""coordinates"":[]}"
20240519,-0.003906264045303746,2024-05-19,"{""type"":""MultiPoint"",""coordinates"":[]}"
20240520,-0.0026105993575385776,2024-05-20,"{""type"":""MultiPoint"",""coordinates"":[]}"
20240521,-0.004683683385634499,2024-05-21,"{""type"":""MultiPoint"",""coordinates"":[]}"
20240522,-0.005811390426546236,2024-05-22,"{""type"":""MultiPoint"",""coordinates"":[]}"
20240523,-0.006224796794287571,2024-05-23,"{""type"":""MultiPoint"",""coordinates"":[]}"
20240524,-0.004656167547083899,2024-05-24,"{""type"":""MultiPoint"",""coordinates"":[]}"
20240525,-0.007542909643850487,2024-05-25,"{""type"":""MultiPoint"",""coordinates"":[]}"
20240526,-0.009615744351398071,2024-05-26,"{""type"":""MultiPoint"",""coordinates"":[]}"
20240527,-0.010319630940967548,2024-05-27,"{""type"":""MultiPoint"",""coordinates"":[]}"
20240528,-0.008884789572220324,2024-05-28,"{""type"":""MultiPoint"",""coordinates"":[]}"
20240529,-0.009322220388679246,2024-05-29,"{""type"":""MultiPoint"",""coordinates"":[]}"
20240530,-0.008432828167063982,2024-05-30,"{""type"":""MultiPoint"",""coordinates"":[]}"
20240531,-0.009376075181840244,2024-05-31,"{""type"":""MultiPoint"",""coordinates"":[]}"
20240601,-0.007395910901288453,2024-06-01,"{""type"":""MultiPoint"",""coordinates"":[]}"
20240602,-0.006737326447053993,2024-06-02,"{""type"":""MultiPoint"",""coordinates"":[]}"
20240603,-0.004807665336439993,2024-06-03,"{""type"":""MultiPoint"",""coordinates"":[]}"
20240604,-0.006141409790741523,2024-06-04,"{""type"":""MultiPoint"",""coordinates"":[]}"
20240605,-0.004957653701054375,2024-06-05,"{""type"":""MultiPoint"",""coordinates"":[]}"
20240606,-0.005113632962081845,2024-06-06,"{""type"":""MultiPoint"",""coordinates"":[]}"
20240607,-0.00513703767002699,2024-06-07,"{""type"":""MultiPoint"",""coordinates"":[]}"
20240608,-0.007482993205560485,2024-06-08,"{""type"":""MultiPoint"",""coordinates"":[]}"
20240609,-0.008177132237190837,2024-06-09,"{""type"":""MultiPoint"",""coordinates"":[]}"
20240610,-0.007796216311149229,2024-06-10,"{""type"":""MultiPoint"",""coordinates"":[]}"
20240611,-0.004635981434246932,2024-06-11,"{""type"":""MultiPoint"",""coordinates"":[]}"
20240612,-0.004704637955760831,2024-06-12,"{""type"":""MultiPoint"",""coordinates"":[]}"
20240613,-0.006108933418118992,2024-06-13,"{""type"":""MultiPoint"",""coordinates"":[]}"
20240614,-0.007662393101202456,2024-06-14,"{""type"":""MultiPoint"",""coordinates"":[]}"
20240615,-0.00911829418630647,2024-06-15,"{""type"":""MultiPoint"",""coordinates"":[]}"
20240616,-0.007414837007014562,2024-06-16,"{""type"":""MultiPoint"",""coordinates"":[]}"
20240617,-0.007021636603466631,2024-06-17,"{""type"":""MultiPoint"",""coordinates"":[]}"
20240618,-0.0058806995472205125,2024-06-18,"{""type"":""MultiPoint"",""coordinates"":[]}"
20240619,-0.005562636975052425,2024-06-19,"{""type"":""MultiPoint"",""coordinates"":[]}"
20240620,-0.007051159625248107,2024-06-20,"{""type"":""MultiPoint"",""coordinates"":[]}"
20240621,-0.007577682492960868,2024-06-21,"{""type"":""MultiPoint"",""coordinates"":[]}"
20240622,-0.007068020256760778,2024-06-22,"{""type"":""MultiPoint"",""coordinates"":[]}"
20240623,-0.00696128496262039,2024-06-23,"{""type"":""MultiPoint"",""coordinates"":[]}"
20240624,-0.00770531027404721,2024-06-24,"{""type"":""MultiPoint"",""coordinates"":[]}"
20240625,-0.005670493529963848,2024-06-25,"{""type"":""MultiPoint"",""coordinates"":[]}"
20240626,-0.00338908086427353,2024-06-26,"{""type"":""MultiPoint"",""coordinates"":[]}"
20240627,-0.005042854997020934,2024-06-27,"{""type"":""MultiPoint"",""coordinates"":[]}"
20240628,-0.007708948934830568,2024-06-28,"{""type"":""MultiPoint"",""coordinates"":[]}"
20240629,-0.00709229302641067,2024-06-29,"{""type"":""MultiPoint"",""coordinates"":[]}"
20240630,-0.005894945523471356,2024-06-30,"{""type"":""MultiPoint"",""coordinates"":[]}"
20240701,-0.005006348108181525,2024-07-01,"{""type"":""MultiPoint"",""coordinates"":[]}"
20240702,-0.008172708562419641,2024-07-02,"{""type"":""MultiPoint"",""coordinates"":[]}"
20240703,-0.007518108912307806,2024-07-03,"{""type"":""MultiPoint"",""coordinates"":[]}"
20240704,-0.004788143251037173,2024-07-04,"{""type"":""MultiPoint"",""coordinates"":[]}"
20240705,-0.0057386799998152644,2024-07-05,"{""type"":""MultiPoint"",""coordinates"":[]}"
20240706,-0.005646523400579725,2024-07-06,"{""type"":""MultiPoint"",""coordinates"":[]}"
20240707,-0.0060381895847882285,2024-07-07,"{""type"":""MultiPoint"",""coordinates"":[]}"
20240708,-0.005137021223591099,2024-07-08,"{""type"":""MultiPoint"",""coordinates"":[]}"
20240709,-0.0055340465251153765,2024-07-09,"{""type"":""MultiPoint"",""coordinates"":[]}"
20240710,-0.006742350568962084,2024-07-10,"{""type"":""MultiPoint"",""coordinates"":[]}"
20240711,-0.0044245305357901036,2024-07-11,"{""type"":""MultiPoint"",""coordinates"":[]}"
20240712,-0.006255362979539372,2024-07-12,"{""type"":""MultiPoint"",""coordinates"":[]}"
20240713,-0.005813040493317254,2024-07-13,"{""type"":""MultiPoint"",""coordinates"":[]}"
20240714,-0.004555068867787229,2024-07-14,"{""type"":""MultiPoint"",""coordinates"":[]}"
20240715,-0.002290413490691364,2024-07-15,"{""type"":""MultiPoint"",""coordinates"":[]}"
20240716,-0.0035596090950139794,2024-07-16,"{""type"":""MultiPoint"",""coordinates"":[]}"
20240717,-0.005630915403156763,2024-07-17,"{""type"":""MultiPoint"",""coordinates"":[]}"
20240718,-0.003503161728948102,2024-07-18,"{""type"":""MultiPoint"",""coordinates"":[]}"
20240719,-0.0035766223372761807,2024-07-19,"{""type"":""MultiPoint"",""coordinates"":[]}"
20240720,-0.0049484609517919135,2024-07-20,"{""type"":""MultiPoint"",""coordinates"":[]}"
20240721,-0.007990058052462497,2024-07-21,"{""type"":""MultiPoint"",""coordinates"":[]}"
20240722,-0.007958687278868157,2024-07-22,"{""type"":""MultiPoint"",""coordinates"":[]}"
20240723,-0.007285368487311116,2024-07-23,"{""type"":""MultiPoint"",""coordinates"":[]}"
20240724,-0.007230575130705674,2024-07-24,"{""type"":""MultiPoint"",""coordinates"":[]}"
20240725,-0.007664137787735742,2024-07-25,"{""type"":""MultiPoint"",""coordinates"":[]}"
20240726,-0.0070080461319501275,2024-07-26,"{""type"":""MultiPoint"",""coordinates"":[]}"
20240727,-0.010498543332006146,2024-07-27,"{""type"":""MultiPoint"",""coordinates"":[]}"
20240728,-0.008091113746372527,2024-07-28,"{""type"":""MultiPoint"",""coordinates"":[]}"
20240729,-0.006458483259240449,2024-07-29,"{""type"":""MultiPoint"",""coordinates"":[]}"
20240730,-0.004615272691907458,2024-07-30,"{""type"":""MultiPoint"",""coordinates"":[]}"
20240731,-0.004242234115615921,2024-07-31,"{""type"":""MultiPoint"",""coordinates"":[]}"
20240801,-0.0037254092832099315,2024-08-01,"{""type"":""MultiPoint"",""coordinates"":[]}"
20240802,-0.00495203387610736,2024-08-02,"{""type"":""MultiPoint"",""coordinates"":[]}"
20240803,-0.005486285772662283,2024-08-03,"{""type"":""MultiPoint"",""coordinates"":[]}"
20240804,-0.007105045845255388,2024-08-04,"{""type"":""MultiPoint"",""coordinates"":[]}"
20240805,-0.005641196561665313,2024-08-05,"{""type"":""MultiPoint"",""coordinates"":[]}"
20240806,-0.0033561818646945245,2024-08-06,"{""type"":""MultiPoint"",""coordinates"":[]}"
20240807,-0.0028120823982178494,2024-08-07,"{""type"":""MultiPoint"",""coordinates"":[]}"
20240808,-0.004010413304083933,2024-08-08,"{""type"":""MultiPoint"",""coordinates"":[]}"
20240809,-0.004898009322942673,2024-08-09,"{""type"":""MultiPoint"",""coordinates"":[]}"
20240810,-0.00380453519200155,2024-08-10,"{""type"":""MultiPoint"",""coordinates"":[]}"
20240811,-0.005959541375082358,2024-08-11,"{""type"":""MultiPoint"",""coordinates"":[]}"
20240812,-0.005315612606762352,2024-08-12,"{""type"":""MultiPoint"",""coordinates"":[]}"
20240813,-0.0045310426301462545,2024-08-13,"{""type"":""MultiPoint"",""coordinates"":[]}"
20240814,-0.006610355553981837,2024-08-14,"{""type"":""MultiPoint"",""coordinates"":[]}"
20240815,-0.005188853147770948,2024-08-15,"{""type"":""MultiPoint"",""coordinates"":[]}"
20240816,-0.004513887497286824,2024-08-16,"{""type"":""MultiPoint"",""coordinates"":[]}"
20240817,-0.005775285719464352,2024-08-17,"{""type"":""MultiPoint"",""coordinates"":[]}"
20240818,-0.005643965691832844,2024-08-18,"{""type"":""MultiPoint"",""coordinates"":[]}"
20240819,-0.005045769431791882,2024-08-19,"{""type"":""MultiPoint"",""coordinates"":[]}"
20240820,-0.005248656171996702,2024-08-20,"{""type"":""MultiPoint"",""coordinates"":[]}"
20240821,-0.005982891413968143,2024-08-21,"{""type"":""MultiPoint"",""coordinates"":[]}"
20240822,-0.006608390084823072,2024-08-22,"{""type"":""MultiPoint"",""coordinates"":[]}"
20240823,-0.007152712814384562,2024-08-23,"{""type"":""MultiPoint"",""coordinates"":[]}"
20240824,-0.006843663965559192,2024-08-24,"{""type"":""MultiPoint"",""coordinates"":[]}"
20240825,-0.006530808249436271,2024-08-25,"{""type"":""MultiPoint"",""coordinates"":[]}"
20240826,-0.007756107348317715,2024-08-26,"{""type"":""MultiPoint"",""coordinates"":[]}"
20240827,-0.006477394572755128,2024-08-27,"{""type"":""MultiPoint"",""coordinates"":[]}"
20240828,-0.005280688620349842,2024-08-28,"{""type"":""MultiPoint"",""coordinates"":[]}"
20240829,-0.0053614642614723115,2024-08-29,"{""type"":""MultiPoint"",""coordinates"":[]}"
20240830,-0.004569597130234332,2024-08-30,"{""type"":""MultiPoint"",""coordinates"":[]}"
20240831,-0.004170212458976554,2024-08-31,"{""type"":""MultiPoint"",""coordinates"":[]}"
20240901,-0.005011229817490174,2024-09-01,"{""type"":""MultiPoint"",""coordinates"":[]}"
20240902,-0.005813862663736444,2024-09-02,"{""type"":""MultiPoint"",""coordinates"":[]}"
20240903,-0.006624534986676057,2024-09-03,"{""type"":""MultiPoint"",""coordinates"":[]}"
20240904,-0.00717006288453435,2024-09-04,"{""type"":""MultiPoint"",""coordinates"":[]}"
20240905,-0.007102346521938141,2024-09-05,"{""type"":""MultiPoint"",""coordinates"":[]}"
20240906,-0.007066069474230166,2024-09-06,"{""type"":""MultiPoint"",""coordinates"":[]}"
20240907,-0.005563503961908368,2024-09-07,"{""type"":""MultiPoint"",""coordinates"":[]}"
20240908,-0.006500195425705272,2024-09-08,"{""type"":""MultiPoint"",""coordinates"":[]}"
20240909,-0.00465091571952211,2024-09-09,"{""type"":""MultiPoint"",""coordinates"":[]}"
20240910,-0.007891111438836057,2024-09-10,"{""type"":""MultiPoint"",""coordinates"":[]}"
20240911,-0.007580727799234274,2024-09-11,"{""type"":""MultiPoint"",""coordinates"":[]}"
20240912,-0.0071765280447361685,2024-09-12,"{""type"":""MultiPoint"",""coordinates"":[]}"
20240913,-0.00721164723848681,2024-09-13,"{""type"":""MultiPoint"",""coordinates"":[]}"
20240914,-0.0074538813949528325,2024-09-14,"{""type"":""MultiPoint"",""coordinates"":[]}"
20240915,-0.007441579223456531,2024-09-15,"{""type"":""MultiPoint"",""coordinates"":[]}"
20240916,-0.00781077763143954,2024-09-16,"{""type"":""MultiPoint"",""coordinates"":[]}"
20240917,-0.007601957298393356,2024-09-17,"{""type"":""MultiPoint"",""coordinates"":[]}"
20240918,-0.00858949437452886,2024-09-18,"{""type"":""MultiPoint"",""coordinates"":[]}"
20240919,-0.007163644572418493,2024-09-19,"{""type"":""MultiPoint"",""coordinates"":[]}"
20240920,-0.007836062147695992,2024-09-20,"{""type"":""MultiPoint"",""coordinates"":[]}"
20240921,-0.007435468043308018,2024-09-21,"{""type"":""MultiPoint"",""coordinates"":[]}"
20240922,-0.006325720152320385,2024-09-22,"{""type"":""MultiPoint"",""coordinates"":[]}"
20240923,-0.005141170915276563,2024-09-23,"{""type"":""MultiPoint"",""coordinates"":[]}"
20240924,-0.006655189314378471,2024-09-24,"{""type"":""MultiPoint"",""coordinates"":[]}"
20240925,-0.007294636435267298,2024-09-25,"{""type"":""MultiPoint"",""coordinates"":[]}"
20240926,-0.006257972829287384,2024-09-26,"{""type"":""MultiPoint"",""coordinates"":[]}"
20240927,-0.005910421193049903,2024-09-27,"{""type"":""MultiPoint"",""coordinates"":[]}"
20240928,-0.005273261069707626,2024-09-28,"{""type"":""MultiPoint"",""coordinates"":[]}"
20240929,-0.005555425994311553,2024-09-29,"{""type"":""MultiPoint"",""coordinates"":[]}"
20240930,-0.00610890992375649,2024-09-30,"{""type"":""MultiPoint"",""coordinates"":[]}"
20241001,-0.006079368621148506,2024-10-01,"{""type"":""MultiPoint"",""coordinates"":[]}"
20241002,-0.006648125783727259,2024-10-02,"{""type"":""MultiPoint"",""coordinates"":[]}"
20241003,-0.005234628980803059,2024-10-03,"{""type"":""MultiPoint"",""coordinates"":[]}"
20241004,-0.00502991211172792,2024-10-04,"{""type"":""MultiPoint"",""coordinates"":[]}"
20241005,-0.003202952481324896,2024-10-05,"{""type"":""MultiPoint"",""coordinates"":[]}"
20241006,-0.0028712082293236058,2024-10-06,"{""type"":""MultiPoint"",""coordinates"":[]}"
20241007,-0.0063478537846022795,2024-10-07,"{""type"":""MultiPoint"",""coordinates"":[]}"
20241008,-0.005212753661857238,2024-10-08,"{""type"":""MultiPoint"",""coordinates"":[]}"
20241009,-0.0055165705617341776,2024-10-09,"{""type"":""MultiPoint"",""coordinates"":[]}"
20241010,-0.004830852558796269,2024-10-10,"{""type"":""MultiPoint"",""coordinates"":[]}"
20241011,-0.0052939136302212015,2024-10-11,"{""type"":""MultiPoint"",""coordinates"":[]}"
20241012,-0.004288926031604889,2024-10-12,"{""type"":""MultiPoint"",""coordinates"":[]}"
20241013,-0.005268325130141221,2024-10-13,"{""type"":""MultiPoint"",""coordinates"":[]}"
20241014,-0.0021260593324742096,2024-10-14,"{""type"":""MultiPoint"",""coordinates"":[]}"
20241015,-0.0016706918379740488,2024-10-15,"{""type"":""MultiPoint"",""coordinates"":[]}"
20241016,-0.0020681896582451322,2024-10-16,"{""type"":""MultiPoint"",""coordinates"":[]}"
20241017,-0.004501846526633255,2024-10-17,"{""type"":""MultiPoint"",""coordinates"":[]}"
20241018,-0.00410309984789776,2024-10-18,"{""type"":""MultiPoint"",""coordinates"":[]}"
20241019,-0.0021110384954513427,2024-10-19,"{""type"":""MultiPoint"",""coordinates"":[]}"
20241020,-0.004382596771565277,2024-10-20,"{""type"":""MultiPoint"",""coordinates"":[]}"
20241021,-0.003527347310803089,2024-10-21,"{""type"":""MultiPoint"",""coordinates"":[]}"
20241022,-0.00385174284023997,2024-10-22,"{""type"":""MultiPoint"",""coordinates"":[]}"
20241023,-0.0038153869018035355,2024-10-23,"{""type"":""MultiPoint"",""coordinates"":[]}"
20241024,-0.00260023828887651,2024-10-24,"{""type"":""MultiPoint"",""coordinates"":[]}"
20241025,-0.006188686772674738,2024-10-25,"{""type"":""MultiPoint"",""coordinates"":[]}"
20241026,-0.006274190708699108,2024-10-26,"{""type"":""MultiPoint"",""coordinates"":[]}"
20241027,-0.005743981992477656,2024-10-27,"{""type"":""MultiPoint"",""coordinates"":[]}"
20241028,-0.005506015157929994,2024-10-28,"{""type"":""MultiPoint"",""coordinates"":[]}"
20241029,-0.005309292231397406,2024-10-29,"{""type"":""MultiPoint"",""coordinates"":[]}"
20241030,-0.0044757813428242,2024-10-30,"{""type"":""MultiPoint"",""coordinates"":[]}"
20241031,-0.004283228855445972,2024-10-31,"{""type"":""MultiPoint"",""coordinates"":[]}"
20241101,-0.003962504825111365,2024-11-01,"{""type"":""MultiPoint"",""coordinates"":[]}"
20241102,-0.004877674541018714,2024-11-02,"{""type"":""MultiPoint"",""coordinates"":[]}"
20241103,-0.005439096379306232,2024-11-03,"{""type"":""MultiPoint"",""coordinates"":[]}"
20241104,-0.004851139837531894,2024-11-04,"{""type"":""MultiPoint"",""coordinates"":[]}"
20241105,-0.006164494223858077,2024-11-05,"{""type"":""MultiPoint"",""coordinates"":[]}"
20241106,-0.007142318750282992,2024-11-06,"{""type"":""MultiPoint"",""coordinates"":[]}"
20241107,-0.004923584460182193,2024-11-07,"{""type"":""MultiPoint"",""coordinates"":[]}"
20241108,-0.006804587148844981,2024-11-08,"{""type"":""MultiPoint"",""coordinates"":[]}"
20241109,-0.007230499669594068,2024-11-09,"{""type"":""MultiPoint"",""coordinates"":[]}"
20241110,-0.006669464611698431,2024-11-10,"{""type"":""MultiPoint"",""coordinates"":[]}"
20241111,-0.0065472282308265605,2024-11-11,"{""type"":""MultiPoint"",""coordinates"":[]}"
20241112,-0.0033654665861308428,2024-11-12,"{""type"":""MultiPoint"",""coordinates"":[]}"
20241113,-0.003893369264898879,2024-11-13,"{""type"":""MultiPoint"",""coordinates"":[]}"
20241114,-0.0034297031935120806,2024-11-14,"{""type"":""MultiPoint"",""coordinates"":[]}"
20241115,-0.003610879511575556,2024-11-15,"{""type"":""MultiPoint"",""coordinates"":[]}"
20241116,-0.004725545406843592,2024-11-16,"{""type"":""MultiPoint"",""coordinates"":[]}"
20241117,-0.005324058456334589,2024-11-17,"{""type"":""MultiPoint"",""coordinates"":[]}"
20241118,-0.005541706379580012,2024-11-18,"{""type"":""MultiPoint"",""coordinates"":[]}"
20241119,-0.005357913464045174,2024-11-19,"{""type"":""MultiPoint"",""coordinates"":[]}"
20241120,-0.006222949352959431,2024-11-20,"{""type"":""MultiPoint"",""coordinates"":[]}"
20241121,-0.005467196914162154,2024-11-21,"{""type"":""MultiPoint"",""coordinates"":[]}"
20241122,-0.00643185363895963,2024-11-22,"{""type"":""MultiPoint"",""coordinates"":[]}"
20241123,-0.005869292655619486,2024-11-23,"{""type"":""MultiPoint"",""coordinates"":[]}"
20241124,-0.005680030603486675,2024-11-24,"{""type"":""MultiPoint"",""coordinates"":[]}"
20241125,-0.005877464042503482,2024-11-25,"{""type"":""MultiPoint"",""coordinates"":[]}"
20241126,-0.005087324747942014,2024-11-26,"{""type"":""MultiPoint"",""coordinates"":[]}"
20241127,-0.004976198753712019,2024-11-27,"{""type"":""MultiPoint"",""coordinates"":[]}"
20241128,-0.007779271527864209,2024-11-28,"{""type"":""MultiPoint"",""coordinates"":[]}"
20241129,-0.006625446196503198,2024-11-29,"{""type"":""MultiPoint"",""coordinates"":[]}"
20241130,-0.0033472764417051683,2024-11-30,"{""type"":""MultiPoint"",""coordinates"":[]}"
20241201,-0.0022166861010882383,2024-12-01,"{""type"":""MultiPoint"",""coordinates"":[]}"
20241202,-7.480305509608345E-4,2024-12-02,"{""type"":""MultiPoint"",""coordinates"":[]}"
20241203,-0.002593611768578119,2024-12-03,"{""type"":""MultiPoint"",""coordinates"":[]}"
20241204,-0.00510885718274784,2024-12-04,"{""type"":""MultiPoint"",""coordinates"":[]}"
20241205,-0.00463056316806345,2024-12-05,"{""type"":""MultiPoint"",""coordinates"":[]}"
20241206,-0.005727855293475792,2024-12-06,"{""type"":""MultiPoint"",""coordinates"":[]}"
20241207,-0.005102416561224874,2024-12-07,"{""type"":""MultiPoint"",""coordinates"":[]}"
20241208,-0.00538255429824128,2024-12-08,"{""type"":""MultiPoint"",""coordinates"":[]}"
20241209,-0.005296280038392713,2024-12-09,"{""type"":""MultiPoint"",""coordinates"":[]}"
20241210,-0.005911790689888871,2024-12-10,"{""type"":""MultiPoint"",""coordinates"":[]}"
20241211,-0.004674352648794119,2024-12-11,"{""type"":""MultiPoint"",""coordinates"":[]}"
20241212,-0.0010589786623501204,2024-12-12,"{""type"":""MultiPoint"",""coordinates"":[]}"
20241213,-0.003971972028340373,2024-12-13,"{""type"":""MultiPoint"",""coordinates"":[]}"
20241214,-0.006234220325611249,2024-12-14,"{""type"":""MultiPoint"",""coordinates"":[]}"
20241215,-0.0056644199114873044,2024-12-15,"{""type"":""MultiPoint"",""coordinates"":[]}"
20241216,-0.00601170909373882,2024-12-16,"{""type"":""MultiPoint"",""coordinates"":[]}"
20241217,-0.005924649801705145,2024-12-17,"{""type"":""MultiPoint"",""coordinates"":[]}"
20241218,-0.0037265984375033983,2024-12-18,"{""type"":""MultiPoint"",""coordinates"":[]}"
20241219,-0.005154508313898984,2024-12-19,"{""type"":""MultiPoint"",""coordinates"":[]}"
20241220,-0.00477143366751696,2024-12-20,"{""type"":""MultiPoint"",""coordinates"":[]}"
20241221,-0.004891597282704074,2024-12-21,"{""type"":""MultiPoint"",""coordinates"":[]}"
20241222,-0.004461894557667031,2024-12-22,"{""type"":""MultiPoint"",""coordinates"":[]}"
20241223,-0.004137447181570162,2024-12-23,"{""type"":""MultiPoint"",""coordinates"":[]}"
20241224,-0.005187980134896101,2024-12-24,"{""type"":""MultiPoint"",""coordinates"":[]}"
20241225,-0.0037430142169059435,2024-12-25,"{""type"":""MultiPoint"",""coordinates"":[]}"
20241226,-0.0032363073019362563,2024-12-26,"{""type"":""MultiPoint"",""coordinates"":[]}"
20241227,-0.002071643301560715,2024-12-27,"{""type"":""MultiPoint"",""coordinates"":[]}"
20241228,-0.0059093622855070135,2024-12-28,"{""type"":""MultiPoint"",""coordinates"":[]}"
20241229,-0.006367286023352455,2024-12-29,"{""type"":""MultiPoint"",""coordinates"":[]}"
20241230,-0.005215835136592248,2024-12-30,"{""type"":""MultiPoint"",""coordinates"":[]}"
