system:index,band,date,.geo
20100115,-0.0038576678754506082,2010-01-15,"{""type"":""MultiPoint"",""coordinates"":[]}"
20100116,-0.007348161877937685,2010-01-16,"{""type"":""MultiPoint"",""coordinates"":[]}"
20100117,-0.0074778748036257985,2010-01-17,"{""type"":""MultiPoint"",""coordinates"":[]}"
20100118,-0.006859337975196109,2010-01-18,"{""type"":""MultiPoint"",""coordinates"":[]}"
20100119,-0.008223478334359297,2010-01-19,"{""type"":""MultiPoint"",""coordinates"":[]}"
20100120,-0.008223427449740677,2010-01-20,"{""type"":""MultiPoint"",""coordinates"":[]}"
20100121,-0.00823341826277875,2010-01-21,"{""type"":""MultiPoint"",""coordinates"":[]}"
20100122,-0.007529739523316192,2010-01-22,"{""type"":""MultiPoint"",""coordinates"":[]}"
20100123,-0.007668657916549086,2010-01-23,"{""type"":""MultiPoint"",""coordinates"":[]}"
20100124,-0.007909044538000141,2010-01-24,"{""type"":""MultiPoint"",""coordinates"":[]}"
20100125,-0.008408031222207967,2010-01-25,"{""type"":""MultiPoint"",""coordinates"":[]}"
20100126,-0.008181846840584582,2010-01-26,"{""type"":""MultiPoint"",""coordinates"":[]}"
20100127,-0.007263073628998293,2010-01-27,"{""type"":""MultiPoint"",""coordinates"":[]}"
20100128,-0.00739074372960615,2010-01-28,"{""type"":""MultiPoint"",""coordinates"":[]}"
20100129,-0.006743931446428262,2010-01-29,"{""type"":""MultiPoint"",""coordinates"":[]}"
20100130,-0.009007171649521372,2010-01-30,"{""type"":""MultiPoint"",""coordinates"":[]}"
20100131,-0.00836366964759859,2010-01-31,"{""type"":""MultiPoint"",""coordinates"":[]}"
20100201,-0.008326674743824305,2010-02-01,"{""type"":""MultiPoint"",""coordinates"":[]}"
20100202,-0.009431202257840384,2010-02-02,"{""type"":""MultiPoint"",""coordinates"":[]}"
20100203,-0.010168687310568855,2010-02-03,"{""type"":""MultiPoint"",""coordinates"":[]}"
20100204,-0.010744447026485112,2010-02-04,"{""type"":""MultiPoint"",""coordinates"":[]}"
20100205,-0.009738674370183206,2010-02-05,"{""type"":""MultiPoint"",""coordinates"":[]}"
20100206,-0.008493407754814823,2010-02-06,"{""type"":""MultiPoint"",""coordinates"":[]}"
20100207,-0.008261699882518389,2010-02-07,"{""type"":""MultiPoint"",""coordinates"":[]}"
20100208,-0.008960517202274441,2010-02-08,"{""type"":""MultiPoint"",""coordinates"":[]}"
20100209,-0.01079182511777564,2010-02-09,"{""type"":""MultiPoint"",""coordinates"":[]}"
20100210,-0.011454126150281515,2010-02-10,"{""type"":""MultiPoint"",""coordinates"":[]}"
20100211,-0.011456983545422931,2010-02-11,"{""type"":""MultiPoint"",""coordinates"":[]}"
20100212,-0.010523642504087083,2010-02-12,"{""type"":""MultiPoint"",""coordinates"":[]}"
20100213,-0.01081898845951082,2010-02-13,"{""type"":""MultiPoint"",""coordinates"":[]}"
20100214,-0.010712350424638499,2010-02-14,"{""type"":""MultiPoint"",""coordinates"":[]}"
20100215,-0.01108610678264398,2010-02-15,"{""type"":""MultiPoint"",""coordinates"":[]}"
20100216,-0.009792256706688296,2010-02-16,"{""type"":""MultiPoint"",""coordinates"":[]}"
20100217,-0.009248725164023046,2010-02-17,"{""type"":""MultiPoint"",""coordinates"":[]}"
20100218,-0.009045767360007725,2010-02-18,"{""type"":""MultiPoint"",""coordinates"":[]}"
20100219,-0.010620930738496582,2010-02-19,"{""type"":""MultiPoint"",""coordinates"":[]}"
20100220,-0.01006923858132992,2010-02-20,"{""type"":""MultiPoint"",""coordinates"":[]}"
20100221,-0.009310165832690082,2010-02-21,"{""type"":""MultiPoint"",""coordinates"":[]}"
20100222,-0.008423101674321245,2010-02-22,"{""type"":""MultiPoint"",""coordinates"":[]}"
20100223,-0.00955499243406441,2010-02-23,"{""type"":""MultiPoint"",""coordinates"":[]}"
20100224,-0.008577151852453238,2010-02-24,"{""type"":""MultiPoint"",""coordinates"":[]}"
20100225,-0.009035495865384243,2010-02-25,"{""type"":""MultiPoint"",""coordinates"":[]}"
20100226,-0.008518590826201707,2010-02-26,"{""type"":""MultiPoint"",""coordinates"":[]}"
20100227,-0.009046168802375519,2010-02-27,"{""type"":""MultiPoint"",""coordinates"":[]}"
20100228,-0.01019438705344022,2010-02-28,"{""type"":""MultiPoint"",""coordinates"":[]}"
20100301,-0.011992846728346038,2010-03-01,"{""type"":""MultiPoint"",""coordinates"":[]}"
20100302,-0.012155638597345262,2010-03-02,"{""type"":""MultiPoint"",""coordinates"":[]}"
20100303,-0.013992550872075986,2010-03-03,"{""type"":""MultiPoint"",""coordinates"":[]}"
20100304,-0.012287734395449616,2010-03-04,"{""type"":""MultiPoint"",""coordinates"":[]}"
20100305,-0.010685076477995882,2010-03-05,"{""type"":""MultiPoint"",""coordinates"":[]}"
20100306,-0.011323253891558352,2010-03-06,"{""type"":""MultiPoint"",""coordinates"":[]}"
20100307,-0.011012319496523221,2010-03-07,"{""type"":""MultiPoint"",""coordinates"":[]}"
20100308,-0.01017487727723731,2010-03-08,"{""type"":""MultiPoint"",""coordinates"":[]}"
20100309,-0.012974951211354535,2010-03-09,"{""type"":""MultiPoint"",""coordinates"":[]}"
20100310,-0.012658503837767052,2010-03-10,"{""type"":""MultiPoint"",""coordinates"":[]}"
20100311,-0.011174893480822956,2010-03-11,"{""type"":""MultiPoint"",""coordinates"":[]}"
20100312,-0.011341254140984098,2010-03-12,"{""type"":""MultiPoint"",""coordinates"":[]}"
20100313,-0.008634074584852335,2010-03-13,"{""type"":""MultiPoint"",""coordinates"":[]}"
20100314,-0.009622567955624474,2010-03-14,"{""type"":""MultiPoint"",""coordinates"":[]}"
20100315,-0.010124447413046233,2010-03-15,"{""type"":""MultiPoint"",""coordinates"":[]}"
20100316,-0.011588987200841285,2010-03-16,"{""type"":""MultiPoint"",""coordinates"":[]}"
20100317,-0.012634359376352976,2010-03-17,"{""type"":""MultiPoint"",""coordinates"":[]}"
20100318,-0.013051497932337066,2010-03-18,"{""type"":""MultiPoint"",""coordinates"":[]}"
20100319,-0.01232595025531908,2010-03-19,"{""type"":""MultiPoint"",""coordinates"":[]}"
20100320,-0.012017988971178372,2010-03-20,"{""type"":""MultiPoint"",""coordinates"":[]}"
20100321,-0.012509991491565878,2010-03-21,"{""type"":""MultiPoint"",""coordinates"":[]}"
20100322,-0.013173959833556667,2010-03-22,"{""type"":""MultiPoint"",""coordinates"":[]}"
20100323,-0.013656485647576577,2010-03-23,"{""type"":""MultiPoint"",""coordinates"":[]}"
20100324,-0.012218388298935354,2010-03-24,"{""type"":""MultiPoint"",""coordinates"":[]}"
20100325,-0.012139961731645471,2010-03-25,"{""type"":""MultiPoint"",""coordinates"":[]}"
20100326,-0.01139275817949279,2010-03-26,"{""type"":""MultiPoint"",""coordinates"":[]}"
20100327,-0.01139807289169701,2010-03-27,"{""type"":""MultiPoint"",""coordinates"":[]}"
20100328,-0.010099773312647933,2010-03-28,"{""type"":""MultiPoint"",""coordinates"":[]}"
20100329,-0.009052730965888265,2010-03-29,"{""type"":""MultiPoint"",""coordinates"":[]}"
20100330,-0.010758291284061137,2010-03-30,"{""type"":""MultiPoint"",""coordinates"":[]}"
20100331,-0.012390767587402759,2010-03-31,"{""type"":""MultiPoint"",""coordinates"":[]}"
20100401,-0.015153009747633306,2010-04-01,"{""type"":""MultiPoint"",""coordinates"":[]}"
20100402,-0.011442947421348505,2010-04-02,"{""type"":""MultiPoint"",""coordinates"":[]}"
20100403,-0.010919151728425386,2010-04-03,"{""type"":""MultiPoint"",""coordinates"":[]}"
20100404,-0.01212265141517243,2010-04-04,"{""type"":""MultiPoint"",""coordinates"":[]}"
20100405,-0.013399263428584439,2010-04-05,"{""type"":""MultiPoint"",""coordinates"":[]}"
20100406,-0.013609586261134276,2010-04-06,"{""type"":""MultiPoint"",""coordinates"":[]}"
20100407,-0.014287018975313365,2010-04-07,"{""type"":""MultiPoint"",""coordinates"":[]}"
20100408,-0.014121992950268282,2010-04-08,"{""type"":""MultiPoint"",""coordinates"":[]}"
20100409,-0.011733057370658584,2010-04-09,"{""type"":""MultiPoint"",""coordinates"":[]}"
20100410,-0.013438675739499764,2010-04-10,"{""type"":""MultiPoint"",""coordinates"":[]}"
20100411,-0.013564790976986832,2010-04-11,"{""type"":""MultiPoint"",""coordinates"":[]}"
20100412,-0.013577003488646603,2010-04-12,"{""type"":""MultiPoint"",""coordinates"":[]}"
20100413,-0.013271502072257087,2010-04-13,"{""type"":""MultiPoint"",""coordinates"":[]}"
20100414,-0.013642575068067044,2010-04-14,"{""type"":""MultiPoint"",""coordinates"":[]}"
20100415,-0.013637575113167091,2010-04-15,"{""type"":""MultiPoint"",""coordinates"":[]}"
20100416,-0.011663368021683364,2010-04-16,"{""type"":""MultiPoint"",""coordinates"":[]}"
20100417,-0.011984301691640392,2010-04-17,"{""type"":""MultiPoint"",""coordinates"":[]}"
20100418,-0.012768702299555188,2010-04-18,"{""type"":""MultiPoint"",""coordinates"":[]}"
20100419,-0.012756620770524188,2010-04-19,"{""type"":""MultiPoint"",""coordinates"":[]}"
20100420,-0.014902312708880055,2010-04-20,"{""type"":""MultiPoint"",""coordinates"":[]}"
20100421,-0.013064581853801287,2010-04-21,"{""type"":""MultiPoint"",""coordinates"":[]}"
20100422,-0.013203136003395184,2010-04-22,"{""type"":""MultiPoint"",""coordinates"":[]}"
20100423,-0.012528281202365555,2010-04-23,"{""type"":""MultiPoint"",""coordinates"":[]}"
20100424,-0.012462146647742969,2010-04-24,"{""type"":""MultiPoint"",""coordinates"":[]}"
20100425,-0.013729360036865824,2010-04-25,"{""type"":""MultiPoint"",""coordinates"":[]}"
20100426,-0.010281115784776067,2010-04-26,"{""type"":""MultiPoint"",""coordinates"":[]}"
20100427,-0.012249261876443632,2010-04-27,"{""type"":""MultiPoint"",""coordinates"":[]}"
20100428,-0.012546839561561598,2010-04-28,"{""type"":""MultiPoint"",""coordinates"":[]}"
20100429,-0.012386136178410475,2010-04-29,"{""type"":""MultiPoint"",""coordinates"":[]}"
20100430,-0.010258702495210225,2010-04-30,"{""type"":""MultiPoint"",""coordinates"":[]}"
20100501,-0.010152627698339179,2010-05-01,"{""type"":""MultiPoint"",""coordinates"":[]}"
20100502,-0.009922647946440653,2010-05-02,"{""type"":""MultiPoint"",""coordinates"":[]}"
20100503,-0.009750246965324854,2010-05-03,"{""type"":""MultiPoint"",""coordinates"":[]}"
20100504,-0.010758053895722942,2010-05-04,"{""type"":""MultiPoint"",""coordinates"":[]}"
20100505,-0.011710924782236743,2010-05-05,"{""type"":""MultiPoint"",""coordinates"":[]}"
20100506,-0.012019237773737033,2010-05-06,"{""type"":""MultiPoint"",""coordinates"":[]}"
20100507,-0.011300279759607929,2010-05-07,"{""type"":""MultiPoint"",""coordinates"":[]}"
20100508,-0.012011610275457548,2010-05-08,"{""type"":""MultiPoint"",""coordinates"":[]}"
20100509,-0.01339127279855622,2010-05-09,"{""type"":""MultiPoint"",""coordinates"":[]}"
20100510,-0.014190009938675368,2010-05-10,"{""type"":""MultiPoint"",""coordinates"":[]}"
20100511,-0.012832726375006789,2010-05-11,"{""type"":""MultiPoint"",""coordinates"":[]}"
20100512,-0.013226847855364208,2010-05-12,"{""type"":""MultiPoint"",""coordinates"":[]}"
20100513,-0.013844805558785396,2010-05-13,"{""type"":""MultiPoint"",""coordinates"":[]}"
20100514,-0.013600175394254998,2010-05-14,"{""type"":""MultiPoint"",""coordinates"":[]}"
20100515,-0.013480712251604297,2010-05-15,"{""type"":""MultiPoint"",""coordinates"":[]}"
20100516,-0.012972469055504598,2010-05-16,"{""type"":""MultiPoint"",""coordinates"":[]}"
20100517,-0.014911536948323935,2010-05-17,"{""type"":""MultiPoint"",""coordinates"":[]}"
20100518,-0.012446821994821534,2010-05-18,"{""type"":""MultiPoint"",""coordinates"":[]}"
20100519,-0.008783120180304893,2010-05-19,"{""type"":""MultiPoint"",""coordinates"":[]}"
20100520,-0.0066127947849196,2010-05-20,"{""type"":""MultiPoint"",""coordinates"":[]}"
20100521,-0.003109553990349076,2010-05-21,"{""type"":""MultiPoint"",""coordinates"":[]}"
20100522,-0.01022346481905018,2010-05-22,"{""type"":""MultiPoint"",""coordinates"":[]}"
20100523,-0.013905246621342007,2010-05-23,"{""type"":""MultiPoint"",""coordinates"":[]}"
20100524,-0.018054758194406967,2010-05-24,"{""type"":""MultiPoint"",""coordinates"":[]}"
20100525,-0.02109646645523498,2010-05-25,"{""type"":""MultiPoint"",""coordinates"":[]}"
20100526,-0.021630754518237698,2010-05-26,"{""type"":""MultiPoint"",""coordinates"":[]}"
20100527,-0.01850783075749083,2010-05-27,"{""type"":""MultiPoint"",""coordinates"":[]}"
20100528,-0.01779923302683886,2010-05-28,"{""type"":""MultiPoint"",""coordinates"":[]}"
20100529,-0.01735650211472681,2010-05-29,"{""type"":""MultiPoint"",""coordinates"":[]}"
20100530,-0.017537371825955054,2010-05-30,"{""type"":""MultiPoint"",""coordinates"":[]}"
20100531,-0.018375011906602134,2010-05-31,"{""type"":""MultiPoint"",""coordinates"":[]}"
20100601,-0.016230295674226614,2010-06-01,"{""type"":""MultiPoint"",""coordinates"":[]}"
20100602,-0.01657319070367824,2010-06-02,"{""type"":""MultiPoint"",""coordinates"":[]}"
20100603,-0.014644522635593942,2010-06-03,"{""type"":""MultiPoint"",""coordinates"":[]}"
20100604,-0.014388978427273762,2010-06-04,"{""type"":""MultiPoint"",""coordinates"":[]}"
20100605,-0.018229364196100988,2010-06-05,"{""type"":""MultiPoint"",""coordinates"":[]}"
20100606,-0.018526549452100922,2010-06-06,"{""type"":""MultiPoint"",""coordinates"":[]}"
20100607,-0.017030465370003363,2010-06-07,"{""type"":""MultiPoint"",""coordinates"":[]}"
20100608,-0.014815682894021529,2010-06-08,"{""type"":""MultiPoint"",""coordinates"":[]}"
20100609,-0.009971976793702975,2010-06-09,"{""type"":""MultiPoint"",""coordinates"":[]}"
20100610,-0.008709536522069301,2010-06-10,"{""type"":""MultiPoint"",""coordinates"":[]}"
20100611,-0.00742122703456368,2010-06-11,"{""type"":""MultiPoint"",""coordinates"":[]}"
20100612,-0.005184107680542578,2010-06-12,"{""type"":""MultiPoint"",""coordinates"":[]}"
20100613,-0.003776970796578578,2010-06-13,"{""type"":""MultiPoint"",""coordinates"":[]}"
20100614,-0.006665412476447339,2010-06-14,"{""type"":""MultiPoint"",""coordinates"":[]}"
20100615,-0.0083183559020453,2010-06-15,"{""type"":""MultiPoint"",""coordinates"":[]}"
20100616,-0.008453901710913944,2010-06-16,"{""type"":""MultiPoint"",""coordinates"":[]}"
20100617,-0.01062331525849111,2010-06-17,"{""type"":""MultiPoint"",""coordinates"":[]}"
20100618,-0.008945525308941413,2010-06-18,"{""type"":""MultiPoint"",""coordinates"":[]}"
20100619,-0.006374513682829721,2010-06-19,"{""type"":""MultiPoint"",""coordinates"":[]}"
20100620,-0.004267723062570266,2010-06-20,"{""type"":""MultiPoint"",""coordinates"":[]}"
20100621,-0.007937388574630253,2010-06-21,"{""type"":""MultiPoint"",""coordinates"":[]}"
20100622,-0.011204261024314481,2010-06-22,"{""type"":""MultiPoint"",""coordinates"":[]}"
20100623,-0.00930349710342899,2010-06-23,"{""type"":""MultiPoint"",""coordinates"":[]}"
20100624,-0.0060603576662443676,2010-06-24,"{""type"":""MultiPoint"",""coordinates"":[]}"
20100625,-0.009499592487613551,2010-06-25,"{""type"":""MultiPoint"",""coordinates"":[]}"
20100626,-0.00970637587402541,2010-06-26,"{""type"":""MultiPoint"",""coordinates"":[]}"
20100627,-0.010026609599981471,2010-06-27,"{""type"":""MultiPoint"",""coordinates"":[]}"
20100628,-0.012258964261918913,2010-06-28,"{""type"":""MultiPoint"",""coordinates"":[]}"
20100629,-0.011968023550830046,2010-06-29,"{""type"":""MultiPoint"",""coordinates"":[]}"
20100630,-0.009857158523959918,2010-06-30,"{""type"":""MultiPoint"",""coordinates"":[]}"
20100701,-0.0034386075771092386,2010-07-01,"{""type"":""MultiPoint"",""coordinates"":[]}"
20100702,-0.003538538305576832,2010-07-02,"{""type"":""MultiPoint"",""coordinates"":[]}"
20100703,-0.006590442188915214,2010-07-03,"{""type"":""MultiPoint"",""coordinates"":[]}"
20100704,-0.007994163285454556,2010-07-04,"{""type"":""MultiPoint"",""coordinates"":[]}"
20100705,-0.006622614607458944,2010-07-05,"{""type"":""MultiPoint"",""coordinates"":[]}"
20100706,-0.002708449019079949,2010-07-06,"{""type"":""MultiPoint"",""coordinates"":[]}"
20100707,-0.0037293253314597415,2010-07-07,"{""type"":""MultiPoint"",""coordinates"":[]}"
20100708,-0.004123054007050037,2010-07-08,"{""type"":""MultiPoint"",""coordinates"":[]}"
20100709,-0.008446317808418912,2010-07-09,"{""type"":""MultiPoint"",""coordinates"":[]}"
20100710,-0.008064096748594183,2010-07-10,"{""type"":""MultiPoint"",""coordinates"":[]}"
20100711,-0.0058327586306604826,2010-07-11,"{""type"":""MultiPoint"",""coordinates"":[]}"
20100712,-0.0051328160587107265,2010-07-12,"{""type"":""MultiPoint"",""coordinates"":[]}"
20100713,-0.01094401696094364,2010-07-13,"{""type"":""MultiPoint"",""coordinates"":[]}"
20100714,-0.008278383778831088,2010-07-14,"{""type"":""MultiPoint"",""coordinates"":[]}"
20100715,-0.0063705895437718,2010-07-15,"{""type"":""MultiPoint"",""coordinates"":[]}"
20100716,-0.004516017043667288,2010-07-16,"{""type"":""MultiPoint"",""coordinates"":[]}"
20100717,-0.004745995612426412,2010-07-17,"{""type"":""MultiPoint"",""coordinates"":[]}"
20100718,-0.007429466572007644,2010-07-18,"{""type"":""MultiPoint"",""coordinates"":[]}"
20100719,-0.0077427947644832405,2010-07-19,"{""type"":""MultiPoint"",""coordinates"":[]}"
20100720,-0.008494557029923092,2010-07-20,"{""type"":""MultiPoint"",""coordinates"":[]}"
20100721,-0.004927712750437856,2010-07-21,"{""type"":""MultiPoint"",""coordinates"":[]}"
20100722,-0.00309862119018289,2010-07-22,"{""type"":""MultiPoint"",""coordinates"":[]}"
20100723,-0.0041910929552510055,2010-07-23,"{""type"":""MultiPoint"",""coordinates"":[]}"
20100724,-0.0035344652093916187,2010-07-24,"{""type"":""MultiPoint"",""coordinates"":[]}"
20100725,-0.003121104825784318,2010-07-25,"{""type"":""MultiPoint"",""coordinates"":[]}"
20100726,-0.007550217358867269,2010-07-26,"{""type"":""MultiPoint"",""coordinates"":[]}"
20100727,-0.004839053763636023,2010-07-27,"{""type"":""MultiPoint"",""coordinates"":[]}"
20100728,-0.00582315389268264,2010-07-28,"{""type"":""MultiPoint"",""coordinates"":[]}"
20100729,-0.0017169124183195215,2010-07-29,"{""type"":""MultiPoint"",""coordinates"":[]}"
20100730,-0.00521951375444649,2010-07-30,"{""type"":""MultiPoint"",""coordinates"":[]}"
20100731,-0.007723551117809838,2010-07-31,"{""type"":""MultiPoint"",""coordinates"":[]}"
20100801,-0.009474223232119277,2010-08-01,"{""type"":""MultiPoint"",""coordinates"":[]}"
20100802,-0.009069019282442605,2010-08-02,"{""type"":""MultiPoint"",""coordinates"":[]}"
20100803,-0.008177861087469714,2010-08-03,"{""type"":""MultiPoint"",""coordinates"":[]}"
20100804,-0.00790232867083205,2010-08-04,"{""type"":""MultiPoint"",""coordinates"":[]}"
20100805,-0.004413410837909639,2010-08-05,"{""type"":""MultiPoint"",""coordinates"":[]}"
20100806,-0.00277811772365402,2010-08-06,"{""type"":""MultiPoint"",""coordinates"":[]}"
20100807,-0.010082564239348172,2010-08-07,"{""type"":""MultiPoint"",""coordinates"":[]}"
20100808,-0.00635636557869809,2010-08-08,"{""type"":""MultiPoint"",""coordinates"":[]}"
20100809,-0.007988186705941496,2010-08-09,"{""type"":""MultiPoint"",""coordinates"":[]}"
20100810,-0.008312998559102253,2010-08-10,"{""type"":""MultiPoint"",""coordinates"":[]}"
20100811,-0.005619729240204703,2010-08-11,"{""type"":""MultiPoint"",""coordinates"":[]}"
20100812,-0.00500797110594304,2010-08-12,"{""type"":""MultiPoint"",""coordinates"":[]}"
20100813,-0.003431382076599395,2010-08-13,"{""type"":""MultiPoint"",""coordinates"":[]}"
20100814,-0.0036388388596426398,2010-08-14,"{""type"":""MultiPoint"",""coordinates"":[]}"
20100815,-0.002831089598876027,2010-08-15,"{""type"":""MultiPoint"",""coordinates"":[]}"
20100816,-0.00471355586926129,2010-08-16,"{""type"":""MultiPoint"",""coordinates"":[]}"
20100817,-0.005236913071192226,2010-08-17,"{""type"":""MultiPoint"",""coordinates"":[]}"
20100818,-0.006314815436856411,2010-08-18,"{""type"":""MultiPoint"",""coordinates"":[]}"
20100819,-0.0056381252253918405,2010-08-19,"{""type"":""MultiPoint"",""coordinates"":[]}"
20100820,-0.0029727552969200702,2010-08-20,"{""type"":""MultiPoint"",""coordinates"":[]}"
20100821,-0.00468640185666261,2010-08-21,"{""type"":""MultiPoint"",""coordinates"":[]}"
20100822,-0.004990777945107703,2010-08-22,"{""type"":""MultiPoint"",""coordinates"":[]}"
20100823,-0.005971316803735545,2010-08-23,"{""type"":""MultiPoint"",""coordinates"":[]}"
20100824,-0.005346795102019692,2010-08-24,"{""type"":""MultiPoint"",""coordinates"":[]}"
20100825,-0.0037296698015204777,2010-08-25,"{""type"":""MultiPoint"",""coordinates"":[]}"
20100826,-0.0027678043784620937,2010-08-26,"{""type"":""MultiPoint"",""coordinates"":[]}"
20100827,-0.0046612346387539345,2010-08-27,"{""type"":""MultiPoint"",""coordinates"":[]}"
20100828,-0.006159592993581359,2010-08-28,"{""type"":""MultiPoint"",""coordinates"":[]}"
20100829,-0.004554632571816339,2010-08-29,"{""type"":""MultiPoint"",""coordinates"":[]}"
20100830,-0.0026620174649283406,2010-08-30,"{""type"":""MultiPoint"",""coordinates"":[]}"
20100831,-0.004109270309540347,2010-08-31,"{""type"":""MultiPoint"",""coordinates"":[]}"
20100901,-0.0075702248994529405,2010-09-01,"{""type"":""MultiPoint"",""coordinates"":[]}"
20100902,-0.006428930249813818,2010-09-02,"{""type"":""MultiPoint"",""coordinates"":[]}"
20100903,-0.004757724177691335,2010-09-03,"{""type"":""MultiPoint"",""coordinates"":[]}"
20100904,-0.0023523462267487074,2010-09-04,"{""type"":""MultiPoint"",""coordinates"":[]}"
20100905,-0.004947700364391549,2010-09-05,"{""type"":""MultiPoint"",""coordinates"":[]}"
20100906,-0.0043764012918926214,2010-09-06,"{""type"":""MultiPoint"",""coordinates"":[]}"
20100907,-0.002772785086313424,2010-09-07,"{""type"":""MultiPoint"",""coordinates"":[]}"
20100908,-0.005949358752747022,2010-09-08,"{""type"":""MultiPoint"",""coordinates"":[]}"
20100909,-0.007030848202131564,2010-09-09,"{""type"":""MultiPoint"",""coordinates"":[]}"
20100910,-0.006862534734830392,2010-09-10,"{""type"":""MultiPoint"",""coordinates"":[]}"
20100911,-0.006941049340762338,2010-09-11,"{""type"":""MultiPoint"",""coordinates"":[]}"
20100912,-0.006036418106662587,2010-09-12,"{""type"":""MultiPoint"",""coordinates"":[]}"
20100913,-0.00579860860484109,2010-09-13,"{""type"":""MultiPoint"",""coordinates"":[]}"
20100914,-0.004115197236160224,2010-09-14,"{""type"":""MultiPoint"",""coordinates"":[]}"
20100915,-0.0050977567405836085,2010-09-15,"{""type"":""MultiPoint"",""coordinates"":[]}"
20100916,-0.004174300519169516,2010-09-16,"{""type"":""MultiPoint"",""coordinates"":[]}"
20100917,-0.0032867302928655273,2010-09-17,"{""type"":""MultiPoint"",""coordinates"":[]}"
20100918,-0.004298779027956945,2010-09-18,"{""type"":""MultiPoint"",""coordinates"":[]}"
20100919,-0.005828009124889818,2010-09-19,"{""type"":""MultiPoint"",""coordinates"":[]}"
20100920,-0.006298143224472243,2010-09-20,"{""type"":""MultiPoint"",""coordinates"":[]}"
20100921,-0.005790746683367608,2010-09-21,"{""type"":""MultiPoint"",""coordinates"":[]}"
20100922,-0.005434857100456963,2010-09-22,"{""type"":""MultiPoint"",""coordinates"":[]}"
20100923,-0.004977850958812364,2010-09-23,"{""type"":""MultiPoint"",""coordinates"":[]}"
20100924,-0.00454542512202408,2010-09-24,"{""type"":""MultiPoint"",""coordinates"":[]}"
20100925,-0.005226135916104192,2010-09-25,"{""type"":""MultiPoint"",""coordinates"":[]}"
20100926,-0.00523167661818034,2010-09-26,"{""type"":""MultiPoint"",""coordinates"":[]}"
20100927,-0.006431802248391238,2010-09-27,"{""type"":""MultiPoint"",""coordinates"":[]}"
20100928,-0.005643568139955886,2010-09-28,"{""type"":""MultiPoint"",""coordinates"":[]}"
20100929,-0.005845941593093999,2010-09-29,"{""type"":""MultiPoint"",""coordinates"":[]}"
20100930,-0.007078739793776295,2010-09-30,"{""type"":""MultiPoint"",""coordinates"":[]}"
20101001,-0.007366641095476485,2010-10-01,"{""type"":""MultiPoint"",""coordinates"":[]}"
20101002,-0.004374997629393458,2010-10-02,"{""type"":""MultiPoint"",""coordinates"":[]}"
20101003,-0.004991063328981498,2010-10-03,"{""type"":""MultiPoint"",""coordinates"":[]}"
20101004,-0.005135201529159543,2010-10-04,"{""type"":""MultiPoint"",""coordinates"":[]}"
20101005,-0.005293098124397403,2010-10-05,"{""type"":""MultiPoint"",""coordinates"":[]}"
20101006,-0.004908615921554656,2010-10-06,"{""type"":""MultiPoint"",""coordinates"":[]}"
20101007,-0.008127927426234045,2010-10-07,"{""type"":""MultiPoint"",""coordinates"":[]}"
20101008,-0.006762504343399333,2010-10-08,"{""type"":""MultiPoint"",""coordinates"":[]}"
20101009,-0.008055927182468075,2010-10-09,"{""type"":""MultiPoint"",""coordinates"":[]}"
20101010,-0.007854947141420992,2010-10-10,"{""type"":""MultiPoint"",""coordinates"":[]}"
20101011,-0.007417605780436051,2010-10-11,"{""type"":""MultiPoint"",""coordinates"":[]}"
20101012,-0.006710271660678263,2010-10-12,"{""type"":""MultiPoint"",""coordinates"":[]}"
20101013,-0.007550189694950613,2010-10-13,"{""type"":""MultiPoint"",""coordinates"":[]}"
20101014,-0.008280467094536934,2010-10-14,"{""type"":""MultiPoint"",""coordinates"":[]}"
20101015,-0.009495402846142793,2010-10-15,"{""type"":""MultiPoint"",""coordinates"":[]}"
20101016,-0.003539250415485845,2010-10-16,"{""type"":""MultiPoint"",""coordinates"":[]}"
20101017,-0.0013276746707589163,2010-10-17,"{""type"":""MultiPoint"",""coordinates"":[]}"
20101018,-0.0015892821062460085,2010-10-18,"{""type"":""MultiPoint"",""coordinates"":[]}"
20101019,-0.00377847426935153,2010-10-19,"{""type"":""MultiPoint"",""coordinates"":[]}"
20101020,-0.00419722861004619,2010-10-20,"{""type"":""MultiPoint"",""coordinates"":[]}"
20101021,-0.005123288914157062,2010-10-21,"{""type"":""MultiPoint"",""coordinates"":[]}"
20101022,-0.004935676286387351,2010-10-22,"{""type"":""MultiPoint"",""coordinates"":[]}"
20101023,-0.0036437160457450696,2010-10-23,"{""type"":""MultiPoint"",""coordinates"":[]}"
20101024,-0.0027174984921308413,2010-10-24,"{""type"":""MultiPoint"",""coordinates"":[]}"
20101025,-0.005845360534424046,2010-10-25,"{""type"":""MultiPoint"",""coordinates"":[]}"
20101026,-0.006879740725323988,2010-10-26,"{""type"":""MultiPoint"",""coordinates"":[]}"
20101027,-0.00784073639143392,2010-10-27,"{""type"":""MultiPoint"",""coordinates"":[]}"
20101028,-0.008687353932425116,2010-10-28,"{""type"":""MultiPoint"",""coordinates"":[]}"
20101029,-0.007513252960437984,2010-10-29,"{""type"":""MultiPoint"",""coordinates"":[]}"
20101030,-0.0025791008218044374,2010-10-30,"{""type"":""MultiPoint"",""coordinates"":[]}"
20101031,-0.004242934976267493,2010-10-31,"{""type"":""MultiPoint"",""coordinates"":[]}"
20101101,-0.00284938208466694,2010-11-01,"{""type"":""MultiPoint"",""coordinates"":[]}"
20101102,-0.0014439245362364555,2010-11-02,"{""type"":""MultiPoint"",""coordinates"":[]}"
20101103,-0.0020328379495041364,2010-11-03,"{""type"":""MultiPoint"",""coordinates"":[]}"
20101104,-0.004108399587235821,2010-11-04,"{""type"":""MultiPoint"",""coordinates"":[]}"
20101105,-0.0036447543693242505,2010-11-05,"{""type"":""MultiPoint"",""coordinates"":[]}"
20101106,-0.006911047515489048,2010-11-06,"{""type"":""MultiPoint"",""coordinates"":[]}"
20101107,-0.006084215524477376,2010-11-07,"{""type"":""MultiPoint"",""coordinates"":[]}"
20101108,-0.0038150856489091874,2010-11-08,"{""type"":""MultiPoint"",""coordinates"":[]}"
20101109,-0.004733951326674326,2010-11-09,"{""type"":""MultiPoint"",""coordinates"":[]}"
20101110,-0.004705815696434169,2010-11-10,"{""type"":""MultiPoint"",""coordinates"":[]}"
20101111,-0.004265828879506712,2010-11-11,"{""type"":""MultiPoint"",""coordinates"":[]}"
20101112,-0.004304455249633606,2010-11-12,"{""type"":""MultiPoint"",""coordinates"":[]}"
20101113,-0.004063441751034212,2010-11-13,"{""type"":""MultiPoint"",""coordinates"":[]}"
20101114,-0.0042273135989056255,2010-11-14,"{""type"":""MultiPoint"",""coordinates"":[]}"
20101115,-0.004905982880193674,2010-11-15,"{""type"":""MultiPoint"",""coordinates"":[]}"
20101116,-0.0052389163959944765,2010-11-16,"{""type"":""MultiPoint"",""coordinates"":[]}"
20101117,-0.0033288645750967436,2010-11-17,"{""type"":""MultiPoint"",""coordinates"":[]}"
20101118,-0.004202337607650083,2010-11-18,"{""type"":""MultiPoint"",""coordinates"":[]}"
20101119,-0.005094811035308288,2010-11-19,"{""type"":""MultiPoint"",""coordinates"":[]}"
20101120,-0.004476161216133767,2010-11-20,"{""type"":""MultiPoint"",""coordinates"":[]}"
20101121,-0.0041838636378669905,2010-11-21,"{""type"":""MultiPoint"",""coordinates"":[]}"
20101122,-0.005238261733231601,2010-11-22,"{""type"":""MultiPoint"",""coordinates"":[]}"
20101123,-0.005782068578249374,2010-11-23,"{""type"":""MultiPoint"",""coordinates"":[]}"
20101124,-0.0048115645840349905,2010-11-24,"{""type"":""MultiPoint"",""coordinates"":[]}"
20101125,-0.004728013309558346,2010-11-25,"{""type"":""MultiPoint"",""coordinates"":[]}"
20101126,-0.004902385075261998,2010-11-26,"{""type"":""MultiPoint"",""coordinates"":[]}"
20101127,-0.004968840569565709,2010-11-27,"{""type"":""MultiPoint"",""coordinates"":[]}"
20101128,-0.0055166163648524445,2010-11-28,"{""type"":""MultiPoint"",""coordinates"":[]}"
20101129,-0.005287331510062784,2010-11-29,"{""type"":""MultiPoint"",""coordinates"":[]}"
20101130,-0.005559482850804021,2010-11-30,"{""type"":""MultiPoint"",""coordinates"":[]}"
20101201,-0.004961123149276223,2010-12-01,"{""type"":""MultiPoint"",""coordinates"":[]}"
20101202,-0.004983714049457487,2010-12-02,"{""type"":""MultiPoint"",""coordinates"":[]}"
20101203,-0.005107145916987688,2010-12-03,"{""type"":""MultiPoint"",""coordinates"":[]}"
20101204,-0.00493666676748464,2010-12-04,"{""type"":""MultiPoint"",""coordinates"":[]}"
20101205,-0.007570294736189081,2010-12-05,"{""type"":""MultiPoint"",""coordinates"":[]}"
20101206,-0.006965127955081985,2010-12-06,"{""type"":""MultiPoint"",""coordinates"":[]}"
20101207,-0.0022853476191452182,2010-12-07,"{""type"":""MultiPoint"",""coordinates"":[]}"
20101208,-0.002781302380091925,2010-12-08,"{""type"":""MultiPoint"",""coordinates"":[]}"
20101209,-0.00459098843331039,2010-12-09,"{""type"":""MultiPoint"",""coordinates"":[]}"
20101210,-0.0031977418465991146,2010-12-10,"{""type"":""MultiPoint"",""coordinates"":[]}"
20101211,-0.0038806386461178064,2010-12-11,"{""type"":""MultiPoint"",""coordinates"":[]}"
20101212,-0.006279345864441014,2010-12-12,"{""type"":""MultiPoint"",""coordinates"":[]}"
20101213,-0.004661464045014629,2010-12-13,"{""type"":""MultiPoint"",""coordinates"":[]}"
20101214,-0.005138484796433006,2010-12-14,"{""type"":""MultiPoint"",""coordinates"":[]}"
20101215,-0.006666081520361304,2010-12-15,"{""type"":""MultiPoint"",""coordinates"":[]}"
20101216,-0.006399046384564009,2010-12-16,"{""type"":""MultiPoint"",""coordinates"":[]}"
20101217,-0.006016127991654724,2010-12-17,"{""type"":""MultiPoint"",""coordinates"":[]}"
20101218,-0.00635590509640097,2010-12-18,"{""type"":""MultiPoint"",""coordinates"":[]}"
20101219,-0.007693816349391536,2010-12-19,"{""type"":""MultiPoint"",""coordinates"":[]}"
20101220,-0.0068884141911759586,2010-12-20,"{""type"":""MultiPoint"",""coordinates"":[]}"
20101221,-0.00621438138517565,2010-12-21,"{""type"":""MultiPoint"",""coordinates"":[]}"
20101222,-0.005918506911816341,2010-12-22,"{""type"":""MultiPoint"",""coordinates"":[]}"
20101223,-0.0058016371382572296,2010-12-23,"{""type"":""MultiPoint"",""coordinates"":[]}"
20101224,-0.005943562769949189,2010-12-24,"{""type"":""MultiPoint"",""coordinates"":[]}"
20101225,-0.006092488444396877,2010-12-25,"{""type"":""MultiPoint"",""coordinates"":[]}"
20101226,-0.006162780279562899,2010-12-26,"{""type"":""MultiPoint"",""coordinates"":[]}"
20101227,-0.005909694414665771,2010-12-27,"{""type"":""MultiPoint"",""coordinates"":[]}"
20101228,-0.005931324614806048,2010-12-28,"{""type"":""MultiPoint"",""coordinates"":[]}"
20101229,-0.0054945921597306805,2010-12-29,"{""type"":""MultiPoint"",""coordinates"":[]}"
20101230,-0.006483598986617365,2010-12-30,"{""type"":""MultiPoint"",""coordinates"":[]}"
20101231,-0.006221168178462244,2010-12-31,"{""type"":""MultiPoint"",""coordinates"":[]}"
20110101,-0.004479064141031533,2011-01-01,"{""type"":""MultiPoint"",""coordinates"":[]}"
20110102,-0.006174770828867822,2011-01-02,"{""type"":""MultiPoint"",""coordinates"":[]}"
20110103,-0.006051743206016578,2011-01-03,"{""type"":""MultiPoint"",""coordinates"":[]}"
20110104,-0.005141657774064872,2011-01-04,"{""type"":""MultiPoint"",""coordinates"":[]}"
20110105,-0.00720704375348308,2011-01-05,"{""type"":""MultiPoint"",""coordinates"":[]}"
20110106,-0.007807903290583472,2011-01-06,"{""type"":""MultiPoint"",""coordinates"":[]}"
20110107,-0.006991236287898839,2011-01-07,"{""type"":""MultiPoint"",""coordinates"":[]}"
20110108,-0.006248792009014075,2011-01-08,"{""type"":""MultiPoint"",""coordinates"":[]}"
20110109,-0.006764440818186167,2011-01-09,"{""type"":""MultiPoint"",""coordinates"":[]}"
20110110,-0.007728750748673379,2011-01-10,"{""type"":""MultiPoint"",""coordinates"":[]}"
20110111,-0.00731723680033615,2011-01-11,"{""type"":""MultiPoint"",""coordinates"":[]}"
20110112,-0.0074013861427804275,2011-01-12,"{""type"":""MultiPoint"",""coordinates"":[]}"
20110113,-0.007276637856165735,2011-01-13,"{""type"":""MultiPoint"",""coordinates"":[]}"
20110114,-0.007390769521331205,2011-01-14,"{""type"":""MultiPoint"",""coordinates"":[]}"
20110115,-0.008288241120642775,2011-01-15,"{""type"":""MultiPoint"",""coordinates"":[]}"
20110116,-0.006523441256168032,2011-01-16,"{""type"":""MultiPoint"",""coordinates"":[]}"
20110117,-0.0065729932678623045,2011-01-17,"{""type"":""MultiPoint"",""coordinates"":[]}"
20110118,-0.007030204585159444,2011-01-18,"{""type"":""MultiPoint"",""coordinates"":[]}"
20110119,-0.007039015288042316,2011-01-19,"{""type"":""MultiPoint"",""coordinates"":[]}"
20110120,-0.008191047487558091,2011-01-20,"{""type"":""MultiPoint"",""coordinates"":[]}"
20110121,-0.008661149406431614,2011-01-21,"{""type"":""MultiPoint"",""coordinates"":[]}"
20110122,-0.007933406293320157,2011-01-22,"{""type"":""MultiPoint"",""coordinates"":[]}"
20110123,-0.007370743141477964,2011-01-23,"{""type"":""MultiPoint"",""coordinates"":[]}"
20110124,-0.007598623635868335,2011-01-24,"{""type"":""MultiPoint"",""coordinates"":[]}"
20110125,-0.007663541319502001,2011-01-25,"{""type"":""MultiPoint"",""coordinates"":[]}"
20110126,-0.008727718394260082,2011-01-26,"{""type"":""MultiPoint"",""coordinates"":[]}"
20110127,-0.008565759146347402,2011-01-27,"{""type"":""MultiPoint"",""coordinates"":[]}"
20110128,-0.009187226515005488,2011-01-28,"{""type"":""MultiPoint"",""coordinates"":[]}"
20110129,-0.009990748436518064,2011-01-29,"{""type"":""MultiPoint"",""coordinates"":[]}"
20110130,-0.00881907371075716,2011-01-30,"{""type"":""MultiPoint"",""coordinates"":[]}"
20110131,-0.00876029668410543,2011-01-31,"{""type"":""MultiPoint"",""coordinates"":[]}"
20110201,-0.008287747096296866,2011-02-01,"{""type"":""MultiPoint"",""coordinates"":[]}"
20110202,-0.008403693661922626,2011-02-02,"{""type"":""MultiPoint"",""coordinates"":[]}"
20110203,-0.008221442371549701,2011-02-03,"{""type"":""MultiPoint"",""coordinates"":[]}"
20110204,-0.00788831195617359,2011-02-04,"{""type"":""MultiPoint"",""coordinates"":[]}"
20110205,-0.008693640093356797,2011-02-05,"{""type"":""MultiPoint"",""coordinates"":[]}"
20110206,-0.008221831364720366,2011-02-06,"{""type"":""MultiPoint"",""coordinates"":[]}"
20110207,-0.008641292684454188,2011-02-07,"{""type"":""MultiPoint"",""coordinates"":[]}"
20110208,-0.009601497236528894,2011-02-08,"{""type"":""MultiPoint"",""coordinates"":[]}"
20110209,-0.010297843167438245,2011-02-09,"{""type"":""MultiPoint"",""coordinates"":[]}"
20110210,-0.010448839717087358,2011-02-10,"{""type"":""MultiPoint"",""coordinates"":[]}"
20110211,-0.010508611249869812,2011-02-11,"{""type"":""MultiPoint"",""coordinates"":[]}"
20110212,-0.009550313526262587,2011-02-12,"{""type"":""MultiPoint"",""coordinates"":[]}"
20110213,-0.009926633017022858,2011-02-13,"{""type"":""MultiPoint"",""coordinates"":[]}"
20110214,-0.011941061695780205,2011-02-14,"{""type"":""MultiPoint"",""coordinates"":[]}"
20110215,-0.011559571957055705,2011-02-15,"{""type"":""MultiPoint"",""coordinates"":[]}"
20110216,-0.009344877756436946,2011-02-16,"{""type"":""MultiPoint"",""coordinates"":[]}"
20110217,-0.007554496163133286,2011-02-17,"{""type"":""MultiPoint"",""coordinates"":[]}"
20110218,-0.008300572788194047,2011-02-18,"{""type"":""MultiPoint"",""coordinates"":[]}"
20110219,-0.00893283513509247,2011-02-19,"{""type"":""MultiPoint"",""coordinates"":[]}"
20110220,-0.006919844033117169,2011-02-20,"{""type"":""MultiPoint"",""coordinates"":[]}"
20110221,-0.004871938070579988,2011-02-21,"{""type"":""MultiPoint"",""coordinates"":[]}"
20110222,-0.00688942807288318,2011-02-22,"{""type"":""MultiPoint"",""coordinates"":[]}"
20110223,-0.006740255667456059,2011-02-23,"{""type"":""MultiPoint"",""coordinates"":[]}"
20110224,-0.0073758900841415795,2011-02-24,"{""type"":""MultiPoint"",""coordinates"":[]}"
20110225,-0.006734437393765385,2011-02-25,"{""type"":""MultiPoint"",""coordinates"":[]}"
20110226,-0.006491782321834907,2011-02-26,"{""type"":""MultiPoint"",""coordinates"":[]}"
20110227,-0.007235083928805721,2011-02-27,"{""type"":""MultiPoint"",""coordinates"":[]}"
20110228,-0.009627782653586768,2011-02-28,"{""type"":""MultiPoint"",""coordinates"":[]}"
20110301,-0.00950576220182877,2011-03-01,"{""type"":""MultiPoint"",""coordinates"":[]}"
20110302,-0.009126732236167043,2011-03-02,"{""type"":""MultiPoint"",""coordinates"":[]}"
20110303,-0.010439349917951906,2011-03-03,"{""type"":""MultiPoint"",""coordinates"":[]}"
20110304,-0.011327223488347346,2011-03-04,"{""type"":""MultiPoint"",""coordinates"":[]}"
20110305,-0.01198584855762669,2011-03-05,"{""type"":""MultiPoint"",""coordinates"":[]}"
20110306,-0.01205090292940895,2011-03-06,"{""type"":""MultiPoint"",""coordinates"":[]}"
20110307,-0.009875730422045906,2011-03-07,"{""type"":""MultiPoint"",""coordinates"":[]}"
20110308,-0.010988646088978852,2011-03-08,"{""type"":""MultiPoint"",""coordinates"":[]}"
20110309,-0.012293366059090304,2011-03-09,"{""type"":""MultiPoint"",""coordinates"":[]}"
20110310,-0.013361643712179544,2011-03-10,"{""type"":""MultiPoint"",""coordinates"":[]}"
20110311,-0.011585792857468876,2011-03-11,"{""type"":""MultiPoint"",""coordinates"":[]}"
20110312,-0.010763206770537647,2011-03-12,"{""type"":""MultiPoint"",""coordinates"":[]}"
20110313,-0.010807718621547724,2011-03-13,"{""type"":""MultiPoint"",""coordinates"":[]}"
20110314,-0.00996482024591209,2011-03-14,"{""type"":""MultiPoint"",""coordinates"":[]}"
20110315,-0.010378412958702558,2011-03-15,"{""type"":""MultiPoint"",""coordinates"":[]}"
20110316,-0.011722295375494983,2011-03-16,"{""type"":""MultiPoint"",""coordinates"":[]}"
20110317,-0.012187582565825986,2011-03-17,"{""type"":""MultiPoint"",""coordinates"":[]}"
20110318,-0.011954241303450032,2011-03-18,"{""type"":""MultiPoint"",""coordinates"":[]}"
20110319,-0.012489935915861743,2011-03-19,"{""type"":""MultiPoint"",""coordinates"":[]}"
20110320,-0.01215643345824733,2011-03-20,"{""type"":""MultiPoint"",""coordinates"":[]}"
20110321,-0.011630573332504689,2011-03-21,"{""type"":""MultiPoint"",""coordinates"":[]}"
20110322,-0.011122710465431174,2011-03-22,"{""type"":""MultiPoint"",""coordinates"":[]}"
20110323,-0.012070199384738356,2011-03-23,"{""type"":""MultiPoint"",""coordinates"":[]}"
20110324,-0.012423941781663254,2011-03-24,"{""type"":""MultiPoint"",""coordinates"":[]}"
20110325,-0.011624810053219949,2011-03-25,"{""type"":""MultiPoint"",""coordinates"":[]}"
20110326,-0.008411621093803398,2011-03-26,"{""type"":""MultiPoint"",""coordinates"":[]}"
20110327,-0.011053424066853052,2011-03-27,"{""type"":""MultiPoint"",""coordinates"":[]}"
20110328,-0.012127344756592036,2011-03-28,"{""type"":""MultiPoint"",""coordinates"":[]}"
20110329,-0.01211065737419369,2011-03-29,"{""type"":""MultiPoint"",""coordinates"":[]}"
20110330,-0.01133073897738696,2011-03-30,"{""type"":""MultiPoint"",""coordinates"":[]}"
20110331,-0.011053388290157855,2011-03-31,"{""type"":""MultiPoint"",""coordinates"":[]}"
20110401,-0.012470840410443069,2011-04-01,"{""type"":""MultiPoint"",""coordinates"":[]}"
20110402,-0.01105722590962412,2011-04-02,"{""type"":""MultiPoint"",""coordinates"":[]}"
20110403,-0.012919085607652274,2011-04-03,"{""type"":""MultiPoint"",""coordinates"":[]}"
20110404,-0.012701766038369157,2011-04-04,"{""type"":""MultiPoint"",""coordinates"":[]}"
20110405,-0.01067747999234291,2011-04-05,"{""type"":""MultiPoint"",""coordinates"":[]}"
20110406,-0.009692545576780369,2011-04-06,"{""type"":""MultiPoint"",""coordinates"":[]}"
20110407,-0.01125403423262932,2011-04-07,"{""type"":""MultiPoint"",""coordinates"":[]}"
20110408,-0.009298162098257307,2011-04-08,"{""type"":""MultiPoint"",""coordinates"":[]}"
20110409,-0.008483188695060973,2011-04-09,"{""type"":""MultiPoint"",""coordinates"":[]}"
20110410,-0.011301592381221609,2011-04-10,"{""type"":""MultiPoint"",""coordinates"":[]}"
20110411,-0.010757816676582078,2011-04-11,"{""type"":""MultiPoint"",""coordinates"":[]}"
20110412,-0.011485234696295888,2011-04-12,"{""type"":""MultiPoint"",""coordinates"":[]}"
20110413,-0.010724259809834932,2011-04-13,"{""type"":""MultiPoint"",""coordinates"":[]}"
20110414,-0.010865016148823684,2011-04-14,"{""type"":""MultiPoint"",""coordinates"":[]}"
20110415,-0.010429393358212262,2011-04-15,"{""type"":""MultiPoint"",""coordinates"":[]}"
20110416,-0.010202276760373021,2011-04-16,"{""type"":""MultiPoint"",""coordinates"":[]}"
20110417,-0.009970513311569788,2011-04-17,"{""type"":""MultiPoint"",""coordinates"":[]}"
20110418,-0.011051304865172269,2011-04-18,"{""type"":""MultiPoint"",""coordinates"":[]}"
20110419,-0.012173480003863563,2011-04-19,"{""type"":""MultiPoint"",""coordinates"":[]}"
20110420,-0.010621810249282328,2011-04-20,"{""type"":""MultiPoint"",""coordinates"":[]}"
20110421,-0.009205065896744141,2011-04-21,"{""type"":""MultiPoint"",""coordinates"":[]}"
20110422,-0.007876510016862003,2011-04-22,"{""type"":""MultiPoint"",""coordinates"":[]}"
20110423,-0.008281308390168165,2011-04-23,"{""type"":""MultiPoint"",""coordinates"":[]}"
20110424,-0.009623119944022084,2011-04-24,"{""type"":""MultiPoint"",""coordinates"":[]}"
20110425,-0.009965102670229875,2011-04-25,"{""type"":""MultiPoint"",""coordinates"":[]}"
20110426,-0.010609808692372468,2011-04-26,"{""type"":""MultiPoint"",""coordinates"":[]}"
20110427,-0.011132481193583706,2011-04-27,"{""type"":""MultiPoint"",""coordinates"":[]}"
20110428,-0.012886416374559161,2011-04-28,"{""type"":""MultiPoint"",""coordinates"":[]}"
20110429,-0.011752337045494759,2011-04-29,"{""type"":""MultiPoint"",""coordinates"":[]}"
20110430,-0.01034738839990825,2011-04-30,"{""type"":""MultiPoint"",""coordinates"":[]}"
20110501,-0.0090823254560703,2011-05-01,"{""type"":""MultiPoint"",""coordinates"":[]}"
20110502,-0.012189856903751158,2011-05-02,"{""type"":""MultiPoint"",""coordinates"":[]}"
20110503,-0.014465560090762136,2011-05-03,"{""type"":""MultiPoint"",""coordinates"":[]}"
20110504,-0.015897189155099915,2011-05-04,"{""type"":""MultiPoint"",""coordinates"":[]}"
20110505,-0.016905357640451913,2011-05-05,"{""type"":""MultiPoint"",""coordinates"":[]}"
20110506,-0.015276552081919,2011-05-06,"{""type"":""MultiPoint"",""coordinates"":[]}"
20110507,-0.016054780846371235,2011-05-07,"{""type"":""MultiPoint"",""coordinates"":[]}"
20110508,-0.014648130197156996,2011-05-08,"{""type"":""MultiPoint"",""coordinates"":[]}"
20110509,-0.014685026481868698,2011-05-09,"{""type"":""MultiPoint"",""coordinates"":[]}"
20110510,-0.013062314132733063,2011-05-10,"{""type"":""MultiPoint"",""coordinates"":[]}"
20110511,-0.013182801272606934,2011-05-11,"{""type"":""MultiPoint"",""coordinates"":[]}"
20110512,-0.014238347591417589,2011-05-12,"{""type"":""MultiPoint"",""coordinates"":[]}"
20110513,-0.013947577807650104,2011-05-13,"{""type"":""MultiPoint"",""coordinates"":[]}"
20110514,-0.014274317579491153,2011-05-14,"{""type"":""MultiPoint"",""coordinates"":[]}"
20110515,-0.013932264240567966,2011-05-15,"{""type"":""MultiPoint"",""coordinates"":[]}"
20110516,-0.012827775696419571,2011-05-16,"{""type"":""MultiPoint"",""coordinates"":[]}"
20110517,-0.010316990767779649,2011-05-17,"{""type"":""MultiPoint"",""coordinates"":[]}"
20110518,-0.01105921071927256,2011-05-18,"{""type"":""MultiPoint"",""coordinates"":[]}"
20110519,-0.013455578314963221,2011-05-19,"{""type"":""MultiPoint"",""coordinates"":[]}"
20110520,-0.015783639905287476,2011-05-20,"{""type"":""MultiPoint"",""coordinates"":[]}"
20110521,-0.018019335724817297,2011-05-21,"{""type"":""MultiPoint"",""coordinates"":[]}"
20110522,-0.014776092312776467,2011-05-22,"{""type"":""MultiPoint"",""coordinates"":[]}"
20110523,-0.01321540391413741,2011-05-23,"{""type"":""MultiPoint"",""coordinates"":[]}"
20110524,-0.013461958872164989,2011-05-24,"{""type"":""MultiPoint"",""coordinates"":[]}"
20110525,-0.01260396189696764,2011-05-25,"{""type"":""MultiPoint"",""coordinates"":[]}"
20110526,-0.011649866399696618,2011-05-26,"{""type"":""MultiPoint"",""coordinates"":[]}"
20110527,-0.012649178870503193,2011-05-27,"{""type"":""MultiPoint"",""coordinates"":[]}"
20110528,-0.010586362163373997,2011-05-28,"{""type"":""MultiPoint"",""coordinates"":[]}"
20110529,-0.01416189023688801,2011-05-29,"{""type"":""MultiPoint"",""coordinates"":[]}"
20110530,-0.015652394218460274,2011-05-30,"{""type"":""MultiPoint"",""coordinates"":[]}"
20110531,-0.015028099327921852,2011-05-31,"{""type"":""MultiPoint"",""coordinates"":[]}"
20110601,-0.01216940656990462,2011-06-01,"{""type"":""MultiPoint"",""coordinates"":[]}"
20110602,-0.009471407519435582,2011-06-02,"{""type"":""MultiPoint"",""coordinates"":[]}"
20110603,-0.00876719897815578,2011-06-03,"{""type"":""MultiPoint"",""coordinates"":[]}"
20110604,-0.011672868243684034,2011-06-04,"{""type"":""MultiPoint"",""coordinates"":[]}"
20110605,-0.01079884153200172,2011-06-05,"{""type"":""MultiPoint"",""coordinates"":[]}"
20110606,-0.010574222699629177,2011-06-06,"{""type"":""MultiPoint"",""coordinates"":[]}"
20110607,-0.009316855657907356,2011-06-07,"{""type"":""MultiPoint"",""coordinates"":[]}"
20110608,-0.008618731997480913,2011-06-08,"{""type"":""MultiPoint"",""coordinates"":[]}"
20110609,-0.009128854985403322,2011-06-09,"{""type"":""MultiPoint"",""coordinates"":[]}"
20110610,-0.009150182144920738,2011-06-10,"{""type"":""MultiPoint"",""coordinates"":[]}"
20110611,-0.00852162932192486,2011-06-11,"{""type"":""MultiPoint"",""coordinates"":[]}"
20110612,-0.011812624714539356,2011-06-12,"{""type"":""MultiPoint"",""coordinates"":[]}"
20110613,-0.011997898239841851,2011-06-13,"{""type"":""MultiPoint"",""coordinates"":[]}"
20110614,-0.01234601397888303,2011-06-14,"{""type"":""MultiPoint"",""coordinates"":[]}"
20110615,-0.01168737381487455,2011-06-15,"{""type"":""MultiPoint"",""coordinates"":[]}"
20110616,-0.011863047493398724,2011-06-16,"{""type"":""MultiPoint"",""coordinates"":[]}"
20110617,-0.010491667809373486,2011-06-17,"{""type"":""MultiPoint"",""coordinates"":[]}"
20110618,-0.015672186130414163,2011-06-18,"{""type"":""MultiPoint"",""coordinates"":[]}"
20110619,-0.014254014077250016,2011-06-19,"{""type"":""MultiPoint"",""coordinates"":[]}"
20110620,-0.013328817612372602,2011-06-20,"{""type"":""MultiPoint"",""coordinates"":[]}"
20110621,-0.013920515157411814,2011-06-21,"{""type"":""MultiPoint"",""coordinates"":[]}"
20110622,-0.013176652470404043,2011-06-22,"{""type"":""MultiPoint"",""coordinates"":[]}"
20110623,-0.013799341673431083,2011-06-23,"{""type"":""MultiPoint"",""coordinates"":[]}"
20110624,-0.014677316381769225,2011-06-24,"{""type"":""MultiPoint"",""coordinates"":[]}"
20110625,-0.007704356550155785,2011-06-25,"{""type"":""MultiPoint"",""coordinates"":[]}"
20110626,-0.007155554189727311,2011-06-26,"{""type"":""MultiPoint"",""coordinates"":[]}"
20110627,-0.008953463512482236,2011-06-27,"{""type"":""MultiPoint"",""coordinates"":[]}"
20110628,-0.011733530411122116,2011-06-28,"{""type"":""MultiPoint"",""coordinates"":[]}"
20110629,-0.01335806018920898,2011-06-29,"{""type"":""MultiPoint"",""coordinates"":[]}"
20110630,-0.013315188972562482,2011-06-30,"{""type"":""MultiPoint"",""coordinates"":[]}"
20110701,-0.010735757216793172,2011-07-01,"{""type"":""MultiPoint"",""coordinates"":[]}"
20110702,-0.00815585894164227,2011-07-02,"{""type"":""MultiPoint"",""coordinates"":[]}"
20110703,-0.007894685831944033,2011-07-03,"{""type"":""MultiPoint"",""coordinates"":[]}"
20110704,-0.007970742969311717,2011-07-04,"{""type"":""MultiPoint"",""coordinates"":[]}"
20110705,-0.004586870255664098,2011-07-05,"{""type"":""MultiPoint"",""coordinates"":[]}"
20110706,-0.0026790055881078466,2011-07-06,"{""type"":""MultiPoint"",""coordinates"":[]}"
20110707,-0.00516373306296136,2011-07-07,"{""type"":""MultiPoint"",""coordinates"":[]}"
20110708,-0.008525946406385468,2011-07-08,"{""type"":""MultiPoint"",""coordinates"":[]}"
20110709,-0.010521892031636943,2011-07-09,"{""type"":""MultiPoint"",""coordinates"":[]}"
20110710,-0.012093262927381393,2011-07-10,"{""type"":""MultiPoint"",""coordinates"":[]}"
20110711,-0.011327929784077704,2011-07-11,"{""type"":""MultiPoint"",""coordinates"":[]}"
20110712,-0.008040277565297764,2011-07-12,"{""type"":""MultiPoint"",""coordinates"":[]}"
20110713,-0.002690115150884914,2011-07-13,"{""type"":""MultiPoint"",""coordinates"":[]}"
20110714,-0.007302130402796044,2011-07-14,"{""type"":""MultiPoint"",""coordinates"":[]}"
20110715,-0.007856637563725167,2011-07-15,"{""type"":""MultiPoint"",""coordinates"":[]}"
20110716,-0.007517089178205366,2011-07-16,"{""type"":""MultiPoint"",""coordinates"":[]}"
20110717,-0.007939955029551093,2011-07-17,"{""type"":""MultiPoint"",""coordinates"":[]}"
20110718,-0.00914554430829311,2011-07-18,"{""type"":""MultiPoint"",""coordinates"":[]}"
20110719,-0.010426894020297096,2011-07-19,"{""type"":""MultiPoint"",""coordinates"":[]}"
20110720,-0.0087334218262804,2011-07-20,"{""type"":""MultiPoint"",""coordinates"":[]}"
20110721,-0.008455636143458378,2011-07-21,"{""type"":""MultiPoint"",""coordinates"":[]}"
20110722,-0.007805256666713784,2011-07-22,"{""type"":""MultiPoint"",""coordinates"":[]}"
20110723,-0.008242002619078292,2011-07-23,"{""type"":""MultiPoint"",""coordinates"":[]}"
20110724,-0.00807286226694532,2011-07-24,"{""type"":""MultiPoint"",""coordinates"":[]}"
20110725,-0.005753947414845553,2011-07-25,"{""type"":""MultiPoint"",""coordinates"":[]}"
20110726,-0.0036399687531205624,2011-07-26,"{""type"":""MultiPoint"",""coordinates"":[]}"
20110727,-0.0062983497193981886,2011-07-27,"{""type"":""MultiPoint"",""coordinates"":[]}"
20110728,-0.007469272431226924,2011-07-28,"{""type"":""MultiPoint"",""coordinates"":[]}"
20110729,-0.0061504682438677264,2011-07-29,"{""type"":""MultiPoint"",""coordinates"":[]}"
20110730,-0.006512138267483155,2011-07-30,"{""type"":""MultiPoint"",""coordinates"":[]}"
20110731,-0.007149142483454596,2011-07-31,"{""type"":""MultiPoint"",""coordinates"":[]}"
20110801,-0.007431184225611112,2011-08-01,"{""type"":""MultiPoint"",""coordinates"":[]}"
20110802,-0.005430185381523189,2011-08-02,"{""type"":""MultiPoint"",""coordinates"":[]}"
20110803,-0.0043512888113341405,2011-08-03,"{""type"":""MultiPoint"",""coordinates"":[]}"
20110804,-0.004517546726501785,2011-08-04,"{""type"":""MultiPoint"",""coordinates"":[]}"
20110805,-0.007930494045805416,2011-08-05,"{""type"":""MultiPoint"",""coordinates"":[]}"
20110806,-0.007566122955901206,2011-08-06,"{""type"":""MultiPoint"",""coordinates"":[]}"
20110807,-0.008894873441105124,2011-08-07,"{""type"":""MultiPoint"",""coordinates"":[]}"
20110808,-0.009092745750576234,2011-08-08,"{""type"":""MultiPoint"",""coordinates"":[]}"
20110809,-0.009455966227005869,2011-08-09,"{""type"":""MultiPoint"",""coordinates"":[]}"
20110810,-0.008734034303495187,2011-08-10,"{""type"":""MultiPoint"",""coordinates"":[]}"
20110811,-0.009587961908108077,2011-08-11,"{""type"":""MultiPoint"",""coordinates"":[]}"
20110812,-0.007864901642541526,2011-08-12,"{""type"":""MultiPoint"",""coordinates"":[]}"
20110813,-0.008344380047554636,2011-08-13,"{""type"":""MultiPoint"",""coordinates"":[]}"
20110814,-0.00812900851016651,2011-08-14,"{""type"":""MultiPoint"",""coordinates"":[]}"
20110815,-0.00803778209486074,2011-08-15,"{""type"":""MultiPoint"",""coordinates"":[]}"
20110816,-0.006954660830483985,2011-08-16,"{""type"":""MultiPoint"",""coordinates"":[]}"
20110817,-0.005802314308764931,2011-08-17,"{""type"":""MultiPoint"",""coordinates"":[]}"
20110818,-0.0032601159338695503,2011-08-18,"{""type"":""MultiPoint"",""coordinates"":[]}"
20110819,-0.0031069039932436903,2011-08-19,"{""type"":""MultiPoint"",""coordinates"":[]}"
20110820,-0.003089919235538535,2011-08-20,"{""type"":""MultiPoint"",""coordinates"":[]}"
20110821,-0.0036204205568636286,2011-08-21,"{""type"":""MultiPoint"",""coordinates"":[]}"
20110822,-0.002064170121905695,2011-08-22,"{""type"":""MultiPoint"",""coordinates"":[]}"
20110823,-0.005405765497766188,2011-08-23,"{""type"":""MultiPoint"",""coordinates"":[]}"
20110824,-0.003283269475515129,2011-08-24,"{""type"":""MultiPoint"",""coordinates"":[]}"
20110825,-0.003704682858076,2011-08-25,"{""type"":""MultiPoint"",""coordinates"":[]}"
20110826,-0.005610743596919491,2011-08-26,"{""type"":""MultiPoint"",""coordinates"":[]}"
20110827,-0.004308704278276258,2011-08-27,"{""type"":""MultiPoint"",""coordinates"":[]}"
20110828,-0.005077495693364458,2011-08-28,"{""type"":""MultiPoint"",""coordinates"":[]}"
20110829,-0.006098844968128653,2011-08-29,"{""type"":""MultiPoint"",""coordinates"":[]}"
20110830,-0.005651676774247248,2011-08-30,"{""type"":""MultiPoint"",""coordinates"":[]}"
20110831,-0.0036162593995284495,2011-08-31,"{""type"":""MultiPoint"",""coordinates"":[]}"
20110901,-0.004820198083617815,2011-09-01,"{""type"":""MultiPoint"",""coordinates"":[]}"
20110902,-0.007192108210928615,2011-09-02,"{""type"":""MultiPoint"",""coordinates"":[]}"
20110903,-0.007636902830795354,2011-09-03,"{""type"":""MultiPoint"",""coordinates"":[]}"
20110904,-0.007223517658383982,2011-09-04,"{""type"":""MultiPoint"",""coordinates"":[]}"
20110905,-0.00830458929113629,2011-09-05,"{""type"":""MultiPoint"",""coordinates"":[]}"
20110906,-0.008686860802651816,2011-09-06,"{""type"":""MultiPoint"",""coordinates"":[]}"
20110907,-0.00532325118351089,2011-09-07,"{""type"":""MultiPoint"",""coordinates"":[]}"
20110908,-0.007095709762549304,2011-09-08,"{""type"":""MultiPoint"",""coordinates"":[]}"
20110909,-0.007230821315791638,2011-09-09,"{""type"":""MultiPoint"",""coordinates"":[]}"
20110910,-0.008116221865905692,2011-09-10,"{""type"":""MultiPoint"",""coordinates"":[]}"
20110911,-0.008136018859832957,2011-09-11,"{""type"":""MultiPoint"",""coordinates"":[]}"
20110912,-0.007655713722886551,2011-09-12,"{""type"":""MultiPoint"",""coordinates"":[]}"
20110913,-0.005897603464759167,2011-09-13,"{""type"":""MultiPoint"",""coordinates"":[]}"
20110914,-0.0035278318918872927,2011-09-14,"{""type"":""MultiPoint"",""coordinates"":[]}"
20110915,-0.004810143496074838,2011-09-15,"{""type"":""MultiPoint"",""coordinates"":[]}"
20110916,-0.00496863824092968,2011-09-16,"{""type"":""MultiPoint"",""coordinates"":[]}"
20110917,-0.007135661707353509,2011-09-17,"{""type"":""MultiPoint"",""coordinates"":[]}"
20110918,-0.006515207459946077,2011-09-18,"{""type"":""MultiPoint"",""coordinates"":[]}"
20110919,-0.007030135034351251,2011-09-19,"{""type"":""MultiPoint"",""coordinates"":[]}"
20110920,-0.008713202376920309,2011-09-20,"{""type"":""MultiPoint"",""coordinates"":[]}"
20110921,-0.007775779137514925,2011-09-21,"{""type"":""MultiPoint"",""coordinates"":[]}"
20110922,-0.006757477038606733,2011-09-22,"{""type"":""MultiPoint"",""coordinates"":[]}"
20110923,-0.008493451115430511,2011-09-23,"{""type"":""MultiPoint"",""coordinates"":[]}"
20110924,-0.007643274924250573,2011-09-24,"{""type"":""MultiPoint"",""coordinates"":[]}"
20110925,-0.006802469781922458,2011-09-25,"{""type"":""MultiPoint"",""coordinates"":[]}"
20110926,-0.00739880839215353,2011-09-26,"{""type"":""MultiPoint"",""coordinates"":[]}"
20110927,-0.007086590589672393,2011-09-27,"{""type"":""MultiPoint"",""coordinates"":[]}"
20110928,-0.006491783909029928,2011-09-28,"{""type"":""MultiPoint"",""coordinates"":[]}"
20110929,-0.005382106516078253,2011-09-29,"{""type"":""MultiPoint"",""coordinates"":[]}"
20110930,-0.007929568689376585,2011-09-30,"{""type"":""MultiPoint"",""coordinates"":[]}"
20111001,-0.007130363696942487,2011-10-01,"{""type"":""MultiPoint"",""coordinates"":[]}"
20111002,-0.0071856061643094035,2011-10-02,"{""type"":""MultiPoint"",""coordinates"":[]}"
20111003,-0.006175339857763714,2011-10-03,"{""type"":""MultiPoint"",""coordinates"":[]}"
20111004,-0.004073919952157895,2011-10-04,"{""type"":""MultiPoint"",""coordinates"":[]}"
20111005,-0.006272485476375108,2011-10-05,"{""type"":""MultiPoint"",""coordinates"":[]}"
20111006,-0.007110324602143663,2011-10-06,"{""type"":""MultiPoint"",""coordinates"":[]}"
20111007,-0.006467436476030015,2011-10-07,"{""type"":""MultiPoint"",""coordinates"":[]}"
20111008,-0.005969487351219355,2011-10-08,"{""type"":""MultiPoint"",""coordinates"":[]}"
20111009,-0.006631965395785742,2011-10-09,"{""type"":""MultiPoint"",""coordinates"":[]}"
20111010,-0.0061880468535514665,2011-10-10,"{""type"":""MultiPoint"",""coordinates"":[]}"
20111011,-0.004920375682924274,2011-10-11,"{""type"":""MultiPoint"",""coordinates"":[]}"
20111012,-0.003080960301058886,2011-10-12,"{""type"":""MultiPoint"",""coordinates"":[]}"
20111013,-0.005583545634619043,2011-10-13,"{""type"":""MultiPoint"",""coordinates"":[]}"
20111014,-0.006276046246342363,2011-10-14,"{""type"":""MultiPoint"",""coordinates"":[]}"
20111015,-0.005430066228736225,2011-10-15,"{""type"":""MultiPoint"",""coordinates"":[]}"
20111016,-0.007511836548998555,2011-10-16,"{""type"":""MultiPoint"",""coordinates"":[]}"
20111017,-0.007025229935037766,2011-10-17,"{""type"":""MultiPoint"",""coordinates"":[]}"
20111018,-0.00697440640379416,2011-10-18,"{""type"":""MultiPoint"",""coordinates"":[]}"
20111019,-0.006918801539677857,2011-10-19,"{""type"":""MultiPoint"",""coordinates"":[]}"
20111020,-0.007350156788510768,2011-10-20,"{""type"":""MultiPoint"",""coordinates"":[]}"
20111021,-0.008271734666989997,2011-10-21,"{""type"":""MultiPoint"",""coordinates"":[]}"
20111022,-0.0088540875278449,2011-10-22,"{""type"":""MultiPoint"",""coordinates"":[]}"
20111023,-0.009031277333238663,2011-10-23,"{""type"":""MultiPoint"",""coordinates"":[]}"
20111024,-0.008763110571010368,2011-10-24,"{""type"":""MultiPoint"",""coordinates"":[]}"
20111025,-0.0067818077736941235,2011-10-25,"{""type"":""MultiPoint"",""coordinates"":[]}"
20111026,-0.0073891288087332635,2011-10-26,"{""type"":""MultiPoint"",""coordinates"":[]}"
20111027,-0.006471128582853818,2011-10-27,"{""type"":""MultiPoint"",""coordinates"":[]}"
20111028,-0.006473258685343437,2011-10-28,"{""type"":""MultiPoint"",""coordinates"":[]}"
20111029,-0.008577107591211082,2011-10-29,"{""type"":""MultiPoint"",""coordinates"":[]}"
20111030,-0.007864252658133767,2011-10-30,"{""type"":""MultiPoint"",""coordinates"":[]}"
20111031,-0.006884592207094109,2011-10-31,"{""type"":""MultiPoint"",""coordinates"":[]}"
20111101,-0.006344856376979318,2011-11-01,"{""type"":""MultiPoint"",""coordinates"":[]}"
20111102,-0.006059701995438019,2011-11-02,"{""type"":""MultiPoint"",""coordinates"":[]}"
20111103,-0.006794901633249966,2011-11-03,"{""type"":""MultiPoint"",""coordinates"":[]}"
20111104,-0.007455597294596882,2011-11-04,"{""type"":""MultiPoint"",""coordinates"":[]}"
20111105,-0.007853467549840442,2011-11-05,"{""type"":""MultiPoint"",""coordinates"":[]}"
20111106,-0.008221652748855562,2011-11-06,"{""type"":""MultiPoint"",""coordinates"":[]}"
20111107,-0.008244197907085304,2011-11-07,"{""type"":""MultiPoint"",""coordinates"":[]}"
20111108,-0.008543803942064932,2011-11-08,"{""type"":""MultiPoint"",""coordinates"":[]}"
20111109,-0.008955287879920509,2011-11-09,"{""type"":""MultiPoint"",""coordinates"":[]}"
20111110,-0.008201795923807475,2011-11-10,"{""type"":""MultiPoint"",""coordinates"":[]}"
20111111,-0.00794118484972298,2011-11-11,"{""type"":""MultiPoint"",""coordinates"":[]}"
20111112,-0.007666206354213024,2011-11-12,"{""type"":""MultiPoint"",""coordinates"":[]}"
20111113,-0.007811660282715859,2011-11-13,"{""type"":""MultiPoint"",""coordinates"":[]}"
20111114,-0.007030786423999781,2011-11-14,"{""type"":""MultiPoint"",""coordinates"":[]}"
20111115,-0.007044431981523712,2011-11-15,"{""type"":""MultiPoint"",""coordinates"":[]}"
20111116,-0.009420206895180904,2011-11-16,"{""type"":""MultiPoint"",""coordinates"":[]}"
20111117,-0.009332862467379655,2011-11-17,"{""type"":""MultiPoint"",""coordinates"":[]}"
20111118,-0.008759831561300226,2011-11-18,"{""type"":""MultiPoint"",""coordinates"":[]}"
20111119,-0.008476334570710814,2011-11-19,"{""type"":""MultiPoint"",""coordinates"":[]}"
20111120,-0.008751068014485911,2011-11-20,"{""type"":""MultiPoint"",""coordinates"":[]}"
20111121,-0.008365238004127857,2011-11-21,"{""type"":""MultiPoint"",""coordinates"":[]}"
20111122,-0.007699569739636353,2011-11-22,"{""type"":""MultiPoint"",""coordinates"":[]}"
20111123,-0.0070393602992240125,2011-11-23,"{""type"":""MultiPoint"",""coordinates"":[]}"
20111124,-0.007074906175128071,2011-11-24,"{""type"":""MultiPoint"",""coordinates"":[]}"
20111125,-0.007874933890295189,2011-11-25,"{""type"":""MultiPoint"",""coordinates"":[]}"
20111126,-0.0069624100224595,2011-11-26,"{""type"":""MultiPoint"",""coordinates"":[]}"
20111127,-0.008159170585479077,2011-11-27,"{""type"":""MultiPoint"",""coordinates"":[]}"
20111128,-0.008407374313311892,2011-11-28,"{""type"":""MultiPoint"",""coordinates"":[]}"
20111129,-0.007913818454597389,2011-11-29,"{""type"":""MultiPoint"",""coordinates"":[]}"
20111130,-0.007170259906908458,2011-11-30,"{""type"":""MultiPoint"",""coordinates"":[]}"
20111201,-0.0072130883877275075,2011-12-01,"{""type"":""MultiPoint"",""coordinates"":[]}"
20111202,-0.00718765322071964,2011-12-02,"{""type"":""MultiPoint"",""coordinates"":[]}"
20111203,-0.007488515071098674,2011-12-03,"{""type"":""MultiPoint"",""coordinates"":[]}"
20111204,-0.007910297531529793,2011-12-04,"{""type"":""MultiPoint"",""coordinates"":[]}"
20111205,-0.007179319117342589,2011-12-05,"{""type"":""MultiPoint"",""coordinates"":[]}"
20111206,-0.0074243116169972955,2011-12-06,"{""type"":""MultiPoint"",""coordinates"":[]}"
20111207,-0.007357922975503088,2011-12-07,"{""type"":""MultiPoint"",""coordinates"":[]}"
20111208,-0.008003689413737733,2011-12-08,"{""type"":""MultiPoint"",""coordinates"":[]}"
20111209,-0.00676729336077956,2011-12-09,"{""type"":""MultiPoint"",""coordinates"":[]}"
20111210,-0.0069377464313877925,2011-12-10,"{""type"":""MultiPoint"",""coordinates"":[]}"
20111211,-0.007622985994865747,2011-12-11,"{""type"":""MultiPoint"",""coordinates"":[]}"
20111212,-0.00590778965568328,2011-12-12,"{""type"":""MultiPoint"",""coordinates"":[]}"
20111213,-0.008067568540175742,2011-12-13,"{""type"":""MultiPoint"",""coordinates"":[]}"
20111214,-0.007692113912835996,2011-12-14,"{""type"":""MultiPoint"",""coordinates"":[]}"
20111215,-0.006946882835381618,2011-12-15,"{""type"":""MultiPoint"",""coordinates"":[]}"
20111216,-0.006641291999141102,2011-12-16,"{""type"":""MultiPoint"",""coordinates"":[]}"
20111217,-0.006694523329291277,2011-12-17,"{""type"":""MultiPoint"",""coordinates"":[]}"
20111218,-0.007203943864590842,2011-12-18,"{""type"":""MultiPoint"",""coordinates"":[]}"
20111219,-0.006633807953487928,2011-12-19,"{""type"":""MultiPoint"",""coordinates"":[]}"
20111220,-0.007780106854086599,2011-12-20,"{""type"":""MultiPoint"",""coordinates"":[]}"
20111221,-0.007852826101232844,2011-12-21,"{""type"":""MultiPoint"",""coordinates"":[]}"
20111222,-0.007269225305848095,2011-12-22,"{""type"":""MultiPoint"",""coordinates"":[]}"
20111223,-0.005921046989961951,2011-12-23,"{""type"":""MultiPoint"",""coordinates"":[]}"
20111224,-0.008264139942386168,2011-12-24,"{""type"":""MultiPoint"",""coordinates"":[]}"
20111225,-0.00829466421358451,2011-12-25,"{""type"":""MultiPoint"",""coordinates"":[]}"
20111226,-0.008201948365468155,2011-12-26,"{""type"":""MultiPoint"",""coordinates"":[]}"
20111227,-0.00885905966111767,2011-12-27,"{""type"":""MultiPoint"",""coordinates"":[]}"
20111228,-0.009762221907807112,2011-12-28,"{""type"":""MultiPoint"",""coordinates"":[]}"
20111229,-0.008539181749203976,2011-12-29,"{""type"":""MultiPoint"",""coordinates"":[]}"
20111230,-0.007078730856742933,2011-12-30,"{""type"":""MultiPoint"",""coordinates"":[]}"
20111231,-0.004673179161110751,2011-12-31,"{""type"":""MultiPoint"",""coordinates"":[]}"
20120101,-0.003420553622126473,2012-01-01,"{""type"":""MultiPoint"",""coordinates"":[]}"
20120102,-0.005311380734032227,2012-01-02,"{""type"":""MultiPoint"",""coordinates"":[]}"
20120103,-0.006342630419862923,2012-01-03,"{""type"":""MultiPoint"",""coordinates"":[]}"
20120104,-0.006871888924488958,2012-01-04,"{""type"":""MultiPoint"",""coordinates"":[]}"
20120105,-0.007756772222259478,2012-01-05,"{""type"":""MultiPoint"",""coordinates"":[]}"
20120106,-0.008266094892588728,2012-01-06,"{""type"":""MultiPoint"",""coordinates"":[]}"
20120107,-0.008307172624188083,2012-01-07,"{""type"":""MultiPoint"",""coordinates"":[]}"
20120108,-0.008098488709658024,2012-01-08,"{""type"":""MultiPoint"",""coordinates"":[]}"
20120109,-0.008542457342059658,2012-01-09,"{""type"":""MultiPoint"",""coordinates"":[]}"
20120110,-0.004790327799479669,2012-01-10,"{""type"":""MultiPoint"",""coordinates"":[]}"
20120111,-0.006178959640029907,2012-01-11,"{""type"":""MultiPoint"",""coordinates"":[]}"
20120112,-0.009920387947444858,2012-01-12,"{""type"":""MultiPoint"",""coordinates"":[]}"
20120113,-0.010091679237087226,2012-01-13,"{""type"":""MultiPoint"",""coordinates"":[]}"
20120114,-0.009699420891930358,2012-01-14,"{""type"":""MultiPoint"",""coordinates"":[]}"
20120115,-0.008357851349692517,2012-01-15,"{""type"":""MultiPoint"",""coordinates"":[]}"
20120116,-0.007168653654371175,2012-01-16,"{""type"":""MultiPoint"",""coordinates"":[]}"
20120117,-0.007594632255312775,2012-01-17,"{""type"":""MultiPoint"",""coordinates"":[]}"
20120118,-0.010049872311772273,2012-01-18,"{""type"":""MultiPoint"",""coordinates"":[]}"
20120119,-0.008434267299154847,2012-01-19,"{""type"":""MultiPoint"",""coordinates"":[]}"
20120120,-0.00767366341956879,2012-01-20,"{""type"":""MultiPoint"",""coordinates"":[]}"
20120121,-0.00896289798456051,2012-01-21,"{""type"":""MultiPoint"",""coordinates"":[]}"
20120122,-0.009290384098032456,2012-01-22,"{""type"":""MultiPoint"",""coordinates"":[]}"
20120123,-0.00879378375059476,2012-01-23,"{""type"":""MultiPoint"",""coordinates"":[]}"
20120124,-0.00861296485118371,2012-01-24,"{""type"":""MultiPoint"",""coordinates"":[]}"
20120125,-0.010193360830108106,2012-01-25,"{""type"":""MultiPoint"",""coordinates"":[]}"
20120126,-0.009157473305631833,2012-01-26,"{""type"":""MultiPoint"",""coordinates"":[]}"
20120127,-0.009283643394095176,2012-01-27,"{""type"":""MultiPoint"",""coordinates"":[]}"
20120128,-0.010097800224027243,2012-01-28,"{""type"":""MultiPoint"",""coordinates"":[]}"
20120129,-0.008548619771787062,2012-01-29,"{""type"":""MultiPoint"",""coordinates"":[]}"
20120130,-0.009905164957895908,2012-01-30,"{""type"":""MultiPoint"",""coordinates"":[]}"
20120131,-0.009153527375356452,2012-01-31,"{""type"":""MultiPoint"",""coordinates"":[]}"
20120201,-0.008407404558807072,2012-02-01,"{""type"":""MultiPoint"",""coordinates"":[]}"
20120202,-0.009452305937194344,2012-02-02,"{""type"":""MultiPoint"",""coordinates"":[]}"
20120203,-0.008431598206657514,2012-02-03,"{""type"":""MultiPoint"",""coordinates"":[]}"
20120204,-0.008198944947453478,2012-02-04,"{""type"":""MultiPoint"",""coordinates"":[]}"
20120205,-0.009456144973106038,2012-02-05,"{""type"":""MultiPoint"",""coordinates"":[]}"
20120206,-0.010493624919713541,2012-02-06,"{""type"":""MultiPoint"",""coordinates"":[]}"
20120207,-0.011632557700222151,2012-02-07,"{""type"":""MultiPoint"",""coordinates"":[]}"
20120208,-0.010350842334653262,2012-02-08,"{""type"":""MultiPoint"",""coordinates"":[]}"
20120209,-0.011185009935442728,2012-02-09,"{""type"":""MultiPoint"",""coordinates"":[]}"
20120210,-0.010577945297361883,2012-02-10,"{""type"":""MultiPoint"",""coordinates"":[]}"
20120211,-0.009079757412712625,2012-02-11,"{""type"":""MultiPoint"",""coordinates"":[]}"
20120212,-0.010401179066742108,2012-02-12,"{""type"":""MultiPoint"",""coordinates"":[]}"
20120213,-0.010165359137551162,2012-02-13,"{""type"":""MultiPoint"",""coordinates"":[]}"
20120214,-0.010850457116092827,2012-02-14,"{""type"":""MultiPoint"",""coordinates"":[]}"
20120215,-0.011196872708175204,2012-02-15,"{""type"":""MultiPoint"",""coordinates"":[]}"
20120216,-0.010558494739444002,2012-02-16,"{""type"":""MultiPoint"",""coordinates"":[]}"
20120217,-0.010545298472047476,2012-02-17,"{""type"":""MultiPoint"",""coordinates"":[]}"
20120218,-0.012392001782799965,2012-02-18,"{""type"":""MultiPoint"",""coordinates"":[]}"
20120219,-0.010123191075774,2012-02-19,"{""type"":""MultiPoint"",""coordinates"":[]}"
20120220,-0.009057906455864802,2012-02-20,"{""type"":""MultiPoint"",""coordinates"":[]}"
20120221,-0.010354779839212683,2012-02-21,"{""type"":""MultiPoint"",""coordinates"":[]}"
20120222,-0.01105016915130662,2012-02-22,"{""type"":""MultiPoint"",""coordinates"":[]}"
20120223,-0.011194985336467891,2012-02-23,"{""type"":""MultiPoint"",""coordinates"":[]}"
20120224,-0.012517771446563046,2012-02-24,"{""type"":""MultiPoint"",""coordinates"":[]}"
20120225,-0.01333068061982141,2012-02-25,"{""type"":""MultiPoint"",""coordinates"":[]}"
20120226,-0.012097750903771637,2012-02-26,"{""type"":""MultiPoint"",""coordinates"":[]}"
20120227,-0.012386948321654333,2012-02-27,"{""type"":""MultiPoint"",""coordinates"":[]}"
20120228,-0.014303447992010682,2012-02-28,"{""type"":""MultiPoint"",""coordinates"":[]}"
20120229,-0.012392620140009612,2012-02-29,"{""type"":""MultiPoint"",""coordinates"":[]}"
20120301,-0.011574246656022186,2012-03-01,"{""type"":""MultiPoint"",""coordinates"":[]}"
20120302,-0.012722472884662798,2012-03-02,"{""type"":""MultiPoint"",""coordinates"":[]}"
20120303,-0.012035334578175969,2012-03-03,"{""type"":""MultiPoint"",""coordinates"":[]}"
20120304,-0.010483349584931856,2012-03-04,"{""type"":""MultiPoint"",""coordinates"":[]}"
20120305,-0.0105339003679263,2012-03-05,"{""type"":""MultiPoint"",""coordinates"":[]}"
20120306,-0.01145494403272943,2012-03-06,"{""type"":""MultiPoint"",""coordinates"":[]}"
20120307,-0.011363016870278731,2012-03-07,"{""type"":""MultiPoint"",""coordinates"":[]}"
20120308,-0.014310005530538024,2012-03-08,"{""type"":""MultiPoint"",""coordinates"":[]}"
20120309,-0.011554549801294504,2012-03-09,"{""type"":""MultiPoint"",""coordinates"":[]}"
20120310,-0.01275712440077616,2012-03-10,"{""type"":""MultiPoint"",""coordinates"":[]}"
20120311,-0.014210137257457171,2012-03-11,"{""type"":""MultiPoint"",""coordinates"":[]}"
20120312,-0.013246260538695388,2012-03-12,"{""type"":""MultiPoint"",""coordinates"":[]}"
20120313,-0.010043181356658406,2012-03-13,"{""type"":""MultiPoint"",""coordinates"":[]}"
20120314,-0.00900681159856086,2012-03-14,"{""type"":""MultiPoint"",""coordinates"":[]}"
20120315,-0.010797548280997276,2012-03-15,"{""type"":""MultiPoint"",""coordinates"":[]}"
20120316,-0.010994082876271601,2012-03-16,"{""type"":""MultiPoint"",""coordinates"":[]}"
20120317,-0.011794355701849338,2012-03-17,"{""type"":""MultiPoint"",""coordinates"":[]}"
20120318,-0.011965606363645527,2012-03-18,"{""type"":""MultiPoint"",""coordinates"":[]}"
20120319,-0.011491032574258897,2012-03-19,"{""type"":""MultiPoint"",""coordinates"":[]}"
20120320,-0.011673067866404799,2012-03-20,"{""type"":""MultiPoint"",""coordinates"":[]}"
20120321,-0.011641989111226025,2012-03-21,"{""type"":""MultiPoint"",""coordinates"":[]}"
20120322,-0.01122609747831332,2012-03-22,"{""type"":""MultiPoint"",""coordinates"":[]}"
20120323,-0.012114582411394435,2012-03-23,"{""type"":""MultiPoint"",""coordinates"":[]}"
20120324,-0.012938743418003348,2012-03-24,"{""type"":""MultiPoint"",""coordinates"":[]}"
20120325,-0.01273189513867679,2012-03-25,"{""type"":""MultiPoint"",""coordinates"":[]}"
20120326,-0.012757039373070206,2012-03-26,"{""type"":""MultiPoint"",""coordinates"":[]}"
20120327,-0.013750491723964007,2012-03-27,"{""type"":""MultiPoint"",""coordinates"":[]}"
20120328,-0.014029227630253297,2012-03-28,"{""type"":""MultiPoint"",""coordinates"":[]}"
20120329,-0.013839405559025396,2012-03-29,"{""type"":""MultiPoint"",""coordinates"":[]}"
20120330,-0.013834507465101765,2012-03-30,"{""type"":""MultiPoint"",""coordinates"":[]}"
20120331,-0.012315323311902117,2012-03-31,"{""type"":""MultiPoint"",""coordinates"":[]}"
20120401,-0.01406478474318765,2012-04-01,"{""type"":""MultiPoint"",""coordinates"":[]}"
20120402,-0.01490390027147804,2012-04-02,"{""type"":""MultiPoint"",""coordinates"":[]}"
20120403,-0.011825716778896139,2012-04-03,"{""type"":""MultiPoint"",""coordinates"":[]}"
20120404,-0.011710579125000701,2012-04-04,"{""type"":""MultiPoint"",""coordinates"":[]}"
20120405,-0.012419549040234014,2012-04-05,"{""type"":""MultiPoint"",""coordinates"":[]}"
20120406,-0.011724643283207931,2012-04-06,"{""type"":""MultiPoint"",""coordinates"":[]}"
20120407,-0.011856839315821177,2012-04-07,"{""type"":""MultiPoint"",""coordinates"":[]}"
20120408,-0.011359262186680747,2012-04-08,"{""type"":""MultiPoint"",""coordinates"":[]}"
20120409,-0.011786257760207539,2012-04-09,"{""type"":""MultiPoint"",""coordinates"":[]}"
20120410,-0.011516287200277989,2012-04-10,"{""type"":""MultiPoint"",""coordinates"":[]}"
20120411,-0.010701960870025406,2012-04-11,"{""type"":""MultiPoint"",""coordinates"":[]}"
20120412,-0.010715440607037642,2012-04-12,"{""type"":""MultiPoint"",""coordinates"":[]}"
20120413,-0.010261550075820629,2012-04-13,"{""type"":""MultiPoint"",""coordinates"":[]}"
20120414,-0.011910685432186237,2012-04-14,"{""type"":""MultiPoint"",""coordinates"":[]}"
20120415,-0.011180596385382283,2012-04-15,"{""type"":""MultiPoint"",""coordinates"":[]}"
20120416,-0.011331110774832438,2012-04-16,"{""type"":""MultiPoint"",""coordinates"":[]}"
20120417,-0.011373515655265072,2012-04-17,"{""type"":""MultiPoint"",""coordinates"":[]}"
20120418,-0.010690931776561236,2012-04-18,"{""type"":""MultiPoint"",""coordinates"":[]}"
20120419,-0.011148871375305503,2012-04-19,"{""type"":""MultiPoint"",""coordinates"":[]}"
20120420,-0.013288581803210691,2012-04-20,"{""type"":""MultiPoint"",""coordinates"":[]}"
20120421,-0.013030264686023633,2012-04-21,"{""type"":""MultiPoint"",""coordinates"":[]}"
20120422,-0.01189410735808505,2012-04-22,"{""type"":""MultiPoint"",""coordinates"":[]}"
20120423,-0.010331716232460937,2012-04-23,"{""type"":""MultiPoint"",""coordinates"":[]}"
20120424,-0.011761993416595312,2012-04-24,"{""type"":""MultiPoint"",""coordinates"":[]}"
20120425,-0.01034941817847827,2012-04-25,"{""type"":""MultiPoint"",""coordinates"":[]}"
20120426,-0.007566534906819474,2012-04-26,"{""type"":""MultiPoint"",""coordinates"":[]}"
20120427,-0.010001674409960552,2012-04-27,"{""type"":""MultiPoint"",""coordinates"":[]}"
20120428,-0.00987002588325781,2012-04-28,"{""type"":""MultiPoint"",""coordinates"":[]}"
20120429,-0.010555940477130236,2012-04-29,"{""type"":""MultiPoint"",""coordinates"":[]}"
20120430,-0.011026612990673366,2012-04-30,"{""type"":""MultiPoint"",""coordinates"":[]}"
20120501,-0.011908608417916265,2012-05-01,"{""type"":""MultiPoint"",""coordinates"":[]}"
20120502,-0.013486567586958419,2012-05-02,"{""type"":""MultiPoint"",""coordinates"":[]}"
20120503,-0.015425636265846763,2012-05-03,"{""type"":""MultiPoint"",""coordinates"":[]}"
20120504,-0.016453688128273254,2012-05-04,"{""type"":""MultiPoint"",""coordinates"":[]}"
20120505,-0.015567487769399792,2012-05-05,"{""type"":""MultiPoint"",""coordinates"":[]}"
20120506,-0.011319923099552452,2012-05-06,"{""type"":""MultiPoint"",""coordinates"":[]}"
20120507,-0.009968595033566393,2012-05-07,"{""type"":""MultiPoint"",""coordinates"":[]}"
20120508,-0.010402454996598035,2012-05-08,"{""type"":""MultiPoint"",""coordinates"":[]}"
20120509,-0.011434544830467509,2012-05-09,"{""type"":""MultiPoint"",""coordinates"":[]}"
20120510,-0.011577158696153791,2012-05-10,"{""type"":""MultiPoint"",""coordinates"":[]}"
20120511,-0.011602108452977166,2012-05-11,"{""type"":""MultiPoint"",""coordinates"":[]}"
20120512,-0.01213671930612085,2012-05-12,"{""type"":""MultiPoint"",""coordinates"":[]}"
20120513,-0.012230145227414098,2012-05-13,"{""type"":""MultiPoint"",""coordinates"":[]}"
20120514,-0.012040629797296932,2012-05-14,"{""type"":""MultiPoint"",""coordinates"":[]}"
20120515,-0.01326819891001792,2012-05-15,"{""type"":""MultiPoint"",""coordinates"":[]}"
20120516,-0.014482666591835933,2012-05-16,"{""type"":""MultiPoint"",""coordinates"":[]}"
20120517,-0.015015061840721105,2012-05-17,"{""type"":""MultiPoint"",""coordinates"":[]}"
20120518,-0.015090554517675693,2012-05-18,"{""type"":""MultiPoint"",""coordinates"":[]}"
20120519,-0.014189972901537768,2012-05-19,"{""type"":""MultiPoint"",""coordinates"":[]}"
20120520,-0.015209321159723677,2012-05-20,"{""type"":""MultiPoint"",""coordinates"":[]}"
20120521,-0.015222756228644062,2012-05-21,"{""type"":""MultiPoint"",""coordinates"":[]}"
20120522,-0.015241201738041292,2012-05-22,"{""type"":""MultiPoint"",""coordinates"":[]}"
20120523,-0.015772378140520054,2012-05-23,"{""type"":""MultiPoint"",""coordinates"":[]}"
20120524,-0.016633013299900697,2012-05-24,"{""type"":""MultiPoint"",""coordinates"":[]}"
20120525,-0.016369989206473857,2012-05-25,"{""type"":""MultiPoint"",""coordinates"":[]}"
20120526,-0.017897345482541842,2012-05-26,"{""type"":""MultiPoint"",""coordinates"":[]}"
20120527,-0.02029216674188037,2012-05-27,"{""type"":""MultiPoint"",""coordinates"":[]}"
20120528,-0.018503295024924836,2012-05-28,"{""type"":""MultiPoint"",""coordinates"":[]}"
20120529,-0.01882694283795012,2012-05-29,"{""type"":""MultiPoint"",""coordinates"":[]}"
20120530,-0.019328148029159418,2012-05-30,"{""type"":""MultiPoint"",""coordinates"":[]}"
20120531,-0.01916840734149105,2012-05-31,"{""type"":""MultiPoint"",""coordinates"":[]}"
20120601,-0.019651855546795605,2012-06-01,"{""type"":""MultiPoint"",""coordinates"":[]}"
20120602,-0.020439638664592898,2012-06-02,"{""type"":""MultiPoint"",""coordinates"":[]}"
20120603,-0.019302740324428462,2012-06-03,"{""type"":""MultiPoint"",""coordinates"":[]}"
20120604,-0.016527700080801396,2012-06-04,"{""type"":""MultiPoint"",""coordinates"":[]}"
20120605,-0.013404130555673504,2012-06-05,"{""type"":""MultiPoint"",""coordinates"":[]}"
20120606,-0.012790706048255576,2012-06-06,"{""type"":""MultiPoint"",""coordinates"":[]}"
20120607,-0.01412021685482472,2012-06-07,"{""type"":""MultiPoint"",""coordinates"":[]}"
20120608,-0.01464118875752211,2012-06-08,"{""type"":""MultiPoint"",""coordinates"":[]}"
20120609,-0.014580039648430966,2012-06-09,"{""type"":""MultiPoint"",""coordinates"":[]}"
20120610,-0.014678500106693177,2012-06-10,"{""type"":""MultiPoint"",""coordinates"":[]}"
20120611,-0.013632866399938345,2012-06-11,"{""type"":""MultiPoint"",""coordinates"":[]}"
20120612,-0.013314204259386234,2012-06-12,"{""type"":""MultiPoint"",""coordinates"":[]}"
20120613,-0.01044630771368969,2012-06-13,"{""type"":""MultiPoint"",""coordinates"":[]}"
20120614,-0.009520341004567659,2012-06-14,"{""type"":""MultiPoint"",""coordinates"":[]}"
20120615,-0.009419344588192139,2012-06-15,"{""type"":""MultiPoint"",""coordinates"":[]}"
20120616,-0.00755710930207768,2012-06-16,"{""type"":""MultiPoint"",""coordinates"":[]}"
20120617,-0.006637103942226502,2012-06-17,"{""type"":""MultiPoint"",""coordinates"":[]}"
20120618,-0.002878611148846707,2012-06-18,"{""type"":""MultiPoint"",""coordinates"":[]}"
20120619,-0.007172639370542042,2012-06-19,"{""type"":""MultiPoint"",""coordinates"":[]}"
20120620,-0.011777151642533568,2012-06-20,"{""type"":""MultiPoint"",""coordinates"":[]}"
20120621,-0.008943492512139611,2012-06-21,"{""type"":""MultiPoint"",""coordinates"":[]}"
20120622,-0.007371097272550312,2012-06-22,"{""type"":""MultiPoint"",""coordinates"":[]}"
20120623,-0.011437061955056652,2012-06-23,"{""type"":""MultiPoint"",""coordinates"":[]}"
20120624,-0.011237063692621332,2012-06-24,"{""type"":""MultiPoint"",""coordinates"":[]}"
20120625,-0.010586656005871862,2012-06-25,"{""type"":""MultiPoint"",""coordinates"":[]}"
20120626,-0.009009541328737969,2012-06-26,"{""type"":""MultiPoint"",""coordinates"":[]}"
20120627,-0.009234085312718783,2012-06-27,"{""type"":""MultiPoint"",""coordinates"":[]}"
20120628,-0.007889801005263283,2012-06-28,"{""type"":""MultiPoint"",""coordinates"":[]}"
20120629,-0.009876708610570004,2012-06-29,"{""type"":""MultiPoint"",""coordinates"":[]}"
20120630,-0.010204050225186353,2012-06-30,"{""type"":""MultiPoint"",""coordinates"":[]}"
20120701,-0.006532813612340794,2012-07-01,"{""type"":""MultiPoint"",""coordinates"":[]}"
20120702,-0.008065802911526612,2012-07-02,"{""type"":""MultiPoint"",""coordinates"":[]}"
20120703,-0.010134941770185348,2012-07-03,"{""type"":""MultiPoint"",""coordinates"":[]}"
20120704,-0.0123237802539288,2012-07-04,"{""type"":""MultiPoint"",""coordinates"":[]}"
20120705,-0.011858367481623208,2012-07-05,"{""type"":""MultiPoint"",""coordinates"":[]}"
20120706,-0.008200826299461736,2012-07-06,"{""type"":""MultiPoint"",""coordinates"":[]}"
20120707,-0.006449236683204445,2012-07-07,"{""type"":""MultiPoint"",""coordinates"":[]}"
20120708,-0.008199960264699045,2012-07-08,"{""type"":""MultiPoint"",""coordinates"":[]}"
20120709,-0.007382256929375408,2012-07-09,"{""type"":""MultiPoint"",""coordinates"":[]}"
20120710,-0.0076853146254917,2012-07-10,"{""type"":""MultiPoint"",""coordinates"":[]}"
20120711,-0.008759924127910877,2012-07-11,"{""type"":""MultiPoint"",""coordinates"":[]}"
20120712,-0.0096468090032497,2012-07-12,"{""type"":""MultiPoint"",""coordinates"":[]}"
20120713,-0.009407364965308493,2012-07-13,"{""type"":""MultiPoint"",""coordinates"":[]}"
20120714,-0.006074152659770573,2012-07-14,"{""type"":""MultiPoint"",""coordinates"":[]}"
20120715,-0.002801763882979368,2012-07-15,"{""type"":""MultiPoint"",""coordinates"":[]}"
20120716,-0.006201199953745017,2012-07-16,"{""type"":""MultiPoint"",""coordinates"":[]}"
20120717,-0.006272286748692631,2012-07-17,"{""type"":""MultiPoint"",""coordinates"":[]}"
20120718,-0.0050523001064985565,2012-07-18,"{""type"":""MultiPoint"",""coordinates"":[]}"
20120719,-0.0029385216045793913,2012-07-19,"{""type"":""MultiPoint"",""coordinates"":[]}"
20120720,-0.002939654965981419,2012-07-20,"{""type"":""MultiPoint"",""coordinates"":[]}"
20120721,-0.0023196434637145044,2012-07-21,"{""type"":""MultiPoint"",""coordinates"":[]}"
20120722,-0.005992966976920646,2012-07-22,"{""type"":""MultiPoint"",""coordinates"":[]}"
20120723,-0.0094840999976278,2012-07-23,"{""type"":""MultiPoint"",""coordinates"":[]}"
20120724,-0.010421540486622095,2012-07-24,"{""type"":""MultiPoint"",""coordinates"":[]}"
20120725,-0.0058442361314766916,2012-07-25,"{""type"":""MultiPoint"",""coordinates"":[]}"
20120726,-0.007154147631780842,2012-07-26,"{""type"":""MultiPoint"",""coordinates"":[]}"
20120727,-0.0072797931607497075,2012-07-27,"{""type"":""MultiPoint"",""coordinates"":[]}"
20120728,-0.009327501591317202,2012-07-28,"{""type"":""MultiPoint"",""coordinates"":[]}"
20120729,-0.008616389849772426,2012-07-29,"{""type"":""MultiPoint"",""coordinates"":[]}"
20120730,-0.006025478064230299,2012-07-30,"{""type"":""MultiPoint"",""coordinates"":[]}"
20120731,-0.0056524210415811295,2012-07-31,"{""type"":""MultiPoint"",""coordinates"":[]}"
20120801,-0.008485348117738234,2012-08-01,"{""type"":""MultiPoint"",""coordinates"":[]}"
20120802,-0.0074013258110528675,2012-08-02,"{""type"":""MultiPoint"",""coordinates"":[]}"
20120803,-0.0039473788471955885,2012-08-03,"{""type"":""MultiPoint"",""coordinates"":[]}"
20120804,-0.005087577390043163,2012-08-04,"{""type"":""MultiPoint"",""coordinates"":[]}"
20120805,-0.005946955575255622,2012-08-05,"{""type"":""MultiPoint"",""coordinates"":[]}"
20120806,-0.00758082426324145,2012-08-06,"{""type"":""MultiPoint"",""coordinates"":[]}"
20120807,-0.008260936087640886,2012-08-07,"{""type"":""MultiPoint"",""coordinates"":[]}"
20120808,-0.008623191855139692,2012-08-08,"{""type"":""MultiPoint"",""coordinates"":[]}"
20120809,-0.008541724478004076,2012-08-09,"{""type"":""MultiPoint"",""coordinates"":[]}"
20120810,-0.008066958540847904,2012-08-10,"{""type"":""MultiPoint"",""coordinates"":[]}"
20120811,-0.008744787049153688,2012-08-11,"{""type"":""MultiPoint"",""coordinates"":[]}"
20120812,-0.007857415342372907,2012-08-12,"{""type"":""MultiPoint"",""coordinates"":[]}"
20120813,-0.009117598017457476,2012-08-13,"{""type"":""MultiPoint"",""coordinates"":[]}"
20120814,-0.009390667230207485,2012-08-14,"{""type"":""MultiPoint"",""coordinates"":[]}"
20120815,-0.009726826041623938,2012-08-15,"{""type"":""MultiPoint"",""coordinates"":[]}"
20120816,-0.009511255082844337,2012-08-16,"{""type"":""MultiPoint"",""coordinates"":[]}"
20120817,-0.00931844251608569,2012-08-17,"{""type"":""MultiPoint"",""coordinates"":[]}"
20120818,-0.00940987196599942,2012-08-18,"{""type"":""MultiPoint"",""coordinates"":[]}"
20120819,-0.004012799295225593,2012-08-19,"{""type"":""MultiPoint"",""coordinates"":[]}"
20120820,-0.009533191826923316,2012-08-20,"{""type"":""MultiPoint"",""coordinates"":[]}"
20120821,-0.007246044473451319,2012-08-21,"{""type"":""MultiPoint"",""coordinates"":[]}"
20120822,-0.007847623477905186,2012-08-22,"{""type"":""MultiPoint"",""coordinates"":[]}"
20120823,-0.007010301848652064,2012-08-23,"{""type"":""MultiPoint"",""coordinates"":[]}"
20120824,-0.005847665493803933,2012-08-24,"{""type"":""MultiPoint"",""coordinates"":[]}"
20120825,-0.004812511825438336,2012-08-25,"{""type"":""MultiPoint"",""coordinates"":[]}"
20120826,-0.004670099790575424,2012-08-26,"{""type"":""MultiPoint"",""coordinates"":[]}"
20120827,-0.004443704492698397,2012-08-27,"{""type"":""MultiPoint"",""coordinates"":[]}"
20120828,-0.006469400665182248,2012-08-28,"{""type"":""MultiPoint"",""coordinates"":[]}"
20120829,-0.004787135237025453,2012-08-29,"{""type"":""MultiPoint"",""coordinates"":[]}"
20120830,-0.0034474990170713983,2012-08-30,"{""type"":""MultiPoint"",""coordinates"":[]}"
20120831,-0.006586810315715567,2012-08-31,"{""type"":""MultiPoint"",""coordinates"":[]}"
20120901,-0.006340498475295725,2012-09-01,"{""type"":""MultiPoint"",""coordinates"":[]}"
20120902,-0.006961898276945359,2012-09-02,"{""type"":""MultiPoint"",""coordinates"":[]}"
20120903,-0.0026315976455984647,2012-09-03,"{""type"":""MultiPoint"",""coordinates"":[]}"
20120904,-0.0026302534300335517,2012-09-04,"{""type"":""MultiPoint"",""coordinates"":[]}"
20120905,-0.006621073062495446,2012-09-05,"{""type"":""MultiPoint"",""coordinates"":[]}"
20120906,-0.007640760754250184,2012-09-06,"{""type"":""MultiPoint"",""coordinates"":[]}"
20120907,-0.007735358915850194,2012-09-07,"{""type"":""MultiPoint"",""coordinates"":[]}"
20120908,-0.007057773489294722,2012-09-08,"{""type"":""MultiPoint"",""coordinates"":[]}"
20120909,-0.007363977916037332,2012-09-09,"{""type"":""MultiPoint"",""coordinates"":[]}"
20120910,-0.004637575298026182,2012-09-10,"{""type"":""MultiPoint"",""coordinates"":[]}"
20120911,-0.004671532572088175,2012-09-11,"{""type"":""MultiPoint"",""coordinates"":[]}"
20120912,-0.00690405541196819,2012-09-12,"{""type"":""MultiPoint"",""coordinates"":[]}"
20120913,-0.00809382557539256,2012-09-13,"{""type"":""MultiPoint"",""coordinates"":[]}"
20120914,-0.009250505333086058,2012-09-14,"{""type"":""MultiPoint"",""coordinates"":[]}"
20120915,-0.009174413907028217,2012-09-15,"{""type"":""MultiPoint"",""coordinates"":[]}"
20120916,-0.007925186961916589,2012-09-16,"{""type"":""MultiPoint"",""coordinates"":[]}"
20120917,-0.007316574311809263,2012-09-17,"{""type"":""MultiPoint"",""coordinates"":[]}"
20120918,-0.006517271620652849,2012-09-18,"{""type"":""MultiPoint"",""coordinates"":[]}"
20120919,-0.00575310245803274,2012-09-19,"{""type"":""MultiPoint"",""coordinates"":[]}"
20120920,-0.0055745239786937515,2012-09-20,"{""type"":""MultiPoint"",""coordinates"":[]}"
20120921,-0.005431906381818553,2012-09-21,"{""type"":""MultiPoint"",""coordinates"":[]}"
20120922,-0.0068507973422775245,2012-09-22,"{""type"":""MultiPoint"",""coordinates"":[]}"
20120923,-0.006597902932837979,2012-09-23,"{""type"":""MultiPoint"",""coordinates"":[]}"
20120924,-0.007463962737508269,2012-09-24,"{""type"":""MultiPoint"",""coordinates"":[]}"
20120925,-0.007051883443188504,2012-09-25,"{""type"":""MultiPoint"",""coordinates"":[]}"
20120926,-0.006183012901167009,2012-09-26,"{""type"":""MultiPoint"",""coordinates"":[]}"
20120927,-0.00602572141902473,2012-09-27,"{""type"":""MultiPoint"",""coordinates"":[]}"
20120928,-0.0069744795960701295,2012-09-28,"{""type"":""MultiPoint"",""coordinates"":[]}"
20120929,-0.007531776634960047,2012-09-29,"{""type"":""MultiPoint"",""coordinates"":[]}"
20120930,-0.004670878630664688,2012-09-30,"{""type"":""MultiPoint"",""coordinates"":[]}"
20121001,-0.003309603484335123,2012-10-01,"{""type"":""MultiPoint"",""coordinates"":[]}"
20121002,-0.002034150851923276,2012-10-02,"{""type"":""MultiPoint"",""coordinates"":[]}"
20121003,-0.006330580684870618,2012-10-03,"{""type"":""MultiPoint"",""coordinates"":[]}"
20121004,-0.004418730629448383,2012-10-04,"{""type"":""MultiPoint"",""coordinates"":[]}"
20121005,-0.0055028205593343395,2012-10-05,"{""type"":""MultiPoint"",""coordinates"":[]}"
20121006,-0.004486615764869493,2012-10-06,"{""type"":""MultiPoint"",""coordinates"":[]}"
20121007,-0.005292701594184761,2012-10-07,"{""type"":""MultiPoint"",""coordinates"":[]}"
20121008,-0.006874774803765949,2012-10-08,"{""type"":""MultiPoint"",""coordinates"":[]}"
20121009,-0.007642780723877363,2012-10-09,"{""type"":""MultiPoint"",""coordinates"":[]}"
20121010,-0.008236767828701697,2012-10-10,"{""type"":""MultiPoint"",""coordinates"":[]}"
20121011,-0.008179806203116993,2012-10-11,"{""type"":""MultiPoint"",""coordinates"":[]}"
20121012,-0.007491314140199255,2012-10-12,"{""type"":""MultiPoint"",""coordinates"":[]}"
20121013,-0.006800009377707121,2012-10-13,"{""type"":""MultiPoint"",""coordinates"":[]}"
20121014,-0.007690901862107901,2012-10-14,"{""type"":""MultiPoint"",""coordinates"":[]}"
20121015,-0.008594304399878495,2012-10-15,"{""type"":""MultiPoint"",""coordinates"":[]}"
20121016,-0.008271058417133026,2012-10-16,"{""type"":""MultiPoint"",""coordinates"":[]}"
20121017,-0.008123555154575697,2012-10-17,"{""type"":""MultiPoint"",""coordinates"":[]}"
20121018,-0.008560746628624225,2012-10-18,"{""type"":""MultiPoint"",""coordinates"":[]}"
20121019,-0.007264338277739491,2012-10-19,"{""type"":""MultiPoint"",""coordinates"":[]}"
20121020,-0.0038165072123293254,2012-10-20,"{""type"":""MultiPoint"",""coordinates"":[]}"
20121021,-0.004755261062438242,2012-10-21,"{""type"":""MultiPoint"",""coordinates"":[]}"
20121022,-0.006105527781902231,2012-10-22,"{""type"":""MultiPoint"",""coordinates"":[]}"
20121023,-0.006266473997974949,2012-10-23,"{""type"":""MultiPoint"",""coordinates"":[]}"
20121024,-0.006139312274923245,2012-10-24,"{""type"":""MultiPoint"",""coordinates"":[]}"
20121025,-0.0058233635992530775,2012-10-25,"{""type"":""MultiPoint"",""coordinates"":[]}"
20121026,-0.006138233097642754,2012-10-26,"{""type"":""MultiPoint"",""coordinates"":[]}"
20121027,-0.00710081980281226,2012-10-27,"{""type"":""MultiPoint"",""coordinates"":[]}"
20121028,-0.00711052660542412,2012-10-28,"{""type"":""MultiPoint"",""coordinates"":[]}"
20121029,-0.009097280421855921,2012-10-29,"{""type"":""MultiPoint"",""coordinates"":[]}"
20121030,-0.010036095110973899,2012-10-30,"{""type"":""MultiPoint"",""coordinates"":[]}"
20121031,-0.00928949074240455,2012-10-31,"{""type"":""MultiPoint"",""coordinates"":[]}"
20121101,-0.0015159201820265072,2012-11-01,"{""type"":""MultiPoint"",""coordinates"":[]}"
20121102,-0.0012050362042218096,2012-11-02,"{""type"":""MultiPoint"",""coordinates"":[]}"
20121103,-0.002133782834120107,2012-11-03,"{""type"":""MultiPoint"",""coordinates"":[]}"
20121104,-0.004341636378805638,2012-11-04,"{""type"":""MultiPoint"",""coordinates"":[]}"
20121105,-0.005254865117233552,2012-11-05,"{""type"":""MultiPoint"",""coordinates"":[]}"
20121106,-0.00560414941708313,2012-11-06,"{""type"":""MultiPoint"",""coordinates"":[]}"
20121107,-0.0057761165025437995,2012-11-07,"{""type"":""MultiPoint"",""coordinates"":[]}"
20121108,-0.006588950122059412,2012-11-08,"{""type"":""MultiPoint"",""coordinates"":[]}"
20121109,-0.0068833343083945205,2012-11-09,"{""type"":""MultiPoint"",""coordinates"":[]}"
20121110,-0.006878326193837506,2012-11-10,"{""type"":""MultiPoint"",""coordinates"":[]}"
20121111,-0.006960464837270565,2012-11-11,"{""type"":""MultiPoint"",""coordinates"":[]}"
20121112,-0.007266465123413583,2012-11-12,"{""type"":""MultiPoint"",""coordinates"":[]}"
20121113,-0.007734942818200607,2012-11-13,"{""type"":""MultiPoint"",""coordinates"":[]}"
20121114,-0.007969988955901888,2012-11-14,"{""type"":""MultiPoint"",""coordinates"":[]}"
20121115,-0.008192538659375602,2012-11-15,"{""type"":""MultiPoint"",""coordinates"":[]}"
20121116,-0.008305095081215297,2012-11-16,"{""type"":""MultiPoint"",""coordinates"":[]}"
20121117,-0.007807852283335608,2012-11-17,"{""type"":""MultiPoint"",""coordinates"":[]}"
20121118,-0.007578687061294474,2012-11-18,"{""type"":""MultiPoint"",""coordinates"":[]}"
20121119,-0.006810903536465731,2012-11-19,"{""type"":""MultiPoint"",""coordinates"":[]}"
20121120,-0.007344795704289045,2012-11-20,"{""type"":""MultiPoint"",""coordinates"":[]}"
20121121,-0.0066102145647879956,2012-11-21,"{""type"":""MultiPoint"",""coordinates"":[]}"
20121122,-0.006423069131015976,2012-11-22,"{""type"":""MultiPoint"",""coordinates"":[]}"
20121123,-0.004889087418623679,2012-11-23,"{""type"":""MultiPoint"",""coordinates"":[]}"
20121124,-0.005331120925004981,2012-11-24,"{""type"":""MultiPoint"",""coordinates"":[]}"
20121125,-0.005559077947186881,2012-11-25,"{""type"":""MultiPoint"",""coordinates"":[]}"
20121126,-0.00538626258461007,2012-11-26,"{""type"":""MultiPoint"",""coordinates"":[]}"
20121127,-0.0062796779750257685,2012-11-27,"{""type"":""MultiPoint"",""coordinates"":[]}"
20121128,-0.006832403248530129,2012-11-28,"{""type"":""MultiPoint"",""coordinates"":[]}"
20121129,-0.00622476346825251,2012-11-29,"{""type"":""MultiPoint"",""coordinates"":[]}"
20121130,-0.006559517671061861,2012-11-30,"{""type"":""MultiPoint"",""coordinates"":[]}"
20121201,-0.007206016351668365,2012-12-01,"{""type"":""MultiPoint"",""coordinates"":[]}"
20121202,-0.007560855913411342,2012-12-02,"{""type"":""MultiPoint"",""coordinates"":[]}"
20121203,-0.007185714993265907,2012-12-03,"{""type"":""MultiPoint"",""coordinates"":[]}"
20121204,-0.0075225806922928785,2012-12-04,"{""type"":""MultiPoint"",""coordinates"":[]}"
20121205,-0.004255186213157372,2012-12-05,"{""type"":""MultiPoint"",""coordinates"":[]}"
20121206,-0.005893582572621196,2012-12-06,"{""type"":""MultiPoint"",""coordinates"":[]}"
20121207,-0.006180106432749643,2012-12-07,"{""type"":""MultiPoint"",""coordinates"":[]}"
20121208,-0.006622897822036858,2012-12-08,"{""type"":""MultiPoint"",""coordinates"":[]}"
20121209,-0.007174296881018632,2012-12-09,"{""type"":""MultiPoint"",""coordinates"":[]}"
20121210,-0.009073813875572967,2012-12-10,"{""type"":""MultiPoint"",""coordinates"":[]}"
20121211,-0.00849560178129284,2012-12-11,"{""type"":""MultiPoint"",""coordinates"":[]}"
20121212,-0.007979922497821123,2012-12-12,"{""type"":""MultiPoint"",""coordinates"":[]}"
20121213,-0.00795291512294945,2012-12-13,"{""type"":""MultiPoint"",""coordinates"":[]}"
20121214,-0.008598626441665277,2012-12-14,"{""type"":""MultiPoint"",""coordinates"":[]}"
20121215,-0.00857249148712515,2012-12-15,"{""type"":""MultiPoint"",""coordinates"":[]}"
20121216,-0.007991102398251527,2012-12-16,"{""type"":""MultiPoint"",""coordinates"":[]}"
20121217,-0.008118725868389109,2012-12-17,"{""type"":""MultiPoint"",""coordinates"":[]}"
20121218,-0.009670944880150703,2012-12-18,"{""type"":""MultiPoint"",""coordinates"":[]}"
20121219,-0.008073034234286909,2012-12-19,"{""type"":""MultiPoint"",""coordinates"":[]}"
20121220,-0.007542465744420802,2012-12-20,"{""type"":""MultiPoint"",""coordinates"":[]}"
20121221,-0.006662612032346902,2012-12-21,"{""type"":""MultiPoint"",""coordinates"":[]}"
20121222,-0.007215155395606026,2012-12-22,"{""type"":""MultiPoint"",""coordinates"":[]}"
20121223,-0.007718378096717097,2012-12-23,"{""type"":""MultiPoint"",""coordinates"":[]}"
20121224,-0.006698062182772959,2012-12-24,"{""type"":""MultiPoint"",""coordinates"":[]}"
20121225,-0.00748803594015261,2012-12-25,"{""type"":""MultiPoint"",""coordinates"":[]}"
20121226,-0.008583397519344331,2012-12-26,"{""type"":""MultiPoint"",""coordinates"":[]}"
20121227,-0.007584377523952337,2012-12-27,"{""type"":""MultiPoint"",""coordinates"":[]}"
20121228,-0.006695867118137452,2012-12-28,"{""type"":""MultiPoint"",""coordinates"":[]}"
20121229,-0.006859206628405038,2012-12-29,"{""type"":""MultiPoint"",""coordinates"":[]}"
20121230,-0.0036096649070651173,2012-12-30,"{""type"":""MultiPoint"",""coordinates"":[]}"
20121231,-0.003971765896738447,2012-12-31,"{""type"":""MultiPoint"",""coordinates"":[]}"
20130101,-0.005842219779412345,2013-01-01,"{""type"":""MultiPoint"",""coordinates"":[]}"
20130102,-0.006710372419077943,2013-01-02,"{""type"":""MultiPoint"",""coordinates"":[]}"
20130103,-0.007217146038370801,2013-01-03,"{""type"":""MultiPoint"",""coordinates"":[]}"
20130104,-0.007491209353351153,2013-01-04,"{""type"":""MultiPoint"",""coordinates"":[]}"
20130105,-0.008223667817348701,2013-01-05,"{""type"":""MultiPoint"",""coordinates"":[]}"
20130106,-0.007674694642293569,2013-01-06,"{""type"":""MultiPoint"",""coordinates"":[]}"
20130107,-0.007558222689969206,2013-01-07,"{""type"":""MultiPoint"",""coordinates"":[]}"
20130108,-0.007100019864748856,2013-01-08,"{""type"":""MultiPoint"",""coordinates"":[]}"
20130109,-0.008365658187815048,2013-01-09,"{""type"":""MultiPoint"",""coordinates"":[]}"
20130110,-0.008417386002970553,2013-01-10,"{""type"":""MultiPoint"",""coordinates"":[]}"
20130111,-0.009282933703242124,2013-01-11,"{""type"":""MultiPoint"",""coordinates"":[]}"
20130112,-0.008684682520217035,2013-01-12,"{""type"":""MultiPoint"",""coordinates"":[]}"
20130113,-0.008737925605079206,2013-01-13,"{""type"":""MultiPoint"",""coordinates"":[]}"
20130114,-0.00800494813638169,2013-01-14,"{""type"":""MultiPoint"",""coordinates"":[]}"
20130115,-0.009025405794369674,2013-01-15,"{""type"":""MultiPoint"",""coordinates"":[]}"
20130116,-0.009320776743807439,2013-01-16,"{""type"":""MultiPoint"",""coordinates"":[]}"
20130117,-0.009701567891799065,2013-01-17,"{""type"":""MultiPoint"",""coordinates"":[]}"
20130118,-0.009263618582499277,2013-01-18,"{""type"":""MultiPoint"",""coordinates"":[]}"
20130119,-0.008088659038748202,2013-01-19,"{""type"":""MultiPoint"",""coordinates"":[]}"
20130120,-0.008690521395931922,2013-01-20,"{""type"":""MultiPoint"",""coordinates"":[]}"
20130121,-0.007778465592761583,2013-01-21,"{""type"":""MultiPoint"",""coordinates"":[]}"
20130122,-0.008423463230672203,2013-01-22,"{""type"":""MultiPoint"",""coordinates"":[]}"
20130123,-0.008875693543168958,2013-01-23,"{""type"":""MultiPoint"",""coordinates"":[]}"
20130124,-0.008782896929877248,2013-01-24,"{""type"":""MultiPoint"",""coordinates"":[]}"
20130125,-0.0077848231187934306,2013-01-25,"{""type"":""MultiPoint"",""coordinates"":[]}"
20130126,-0.00831904180530777,2013-01-26,"{""type"":""MultiPoint"",""coordinates"":[]}"
20130127,-0.007925614298148732,2013-01-27,"{""type"":""MultiPoint"",""coordinates"":[]}"
20130128,-0.007192004884920833,2013-01-28,"{""type"":""MultiPoint"",""coordinates"":[]}"
20130129,-0.006006253605619301,2013-01-29,"{""type"":""MultiPoint"",""coordinates"":[]}"
20130130,-0.006269952767005519,2013-01-30,"{""type"":""MultiPoint"",""coordinates"":[]}"
20130131,-0.00824318670071365,2013-01-31,"{""type"":""MultiPoint"",""coordinates"":[]}"
20130201,-0.008628119826825976,2013-02-01,"{""type"":""MultiPoint"",""coordinates"":[]}"
20130202,-0.008796918498946458,2013-02-02,"{""type"":""MultiPoint"",""coordinates"":[]}"
20130203,-0.0092037354043235,2013-02-03,"{""type"":""MultiPoint"",""coordinates"":[]}"
20130204,-0.010569705221591043,2013-02-04,"{""type"":""MultiPoint"",""coordinates"":[]}"
20130205,-0.009608995787980357,2013-02-05,"{""type"":""MultiPoint"",""coordinates"":[]}"
20130206,-0.009269574259468867,2013-02-06,"{""type"":""MultiPoint"",""coordinates"":[]}"
20130207,-0.006749167913100119,2013-02-07,"{""type"":""MultiPoint"",""coordinates"":[]}"
20130208,-0.00785171950001648,2013-02-08,"{""type"":""MultiPoint"",""coordinates"":[]}"
20130209,-0.00938819686135673,2013-02-09,"{""type"":""MultiPoint"",""coordinates"":[]}"
20130210,-0.008659742265142469,2013-02-10,"{""type"":""MultiPoint"",""coordinates"":[]}"
20130211,-0.009025151921711173,2013-02-11,"{""type"":""MultiPoint"",""coordinates"":[]}"
20130212,-0.00913727803534456,2013-02-12,"{""type"":""MultiPoint"",""coordinates"":[]}"
20130213,-0.010449961713396905,2013-02-13,"{""type"":""MultiPoint"",""coordinates"":[]}"
20130214,-0.012552788065030601,2013-02-14,"{""type"":""MultiPoint"",""coordinates"":[]}"
20130215,-0.009539924745610804,2013-02-15,"{""type"":""MultiPoint"",""coordinates"":[]}"
20130216,-0.005521654335285129,2013-02-16,"{""type"":""MultiPoint"",""coordinates"":[]}"
20130217,-0.009654307163684603,2013-02-17,"{""type"":""MultiPoint"",""coordinates"":[]}"
20130218,-0.009197849720093085,2013-02-18,"{""type"":""MultiPoint"",""coordinates"":[]}"
20130219,-0.00881084501715376,2013-02-19,"{""type"":""MultiPoint"",""coordinates"":[]}"
20130220,-0.008161689557733973,2013-02-20,"{""type"":""MultiPoint"",""coordinates"":[]}"
20130221,-0.007956552626694322,2013-02-21,"{""type"":""MultiPoint"",""coordinates"":[]}"
20130222,-0.009621206143538532,2013-02-22,"{""type"":""MultiPoint"",""coordinates"":[]}"
20130223,-0.009798415165245997,2013-02-23,"{""type"":""MultiPoint"",""coordinates"":[]}"
20130224,-0.010467151420589009,2013-02-24,"{""type"":""MultiPoint"",""coordinates"":[]}"
20130225,-0.010741763159646962,2013-02-25,"{""type"":""MultiPoint"",""coordinates"":[]}"
20130226,-0.010873459306857135,2013-02-26,"{""type"":""MultiPoint"",""coordinates"":[]}"
20130227,-0.01008582121196143,2013-02-27,"{""type"":""MultiPoint"",""coordinates"":[]}"
20130228,-0.011147059661653419,2013-02-28,"{""type"":""MultiPoint"",""coordinates"":[]}"
20130301,-0.011723385655534501,2013-03-01,"{""type"":""MultiPoint"",""coordinates"":[]}"
20130302,-0.011876731883880226,2013-03-02,"{""type"":""MultiPoint"",""coordinates"":[]}"
20130303,-0.01198687561902882,2013-03-03,"{""type"":""MultiPoint"",""coordinates"":[]}"
20130304,-0.011543907042274698,2013-03-04,"{""type"":""MultiPoint"",""coordinates"":[]}"
20130305,-0.011574057430709434,2013-03-05,"{""type"":""MultiPoint"",""coordinates"":[]}"
20130306,-0.011696507226869936,2013-03-06,"{""type"":""MultiPoint"",""coordinates"":[]}"
20130307,-0.010466422392345279,2013-03-07,"{""type"":""MultiPoint"",""coordinates"":[]}"
20130308,-0.01068667188545079,2013-03-08,"{""type"":""MultiPoint"",""coordinates"":[]}"
20130309,-0.011397533133160926,2013-03-09,"{""type"":""MultiPoint"",""coordinates"":[]}"
20130310,-0.011814779847987004,2013-03-10,"{""type"":""MultiPoint"",""coordinates"":[]}"
20130311,-0.012904034368592934,2013-03-11,"{""type"":""MultiPoint"",""coordinates"":[]}"
20130312,-0.010614223407876463,2013-03-12,"{""type"":""MultiPoint"",""coordinates"":[]}"
20130313,-0.012768290697897446,2013-03-13,"{""type"":""MultiPoint"",""coordinates"":[]}"
20130314,-0.012102846592221389,2013-03-14,"{""type"":""MultiPoint"",""coordinates"":[]}"
20130315,-0.014823012279200751,2013-03-15,"{""type"":""MultiPoint"",""coordinates"":[]}"
20130316,-0.014901229407220907,2013-03-16,"{""type"":""MultiPoint"",""coordinates"":[]}"
20130317,-0.013259835871105486,2013-03-17,"{""type"":""MultiPoint"",""coordinates"":[]}"
20130318,-0.011601567831224308,2013-03-18,"{""type"":""MultiPoint"",""coordinates"":[]}"
20130319,-0.011144744718855647,2013-03-19,"{""type"":""MultiPoint"",""coordinates"":[]}"
20130320,-0.011086455139275758,2013-03-20,"{""type"":""MultiPoint"",""coordinates"":[]}"
20130321,-0.011841992408911423,2013-03-21,"{""type"":""MultiPoint"",""coordinates"":[]}"
20130322,-0.013022031765281376,2013-03-22,"{""type"":""MultiPoint"",""coordinates"":[]}"
20130323,-0.015028624252354761,2013-03-23,"{""type"":""MultiPoint"",""coordinates"":[]}"
20130324,-0.013171231057248845,2013-03-24,"{""type"":""MultiPoint"",""coordinates"":[]}"
20130325,-0.012860652866806955,2013-03-25,"{""type"":""MultiPoint"",""coordinates"":[]}"
20130326,-0.012720343927592456,2013-03-26,"{""type"":""MultiPoint"",""coordinates"":[]}"
20130327,-0.013454054633511013,2013-03-27,"{""type"":""MultiPoint"",""coordinates"":[]}"
20130328,-0.013536776796115566,2013-03-28,"{""type"":""MultiPoint"",""coordinates"":[]}"
20130329,-0.012821382006246189,2013-03-29,"{""type"":""MultiPoint"",""coordinates"":[]}"
20130330,-0.010848450532146654,2013-03-30,"{""type"":""MultiPoint"",""coordinates"":[]}"
20130331,-0.010656708244907543,2013-03-31,"{""type"":""MultiPoint"",""coordinates"":[]}"
20130401,-0.009854274180808305,2013-04-01,"{""type"":""MultiPoint"",""coordinates"":[]}"
20130402,-0.0111874608214552,2013-04-02,"{""type"":""MultiPoint"",""coordinates"":[]}"
20130403,-0.010215759926813086,2013-04-03,"{""type"":""MultiPoint"",""coordinates"":[]}"
20130404,-0.012081505946435943,2013-04-04,"{""type"":""MultiPoint"",""coordinates"":[]}"
20130405,-0.011590940390149922,2013-04-05,"{""type"":""MultiPoint"",""coordinates"":[]}"
20130406,-0.011938569464928519,2013-04-06,"{""type"":""MultiPoint"",""coordinates"":[]}"
20130407,-0.012965020098425784,2013-04-07,"{""type"":""MultiPoint"",""coordinates"":[]}"
20130408,-0.01162453821537653,2013-04-08,"{""type"":""MultiPoint"",""coordinates"":[]}"
20130409,-0.01175189093860533,2013-04-09,"{""type"":""MultiPoint"",""coordinates"":[]}"
20130410,-0.013409315910629792,2013-04-10,"{""type"":""MultiPoint"",""coordinates"":[]}"
20130411,-0.014386099801904896,2013-04-11,"{""type"":""MultiPoint"",""coordinates"":[]}"
20130412,-0.01466645334600344,2013-04-12,"{""type"":""MultiPoint"",""coordinates"":[]}"
20130413,-0.013688948036638459,2013-04-13,"{""type"":""MultiPoint"",""coordinates"":[]}"
20130414,-0.012987087455848745,2013-04-14,"{""type"":""MultiPoint"",""coordinates"":[]}"
20130415,-0.011518245170885507,2013-04-15,"{""type"":""MultiPoint"",""coordinates"":[]}"
20130416,-0.014447491596917758,2013-04-16,"{""type"":""MultiPoint"",""coordinates"":[]}"
20130417,-0.01864595586847918,2013-04-17,"{""type"":""MultiPoint"",""coordinates"":[]}"
20130418,-0.018064900663657617,2013-04-18,"{""type"":""MultiPoint"",""coordinates"":[]}"
20130419,-0.016912769678210343,2013-04-19,"{""type"":""MultiPoint"",""coordinates"":[]}"
20130420,-0.014331329627428759,2013-04-20,"{""type"":""MultiPoint"",""coordinates"":[]}"
20130421,-0.010919722837051246,2013-04-21,"{""type"":""MultiPoint"",""coordinates"":[]}"
20130422,-0.010468738975580885,2013-04-22,"{""type"":""MultiPoint"",""coordinates"":[]}"
20130423,-0.008314438506664697,2013-04-23,"{""type"":""MultiPoint"",""coordinates"":[]}"
20130424,-0.008652576018464614,2013-04-24,"{""type"":""MultiPoint"",""coordinates"":[]}"
20130425,-0.009354414699843707,2013-04-25,"{""type"":""MultiPoint"",""coordinates"":[]}"
20130426,-0.00936409960661517,2013-04-26,"{""type"":""MultiPoint"",""coordinates"":[]}"
20130427,-0.010657785619382857,2013-04-27,"{""type"":""MultiPoint"",""coordinates"":[]}"
20130428,-0.011339207840839314,2013-04-28,"{""type"":""MultiPoint"",""coordinates"":[]}"
20130429,-0.012577857948379264,2013-04-29,"{""type"":""MultiPoint"",""coordinates"":[]}"
20130430,-0.012321437233379471,2013-04-30,"{""type"":""MultiPoint"",""coordinates"":[]}"
20130501,-0.012321516972970722,2013-05-01,"{""type"":""MultiPoint"",""coordinates"":[]}"
20130502,-0.013614038519039421,2013-05-02,"{""type"":""MultiPoint"",""coordinates"":[]}"
20130503,-0.016837836924852332,2013-05-03,"{""type"":""MultiPoint"",""coordinates"":[]}"
20130504,-0.01563852877815623,2013-05-04,"{""type"":""MultiPoint"",""coordinates"":[]}"
20130505,-0.013972364543013203,2013-05-05,"{""type"":""MultiPoint"",""coordinates"":[]}"
20130506,-0.013149334030765519,2013-05-06,"{""type"":""MultiPoint"",""coordinates"":[]}"
20130507,-0.011772950354078285,2013-05-07,"{""type"":""MultiPoint"",""coordinates"":[]}"
20130508,-0.01305839981953772,2013-05-08,"{""type"":""MultiPoint"",""coordinates"":[]}"
20130509,-0.014386162512639872,2013-05-09,"{""type"":""MultiPoint"",""coordinates"":[]}"
20130510,-0.016823656841491022,2013-05-10,"{""type"":""MultiPoint"",""coordinates"":[]}"
20130511,-0.015404240312407497,2013-05-11,"{""type"":""MultiPoint"",""coordinates"":[]}"
20130512,-0.01489616448707052,2013-05-12,"{""type"":""MultiPoint"",""coordinates"":[]}"
20130513,-0.013710225337742266,2013-05-13,"{""type"":""MultiPoint"",""coordinates"":[]}"
20130514,-0.013068465005041854,2013-05-14,"{""type"":""MultiPoint"",""coordinates"":[]}"
20130515,-0.012323773217648784,2013-05-15,"{""type"":""MultiPoint"",""coordinates"":[]}"
20130516,-0.01613638297675218,2013-05-16,"{""type"":""MultiPoint"",""coordinates"":[]}"
20130517,-0.014270822245422279,2013-05-17,"{""type"":""MultiPoint"",""coordinates"":[]}"
20130518,-0.014509379344660265,2013-05-18,"{""type"":""MultiPoint"",""coordinates"":[]}"
20130519,-0.014444611070640304,2013-05-19,"{""type"":""MultiPoint"",""coordinates"":[]}"
20130520,-0.01454842958169816,2013-05-20,"{""type"":""MultiPoint"",""coordinates"":[]}"
20130521,-0.01754957177199753,2013-05-21,"{""type"":""MultiPoint"",""coordinates"":[]}"
20130522,-0.01746328391718082,2013-05-22,"{""type"":""MultiPoint"",""coordinates"":[]}"
20130523,-0.01810630479131874,2013-05-23,"{""type"":""MultiPoint"",""coordinates"":[]}"
20130524,-0.020394460911616473,2013-05-24,"{""type"":""MultiPoint"",""coordinates"":[]}"
20130525,-0.019862124641656462,2013-05-25,"{""type"":""MultiPoint"",""coordinates"":[]}"
20130526,-0.017796056530368476,2013-05-26,"{""type"":""MultiPoint"",""coordinates"":[]}"
20130527,-0.01464998000612845,2013-05-27,"{""type"":""MultiPoint"",""coordinates"":[]}"
20130528,-0.015036216029820727,2013-05-28,"{""type"":""MultiPoint"",""coordinates"":[]}"
20130529,-0.013883885408613636,2013-05-29,"{""type"":""MultiPoint"",""coordinates"":[]}"
20130530,-0.013168261386803366,2013-05-30,"{""type"":""MultiPoint"",""coordinates"":[]}"
20130531,-0.012854164284258328,2013-05-31,"{""type"":""MultiPoint"",""coordinates"":[]}"
20130601,-0.011431859562551386,2013-06-01,"{""type"":""MultiPoint"",""coordinates"":[]}"
20130602,-0.008731423982539881,2013-06-02,"{""type"":""MultiPoint"",""coordinates"":[]}"
20130603,-0.00921260845952245,2013-06-03,"{""type"":""MultiPoint"",""coordinates"":[]}"
20130604,-0.0072306001367117055,2013-06-04,"{""type"":""MultiPoint"",""coordinates"":[]}"
20130605,-0.008462630335867588,2013-06-05,"{""type"":""MultiPoint"",""coordinates"":[]}"
20130606,-0.007081647990955612,2013-06-06,"{""type"":""MultiPoint"",""coordinates"":[]}"
20130607,-0.006813277980216696,2013-06-07,"{""type"":""MultiPoint"",""coordinates"":[]}"
20130608,-0.007892422799659455,2013-06-08,"{""type"":""MultiPoint"",""coordinates"":[]}"
20130609,-0.009514261385595663,2013-06-09,"{""type"":""MultiPoint"",""coordinates"":[]}"
20130610,-0.008947380675656673,2013-06-10,"{""type"":""MultiPoint"",""coordinates"":[]}"
20130611,-0.0060027965193025995,2013-06-11,"{""type"":""MultiPoint"",""coordinates"":[]}"
20130612,-0.0034932942000872056,2013-06-12,"{""type"":""MultiPoint"",""coordinates"":[]}"
20130613,-0.004082191276965805,2013-06-13,"{""type"":""MultiPoint"",""coordinates"":[]}"
20130614,-0.004243113632025613,2013-06-14,"{""type"":""MultiPoint"",""coordinates"":[]}"
20130615,-0.006113187210509626,2013-06-15,"{""type"":""MultiPoint"",""coordinates"":[]}"
20130616,-0.007968672839665078,2013-06-16,"{""type"":""MultiPoint"",""coordinates"":[]}"
20130617,-0.009504539642550207,2013-06-17,"{""type"":""MultiPoint"",""coordinates"":[]}"
20130618,-0.009860051107486587,2013-06-18,"{""type"":""MultiPoint"",""coordinates"":[]}"
20130619,-0.008301787695252274,2013-06-19,"{""type"":""MultiPoint"",""coordinates"":[]}"
20130620,-0.007964176917520433,2013-06-20,"{""type"":""MultiPoint"",""coordinates"":[]}"
20130621,-0.009155321554112588,2013-06-21,"{""type"":""MultiPoint"",""coordinates"":[]}"
20130622,-0.0067450561269213095,2013-06-22,"{""type"":""MultiPoint"",""coordinates"":[]}"
20130623,-0.007435884784150063,2013-06-23,"{""type"":""MultiPoint"",""coordinates"":[]}"
20130624,-0.004796914868837567,2013-06-24,"{""type"":""MultiPoint"",""coordinates"":[]}"
20130625,-0.005755022629338593,2013-06-25,"{""type"":""MultiPoint"",""coordinates"":[]}"
20130626,-0.008584799356375187,2013-06-26,"{""type"":""MultiPoint"",""coordinates"":[]}"
20130627,-0.01107255931951572,2013-06-27,"{""type"":""MultiPoint"",""coordinates"":[]}"
20130628,-0.011292461454253618,2013-06-28,"{""type"":""MultiPoint"",""coordinates"":[]}"
20130629,-0.010338104086879135,2013-06-29,"{""type"":""MultiPoint"",""coordinates"":[]}"
20130630,-0.009265065029877577,2013-06-30,"{""type"":""MultiPoint"",""coordinates"":[]}"
20130701,-0.009132493911181804,2013-07-01,"{""type"":""MultiPoint"",""coordinates"":[]}"
20130702,-0.008656073914087736,2013-07-02,"{""type"":""MultiPoint"",""coordinates"":[]}"
20130703,-0.00550739941688159,2013-07-03,"{""type"":""MultiPoint"",""coordinates"":[]}"
20130704,-0.009050059040810514,2013-07-04,"{""type"":""MultiPoint"",""coordinates"":[]}"
20130705,-0.007779753759153796,2013-07-05,"{""type"":""MultiPoint"",""coordinates"":[]}"
20130706,-0.006831686718690453,2013-07-06,"{""type"":""MultiPoint"",""coordinates"":[]}"
20130707,-0.004684220788525943,2013-07-07,"{""type"":""MultiPoint"",""coordinates"":[]}"
20130708,-0.0059382085394606475,2013-07-08,"{""type"":""MultiPoint"",""coordinates"":[]}"
20130709,-0.005910088181994879,2013-07-09,"{""type"":""MultiPoint"",""coordinates"":[]}"
20130710,-0.0038017222892269952,2013-07-10,"{""type"":""MultiPoint"",""coordinates"":[]}"
20130711,-0.0026374961051577215,2013-07-11,"{""type"":""MultiPoint"",""coordinates"":[]}"
20130712,-0.0034919806870054534,2013-07-12,"{""type"":""MultiPoint"",""coordinates"":[]}"
20130713,-0.007218948215968935,2013-07-13,"{""type"":""MultiPoint"",""coordinates"":[]}"
20130714,-0.006833553720437777,2013-07-14,"{""type"":""MultiPoint"",""coordinates"":[]}"
20130715,-0.00798112809405962,2013-07-15,"{""type"":""MultiPoint"",""coordinates"":[]}"
20130716,-0.002852738682523541,2013-07-16,"{""type"":""MultiPoint"",""coordinates"":[]}"
20130717,-0.002499757996089379,2013-07-17,"{""type"":""MultiPoint"",""coordinates"":[]}"
20130718,-0.004916517713987964,2013-07-18,"{""type"":""MultiPoint"",""coordinates"":[]}"
20130719,-0.0035769462467787243,2013-07-19,"{""type"":""MultiPoint"",""coordinates"":[]}"
20130720,-0.005778698314216773,2013-07-20,"{""type"":""MultiPoint"",""coordinates"":[]}"
20130721,-0.006361204126497483,2013-07-21,"{""type"":""MultiPoint"",""coordinates"":[]}"
20130722,-0.0026098539222850956,2013-07-22,"{""type"":""MultiPoint"",""coordinates"":[]}"
20130723,-0.006215215551235504,2013-07-23,"{""type"":""MultiPoint"",""coordinates"":[]}"
20130724,-0.007287198243411792,2013-07-24,"{""type"":""MultiPoint"",""coordinates"":[]}"
20130725,-0.008508361545532833,2013-07-25,"{""type"":""MultiPoint"",""coordinates"":[]}"
20130726,-0.00814061659654109,2013-07-26,"{""type"":""MultiPoint"",""coordinates"":[]}"
20130727,-0.008102654441685087,2013-07-27,"{""type"":""MultiPoint"",""coordinates"":[]}"
20130728,-0.00812113378837266,2013-07-28,"{""type"":""MultiPoint"",""coordinates"":[]}"
20130729,-0.010298473128168882,2013-07-29,"{""type"":""MultiPoint"",""coordinates"":[]}"
20130730,-0.0090514320422721,2013-07-30,"{""type"":""MultiPoint"",""coordinates"":[]}"
20130731,-0.003097200842965488,2013-07-31,"{""type"":""MultiPoint"",""coordinates"":[]}"
20130801,-0.0031350958373522874,2013-08-01,"{""type"":""MultiPoint"",""coordinates"":[]}"
20130802,-0.005407361430508918,2013-08-02,"{""type"":""MultiPoint"",""coordinates"":[]}"
20130803,-0.007944456133480009,2013-08-03,"{""type"":""MultiPoint"",""coordinates"":[]}"
20130804,-0.007722314966088052,2013-08-04,"{""type"":""MultiPoint"",""coordinates"":[]}"
20130805,-0.004006069772902607,2013-08-05,"{""type"":""MultiPoint"",""coordinates"":[]}"
20130806,-0.004419227482649261,2013-08-06,"{""type"":""MultiPoint"",""coordinates"":[]}"
20130807,-0.007580076296384933,2013-08-07,"{""type"":""MultiPoint"",""coordinates"":[]}"
20130808,-0.0072977745330325295,2013-08-08,"{""type"":""MultiPoint"",""coordinates"":[]}"
20130809,-0.008033220718190483,2013-08-09,"{""type"":""MultiPoint"",""coordinates"":[]}"
20130810,-0.007489796407507423,2013-08-10,"{""type"":""MultiPoint"",""coordinates"":[]}"
20130811,-0.006790496067750642,2013-08-11,"{""type"":""MultiPoint"",""coordinates"":[]}"
20130812,-0.005267733201441048,2013-08-12,"{""type"":""MultiPoint"",""coordinates"":[]}"
20130813,-0.004951349205753743,2013-08-13,"{""type"":""MultiPoint"",""coordinates"":[]}"
20130814,-0.005958106917507213,2013-08-14,"{""type"":""MultiPoint"",""coordinates"":[]}"
20130815,-0.005164479901939241,2013-08-15,"{""type"":""MultiPoint"",""coordinates"":[]}"
20130816,-0.0034557735819303274,2013-08-16,"{""type"":""MultiPoint"",""coordinates"":[]}"
20130817,-0.004128465812746906,2013-08-17,"{""type"":""MultiPoint"",""coordinates"":[]}"
20130818,-0.0034061911296206704,2013-08-18,"{""type"":""MultiPoint"",""coordinates"":[]}"
20130819,-0.007295272898380196,2013-08-19,"{""type"":""MultiPoint"",""coordinates"":[]}"
20130820,-0.009303940582171825,2013-08-20,"{""type"":""MultiPoint"",""coordinates"":[]}"
20130821,-0.008865315196248278,2013-08-21,"{""type"":""MultiPoint"",""coordinates"":[]}"
20130822,-0.007635817364962818,2013-08-22,"{""type"":""MultiPoint"",""coordinates"":[]}"
20130823,-0.008211901387586817,2013-08-23,"{""type"":""MultiPoint"",""coordinates"":[]}"
20130824,-0.00713850466934282,2013-08-24,"{""type"":""MultiPoint"",""coordinates"":[]}"
20130825,-0.007194404243209662,2013-08-25,"{""type"":""MultiPoint"",""coordinates"":[]}"
20130826,-0.005592530427881766,2013-08-26,"{""type"":""MultiPoint"",""coordinates"":[]}"
20130827,-0.006383698440933286,2013-08-27,"{""type"":""MultiPoint"",""coordinates"":[]}"
20130828,-0.004757957106360774,2013-08-28,"{""type"":""MultiPoint"",""coordinates"":[]}"
20130829,-0.004899646936443888,2013-08-29,"{""type"":""MultiPoint"",""coordinates"":[]}"
20130830,-0.006638732469047356,2013-08-30,"{""type"":""MultiPoint"",""coordinates"":[]}"
20130831,-0.005947070589538284,2013-08-31,"{""type"":""MultiPoint"",""coordinates"":[]}"
20130901,-0.006630174732453139,2013-09-01,"{""type"":""MultiPoint"",""coordinates"":[]}"
20130902,-0.005355516277945011,2013-09-02,"{""type"":""MultiPoint"",""coordinates"":[]}"
20130903,-0.006074825736789776,2013-09-03,"{""type"":""MultiPoint"",""coordinates"":[]}"
20130904,-0.006119877984473707,2013-09-04,"{""type"":""MultiPoint"",""coordinates"":[]}"
20130905,-0.00830442357617888,2013-09-05,"{""type"":""MultiPoint"",""coordinates"":[]}"
20130906,-0.0072996856425025965,2013-09-06,"{""type"":""MultiPoint"",""coordinates"":[]}"
20130907,-0.006923188806875355,2013-09-07,"{""type"":""MultiPoint"",""coordinates"":[]}"
20130908,-0.0025979239412735255,2013-09-08,"{""type"":""MultiPoint"",""coordinates"":[]}"
20130909,-0.00379945487721552,2013-09-09,"{""type"":""MultiPoint"",""coordinates"":[]}"
20130910,-0.004134679235286071,2013-09-10,"{""type"":""MultiPoint"",""coordinates"":[]}"
20130911,-0.0048649709325114115,2013-09-11,"{""type"":""MultiPoint"",""coordinates"":[]}"
20130912,-0.005983614873511577,2013-09-12,"{""type"":""MultiPoint"",""coordinates"":[]}"
20130913,-0.006159531971870243,2013-09-13,"{""type"":""MultiPoint"",""coordinates"":[]}"
20130914,-0.004673492561887167,2013-09-14,"{""type"":""MultiPoint"",""coordinates"":[]}"
20130915,-0.005202666010711186,2013-09-15,"{""type"":""MultiPoint"",""coordinates"":[]}"
20130916,-0.0047852463897312516,2013-09-16,"{""type"":""MultiPoint"",""coordinates"":[]}"
20130917,-0.0034518296182245024,2013-09-17,"{""type"":""MultiPoint"",""coordinates"":[]}"
20130918,-0.0032982415760217623,2013-09-18,"{""type"":""MultiPoint"",""coordinates"":[]}"
20130919,-0.003148361993330738,2013-09-19,"{""type"":""MultiPoint"",""coordinates"":[]}"
20130920,-0.003090589143445409,2013-09-20,"{""type"":""MultiPoint"",""coordinates"":[]}"
20130921,-0.004398949263144188,2013-09-21,"{""type"":""MultiPoint"",""coordinates"":[]}"
20130922,-0.00908806243681417,2013-09-22,"{""type"":""MultiPoint"",""coordinates"":[]}"
20130923,-0.008697267461250992,2013-09-23,"{""type"":""MultiPoint"",""coordinates"":[]}"
20130924,-0.007179007051362264,2013-09-24,"{""type"":""MultiPoint"",""coordinates"":[]}"
20130925,-0.007680991646755369,2013-09-25,"{""type"":""MultiPoint"",""coordinates"":[]}"
20130926,-0.007187619439931887,2013-09-26,"{""type"":""MultiPoint"",""coordinates"":[]}"
20130927,-0.0072312776300913475,2013-09-27,"{""type"":""MultiPoint"",""coordinates"":[]}"
20130928,-0.00746092496902313,2013-09-28,"{""type"":""MultiPoint"",""coordinates"":[]}"
20130929,-0.007889479667269949,2013-09-29,"{""type"":""MultiPoint"",""coordinates"":[]}"
20130930,-0.005641211815219684,2013-09-30,"{""type"":""MultiPoint"",""coordinates"":[]}"
20131001,-0.004847512899639657,2013-10-01,"{""type"":""MultiPoint"",""coordinates"":[]}"
20131002,-0.00419015574802473,2013-10-02,"{""type"":""MultiPoint"",""coordinates"":[]}"
20131003,-0.005104864949632214,2013-10-03,"{""type"":""MultiPoint"",""coordinates"":[]}"
20131004,-0.00800380625705892,2013-10-04,"{""type"":""MultiPoint"",""coordinates"":[]}"
20131005,-0.007344062512083807,2013-10-05,"{""type"":""MultiPoint"",""coordinates"":[]}"
20131006,-0.004913791811550909,2013-10-06,"{""type"":""MultiPoint"",""coordinates"":[]}"
20131007,-0.0049492695211154685,2013-10-07,"{""type"":""MultiPoint"",""coordinates"":[]}"
20131008,-0.005152536383745218,2013-10-08,"{""type"":""MultiPoint"",""coordinates"":[]}"
20131009,-0.004476534366847336,2013-10-09,"{""type"":""MultiPoint"",""coordinates"":[]}"
20131010,-0.005683241037713908,2013-10-10,"{""type"":""MultiPoint"",""coordinates"":[]}"
20131011,-0.006400659219653088,2013-10-11,"{""type"":""MultiPoint"",""coordinates"":[]}"
20131012,-0.005405500453893604,2013-10-12,"{""type"":""MultiPoint"",""coordinates"":[]}"
20131013,-0.007170590413999368,2013-10-13,"{""type"":""MultiPoint"",""coordinates"":[]}"
20131014,-0.006390996059859423,2013-10-14,"{""type"":""MultiPoint"",""coordinates"":[]}"
20131015,-0.005644182218336116,2013-10-15,"{""type"":""MultiPoint"",""coordinates"":[]}"
20131016,-0.006504778011089125,2013-10-16,"{""type"":""MultiPoint"",""coordinates"":[]}"
20131017,-0.006073272408397305,2013-10-17,"{""type"":""MultiPoint"",""coordinates"":[]}"
20131018,-0.006785475858534731,2013-10-18,"{""type"":""MultiPoint"",""coordinates"":[]}"
20131019,-0.007584886751996663,2013-10-19,"{""type"":""MultiPoint"",""coordinates"":[]}"
20131020,-0.007327748783955079,2013-10-20,"{""type"":""MultiPoint"",""coordinates"":[]}"
20131021,-0.004563864974642732,2013-10-21,"{""type"":""MultiPoint"",""coordinates"":[]}"
20131022,-0.004222475178081833,2013-10-22,"{""type"":""MultiPoint"",""coordinates"":[]}"
20131023,-0.00234287204809589,2013-10-23,"{""type"":""MultiPoint"",""coordinates"":[]}"
20131024,-0.0012829049394423174,2013-10-24,"{""type"":""MultiPoint"",""coordinates"":[]}"
20131025,-9.881550351231439E-4,2013-10-25,"{""type"":""MultiPoint"",""coordinates"":[]}"
20131026,-0.002758915613835502,2013-10-26,"{""type"":""MultiPoint"",""coordinates"":[]}"
20131027,-0.0035707937549877148,2013-10-27,"{""type"":""MultiPoint"",""coordinates"":[]}"
20131028,-0.005642263523548504,2013-10-28,"{""type"":""MultiPoint"",""coordinates"":[]}"
20131029,-0.006736303351922276,2013-10-29,"{""type"":""MultiPoint"",""coordinates"":[]}"
20131030,-0.006277755615331118,2013-10-30,"{""type"":""MultiPoint"",""coordinates"":[]}"
20131031,-0.006080515884181809,2013-10-31,"{""type"":""MultiPoint"",""coordinates"":[]}"
20131101,-0.005328367039659996,2013-11-01,"{""type"":""MultiPoint"",""coordinates"":[]}"
20131102,-0.004773307976328963,2013-11-02,"{""type"":""MultiPoint"",""coordinates"":[]}"
20131103,-0.004806738461062106,2013-11-03,"{""type"":""MultiPoint"",""coordinates"":[]}"
20131104,-0.005574768175904547,2013-11-04,"{""type"":""MultiPoint"",""coordinates"":[]}"
20131105,-0.005731997885658442,2013-11-05,"{""type"":""MultiPoint"",""coordinates"":[]}"
20131106,-0.006772132028724568,2013-11-06,"{""type"":""MultiPoint"",""coordinates"":[]}"
20131107,-0.006386778881292384,2013-11-07,"{""type"":""MultiPoint"",""coordinates"":[]}"
20131108,-0.005249750684204636,2013-11-08,"{""type"":""MultiPoint"",""coordinates"":[]}"
20131109,-0.006237256741129093,2013-11-09,"{""type"":""MultiPoint"",""coordinates"":[]}"
20131110,-0.0069488914521792355,2013-11-10,"{""type"":""MultiPoint"",""coordinates"":[]}"
20131111,-0.007310860861755471,2013-11-11,"{""type"":""MultiPoint"",""coordinates"":[]}"
20131112,-0.006808595606043042,2013-11-12,"{""type"":""MultiPoint"",""coordinates"":[]}"
20131113,-0.006895820996080457,2013-11-13,"{""type"":""MultiPoint"",""coordinates"":[]}"
20131114,-0.007055156355275681,2013-11-14,"{""type"":""MultiPoint"",""coordinates"":[]}"
20131115,-0.007891585768576768,2013-11-15,"{""type"":""MultiPoint"",""coordinates"":[]}"
20131116,-0.007276498845667534,2013-11-16,"{""type"":""MultiPoint"",""coordinates"":[]}"
20131117,-0.004819971796331159,2013-11-17,"{""type"":""MultiPoint"",""coordinates"":[]}"
20131118,-0.006577481912814792,2013-11-18,"{""type"":""MultiPoint"",""coordinates"":[]}"
20131119,-0.008151684313716974,2013-11-19,"{""type"":""MultiPoint"",""coordinates"":[]}"
20131120,-0.007724417193707656,2013-11-20,"{""type"":""MultiPoint"",""coordinates"":[]}"
20131121,-0.008309884079813068,2013-11-21,"{""type"":""MultiPoint"",""coordinates"":[]}"
20131122,-0.006567095621691987,2013-11-22,"{""type"":""MultiPoint"",""coordinates"":[]}"
20131123,-0.0012700991187611142,2013-11-23,"{""type"":""MultiPoint"",""coordinates"":[]}"
20131124,-0.0037381515512889055,2013-11-24,"{""type"":""MultiPoint"",""coordinates"":[]}"
20131125,-0.004842076225972997,2013-11-25,"{""type"":""MultiPoint"",""coordinates"":[]}"
20131126,-0.0059760052449524675,2013-11-26,"{""type"":""MultiPoint"",""coordinates"":[]}"
20131127,-0.008583123592923021,2013-11-27,"{""type"":""MultiPoint"",""coordinates"":[]}"
20131128,-0.005931674291642589,2013-11-28,"{""type"":""MultiPoint"",""coordinates"":[]}"
20131129,-0.002198066483869359,2013-11-29,"{""type"":""MultiPoint"",""coordinates"":[]}"
20131130,-0.005650454912403135,2013-11-30,"{""type"":""MultiPoint"",""coordinates"":[]}"
20131201,-0.0046492258889401245,2013-12-01,"{""type"":""MultiPoint"",""coordinates"":[]}"
20131202,-0.0050782609939428675,2013-12-02,"{""type"":""MultiPoint"",""coordinates"":[]}"
20131203,-0.004659322821449212,2013-12-03,"{""type"":""MultiPoint"",""coordinates"":[]}"
20131204,-0.006427317603014971,2013-12-04,"{""type"":""MultiPoint"",""coordinates"":[]}"
20131205,-0.008240658812070572,2013-12-05,"{""type"":""MultiPoint"",""coordinates"":[]}"
20131206,-0.007779843957312454,2013-12-06,"{""type"":""MultiPoint"",""coordinates"":[]}"
20131207,-0.008018750975230488,2013-12-07,"{""type"":""MultiPoint"",""coordinates"":[]}"
20131208,-0.007285433563509456,2013-12-08,"{""type"":""MultiPoint"",""coordinates"":[]}"
20131209,-0.008758982668554214,2013-12-09,"{""type"":""MultiPoint"",""coordinates"":[]}"
20131210,-0.009595408513654624,2013-12-10,"{""type"":""MultiPoint"",""coordinates"":[]}"
20131211,-0.009626527557819259,2013-12-11,"{""type"":""MultiPoint"",""coordinates"":[]}"
20131212,-0.00950473549605146,2013-12-12,"{""type"":""MultiPoint"",""coordinates"":[]}"
20131213,-0.007848013313802672,2013-12-13,"{""type"":""MultiPoint"",""coordinates"":[]}"
20131214,-0.0068726859900786344,2013-12-14,"{""type"":""MultiPoint"",""coordinates"":[]}"
20131215,-0.007204991810064455,2013-12-15,"{""type"":""MultiPoint"",""coordinates"":[]}"
20131216,-0.007259988984629146,2013-12-16,"{""type"":""MultiPoint"",""coordinates"":[]}"
20131217,-0.0066602289905781185,2013-12-17,"{""type"":""MultiPoint"",""coordinates"":[]}"
20131218,-0.0062402363446989306,2013-12-18,"{""type"":""MultiPoint"",""coordinates"":[]}"
20131219,-0.005753570416212438,2013-12-19,"{""type"":""MultiPoint"",""coordinates"":[]}"
20131220,-0.006618461802572634,2013-12-20,"{""type"":""MultiPoint"",""coordinates"":[]}"
20131221,-0.007567560581424502,2013-12-21,"{""type"":""MultiPoint"",""coordinates"":[]}"
20131222,-0.007680227565949913,2013-12-22,"{""type"":""MultiPoint"",""coordinates"":[]}"
20131223,-0.006206052172687675,2013-12-23,"{""type"":""MultiPoint"",""coordinates"":[]}"
20131224,-0.006333037954744453,2013-12-24,"{""type"":""MultiPoint"",""coordinates"":[]}"
20131225,-0.006449054695345759,2013-12-25,"{""type"":""MultiPoint"",""coordinates"":[]}"
20131226,-0.00655373836817024,2013-12-26,"{""type"":""MultiPoint"",""coordinates"":[]}"
20131227,-0.0069636492804267145,2013-12-27,"{""type"":""MultiPoint"",""coordinates"":[]}"
20131228,-0.006749874633376045,2013-12-28,"{""type"":""MultiPoint"",""coordinates"":[]}"
20131229,-0.006944665297616885,2013-12-29,"{""type"":""MultiPoint"",""coordinates"":[]}"
20131230,-0.007890320597962741,2013-12-30,"{""type"":""MultiPoint"",""coordinates"":[]}"
20131231,-0.007725644118587464,2013-12-31,"{""type"":""MultiPoint"",""coordinates"":[]}"
20140101,-0.006701097634651892,2014-01-01,"{""type"":""MultiPoint"",""coordinates"":[]}"
20140102,-0.006336682615225411,2014-01-02,"{""type"":""MultiPoint"",""coordinates"":[]}"
20140103,-0.006499848640187591,2014-01-03,"{""type"":""MultiPoint"",""coordinates"":[]}"
20140104,-0.006594135548885753,2014-01-04,"{""type"":""MultiPoint"",""coordinates"":[]}"
20140105,-0.0072265800967693935,2014-01-05,"{""type"":""MultiPoint"",""coordinates"":[]}"
20140106,-0.007112121933558079,2014-01-06,"{""type"":""MultiPoint"",""coordinates"":[]}"
20140107,-0.007535291810286101,2014-01-07,"{""type"":""MultiPoint"",""coordinates"":[]}"
20140108,-0.007476812605063282,2014-01-08,"{""type"":""MultiPoint"",""coordinates"":[]}"
20140109,-0.007058856655751238,2014-01-09,"{""type"":""MultiPoint"",""coordinates"":[]}"
20140110,-0.00710375817485852,2014-01-10,"{""type"":""MultiPoint"",""coordinates"":[]}"
20140111,-0.005831282942725936,2014-01-11,"{""type"":""MultiPoint"",""coordinates"":[]}"
20140112,-0.008181479580576526,2014-01-12,"{""type"":""MultiPoint"",""coordinates"":[]}"
20140113,-0.007949719534346878,2014-01-13,"{""type"":""MultiPoint"",""coordinates"":[]}"
20140114,-0.007253978949528671,2014-01-14,"{""type"":""MultiPoint"",""coordinates"":[]}"
20140115,-0.00793207575076123,2014-01-15,"{""type"":""MultiPoint"",""coordinates"":[]}"
20140116,-0.008486640700646118,2014-01-16,"{""type"":""MultiPoint"",""coordinates"":[]}"
20140117,-0.009092650534087225,2014-01-17,"{""type"":""MultiPoint"",""coordinates"":[]}"
20140118,-0.008128735501912291,2014-01-18,"{""type"":""MultiPoint"",""coordinates"":[]}"
20140119,-0.008811165097498777,2014-01-19,"{""type"":""MultiPoint"",""coordinates"":[]}"
20140120,-0.0071957393744308895,2014-01-20,"{""type"":""MultiPoint"",""coordinates"":[]}"
20140121,-0.00827083130264224,2014-01-21,"{""type"":""MultiPoint"",""coordinates"":[]}"
20140122,-0.007582247433104744,2014-01-22,"{""type"":""MultiPoint"",""coordinates"":[]}"
20140123,-0.006607308997307536,2014-01-23,"{""type"":""MultiPoint"",""coordinates"":[]}"
20140124,-0.0075778478115537526,2014-01-24,"{""type"":""MultiPoint"",""coordinates"":[]}"
20140125,-0.006751519724303843,2014-01-25,"{""type"":""MultiPoint"",""coordinates"":[]}"
20140126,-0.00751740515047056,2014-01-26,"{""type"":""MultiPoint"",""coordinates"":[]}"
20140127,-0.007525808428696255,2014-01-27,"{""type"":""MultiPoint"",""coordinates"":[]}"
20140128,-0.008191754684225361,2014-01-28,"{""type"":""MultiPoint"",""coordinates"":[]}"
20140129,-0.006871998378388949,2014-01-29,"{""type"":""MultiPoint"",""coordinates"":[]}"
20140130,-0.008121848370580454,2014-01-30,"{""type"":""MultiPoint"",""coordinates"":[]}"
20140131,-0.008176154469101572,2014-01-31,"{""type"":""MultiPoint"",""coordinates"":[]}"
20140201,-0.00819888961139314,2014-02-01,"{""type"":""MultiPoint"",""coordinates"":[]}"
20140202,-0.0074904264711534935,2014-02-02,"{""type"":""MultiPoint"",""coordinates"":[]}"
20140203,-0.007166623602291363,2014-02-03,"{""type"":""MultiPoint"",""coordinates"":[]}"
20140204,-0.008007043137878794,2014-02-04,"{""type"":""MultiPoint"",""coordinates"":[]}"
20140205,-0.008631645547180824,2014-02-05,"{""type"":""MultiPoint"",""coordinates"":[]}"
20140206,-0.00934419251366493,2014-02-06,"{""type"":""MultiPoint"",""coordinates"":[]}"
20140207,-0.009529652743705824,2014-02-07,"{""type"":""MultiPoint"",""coordinates"":[]}"
20140208,-0.009874881250822837,2014-02-08,"{""type"":""MultiPoint"",""coordinates"":[]}"
20140209,-0.009288957052929682,2014-02-09,"{""type"":""MultiPoint"",""coordinates"":[]}"
20140210,-0.008874551221139084,2014-02-10,"{""type"":""MultiPoint"",""coordinates"":[]}"
20140211,-0.008673692659264457,2014-02-11,"{""type"":""MultiPoint"",""coordinates"":[]}"
20140212,-0.010326902749614274,2014-02-12,"{""type"":""MultiPoint"",""coordinates"":[]}"
20140213,-0.012838411505775969,2014-02-13,"{""type"":""MultiPoint"",""coordinates"":[]}"
20140214,-0.007783403841089351,2014-02-14,"{""type"":""MultiPoint"",""coordinates"":[]}"
20140215,-0.008273088839584214,2014-02-15,"{""type"":""MultiPoint"",""coordinates"":[]}"
20140216,-0.008337170904855183,2014-02-16,"{""type"":""MultiPoint"",""coordinates"":[]}"
20140217,-0.010920108563782317,2014-02-17,"{""type"":""MultiPoint"",""coordinates"":[]}"
20140218,-0.010515110098659715,2014-02-18,"{""type"":""MultiPoint"",""coordinates"":[]}"
20140219,-0.00811532511453419,2014-02-19,"{""type"":""MultiPoint"",""coordinates"":[]}"
20140220,-0.009917304291405365,2014-02-20,"{""type"":""MultiPoint"",""coordinates"":[]}"
20140221,-0.008788041906902662,2014-02-21,"{""type"":""MultiPoint"",""coordinates"":[]}"
20140222,-0.009494954070282098,2014-02-22,"{""type"":""MultiPoint"",""coordinates"":[]}"
20140223,-0.009932833859819074,2014-02-23,"{""type"":""MultiPoint"",""coordinates"":[]}"
20140224,-0.010183827989193006,2014-02-24,"{""type"":""MultiPoint"",""coordinates"":[]}"
20140225,-0.009725713214877649,2014-02-25,"{""type"":""MultiPoint"",""coordinates"":[]}"
20140226,-0.010880591227124696,2014-02-26,"{""type"":""MultiPoint"",""coordinates"":[]}"
20140227,-0.009864836708167587,2014-02-27,"{""type"":""MultiPoint"",""coordinates"":[]}"
20140228,-0.007982178826787393,2014-02-28,"{""type"":""MultiPoint"",""coordinates"":[]}"
20140301,-0.006160330433260181,2014-03-01,"{""type"":""MultiPoint"",""coordinates"":[]}"
20140302,-0.005465978565850731,2014-03-02,"{""type"":""MultiPoint"",""coordinates"":[]}"
20140303,-0.005272479942620678,2014-03-03,"{""type"":""MultiPoint"",""coordinates"":[]}"
20140304,-0.004077603321104449,2014-03-04,"{""type"":""MultiPoint"",""coordinates"":[]}"
20140305,-0.007899864923960713,2014-03-05,"{""type"":""MultiPoint"",""coordinates"":[]}"
20140306,-0.00742139428595691,2014-03-06,"{""type"":""MultiPoint"",""coordinates"":[]}"
20140307,-0.008109499313891285,2014-03-07,"{""type"":""MultiPoint"",""coordinates"":[]}"
20140308,-0.009584389981828513,2014-03-08,"{""type"":""MultiPoint"",""coordinates"":[]}"
20140309,-0.00900108070628157,2014-03-09,"{""type"":""MultiPoint"",""coordinates"":[]}"
20140310,-0.009809115444213343,2014-03-10,"{""type"":""MultiPoint"",""coordinates"":[]}"
20140311,-0.011381745923334892,2014-03-11,"{""type"":""MultiPoint"",""coordinates"":[]}"
20140312,-0.009852437111153056,2014-03-12,"{""type"":""MultiPoint"",""coordinates"":[]}"
20140313,-0.010676067083908858,2014-03-13,"{""type"":""MultiPoint"",""coordinates"":[]}"
20140314,-0.010499019549243814,2014-03-14,"{""type"":""MultiPoint"",""coordinates"":[]}"
20140315,-0.0101192361504104,2014-03-15,"{""type"":""MultiPoint"",""coordinates"":[]}"
20140316,-0.009762899156083483,2014-03-16,"{""type"":""MultiPoint"",""coordinates"":[]}"
20140317,-0.010192594102684064,2014-03-17,"{""type"":""MultiPoint"",""coordinates"":[]}"
20140318,-0.010527984576042187,2014-03-18,"{""type"":""MultiPoint"",""coordinates"":[]}"
20140319,-0.011357807525626427,2014-03-19,"{""type"":""MultiPoint"",""coordinates"":[]}"
20140320,-0.010345518759458912,2014-03-20,"{""type"":""MultiPoint"",""coordinates"":[]}"
20140321,-0.00968413628847968,2014-03-21,"{""type"":""MultiPoint"",""coordinates"":[]}"
20140322,-0.010722078738438497,2014-03-22,"{""type"":""MultiPoint"",""coordinates"":[]}"
20140323,-0.012746655454124838,2014-03-23,"{""type"":""MultiPoint"",""coordinates"":[]}"
20140324,-0.01240755571593786,2014-03-24,"{""type"":""MultiPoint"",""coordinates"":[]}"
20140325,-0.01323883792486279,2014-03-25,"{""type"":""MultiPoint"",""coordinates"":[]}"
20140326,-0.013966770268875174,2014-03-26,"{""type"":""MultiPoint"",""coordinates"":[]}"
20140327,-0.013979066309680432,2014-03-27,"{""type"":""MultiPoint"",""coordinates"":[]}"
20140328,-0.011940929155604749,2014-03-28,"{""type"":""MultiPoint"",""coordinates"":[]}"
20140329,-0.010889100195308582,2014-03-29,"{""type"":""MultiPoint"",""coordinates"":[]}"
20140330,-0.011645395966584574,2014-03-30,"{""type"":""MultiPoint"",""coordinates"":[]}"
20140331,-0.011587695741000003,2014-03-31,"{""type"":""MultiPoint"",""coordinates"":[]}"
20140401,-0.009741312262074264,2014-04-01,"{""type"":""MultiPoint"",""coordinates"":[]}"
20140402,-0.010232062511668562,2014-04-02,"{""type"":""MultiPoint"",""coordinates"":[]}"
20140403,-0.01051153102868313,2014-04-03,"{""type"":""MultiPoint"",""coordinates"":[]}"
20140404,-0.011584609350638715,2014-04-04,"{""type"":""MultiPoint"",""coordinates"":[]}"
20140405,-0.011974265538998913,2014-04-05,"{""type"":""MultiPoint"",""coordinates"":[]}"
20140406,-0.013581048515928186,2014-04-06,"{""type"":""MultiPoint"",""coordinates"":[]}"
20140407,-0.014203298655951931,2014-04-07,"{""type"":""MultiPoint"",""coordinates"":[]}"
20140408,-0.011103298623119325,2014-04-08,"{""type"":""MultiPoint"",""coordinates"":[]}"
20140409,-0.011300207770029956,2014-04-09,"{""type"":""MultiPoint"",""coordinates"":[]}"
20140410,-0.010764244584817383,2014-04-10,"{""type"":""MultiPoint"",""coordinates"":[]}"
20140411,-0.010451095576181808,2014-04-11,"{""type"":""MultiPoint"",""coordinates"":[]}"
20140412,-0.011673453675406125,2014-04-12,"{""type"":""MultiPoint"",""coordinates"":[]}"
20140413,-0.011522039070851484,2014-04-13,"{""type"":""MultiPoint"",""coordinates"":[]}"
20140414,-0.01048287289244512,2014-04-14,"{""type"":""MultiPoint"",""coordinates"":[]}"
20140415,-0.010453521224163568,2014-04-15,"{""type"":""MultiPoint"",""coordinates"":[]}"
20140416,-0.009357471261028353,2014-04-16,"{""type"":""MultiPoint"",""coordinates"":[]}"
20140417,-0.009219091961649965,2014-04-17,"{""type"":""MultiPoint"",""coordinates"":[]}"
20140418,-0.008247322765776178,2014-04-18,"{""type"":""MultiPoint"",""coordinates"":[]}"
20140419,-0.008752101812114456,2014-04-19,"{""type"":""MultiPoint"",""coordinates"":[]}"
20140420,-0.00991473686103871,2014-04-20,"{""type"":""MultiPoint"",""coordinates"":[]}"
20140421,-0.011743513741758081,2014-04-21,"{""type"":""MultiPoint"",""coordinates"":[]}"
20140422,-0.011545765312198619,2014-04-22,"{""type"":""MultiPoint"",""coordinates"":[]}"
20140423,-0.00973131368831225,2014-04-23,"{""type"":""MultiPoint"",""coordinates"":[]}"
20140424,-0.009807773614330608,2014-04-24,"{""type"":""MultiPoint"",""coordinates"":[]}"
20140425,-0.010643648565693482,2014-04-25,"{""type"":""MultiPoint"",""coordinates"":[]}"
20140426,-0.01110257304882928,2014-04-26,"{""type"":""MultiPoint"",""coordinates"":[]}"
20140427,-0.012272298441428112,2014-04-27,"{""type"":""MultiPoint"",""coordinates"":[]}"
20140428,-0.01110316711908341,2014-04-28,"{""type"":""MultiPoint"",""coordinates"":[]}"
20140429,-0.011602593731994935,2014-04-29,"{""type"":""MultiPoint"",""coordinates"":[]}"
20140430,-0.01001632495049939,2014-04-30,"{""type"":""MultiPoint"",""coordinates"":[]}"
20140501,-0.010565424281558156,2014-05-01,"{""type"":""MultiPoint"",""coordinates"":[]}"
20140502,-0.012118341179788196,2014-05-02,"{""type"":""MultiPoint"",""coordinates"":[]}"
20140503,-0.01052827363227391,2014-05-03,"{""type"":""MultiPoint"",""coordinates"":[]}"
20140504,-0.011282413973618882,2014-05-04,"{""type"":""MultiPoint"",""coordinates"":[]}"
20140505,-0.0114526522429547,2014-05-05,"{""type"":""MultiPoint"",""coordinates"":[]}"
20140506,-0.011377622895158524,2014-05-06,"{""type"":""MultiPoint"",""coordinates"":[]}"
20140507,-0.010138042645389285,2014-05-07,"{""type"":""MultiPoint"",""coordinates"":[]}"
20140508,-0.007961233259377429,2014-05-08,"{""type"":""MultiPoint"",""coordinates"":[]}"
20140509,-0.0020330640565723655,2014-05-09,"{""type"":""MultiPoint"",""coordinates"":[]}"
20140510,-0.01036812394718944,2014-05-10,"{""type"":""MultiPoint"",""coordinates"":[]}"
20140511,-0.012954202600488157,2014-05-11,"{""type"":""MultiPoint"",""coordinates"":[]}"
20140512,-0.012507516875707229,2014-05-12,"{""type"":""MultiPoint"",""coordinates"":[]}"
20140513,-0.01436468864771653,2014-05-13,"{""type"":""MultiPoint"",""coordinates"":[]}"
20140514,-0.011268173796958523,2014-05-14,"{""type"":""MultiPoint"",""coordinates"":[]}"
20140515,-0.009918785145911947,2014-05-15,"{""type"":""MultiPoint"",""coordinates"":[]}"
20140516,-0.010121227457235841,2014-05-16,"{""type"":""MultiPoint"",""coordinates"":[]}"
20140517,-0.01044690888572958,2014-05-17,"{""type"":""MultiPoint"",""coordinates"":[]}"
20140518,-0.011851844436375073,2014-05-18,"{""type"":""MultiPoint"",""coordinates"":[]}"
20140519,-0.01015620185942038,2014-05-19,"{""type"":""MultiPoint"",""coordinates"":[]}"
20140520,-0.009346152574557839,2014-05-20,"{""type"":""MultiPoint"",""coordinates"":[]}"
20140521,-0.011768436111589585,2014-05-21,"{""type"":""MultiPoint"",""coordinates"":[]}"
20140522,-0.014899008771437771,2014-05-22,"{""type"":""MultiPoint"",""coordinates"":[]}"
20140523,-0.014575518724821405,2014-05-23,"{""type"":""MultiPoint"",""coordinates"":[]}"
20140524,-0.014578648515381242,2014-05-24,"{""type"":""MultiPoint"",""coordinates"":[]}"
20140525,-0.012974078647127657,2014-05-25,"{""type"":""MultiPoint"",""coordinates"":[]}"
20140526,-0.010293630023839161,2014-05-26,"{""type"":""MultiPoint"",""coordinates"":[]}"
20140527,-0.012154781554100578,2014-05-27,"{""type"":""MultiPoint"",""coordinates"":[]}"
20140528,-0.012686047590798687,2014-05-28,"{""type"":""MultiPoint"",""coordinates"":[]}"
20140529,-0.012036674210201073,2014-05-29,"{""type"":""MultiPoint"",""coordinates"":[]}"
20140530,-0.014527457516435997,2014-05-30,"{""type"":""MultiPoint"",""coordinates"":[]}"
20140531,-0.014844820053943808,2014-05-31,"{""type"":""MultiPoint"",""coordinates"":[]}"
20140601,-0.01286713070672295,2014-06-01,"{""type"":""MultiPoint"",""coordinates"":[]}"
20140602,-0.01132439761683938,2014-06-02,"{""type"":""MultiPoint"",""coordinates"":[]}"
20140603,-0.011329560268464958,2014-06-03,"{""type"":""MultiPoint"",""coordinates"":[]}"
20140604,-0.011061202112559386,2014-06-04,"{""type"":""MultiPoint"",""coordinates"":[]}"
20140605,-0.013292675711442105,2014-06-05,"{""type"":""MultiPoint"",""coordinates"":[]}"
20140606,-0.014376815377733314,2014-06-06,"{""type"":""MultiPoint"",""coordinates"":[]}"
20140607,-0.016136218076115063,2014-06-07,"{""type"":""MultiPoint"",""coordinates"":[]}"
20140608,-0.014885236836711859,2014-06-08,"{""type"":""MultiPoint"",""coordinates"":[]}"
20140609,-0.012738408134225176,2014-06-09,"{""type"":""MultiPoint"",""coordinates"":[]}"
20140610,-0.014797706223095734,2014-06-10,"{""type"":""MultiPoint"",""coordinates"":[]}"
20140611,-0.015649116171467352,2014-06-11,"{""type"":""MultiPoint"",""coordinates"":[]}"
20140612,-0.015998941256368478,2014-06-12,"{""type"":""MultiPoint"",""coordinates"":[]}"
20140613,-0.012901288194609728,2014-06-13,"{""type"":""MultiPoint"",""coordinates"":[]}"
20140614,-0.010899995057555484,2014-06-14,"{""type"":""MultiPoint"",""coordinates"":[]}"
20140615,-0.012360857428424115,2014-06-15,"{""type"":""MultiPoint"",""coordinates"":[]}"
20140616,-0.013962384720194652,2014-06-16,"{""type"":""MultiPoint"",""coordinates"":[]}"
20140617,-0.015145186410288673,2014-06-17,"{""type"":""MultiPoint"",""coordinates"":[]}"
20140618,-0.01256441847458523,2014-06-18,"{""type"":""MultiPoint"",""coordinates"":[]}"
20140619,-0.01100709566268192,2014-06-19,"{""type"":""MultiPoint"",""coordinates"":[]}"
20140620,-0.011700062727504951,2014-06-20,"{""type"":""MultiPoint"",""coordinates"":[]}"
20140621,-0.011853664484624939,2014-06-21,"{""type"":""MultiPoint"",""coordinates"":[]}"
20140622,-0.01135271126873578,2014-06-22,"{""type"":""MultiPoint"",""coordinates"":[]}"
20140623,-0.016334902491265124,2014-06-23,"{""type"":""MultiPoint"",""coordinates"":[]}"
20140624,-0.01693589678906173,2014-06-24,"{""type"":""MultiPoint"",""coordinates"":[]}"
20140625,-0.016638965688078013,2014-06-25,"{""type"":""MultiPoint"",""coordinates"":[]}"
20140626,-0.013027089043766853,2014-06-26,"{""type"":""MultiPoint"",""coordinates"":[]}"
20140627,-0.01043549808761846,2014-06-27,"{""type"":""MultiPoint"",""coordinates"":[]}"
20140628,-0.005268332023345717,2014-06-28,"{""type"":""MultiPoint"",""coordinates"":[]}"
20140629,-0.009187916397819908,2014-06-29,"{""type"":""MultiPoint"",""coordinates"":[]}"
20140630,-0.012900996360592684,2014-06-30,"{""type"":""MultiPoint"",""coordinates"":[]}"
20140701,-0.014381465255777024,2014-07-01,"{""type"":""MultiPoint"",""coordinates"":[]}"
20140702,-0.014967016390038898,2014-07-02,"{""type"":""MultiPoint"",""coordinates"":[]}"
20140703,-0.014984531424710824,2014-07-03,"{""type"":""MultiPoint"",""coordinates"":[]}"
20140704,-0.011808656322466318,2014-07-04,"{""type"":""MultiPoint"",""coordinates"":[]}"
20140705,-0.010140576494279524,2014-07-05,"{""type"":""MultiPoint"",""coordinates"":[]}"
20140706,-0.008453896384923889,2014-07-06,"{""type"":""MultiPoint"",""coordinates"":[]}"
20140707,-0.007875114277919794,2014-07-07,"{""type"":""MultiPoint"",""coordinates"":[]}"
20140708,-0.007295980665040636,2014-07-08,"{""type"":""MultiPoint"",""coordinates"":[]}"
20140709,-0.003407440345859006,2014-07-09,"{""type"":""MultiPoint"",""coordinates"":[]}"
20140710,-0.007182274130643558,2014-07-10,"{""type"":""MultiPoint"",""coordinates"":[]}"
20140711,-0.0074953481761747265,2014-07-11,"{""type"":""MultiPoint"",""coordinates"":[]}"
20140712,-0.006380789109355802,2014-07-12,"{""type"":""MultiPoint"",""coordinates"":[]}"
20140713,-0.004494881157526311,2014-07-13,"{""type"":""MultiPoint"",""coordinates"":[]}"
20140714,-0.005137176557961214,2014-07-14,"{""type"":""MultiPoint"",""coordinates"":[]}"
20140715,-0.0033501908105484403,2014-07-15,"{""type"":""MultiPoint"",""coordinates"":[]}"
20140716,-0.009173268616904847,2014-07-16,"{""type"":""MultiPoint"",""coordinates"":[]}"
20140717,-0.007885978091527553,2014-07-17,"{""type"":""MultiPoint"",""coordinates"":[]}"
20140718,-0.009811675365478861,2014-07-18,"{""type"":""MultiPoint"",""coordinates"":[]}"
20140719,-0.007871011962910098,2014-07-19,"{""type"":""MultiPoint"",""coordinates"":[]}"
20140720,-0.005021093253893348,2014-07-20,"{""type"":""MultiPoint"",""coordinates"":[]}"
20140721,-0.006369802709497348,2014-07-21,"{""type"":""MultiPoint"",""coordinates"":[]}"
20140722,-0.002925758999221508,2014-07-22,"{""type"":""MultiPoint"",""coordinates"":[]}"
20140723,-0.00637670826517526,2014-07-23,"{""type"":""MultiPoint"",""coordinates"":[]}"
20140724,-0.009001687786722836,2014-07-24,"{""type"":""MultiPoint"",""coordinates"":[]}"
20140725,-0.009221280840338407,2014-07-25,"{""type"":""MultiPoint"",""coordinates"":[]}"
20140726,-0.0086435186595769,2014-07-26,"{""type"":""MultiPoint"",""coordinates"":[]}"
20140727,-0.005406060973095782,2014-07-27,"{""type"":""MultiPoint"",""coordinates"":[]}"
20140728,-0.002896850474392694,2014-07-28,"{""type"":""MultiPoint"",""coordinates"":[]}"
20140729,-0.004359356113670119,2014-07-29,"{""type"":""MultiPoint"",""coordinates"":[]}"
20140730,-0.003686040186459554,2014-07-30,"{""type"":""MultiPoint"",""coordinates"":[]}"
20140731,-0.006448872246307963,2014-07-31,"{""type"":""MultiPoint"",""coordinates"":[]}"
20140801,-0.007766266337944483,2014-08-01,"{""type"":""MultiPoint"",""coordinates"":[]}"
20140802,-0.009634611851136145,2014-08-02,"{""type"":""MultiPoint"",""coordinates"":[]}"
20140803,-0.010017695500773041,2014-08-03,"{""type"":""MultiPoint"",""coordinates"":[]}"
20140804,-0.006700149445588343,2014-08-04,"{""type"":""MultiPoint"",""coordinates"":[]}"
20140805,-0.008004627613484788,2014-08-05,"{""type"":""MultiPoint"",""coordinates"":[]}"
20140806,-0.009727619971630299,2014-08-06,"{""type"":""MultiPoint"",""coordinates"":[]}"
20140807,-0.008792658244605076,2014-08-07,"{""type"":""MultiPoint"",""coordinates"":[]}"
20140808,-0.009221478803528414,2014-08-08,"{""type"":""MultiPoint"",""coordinates"":[]}"
20140809,-0.00939099061129724,2014-08-09,"{""type"":""MultiPoint"",""coordinates"":[]}"
20140810,-0.008877580800784506,2014-08-10,"{""type"":""MultiPoint"",""coordinates"":[]}"
20140811,-0.007457225114514445,2014-08-11,"{""type"":""MultiPoint"",""coordinates"":[]}"
20140812,-0.008777760147124489,2014-08-12,"{""type"":""MultiPoint"",""coordinates"":[]}"
20140813,-0.01004867399877978,2014-08-13,"{""type"":""MultiPoint"",""coordinates"":[]}"
20140814,-0.010383037312787606,2014-08-14,"{""type"":""MultiPoint"",""coordinates"":[]}"
20140815,-0.009660880665590808,2014-08-15,"{""type"":""MultiPoint"",""coordinates"":[]}"
20140816,-0.007680890092507391,2014-08-16,"{""type"":""MultiPoint"",""coordinates"":[]}"
20140817,-0.00814879385462562,2014-08-17,"{""type"":""MultiPoint"",""coordinates"":[]}"
20140818,-0.006783759504335615,2014-08-18,"{""type"":""MultiPoint"",""coordinates"":[]}"
20140819,-0.006652771735690308,2014-08-19,"{""type"":""MultiPoint"",""coordinates"":[]}"
20140820,-0.007121105567741563,2014-08-20,"{""type"":""MultiPoint"",""coordinates"":[]}"
20140821,-0.005950623833174221,2014-08-21,"{""type"":""MultiPoint"",""coordinates"":[]}"
20140822,-0.007822164521133549,2014-08-22,"{""type"":""MultiPoint"",""coordinates"":[]}"
20140823,-0.009154056684483516,2014-08-23,"{""type"":""MultiPoint"",""coordinates"":[]}"
20140824,-0.007422200763574257,2014-08-24,"{""type"":""MultiPoint"",""coordinates"":[]}"
20140825,-0.006655121042463271,2014-08-25,"{""type"":""MultiPoint"",""coordinates"":[]}"
20140826,-0.005159144033861239,2014-08-26,"{""type"":""MultiPoint"",""coordinates"":[]}"
20140827,-0.002882984184376611,2014-08-27,"{""type"":""MultiPoint"",""coordinates"":[]}"
20140828,-0.001811675981629058,2014-08-28,"{""type"":""MultiPoint"",""coordinates"":[]}"
20140829,-0.002178591412830374,2014-08-29,"{""type"":""MultiPoint"",""coordinates"":[]}"
20140830,-0.0018068906957482067,2014-08-30,"{""type"":""MultiPoint"",""coordinates"":[]}"
20140831,-0.0024480654363771477,2014-08-31,"{""type"":""MultiPoint"",""coordinates"":[]}"
20140901,-0.006846414753929158,2014-09-01,"{""type"":""MultiPoint"",""coordinates"":[]}"
20140902,-0.008056720374991454,2014-09-02,"{""type"":""MultiPoint"",""coordinates"":[]}"
20140903,-0.007650447832335482,2014-09-03,"{""type"":""MultiPoint"",""coordinates"":[]}"
20140904,-0.008200382530599834,2014-09-04,"{""type"":""MultiPoint"",""coordinates"":[]}"
20140905,-0.008319405845909986,2014-09-05,"{""type"":""MultiPoint"",""coordinates"":[]}"
20140906,-0.0024201522152348556,2014-09-06,"{""type"":""MultiPoint"",""coordinates"":[]}"
20140907,-0.0031891855705347685,2014-09-07,"{""type"":""MultiPoint"",""coordinates"":[]}"
20140908,-0.00815234702018242,2014-09-08,"{""type"":""MultiPoint"",""coordinates"":[]}"
20140909,-0.008329906538479667,2014-09-09,"{""type"":""MultiPoint"",""coordinates"":[]}"
20140910,-0.006368878759734652,2014-09-10,"{""type"":""MultiPoint"",""coordinates"":[]}"
20140911,-0.00671044613214015,2014-09-11,"{""type"":""MultiPoint"",""coordinates"":[]}"
20140912,-0.007419021920849322,2014-09-12,"{""type"":""MultiPoint"",""coordinates"":[]}"
20140913,-0.007763201522103918,2014-09-13,"{""type"":""MultiPoint"",""coordinates"":[]}"
20140914,-0.006411226901166257,2014-09-14,"{""type"":""MultiPoint"",""coordinates"":[]}"
20140915,-0.005983275363726332,2014-09-15,"{""type"":""MultiPoint"",""coordinates"":[]}"
20140916,-0.004965874734000717,2014-09-16,"{""type"":""MultiPoint"",""coordinates"":[]}"
20140917,-0.006536307659113006,2014-09-17,"{""type"":""MultiPoint"",""coordinates"":[]}"
20140918,-0.006092132867851667,2014-09-18,"{""type"":""MultiPoint"",""coordinates"":[]}"
20140919,-0.004876093854580906,2014-09-19,"{""type"":""MultiPoint"",""coordinates"":[]}"
20140920,-0.0046852029719694575,2014-09-20,"{""type"":""MultiPoint"",""coordinates"":[]}"
20140921,-0.006391762123067577,2014-09-21,"{""type"":""MultiPoint"",""coordinates"":[]}"
20140922,-0.007423138754385907,2014-09-22,"{""type"":""MultiPoint"",""coordinates"":[]}"
20140923,-0.005914530145252208,2014-09-23,"{""type"":""MultiPoint"",""coordinates"":[]}"
20140924,-0.006299997707791236,2014-09-24,"{""type"":""MultiPoint"",""coordinates"":[]}"
20140925,-0.006920937861177871,2014-09-25,"{""type"":""MultiPoint"",""coordinates"":[]}"
20140926,-0.006713728983250303,2014-09-26,"{""type"":""MultiPoint"",""coordinates"":[]}"
20140927,-0.006168273432225536,2014-09-27,"{""type"":""MultiPoint"",""coordinates"":[]}"
20140928,-0.006575813985682067,2014-09-28,"{""type"":""MultiPoint"",""coordinates"":[]}"
20140929,-0.006579094456853438,2014-09-29,"{""type"":""MultiPoint"",""coordinates"":[]}"
20140930,-0.006464443584261668,2014-09-30,"{""type"":""MultiPoint"",""coordinates"":[]}"
20141001,-0.006381425270935293,2014-10-01,"{""type"":""MultiPoint"",""coordinates"":[]}"
20141002,-0.00721805647128577,2014-10-02,"{""type"":""MultiPoint"",""coordinates"":[]}"
20141003,-0.006661119492049069,2014-10-03,"{""type"":""MultiPoint"",""coordinates"":[]}"
20141004,-0.006106616527989554,2014-10-04,"{""type"":""MultiPoint"",""coordinates"":[]}"
20141005,-0.006975941513981879,2014-10-05,"{""type"":""MultiPoint"",""coordinates"":[]}"
20141006,-0.006965195443390395,2014-10-06,"{""type"":""MultiPoint"",""coordinates"":[]}"
20141007,-0.006628935294112265,2014-10-07,"{""type"":""MultiPoint"",""coordinates"":[]}"
20141008,-0.006085723881154186,2014-10-08,"{""type"":""MultiPoint"",""coordinates"":[]}"
20141009,-0.005920824622464899,2014-10-09,"{""type"":""MultiPoint"",""coordinates"":[]}"
20141010,-0.0077955683604732815,2014-10-10,"{""type"":""MultiPoint"",""coordinates"":[]}"
20141011,-0.010132224987638938,2014-10-11,"{""type"":""MultiPoint"",""coordinates"":[]}"
20141012,-0.017248058862913716,2014-10-12,"{""type"":""MultiPoint"",""coordinates"":[]}"
20141013,-0.011105006570229706,2014-10-13,"{""type"":""MultiPoint"",""coordinates"":[]}"
20141014,-0.0077410447046261915,2014-10-14,"{""type"":""MultiPoint"",""coordinates"":[]}"
20141015,-0.007886093133595833,2014-10-15,"{""type"":""MultiPoint"",""coordinates"":[]}"
20141016,-0.007987602334729563,2014-10-16,"{""type"":""MultiPoint"",""coordinates"":[]}"
20141017,-0.007603299911642892,2014-10-17,"{""type"":""MultiPoint"",""coordinates"":[]}"
20141018,-0.0058973000394840535,2014-10-18,"{""type"":""MultiPoint"",""coordinates"":[]}"
20141019,-0.007039418732992307,2014-10-19,"{""type"":""MultiPoint"",""coordinates"":[]}"
20141020,-0.009497434090830854,2014-10-20,"{""type"":""MultiPoint"",""coordinates"":[]}"
20141021,-0.008379042342002804,2014-10-21,"{""type"":""MultiPoint"",""coordinates"":[]}"
20141022,-0.007228215879361089,2014-10-22,"{""type"":""MultiPoint"",""coordinates"":[]}"
20141023,-0.007779144004153098,2014-10-23,"{""type"":""MultiPoint"",""coordinates"":[]}"
20141024,-0.008794373373753519,2014-10-24,"{""type"":""MultiPoint"",""coordinates"":[]}"
20141025,-0.003293928262643394,2014-10-25,"{""type"":""MultiPoint"",""coordinates"":[]}"
20141026,-0.001437692989094356,2014-10-26,"{""type"":""MultiPoint"",""coordinates"":[]}"
20141027,-0.0036637830475458643,2014-10-27,"{""type"":""MultiPoint"",""coordinates"":[]}"
20141028,-0.006294605608459385,2014-10-28,"{""type"":""MultiPoint"",""coordinates"":[]}"
20141029,-0.007662234399372245,2014-10-29,"{""type"":""MultiPoint"",""coordinates"":[]}"
20141030,-0.007497000841398954,2014-10-30,"{""type"":""MultiPoint"",""coordinates"":[]}"
20141031,-0.007232700485620179,2014-10-31,"{""type"":""MultiPoint"",""coordinates"":[]}"
20141101,-0.005890071697235402,2014-11-01,"{""type"":""MultiPoint"",""coordinates"":[]}"
20141102,-0.007272371971744801,2014-11-02,"{""type"":""MultiPoint"",""coordinates"":[]}"
20141103,-0.008336160205454572,2014-11-03,"{""type"":""MultiPoint"",""coordinates"":[]}"
20141104,-0.007858351628638004,2014-11-04,"{""type"":""MultiPoint"",""coordinates"":[]}"
20141105,-0.007993640011549244,2014-11-05,"{""type"":""MultiPoint"",""coordinates"":[]}"
20141106,-0.007139074034615407,2014-11-06,"{""type"":""MultiPoint"",""coordinates"":[]}"
20141107,-0.008308918435174511,2014-11-07,"{""type"":""MultiPoint"",""coordinates"":[]}"
20141108,-0.008957367107570802,2014-11-08,"{""type"":""MultiPoint"",""coordinates"":[]}"
20141109,-0.004852430528557803,2014-11-09,"{""type"":""MultiPoint"",""coordinates"":[]}"
20141110,-0.003475644814362849,2014-11-10,"{""type"":""MultiPoint"",""coordinates"":[]}"
20141111,-0.0061664218178100515,2014-11-11,"{""type"":""MultiPoint"",""coordinates"":[]}"
20141112,-0.004996207962645021,2014-11-12,"{""type"":""MultiPoint"",""coordinates"":[]}"
20141113,-0.003044911241490641,2014-11-13,"{""type"":""MultiPoint"",""coordinates"":[]}"
20141114,-0.004340181469388285,2014-11-14,"{""type"":""MultiPoint"",""coordinates"":[]}"
20141115,-0.004862087354473165,2014-11-15,"{""type"":""MultiPoint"",""coordinates"":[]}"
20141116,-0.005379437969513916,2014-11-16,"{""type"":""MultiPoint"",""coordinates"":[]}"
20141117,-0.005352267902883878,2014-11-17,"{""type"":""MultiPoint"",""coordinates"":[]}"
20141118,-0.005117418218791036,2014-11-18,"{""type"":""MultiPoint"",""coordinates"":[]}"
20141119,-0.005037206428560836,2014-11-19,"{""type"":""MultiPoint"",""coordinates"":[]}"
20141120,-0.0062144441101915065,2014-11-20,"{""type"":""MultiPoint"",""coordinates"":[]}"
20141121,-0.006301811601605097,2014-11-21,"{""type"":""MultiPoint"",""coordinates"":[]}"
20141122,-0.006237602925360453,2014-11-22,"{""type"":""MultiPoint"",""coordinates"":[]}"
20141123,-0.006473139585488847,2014-11-23,"{""type"":""MultiPoint"",""coordinates"":[]}"
20141124,-0.006649948270975378,2014-11-24,"{""type"":""MultiPoint"",""coordinates"":[]}"
20141125,-0.006825864833335568,2014-11-25,"{""type"":""MultiPoint"",""coordinates"":[]}"
20141126,-0.007341631993392471,2014-11-26,"{""type"":""MultiPoint"",""coordinates"":[]}"
20141127,-0.006929351141914348,2014-11-27,"{""type"":""MultiPoint"",""coordinates"":[]}"
20141128,-0.006458711437128145,2014-11-28,"{""type"":""MultiPoint"",""coordinates"":[]}"
20141129,-0.007329919993476303,2014-11-29,"{""type"":""MultiPoint"",""coordinates"":[]}"
20141130,-0.007925633125619058,2014-11-30,"{""type"":""MultiPoint"",""coordinates"":[]}"
20141201,-0.007819575544031782,2014-12-01,"{""type"":""MultiPoint"",""coordinates"":[]}"
20141202,-0.006917915386733196,2014-12-02,"{""type"":""MultiPoint"",""coordinates"":[]}"
20141203,-0.007093358783051292,2014-12-03,"{""type"":""MultiPoint"",""coordinates"":[]}"
20141204,-0.008026486267568744,2014-12-04,"{""type"":""MultiPoint"",""coordinates"":[]}"
20141205,-0.0070396017911404495,2014-12-05,"{""type"":""MultiPoint"",""coordinates"":[]}"
20141206,-0.006767438899344903,2014-12-06,"{""type"":""MultiPoint"",""coordinates"":[]}"
20141207,-0.006208368511596142,2014-12-07,"{""type"":""MultiPoint"",""coordinates"":[]}"
20141208,-0.006341070835671282,2014-12-08,"{""type"":""MultiPoint"",""coordinates"":[]}"
20141209,-0.0062085560696167955,2014-12-09,"{""type"":""MultiPoint"",""coordinates"":[]}"
20141210,-0.006543723360536655,2014-12-10,"{""type"":""MultiPoint"",""coordinates"":[]}"
20141211,-0.004406061565370836,2014-12-11,"{""type"":""MultiPoint"",""coordinates"":[]}"
20141212,-0.0034923842212109127,2014-12-12,"{""type"":""MultiPoint"",""coordinates"":[]}"
20141213,-0.0035643847611497967,2014-12-13,"{""type"":""MultiPoint"",""coordinates"":[]}"
20141214,-0.006274993893356242,2014-12-14,"{""type"":""MultiPoint"",""coordinates"":[]}"
20141215,-0.005364125267666495,2014-12-15,"{""type"":""MultiPoint"",""coordinates"":[]}"
20141216,-0.006793770472654884,2014-12-16,"{""type"":""MultiPoint"",""coordinates"":[]}"
20141217,-0.00873964441372601,2014-12-17,"{""type"":""MultiPoint"",""coordinates"":[]}"
20141218,-0.007859947269398931,2014-12-18,"{""type"":""MultiPoint"",""coordinates"":[]}"
20141219,-0.007350508399319216,2014-12-19,"{""type"":""MultiPoint"",""coordinates"":[]}"
20141220,-0.006547436438359008,2014-12-20,"{""type"":""MultiPoint"",""coordinates"":[]}"
20141221,-0.006574381994429445,2014-12-21,"{""type"":""MultiPoint"",""coordinates"":[]}"
20141222,-0.006585544293526785,2014-12-22,"{""type"":""MultiPoint"",""coordinates"":[]}"
20141223,-0.006431546982571337,2014-12-23,"{""type"":""MultiPoint"",""coordinates"":[]}"
20141224,-0.006394701389375987,2014-12-24,"{""type"":""MultiPoint"",""coordinates"":[]}"
20141225,-0.006309217755332768,2014-12-25,"{""type"":""MultiPoint"",""coordinates"":[]}"
20141226,-0.007677561520867022,2014-12-26,"{""type"":""MultiPoint"",""coordinates"":[]}"
20141227,-0.007555108957631852,2014-12-27,"{""type"":""MultiPoint"",""coordinates"":[]}"
20141228,-0.0076516355220648345,2014-12-28,"{""type"":""MultiPoint"",""coordinates"":[]}"
20141229,-0.0073745473486651275,2014-12-29,"{""type"":""MultiPoint"",""coordinates"":[]}"
20141230,-0.006836738897351466,2014-12-30,"{""type"":""MultiPoint"",""coordinates"":[]}"
20141231,-0.006503125947213896,2014-12-31,"{""type"":""MultiPoint"",""coordinates"":[]}"
20150101,-0.005785757185948471,2015-01-01,"{""type"":""MultiPoint"",""coordinates"":[]}"
20150102,-0.004629385142294019,2015-01-02,"{""type"":""MultiPoint"",""coordinates"":[]}"
20150103,-0.0033407732016993365,2015-01-03,"{""type"":""MultiPoint"",""coordinates"":[]}"
20150104,-0.0031757660551942216,2015-01-04,"{""type"":""MultiPoint"",""coordinates"":[]}"
20150105,-0.006375850548090611,2015-01-05,"{""type"":""MultiPoint"",""coordinates"":[]}"
20150106,-0.006779902958053814,2015-01-06,"{""type"":""MultiPoint"",""coordinates"":[]}"
20150107,-0.006488964769867709,2015-01-07,"{""type"":""MultiPoint"",""coordinates"":[]}"
20150108,-0.007272608676618963,2015-01-08,"{""type"":""MultiPoint"",""coordinates"":[]}"
20150109,-0.008300205925256396,2015-01-09,"{""type"":""MultiPoint"",""coordinates"":[]}"
20150110,-0.007926105291844707,2015-01-10,"{""type"":""MultiPoint"",""coordinates"":[]}"
20150111,-0.008196165214501757,2015-01-11,"{""type"":""MultiPoint"",""coordinates"":[]}"
20150112,-0.007615230551437415,2015-01-12,"{""type"":""MultiPoint"",""coordinates"":[]}"
20150113,-0.0075817348330665365,2015-01-13,"{""type"":""MultiPoint"",""coordinates"":[]}"
20150114,-0.007376483675210277,2015-01-14,"{""type"":""MultiPoint"",""coordinates"":[]}"
20150115,-0.007904457436197176,2015-01-15,"{""type"":""MultiPoint"",""coordinates"":[]}"
20150116,-0.008027748036695781,2015-01-16,"{""type"":""MultiPoint"",""coordinates"":[]}"
20150117,-0.008427075146504943,2015-01-17,"{""type"":""MultiPoint"",""coordinates"":[]}"
20150118,-0.008178786582516164,2015-01-18,"{""type"":""MultiPoint"",""coordinates"":[]}"
20150119,-0.008721584750739798,2015-01-19,"{""type"":""MultiPoint"",""coordinates"":[]}"
20150120,-0.007919382495037482,2015-01-20,"{""type"":""MultiPoint"",""coordinates"":[]}"
20150121,-0.0078386281847847,2015-01-21,"{""type"":""MultiPoint"",""coordinates"":[]}"
20150122,-0.00883079346643,2015-01-22,"{""type"":""MultiPoint"",""coordinates"":[]}"
20150123,-0.008328315168010669,2015-01-23,"{""type"":""MultiPoint"",""coordinates"":[]}"
20150124,-0.009032462918712196,2015-01-24,"{""type"":""MultiPoint"",""coordinates"":[]}"
20150125,-0.010534946467286423,2015-01-25,"{""type"":""MultiPoint"",""coordinates"":[]}"
20150126,-0.009277280215941557,2015-01-26,"{""type"":""MultiPoint"",""coordinates"":[]}"
20150127,-0.009281973949153848,2015-01-27,"{""type"":""MultiPoint"",""coordinates"":[]}"
20150128,-0.00840185987128035,2015-01-28,"{""type"":""MultiPoint"",""coordinates"":[]}"
20150129,-0.008288673617858787,2015-01-29,"{""type"":""MultiPoint"",""coordinates"":[]}"
20150130,-0.007296052141283259,2015-01-30,"{""type"":""MultiPoint"",""coordinates"":[]}"
20150131,-0.008341297702095823,2015-01-31,"{""type"":""MultiPoint"",""coordinates"":[]}"
20150201,-0.007701858658955302,2015-02-01,"{""type"":""MultiPoint"",""coordinates"":[]}"
20150202,-0.008144928619207813,2015-02-02,"{""type"":""MultiPoint"",""coordinates"":[]}"
20150203,-0.008379928320627658,2015-02-03,"{""type"":""MultiPoint"",""coordinates"":[]}"
20150204,-0.008274775956021165,2015-02-04,"{""type"":""MultiPoint"",""coordinates"":[]}"
20150205,-0.009196953188212413,2015-02-05,"{""type"":""MultiPoint"",""coordinates"":[]}"
20150206,-0.01025293258013087,2015-02-06,"{""type"":""MultiPoint"",""coordinates"":[]}"
20150207,-0.010624210945627008,2015-02-07,"{""type"":""MultiPoint"",""coordinates"":[]}"
20150208,-0.009931013267964611,2015-02-08,"{""type"":""MultiPoint"",""coordinates"":[]}"
20150209,-0.010280728034817619,2015-02-09,"{""type"":""MultiPoint"",""coordinates"":[]}"
20150210,-0.009277223873855702,2015-02-10,"{""type"":""MultiPoint"",""coordinates"":[]}"
20150211,-0.008341232633309055,2015-02-11,"{""type"":""MultiPoint"",""coordinates"":[]}"
20150212,-0.009272340749703557,2015-02-12,"{""type"":""MultiPoint"",""coordinates"":[]}"
20150213,-0.00872559323341873,2015-02-13,"{""type"":""MultiPoint"",""coordinates"":[]}"
20150214,-0.007879773051551275,2015-02-14,"{""type"":""MultiPoint"",""coordinates"":[]}"
20150215,-0.008287481964255402,2015-02-15,"{""type"":""MultiPoint"",""coordinates"":[]}"
20150216,-0.008161195287353434,2015-02-16,"{""type"":""MultiPoint"",""coordinates"":[]}"
20150217,-0.008550808395592937,2015-02-17,"{""type"":""MultiPoint"",""coordinates"":[]}"
20150218,-0.0104290484361308,2015-02-18,"{""type"":""MultiPoint"",""coordinates"":[]}"
20150219,-0.01019006326131495,2015-02-19,"{""type"":""MultiPoint"",""coordinates"":[]}"
20150220,-0.009998400473996765,2015-02-20,"{""type"":""MultiPoint"",""coordinates"":[]}"
20150221,-0.00860329710381434,2015-02-21,"{""type"":""MultiPoint"",""coordinates"":[]}"
20150222,-0.009120386024778937,2015-02-22,"{""type"":""MultiPoint"",""coordinates"":[]}"
20150223,-0.010630986643915919,2015-02-23,"{""type"":""MultiPoint"",""coordinates"":[]}"
20150224,-0.011806413872802578,2015-02-24,"{""type"":""MultiPoint"",""coordinates"":[]}"
20150225,-0.01098031499203635,2015-02-25,"{""type"":""MultiPoint"",""coordinates"":[]}"
20150226,-0.011211123097213118,2015-02-26,"{""type"":""MultiPoint"",""coordinates"":[]}"
20150227,-0.011496211041642543,2015-02-27,"{""type"":""MultiPoint"",""coordinates"":[]}"
20150228,-0.011024746700641372,2015-02-28,"{""type"":""MultiPoint"",""coordinates"":[]}"
20150301,-0.006295595920048899,2015-03-01,"{""type"":""MultiPoint"",""coordinates"":[]}"
20150302,-0.006038047758412764,2015-03-02,"{""type"":""MultiPoint"",""coordinates"":[]}"
20150303,-0.00839538794457776,2015-03-03,"{""type"":""MultiPoint"",""coordinates"":[]}"
20150304,-0.009239668989671785,2015-03-04,"{""type"":""MultiPoint"",""coordinates"":[]}"
20150305,-0.008761475085367726,2015-03-05,"{""type"":""MultiPoint"",""coordinates"":[]}"
20150306,-0.0054968235198296755,2015-03-06,"{""type"":""MultiPoint"",""coordinates"":[]}"
20150307,-0.00651181039195383,2015-03-07,"{""type"":""MultiPoint"",""coordinates"":[]}"
20150308,-0.007759615507275968,2015-03-08,"{""type"":""MultiPoint"",""coordinates"":[]}"
20150309,-0.006902155572126059,2015-03-09,"{""type"":""MultiPoint"",""coordinates"":[]}"
20150310,-0.0074496265814187,2015-03-10,"{""type"":""MultiPoint"",""coordinates"":[]}"
20150311,-0.011190714911970677,2015-03-11,"{""type"":""MultiPoint"",""coordinates"":[]}"
20150312,-0.011250763326539332,2015-03-12,"{""type"":""MultiPoint"",""coordinates"":[]}"
20150313,-0.011635350674493864,2015-03-13,"{""type"":""MultiPoint"",""coordinates"":[]}"
20150314,-0.014027065012851274,2015-03-14,"{""type"":""MultiPoint"",""coordinates"":[]}"
20150315,-0.012178413619910277,2015-03-15,"{""type"":""MultiPoint"",""coordinates"":[]}"
20150316,-0.010130451289985257,2015-03-16,"{""type"":""MultiPoint"",""coordinates"":[]}"
20150317,-0.00943400293012436,2015-03-17,"{""type"":""MultiPoint"",""coordinates"":[]}"
20150318,-0.010717529013720027,2015-03-18,"{""type"":""MultiPoint"",""coordinates"":[]}"
20150319,-0.011521427689849045,2015-03-19,"{""type"":""MultiPoint"",""coordinates"":[]}"
20150320,-0.01277297660829505,2015-03-20,"{""type"":""MultiPoint"",""coordinates"":[]}"
20150321,-0.011076635387364643,2015-03-21,"{""type"":""MultiPoint"",""coordinates"":[]}"
20150322,-0.00987777495244885,2015-03-22,"{""type"":""MultiPoint"",""coordinates"":[]}"
20150323,-0.009380732596887938,2015-03-23,"{""type"":""MultiPoint"",""coordinates"":[]}"
20150324,-0.01115585426626526,2015-03-24,"{""type"":""MultiPoint"",""coordinates"":[]}"
20150325,-0.011649614330308974,2015-03-25,"{""type"":""MultiPoint"",""coordinates"":[]}"
20150326,-0.011764962159249626,2015-03-26,"{""type"":""MultiPoint"",""coordinates"":[]}"
20150327,-0.012599075194990754,2015-03-27,"{""type"":""MultiPoint"",""coordinates"":[]}"
20150328,-0.012062574443666776,2015-03-28,"{""type"":""MultiPoint"",""coordinates"":[]}"
20150329,-0.009981489627733792,2015-03-29,"{""type"":""MultiPoint"",""coordinates"":[]}"
20150330,-0.008187848459127484,2015-03-30,"{""type"":""MultiPoint"",""coordinates"":[]}"
20150331,-0.009110111923740628,2015-03-31,"{""type"":""MultiPoint"",""coordinates"":[]}"
20150401,-0.009251195550259219,2015-04-01,"{""type"":""MultiPoint"",""coordinates"":[]}"
20150402,-0.01001354077029707,2015-04-02,"{""type"":""MultiPoint"",""coordinates"":[]}"
20150403,-0.011703574303895407,2015-04-03,"{""type"":""MultiPoint"",""coordinates"":[]}"
20150404,-0.012492908714129192,2015-04-04,"{""type"":""MultiPoint"",""coordinates"":[]}"
20150405,-0.011329194460294064,2015-04-05,"{""type"":""MultiPoint"",""coordinates"":[]}"
20150406,-0.011710846370922052,2015-04-06,"{""type"":""MultiPoint"",""coordinates"":[]}"
20150407,-0.011006886200593851,2015-04-07,"{""type"":""MultiPoint"",""coordinates"":[]}"
20150408,-0.012162619782671878,2015-04-08,"{""type"":""MultiPoint"",""coordinates"":[]}"
20150409,-0.010960566999670213,2015-04-09,"{""type"":""MultiPoint"",""coordinates"":[]}"
20150410,-0.009068592993836786,2015-04-10,"{""type"":""MultiPoint"",""coordinates"":[]}"
20150411,-0.00606556800853993,2015-04-11,"{""type"":""MultiPoint"",""coordinates"":[]}"
20150412,-0.0060003766931056015,2015-04-12,"{""type"":""MultiPoint"",""coordinates"":[]}"
20150413,-0.006889152275977758,2015-04-13,"{""type"":""MultiPoint"",""coordinates"":[]}"
20150414,-0.006391126926999386,2015-04-14,"{""type"":""MultiPoint"",""coordinates"":[]}"
20150415,-0.00737525499735312,2015-04-15,"{""type"":""MultiPoint"",""coordinates"":[]}"
20150416,-0.007403244120722548,2015-04-16,"{""type"":""MultiPoint"",""coordinates"":[]}"
20150417,-0.007375051379712939,2015-04-17,"{""type"":""MultiPoint"",""coordinates"":[]}"
20150418,-0.00943887952651981,2015-04-18,"{""type"":""MultiPoint"",""coordinates"":[]}"
20150419,-0.010966465351501998,2015-04-19,"{""type"":""MultiPoint"",""coordinates"":[]}"
20150420,-0.011123802328629813,2015-04-20,"{""type"":""MultiPoint"",""coordinates"":[]}"
20150421,-0.01143289428020975,2015-04-21,"{""type"":""MultiPoint"",""coordinates"":[]}"
20150422,-0.010453375625370185,2015-04-22,"{""type"":""MultiPoint"",""coordinates"":[]}"
20150423,-0.008749373879775276,2015-04-23,"{""type"":""MultiPoint"",""coordinates"":[]}"
20150424,-0.009668438572237413,2015-04-24,"{""type"":""MultiPoint"",""coordinates"":[]}"
20150425,-0.010461401378277902,2015-04-25,"{""type"":""MultiPoint"",""coordinates"":[]}"
20150426,-0.010540357778119945,2015-04-26,"{""type"":""MultiPoint"",""coordinates"":[]}"
20150427,-0.010613818089337819,2015-04-27,"{""type"":""MultiPoint"",""coordinates"":[]}"
20150428,-0.012745881256716829,2015-04-28,"{""type"":""MultiPoint"",""coordinates"":[]}"
20150429,-0.013259032818414389,2015-04-29,"{""type"":""MultiPoint"",""coordinates"":[]}"
20150430,-0.013379851487548286,2015-04-30,"{""type"":""MultiPoint"",""coordinates"":[]}"
20150501,-0.01219021627171332,2015-05-01,"{""type"":""MultiPoint"",""coordinates"":[]}"
20150502,-0.011755362705661037,2015-05-02,"{""type"":""MultiPoint"",""coordinates"":[]}"
20150503,-0.011900219571290397,2015-05-03,"{""type"":""MultiPoint"",""coordinates"":[]}"
20150504,-0.009565089567902788,2015-05-04,"{""type"":""MultiPoint"",""coordinates"":[]}"
20150505,-0.009891546319044304,2015-05-05,"{""type"":""MultiPoint"",""coordinates"":[]}"
20150506,-0.011022386481107097,2015-05-06,"{""type"":""MultiPoint"",""coordinates"":[]}"
20150507,-0.010746436516534955,2015-05-07,"{""type"":""MultiPoint"",""coordinates"":[]}"
20150508,-0.012456360154275798,2015-05-08,"{""type"":""MultiPoint"",""coordinates"":[]}"
20150509,-0.011450399160869441,2015-05-09,"{""type"":""MultiPoint"",""coordinates"":[]}"
20150510,-0.00988657629344234,2015-05-10,"{""type"":""MultiPoint"",""coordinates"":[]}"
20150511,-0.009898351226067949,2015-05-11,"{""type"":""MultiPoint"",""coordinates"":[]}"
20150512,-0.00924856762067517,2015-05-12,"{""type"":""MultiPoint"",""coordinates"":[]}"
20150513,-0.00871631472665169,2015-05-13,"{""type"":""MultiPoint"",""coordinates"":[]}"
20150514,-0.009983270844888812,2015-05-14,"{""type"":""MultiPoint"",""coordinates"":[]}"
20150515,-0.009099047595167904,2015-05-15,"{""type"":""MultiPoint"",""coordinates"":[]}"
20150516,-0.006173692864685528,2015-05-16,"{""type"":""MultiPoint"",""coordinates"":[]}"
20150517,-0.01017794763514378,2015-05-17,"{""type"":""MultiPoint"",""coordinates"":[]}"
20150518,-0.011482781165837994,2015-05-18,"{""type"":""MultiPoint"",""coordinates"":[]}"
20150519,-0.014459377290453827,2015-05-19,"{""type"":""MultiPoint"",""coordinates"":[]}"
20150520,-0.014923277207451907,2015-05-20,"{""type"":""MultiPoint"",""coordinates"":[]}"
20150521,-0.01577252845044975,2015-05-21,"{""type"":""MultiPoint"",""coordinates"":[]}"
20150522,-0.01734636578314766,2015-05-22,"{""type"":""MultiPoint"",""coordinates"":[]}"
20150523,-0.01833611547039163,2015-05-23,"{""type"":""MultiPoint"",""coordinates"":[]}"
20150524,-0.01722134020199846,2015-05-24,"{""type"":""MultiPoint"",""coordinates"":[]}"
20150525,-0.01702625201420912,2015-05-25,"{""type"":""MultiPoint"",""coordinates"":[]}"
20150526,-0.01586774561717648,2015-05-26,"{""type"":""MultiPoint"",""coordinates"":[]}"
20150527,-0.01570206906243986,2015-05-27,"{""type"":""MultiPoint"",""coordinates"":[]}"
20150528,-0.01564904478168611,2015-05-28,"{""type"":""MultiPoint"",""coordinates"":[]}"
20150529,-0.014511081565916096,2015-05-29,"{""type"":""MultiPoint"",""coordinates"":[]}"
20150530,-0.013750736408742489,2015-05-30,"{""type"":""MultiPoint"",""coordinates"":[]}"
20150531,-0.013151029522159236,2015-05-31,"{""type"":""MultiPoint"",""coordinates"":[]}"
20150601,-0.011684386450736007,2015-06-01,"{""type"":""MultiPoint"",""coordinates"":[]}"
20150602,-0.011121233719470101,2015-06-02,"{""type"":""MultiPoint"",""coordinates"":[]}"
20150603,-0.010677601453819506,2015-06-03,"{""type"":""MultiPoint"",""coordinates"":[]}"
20150604,-0.009936650233535183,2015-06-04,"{""type"":""MultiPoint"",""coordinates"":[]}"
20150605,-0.010348382241357404,2015-06-05,"{""type"":""MultiPoint"",""coordinates"":[]}"
20150606,-0.008009217190535857,2015-06-06,"{""type"":""MultiPoint"",""coordinates"":[]}"
20150607,-0.007092390579652563,2015-06-07,"{""type"":""MultiPoint"",""coordinates"":[]}"
20150608,-0.009785995934357411,2015-06-08,"{""type"":""MultiPoint"",""coordinates"":[]}"
20150609,-0.009444794988236313,2015-06-09,"{""type"":""MultiPoint"",""coordinates"":[]}"
20150610,-0.00997148540557546,2015-06-10,"{""type"":""MultiPoint"",""coordinates"":[]}"
20150611,-0.009783328302700404,2015-06-11,"{""type"":""MultiPoint"",""coordinates"":[]}"
20150612,-0.00732165497382972,2015-06-12,"{""type"":""MultiPoint"",""coordinates"":[]}"
20150613,-0.006730400872141617,2015-06-13,"{""type"":""MultiPoint"",""coordinates"":[]}"
20150614,-0.006383263389613909,2015-06-14,"{""type"":""MultiPoint"",""coordinates"":[]}"
20150615,-0.00492076201488502,2015-06-15,"{""type"":""MultiPoint"",""coordinates"":[]}"
20150616,-0.007205685060526403,2015-06-16,"{""type"":""MultiPoint"",""coordinates"":[]}"
20150617,-0.007372519122674532,2015-06-17,"{""type"":""MultiPoint"",""coordinates"":[]}"
20150618,-0.0062512873676877365,2015-06-18,"{""type"":""MultiPoint"",""coordinates"":[]}"
20150619,-0.007929446930174798,2015-06-19,"{""type"":""MultiPoint"",""coordinates"":[]}"
20150620,-0.004885920532250476,2015-06-20,"{""type"":""MultiPoint"",""coordinates"":[]}"
20150621,-0.003345559710147227,2015-06-21,"{""type"":""MultiPoint"",""coordinates"":[]}"
20150622,-0.007575710518954271,2015-06-22,"{""type"":""MultiPoint"",""coordinates"":[]}"
20150623,-0.010091767059963907,2015-06-23,"{""type"":""MultiPoint"",""coordinates"":[]}"
20150624,-0.010578208835378348,2015-06-24,"{""type"":""MultiPoint"",""coordinates"":[]}"
20150625,-0.01126756858063706,2015-06-25,"{""type"":""MultiPoint"",""coordinates"":[]}"
20150626,-0.012053203230740115,2015-06-26,"{""type"":""MultiPoint"",""coordinates"":[]}"
20150627,-0.010390533027157069,2015-06-27,"{""type"":""MultiPoint"",""coordinates"":[]}"
20150628,-0.01062209140353364,2015-06-28,"{""type"":""MultiPoint"",""coordinates"":[]}"
20150629,-0.009424143701219287,2015-06-29,"{""type"":""MultiPoint"",""coordinates"":[]}"
20150630,-0.010150847484260364,2015-06-30,"{""type"":""MultiPoint"",""coordinates"":[]}"
20150701,-0.010254962449819079,2015-07-01,"{""type"":""MultiPoint"",""coordinates"":[]}"
20150702,-0.008731315486079392,2015-07-02,"{""type"":""MultiPoint"",""coordinates"":[]}"
20150703,-0.011113490666718361,2015-07-03,"{""type"":""MultiPoint"",""coordinates"":[]}"
20150704,-0.014732150300636243,2015-07-04,"{""type"":""MultiPoint"",""coordinates"":[]}"
20150705,-0.015480665674207954,2015-07-05,"{""type"":""MultiPoint"",""coordinates"":[]}"
20150706,-0.015950412622386848,2015-07-06,"{""type"":""MultiPoint"",""coordinates"":[]}"
20150707,-0.013653361116880142,2015-07-07,"{""type"":""MultiPoint"",""coordinates"":[]}"
20150708,-0.013697091431509744,2015-07-08,"{""type"":""MultiPoint"",""coordinates"":[]}"
20150709,-0.013963833138799314,2015-07-09,"{""type"":""MultiPoint"",""coordinates"":[]}"
20150710,-0.011164149401326881,2015-07-10,"{""type"":""MultiPoint"",""coordinates"":[]}"
20150711,-0.01092835658282393,2015-07-11,"{""type"":""MultiPoint"",""coordinates"":[]}"
20150712,-0.01196642425633842,2015-07-12,"{""type"":""MultiPoint"",""coordinates"":[]}"
20150713,-0.010287025874244893,2015-07-13,"{""type"":""MultiPoint"",""coordinates"":[]}"
20150714,-0.009214356060585452,2015-07-14,"{""type"":""MultiPoint"",""coordinates"":[]}"
20150715,-0.009661083500421747,2015-07-15,"{""type"":""MultiPoint"",""coordinates"":[]}"
20150716,-0.01356207448890584,2015-07-16,"{""type"":""MultiPoint"",""coordinates"":[]}"
20150717,-0.012482366234013186,2015-07-17,"{""type"":""MultiPoint"",""coordinates"":[]}"
20150718,-0.01242772947332949,2015-07-18,"{""type"":""MultiPoint"",""coordinates"":[]}"
20150719,-0.011151420600661698,2015-07-19,"{""type"":""MultiPoint"",""coordinates"":[]}"
20150720,-0.011101176152825777,2015-07-20,"{""type"":""MultiPoint"",""coordinates"":[]}"
20150721,-0.010648640950798588,2015-07-21,"{""type"":""MultiPoint"",""coordinates"":[]}"
20150722,-0.0068300701617260715,2015-07-22,"{""type"":""MultiPoint"",""coordinates"":[]}"
20150723,-0.008977651530874044,2015-07-23,"{""type"":""MultiPoint"",""coordinates"":[]}"
20150724,-0.009593884681787554,2015-07-24,"{""type"":""MultiPoint"",""coordinates"":[]}"
20150725,-0.011531760231640854,2015-07-25,"{""type"":""MultiPoint"",""coordinates"":[]}"
20150726,-0.00994892079694986,2015-07-26,"{""type"":""MultiPoint"",""coordinates"":[]}"
20150727,-0.01220367169243216,2015-07-27,"{""type"":""MultiPoint"",""coordinates"":[]}"
20150728,-0.014610707971276213,2015-07-28,"{""type"":""MultiPoint"",""coordinates"":[]}"
20150729,-0.014004843186038682,2015-07-29,"{""type"":""MultiPoint"",""coordinates"":[]}"
20150730,-0.009867788019927971,2015-07-30,"{""type"":""MultiPoint"",""coordinates"":[]}"
20150731,-0.009951320215311492,2015-07-31,"{""type"":""MultiPoint"",""coordinates"":[]}"
20150801,-0.01054381934738943,2015-08-01,"{""type"":""MultiPoint"",""coordinates"":[]}"
20150802,-0.010400082636302477,2015-08-02,"{""type"":""MultiPoint"",""coordinates"":[]}"
20150803,-0.011332052062352929,2015-08-03,"{""type"":""MultiPoint"",""coordinates"":[]}"
20150804,-0.010566471921234777,2015-08-04,"{""type"":""MultiPoint"",""coordinates"":[]}"
20150805,-0.010814032367540803,2015-08-05,"{""type"":""MultiPoint"",""coordinates"":[]}"
20150806,-0.008887476042640115,2015-08-06,"{""type"":""MultiPoint"",""coordinates"":[]}"
20150807,-0.008872531822281208,2015-08-07,"{""type"":""MultiPoint"",""coordinates"":[]}"
20150808,-0.007353747755387181,2015-08-08,"{""type"":""MultiPoint"",""coordinates"":[]}"
20150809,-0.005458723563227318,2015-08-09,"{""type"":""MultiPoint"",""coordinates"":[]}"
20150810,-0.005112147940906955,2015-08-10,"{""type"":""MultiPoint"",""coordinates"":[]}"
20150811,-0.004934213257982381,2015-08-11,"{""type"":""MultiPoint"",""coordinates"":[]}"
20150812,-0.002127218529252321,2015-08-12,"{""type"":""MultiPoint"",""coordinates"":[]}"
20150813,-0.005918263651399872,2015-08-13,"{""type"":""MultiPoint"",""coordinates"":[]}"
20150814,-0.008566217382045641,2015-08-14,"{""type"":""MultiPoint"",""coordinates"":[]}"
20150815,-0.008639602146661204,2015-08-15,"{""type"":""MultiPoint"",""coordinates"":[]}"
20150816,-0.006267770038561956,2015-08-16,"{""type"":""MultiPoint"",""coordinates"":[]}"
20150817,-0.006898906982541357,2015-08-17,"{""type"":""MultiPoint"",""coordinates"":[]}"
20150818,-0.006235540622098731,2015-08-18,"{""type"":""MultiPoint"",""coordinates"":[]}"
20150819,-0.006095243482146343,2015-08-19,"{""type"":""MultiPoint"",""coordinates"":[]}"
20150820,-0.004786360476919947,2015-08-20,"{""type"":""MultiPoint"",""coordinates"":[]}"
20150821,-0.005390632624105641,2015-08-21,"{""type"":""MultiPoint"",""coordinates"":[]}"
20150822,-0.008383388126053916,2015-08-22,"{""type"":""MultiPoint"",""coordinates"":[]}"
20150823,-0.009518600410602008,2015-08-23,"{""type"":""MultiPoint"",""coordinates"":[]}"
20150824,-0.009740037482294411,2015-08-24,"{""type"":""MultiPoint"",""coordinates"":[]}"
20150825,-0.010043551520496026,2015-08-25,"{""type"":""MultiPoint"",""coordinates"":[]}"
20150826,-0.00840491821229659,2015-08-26,"{""type"":""MultiPoint"",""coordinates"":[]}"
20150827,-0.006468964929622713,2015-08-27,"{""type"":""MultiPoint"",""coordinates"":[]}"
20150828,-0.005677543851558238,2015-08-28,"{""type"":""MultiPoint"",""coordinates"":[]}"
20150829,-0.006622880766947243,2015-08-29,"{""type"":""MultiPoint"",""coordinates"":[]}"
20150830,-0.007952891631376555,2015-08-30,"{""type"":""MultiPoint"",""coordinates"":[]}"
20150831,-0.00907368273818298,2015-08-31,"{""type"":""MultiPoint"",""coordinates"":[]}"
20150901,-0.008153394644646811,2015-09-01,"{""type"":""MultiPoint"",""coordinates"":[]}"
20150902,-0.008171687619557673,2015-09-02,"{""type"":""MultiPoint"",""coordinates"":[]}"
20150903,-0.007416251554288558,2015-09-03,"{""type"":""MultiPoint"",""coordinates"":[]}"
20150904,-0.007877748139189249,2015-09-04,"{""type"":""MultiPoint"",""coordinates"":[]}"
20150905,-0.007175119716601601,2015-09-05,"{""type"":""MultiPoint"",""coordinates"":[]}"
20150906,-0.006049882839132514,2015-09-06,"{""type"":""MultiPoint"",""coordinates"":[]}"
20150907,-0.005333167903025632,2015-09-07,"{""type"":""MultiPoint"",""coordinates"":[]}"
20150908,-0.006323595796916838,2015-09-08,"{""type"":""MultiPoint"",""coordinates"":[]}"
20150909,-0.005115117479720022,2015-09-09,"{""type"":""MultiPoint"",""coordinates"":[]}"
20150910,-0.005729931986410421,2015-09-10,"{""type"":""MultiPoint"",""coordinates"":[]}"
20150911,-0.006022902704408067,2015-09-11,"{""type"":""MultiPoint"",""coordinates"":[]}"
20150912,-0.003491862994903594,2015-09-12,"{""type"":""MultiPoint"",""coordinates"":[]}"
20150913,-0.004115111173556552,2015-09-13,"{""type"":""MultiPoint"",""coordinates"":[]}"
20150914,-0.004228059049068456,2015-09-14,"{""type"":""MultiPoint"",""coordinates"":[]}"
20150915,-0.0038083562801056016,2015-09-15,"{""type"":""MultiPoint"",""coordinates"":[]}"
20150916,-0.0035027204280649866,2015-09-16,"{""type"":""MultiPoint"",""coordinates"":[]}"
20150917,-0.0058609727285627,2015-09-17,"{""type"":""MultiPoint"",""coordinates"":[]}"
20150918,-0.007378121068901938,2015-09-18,"{""type"":""MultiPoint"",""coordinates"":[]}"
20150919,-0.00695498675869189,2015-09-19,"{""type"":""MultiPoint"",""coordinates"":[]}"
20150920,-0.005789852757125634,2015-09-20,"{""type"":""MultiPoint"",""coordinates"":[]}"
20150921,-0.008291597981919417,2015-09-21,"{""type"":""MultiPoint"",""coordinates"":[]}"
20150922,-0.00843334148465144,2015-09-22,"{""type"":""MultiPoint"",""coordinates"":[]}"
20150923,-0.008246530298162406,2015-09-23,"{""type"":""MultiPoint"",""coordinates"":[]}"
20150924,-0.007194238695276394,2015-09-24,"{""type"":""MultiPoint"",""coordinates"":[]}"
20150925,-0.0065075358924401175,2015-09-25,"{""type"":""MultiPoint"",""coordinates"":[]}"
20150926,-0.005913474405059975,2015-09-26,"{""type"":""MultiPoint"",""coordinates"":[]}"
20150927,-0.00877212305690672,2015-09-27,"{""type"":""MultiPoint"",""coordinates"":[]}"
20150928,-0.00722198264350558,2015-09-28,"{""type"":""MultiPoint"",""coordinates"":[]}"
20150929,-0.006258621430474273,2015-09-29,"{""type"":""MultiPoint"",""coordinates"":[]}"
20150930,-0.006477083169044001,2015-09-30,"{""type"":""MultiPoint"",""coordinates"":[]}"
20151001,-0.004408219821207513,2015-10-01,"{""type"":""MultiPoint"",""coordinates"":[]}"
20151002,-0.004619782633529641,2015-10-02,"{""type"":""MultiPoint"",""coordinates"":[]}"
20151003,-0.0057952360993320995,2015-10-03,"{""type"":""MultiPoint"",""coordinates"":[]}"
20151004,-0.005541329018955128,2015-10-04,"{""type"":""MultiPoint"",""coordinates"":[]}"
20151005,-0.006276159417616078,2015-10-05,"{""type"":""MultiPoint"",""coordinates"":[]}"
20151006,-0.007858580754093241,2015-10-06,"{""type"":""MultiPoint"",""coordinates"":[]}"
20151007,-0.00823557135949428,2015-10-07,"{""type"":""MultiPoint"",""coordinates"":[]}"
20151008,-0.007274551949102068,2015-10-08,"{""type"":""MultiPoint"",""coordinates"":[]}"
20151009,-0.008895578727550198,2015-10-09,"{""type"":""MultiPoint"",""coordinates"":[]}"
20151010,-0.00864053083845037,2015-10-10,"{""type"":""MultiPoint"",""coordinates"":[]}"
20151011,-0.006615289902991569,2015-10-11,"{""type"":""MultiPoint"",""coordinates"":[]}"
20151012,-0.0075636021151801545,2015-10-12,"{""type"":""MultiPoint"",""coordinates"":[]}"
20151013,-0.007764646125697137,2015-10-13,"{""type"":""MultiPoint"",""coordinates"":[]}"
20151014,-0.007492398098312951,2015-10-14,"{""type"":""MultiPoint"",""coordinates"":[]}"
20151015,-0.007459881197911231,2015-10-15,"{""type"":""MultiPoint"",""coordinates"":[]}"
20151016,-0.007901934420902524,2015-10-16,"{""type"":""MultiPoint"",""coordinates"":[]}"
20151017,-0.007187519264564434,2015-10-17,"{""type"":""MultiPoint"",""coordinates"":[]}"
20151018,-0.007441009282867108,2015-10-18,"{""type"":""MultiPoint"",""coordinates"":[]}"
20151019,-0.00861798916335697,2015-10-19,"{""type"":""MultiPoint"",""coordinates"":[]}"
20151020,-0.00988503222247155,2015-10-20,"{""type"":""MultiPoint"",""coordinates"":[]}"
20151021,-0.009995044579628465,2015-10-21,"{""type"":""MultiPoint"",""coordinates"":[]}"
20151022,-0.00988052207331612,2015-10-22,"{""type"":""MultiPoint"",""coordinates"":[]}"
20151023,-0.00863372112684381,2015-10-23,"{""type"":""MultiPoint"",""coordinates"":[]}"
20151024,-0.009247071371385862,2015-10-24,"{""type"":""MultiPoint"",""coordinates"":[]}"
20151025,-0.009097527264288264,2015-10-25,"{""type"":""MultiPoint"",""coordinates"":[]}"
20151026,-0.009380959177087742,2015-10-26,"{""type"":""MultiPoint"",""coordinates"":[]}"
20151027,-0.00949506382470136,2015-10-27,"{""type"":""MultiPoint"",""coordinates"":[]}"
20151028,-0.00846394110251985,2015-10-28,"{""type"":""MultiPoint"",""coordinates"":[]}"
20151029,-0.006248633765748126,2015-10-29,"{""type"":""MultiPoint"",""coordinates"":[]}"
20151030,-0.00693692256959981,2015-10-30,"{""type"":""MultiPoint"",""coordinates"":[]}"
20151031,-0.008918297616964757,2015-10-31,"{""type"":""MultiPoint"",""coordinates"":[]}"
20151101,-0.008665125120712611,2015-11-01,"{""type"":""MultiPoint"",""coordinates"":[]}"
20151102,-0.007971859836148454,2015-11-02,"{""type"":""MultiPoint"",""coordinates"":[]}"
20151103,-0.007719507019095551,2015-11-03,"{""type"":""MultiPoint"",""coordinates"":[]}"
20151104,-0.008013375365341439,2015-11-04,"{""type"":""MultiPoint"",""coordinates"":[]}"
20151105,-0.007689521751099219,2015-11-05,"{""type"":""MultiPoint"",""coordinates"":[]}"
20151106,-0.00836726680709683,2015-11-06,"{""type"":""MultiPoint"",""coordinates"":[]}"
20151107,-0.009239108834787136,2015-11-07,"{""type"":""MultiPoint"",""coordinates"":[]}"
20151108,-0.010405334081283297,2015-11-08,"{""type"":""MultiPoint"",""coordinates"":[]}"
20151109,-0.010442499154250802,2015-11-09,"{""type"":""MultiPoint"",""coordinates"":[]}"
20151110,-0.00862974800345495,2015-11-10,"{""type"":""MultiPoint"",""coordinates"":[]}"
20151111,-0.009809324599728296,2015-11-11,"{""type"":""MultiPoint"",""coordinates"":[]}"
20151112,-0.008780421297592874,2015-11-12,"{""type"":""MultiPoint"",""coordinates"":[]}"
20151113,-0.009601442537519742,2015-11-13,"{""type"":""MultiPoint"",""coordinates"":[]}"
20151114,-0.009369208045091783,2015-11-14,"{""type"":""MultiPoint"",""coordinates"":[]}"
20151115,-0.008818454707027489,2015-11-15,"{""type"":""MultiPoint"",""coordinates"":[]}"
20151116,-0.004563896050601806,2015-11-16,"{""type"":""MultiPoint"",""coordinates"":[]}"
20151117,-0.00820127068550578,2015-11-17,"{""type"":""MultiPoint"",""coordinates"":[]}"
20151118,-0.01019538894728465,2015-11-18,"{""type"":""MultiPoint"",""coordinates"":[]}"
20151119,-0.009129252723746907,2015-11-19,"{""type"":""MultiPoint"",""coordinates"":[]}"
20151120,-0.004266601420954181,2015-11-20,"{""type"":""MultiPoint"",""coordinates"":[]}"
20151121,-0.0075147578195423545,2015-11-21,"{""type"":""MultiPoint"",""coordinates"":[]}"
20151122,-0.008349344764551951,2015-11-22,"{""type"":""MultiPoint"",""coordinates"":[]}"
20151123,-0.008608813562553727,2015-11-23,"{""type"":""MultiPoint"",""coordinates"":[]}"
20151124,-0.005743678759787698,2015-11-24,"{""type"":""MultiPoint"",""coordinates"":[]}"
20151125,-0.0075037574921058055,2015-11-25,"{""type"":""MultiPoint"",""coordinates"":[]}"
20151126,-0.007722284640961471,2015-11-26,"{""type"":""MultiPoint"",""coordinates"":[]}"
20151127,-0.007783331051316728,2015-11-27,"{""type"":""MultiPoint"",""coordinates"":[]}"
20151128,-0.008643801714115891,2015-11-28,"{""type"":""MultiPoint"",""coordinates"":[]}"
20151129,-0.00988945807177994,2015-11-29,"{""type"":""MultiPoint"",""coordinates"":[]}"
20151130,-0.002208291278170459,2015-11-30,"{""type"":""MultiPoint"",""coordinates"":[]}"
20151201,-0.005893241394767715,2015-12-01,"{""type"":""MultiPoint"",""coordinates"":[]}"
20151202,-0.006615168492118938,2015-12-02,"{""type"":""MultiPoint"",""coordinates"":[]}"
20151203,-0.007588657039933676,2015-12-03,"{""type"":""MultiPoint"",""coordinates"":[]}"
20151204,-0.00781541598103206,2015-12-04,"{""type"":""MultiPoint"",""coordinates"":[]}"
20151205,-0.008137104182235847,2015-12-05,"{""type"":""MultiPoint"",""coordinates"":[]}"
20151206,-0.007157057294457293,2015-12-06,"{""type"":""MultiPoint"",""coordinates"":[]}"
20151207,-0.007514717185331872,2015-12-07,"{""type"":""MultiPoint"",""coordinates"":[]}"
20151208,-0.00793809081164294,2015-12-08,"{""type"":""MultiPoint"",""coordinates"":[]}"
20151209,-0.00802023474350115,2015-12-09,"{""type"":""MultiPoint"",""coordinates"":[]}"
20151210,-0.008034902192440184,2015-12-10,"{""type"":""MultiPoint"",""coordinates"":[]}"
20151211,-0.008194753409886173,2015-12-11,"{""type"":""MultiPoint"",""coordinates"":[]}"
20151212,-0.007299198088789886,2015-12-12,"{""type"":""MultiPoint"",""coordinates"":[]}"
20151213,-0.007394534313149484,2015-12-13,"{""type"":""MultiPoint"",""coordinates"":[]}"
20151214,-0.008158549436358463,2015-12-14,"{""type"":""MultiPoint"",""coordinates"":[]}"
20151215,-0.009133406944457748,2015-12-15,"{""type"":""MultiPoint"",""coordinates"":[]}"
20151216,-0.009694602287217,2015-12-16,"{""type"":""MultiPoint"",""coordinates"":[]}"
20151217,-0.009880885422227282,2015-12-17,"{""type"":""MultiPoint"",""coordinates"":[]}"
20151218,-0.007744666472089169,2015-12-18,"{""type"":""MultiPoint"",""coordinates"":[]}"
20151219,-0.00835657805186385,2015-12-19,"{""type"":""MultiPoint"",""coordinates"":[]}"
20151220,-0.009261228715403831,2015-12-20,"{""type"":""MultiPoint"",""coordinates"":[]}"
20151221,-0.006994156514076082,2015-12-21,"{""type"":""MultiPoint"",""coordinates"":[]}"
20151222,-0.006833317136019688,2015-12-22,"{""type"":""MultiPoint"",""coordinates"":[]}"
20151223,-0.0060256256140705485,2015-12-23,"{""type"":""MultiPoint"",""coordinates"":[]}"
20151224,-0.008286478919403529,2015-12-24,"{""type"":""MultiPoint"",""coordinates"":[]}"
20151225,-0.011290987170656809,2015-12-25,"{""type"":""MultiPoint"",""coordinates"":[]}"
20151226,-0.009096050135382436,2015-12-26,"{""type"":""MultiPoint"",""coordinates"":[]}"
20151227,-0.009555961027393103,2015-12-27,"{""type"":""MultiPoint"",""coordinates"":[]}"
20151228,-0.00887858240994281,2015-12-28,"{""type"":""MultiPoint"",""coordinates"":[]}"
20151229,-0.009445103328460663,2015-12-29,"{""type"":""MultiPoint"",""coordinates"":[]}"
20151230,-0.009243959307116746,2015-12-30,"{""type"":""MultiPoint"",""coordinates"":[]}"
20151231,-0.008543868687824538,2015-12-31,"{""type"":""MultiPoint"",""coordinates"":[]}"
20160101,-0.008753939715338136,2016-01-01,"{""type"":""MultiPoint"",""coordinates"":[]}"
20160102,-0.007189426498484564,2016-01-02,"{""type"":""MultiPoint"",""coordinates"":[]}"
20160103,-0.007336087464662868,2016-01-03,"{""type"":""MultiPoint"",""coordinates"":[]}"
20160104,-0.007487408859191365,2016-01-04,"{""type"":""MultiPoint"",""coordinates"":[]}"
20160105,-0.0077348115221687365,2016-01-05,"{""type"":""MultiPoint"",""coordinates"":[]}"
20160106,-0.008116591388811455,2016-01-06,"{""type"":""MultiPoint"",""coordinates"":[]}"
20160107,-0.008627293386253558,2016-01-07,"{""type"":""MultiPoint"",""coordinates"":[]}"
20160108,-0.008212873522106711,2016-01-08,"{""type"":""MultiPoint"",""coordinates"":[]}"
20160109,-0.008483537825498832,2016-01-09,"{""type"":""MultiPoint"",""coordinates"":[]}"
20160110,-0.009372715988551945,2016-01-10,"{""type"":""MultiPoint"",""coordinates"":[]}"
20160111,-0.008236131383056981,2016-01-11,"{""type"":""MultiPoint"",""coordinates"":[]}"
20160112,-0.008095103892327706,2016-01-12,"{""type"":""MultiPoint"",""coordinates"":[]}"
20160113,-0.008613789484604603,2016-01-13,"{""type"":""MultiPoint"",""coordinates"":[]}"
20160114,-0.009550600726756758,2016-01-14,"{""type"":""MultiPoint"",""coordinates"":[]}"
20160115,-0.009153007313406087,2016-01-15,"{""type"":""MultiPoint"",""coordinates"":[]}"
20160116,-0.00983887855877051,2016-01-16,"{""type"":""MultiPoint"",""coordinates"":[]}"
20160117,-0.010654905749559946,2016-01-17,"{""type"":""MultiPoint"",""coordinates"":[]}"
20160118,-0.008707775662145678,2016-01-18,"{""type"":""MultiPoint"",""coordinates"":[]}"
20160119,-0.004453119563587736,2016-01-19,"{""type"":""MultiPoint"",""coordinates"":[]}"
20160120,-0.0027676286496623446,2016-01-20,"{""type"":""MultiPoint"",""coordinates"":[]}"
20160121,-0.008574052659753632,2016-01-21,"{""type"":""MultiPoint"",""coordinates"":[]}"
20160122,-0.009478881443363712,2016-01-22,"{""type"":""MultiPoint"",""coordinates"":[]}"
20160123,-0.008883918490060753,2016-01-23,"{""type"":""MultiPoint"",""coordinates"":[]}"
20160124,-0.006740765157989068,2016-01-24,"{""type"":""MultiPoint"",""coordinates"":[]}"
20160125,-0.0059271503645477955,2016-01-25,"{""type"":""MultiPoint"",""coordinates"":[]}"
20160126,-0.007142805335454541,2016-01-26,"{""type"":""MultiPoint"",""coordinates"":[]}"
20160127,-0.0063143479033775,2016-01-27,"{""type"":""MultiPoint"",""coordinates"":[]}"
20160128,-0.008812690410075215,2016-01-28,"{""type"":""MultiPoint"",""coordinates"":[]}"
20160129,-0.009492974917877914,2016-01-29,"{""type"":""MultiPoint"",""coordinates"":[]}"
20160130,-0.008753787143907777,2016-01-30,"{""type"":""MultiPoint"",""coordinates"":[]}"
20160131,-0.008725222218937711,2016-01-31,"{""type"":""MultiPoint"",""coordinates"":[]}"
20160201,-0.009381151185153085,2016-02-01,"{""type"":""MultiPoint"",""coordinates"":[]}"
20160202,-0.009732291702050864,2016-02-02,"{""type"":""MultiPoint"",""coordinates"":[]}"
20160203,-0.008785822879114948,2016-02-03,"{""type"":""MultiPoint"",""coordinates"":[]}"
20160204,-0.009020345884012161,2016-02-04,"{""type"":""MultiPoint"",""coordinates"":[]}"
20160205,-0.00958260193329299,2016-02-05,"{""type"":""MultiPoint"",""coordinates"":[]}"
20160206,-0.010777332705013942,2016-02-06,"{""type"":""MultiPoint"",""coordinates"":[]}"
20160207,-0.009820634391697614,2016-02-07,"{""type"":""MultiPoint"",""coordinates"":[]}"
20160208,-0.009435816227711709,2016-02-08,"{""type"":""MultiPoint"",""coordinates"":[]}"
20160209,-0.009149024614535635,2016-02-09,"{""type"":""MultiPoint"",""coordinates"":[]}"
20160210,-0.011427450585630551,2016-02-10,"{""type"":""MultiPoint"",""coordinates"":[]}"
20160211,-0.010334818318124226,2016-02-11,"{""type"":""MultiPoint"",""coordinates"":[]}"
20160212,-0.009538720990984217,2016-02-12,"{""type"":""MultiPoint"",""coordinates"":[]}"
20160213,-0.009585441363404714,2016-02-13,"{""type"":""MultiPoint"",""coordinates"":[]}"
20160214,-0.01092504064059912,2016-02-14,"{""type"":""MultiPoint"",""coordinates"":[]}"
20160215,-0.013532594401878165,2016-02-15,"{""type"":""MultiPoint"",""coordinates"":[]}"
20160216,-0.011624047876582841,2016-02-16,"{""type"":""MultiPoint"",""coordinates"":[]}"
20160217,-0.012545460468220452,2016-02-17,"{""type"":""MultiPoint"",""coordinates"":[]}"
20160218,-0.012103857530205738,2016-02-18,"{""type"":""MultiPoint"",""coordinates"":[]}"
20160219,-0.011797191131453482,2016-02-19,"{""type"":""MultiPoint"",""coordinates"":[]}"
20160220,-0.011078108104877292,2016-02-20,"{""type"":""MultiPoint"",""coordinates"":[]}"
20160221,-0.010967396451481246,2016-02-21,"{""type"":""MultiPoint"",""coordinates"":[]}"
20160222,-0.011435020830331828,2016-02-22,"{""type"":""MultiPoint"",""coordinates"":[]}"
20160223,-0.012363916320030154,2016-02-23,"{""type"":""MultiPoint"",""coordinates"":[]}"
20160224,-0.011888551229870344,2016-02-24,"{""type"":""MultiPoint"",""coordinates"":[]}"
20160225,-0.010218918690628458,2016-02-25,"{""type"":""MultiPoint"",""coordinates"":[]}"
20160226,-0.008938463523290401,2016-02-26,"{""type"":""MultiPoint"",""coordinates"":[]}"
20160227,-0.009722620423890499,2016-02-27,"{""type"":""MultiPoint"",""coordinates"":[]}"
20160228,-0.008509647901824197,2016-02-28,"{""type"":""MultiPoint"",""coordinates"":[]}"
20160229,-0.010309070518402626,2016-02-29,"{""type"":""MultiPoint"",""coordinates"":[]}"
20160301,-0.009698911947640804,2016-03-01,"{""type"":""MultiPoint"",""coordinates"":[]}"
20160302,-0.0074794814394182904,2016-03-02,"{""type"":""MultiPoint"",""coordinates"":[]}"
20160303,-0.00852736995965919,2016-03-03,"{""type"":""MultiPoint"",""coordinates"":[]}"
20160304,-0.007902082672678801,2016-03-04,"{""type"":""MultiPoint"",""coordinates"":[]}"
20160305,-0.00793349063694117,2016-03-05,"{""type"":""MultiPoint"",""coordinates"":[]}"
20160306,-0.0137870033891781,2016-03-06,"{""type"":""MultiPoint"",""coordinates"":[]}"
20160307,-0.013709834608048308,2016-03-07,"{""type"":""MultiPoint"",""coordinates"":[]}"
20160308,-0.013190267292071019,2016-03-08,"{""type"":""MultiPoint"",""coordinates"":[]}"
20160309,-0.01161674374169725,2016-03-09,"{""type"":""MultiPoint"",""coordinates"":[]}"
20160310,-0.01323514427523885,2016-03-10,"{""type"":""MultiPoint"",""coordinates"":[]}"
20160311,-0.013356163930917035,2016-03-11,"{""type"":""MultiPoint"",""coordinates"":[]}"
20160312,-0.014482640785519554,2016-03-12,"{""type"":""MultiPoint"",""coordinates"":[]}"
20160313,-0.010310681933476047,2016-03-13,"{""type"":""MultiPoint"",""coordinates"":[]}"
20160314,-0.008820329193505323,2016-03-14,"{""type"":""MultiPoint"",""coordinates"":[]}"
20160315,-0.009061737057212603,2016-03-15,"{""type"":""MultiPoint"",""coordinates"":[]}"
20160316,-0.01034820178993454,2016-03-16,"{""type"":""MultiPoint"",""coordinates"":[]}"
20160317,-0.011203778628325866,2016-03-17,"{""type"":""MultiPoint"",""coordinates"":[]}"
20160318,-0.011411039209693935,2016-03-18,"{""type"":""MultiPoint"",""coordinates"":[]}"
20160319,-0.01011891053482947,2016-03-19,"{""type"":""MultiPoint"",""coordinates"":[]}"
20160320,-0.01156461218821292,2016-03-20,"{""type"":""MultiPoint"",""coordinates"":[]}"
20160321,-0.011851576597331746,2016-03-21,"{""type"":""MultiPoint"",""coordinates"":[]}"
20160322,-0.013631216928973195,2016-03-22,"{""type"":""MultiPoint"",""coordinates"":[]}"
20160323,-0.012226865679997992,2016-03-23,"{""type"":""MultiPoint"",""coordinates"":[]}"
20160324,-0.012191261661686529,2016-03-24,"{""type"":""MultiPoint"",""coordinates"":[]}"
20160325,-0.012583887573114126,2016-03-25,"{""type"":""MultiPoint"",""coordinates"":[]}"
20160326,-0.013358273808273343,2016-03-26,"{""type"":""MultiPoint"",""coordinates"":[]}"
20160327,-0.013638336992544695,2016-03-27,"{""type"":""MultiPoint"",""coordinates"":[]}"
20160328,-0.013436174063557082,2016-03-28,"{""type"":""MultiPoint"",""coordinates"":[]}"
20160329,-0.012252494608979909,2016-03-29,"{""type"":""MultiPoint"",""coordinates"":[]}"
20160330,-0.011089433857276142,2016-03-30,"{""type"":""MultiPoint"",""coordinates"":[]}"
20160331,-0.011671696663402044,2016-03-31,"{""type"":""MultiPoint"",""coordinates"":[]}"
20160401,-0.011450416296677044,2016-04-01,"{""type"":""MultiPoint"",""coordinates"":[]}"
20160402,-0.011580559202887484,2016-04-02,"{""type"":""MultiPoint"",""coordinates"":[]}"
20160403,-0.011670301989471566,2016-04-03,"{""type"":""MultiPoint"",""coordinates"":[]}"
20160404,-0.012332515500551403,2016-04-04,"{""type"":""MultiPoint"",""coordinates"":[]}"
20160405,-0.010358881333848234,2016-04-05,"{""type"":""MultiPoint"",""coordinates"":[]}"
20160406,-0.012920845692217546,2016-04-06,"{""type"":""MultiPoint"",""coordinates"":[]}"
20160407,-0.012846206588099918,2016-04-07,"{""type"":""MultiPoint"",""coordinates"":[]}"
20160408,-0.014503421354189007,2016-04-08,"{""type"":""MultiPoint"",""coordinates"":[]}"
20160409,-0.015432787173778799,2016-04-09,"{""type"":""MultiPoint"",""coordinates"":[]}"
20160410,-0.014300250694049518,2016-04-10,"{""type"":""MultiPoint"",""coordinates"":[]}"
20160411,-0.01375710868365794,2016-04-11,"{""type"":""MultiPoint"",""coordinates"":[]}"
20160412,-0.012916713984374018,2016-04-12,"{""type"":""MultiPoint"",""coordinates"":[]}"
20160413,-0.013758476099124417,2016-04-13,"{""type"":""MultiPoint"",""coordinates"":[]}"
20160414,-0.011341198529396026,2016-04-14,"{""type"":""MultiPoint"",""coordinates"":[]}"
20160415,-0.01221524891007557,2016-04-15,"{""type"":""MultiPoint"",""coordinates"":[]}"
20160416,-0.013033985126257691,2016-04-16,"{""type"":""MultiPoint"",""coordinates"":[]}"
20160417,-0.0131992432245168,2016-04-17,"{""type"":""MultiPoint"",""coordinates"":[]}"
20160418,-0.011868062010133875,2016-04-18,"{""type"":""MultiPoint"",""coordinates"":[]}"
20160419,-0.01411891652392151,2016-04-19,"{""type"":""MultiPoint"",""coordinates"":[]}"
20160420,-0.013731598703805303,2016-04-20,"{""type"":""MultiPoint"",""coordinates"":[]}"
20160421,-0.013011391675543292,2016-04-21,"{""type"":""MultiPoint"",""coordinates"":[]}"
20160422,-0.016742333785010517,2016-04-22,"{""type"":""MultiPoint"",""coordinates"":[]}"
20160423,-0.01679675615965373,2016-04-23,"{""type"":""MultiPoint"",""coordinates"":[]}"
20160424,-0.014821080876452779,2016-04-24,"{""type"":""MultiPoint"",""coordinates"":[]}"
20160425,-0.01350982833512898,2016-04-25,"{""type"":""MultiPoint"",""coordinates"":[]}"
20160426,-0.012973102124188163,2016-04-26,"{""type"":""MultiPoint"",""coordinates"":[]}"
20160427,-0.013627180451899552,2016-04-27,"{""type"":""MultiPoint"",""coordinates"":[]}"
20160428,-0.013971339569568064,2016-04-28,"{""type"":""MultiPoint"",""coordinates"":[]}"
20160429,-0.015034084951419613,2016-04-29,"{""type"":""MultiPoint"",""coordinates"":[]}"
20160430,-0.013647521570895514,2016-04-30,"{""type"":""MultiPoint"",""coordinates"":[]}"
20160501,-0.012471594095703236,2016-05-01,"{""type"":""MultiPoint"",""coordinates"":[]}"
20160502,-0.012208868923332646,2016-05-02,"{""type"":""MultiPoint"",""coordinates"":[]}"
20160503,-0.01125586810709412,2016-05-03,"{""type"":""MultiPoint"",""coordinates"":[]}"
20160504,-0.010433818188611306,2016-05-04,"{""type"":""MultiPoint"",""coordinates"":[]}"
20160505,-0.01085861175917075,2016-05-05,"{""type"":""MultiPoint"",""coordinates"":[]}"
20160506,-0.00979216282872082,2016-05-06,"{""type"":""MultiPoint"",""coordinates"":[]}"
20160507,-0.010403739437389493,2016-05-07,"{""type"":""MultiPoint"",""coordinates"":[]}"
20160508,-0.010367349156659465,2016-05-08,"{""type"":""MultiPoint"",""coordinates"":[]}"
20160509,-0.009445620189632416,2016-05-09,"{""type"":""MultiPoint"",""coordinates"":[]}"
20160510,-0.009035064187455793,2016-05-10,"{""type"":""MultiPoint"",""coordinates"":[]}"
20160511,-0.009786187345575325,2016-05-11,"{""type"":""MultiPoint"",""coordinates"":[]}"
20160512,-0.011833831324848642,2016-05-12,"{""type"":""MultiPoint"",""coordinates"":[]}"
20160513,-0.011531915225542172,2016-05-13,"{""type"":""MultiPoint"",""coordinates"":[]}"
20160514,-0.012672450330416224,2016-05-14,"{""type"":""MultiPoint"",""coordinates"":[]}"
20160515,-0.01293506157602378,2016-05-15,"{""type"":""MultiPoint"",""coordinates"":[]}"
20160516,-0.01296082409948224,2016-05-16,"{""type"":""MultiPoint"",""coordinates"":[]}"
20160517,-0.01172337543756879,2016-05-17,"{""type"":""MultiPoint"",""coordinates"":[]}"
20160518,-0.009490456519031175,2016-05-18,"{""type"":""MultiPoint"",""coordinates"":[]}"
20160519,-0.006737987587968929,2016-05-19,"{""type"":""MultiPoint"",""coordinates"":[]}"
20160520,-0.014328337913832565,2016-05-20,"{""type"":""MultiPoint"",""coordinates"":[]}"
20160521,-0.0179661411725758,2016-05-21,"{""type"":""MultiPoint"",""coordinates"":[]}"
20160522,-0.019235279508404764,2016-05-22,"{""type"":""MultiPoint"",""coordinates"":[]}"
20160523,-0.019379621361149048,2016-05-23,"{""type"":""MultiPoint"",""coordinates"":[]}"
20160524,-0.016640199139472713,2016-05-24,"{""type"":""MultiPoint"",""coordinates"":[]}"
20160525,-0.01770110441279206,2016-05-25,"{""type"":""MultiPoint"",""coordinates"":[]}"
20160526,-0.016740255865612508,2016-05-26,"{""type"":""MultiPoint"",""coordinates"":[]}"
20160527,-0.01631445949157902,2016-05-27,"{""type"":""MultiPoint"",""coordinates"":[]}"
20160528,-0.015125476212412172,2016-05-28,"{""type"":""MultiPoint"",""coordinates"":[]}"
20160529,-0.015805324626702096,2016-05-29,"{""type"":""MultiPoint"",""coordinates"":[]}"
20160530,-0.014569719540003152,2016-05-30,"{""type"":""MultiPoint"",""coordinates"":[]}"
20160531,-0.014007579483710573,2016-05-31,"{""type"":""MultiPoint"",""coordinates"":[]}"
20160601,-0.013105227527321517,2016-06-01,"{""type"":""MultiPoint"",""coordinates"":[]}"
20160602,-0.01146815456314938,2016-06-02,"{""type"":""MultiPoint"",""coordinates"":[]}"
20160603,-0.010786072404785773,2016-06-03,"{""type"":""MultiPoint"",""coordinates"":[]}"
20160604,-0.008902546479851604,2016-06-04,"{""type"":""MultiPoint"",""coordinates"":[]}"
20160605,-0.005045426685737616,2016-06-05,"{""type"":""MultiPoint"",""coordinates"":[]}"
20160606,-0.004029553825519765,2016-06-06,"{""type"":""MultiPoint"",""coordinates"":[]}"
20160607,-0.00492537736006665,2016-06-07,"{""type"":""MultiPoint"",""coordinates"":[]}"
20160608,-0.006470670828824639,2016-06-08,"{""type"":""MultiPoint"",""coordinates"":[]}"
20160609,-0.007672463261549399,2016-06-09,"{""type"":""MultiPoint"",""coordinates"":[]}"
20160610,-0.007610183936729299,2016-06-10,"{""type"":""MultiPoint"",""coordinates"":[]}"
20160611,-0.008365103859837648,2016-06-11,"{""type"":""MultiPoint"",""coordinates"":[]}"
20160612,-0.008732838364698087,2016-06-12,"{""type"":""MultiPoint"",""coordinates"":[]}"
20160613,-0.008902050981005409,2016-06-13,"{""type"":""MultiPoint"",""coordinates"":[]}"
20160614,-0.013019275587545568,2016-06-14,"{""type"":""MultiPoint"",""coordinates"":[]}"
20160615,-0.013749629443208598,2016-06-15,"{""type"":""MultiPoint"",""coordinates"":[]}"
20160616,-0.013556849716407495,2016-06-16,"{""type"":""MultiPoint"",""coordinates"":[]}"
20160617,-0.011946261649981376,2016-06-17,"{""type"":""MultiPoint"",""coordinates"":[]}"
20160618,-0.004387489817389263,2016-06-18,"{""type"":""MultiPoint"",""coordinates"":[]}"
20160619,-0.002342134321402537,2016-06-19,"{""type"":""MultiPoint"",""coordinates"":[]}"
20160620,-0.006449448851363012,2016-06-20,"{""type"":""MultiPoint"",""coordinates"":[]}"
20160621,-0.007273122634426831,2016-06-21,"{""type"":""MultiPoint"",""coordinates"":[]}"
20160622,-0.007001475065038812,2016-06-22,"{""type"":""MultiPoint"",""coordinates"":[]}"
20160623,-0.009125488074116474,2016-06-23,"{""type"":""MultiPoint"",""coordinates"":[]}"
20160624,-0.00834063238812897,2016-06-24,"{""type"":""MultiPoint"",""coordinates"":[]}"
20160625,-0.008161655048311163,2016-06-25,"{""type"":""MultiPoint"",""coordinates"":[]}"
20160626,-0.00658993088129615,2016-06-26,"{""type"":""MultiPoint"",""coordinates"":[]}"
20160627,-0.005616586832492233,2016-06-27,"{""type"":""MultiPoint"",""coordinates"":[]}"
20160628,-0.004805995999017036,2016-06-28,"{""type"":""MultiPoint"",""coordinates"":[]}"
20160629,-0.00283061080663506,2016-06-29,"{""type"":""MultiPoint"",""coordinates"":[]}"
20160630,-0.00486455719912269,2016-06-30,"{""type"":""MultiPoint"",""coordinates"":[]}"
20160701,-0.004286918705325806,2016-07-01,"{""type"":""MultiPoint"",""coordinates"":[]}"
20160702,-0.0049302253344850385,2016-07-02,"{""type"":""MultiPoint"",""coordinates"":[]}"
20160703,-0.006187353292170043,2016-07-03,"{""type"":""MultiPoint"",""coordinates"":[]}"
20160704,-0.007493479360911573,2016-07-04,"{""type"":""MultiPoint"",""coordinates"":[]}"
20160705,-0.008153612716394722,2016-07-05,"{""type"":""MultiPoint"",""coordinates"":[]}"
20160706,-0.007442845066933191,2016-07-06,"{""type"":""MultiPoint"",""coordinates"":[]}"
20160707,-0.007478321590409029,2016-07-07,"{""type"":""MultiPoint"",""coordinates"":[]}"
20160708,-0.007723970063872981,2016-07-08,"{""type"":""MultiPoint"",""coordinates"":[]}"
20160709,-0.005116782482067563,2016-07-09,"{""type"":""MultiPoint"",""coordinates"":[]}"
20160710,-0.0036678246050406206,2016-07-10,"{""type"":""MultiPoint"",""coordinates"":[]}"
20160711,-0.003328626724182403,2016-07-11,"{""type"":""MultiPoint"",""coordinates"":[]}"
20160712,-0.007832209707980426,2016-07-12,"{""type"":""MultiPoint"",""coordinates"":[]}"
20160713,-0.008848760819706083,2016-07-13,"{""type"":""MultiPoint"",""coordinates"":[]}"
20160714,-0.008528771239115036,2016-07-14,"{""type"":""MultiPoint"",""coordinates"":[]}"
20160715,-0.008891460894662853,2016-07-15,"{""type"":""MultiPoint"",""coordinates"":[]}"
20160716,-0.007034164660175355,2016-07-16,"{""type"":""MultiPoint"",""coordinates"":[]}"
20160717,-0.006187947189190957,2016-07-17,"{""type"":""MultiPoint"",""coordinates"":[]}"
20160718,-0.006602917213628252,2016-07-18,"{""type"":""MultiPoint"",""coordinates"":[]}"
20160719,-0.004346189517584477,2016-07-19,"{""type"":""MultiPoint"",""coordinates"":[]}"
20160720,-0.004491366298552666,2016-07-20,"{""type"":""MultiPoint"",""coordinates"":[]}"
20160721,-0.004667102155073111,2016-07-21,"{""type"":""MultiPoint"",""coordinates"":[]}"
20160722,-0.0030808020837158265,2016-07-22,"{""type"":""MultiPoint"",""coordinates"":[]}"
20160723,-0.00505062878564018,2016-07-23,"{""type"":""MultiPoint"",""coordinates"":[]}"
20160724,-0.003037363604810757,2016-07-24,"{""type"":""MultiPoint"",""coordinates"":[]}"
20160725,-0.005154260917315209,2016-07-25,"{""type"":""MultiPoint"",""coordinates"":[]}"
20160726,-0.005109165173968184,2016-07-26,"{""type"":""MultiPoint"",""coordinates"":[]}"
20160727,-0.004769966338309324,2016-07-27,"{""type"":""MultiPoint"",""coordinates"":[]}"
20160728,-0.004881788743688959,2016-07-28,"{""type"":""MultiPoint"",""coordinates"":[]}"
20160729,-0.004822705002193715,2016-07-29,"{""type"":""MultiPoint"",""coordinates"":[]}"
20160730,-0.005462984097598022,2016-07-30,"{""type"":""MultiPoint"",""coordinates"":[]}"
20160731,-0.0040132758093566236,2016-07-31,"{""type"":""MultiPoint"",""coordinates"":[]}"
20160801,-0.00433553103066503,2016-08-01,"{""type"":""MultiPoint"",""coordinates"":[]}"
20160802,-0.007859143182741482,2016-08-02,"{""type"":""MultiPoint"",""coordinates"":[]}"
20160803,-0.0042042680722067,2016-08-03,"{""type"":""MultiPoint"",""coordinates"":[]}"
20160804,-0.00527343365869312,2016-08-04,"{""type"":""MultiPoint"",""coordinates"":[]}"
20160805,-0.008591746412740114,2016-08-05,"{""type"":""MultiPoint"",""coordinates"":[]}"
20160806,-0.0067099629207446505,2016-08-06,"{""type"":""MultiPoint"",""coordinates"":[]}"
20160807,-0.008289459328135284,2016-08-07,"{""type"":""MultiPoint"",""coordinates"":[]}"
20160808,-0.008149183203421105,2016-08-08,"{""type"":""MultiPoint"",""coordinates"":[]}"
20160809,-0.00864340195502856,2016-08-09,"{""type"":""MultiPoint"",""coordinates"":[]}"
20160810,-0.008796827354058956,2016-08-10,"{""type"":""MultiPoint"",""coordinates"":[]}"
20160811,-0.00868613092314378,2016-08-11,"{""type"":""MultiPoint"",""coordinates"":[]}"
20160812,-0.008483513269535108,2016-08-12,"{""type"":""MultiPoint"",""coordinates"":[]}"
20160813,-0.008419348784214836,2016-08-13,"{""type"":""MultiPoint"",""coordinates"":[]}"
20160814,-0.008827101223782665,2016-08-14,"{""type"":""MultiPoint"",""coordinates"":[]}"
20160815,-0.00971466303321862,2016-08-15,"{""type"":""MultiPoint"",""coordinates"":[]}"
20160816,-0.009572196582325193,2016-08-16,"{""type"":""MultiPoint"",""coordinates"":[]}"
20160817,-0.009025314860435531,2016-08-17,"{""type"":""MultiPoint"",""coordinates"":[]}"
20160818,-0.00882621466305694,2016-08-18,"{""type"":""MultiPoint"",""coordinates"":[]}"
20160819,-0.008568793296493574,2016-08-19,"{""type"":""MultiPoint"",""coordinates"":[]}"
20160820,-0.009451432975120924,2016-08-20,"{""type"":""MultiPoint"",""coordinates"":[]}"
20160821,-0.00871195627608579,2016-08-21,"{""type"":""MultiPoint"",""coordinates"":[]}"
20160822,-0.008181013781447732,2016-08-22,"{""type"":""MultiPoint"",""coordinates"":[]}"
20160823,-0.00847281893079065,2016-08-23,"{""type"":""MultiPoint"",""coordinates"":[]}"
20160824,-0.008088912864528182,2016-08-24,"{""type"":""MultiPoint"",""coordinates"":[]}"
20160825,-0.006165330454131565,2016-08-25,"{""type"":""MultiPoint"",""coordinates"":[]}"
20160826,-0.007746985789957013,2016-08-26,"{""type"":""MultiPoint"",""coordinates"":[]}"
20160827,-0.006000245694333233,2016-08-27,"{""type"":""MultiPoint"",""coordinates"":[]}"
20160828,-0.005350403863641887,2016-08-28,"{""type"":""MultiPoint"",""coordinates"":[]}"
20160829,-0.005232564613823493,2016-08-29,"{""type"":""MultiPoint"",""coordinates"":[]}"
20160830,-0.0033600527327954004,2016-08-30,"{""type"":""MultiPoint"",""coordinates"":[]}"
20160831,-0.002770093861720358,2016-08-31,"{""type"":""MultiPoint"",""coordinates"":[]}"
20160901,-0.005555361165340317,2016-09-01,"{""type"":""MultiPoint"",""coordinates"":[]}"
20160902,-0.007138667794805133,2016-09-02,"{""type"":""MultiPoint"",""coordinates"":[]}"
20160903,-0.005913796228447815,2016-09-03,"{""type"":""MultiPoint"",""coordinates"":[]}"
20160904,-0.006923075642276393,2016-09-04,"{""type"":""MultiPoint"",""coordinates"":[]}"
20160905,-0.00955854081056099,2016-09-05,"{""type"":""MultiPoint"",""coordinates"":[]}"
20160906,-0.009208630218147572,2016-09-06,"{""type"":""MultiPoint"",""coordinates"":[]}"
20160907,-0.008558384129738202,2016-09-07,"{""type"":""MultiPoint"",""coordinates"":[]}"
20160908,-0.007989091055203915,2016-09-08,"{""type"":""MultiPoint"",""coordinates"":[]}"
20160909,-0.006961067167147877,2016-09-09,"{""type"":""MultiPoint"",""coordinates"":[]}"
20160910,-0.0021866102475857525,2016-09-10,"{""type"":""MultiPoint"",""coordinates"":[]}"
20160911,-0.002330021381588041,2016-09-11,"{""type"":""MultiPoint"",""coordinates"":[]}"
20160912,-0.003451167563401568,2016-09-12,"{""type"":""MultiPoint"",""coordinates"":[]}"
20160913,-0.002404151525582973,2016-09-13,"{""type"":""MultiPoint"",""coordinates"":[]}"
20160914,-0.0015941980233219368,2016-09-14,"{""type"":""MultiPoint"",""coordinates"":[]}"
20160915,-0.0022394582897746315,2016-09-15,"{""type"":""MultiPoint"",""coordinates"":[]}"
20160916,-0.003679646788888873,2016-09-16,"{""type"":""MultiPoint"",""coordinates"":[]}"
20160917,-0.003981178567664734,2016-09-17,"{""type"":""MultiPoint"",""coordinates"":[]}"
20160918,-0.006563692864478739,2016-09-18,"{""type"":""MultiPoint"",""coordinates"":[]}"
20160919,-0.006820525610959551,2016-09-19,"{""type"":""MultiPoint"",""coordinates"":[]}"
20160920,-0.0053576743589962,2016-09-20,"{""type"":""MultiPoint"",""coordinates"":[]}"
20160921,-0.001871666479645443,2016-09-21,"{""type"":""MultiPoint"",""coordinates"":[]}"
20160922,-0.0016649671018749502,2016-09-22,"{""type"":""MultiPoint"",""coordinates"":[]}"
20160923,-9.503672956921138E-4,2016-09-23,"{""type"":""MultiPoint"",""coordinates"":[]}"
20160924,-0.00104136682080996,2016-09-24,"{""type"":""MultiPoint"",""coordinates"":[]}"
20160925,-0.002675532194584717,2016-09-25,"{""type"":""MultiPoint"",""coordinates"":[]}"
20160926,-0.003202994296208407,2016-09-26,"{""type"":""MultiPoint"",""coordinates"":[]}"
20160927,-0.003522511094633483,2016-09-27,"{""type"":""MultiPoint"",""coordinates"":[]}"
20160928,-0.0054490240081592764,2016-09-28,"{""type"":""MultiPoint"",""coordinates"":[]}"
20160929,-0.006101079059444898,2016-09-29,"{""type"":""MultiPoint"",""coordinates"":[]}"
20160930,-0.00563407372592479,2016-09-30,"{""type"":""MultiPoint"",""coordinates"":[]}"
20161001,-0.0026527834444824592,2016-10-01,"{""type"":""MultiPoint"",""coordinates"":[]}"
20161002,-0.0048162799501333155,2016-10-02,"{""type"":""MultiPoint"",""coordinates"":[]}"
20161003,-0.007076490679445742,2016-10-03,"{""type"":""MultiPoint"",""coordinates"":[]}"
20161004,-0.005965558003522914,2016-10-04,"{""type"":""MultiPoint"",""coordinates"":[]}"
20161005,-0.007333125617963445,2016-10-05,"{""type"":""MultiPoint"",""coordinates"":[]}"
20161006,-0.00575119154709787,2016-10-06,"{""type"":""MultiPoint"",""coordinates"":[]}"
20161007,-0.006245761648577363,2016-10-07,"{""type"":""MultiPoint"",""coordinates"":[]}"
20161008,-0.003446420703318135,2016-10-08,"{""type"":""MultiPoint"",""coordinates"":[]}"
20161009,-0.004785872205903745,2016-10-09,"{""type"":""MultiPoint"",""coordinates"":[]}"
20161010,-0.006376686399759336,2016-10-10,"{""type"":""MultiPoint"",""coordinates"":[]}"
20161011,-0.005254250378828556,2016-10-11,"{""type"":""MultiPoint"",""coordinates"":[]}"
20161012,-0.0067015472431496605,2016-10-12,"{""type"":""MultiPoint"",""coordinates"":[]}"
20161013,-0.0068795434330246276,2016-10-13,"{""type"":""MultiPoint"",""coordinates"":[]}"
20161014,-0.007262070433265879,2016-10-14,"{""type"":""MultiPoint"",""coordinates"":[]}"
20161015,-0.007117385812523795,2016-10-15,"{""type"":""MultiPoint"",""coordinates"":[]}"
20161016,-0.006973896510913037,2016-10-16,"{""type"":""MultiPoint"",""coordinates"":[]}"
20161017,-0.007552521441059958,2016-10-17,"{""type"":""MultiPoint"",""coordinates"":[]}"
20161018,-0.00737820971944843,2016-10-18,"{""type"":""MultiPoint"",""coordinates"":[]}"
20161019,-0.007520545494596662,2016-10-19,"{""type"":""MultiPoint"",""coordinates"":[]}"
20161020,-0.007242893305508919,2016-10-20,"{""type"":""MultiPoint"",""coordinates"":[]}"
20161021,-0.007531875352746939,2016-10-21,"{""type"":""MultiPoint"",""coordinates"":[]}"
20161022,-0.0074821196187895575,2016-10-22,"{""type"":""MultiPoint"",""coordinates"":[]}"
20161023,-0.007163841087207969,2016-10-23,"{""type"":""MultiPoint"",""coordinates"":[]}"
20161024,-0.007021264588982124,2016-10-24,"{""type"":""MultiPoint"",""coordinates"":[]}"
20161025,-0.007230731676760266,2016-10-25,"{""type"":""MultiPoint"",""coordinates"":[]}"
20161026,-0.008133415323534858,2016-10-26,"{""type"":""MultiPoint"",""coordinates"":[]}"
20161027,-0.008736499216896659,2016-10-27,"{""type"":""MultiPoint"",""coordinates"":[]}"
20161028,-0.007691134103587867,2016-10-28,"{""type"":""MultiPoint"",""coordinates"":[]}"
20161029,-0.0044565249484818945,2016-10-29,"{""type"":""MultiPoint"",""coordinates"":[]}"
20161030,-0.00496686917012411,2016-10-30,"{""type"":""MultiPoint"",""coordinates"":[]}"
20161031,-0.0032684621378041155,2016-10-31,"{""type"":""MultiPoint"",""coordinates"":[]}"
20161101,-0.007231514408077376,2016-11-01,"{""type"":""MultiPoint"",""coordinates"":[]}"
20161102,-0.007786085578835385,2016-11-02,"{""type"":""MultiPoint"",""coordinates"":[]}"
20161103,-0.007560701192243677,2016-11-03,"{""type"":""MultiPoint"",""coordinates"":[]}"
20161104,-0.008723539715688915,2016-11-04,"{""type"":""MultiPoint"",""coordinates"":[]}"
20161105,-0.00670711470432488,2016-11-05,"{""type"":""MultiPoint"",""coordinates"":[]}"
20161106,-0.006397621178589513,2016-11-06,"{""type"":""MultiPoint"",""coordinates"":[]}"
20161107,-0.008576271695613143,2016-11-07,"{""type"":""MultiPoint"",""coordinates"":[]}"
20161108,-0.007985382317215151,2016-11-08,"{""type"":""MultiPoint"",""coordinates"":[]}"
20161109,-0.007226735512111734,2016-11-09,"{""type"":""MultiPoint"",""coordinates"":[]}"
20161110,-0.007273870751387755,2016-11-10,"{""type"":""MultiPoint"",""coordinates"":[]}"
20161111,-0.007382658057408739,2016-11-11,"{""type"":""MultiPoint"",""coordinates"":[]}"
20161112,-0.006898736562967164,2016-11-12,"{""type"":""MultiPoint"",""coordinates"":[]}"
20161113,-0.0067537970613678775,2016-11-13,"{""type"":""MultiPoint"",""coordinates"":[]}"
20161114,-0.005217790811176056,2016-11-14,"{""type"":""MultiPoint"",""coordinates"":[]}"
20161115,-0.004756001691874565,2016-11-15,"{""type"":""MultiPoint"",""coordinates"":[]}"
20161116,-0.006907264318417607,2016-11-16,"{""type"":""MultiPoint"",""coordinates"":[]}"
20161117,-0.00726629314536134,2016-11-17,"{""type"":""MultiPoint"",""coordinates"":[]}"
20161118,-0.008218041456569273,2016-11-18,"{""type"":""MultiPoint"",""coordinates"":[]}"
20161119,-0.007366752482106565,2016-11-19,"{""type"":""MultiPoint"",""coordinates"":[]}"
20161120,-0.006863936308441207,2016-11-20,"{""type"":""MultiPoint"",""coordinates"":[]}"
20161121,-0.006931582538646889,2016-11-21,"{""type"":""MultiPoint"",""coordinates"":[]}"
20161122,-0.007054875954495724,2016-11-22,"{""type"":""MultiPoint"",""coordinates"":[]}"
20161123,-0.007112522521557036,2016-11-23,"{""type"":""MultiPoint"",""coordinates"":[]}"
20161124,-0.007170065962853263,2016-11-24,"{""type"":""MultiPoint"",""coordinates"":[]}"
20161125,-0.007679232375734254,2016-11-25,"{""type"":""MultiPoint"",""coordinates"":[]}"
20161126,-0.007287336040035654,2016-11-26,"{""type"":""MultiPoint"",""coordinates"":[]}"
20161127,-0.007765819532844473,2016-11-27,"{""type"":""MultiPoint"",""coordinates"":[]}"
20161128,-0.007897305975036475,2016-11-28,"{""type"":""MultiPoint"",""coordinates"":[]}"
20161129,-0.007314585608604567,2016-11-29,"{""type"":""MultiPoint"",""coordinates"":[]}"
20161130,-0.006654979146297059,2016-11-30,"{""type"":""MultiPoint"",""coordinates"":[]}"
20161201,-0.007393354105667014,2016-12-01,"{""type"":""MultiPoint"",""coordinates"":[]}"
20161202,-0.00654004583976344,2016-12-02,"{""type"":""MultiPoint"",""coordinates"":[]}"
20161203,-0.0052244478398993386,2016-12-03,"{""type"":""MultiPoint"",""coordinates"":[]}"
20161204,-0.004695566975303957,2016-12-04,"{""type"":""MultiPoint"",""coordinates"":[]}"
20161205,-0.007125081359015103,2016-12-05,"{""type"":""MultiPoint"",""coordinates"":[]}"
20161206,-0.006686112810196523,2016-12-06,"{""type"":""MultiPoint"",""coordinates"":[]}"
20161207,-0.006366676189568228,2016-12-07,"{""type"":""MultiPoint"",""coordinates"":[]}"
20161208,-0.006863084409260648,2016-12-08,"{""type"":""MultiPoint"",""coordinates"":[]}"
20161209,-0.006892579347155999,2016-12-09,"{""type"":""MultiPoint"",""coordinates"":[]}"
20161210,-0.007713330344195819,2016-12-10,"{""type"":""MultiPoint"",""coordinates"":[]}"
20161211,-0.008678900381795683,2016-12-11,"{""type"":""MultiPoint"",""coordinates"":[]}"
20161212,-0.009313635050920137,2016-12-12,"{""type"":""MultiPoint"",""coordinates"":[]}"
20161213,-0.005052496980150977,2016-12-13,"{""type"":""MultiPoint"",""coordinates"":[]}"
20161214,-0.002844223385894291,2016-12-14,"{""type"":""MultiPoint"",""coordinates"":[]}"
20161215,-0.005243479501737138,2016-12-15,"{""type"":""MultiPoint"",""coordinates"":[]}"
20161216,-0.00505643849980931,2016-12-16,"{""type"":""MultiPoint"",""coordinates"":[]}"
20161217,-0.007183107784454652,2016-12-17,"{""type"":""MultiPoint"",""coordinates"":[]}"
20161218,-0.007715473606511302,2016-12-18,"{""type"":""MultiPoint"",""coordinates"":[]}"
20161219,-0.006800489514368248,2016-12-19,"{""type"":""MultiPoint"",""coordinates"":[]}"
20161220,-0.00620606014933222,2016-12-20,"{""type"":""MultiPoint"",""coordinates"":[]}"
20161221,-0.006384630908771946,2016-12-21,"{""type"":""MultiPoint"",""coordinates"":[]}"
20161222,-0.007057956784319103,2016-12-22,"{""type"":""MultiPoint"",""coordinates"":[]}"
20161223,-0.007469037904651808,2016-12-23,"{""type"":""MultiPoint"",""coordinates"":[]}"
20161224,-0.007079411932448904,2016-12-24,"{""type"":""MultiPoint"",""coordinates"":[]}"
20161225,-0.006526230784402627,2016-12-25,"{""type"":""MultiPoint"",""coordinates"":[]}"
20161226,-0.0070758188481223885,2016-12-26,"{""type"":""MultiPoint"",""coordinates"":[]}"
20161227,-0.00837555795763924,2016-12-27,"{""type"":""MultiPoint"",""coordinates"":[]}"
20161228,-0.006625231847342732,2016-12-28,"{""type"":""MultiPoint"",""coordinates"":[]}"
20161229,-0.006107866118169483,2016-12-29,"{""type"":""MultiPoint"",""coordinates"":[]}"
20161230,-0.006209083406275684,2016-12-30,"{""type"":""MultiPoint"",""coordinates"":[]}"
20161231,-0.0066312950021739075,2016-12-31,"{""type"":""MultiPoint"",""coordinates"":[]}"
20170101,-0.006999325312686775,2017-01-01,"{""type"":""MultiPoint"",""coordinates"":[]}"
20170102,-0.006404037559675451,2017-01-02,"{""type"":""MultiPoint"",""coordinates"":[]}"
20170103,-0.007396176058782418,2017-01-03,"{""type"":""MultiPoint"",""coordinates"":[]}"
20170104,-0.0071069972971547785,2017-01-04,"{""type"":""MultiPoint"",""coordinates"":[]}"
20170105,-0.007006220337616771,2017-01-05,"{""type"":""MultiPoint"",""coordinates"":[]}"
20170106,-0.006517508977014298,2017-01-06,"{""type"":""MultiPoint"",""coordinates"":[]}"
20170107,-0.00682474863832084,2017-01-07,"{""type"":""MultiPoint"",""coordinates"":[]}"
20170108,-0.007028511501024445,2017-01-08,"{""type"":""MultiPoint"",""coordinates"":[]}"
20170109,-0.007195043100459444,2017-01-09,"{""type"":""MultiPoint"",""coordinates"":[]}"
20170110,-0.007094519902747931,2017-01-10,"{""type"":""MultiPoint"",""coordinates"":[]}"
20170111,-0.007431116477452873,2017-01-11,"{""type"":""MultiPoint"",""coordinates"":[]}"
20170112,-0.007475662230327678,2017-01-12,"{""type"":""MultiPoint"",""coordinates"":[]}"
20170113,-0.00805391270337147,2017-01-13,"{""type"":""MultiPoint"",""coordinates"":[]}"
20170114,-0.007386142895034843,2017-01-14,"{""type"":""MultiPoint"",""coordinates"":[]}"
20170115,-0.007338332673795144,2017-01-15,"{""type"":""MultiPoint"",""coordinates"":[]}"
20170116,-0.007568531826339048,2017-01-16,"{""type"":""MultiPoint"",""coordinates"":[]}"
20170117,-0.008084773562519177,2017-01-17,"{""type"":""MultiPoint"",""coordinates"":[]}"
20170118,-0.008802241529294402,2017-01-18,"{""type"":""MultiPoint"",""coordinates"":[]}"
20170119,-0.007290777849076395,2017-01-19,"{""type"":""MultiPoint"",""coordinates"":[]}"
20170120,-0.007822397542007763,2017-01-20,"{""type"":""MultiPoint"",""coordinates"":[]}"
20170121,-0.009011116351641547,2017-01-21,"{""type"":""MultiPoint"",""coordinates"":[]}"
20170122,-0.00806248074377188,2017-01-22,"{""type"":""MultiPoint"",""coordinates"":[]}"
20170123,-0.007601332195425109,2017-01-23,"{""type"":""MultiPoint"",""coordinates"":[]}"
20170124,-0.007822399259903832,2017-01-24,"{""type"":""MultiPoint"",""coordinates"":[]}"
20170125,-0.008273031007630598,2017-01-25,"{""type"":""MultiPoint"",""coordinates"":[]}"
20170126,-0.005861803589997142,2017-01-26,"{""type"":""MultiPoint"",""coordinates"":[]}"
20170127,-0.00738619586947317,2017-01-27,"{""type"":""MultiPoint"",""coordinates"":[]}"
20170128,-0.007310646743170942,2017-01-28,"{""type"":""MultiPoint"",""coordinates"":[]}"
20170129,-0.008178261854290051,2017-01-29,"{""type"":""MultiPoint"",""coordinates"":[]}"
20170130,-0.008026671755017823,2017-01-30,"{""type"":""MultiPoint"",""coordinates"":[]}"
20170131,-0.007807284940669498,2017-01-31,"{""type"":""MultiPoint"",""coordinates"":[]}"
20170201,-0.00884630752270945,2017-02-01,"{""type"":""MultiPoint"",""coordinates"":[]}"
20170202,-0.00914408627540013,2017-02-02,"{""type"":""MultiPoint"",""coordinates"":[]}"
20170203,-0.00851459444671915,2017-02-03,"{""type"":""MultiPoint"",""coordinates"":[]}"
20170204,-0.008690463610546376,2017-02-04,"{""type"":""MultiPoint"",""coordinates"":[]}"
20170205,-0.008430475591147882,2017-02-05,"{""type"":""MultiPoint"",""coordinates"":[]}"
20170206,-0.0075560325949228,2017-02-06,"{""type"":""MultiPoint"",""coordinates"":[]}"
20170207,-0.007911942418023763,2017-02-07,"{""type"":""MultiPoint"",""coordinates"":[]}"
20170208,-0.008644744687555703,2017-02-08,"{""type"":""MultiPoint"",""coordinates"":[]}"
20170209,-0.00917274173024873,2017-02-09,"{""type"":""MultiPoint"",""coordinates"":[]}"
20170210,-0.010634209574960241,2017-02-10,"{""type"":""MultiPoint"",""coordinates"":[]}"
20170211,-0.012185288103199328,2017-02-11,"{""type"":""MultiPoint"",""coordinates"":[]}"
20170212,-0.010117252799429108,2017-02-12,"{""type"":""MultiPoint"",""coordinates"":[]}"
20170213,-0.009398993097555838,2017-02-13,"{""type"":""MultiPoint"",""coordinates"":[]}"
20170214,-0.008848760338502706,2017-02-14,"{""type"":""MultiPoint"",""coordinates"":[]}"
20170215,-0.009007119931023867,2017-02-15,"{""type"":""MultiPoint"",""coordinates"":[]}"
20170216,-0.008833338427237653,2017-02-16,"{""type"":""MultiPoint"",""coordinates"":[]}"
20170217,-0.009600404408905545,2017-02-17,"{""type"":""MultiPoint"",""coordinates"":[]}"
20170218,-0.009449753733499681,2017-02-18,"{""type"":""MultiPoint"",""coordinates"":[]}"
20170219,-0.009566516937584998,2017-02-19,"{""type"":""MultiPoint"",""coordinates"":[]}"
20170220,-0.00895919125070621,2017-02-20,"{""type"":""MultiPoint"",""coordinates"":[]}"
20170221,-0.00921977646678377,2017-02-21,"{""type"":""MultiPoint"",""coordinates"":[]}"
20170222,-0.010111118888608106,2017-02-22,"{""type"":""MultiPoint"",""coordinates"":[]}"
20170223,-0.008792740391920724,2017-02-23,"{""type"":""MultiPoint"",""coordinates"":[]}"
20170224,-0.01005097119588346,2017-02-24,"{""type"":""MultiPoint"",""coordinates"":[]}"
20170225,-0.0108834535455976,2017-02-25,"{""type"":""MultiPoint"",""coordinates"":[]}"
20170226,-0.011126272868695837,2017-02-26,"{""type"":""MultiPoint"",""coordinates"":[]}"
20170227,-0.010306702857290918,2017-02-27,"{""type"":""MultiPoint"",""coordinates"":[]}"
20170228,-0.01054810869730514,2017-02-28,"{""type"":""MultiPoint"",""coordinates"":[]}"
20170301,-0.010995339513752651,2017-03-01,"{""type"":""MultiPoint"",""coordinates"":[]}"
20170302,-0.012111787003630657,2017-03-02,"{""type"":""MultiPoint"",""coordinates"":[]}"
20170303,-0.014157389328234538,2017-03-03,"{""type"":""MultiPoint"",""coordinates"":[]}"
20170304,-0.009700164005307493,2017-03-04,"{""type"":""MultiPoint"",""coordinates"":[]}"
20170305,-0.008627531643241464,2017-03-05,"{""type"":""MultiPoint"",""coordinates"":[]}"
20170306,-0.00916807133322721,2017-03-06,"{""type"":""MultiPoint"",""coordinates"":[]}"
20170307,-0.00926299427171723,2017-03-07,"{""type"":""MultiPoint"",""coordinates"":[]}"
20170308,-0.009784306860043609,2017-03-08,"{""type"":""MultiPoint"",""coordinates"":[]}"
20170309,-0.008268380278322595,2017-03-09,"{""type"":""MultiPoint"",""coordinates"":[]}"
20170310,-0.012324742341543014,2017-03-10,"{""type"":""MultiPoint"",""coordinates"":[]}"
20170311,-0.013081319320468365,2017-03-11,"{""type"":""MultiPoint"",""coordinates"":[]}"
20170312,-0.011229996077268985,2017-03-12,"{""type"":""MultiPoint"",""coordinates"":[]}"
20170313,-0.009889856110487566,2017-03-13,"{""type"":""MultiPoint"",""coordinates"":[]}"
20170314,-0.009031831206556476,2017-03-14,"{""type"":""MultiPoint"",""coordinates"":[]}"
20170315,-0.008479398245633686,2017-03-15,"{""type"":""MultiPoint"",""coordinates"":[]}"
20170316,-0.007681025939791885,2017-03-16,"{""type"":""MultiPoint"",""coordinates"":[]}"
20170317,-0.007715290509711664,2017-03-17,"{""type"":""MultiPoint"",""coordinates"":[]}"
20170318,-0.010011012399984925,2017-03-18,"{""type"":""MultiPoint"",""coordinates"":[]}"
20170319,-0.009459073317339537,2017-03-19,"{""type"":""MultiPoint"",""coordinates"":[]}"
20170320,-0.012615446695155502,2017-03-20,"{""type"":""MultiPoint"",""coordinates"":[]}"
20170321,-0.011232796721612126,2017-03-21,"{""type"":""MultiPoint"",""coordinates"":[]}"
20170322,-0.010176273807681468,2017-03-22,"{""type"":""MultiPoint"",""coordinates"":[]}"
20170323,-0.01142233190093692,2017-03-23,"{""type"":""MultiPoint"",""coordinates"":[]}"
20170324,-0.012154290274166204,2017-03-24,"{""type"":""MultiPoint"",""coordinates"":[]}"
20170325,-0.012328495505003985,2017-03-25,"{""type"":""MultiPoint"",""coordinates"":[]}"
20170326,-0.012346444977228132,2017-03-26,"{""type"":""MultiPoint"",""coordinates"":[]}"
20170327,-0.012685296337788757,2017-03-27,"{""type"":""MultiPoint"",""coordinates"":[]}"
20170328,-0.011656919376842129,2017-03-28,"{""type"":""MultiPoint"",""coordinates"":[]}"
20170329,-0.012623304141592776,2017-03-29,"{""type"":""MultiPoint"",""coordinates"":[]}"
20170330,-0.011327278730650637,2017-03-30,"{""type"":""MultiPoint"",""coordinates"":[]}"
20170331,-0.013163568423050807,2017-03-31,"{""type"":""MultiPoint"",""coordinates"":[]}"
20170401,-0.01309952601375042,2017-04-01,"{""type"":""MultiPoint"",""coordinates"":[]}"
20170402,-0.012982891906752751,2017-04-02,"{""type"":""MultiPoint"",""coordinates"":[]}"
20170403,-0.01217982640959575,2017-04-03,"{""type"":""MultiPoint"",""coordinates"":[]}"
20170404,-0.01055293018116698,2017-04-04,"{""type"":""MultiPoint"",""coordinates"":[]}"
20170405,-0.010037113589415222,2017-04-05,"{""type"":""MultiPoint"",""coordinates"":[]}"
20170406,-0.010954404982846352,2017-04-06,"{""type"":""MultiPoint"",""coordinates"":[]}"
20170407,-0.01068863713262955,2017-04-07,"{""type"":""MultiPoint"",""coordinates"":[]}"
20170408,-0.011626772960663691,2017-04-08,"{""type"":""MultiPoint"",""coordinates"":[]}"
20170409,-0.011119195114233042,2017-04-09,"{""type"":""MultiPoint"",""coordinates"":[]}"
20170410,-0.010368266628648525,2017-04-10,"{""type"":""MultiPoint"",""coordinates"":[]}"
20170411,-0.012666577699526014,2017-04-11,"{""type"":""MultiPoint"",""coordinates"":[]}"
20170412,-0.012024864192726543,2017-04-12,"{""type"":""MultiPoint"",""coordinates"":[]}"
20170413,-0.012976234621749858,2017-04-13,"{""type"":""MultiPoint"",""coordinates"":[]}"
20170414,-0.012783227137508152,2017-04-14,"{""type"":""MultiPoint"",""coordinates"":[]}"
20170415,-0.013894985594599544,2017-04-15,"{""type"":""MultiPoint"",""coordinates"":[]}"
20170416,-0.014244652324160908,2017-04-16,"{""type"":""MultiPoint"",""coordinates"":[]}"
20170417,-0.01572879146991151,2017-04-17,"{""type"":""MultiPoint"",""coordinates"":[]}"
20170418,-0.01237335547902936,2017-04-18,"{""type"":""MultiPoint"",""coordinates"":[]}"
20170419,-0.013133545984421744,2017-04-19,"{""type"":""MultiPoint"",""coordinates"":[]}"
20170420,-0.01174116838085284,2017-04-20,"{""type"":""MultiPoint"",""coordinates"":[]}"
20170421,-0.013103758587410632,2017-04-21,"{""type"":""MultiPoint"",""coordinates"":[]}"
20170422,-0.015327175984543227,2017-04-22,"{""type"":""MultiPoint"",""coordinates"":[]}"
20170423,-0.014681434005100262,2017-04-23,"{""type"":""MultiPoint"",""coordinates"":[]}"
20170424,-0.014211244804315796,2017-04-24,"{""type"":""MultiPoint"",""coordinates"":[]}"
20170425,-0.013782755289102742,2017-04-25,"{""type"":""MultiPoint"",""coordinates"":[]}"
20170426,-0.012498726734800023,2017-04-26,"{""type"":""MultiPoint"",""coordinates"":[]}"
20170427,-0.01286111526708761,2017-04-27,"{""type"":""MultiPoint"",""coordinates"":[]}"
20170428,-0.013721700507360947,2017-04-28,"{""type"":""MultiPoint"",""coordinates"":[]}"
20170429,-0.012720199637517037,2017-04-29,"{""type"":""MultiPoint"",""coordinates"":[]}"
20170430,-0.012495539965258382,2017-04-30,"{""type"":""MultiPoint"",""coordinates"":[]}"
20170501,-0.010778072468905086,2017-05-01,"{""type"":""MultiPoint"",""coordinates"":[]}"
20170502,-0.011265370769727293,2017-05-02,"{""type"":""MultiPoint"",""coordinates"":[]}"
20170503,-0.011288334266927779,2017-05-03,"{""type"":""MultiPoint"",""coordinates"":[]}"
20170504,-0.01200910247550333,2017-05-04,"{""type"":""MultiPoint"",""coordinates"":[]}"
20170505,-0.011819468617043132,2017-05-05,"{""type"":""MultiPoint"",""coordinates"":[]}"
20170506,-0.01152704301865291,2017-05-06,"{""type"":""MultiPoint"",""coordinates"":[]}"
20170507,-0.010619045934086914,2017-05-07,"{""type"":""MultiPoint"",""coordinates"":[]}"
20170508,-0.010854953325252001,2017-05-08,"{""type"":""MultiPoint"",""coordinates"":[]}"
20170509,-0.012380314753303345,2017-05-09,"{""type"":""MultiPoint"",""coordinates"":[]}"
20170510,-0.011512801144586427,2017-05-10,"{""type"":""MultiPoint"",""coordinates"":[]}"
20170511,-0.010931441732767081,2017-05-11,"{""type"":""MultiPoint"",""coordinates"":[]}"
20170512,-0.012405265333760638,2017-05-12,"{""type"":""MultiPoint"",""coordinates"":[]}"
20170513,-0.011580914453145751,2017-05-13,"{""type"":""MultiPoint"",""coordinates"":[]}"
20170514,-0.013032357411118292,2017-05-14,"{""type"":""MultiPoint"",""coordinates"":[]}"
20170515,-0.01561918689117387,2017-05-15,"{""type"":""MultiPoint"",""coordinates"":[]}"
20170516,-0.014742205151599264,2017-05-16,"{""type"":""MultiPoint"",""coordinates"":[]}"
20170517,-0.014311079848906198,2017-05-17,"{""type"":""MultiPoint"",""coordinates"":[]}"
20170518,-0.014979719805207825,2017-05-18,"{""type"":""MultiPoint"",""coordinates"":[]}"
20170519,-0.015802063806324523,2017-05-19,"{""type"":""MultiPoint"",""coordinates"":[]}"
20170520,-0.015791620477544125,2017-05-20,"{""type"":""MultiPoint"",""coordinates"":[]}"
20170521,-0.014910339391752105,2017-05-21,"{""type"":""MultiPoint"",""coordinates"":[]}"
20170522,-0.015451166421004874,2017-05-22,"{""type"":""MultiPoint"",""coordinates"":[]}"
20170523,-0.015099497579739458,2017-05-23,"{""type"":""MultiPoint"",""coordinates"":[]}"
20170524,-0.014886959152865633,2017-05-24,"{""type"":""MultiPoint"",""coordinates"":[]}"
20170525,-0.013604382134123665,2017-05-25,"{""type"":""MultiPoint"",""coordinates"":[]}"
20170526,-0.01207767498837674,2017-05-26,"{""type"":""MultiPoint"",""coordinates"":[]}"
20170527,-0.012626642887580095,2017-05-27,"{""type"":""MultiPoint"",""coordinates"":[]}"
20170528,-0.013900768498755168,2017-05-28,"{""type"":""MultiPoint"",""coordinates"":[]}"
20170529,-0.016892278078379862,2017-05-29,"{""type"":""MultiPoint"",""coordinates"":[]}"
20170530,-0.017672106060331188,2017-05-30,"{""type"":""MultiPoint"",""coordinates"":[]}"
20170531,-0.013736211985711025,2017-05-31,"{""type"":""MultiPoint"",""coordinates"":[]}"
20170601,-0.011377857380132833,2017-06-01,"{""type"":""MultiPoint"",""coordinates"":[]}"
20170602,-0.010354160950971825,2017-06-02,"{""type"":""MultiPoint"",""coordinates"":[]}"
20170603,-0.011301396572580927,2017-06-03,"{""type"":""MultiPoint"",""coordinates"":[]}"
20170604,-0.009831396769650742,2017-06-04,"{""type"":""MultiPoint"",""coordinates"":[]}"
20170605,-0.011093895353975727,2017-06-05,"{""type"":""MultiPoint"",""coordinates"":[]}"
20170606,-0.008074041185113182,2017-06-06,"{""type"":""MultiPoint"",""coordinates"":[]}"
20170607,-0.007593956380328752,2017-06-07,"{""type"":""MultiPoint"",""coordinates"":[]}"
20170608,-0.007862114172305134,2017-06-08,"{""type"":""MultiPoint"",""coordinates"":[]}"
20170609,-0.008668293091811372,2017-06-09,"{""type"":""MultiPoint"",""coordinates"":[]}"
20170610,-0.005125994078435921,2017-06-10,"{""type"":""MultiPoint"",""coordinates"":[]}"
20170611,-0.005276132605048167,2017-06-11,"{""type"":""MultiPoint"",""coordinates"":[]}"
20170612,-0.0064895849171539306,2017-06-12,"{""type"":""MultiPoint"",""coordinates"":[]}"
20170613,-0.0018797242636233358,2017-06-13,"{""type"":""MultiPoint"",""coordinates"":[]}"
20170614,-0.0040018814364243685,2017-06-14,"{""type"":""MultiPoint"",""coordinates"":[]}"
20170615,-0.004175663849064059,2017-06-15,"{""type"":""MultiPoint"",""coordinates"":[]}"
20170616,-0.0031367940855756933,2017-06-16,"{""type"":""MultiPoint"",""coordinates"":[]}"
20170617,-0.005024750759865702,2017-06-17,"{""type"":""MultiPoint"",""coordinates"":[]}"
20170618,-0.004982192042593044,2017-06-18,"{""type"":""MultiPoint"",""coordinates"":[]}"
20170619,-0.0024770797488018743,2017-06-19,"{""type"":""MultiPoint"",""coordinates"":[]}"
20170620,-0.007125130168094879,2017-06-20,"{""type"":""MultiPoint"",""coordinates"":[]}"
20170621,-0.009907336198928189,2017-06-21,"{""type"":""MultiPoint"",""coordinates"":[]}"
20170622,-0.01094491796506644,2017-06-22,"{""type"":""MultiPoint"",""coordinates"":[]}"
20170623,-0.00848760093345414,2017-06-23,"{""type"":""MultiPoint"",""coordinates"":[]}"
20170624,-0.008940306100551177,2017-06-24,"{""type"":""MultiPoint"",""coordinates"":[]}"
20170625,-0.00724168480466473,2017-06-25,"{""type"":""MultiPoint"",""coordinates"":[]}"
20170626,-0.005082126199246655,2017-06-26,"{""type"":""MultiPoint"",""coordinates"":[]}"
20170627,-0.0057938526815248265,2017-06-27,"{""type"":""MultiPoint"",""coordinates"":[]}"
20170628,-0.007252101572881246,2017-06-28,"{""type"":""MultiPoint"",""coordinates"":[]}"
20170629,-0.007859585198781268,2017-06-29,"{""type"":""MultiPoint"",""coordinates"":[]}"
20170630,-0.009948202644523431,2017-06-30,"{""type"":""MultiPoint"",""coordinates"":[]}"
20170701,-0.009169418932893704,2017-07-01,"{""type"":""MultiPoint"",""coordinates"":[]}"
20170702,-0.009381980913741633,2017-07-02,"{""type"":""MultiPoint"",""coordinates"":[]}"
20170703,-0.00886788073533043,2017-07-03,"{""type"":""MultiPoint"",""coordinates"":[]}"
20170704,-0.010625094986399282,2017-07-04,"{""type"":""MultiPoint"",""coordinates"":[]}"
20170705,-0.00992106018359996,2017-07-05,"{""type"":""MultiPoint"",""coordinates"":[]}"
20170706,-0.006737537825641306,2017-07-06,"{""type"":""MultiPoint"",""coordinates"":[]}"
20170707,-0.007763958073939191,2017-07-07,"{""type"":""MultiPoint"",""coordinates"":[]}"
20170708,-0.008279385910793573,2017-07-08,"{""type"":""MultiPoint"",""coordinates"":[]}"
20170709,-0.006402265151957286,2017-07-09,"{""type"":""MultiPoint"",""coordinates"":[]}"
20170710,-0.007252802343931125,2017-07-10,"{""type"":""MultiPoint"",""coordinates"":[]}"
20170711,-0.005617564374496301,2017-07-11,"{""type"":""MultiPoint"",""coordinates"":[]}"
20170712,-0.005895347120735893,2017-07-12,"{""type"":""MultiPoint"",""coordinates"":[]}"
20170713,-0.007087558382961659,2017-07-13,"{""type"":""MultiPoint"",""coordinates"":[]}"
20170714,-0.0070171426661764895,2017-07-14,"{""type"":""MultiPoint"",""coordinates"":[]}"
20170715,-0.007823016684199822,2017-07-15,"{""type"":""MultiPoint"",""coordinates"":[]}"
20170716,-0.005226043384109141,2017-07-16,"{""type"":""MultiPoint"",""coordinates"":[]}"
20170717,-0.0024592308522753473,2017-07-17,"{""type"":""MultiPoint"",""coordinates"":[]}"
20170718,-0.0026723573680452824,2017-07-18,"{""type"":""MultiPoint"",""coordinates"":[]}"
20170719,-0.0040978055098545175,2017-07-19,"{""type"":""MultiPoint"",""coordinates"":[]}"
20170720,-0.008004603236963354,2017-07-20,"{""type"":""MultiPoint"",""coordinates"":[]}"
20170721,-0.009851775095292073,2017-07-21,"{""type"":""MultiPoint"",""coordinates"":[]}"
20170722,-0.010339803533298959,2017-07-22,"{""type"":""MultiPoint"",""coordinates"":[]}"
20170723,-0.010000176161348816,2017-07-23,"{""type"":""MultiPoint"",""coordinates"":[]}"
20170724,-0.00956346930831123,2017-07-24,"{""type"":""MultiPoint"",""coordinates"":[]}"
20170725,-0.009266363622705224,2017-07-25,"{""type"":""MultiPoint"",""coordinates"":[]}"
20170726,-0.009090103597551628,2017-07-26,"{""type"":""MultiPoint"",""coordinates"":[]}"
20170727,-0.008770319486768093,2017-07-27,"{""type"":""MultiPoint"",""coordinates"":[]}"
20170728,-0.007810436155179961,2017-07-28,"{""type"":""MultiPoint"",""coordinates"":[]}"
20170729,-0.007818401271339271,2017-07-29,"{""type"":""MultiPoint"",""coordinates"":[]}"
20170730,-0.008574408399597538,2017-07-30,"{""type"":""MultiPoint"",""coordinates"":[]}"
20170731,-0.008830460507064578,2017-07-31,"{""type"":""MultiPoint"",""coordinates"":[]}"
20170801,-0.009223507192196802,2017-08-01,"{""type"":""MultiPoint"",""coordinates"":[]}"
20170802,-0.00958333589619977,2017-08-02,"{""type"":""MultiPoint"",""coordinates"":[]}"
20170803,-0.009367677237483189,2017-08-03,"{""type"":""MultiPoint"",""coordinates"":[]}"
20170804,-0.006710742756769684,2017-08-04,"{""type"":""MultiPoint"",""coordinates"":[]}"
20170805,-0.00703514848172831,2017-08-05,"{""type"":""MultiPoint"",""coordinates"":[]}"
20170806,-0.007459742126253639,2017-08-06,"{""type"":""MultiPoint"",""coordinates"":[]}"
20170807,-0.006260630107344706,2017-08-07,"{""type"":""MultiPoint"",""coordinates"":[]}"
20170808,-0.005607703787976789,2017-08-08,"{""type"":""MultiPoint"",""coordinates"":[]}"
20170809,-0.0029600804804441787,2017-08-09,"{""type"":""MultiPoint"",""coordinates"":[]}"
20170810,-0.006001330349105233,2017-08-10,"{""type"":""MultiPoint"",""coordinates"":[]}"
20170811,-0.006173818019786136,2017-08-11,"{""type"":""MultiPoint"",""coordinates"":[]}"
20170812,-0.006048922552460758,2017-08-12,"{""type"":""MultiPoint"",""coordinates"":[]}"
20170813,-0.0049647246838445515,2017-08-13,"{""type"":""MultiPoint"",""coordinates"":[]}"
20170814,-0.005677888394730843,2017-08-14,"{""type"":""MultiPoint"",""coordinates"":[]}"
20170815,-0.005875302667504592,2017-08-15,"{""type"":""MultiPoint"",""coordinates"":[]}"
20170816,-0.005024319568884025,2017-08-16,"{""type"":""MultiPoint"",""coordinates"":[]}"
20170817,-0.005052086373187188,2017-08-17,"{""type"":""MultiPoint"",""coordinates"":[]}"
20170818,-0.0037681947616051785,2017-08-18,"{""type"":""MultiPoint"",""coordinates"":[]}"
20170819,-0.0029747624446503393,2017-08-19,"{""type"":""MultiPoint"",""coordinates"":[]}"
20170820,-0.0040211575683618455,2017-08-20,"{""type"":""MultiPoint"",""coordinates"":[]}"
20170821,-0.005778917728832573,2017-08-21,"{""type"":""MultiPoint"",""coordinates"":[]}"
20170822,-0.006211090891313997,2017-08-22,"{""type"":""MultiPoint"",""coordinates"":[]}"
20170823,-0.00693581268673162,2017-08-23,"{""type"":""MultiPoint"",""coordinates"":[]}"
20170824,-0.004902812925450398,2017-08-24,"{""type"":""MultiPoint"",""coordinates"":[]}"
20170825,-0.004052808555388302,2017-08-25,"{""type"":""MultiPoint"",""coordinates"":[]}"
20170826,-0.005299478174317673,2017-08-26,"{""type"":""MultiPoint"",""coordinates"":[]}"
20170827,-0.0028861124749789465,2017-08-27,"{""type"":""MultiPoint"",""coordinates"":[]}"
20170828,-0.002355054272193999,2017-08-28,"{""type"":""MultiPoint"",""coordinates"":[]}"
20170829,-0.004906176385732884,2017-08-29,"{""type"":""MultiPoint"",""coordinates"":[]}"
20170830,-0.007377257163541817,2017-08-30,"{""type"":""MultiPoint"",""coordinates"":[]}"
20170831,-0.007569545056093304,2017-08-31,"{""type"":""MultiPoint"",""coordinates"":[]}"
20170901,-0.007418063165335672,2017-09-01,"{""type"":""MultiPoint"",""coordinates"":[]}"
20170902,-0.0067997419934786064,2017-09-02,"{""type"":""MultiPoint"",""coordinates"":[]}"
20170903,-0.0063003490843622995,2017-09-03,"{""type"":""MultiPoint"",""coordinates"":[]}"
20170904,-0.0057147938359667395,2017-09-04,"{""type"":""MultiPoint"",""coordinates"":[]}"
20170905,-0.005609588644853148,2017-09-05,"{""type"":""MultiPoint"",""coordinates"":[]}"
20170906,-0.0032971626620060895,2017-09-06,"{""type"":""MultiPoint"",""coordinates"":[]}"
20170907,-0.005615164125670773,2017-09-07,"{""type"":""MultiPoint"",""coordinates"":[]}"
20170908,-0.005519694154867503,2017-09-08,"{""type"":""MultiPoint"",""coordinates"":[]}"
20170909,-0.00622778048491949,2017-09-09,"{""type"":""MultiPoint"",""coordinates"":[]}"
20170910,-0.007210688435074898,2017-09-10,"{""type"":""MultiPoint"",""coordinates"":[]}"
20170911,-0.007034690200859047,2017-09-11,"{""type"":""MultiPoint"",""coordinates"":[]}"
20170912,-0.006565884878440045,2017-09-12,"{""type"":""MultiPoint"",""coordinates"":[]}"
20170913,-0.006236227438095348,2017-09-13,"{""type"":""MultiPoint"",""coordinates"":[]}"
20170914,-0.005093350049999734,2017-09-14,"{""type"":""MultiPoint"",""coordinates"":[]}"
20170915,-0.006385608664833908,2017-09-15,"{""type"":""MultiPoint"",""coordinates"":[]}"
20170916,-0.006171013757259259,2017-09-16,"{""type"":""MultiPoint"",""coordinates"":[]}"
20170917,-0.005166397603119486,2017-09-17,"{""type"":""MultiPoint"",""coordinates"":[]}"
20170918,-0.005522940366531374,2017-09-18,"{""type"":""MultiPoint"",""coordinates"":[]}"
20170919,-0.007264152737668498,2017-09-19,"{""type"":""MultiPoint"",""coordinates"":[]}"
20170920,-0.006393351804202254,2017-09-20,"{""type"":""MultiPoint"",""coordinates"":[]}"
20170921,-0.006173502480293536,2017-09-21,"{""type"":""MultiPoint"",""coordinates"":[]}"
20170922,-0.0051434844293923795,2017-09-22,"{""type"":""MultiPoint"",""coordinates"":[]}"
20170923,-0.005539326550539664,2017-09-23,"{""type"":""MultiPoint"",""coordinates"":[]}"
20170924,-0.005742143590613758,2017-09-24,"{""type"":""MultiPoint"",""coordinates"":[]}"
20170925,-0.005714288460033091,2017-09-25,"{""type"":""MultiPoint"",""coordinates"":[]}"
20170926,-0.005954915713443572,2017-09-26,"{""type"":""MultiPoint"",""coordinates"":[]}"
20170927,-0.0050813854599096875,2017-09-27,"{""type"":""MultiPoint"",""coordinates"":[]}"
20170928,-0.004072089728008802,2017-09-28,"{""type"":""MultiPoint"",""coordinates"":[]}"
20170929,-0.00444397006108267,2017-09-29,"{""type"":""MultiPoint"",""coordinates"":[]}"
20170930,-0.004604463977644138,2017-09-30,"{""type"":""MultiPoint"",""coordinates"":[]}"
20171001,-0.005177693589519047,2017-10-01,"{""type"":""MultiPoint"",""coordinates"":[]}"
20171002,-0.004450735841769913,2017-10-02,"{""type"":""MultiPoint"",""coordinates"":[]}"
20171003,-0.00400138728355059,2017-10-03,"{""type"":""MultiPoint"",""coordinates"":[]}"
20171004,-0.004641228240638225,2017-10-04,"{""type"":""MultiPoint"",""coordinates"":[]}"
20171005,-0.0032118765427023733,2017-10-05,"{""type"":""MultiPoint"",""coordinates"":[]}"
20171006,-0.004294709461165683,2017-10-06,"{""type"":""MultiPoint"",""coordinates"":[]}"
20171007,-0.0038683088062080166,2017-10-07,"{""type"":""MultiPoint"",""coordinates"":[]}"
20171008,-0.003402141821026042,2017-10-08,"{""type"":""MultiPoint"",""coordinates"":[]}"
20171009,-0.004053411156912687,2017-10-09,"{""type"":""MultiPoint"",""coordinates"":[]}"
20171010,-0.004155095771269885,2017-10-10,"{""type"":""MultiPoint"",""coordinates"":[]}"
20171011,-0.0035631361490545427,2017-10-11,"{""type"":""MultiPoint"",""coordinates"":[]}"
20171012,-0.004455061960901597,2017-10-12,"{""type"":""MultiPoint"",""coordinates"":[]}"
20171013,-0.003940156843326823,2017-10-13,"{""type"":""MultiPoint"",""coordinates"":[]}"
20171014,-0.004173494924482758,2017-10-14,"{""type"":""MultiPoint"",""coordinates"":[]}"
20171015,-0.004459517742302066,2017-10-15,"{""type"":""MultiPoint"",""coordinates"":[]}"
20171016,-0.0067346540399094755,2017-10-16,"{""type"":""MultiPoint"",""coordinates"":[]}"
20171017,-0.007249159541050445,2017-10-17,"{""type"":""MultiPoint"",""coordinates"":[]}"
20171018,-0.008009191419300753,2017-10-18,"{""type"":""MultiPoint"",""coordinates"":[]}"
20171019,-0.007391182620618053,2017-10-19,"{""type"":""MultiPoint"",""coordinates"":[]}"
20171020,-0.007858138746280482,2017-10-20,"{""type"":""MultiPoint"",""coordinates"":[]}"
20171021,-0.005660986426359784,2017-10-21,"{""type"":""MultiPoint"",""coordinates"":[]}"
20171022,-0.00516105795464564,2017-10-22,"{""type"":""MultiPoint"",""coordinates"":[]}"
20171023,-0.004918757782781556,2017-10-23,"{""type"":""MultiPoint"",""coordinates"":[]}"
20171024,-0.005915765125787061,2017-10-24,"{""type"":""MultiPoint"",""coordinates"":[]}"
20171025,-0.005689093958047971,2017-10-25,"{""type"":""MultiPoint"",""coordinates"":[]}"
20171026,-0.005338968259030826,2017-10-26,"{""type"":""MultiPoint"",""coordinates"":[]}"
20171027,-0.006452272106366405,2017-10-27,"{""type"":""MultiPoint"",""coordinates"":[]}"
20171028,-0.0050844856064785745,2017-10-28,"{""type"":""MultiPoint"",""coordinates"":[]}"
20171029,-0.006661678666986324,2017-10-29,"{""type"":""MultiPoint"",""coordinates"":[]}"
20171030,-0.007628715668303445,2017-10-30,"{""type"":""MultiPoint"",""coordinates"":[]}"
20171031,-0.0075709257664330395,2017-10-31,"{""type"":""MultiPoint"",""coordinates"":[]}"
20171101,-0.0077296489264248374,2017-11-01,"{""type"":""MultiPoint"",""coordinates"":[]}"
20171102,-0.008049158455263881,2017-11-02,"{""type"":""MultiPoint"",""coordinates"":[]}"
20171103,-0.007792992673587978,2017-11-03,"{""type"":""MultiPoint"",""coordinates"":[]}"
20171104,-0.008023739949069306,2017-11-04,"{""type"":""MultiPoint"",""coordinates"":[]}"
20171105,-0.007434620029544118,2017-11-05,"{""type"":""MultiPoint"",""coordinates"":[]}"
20171106,-0.007293608287359671,2017-11-06,"{""type"":""MultiPoint"",""coordinates"":[]}"
20171107,-0.005999321425889717,2017-11-07,"{""type"":""MultiPoint"",""coordinates"":[]}"
20171108,-0.0065742969105313616,2017-11-08,"{""type"":""MultiPoint"",""coordinates"":[]}"
20171109,-0.007260267624204727,2017-11-09,"{""type"":""MultiPoint"",""coordinates"":[]}"
20171110,-0.007335159657201328,2017-11-10,"{""type"":""MultiPoint"",""coordinates"":[]}"
20171111,-0.008074042240345627,2017-11-11,"{""type"":""MultiPoint"",""coordinates"":[]}"
20171112,-0.007374916293350696,2017-11-12,"{""type"":""MultiPoint"",""coordinates"":[]}"
20171113,-0.007560494855028263,2017-11-13,"{""type"":""MultiPoint"",""coordinates"":[]}"
20171114,-0.006621243478499422,2017-11-14,"{""type"":""MultiPoint"",""coordinates"":[]}"
20171115,-0.007940633219899502,2017-11-15,"{""type"":""MultiPoint"",""coordinates"":[]}"
20171116,-0.007924431679992561,2017-11-16,"{""type"":""MultiPoint"",""coordinates"":[]}"
20171117,-0.006823825286492154,2017-11-17,"{""type"":""MultiPoint"",""coordinates"":[]}"
20171118,-0.005549687970743371,2017-11-18,"{""type"":""MultiPoint"",""coordinates"":[]}"
20171119,-0.00458089223968133,2017-11-19,"{""type"":""MultiPoint"",""coordinates"":[]}"
20171120,-0.005800343544511797,2017-11-20,"{""type"":""MultiPoint"",""coordinates"":[]}"
20171121,-0.005393539079018265,2017-11-21,"{""type"":""MultiPoint"",""coordinates"":[]}"
20171122,-0.006574750493613828,2017-11-22,"{""type"":""MultiPoint"",""coordinates"":[]}"
20171123,-0.006407251644804606,2017-11-23,"{""type"":""MultiPoint"",""coordinates"":[]}"
20171124,-0.006400045771649284,2017-11-24,"{""type"":""MultiPoint"",""coordinates"":[]}"
20171125,-0.007858406865663577,2017-11-25,"{""type"":""MultiPoint"",""coordinates"":[]}"
20171126,-0.006580647110008906,2017-11-26,"{""type"":""MultiPoint"",""coordinates"":[]}"
20171127,-0.006512299933502181,2017-11-27,"{""type"":""MultiPoint"",""coordinates"":[]}"
20171128,-0.007146423677836038,2017-11-28,"{""type"":""MultiPoint"",""coordinates"":[]}"
20171129,-0.007126911812744778,2017-11-29,"{""type"":""MultiPoint"",""coordinates"":[]}"
20171130,-0.006966409782162954,2017-11-30,"{""type"":""MultiPoint"",""coordinates"":[]}"
20171201,-0.007355549546315118,2017-12-01,"{""type"":""MultiPoint"",""coordinates"":[]}"
20171202,-0.006983903006834955,2017-12-02,"{""type"":""MultiPoint"",""coordinates"":[]}"
20171203,-0.00716274134050092,2017-12-03,"{""type"":""MultiPoint"",""coordinates"":[]}"
20171204,-0.007254342539662438,2017-12-04,"{""type"":""MultiPoint"",""coordinates"":[]}"
20171205,-0.007604902631836915,2017-12-05,"{""type"":""MultiPoint"",""coordinates"":[]}"
20171206,-0.0069018293604738426,2017-12-06,"{""type"":""MultiPoint"",""coordinates"":[]}"
20171207,-0.006566196286568786,2017-12-07,"{""type"":""MultiPoint"",""coordinates"":[]}"
20171208,-0.008545180414865614,2017-12-08,"{""type"":""MultiPoint"",""coordinates"":[]}"
20171209,-0.008159343224642667,2017-12-09,"{""type"":""MultiPoint"",""coordinates"":[]}"
20171210,-0.007413167585466869,2017-12-10,"{""type"":""MultiPoint"",""coordinates"":[]}"
20171211,-0.006190813123984878,2017-12-11,"{""type"":""MultiPoint"",""coordinates"":[]}"
20171212,-0.006368195615630281,2017-12-12,"{""type"":""MultiPoint"",""coordinates"":[]}"
20171213,-0.006936748599831254,2017-12-13,"{""type"":""MultiPoint"",""coordinates"":[]}"
20171214,-0.007651374579597313,2017-12-14,"{""type"":""MultiPoint"",""coordinates"":[]}"
20171215,-0.0064553560708417446,2017-12-15,"{""type"":""MultiPoint"",""coordinates"":[]}"
20171216,-0.007142584154356658,2017-12-16,"{""type"":""MultiPoint"",""coordinates"":[]}"
20171217,-0.007540151980105646,2017-12-17,"{""type"":""MultiPoint"",""coordinates"":[]}"
20171218,-0.008155646058663837,2017-12-18,"{""type"":""MultiPoint"",""coordinates"":[]}"
20171219,-0.008314102582465541,2017-12-19,"{""type"":""MultiPoint"",""coordinates"":[]}"
20171220,-0.007232993392875989,2017-12-20,"{""type"":""MultiPoint"",""coordinates"":[]}"
20171221,-0.006518001971740198,2017-12-21,"{""type"":""MultiPoint"",""coordinates"":[]}"
20171222,-0.007112481610266543,2017-12-22,"{""type"":""MultiPoint"",""coordinates"":[]}"
20171223,-0.006544373361525362,2017-12-23,"{""type"":""MultiPoint"",""coordinates"":[]}"
20171224,-0.005886620687741263,2017-12-24,"{""type"":""MultiPoint"",""coordinates"":[]}"
20171225,-0.0065048312233350605,2017-12-25,"{""type"":""MultiPoint"",""coordinates"":[]}"
20171226,-0.008363347354804611,2017-12-26,"{""type"":""MultiPoint"",""coordinates"":[]}"
20171227,-0.007666895179466596,2017-12-27,"{""type"":""MultiPoint"",""coordinates"":[]}"
20171228,-0.007355621290945041,2017-12-28,"{""type"":""MultiPoint"",""coordinates"":[]}"
20171229,-0.007067676661226806,2017-12-29,"{""type"":""MultiPoint"",""coordinates"":[]}"
20171230,-0.006829342839891619,2017-12-30,"{""type"":""MultiPoint"",""coordinates"":[]}"
20171231,-0.005689631577712645,2017-12-31,"{""type"":""MultiPoint"",""coordinates"":[]}"
20180101,-0.006532425222847529,2018-01-01,"{""type"":""MultiPoint"",""coordinates"":[]}"
20180102,-0.007209385725164258,2018-01-02,"{""type"":""MultiPoint"",""coordinates"":[]}"
20180103,-0.007148413755419681,2018-01-03,"{""type"":""MultiPoint"",""coordinates"":[]}"
20180104,-0.0068312556461468995,2018-01-04,"{""type"":""MultiPoint"",""coordinates"":[]}"
20180105,-0.0074231225848657425,2018-01-05,"{""type"":""MultiPoint"",""coordinates"":[]}"
20180106,-0.006787250725512622,2018-01-06,"{""type"":""MultiPoint"",""coordinates"":[]}"
20180107,-0.007319791677658885,2018-01-07,"{""type"":""MultiPoint"",""coordinates"":[]}"
20180108,-0.007720916436631918,2018-01-08,"{""type"":""MultiPoint"",""coordinates"":[]}"
20180109,-0.006720040434368938,2018-01-09,"{""type"":""MultiPoint"",""coordinates"":[]}"
20180110,-0.007298422811002681,2018-01-10,"{""type"":""MultiPoint"",""coordinates"":[]}"
20180111,-0.006749679285448796,2018-01-11,"{""type"":""MultiPoint"",""coordinates"":[]}"
20180112,-0.007176286303699994,2018-01-12,"{""type"":""MultiPoint"",""coordinates"":[]}"
20180113,-0.008502033380047621,2018-01-13,"{""type"":""MultiPoint"",""coordinates"":[]}"
20180114,-0.008160531855667924,2018-01-14,"{""type"":""MultiPoint"",""coordinates"":[]}"
20180115,-0.006697524593532759,2018-01-15,"{""type"":""MultiPoint"",""coordinates"":[]}"
20180116,-0.00777210949093651,2018-01-16,"{""type"":""MultiPoint"",""coordinates"":[]}"
20180117,-0.008241621403551294,2018-01-17,"{""type"":""MultiPoint"",""coordinates"":[]}"
20180118,-0.008233898129034621,2018-01-18,"{""type"":""MultiPoint"",""coordinates"":[]}"
20180119,-0.007943522580915791,2018-01-19,"{""type"":""MultiPoint"",""coordinates"":[]}"
20180120,-0.007229626068375132,2018-01-20,"{""type"":""MultiPoint"",""coordinates"":[]}"
20180121,-0.00761280467744529,2018-01-21,"{""type"":""MultiPoint"",""coordinates"":[]}"
20180122,-0.007568158738026694,2018-01-22,"{""type"":""MultiPoint"",""coordinates"":[]}"
20180123,-0.006977546274788687,2018-01-23,"{""type"":""MultiPoint"",""coordinates"":[]}"
20180124,-0.007901055543908199,2018-01-24,"{""type"":""MultiPoint"",""coordinates"":[]}"
20180125,-0.007960329742752079,2018-01-25,"{""type"":""MultiPoint"",""coordinates"":[]}"
20180126,-0.007345826881998026,2018-01-26,"{""type"":""MultiPoint"",""coordinates"":[]}"
20180127,-0.0077672761749044495,2018-01-27,"{""type"":""MultiPoint"",""coordinates"":[]}"
20180128,-0.00780744171502332,2018-01-28,"{""type"":""MultiPoint"",""coordinates"":[]}"
20180129,-0.008317663156536455,2018-01-29,"{""type"":""MultiPoint"",""coordinates"":[]}"
20180130,-0.008685238422660847,2018-01-30,"{""type"":""MultiPoint"",""coordinates"":[]}"
20180131,-0.008483640095032358,2018-01-31,"{""type"":""MultiPoint"",""coordinates"":[]}"
20180201,-0.008870026547247695,2018-02-01,"{""type"":""MultiPoint"",""coordinates"":[]}"
20180202,-0.008944238901580394,2018-02-02,"{""type"":""MultiPoint"",""coordinates"":[]}"
20180203,-0.009942829241960851,2018-02-03,"{""type"":""MultiPoint"",""coordinates"":[]}"
20180204,-0.00958944193215076,2018-02-04,"{""type"":""MultiPoint"",""coordinates"":[]}"
20180205,-0.009296400834588516,2018-02-05,"{""type"":""MultiPoint"",""coordinates"":[]}"
20180206,-0.009506955827124203,2018-02-06,"{""type"":""MultiPoint"",""coordinates"":[]}"
20180207,-0.00521348710308284,2018-02-07,"{""type"":""MultiPoint"",""coordinates"":[]}"
20180208,-0.007562769304561567,2018-02-08,"{""type"":""MultiPoint"",""coordinates"":[]}"
20180209,-0.008745515536121231,2018-02-09,"{""type"":""MultiPoint"",""coordinates"":[]}"
20180210,-0.0073704263291248075,2018-02-10,"{""type"":""MultiPoint"",""coordinates"":[]}"
20180211,-0.010395102292147766,2018-02-11,"{""type"":""MultiPoint"",""coordinates"":[]}"
20180212,-0.009655832651201759,2018-02-12,"{""type"":""MultiPoint"",""coordinates"":[]}"
20180213,-0.009291771772782148,2018-02-13,"{""type"":""MultiPoint"",""coordinates"":[]}"
20180214,-0.009455181651903668,2018-02-14,"{""type"":""MultiPoint"",""coordinates"":[]}"
20180215,-0.008881043880566928,2018-02-15,"{""type"":""MultiPoint"",""coordinates"":[]}"
20180216,-0.009154146476723843,2018-02-16,"{""type"":""MultiPoint"",""coordinates"":[]}"
20180217,-0.008670782208811505,2018-02-17,"{""type"":""MultiPoint"",""coordinates"":[]}"
20180218,-0.009157020537645805,2018-02-18,"{""type"":""MultiPoint"",""coordinates"":[]}"
20180219,-0.009624886796790527,2018-02-19,"{""type"":""MultiPoint"",""coordinates"":[]}"
20180220,-0.009203119774450437,2018-02-20,"{""type"":""MultiPoint"",""coordinates"":[]}"
20180221,-0.009324611169169848,2018-02-21,"{""type"":""MultiPoint"",""coordinates"":[]}"
20180222,-0.008945748404763063,2018-02-22,"{""type"":""MultiPoint"",""coordinates"":[]}"
20180223,-0.01143903086233042,2018-02-23,"{""type"":""MultiPoint"",""coordinates"":[]}"
20180224,-0.01216659161597,2018-02-24,"{""type"":""MultiPoint"",""coordinates"":[]}"
20180225,-0.011475481336015163,2018-02-25,"{""type"":""MultiPoint"",""coordinates"":[]}"
20180226,-0.01082486654942053,2018-02-26,"{""type"":""MultiPoint"",""coordinates"":[]}"
20180227,-0.010355016487739477,2018-02-27,"{""type"":""MultiPoint"",""coordinates"":[]}"
20180228,-0.010443543673245887,2018-02-28,"{""type"":""MultiPoint"",""coordinates"":[]}"
20180301,-0.010651719063530362,2018-03-01,"{""type"":""MultiPoint"",""coordinates"":[]}"
20180302,-0.011660862400649095,2018-03-02,"{""type"":""MultiPoint"",""coordinates"":[]}"
20180303,-0.01137285264595195,2018-03-03,"{""type"":""MultiPoint"",""coordinates"":[]}"
20180304,-0.012712299046539914,2018-03-04,"{""type"":""MultiPoint"",""coordinates"":[]}"
20180305,-0.013662670625097342,2018-03-05,"{""type"":""MultiPoint"",""coordinates"":[]}"
20180306,-0.013303551203390225,2018-03-06,"{""type"":""MultiPoint"",""coordinates"":[]}"
20180307,-0.01459939247658115,2018-03-07,"{""type"":""MultiPoint"",""coordinates"":[]}"
20180308,-0.013589884395992822,2018-03-08,"{""type"":""MultiPoint"",""coordinates"":[]}"
20180309,-0.012165043728901172,2018-03-09,"{""type"":""MultiPoint"",""coordinates"":[]}"
20180310,-0.011171593435384658,2018-03-10,"{""type"":""MultiPoint"",""coordinates"":[]}"
20180311,-0.010908618635811195,2018-03-11,"{""type"":""MultiPoint"",""coordinates"":[]}"
20180312,-0.012480440087403155,2018-03-12,"{""type"":""MultiPoint"",""coordinates"":[]}"
20180313,-0.011890412072369625,2018-03-13,"{""type"":""MultiPoint"",""coordinates"":[]}"
20180314,-0.013291032239375621,2018-03-14,"{""type"":""MultiPoint"",""coordinates"":[]}"
20180315,-0.010515813661465334,2018-03-15,"{""type"":""MultiPoint"",""coordinates"":[]}"
20180316,-0.007059931515706045,2018-03-16,"{""type"":""MultiPoint"",""coordinates"":[]}"
20180317,-0.006738661306851349,2018-03-17,"{""type"":""MultiPoint"",""coordinates"":[]}"
20180318,-0.01010031163238591,2018-03-18,"{""type"":""MultiPoint"",""coordinates"":[]}"
20180319,-0.011062283978369737,2018-03-19,"{""type"":""MultiPoint"",""coordinates"":[]}"
20180320,-0.011472117888306056,2018-03-20,"{""type"":""MultiPoint"",""coordinates"":[]}"
20180321,-0.01132081130242352,2018-03-21,"{""type"":""MultiPoint"",""coordinates"":[]}"
20180322,-0.013666053490915112,2018-03-22,"{""type"":""MultiPoint"",""coordinates"":[]}"
20180323,-0.011137122379386863,2018-03-23,"{""type"":""MultiPoint"",""coordinates"":[]}"
20180324,-0.01030475953435907,2018-03-24,"{""type"":""MultiPoint"",""coordinates"":[]}"
20180325,-0.011357044226077948,2018-03-25,"{""type"":""MultiPoint"",""coordinates"":[]}"
20180326,-0.010583935138063985,2018-03-26,"{""type"":""MultiPoint"",""coordinates"":[]}"
20180327,-0.011838142071395046,2018-03-27,"{""type"":""MultiPoint"",""coordinates"":[]}"
20180328,-0.012525450722791936,2018-03-28,"{""type"":""MultiPoint"",""coordinates"":[]}"
20180329,-0.012368637487578524,2018-03-29,"{""type"":""MultiPoint"",""coordinates"":[]}"
20180330,-0.01137831762074168,2018-03-30,"{""type"":""MultiPoint"",""coordinates"":[]}"
20180331,-0.011411696514108139,2018-03-31,"{""type"":""MultiPoint"",""coordinates"":[]}"
20180401,-0.009800550732343285,2018-04-01,"{""type"":""MultiPoint"",""coordinates"":[]}"
20180402,-0.010138648415405089,2018-04-02,"{""type"":""MultiPoint"",""coordinates"":[]}"
20180403,-0.010573408234190942,2018-04-03,"{""type"":""MultiPoint"",""coordinates"":[]}"
20180404,-0.010037023377751822,2018-04-04,"{""type"":""MultiPoint"",""coordinates"":[]}"
20180405,-0.01001184098936328,2018-04-05,"{""type"":""MultiPoint"",""coordinates"":[]}"
20180406,-0.009029752752246585,2018-04-06,"{""type"":""MultiPoint"",""coordinates"":[]}"
20180407,-0.007705496373187855,2018-04-07,"{""type"":""MultiPoint"",""coordinates"":[]}"
20180408,-0.008638802965328917,2018-04-08,"{""type"":""MultiPoint"",""coordinates"":[]}"
20180409,-0.010124238581800265,2018-04-09,"{""type"":""MultiPoint"",""coordinates"":[]}"
20180410,-0.00973204797378053,2018-04-10,"{""type"":""MultiPoint"",""coordinates"":[]}"
20180411,-0.008894094681112937,2018-04-11,"{""type"":""MultiPoint"",""coordinates"":[]}"
20180412,-0.009915372997937119,2018-04-12,"{""type"":""MultiPoint"",""coordinates"":[]}"
20180413,-0.01069055996514533,2018-04-13,"{""type"":""MultiPoint"",""coordinates"":[]}"
20180414,-0.009035391565172458,2018-04-14,"{""type"":""MultiPoint"",""coordinates"":[]}"
20180415,-0.00933837056684019,2018-04-15,"{""type"":""MultiPoint"",""coordinates"":[]}"
20180416,-0.010183327969829114,2018-04-16,"{""type"":""MultiPoint"",""coordinates"":[]}"
20180417,-0.010568443645100591,2018-04-17,"{""type"":""MultiPoint"",""coordinates"":[]}"
20180418,-0.010742587874717198,2018-04-18,"{""type"":""MultiPoint"",""coordinates"":[]}"
20180419,-0.011852115940635882,2018-04-19,"{""type"":""MultiPoint"",""coordinates"":[]}"
20180420,-0.012981423218154209,2018-04-20,"{""type"":""MultiPoint"",""coordinates"":[]}"
20180421,-0.012792915089831339,2018-04-21,"{""type"":""MultiPoint"",""coordinates"":[]}"
20180422,-0.010918832132233052,2018-04-22,"{""type"":""MultiPoint"",""coordinates"":[]}"
20180423,-0.012519048686689214,2018-04-23,"{""type"":""MultiPoint"",""coordinates"":[]}"
20180424,-0.011488169578996728,2018-04-24,"{""type"":""MultiPoint"",""coordinates"":[]}"
20180425,-0.01212502898208856,2018-04-25,"{""type"":""MultiPoint"",""coordinates"":[]}"
20180426,-0.011409196903925,2018-04-26,"{""type"":""MultiPoint"",""coordinates"":[]}"
20180427,-0.012512384614235041,2018-04-27,"{""type"":""MultiPoint"",""coordinates"":[]}"
20180428,-0.012414131404835806,2018-04-28,"{""type"":""MultiPoint"",""coordinates"":[]}"
20180429,-0.013823469779052721,2018-04-29,"{""type"":""MultiPoint"",""coordinates"":[]}"
20180430,-0.014916367402903372,2018-04-30,"{""type"":""MultiPoint"",""coordinates"":[]}"
20180501,-0.011765840307919353,2018-05-01,"{""type"":""MultiPoint"",""coordinates"":[]}"
20180502,-0.011420464284801552,2018-05-02,"{""type"":""MultiPoint"",""coordinates"":[]}"
20180503,-0.010351744385160575,2018-05-03,"{""type"":""MultiPoint"",""coordinates"":[]}"
20180504,-0.010674511023833455,2018-05-04,"{""type"":""MultiPoint"",""coordinates"":[]}"
20180505,-0.011600118744678315,2018-05-05,"{""type"":""MultiPoint"",""coordinates"":[]}"
20180506,-0.011880301254814608,2018-05-06,"{""type"":""MultiPoint"",""coordinates"":[]}"
20180507,-0.01121086666983035,2018-05-07,"{""type"":""MultiPoint"",""coordinates"":[]}"
20180508,-0.01295098318657486,2018-05-08,"{""type"":""MultiPoint"",""coordinates"":[]}"
20180509,-0.01259409551349966,2018-05-09,"{""type"":""MultiPoint"",""coordinates"":[]}"
20180510,-0.011326044358449992,2018-05-10,"{""type"":""MultiPoint"",""coordinates"":[]}"
20180511,-0.012091972815530476,2018-05-11,"{""type"":""MultiPoint"",""coordinates"":[]}"
20180512,-0.011842086010264569,2018-05-12,"{""type"":""MultiPoint"",""coordinates"":[]}"
20180513,-0.01020453324549754,2018-05-13,"{""type"":""MultiPoint"",""coordinates"":[]}"
20180514,-0.011686992070955205,2018-05-14,"{""type"":""MultiPoint"",""coordinates"":[]}"
20180515,-0.011318377381313825,2018-05-15,"{""type"":""MultiPoint"",""coordinates"":[]}"
20180516,-0.010431190104731727,2018-05-16,"{""type"":""MultiPoint"",""coordinates"":[]}"
20180517,-0.010874815872273964,2018-05-17,"{""type"":""MultiPoint"",""coordinates"":[]}"
20180518,-0.010713458836887067,2018-05-18,"{""type"":""MultiPoint"",""coordinates"":[]}"
20180519,-0.013715884663126426,2018-05-19,"{""type"":""MultiPoint"",""coordinates"":[]}"
20180520,-0.01344189041681953,2018-05-20,"{""type"":""MultiPoint"",""coordinates"":[]}"
20180521,-0.012452261189838672,2018-05-21,"{""type"":""MultiPoint"",""coordinates"":[]}"
20180522,-0.010722278800917057,2018-05-22,"{""type"":""MultiPoint"",""coordinates"":[]}"
20180523,-0.010817334494571786,2018-05-23,"{""type"":""MultiPoint"",""coordinates"":[]}"
20180524,-0.010976701541320051,2018-05-24,"{""type"":""MultiPoint"",""coordinates"":[]}"
20180525,-0.01302096117654986,2018-05-25,"{""type"":""MultiPoint"",""coordinates"":[]}"
20180526,-0.012510189884268717,2018-05-26,"{""type"":""MultiPoint"",""coordinates"":[]}"
20180527,-0.012007673149806986,2018-05-27,"{""type"":""MultiPoint"",""coordinates"":[]}"
20180528,-0.011894969608571225,2018-05-28,"{""type"":""MultiPoint"",""coordinates"":[]}"
20180529,-0.012881233800182277,2018-05-29,"{""type"":""MultiPoint"",""coordinates"":[]}"
20180530,-0.01239942610242093,2018-05-30,"{""type"":""MultiPoint"",""coordinates"":[]}"
20180531,-0.011120741562193306,2018-05-31,"{""type"":""MultiPoint"",""coordinates"":[]}"
20180601,-0.007534577395257674,2018-06-01,"{""type"":""MultiPoint"",""coordinates"":[]}"
20180602,-0.007203598099006426,2018-06-02,"{""type"":""MultiPoint"",""coordinates"":[]}"
20180603,-0.009948370946492294,2018-06-03,"{""type"":""MultiPoint"",""coordinates"":[]}"
20180604,-0.010943515000156953,2018-06-04,"{""type"":""MultiPoint"",""coordinates"":[]}"
20180605,-0.009328761225453498,2018-06-05,"{""type"":""MultiPoint"",""coordinates"":[]}"
20180606,-0.007889330258898061,2018-06-06,"{""type"":""MultiPoint"",""coordinates"":[]}"
20180607,-0.0058594982639713225,2018-06-07,"{""type"":""MultiPoint"",""coordinates"":[]}"
20180608,-0.006068315293016352,2018-06-08,"{""type"":""MultiPoint"",""coordinates"":[]}"
20180609,-0.007429889597899316,2018-06-09,"{""type"":""MultiPoint"",""coordinates"":[]}"
20180610,-0.008204124318568118,2018-06-10,"{""type"":""MultiPoint"",""coordinates"":[]}"
20180611,-0.009353011809132679,2018-06-11,"{""type"":""MultiPoint"",""coordinates"":[]}"
20180612,-0.011091928738006188,2018-06-12,"{""type"":""MultiPoint"",""coordinates"":[]}"
20180613,-0.01310513115408168,2018-06-13,"{""type"":""MultiPoint"",""coordinates"":[]}"
20180614,-0.011585389591495491,2018-06-14,"{""type"":""MultiPoint"",""coordinates"":[]}"
20180615,-0.012308969959611069,2018-06-15,"{""type"":""MultiPoint"",""coordinates"":[]}"
20180616,-0.013013136820916784,2018-06-16,"{""type"":""MultiPoint"",""coordinates"":[]}"
20180617,-0.013096844054495595,2018-06-17,"{""type"":""MultiPoint"",""coordinates"":[]}"
20180618,-0.009868156256778893,2018-06-18,"{""type"":""MultiPoint"",""coordinates"":[]}"
20180619,-0.010438608289475272,2018-06-19,"{""type"":""MultiPoint"",""coordinates"":[]}"
20180620,-0.010773223351085376,2018-06-20,"{""type"":""MultiPoint"",""coordinates"":[]}"
20180621,-0.00980788878756561,2018-06-21,"{""type"":""MultiPoint"",""coordinates"":[]}"
20180622,-0.004852131203135491,2018-06-22,"{""type"":""MultiPoint"",""coordinates"":[]}"
20180623,-0.00403391666590231,2018-06-23,"{""type"":""MultiPoint"",""coordinates"":[]}"
20180624,-0.010235019082360984,2018-06-24,"{""type"":""MultiPoint"",""coordinates"":[]}"
20180625,-0.010833014808792315,2018-06-25,"{""type"":""MultiPoint"",""coordinates"":[]}"
20180626,-0.008838617646190998,2018-06-26,"{""type"":""MultiPoint"",""coordinates"":[]}"
20180627,-0.0086551817015507,2018-06-27,"{""type"":""MultiPoint"",""coordinates"":[]}"
20180628,-0.00644647929578544,2018-06-28,"{""type"":""MultiPoint"",""coordinates"":[]}"
20180629,-0.006650412563627138,2018-06-29,"{""type"":""MultiPoint"",""coordinates"":[]}"
20180630,-0.008957200682139892,2018-06-30,"{""type"":""MultiPoint"",""coordinates"":[]}"
20180701,-0.009274919717775009,2018-07-01,"{""type"":""MultiPoint"",""coordinates"":[]}"
20180702,-0.010229542370089453,2018-07-02,"{""type"":""MultiPoint"",""coordinates"":[]}"
20180703,-0.009010099883388543,2018-07-03,"{""type"":""MultiPoint"",""coordinates"":[]}"
20180704,-0.009822909909347192,2018-07-04,"{""type"":""MultiPoint"",""coordinates"":[]}"
20180705,-0.008559134916291294,2018-07-05,"{""type"":""MultiPoint"",""coordinates"":[]}"
20180706,-0.007257679910028997,2018-07-06,"{""type"":""MultiPoint"",""coordinates"":[]}"
20180707,-0.0042434631508411706,2018-07-07,"{""type"":""MultiPoint"",""coordinates"":[]}"
20180708,-0.003569551231512264,2018-07-08,"{""type"":""MultiPoint"",""coordinates"":[]}"
20180709,-0.0026309298399294547,2018-07-09,"{""type"":""MultiPoint"",""coordinates"":[]}"
20180710,-0.004894131351631926,2018-07-10,"{""type"":""MultiPoint"",""coordinates"":[]}"
20180711,-0.005677976120590711,2018-07-11,"{""type"":""MultiPoint"",""coordinates"":[]}"
20180712,-0.003255558394563413,2018-07-12,"{""type"":""MultiPoint"",""coordinates"":[]}"
20180713,-0.006042462234246423,2018-07-13,"{""type"":""MultiPoint"",""coordinates"":[]}"
20180714,-0.0031905004795720034,2018-07-14,"{""type"":""MultiPoint"",""coordinates"":[]}"
20180715,-0.004882173889716212,2018-07-15,"{""type"":""MultiPoint"",""coordinates"":[]}"
20180716,-0.004751145958905418,2018-07-16,"{""type"":""MultiPoint"",""coordinates"":[]}"
20180717,-0.009644772434744755,2018-07-17,"{""type"":""MultiPoint"",""coordinates"":[]}"
20180718,-0.009784045416037982,2018-07-18,"{""type"":""MultiPoint"",""coordinates"":[]}"
20180719,-0.00990353006677229,2018-07-19,"{""type"":""MultiPoint"",""coordinates"":[]}"
20180720,-0.0046516701658570105,2018-07-20,"{""type"":""MultiPoint"",""coordinates"":[]}"
20180721,-0.00510250906077314,2018-07-21,"{""type"":""MultiPoint"",""coordinates"":[]}"
20180722,-0.007632742283657107,2018-07-22,"{""type"":""MultiPoint"",""coordinates"":[]}"
20180723,-0.00814651960564547,2018-07-23,"{""type"":""MultiPoint"",""coordinates"":[]}"
20180724,-0.009034251366336074,2018-07-24,"{""type"":""MultiPoint"",""coordinates"":[]}"
20180725,-0.009817919121682088,2018-07-25,"{""type"":""MultiPoint"",""coordinates"":[]}"
20180726,-0.009375936324668235,2018-07-26,"{""type"":""MultiPoint"",""coordinates"":[]}"
20180727,-0.008636753977896088,2018-07-27,"{""type"":""MultiPoint"",""coordinates"":[]}"
20180728,-0.009142496715342431,2018-07-28,"{""type"":""MultiPoint"",""coordinates"":[]}"
20180729,-0.009522953934731883,2018-07-29,"{""type"":""MultiPoint"",""coordinates"":[]}"
20180730,-0.009503323458285078,2018-07-30,"{""type"":""MultiPoint"",""coordinates"":[]}"
20180731,-0.009586689198744577,2018-07-31,"{""type"":""MultiPoint"",""coordinates"":[]}"
20180801,-0.009533268776932,2018-08-01,"{""type"":""MultiPoint"",""coordinates"":[]}"
20180802,-0.009957827154682491,2018-08-02,"{""type"":""MultiPoint"",""coordinates"":[]}"
20180803,-0.010698486452780891,2018-08-03,"{""type"":""MultiPoint"",""coordinates"":[]}"
20180804,-0.009484500900737356,2018-08-04,"{""type"":""MultiPoint"",""coordinates"":[]}"
20180805,-0.010862284465736985,2018-08-05,"{""type"":""MultiPoint"",""coordinates"":[]}"
20180806,-0.009997849346797982,2018-08-06,"{""type"":""MultiPoint"",""coordinates"":[]}"
20180807,-0.00967919970728878,2018-08-07,"{""type"":""MultiPoint"",""coordinates"":[]}"
20180808,-0.003894765344465657,2018-08-08,"{""type"":""MultiPoint"",""coordinates"":[]}"
20180809,-0.008535190617787583,2018-08-09,"{""type"":""MultiPoint"",""coordinates"":[]}"
20180810,-0.007960387370427095,2018-08-10,"{""type"":""MultiPoint"",""coordinates"":[]}"
20180811,-0.0037351643684553734,2018-08-11,"{""type"":""MultiPoint"",""coordinates"":[]}"
20180812,-0.004379736553967469,2018-08-12,"{""type"":""MultiPoint"",""coordinates"":[]}"
20180813,-0.006591347676146016,2018-08-13,"{""type"":""MultiPoint"",""coordinates"":[]}"
20180814,-0.0034907041239790135,2018-08-14,"{""type"":""MultiPoint"",""coordinates"":[]}"
20180815,-0.0029857001655091537,2018-08-15,"{""type"":""MultiPoint"",""coordinates"":[]}"
20180816,-0.003153730425838529,2018-08-16,"{""type"":""MultiPoint"",""coordinates"":[]}"
20180817,-0.006938600889794197,2018-08-17,"{""type"":""MultiPoint"",""coordinates"":[]}"
20180818,-0.007366536464786633,2018-08-18,"{""type"":""MultiPoint"",""coordinates"":[]}"
20180819,-0.003867903637308108,2018-08-19,"{""type"":""MultiPoint"",""coordinates"":[]}"
20180820,-0.0026542266376840904,2018-08-20,"{""type"":""MultiPoint"",""coordinates"":[]}"
20180821,-0.0057948403182444585,2018-08-21,"{""type"":""MultiPoint"",""coordinates"":[]}"
20180822,-0.00786487195648409,2018-08-22,"{""type"":""MultiPoint"",""coordinates"":[]}"
20180823,-0.005205641672449204,2018-08-23,"{""type"":""MultiPoint"",""coordinates"":[]}"
20180824,-0.007548781096391357,2018-08-24,"{""type"":""MultiPoint"",""coordinates"":[]}"
20180825,-0.007175877196228032,2018-08-25,"{""type"":""MultiPoint"",""coordinates"":[]}"
20180826,-0.006899877465912747,2018-08-26,"{""type"":""MultiPoint"",""coordinates"":[]}"
20180827,-0.005683638909397396,2018-08-27,"{""type"":""MultiPoint"",""coordinates"":[]}"
20180828,-0.007401767932491713,2018-08-28,"{""type"":""MultiPoint"",""coordinates"":[]}"
20180829,-0.007591810641368134,2018-08-29,"{""type"":""MultiPoint"",""coordinates"":[]}"
20180830,-0.008778189420433083,2018-08-30,"{""type"":""MultiPoint"",""coordinates"":[]}"
20180831,-0.008207628891120986,2018-08-31,"{""type"":""MultiPoint"",""coordinates"":[]}"
20180901,-0.007488270092941364,2018-09-01,"{""type"":""MultiPoint"",""coordinates"":[]}"
20180902,-0.0083121136614775,2018-09-02,"{""type"":""MultiPoint"",""coordinates"":[]}"
20180903,-0.008474995668096898,2018-09-03,"{""type"":""MultiPoint"",""coordinates"":[]}"
20180904,-0.009256622246717076,2018-09-04,"{""type"":""MultiPoint"",""coordinates"":[]}"
20180905,-0.00945101830959469,2018-09-05,"{""type"":""MultiPoint"",""coordinates"":[]}"
20180906,-0.008525735485164557,2018-09-06,"{""type"":""MultiPoint"",""coordinates"":[]}"
20180907,-0.008611586118589871,2018-09-07,"{""type"":""MultiPoint"",""coordinates"":[]}"
20180908,-0.00890651258496678,2018-09-08,"{""type"":""MultiPoint"",""coordinates"":[]}"
20180909,-0.007040486887455616,2018-09-09,"{""type"":""MultiPoint"",""coordinates"":[]}"
20180910,-0.005846505445638564,2018-09-10,"{""type"":""MultiPoint"",""coordinates"":[]}"
20180911,-0.00632089109816344,2018-09-11,"{""type"":""MultiPoint"",""coordinates"":[]}"
20180912,-0.005362803067156233,2018-09-12,"{""type"":""MultiPoint"",""coordinates"":[]}"
20180913,-0.005687496543198834,2018-09-13,"{""type"":""MultiPoint"",""coordinates"":[]}"
20180914,-0.005678283240265973,2018-09-14,"{""type"":""MultiPoint"",""coordinates"":[]}"
20180915,-0.006296280481530065,2018-09-15,"{""type"":""MultiPoint"",""coordinates"":[]}"
20180916,-0.007821192618677869,2018-09-16,"{""type"":""MultiPoint"",""coordinates"":[]}"
20180917,-0.00633328221528782,2018-09-17,"{""type"":""MultiPoint"",""coordinates"":[]}"
20180918,-0.006650452394072744,2018-09-18,"{""type"":""MultiPoint"",""coordinates"":[]}"
20180919,-0.005172539255881965,2018-09-19,"{""type"":""MultiPoint"",""coordinates"":[]}"
20180920,-0.0058974266914376275,2018-09-20,"{""type"":""MultiPoint"",""coordinates"":[]}"
20180921,-0.0023857166968828413,2018-09-21,"{""type"":""MultiPoint"",""coordinates"":[]}"
20180922,-0.00747158933873152,2018-09-22,"{""type"":""MultiPoint"",""coordinates"":[]}"
20180923,-0.006618685211952617,2018-09-23,"{""type"":""MultiPoint"",""coordinates"":[]}"
20180924,-0.006156378960918899,2018-09-24,"{""type"":""MultiPoint"",""coordinates"":[]}"
20180925,-0.005941345810870327,2018-09-25,"{""type"":""MultiPoint"",""coordinates"":[]}"
20180926,-0.005275862866182853,2018-09-26,"{""type"":""MultiPoint"",""coordinates"":[]}"
20180927,-0.005673519883444073,2018-09-27,"{""type"":""MultiPoint"",""coordinates"":[]}"
20180928,-0.005656315258171037,2018-09-28,"{""type"":""MultiPoint"",""coordinates"":[]}"
20180929,-0.005739833783653111,2018-09-29,"{""type"":""MultiPoint"",""coordinates"":[]}"
20180930,-0.005865582132434848,2018-09-30,"{""type"":""MultiPoint"",""coordinates"":[]}"
20181001,-0.005648397663329173,2018-10-01,"{""type"":""MultiPoint"",""coordinates"":[]}"
20181002,-0.0067550108835453225,2018-10-02,"{""type"":""MultiPoint"",""coordinates"":[]}"
20181003,-0.00701863237373868,2018-10-03,"{""type"":""MultiPoint"",""coordinates"":[]}"
20181004,-0.007350141806942041,2018-10-04,"{""type"":""MultiPoint"",""coordinates"":[]}"
20181005,-0.00881987333355474,2018-10-05,"{""type"":""MultiPoint"",""coordinates"":[]}"
20181006,-0.0077992108324102215,2018-10-06,"{""type"":""MultiPoint"",""coordinates"":[]}"
20181007,-0.007020270335560784,2018-10-07,"{""type"":""MultiPoint"",""coordinates"":[]}"
20181008,-0.007436848920759316,2018-10-08,"{""type"":""MultiPoint"",""coordinates"":[]}"
20181009,-0.00873894797102293,2018-10-09,"{""type"":""MultiPoint"",""coordinates"":[]}"
20181010,-0.009712361896921984,2018-10-10,"{""type"":""MultiPoint"",""coordinates"":[]}"
20181011,-0.01161819746673339,2018-10-11,"{""type"":""MultiPoint"",""coordinates"":[]}"
20181012,-0.009074948645503856,2018-10-12,"{""type"":""MultiPoint"",""coordinates"":[]}"
20181013,-0.007485481884135393,2018-10-13,"{""type"":""MultiPoint"",""coordinates"":[]}"
20181014,-0.007654002206333678,2018-10-14,"{""type"":""MultiPoint"",""coordinates"":[]}"
20181015,-0.006982224729638424,2018-10-15,"{""type"":""MultiPoint"",""coordinates"":[]}"
20181016,-0.005970519290937177,2018-10-16,"{""type"":""MultiPoint"",""coordinates"":[]}"
20181017,-0.004605757943623672,2018-10-17,"{""type"":""MultiPoint"",""coordinates"":[]}"
20181018,-0.004176974982983163,2018-10-18,"{""type"":""MultiPoint"",""coordinates"":[]}"
20181019,-0.007353942833995764,2018-10-19,"{""type"":""MultiPoint"",""coordinates"":[]}"
20181020,-0.007174670970234016,2018-10-20,"{""type"":""MultiPoint"",""coordinates"":[]}"
20181021,-0.006884248763548844,2018-10-21,"{""type"":""MultiPoint"",""coordinates"":[]}"
20181022,-0.006755956772456712,2018-10-22,"{""type"":""MultiPoint"",""coordinates"":[]}"
20181023,-0.006328074752140742,2018-10-23,"{""type"":""MultiPoint"",""coordinates"":[]}"
20181024,-0.005757405557170838,2018-10-24,"{""type"":""MultiPoint"",""coordinates"":[]}"
20181025,-0.007666679501162203,2018-10-25,"{""type"":""MultiPoint"",""coordinates"":[]}"
20181026,-0.009461689897819462,2018-10-26,"{""type"":""MultiPoint"",""coordinates"":[]}"
20181027,-0.009388652028374442,2018-10-27,"{""type"":""MultiPoint"",""coordinates"":[]}"
20181028,-0.010943210419528046,2018-10-28,"{""type"":""MultiPoint"",""coordinates"":[]}"
20181029,-0.01081528444398994,2018-10-29,"{""type"":""MultiPoint"",""coordinates"":[]}"
20181030,-0.009999652163310025,2018-10-30,"{""type"":""MultiPoint"",""coordinates"":[]}"
20181031,-0.009543250750419204,2018-10-31,"{""type"":""MultiPoint"",""coordinates"":[]}"
20181101,-0.0061928913676518715,2018-11-01,"{""type"":""MultiPoint"",""coordinates"":[]}"
20181102,-0.006548743475529846,2018-11-02,"{""type"":""MultiPoint"",""coordinates"":[]}"
20181103,-0.006562556408007615,2018-11-03,"{""type"":""MultiPoint"",""coordinates"":[]}"
20181104,-0.00712839768449512,2018-11-04,"{""type"":""MultiPoint"",""coordinates"":[]}"
20181105,-0.006195298238612052,2018-11-05,"{""type"":""MultiPoint"",""coordinates"":[]}"
20181106,-0.0074134118199321135,2018-11-06,"{""type"":""MultiPoint"",""coordinates"":[]}"
20181107,-0.007381948943068383,2018-11-07,"{""type"":""MultiPoint"",""coordinates"":[]}"
20181108,-0.007170542392385638,2018-11-08,"{""type"":""MultiPoint"",""coordinates"":[]}"
20181109,-0.00803643015396362,2018-11-09,"{""type"":""MultiPoint"",""coordinates"":[]}"
20181110,-0.009042976178141,2018-11-10,"{""type"":""MultiPoint"",""coordinates"":[]}"
20181111,-0.009489991544001975,2018-11-11,"{""type"":""MultiPoint"",""coordinates"":[]}"
20181112,-0.009994420517209453,2018-11-12,"{""type"":""MultiPoint"",""coordinates"":[]}"
20181113,-0.009073373551040676,2018-11-13,"{""type"":""MultiPoint"",""coordinates"":[]}"
20181114,-0.0085180620564881,2018-11-14,"{""type"":""MultiPoint"",""coordinates"":[]}"
20181115,-0.009711219026475475,2018-11-15,"{""type"":""MultiPoint"",""coordinates"":[]}"
20181116,-0.007454492754328029,2018-11-16,"{""type"":""MultiPoint"",""coordinates"":[]}"
20181117,-0.005539394234123517,2018-11-17,"{""type"":""MultiPoint"",""coordinates"":[]}"
20181118,-0.006159723509753306,2018-11-18,"{""type"":""MultiPoint"",""coordinates"":[]}"
20181119,-0.0058736739128106554,2018-11-19,"{""type"":""MultiPoint"",""coordinates"":[]}"
20181120,-0.006831907487195247,2018-11-20,"{""type"":""MultiPoint"",""coordinates"":[]}"
20181121,-0.007991369409159354,2018-11-21,"{""type"":""MultiPoint"",""coordinates"":[]}"
20181122,-0.008687947540723997,2018-11-22,"{""type"":""MultiPoint"",""coordinates"":[]}"
20181123,-0.007638672687359475,2018-11-23,"{""type"":""MultiPoint"",""coordinates"":[]}"
20181124,-0.008714353121406384,2018-11-24,"{""type"":""MultiPoint"",""coordinates"":[]}"
20181125,-0.008854188007146617,2018-11-25,"{""type"":""MultiPoint"",""coordinates"":[]}"
20181126,-0.00840393251963862,2018-11-26,"{""type"":""MultiPoint"",""coordinates"":[]}"
20181127,-0.00788529853238837,2018-11-27,"{""type"":""MultiPoint"",""coordinates"":[]}"
20181128,-0.007930097486565344,2018-11-28,"{""type"":""MultiPoint"",""coordinates"":[]}"
20181129,-0.006796384438803418,2018-11-29,"{""type"":""MultiPoint"",""coordinates"":[]}"
20181130,-0.007625484515045619,2018-11-30,"{""type"":""MultiPoint"",""coordinates"":[]}"
20181201,-0.0073446518049197305,2018-12-01,"{""type"":""MultiPoint"",""coordinates"":[]}"
20181202,-0.007337892800973126,2018-12-02,"{""type"":""MultiPoint"",""coordinates"":[]}"
20181203,-0.007314656672254098,2018-12-03,"{""type"":""MultiPoint"",""coordinates"":[]}"
20181204,-0.0066998925293960745,2018-12-04,"{""type"":""MultiPoint"",""coordinates"":[]}"
20181205,-0.005429179053001541,2018-12-05,"{""type"":""MultiPoint"",""coordinates"":[]}"
20181206,-0.004432810981080724,2018-12-06,"{""type"":""MultiPoint"",""coordinates"":[]}"
20181207,-0.005969505389826592,2018-12-07,"{""type"":""MultiPoint"",""coordinates"":[]}"
20181208,-0.005477357636981173,2018-12-08,"{""type"":""MultiPoint"",""coordinates"":[]}"
20181209,-0.006190152005645812,2018-12-09,"{""type"":""MultiPoint"",""coordinates"":[]}"
20181210,-0.00489935912389006,2018-12-10,"{""type"":""MultiPoint"",""coordinates"":[]}"
20181211,-0.004661567932478095,2018-12-11,"{""type"":""MultiPoint"",""coordinates"":[]}"
20181212,-0.0058579647967050815,2018-12-12,"{""type"":""MultiPoint"",""coordinates"":[]}"
20181213,-0.0048859946212722275,2018-12-13,"{""type"":""MultiPoint"",""coordinates"":[]}"
20181214,-0.004285471228637956,2018-12-14,"{""type"":""MultiPoint"",""coordinates"":[]}"
20181215,-0.008737992337743087,2018-12-15,"{""type"":""MultiPoint"",""coordinates"":[]}"
20181216,-0.008539857028892841,2018-12-16,"{""type"":""MultiPoint"",""coordinates"":[]}"
20181217,-0.00586397946827774,2018-12-17,"{""type"":""MultiPoint"",""coordinates"":[]}"
20181218,-0.005889831687270155,2018-12-18,"{""type"":""MultiPoint"",""coordinates"":[]}"
20181219,-0.005914263859564448,2018-12-19,"{""type"":""MultiPoint"",""coordinates"":[]}"
20181220,-0.0047173519271915924,2018-12-20,"{""type"":""MultiPoint"",""coordinates"":[]}"
20181221,-0.005797112584045776,2018-12-21,"{""type"":""MultiPoint"",""coordinates"":[]}"
20181222,-0.006266310168713885,2018-12-22,"{""type"":""MultiPoint"",""coordinates"":[]}"
20181223,-0.006172267690532544,2018-12-23,"{""type"":""MultiPoint"",""coordinates"":[]}"
20181224,-0.006711262150157804,2018-12-24,"{""type"":""MultiPoint"",""coordinates"":[]}"
20181225,-0.00796114205069167,2018-12-25,"{""type"":""MultiPoint"",""coordinates"":[]}"
20181226,-0.006860085287771254,2018-12-26,"{""type"":""MultiPoint"",""coordinates"":[]}"
20181227,-0.00836604422313719,2018-12-27,"{""type"":""MultiPoint"",""coordinates"":[]}"
20181228,-0.008830612793653589,2018-12-28,"{""type"":""MultiPoint"",""coordinates"":[]}"
20181229,-0.007986337273084815,2018-12-29,"{""type"":""MultiPoint"",""coordinates"":[]}"
20181230,-0.007506028338512374,2018-12-30,"{""type"":""MultiPoint"",""coordinates"":[]}"
20181231,-0.007495078419924003,2018-12-31,"{""type"":""MultiPoint"",""coordinates"":[]}"
20190101,-0.007836506382277267,2019-01-01,"{""type"":""MultiPoint"",""coordinates"":[]}"
20190102,-0.007281888282081972,2019-01-02,"{""type"":""MultiPoint"",""coordinates"":[]}"
20190103,-0.007167592760645962,2019-01-03,"{""type"":""MultiPoint"",""coordinates"":[]}"
20190104,-0.007927468891989274,2019-01-04,"{""type"":""MultiPoint"",""coordinates"":[]}"
20190105,-0.007170863743883712,2019-01-05,"{""type"":""MultiPoint"",""coordinates"":[]}"
20190106,-0.007411621693839797,2019-01-06,"{""type"":""MultiPoint"",""coordinates"":[]}"
20190107,-0.007261826828556152,2019-01-07,"{""type"":""MultiPoint"",""coordinates"":[]}"
20190108,-0.007745425656572611,2019-01-08,"{""type"":""MultiPoint"",""coordinates"":[]}"
20190109,-0.007625322031291297,2019-01-09,"{""type"":""MultiPoint"",""coordinates"":[]}"
20190110,-0.008121097967748252,2019-01-10,"{""type"":""MultiPoint"",""coordinates"":[]}"
20190111,-0.007134430057987871,2019-01-11,"{""type"":""MultiPoint"",""coordinates"":[]}"
20190112,-0.007816387026480048,2019-01-12,"{""type"":""MultiPoint"",""coordinates"":[]}"
20190113,-0.008107134498554281,2019-01-13,"{""type"":""MultiPoint"",""coordinates"":[]}"
20190114,-0.007913774809450788,2019-01-14,"{""type"":""MultiPoint"",""coordinates"":[]}"
20190115,-0.007692943561172242,2019-01-15,"{""type"":""MultiPoint"",""coordinates"":[]}"
20190116,-0.007736677079995459,2019-01-16,"{""type"":""MultiPoint"",""coordinates"":[]}"
20190117,-0.0075252038829549854,2019-01-17,"{""type"":""MultiPoint"",""coordinates"":[]}"
20190118,-0.0077966832528238925,2019-01-18,"{""type"":""MultiPoint"",""coordinates"":[]}"
20190119,-0.007446712291583683,2019-01-19,"{""type"":""MultiPoint"",""coordinates"":[]}"
20190120,-0.007968204317856517,2019-01-20,"{""type"":""MultiPoint"",""coordinates"":[]}"
20190121,-0.009156371879990667,2019-01-21,"{""type"":""MultiPoint"",""coordinates"":[]}"
20190122,-0.01045561978470296,2019-01-22,"{""type"":""MultiPoint"",""coordinates"":[]}"
20190123,-0.008429375563014463,2019-01-23,"{""type"":""MultiPoint"",""coordinates"":[]}"
20190124,-0.007887983263685106,2019-01-24,"{""type"":""MultiPoint"",""coordinates"":[]}"
20190125,-0.007953877348249922,2019-01-25,"{""type"":""MultiPoint"",""coordinates"":[]}"
20190126,-0.004709020460653844,2019-01-26,"{""type"":""MultiPoint"",""coordinates"":[]}"
20190127,-0.0017679986173776074,2019-01-27,"{""type"":""MultiPoint"",""coordinates"":[]}"
20190128,-0.004933716393139488,2019-01-28,"{""type"":""MultiPoint"",""coordinates"":[]}"
20190129,-0.00799132794588202,2019-01-29,"{""type"":""MultiPoint"",""coordinates"":[]}"
20190130,-0.007428166025649498,2019-01-30,"{""type"":""MultiPoint"",""coordinates"":[]}"
20190131,-0.006490358110554364,2019-01-31,"{""type"":""MultiPoint"",""coordinates"":[]}"
20190201,-0.006517876616552118,2019-02-01,"{""type"":""MultiPoint"",""coordinates"":[]}"
20190202,-0.007547712319933864,2019-02-02,"{""type"":""MultiPoint"",""coordinates"":[]}"
20190203,-0.0070261767723855005,2019-02-03,"{""type"":""MultiPoint"",""coordinates"":[]}"
20190204,-0.00760004566264076,2019-02-04,"{""type"":""MultiPoint"",""coordinates"":[]}"
20190205,-0.007835266932139144,2019-02-05,"{""type"":""MultiPoint"",""coordinates"":[]}"
20190206,-0.008585025291917691,2019-02-06,"{""type"":""MultiPoint"",""coordinates"":[]}"
20190207,-0.009790844529528157,2019-02-07,"{""type"":""MultiPoint"",""coordinates"":[]}"
20190208,-0.0057429211857833095,2019-02-08,"{""type"":""MultiPoint"",""coordinates"":[]}"
20190209,-0.009935776970321584,2019-02-09,"{""type"":""MultiPoint"",""coordinates"":[]}"
20190210,-0.00936609191154956,2019-02-10,"{""type"":""MultiPoint"",""coordinates"":[]}"
20190211,-0.006616708205560281,2019-02-11,"{""type"":""MultiPoint"",""coordinates"":[]}"
20190212,-0.008257759537151533,2019-02-12,"{""type"":""MultiPoint"",""coordinates"":[]}"
20190213,-0.008375242960975093,2019-02-13,"{""type"":""MultiPoint"",""coordinates"":[]}"
20190214,-0.009939590435551326,2019-02-14,"{""type"":""MultiPoint"",""coordinates"":[]}"
20190215,-0.009921858831417402,2019-02-15,"{""type"":""MultiPoint"",""coordinates"":[]}"
20190216,-0.007627818584280702,2019-02-16,"{""type"":""MultiPoint"",""coordinates"":[]}"
20190217,-0.00874609788115648,2019-02-17,"{""type"":""MultiPoint"",""coordinates"":[]}"
20190218,-0.008408264285148674,2019-02-18,"{""type"":""MultiPoint"",""coordinates"":[]}"
20190219,-0.009117370888220133,2019-02-19,"{""type"":""MultiPoint"",""coordinates"":[]}"
20190220,-0.010307575427261195,2019-02-20,"{""type"":""MultiPoint"",""coordinates"":[]}"
20190221,-0.011286053731258296,2019-02-21,"{""type"":""MultiPoint"",""coordinates"":[]}"
20190222,-0.009916233835237626,2019-02-22,"{""type"":""MultiPoint"",""coordinates"":[]}"
20190223,-0.010518903674667164,2019-02-23,"{""type"":""MultiPoint"",""coordinates"":[]}"
20190224,-0.012466733371413215,2019-02-24,"{""type"":""MultiPoint"",""coordinates"":[]}"
20190225,-0.012365680644462905,2019-02-25,"{""type"":""MultiPoint"",""coordinates"":[]}"
20190226,-0.009989404887652676,2019-02-26,"{""type"":""MultiPoint"",""coordinates"":[]}"
20190227,-0.00803697711114705,2019-02-27,"{""type"":""MultiPoint"",""coordinates"":[]}"
20190228,-0.008868351792925583,2019-02-28,"{""type"":""MultiPoint"",""coordinates"":[]}"
20190301,-0.00795687162324515,2019-03-01,"{""type"":""MultiPoint"",""coordinates"":[]}"
20190302,-0.009837149528432546,2019-03-02,"{""type"":""MultiPoint"",""coordinates"":[]}"
20190303,-0.009016802056439791,2019-03-03,"{""type"":""MultiPoint"",""coordinates"":[]}"
20190304,-0.011581162259692359,2019-03-04,"{""type"":""MultiPoint"",""coordinates"":[]}"
20190305,-0.010979791596743603,2019-03-05,"{""type"":""MultiPoint"",""coordinates"":[]}"
20190306,-0.010845280170087995,2019-03-06,"{""type"":""MultiPoint"",""coordinates"":[]}"
20190307,-0.009842477738391588,2019-03-07,"{""type"":""MultiPoint"",""coordinates"":[]}"
20190308,-0.009708293189777277,2019-03-08,"{""type"":""MultiPoint"",""coordinates"":[]}"
20190309,-0.009658546658291252,2019-03-09,"{""type"":""MultiPoint"",""coordinates"":[]}"
20190310,-0.009900657451633632,2019-03-10,"{""type"":""MultiPoint"",""coordinates"":[]}"
20190311,-0.010862469794544171,2019-03-11,"{""type"":""MultiPoint"",""coordinates"":[]}"
20190312,-0.011964019032956524,2019-03-12,"{""type"":""MultiPoint"",""coordinates"":[]}"
20190313,-0.013093983968495924,2019-03-13,"{""type"":""MultiPoint"",""coordinates"":[]}"
20190314,-0.013689887690240625,2019-03-14,"{""type"":""MultiPoint"",""coordinates"":[]}"
20190315,-0.014255247581732298,2019-03-15,"{""type"":""MultiPoint"",""coordinates"":[]}"
20190316,-0.015600067133880954,2019-03-16,"{""type"":""MultiPoint"",""coordinates"":[]}"
20190317,-0.014517375395211725,2019-03-17,"{""type"":""MultiPoint"",""coordinates"":[]}"
20190318,-0.012909063832436446,2019-03-18,"{""type"":""MultiPoint"",""coordinates"":[]}"
20190319,-0.01145842621085311,2019-03-19,"{""type"":""MultiPoint"",""coordinates"":[]}"
20190320,-0.0113691724281114,2019-03-20,"{""type"":""MultiPoint"",""coordinates"":[]}"
20190321,-0.011849866574527301,2019-03-21,"{""type"":""MultiPoint"",""coordinates"":[]}"
20190322,-0.011009664144555587,2019-03-22,"{""type"":""MultiPoint"",""coordinates"":[]}"
20190323,-0.010113297161729276,2019-03-23,"{""type"":""MultiPoint"",""coordinates"":[]}"
20190324,-0.010634914866062129,2019-03-24,"{""type"":""MultiPoint"",""coordinates"":[]}"
20190325,-0.011914747102585246,2019-03-25,"{""type"":""MultiPoint"",""coordinates"":[]}"
20190326,-0.01116025119199073,2019-03-26,"{""type"":""MultiPoint"",""coordinates"":[]}"
20190327,-0.011569310936340567,2019-03-27,"{""type"":""MultiPoint"",""coordinates"":[]}"
20190328,-0.011846850590119187,2019-03-28,"{""type"":""MultiPoint"",""coordinates"":[]}"
20190329,-0.011745009051458984,2019-03-29,"{""type"":""MultiPoint"",""coordinates"":[]}"
20190330,-0.012424964427791532,2019-03-30,"{""type"":""MultiPoint"",""coordinates"":[]}"
20190331,-0.01408242706577774,2019-03-31,"{""type"":""MultiPoint"",""coordinates"":[]}"
20190401,-0.0119892807713168,2019-04-01,"{""type"":""MultiPoint"",""coordinates"":[]}"
20190402,-0.013191950366554805,2019-04-02,"{""type"":""MultiPoint"",""coordinates"":[]}"
20190403,-0.011211537827003291,2019-04-03,"{""type"":""MultiPoint"",""coordinates"":[]}"
20190404,-0.011726358749509181,2019-04-04,"{""type"":""MultiPoint"",""coordinates"":[]}"
20190405,-0.011499654189360048,2019-04-05,"{""type"":""MultiPoint"",""coordinates"":[]}"
20190406,-0.012462479364954438,2019-04-06,"{""type"":""MultiPoint"",""coordinates"":[]}"
20190407,-0.012397411636518602,2019-04-07,"{""type"":""MultiPoint"",""coordinates"":[]}"
20190408,-0.011606339756570922,2019-04-08,"{""type"":""MultiPoint"",""coordinates"":[]}"
20190409,-0.010962791456518647,2019-04-09,"{""type"":""MultiPoint"",""coordinates"":[]}"
20190410,-0.009910989776263014,2019-04-10,"{""type"":""MultiPoint"",""coordinates"":[]}"
20190411,-0.011527375160127811,2019-04-11,"{""type"":""MultiPoint"",""coordinates"":[]}"
20190412,-0.010486514530503166,2019-04-12,"{""type"":""MultiPoint"",""coordinates"":[]}"
20190413,-0.010783227368344205,2019-04-13,"{""type"":""MultiPoint"",""coordinates"":[]}"
20190414,-0.011710813684483916,2019-04-14,"{""type"":""MultiPoint"",""coordinates"":[]}"
20190415,-0.012047066018708703,2019-04-15,"{""type"":""MultiPoint"",""coordinates"":[]}"
20190416,-0.013735300974886313,2019-04-16,"{""type"":""MultiPoint"",""coordinates"":[]}"
20190417,-0.011451615117571944,2019-04-17,"{""type"":""MultiPoint"",""coordinates"":[]}"
20190418,-0.010389487153652075,2019-04-18,"{""type"":""MultiPoint"",""coordinates"":[]}"
20190419,-0.009956151514946165,2019-04-19,"{""type"":""MultiPoint"",""coordinates"":[]}"
20190420,-0.011093456479883565,2019-04-20,"{""type"":""MultiPoint"",""coordinates"":[]}"
20190421,-0.011619673019930981,2019-04-21,"{""type"":""MultiPoint"",""coordinates"":[]}"
20190422,-0.011205441258806419,2019-04-22,"{""type"":""MultiPoint"",""coordinates"":[]}"
20190423,-0.010868648111434015,2019-04-23,"{""type"":""MultiPoint"",""coordinates"":[]}"
20190424,-0.013200232462091415,2019-04-24,"{""type"":""MultiPoint"",""coordinates"":[]}"
20190425,-0.01363215487119883,2019-04-25,"{""type"":""MultiPoint"",""coordinates"":[]}"
20190426,-0.013076219170642365,2019-04-26,"{""type"":""MultiPoint"",""coordinates"":[]}"
20190427,-0.012688549983889625,2019-04-27,"{""type"":""MultiPoint"",""coordinates"":[]}"
20190428,-0.013770665756883389,2019-04-28,"{""type"":""MultiPoint"",""coordinates"":[]}"
20190429,-0.01359705337155953,2019-04-29,"{""type"":""MultiPoint"",""coordinates"":[]}"
20190430,-0.012737037433691882,2019-04-30,"{""type"":""MultiPoint"",""coordinates"":[]}"
20190501,-0.013380596781552867,2019-05-01,"{""type"":""MultiPoint"",""coordinates"":[]}"
20190502,-0.018412900742982713,2019-05-02,"{""type"":""MultiPoint"",""coordinates"":[]}"
20190503,-0.019363168378350216,2019-05-03,"{""type"":""MultiPoint"",""coordinates"":[]}"
20190504,-0.01659533340373538,2019-05-04,"{""type"":""MultiPoint"",""coordinates"":[]}"
20190505,-0.015540659968919015,2019-05-05,"{""type"":""MultiPoint"",""coordinates"":[]}"
20190506,-0.01437046307493132,2019-05-06,"{""type"":""MultiPoint"",""coordinates"":[]}"
20190507,-0.012294246353927092,2019-05-07,"{""type"":""MultiPoint"",""coordinates"":[]}"
20190508,-0.01639959198080494,2019-05-08,"{""type"":""MultiPoint"",""coordinates"":[]}"
20190509,-0.016278887778157974,2019-05-09,"{""type"":""MultiPoint"",""coordinates"":[]}"
20190510,-0.01392692535239546,2019-05-10,"{""type"":""MultiPoint"",""coordinates"":[]}"
20190511,-0.01159791826960932,2019-05-11,"{""type"":""MultiPoint"",""coordinates"":[]}"
20190512,-0.011420581263014911,2019-05-12,"{""type"":""MultiPoint"",""coordinates"":[]}"
20190513,-0.011880944529977101,2019-05-13,"{""type"":""MultiPoint"",""coordinates"":[]}"
20190514,-0.01316823657580185,2019-05-14,"{""type"":""MultiPoint"",""coordinates"":[]}"
20190515,-0.012358625244535976,2019-05-15,"{""type"":""MultiPoint"",""coordinates"":[]}"
20190516,-0.012654227100347169,2019-05-16,"{""type"":""MultiPoint"",""coordinates"":[]}"
20190517,-0.012446593289720729,2019-05-17,"{""type"":""MultiPoint"",""coordinates"":[]}"
20190518,-0.01357192282755751,2019-05-18,"{""type"":""MultiPoint"",""coordinates"":[]}"
20190519,-0.013253207141797766,2019-05-19,"{""type"":""MultiPoint"",""coordinates"":[]}"
20190520,-0.01137021691807907,2019-05-20,"{""type"":""MultiPoint"",""coordinates"":[]}"
20190521,-0.012203793254961463,2019-05-21,"{""type"":""MultiPoint"",""coordinates"":[]}"
20190522,-0.011783114124184639,2019-05-22,"{""type"":""MultiPoint"",""coordinates"":[]}"
20190523,-0.011926516640300063,2019-05-23,"{""type"":""MultiPoint"",""coordinates"":[]}"
20190524,-0.012432666793555648,2019-05-24,"{""type"":""MultiPoint"",""coordinates"":[]}"
20190525,-0.013924729398154603,2019-05-25,"{""type"":""MultiPoint"",""coordinates"":[]}"
20190526,-0.0134404513927019,2019-05-26,"{""type"":""MultiPoint"",""coordinates"":[]}"
20190527,-0.015444664069054361,2019-05-27,"{""type"":""MultiPoint"",""coordinates"":[]}"
20190528,-0.014722494101527091,2019-05-28,"{""type"":""MultiPoint"",""coordinates"":[]}"
20190529,-0.01364153694783511,2019-05-29,"{""type"":""MultiPoint"",""coordinates"":[]}"
20190530,-0.012547222680636025,2019-05-30,"{""type"":""MultiPoint"",""coordinates"":[]}"
20190531,-0.012381310177445934,2019-05-31,"{""type"":""MultiPoint"",""coordinates"":[]}"
20190601,-0.011286470165905487,2019-06-01,"{""type"":""MultiPoint"",""coordinates"":[]}"
20190602,-0.012415350620527014,2019-06-02,"{""type"":""MultiPoint"",""coordinates"":[]}"
20190603,-0.011670003764452727,2019-06-03,"{""type"":""MultiPoint"",""coordinates"":[]}"
20190604,-0.010944891541878369,2019-06-04,"{""type"":""MultiPoint"",""coordinates"":[]}"
20190605,-0.012294254244110268,2019-06-05,"{""type"":""MultiPoint"",""coordinates"":[]}"
20190606,-0.012213346075285698,2019-06-06,"{""type"":""MultiPoint"",""coordinates"":[]}"
20190607,-0.011680749410964322,2019-06-07,"{""type"":""MultiPoint"",""coordinates"":[]}"
20190608,-0.011432488876141086,2019-06-08,"{""type"":""MultiPoint"",""coordinates"":[]}"
20190609,-0.01028965502127349,2019-06-09,"{""type"":""MultiPoint"",""coordinates"":[]}"
20190610,-0.01169581809985528,2019-06-10,"{""type"":""MultiPoint"",""coordinates"":[]}"
20190611,-0.013831639324378416,2019-06-11,"{""type"":""MultiPoint"",""coordinates"":[]}"
20190612,-0.014643781634078742,2019-06-12,"{""type"":""MultiPoint"",""coordinates"":[]}"
20190613,-0.01187770246162957,2019-06-13,"{""type"":""MultiPoint"",""coordinates"":[]}"
20190614,-0.013797502963648437,2019-06-14,"{""type"":""MultiPoint"",""coordinates"":[]}"
20190615,-0.015485235033576607,2019-06-15,"{""type"":""MultiPoint"",""coordinates"":[]}"
20190616,-0.016059071382996573,2019-06-16,"{""type"":""MultiPoint"",""coordinates"":[]}"
20190617,-0.015097929530093767,2019-06-17,"{""type"":""MultiPoint"",""coordinates"":[]}"
20190618,-0.01598494066559348,2019-06-18,"{""type"":""MultiPoint"",""coordinates"":[]}"
20190619,-0.014545439880929137,2019-06-19,"{""type"":""MultiPoint"",""coordinates"":[]}"
20190620,-0.010956129761830066,2019-06-20,"{""type"":""MultiPoint"",""coordinates"":[]}"
20190621,-0.0071572365807470615,2019-06-21,"{""type"":""MultiPoint"",""coordinates"":[]}"
20190622,-0.004902586978110645,2019-06-22,"{""type"":""MultiPoint"",""coordinates"":[]}"
20190623,-0.005220831542787436,2019-06-23,"{""type"":""MultiPoint"",""coordinates"":[]}"
20190624,-0.00607700656556657,2019-06-24,"{""type"":""MultiPoint"",""coordinates"":[]}"
20190625,-0.0065549484906698196,2019-06-25,"{""type"":""MultiPoint"",""coordinates"":[]}"
20190626,-0.008598074393505318,2019-06-26,"{""type"":""MultiPoint"",""coordinates"":[]}"
20190627,-0.010952139827057823,2019-06-27,"{""type"":""MultiPoint"",""coordinates"":[]}"
20190628,-0.010216935201650453,2019-06-28,"{""type"":""MultiPoint"",""coordinates"":[]}"
20190629,-0.0038671433247908036,2019-06-29,"{""type"":""MultiPoint"",""coordinates"":[]}"
20190630,-0.005671657993163241,2019-06-30,"{""type"":""MultiPoint"",""coordinates"":[]}"
20190701,-0.0039354433163567735,2019-07-01,"{""type"":""MultiPoint"",""coordinates"":[]}"
20190702,-0.0034980641301472814,2019-07-02,"{""type"":""MultiPoint"",""coordinates"":[]}"
20190703,-0.0043668345228794385,2019-07-03,"{""type"":""MultiPoint"",""coordinates"":[]}"
20190704,-0.009637810667216355,2019-07-04,"{""type"":""MultiPoint"",""coordinates"":[]}"
20190705,-0.007477839266135247,2019-07-05,"{""type"":""MultiPoint"",""coordinates"":[]}"
20190706,-0.00921701828413737,2019-07-06,"{""type"":""MultiPoint"",""coordinates"":[]}"
20190707,-0.00822411793669818,2019-07-07,"{""type"":""MultiPoint"",""coordinates"":[]}"
20190708,-0.010464821879012055,2019-07-08,"{""type"":""MultiPoint"",""coordinates"":[]}"
20190709,-0.00873951886760885,2019-07-09,"{""type"":""MultiPoint"",""coordinates"":[]}"
20190710,-0.009022596202282528,2019-07-10,"{""type"":""MultiPoint"",""coordinates"":[]}"
20190711,-0.007857132300407303,2019-07-11,"{""type"":""MultiPoint"",""coordinates"":[]}"
20190712,-0.008767551897992653,2019-07-12,"{""type"":""MultiPoint"",""coordinates"":[]}"
20190713,-0.008476432327332755,2019-07-13,"{""type"":""MultiPoint"",""coordinates"":[]}"
20190714,-0.010088921759636623,2019-07-14,"{""type"":""MultiPoint"",""coordinates"":[]}"
20190715,-0.009843645365044517,2019-07-15,"{""type"":""MultiPoint"",""coordinates"":[]}"
20190716,-0.010196733389015153,2019-07-16,"{""type"":""MultiPoint"",""coordinates"":[]}"
20190717,-0.010023738418673671,2019-07-17,"{""type"":""MultiPoint"",""coordinates"":[]}"
20190718,-0.009315683028602,2019-07-18,"{""type"":""MultiPoint"",""coordinates"":[]}"
20190719,-0.003770531058811913,2019-07-19,"{""type"":""MultiPoint"",""coordinates"":[]}"
20190720,-0.005332534563005444,2019-07-20,"{""type"":""MultiPoint"",""coordinates"":[]}"
20190721,-0.00683814551909619,2019-07-21,"{""type"":""MultiPoint"",""coordinates"":[]}"
20190722,-0.006317307700460973,2019-07-22,"{""type"":""MultiPoint"",""coordinates"":[]}"
20190723,-0.006966376551654549,2019-07-23,"{""type"":""MultiPoint"",""coordinates"":[]}"
20190724,-0.008698516992444703,2019-07-24,"{""type"":""MultiPoint"",""coordinates"":[]}"
20190725,-0.008141098823177153,2019-07-25,"{""type"":""MultiPoint"",""coordinates"":[]}"
20190726,-0.004398522386228427,2019-07-26,"{""type"":""MultiPoint"",""coordinates"":[]}"
20190727,-0.004157672567251369,2019-07-27,"{""type"":""MultiPoint"",""coordinates"":[]}"
20190728,-0.002787688928431007,2019-07-28,"{""type"":""MultiPoint"",""coordinates"":[]}"
20190729,-0.0023707357377324278,2019-07-29,"{""type"":""MultiPoint"",""coordinates"":[]}"
20190730,-0.005795351183311637,2019-07-30,"{""type"":""MultiPoint"",""coordinates"":[]}"
20190731,-0.00901883280347043,2019-07-31,"{""type"":""MultiPoint"",""coordinates"":[]}"
20190801,-0.006580441749946809,2019-08-01,"{""type"":""MultiPoint"",""coordinates"":[]}"
20190802,-0.003398014565089914,2019-08-02,"{""type"":""MultiPoint"",""coordinates"":[]}"
20190803,-0.0041362939181961225,2019-08-03,"{""type"":""MultiPoint"",""coordinates"":[]}"
20190804,-0.005019478785041185,2019-08-04,"{""type"":""MultiPoint"",""coordinates"":[]}"
20190805,-0.004690539114178158,2019-08-05,"{""type"":""MultiPoint"",""coordinates"":[]}"
20190806,-0.0032043460963147303,2019-08-06,"{""type"":""MultiPoint"",""coordinates"":[]}"
20190807,-0.0037413165820797847,2019-08-07,"{""type"":""MultiPoint"",""coordinates"":[]}"
20190808,-0.005967443850281197,2019-08-08,"{""type"":""MultiPoint"",""coordinates"":[]}"
20190809,-0.0069616957652968185,2019-08-09,"{""type"":""MultiPoint"",""coordinates"":[]}"
20190810,-0.008333216396275798,2019-08-10,"{""type"":""MultiPoint"",""coordinates"":[]}"
20190811,-0.008206100115277249,2019-08-11,"{""type"":""MultiPoint"",""coordinates"":[]}"
20190812,-0.007585618888503776,2019-08-12,"{""type"":""MultiPoint"",""coordinates"":[]}"
20190813,-0.005445786710399961,2019-08-13,"{""type"":""MultiPoint"",""coordinates"":[]}"
20190814,-0.006740707734747875,2019-08-14,"{""type"":""MultiPoint"",""coordinates"":[]}"
20190815,-0.007715176118509765,2019-08-15,"{""type"":""MultiPoint"",""coordinates"":[]}"
20190816,-0.008710798807636224,2019-08-16,"{""type"":""MultiPoint"",""coordinates"":[]}"
20190817,-0.007693994236621288,2019-08-17,"{""type"":""MultiPoint"",""coordinates"":[]}"
20190818,-0.004946071021077216,2019-08-18,"{""type"":""MultiPoint"",""coordinates"":[]}"
20190819,-0.005891511555076702,2019-08-19,"{""type"":""MultiPoint"",""coordinates"":[]}"
20190820,-0.006777596543111317,2019-08-20,"{""type"":""MultiPoint"",""coordinates"":[]}"
20190821,-0.004528494502027619,2019-08-21,"{""type"":""MultiPoint"",""coordinates"":[]}"
20190822,-0.006014472993991142,2019-08-22,"{""type"":""MultiPoint"",""coordinates"":[]}"
20190823,-0.003534039159059087,2019-08-23,"{""type"":""MultiPoint"",""coordinates"":[]}"
20190824,-0.008550443611764342,2019-08-24,"{""type"":""MultiPoint"",""coordinates"":[]}"
20190825,-0.007909038033061803,2019-08-25,"{""type"":""MultiPoint"",""coordinates"":[]}"
20190826,-0.007986781188480915,2019-08-26,"{""type"":""MultiPoint"",""coordinates"":[]}"
20190827,-0.009825883805844936,2019-08-27,"{""type"":""MultiPoint"",""coordinates"":[]}"
20190828,-0.008758621758102372,2019-08-28,"{""type"":""MultiPoint"",""coordinates"":[]}"
20190829,-0.007245042113150066,2019-08-29,"{""type"":""MultiPoint"",""coordinates"":[]}"
20190830,-0.00649175974873956,2019-08-30,"{""type"":""MultiPoint"",""coordinates"":[]}"
20190831,-0.0034591918000529583,2019-08-31,"{""type"":""MultiPoint"",""coordinates"":[]}"
20190901,-0.002345062432950912,2019-09-01,"{""type"":""MultiPoint"",""coordinates"":[]}"
20190902,-0.0026558016180555006,2019-09-02,"{""type"":""MultiPoint"",""coordinates"":[]}"
20190903,-0.0036535471476916545,2019-09-03,"{""type"":""MultiPoint"",""coordinates"":[]}"
20190904,-0.003141343585370387,2019-09-04,"{""type"":""MultiPoint"",""coordinates"":[]}"
20190905,-0.007227649018829718,2019-09-05,"{""type"":""MultiPoint"",""coordinates"":[]}"
20190906,-0.005693714740051666,2019-09-06,"{""type"":""MultiPoint"",""coordinates"":[]}"
20190907,-0.0039108611532792815,2019-09-07,"{""type"":""MultiPoint"",""coordinates"":[]}"
20190908,-0.0060470604782360505,2019-09-08,"{""type"":""MultiPoint"",""coordinates"":[]}"
20190909,-0.008352822026174121,2019-09-09,"{""type"":""MultiPoint"",""coordinates"":[]}"
20190910,-0.007562845163325169,2019-09-10,"{""type"":""MultiPoint"",""coordinates"":[]}"
20190911,-0.0066219941790568145,2019-09-11,"{""type"":""MultiPoint"",""coordinates"":[]}"
20190912,-0.006657284483188757,2019-09-12,"{""type"":""MultiPoint"",""coordinates"":[]}"
20190913,-0.005483788795357243,2019-09-13,"{""type"":""MultiPoint"",""coordinates"":[]}"
20190914,-0.006646179593051737,2019-09-14,"{""type"":""MultiPoint"",""coordinates"":[]}"
20190915,-0.006818815765734675,2019-09-15,"{""type"":""MultiPoint"",""coordinates"":[]}"
20190916,-0.005450707417001795,2019-09-16,"{""type"":""MultiPoint"",""coordinates"":[]}"
20190917,-0.0040919340717277914,2019-09-17,"{""type"":""MultiPoint"",""coordinates"":[]}"
20190918,-0.0020756203977869148,2019-09-18,"{""type"":""MultiPoint"",""coordinates"":[]}"
20190919,-0.0036720723896949245,2019-09-19,"{""type"":""MultiPoint"",""coordinates"":[]}"
20190920,-0.005029494380363797,2019-09-20,"{""type"":""MultiPoint"",""coordinates"":[]}"
20190921,-0.004537509707809662,2019-09-21,"{""type"":""MultiPoint"",""coordinates"":[]}"
20190922,-0.004527201877518929,2019-09-22,"{""type"":""MultiPoint"",""coordinates"":[]}"
20190923,-0.004154443106432398,2019-09-23,"{""type"":""MultiPoint"",""coordinates"":[]}"
20190924,-0.003798703847732328,2019-09-24,"{""type"":""MultiPoint"",""coordinates"":[]}"
20190925,-0.003540503931043547,2019-09-25,"{""type"":""MultiPoint"",""coordinates"":[]}"
20190926,-0.005002834968468493,2019-09-26,"{""type"":""MultiPoint"",""coordinates"":[]}"
20190927,-0.005669405721983288,2019-09-27,"{""type"":""MultiPoint"",""coordinates"":[]}"
20190928,-0.005233801534849781,2019-09-28,"{""type"":""MultiPoint"",""coordinates"":[]}"
20190929,-0.004768098133398329,2019-09-29,"{""type"":""MultiPoint"",""coordinates"":[]}"
20190930,-0.004877527017020461,2019-09-30,"{""type"":""MultiPoint"",""coordinates"":[]}"
20191001,-0.005245396572075275,2019-10-01,"{""type"":""MultiPoint"",""coordinates"":[]}"
20191002,-0.005912980791754889,2019-10-02,"{""type"":""MultiPoint"",""coordinates"":[]}"
20191003,-0.0048136024128271095,2019-10-03,"{""type"":""MultiPoint"",""coordinates"":[]}"
20191004,-0.005218369556654792,2019-10-04,"{""type"":""MultiPoint"",""coordinates"":[]}"
20191005,-0.004974903340986447,2019-10-05,"{""type"":""MultiPoint"",""coordinates"":[]}"
20191006,-0.0042594378564418745,2019-10-06,"{""type"":""MultiPoint"",""coordinates"":[]}"
20191007,-0.004999006449799972,2019-10-07,"{""type"":""MultiPoint"",""coordinates"":[]}"
20191008,-0.004311976111536498,2019-10-08,"{""type"":""MultiPoint"",""coordinates"":[]}"
20191009,-0.004127986299321773,2019-10-09,"{""type"":""MultiPoint"",""coordinates"":[]}"
20191010,-0.004450919734728308,2019-10-10,"{""type"":""MultiPoint"",""coordinates"":[]}"
20191011,-0.0033567076537059136,2019-10-11,"{""type"":""MultiPoint"",""coordinates"":[]}"
20191012,-0.0035532953210562794,2019-10-12,"{""type"":""MultiPoint"",""coordinates"":[]}"
20191013,-0.00383792381079064,2019-10-13,"{""type"":""MultiPoint"",""coordinates"":[]}"
20191014,-0.005020113344368644,2019-10-14,"{""type"":""MultiPoint"",""coordinates"":[]}"
20191015,-0.0051835712898092474,2019-10-15,"{""type"":""MultiPoint"",""coordinates"":[]}"
20191016,-0.0036899969748563737,2019-10-16,"{""type"":""MultiPoint"",""coordinates"":[]}"
20191017,-0.002830740494516284,2019-10-17,"{""type"":""MultiPoint"",""coordinates"":[]}"
20191018,-0.004688530743259941,2019-10-18,"{""type"":""MultiPoint"",""coordinates"":[]}"
20191019,-0.00408238400869893,2019-10-19,"{""type"":""MultiPoint"",""coordinates"":[]}"
20191020,-0.003293814428706057,2019-10-20,"{""type"":""MultiPoint"",""coordinates"":[]}"
20191021,-0.002697164527542556,2019-10-21,"{""type"":""MultiPoint"",""coordinates"":[]}"
20191022,-0.004214190190512914,2019-10-22,"{""type"":""MultiPoint"",""coordinates"":[]}"
20191023,-0.0032695590736625192,2019-10-23,"{""type"":""MultiPoint"",""coordinates"":[]}"
20191024,-0.003222463599015904,2019-10-24,"{""type"":""MultiPoint"",""coordinates"":[]}"
20191025,-0.003542796705732933,2019-10-25,"{""type"":""MultiPoint"",""coordinates"":[]}"
20191026,-0.00583777038792709,2019-10-26,"{""type"":""MultiPoint"",""coordinates"":[]}"
20191027,-0.004257661051921852,2019-10-27,"{""type"":""MultiPoint"",""coordinates"":[]}"
20191028,-0.0049606586015866734,2019-10-28,"{""type"":""MultiPoint"",""coordinates"":[]}"
20191029,-0.004470046501446973,2019-10-29,"{""type"":""MultiPoint"",""coordinates"":[]}"
20191030,-0.004519043675864399,2019-10-30,"{""type"":""MultiPoint"",""coordinates"":[]}"
20191031,-0.0034964189771287285,2019-10-31,"{""type"":""MultiPoint"",""coordinates"":[]}"
20191101,-0.004265382299796158,2019-11-01,"{""type"":""MultiPoint"",""coordinates"":[]}"
20191102,-0.004780983459433395,2019-11-02,"{""type"":""MultiPoint"",""coordinates"":[]}"
20191103,-0.004338494593708252,2019-11-03,"{""type"":""MultiPoint"",""coordinates"":[]}"
20191104,-0.005664933363747277,2019-11-04,"{""type"":""MultiPoint"",""coordinates"":[]}"
20191105,-0.005595497589705364,2019-11-05,"{""type"":""MultiPoint"",""coordinates"":[]}"
20191106,-0.005261266057434378,2019-11-06,"{""type"":""MultiPoint"",""coordinates"":[]}"
20191107,-0.0052622805969931895,2019-11-07,"{""type"":""MultiPoint"",""coordinates"":[]}"
20191108,-0.004845913121771466,2019-11-08,"{""type"":""MultiPoint"",""coordinates"":[]}"
20191109,-0.005641588593585834,2019-11-09,"{""type"":""MultiPoint"",""coordinates"":[]}"
20191110,-0.006432918000077944,2019-11-10,"{""type"":""MultiPoint"",""coordinates"":[]}"
20191111,-0.005407410526447999,2019-11-11,"{""type"":""MultiPoint"",""coordinates"":[]}"
20191112,-0.00583764887538084,2019-11-12,"{""type"":""MultiPoint"",""coordinates"":[]}"
20191113,-0.005531375108938614,2019-11-13,"{""type"":""MultiPoint"",""coordinates"":[]}"
20191114,-0.005036788293713454,2019-11-14,"{""type"":""MultiPoint"",""coordinates"":[]}"
20191115,-0.0022566605583929193,2019-11-15,"{""type"":""MultiPoint"",""coordinates"":[]}"
20191116,-0.0052976259251794056,2019-11-16,"{""type"":""MultiPoint"",""coordinates"":[]}"
20191117,-0.006339925623006129,2019-11-17,"{""type"":""MultiPoint"",""coordinates"":[]}"
20191118,-0.006640407248516223,2019-11-18,"{""type"":""MultiPoint"",""coordinates"":[]}"
20191119,-0.004156496292131883,2019-11-19,"{""type"":""MultiPoint"",""coordinates"":[]}"
20191120,-0.004660853914209612,2019-11-20,"{""type"":""MultiPoint"",""coordinates"":[]}"
20191121,-0.005219937719926571,2019-11-21,"{""type"":""MultiPoint"",""coordinates"":[]}"
20191122,-0.005818666649273798,2019-11-22,"{""type"":""MultiPoint"",""coordinates"":[]}"
20191123,-0.005828302623094424,2019-11-23,"{""type"":""MultiPoint"",""coordinates"":[]}"
20191124,-0.005608982105067167,2019-11-24,"{""type"":""MultiPoint"",""coordinates"":[]}"
20191125,-0.006346302248621053,2019-11-25,"{""type"":""MultiPoint"",""coordinates"":[]}"
20191126,-0.0059054404047919964,2019-11-26,"{""type"":""MultiPoint"",""coordinates"":[]}"
20191127,-0.006062048688810952,2019-11-27,"{""type"":""MultiPoint"",""coordinates"":[]}"
20191128,-0.0055918795989127875,2019-11-28,"{""type"":""MultiPoint"",""coordinates"":[]}"
20191129,-0.004876522090973828,2019-11-29,"{""type"":""MultiPoint"",""coordinates"":[]}"
20191130,-0.005443603510687541,2019-11-30,"{""type"":""MultiPoint"",""coordinates"":[]}"
20191201,-0.005072169834782449,2019-12-01,"{""type"":""MultiPoint"",""coordinates"":[]}"
20191202,-0.00217735390038961,2019-12-02,"{""type"":""MultiPoint"",""coordinates"":[]}"
20191203,-0.002086268814827105,2019-12-03,"{""type"":""MultiPoint"",""coordinates"":[]}"
20191204,-0.004759583460781205,2019-12-04,"{""type"":""MultiPoint"",""coordinates"":[]}"
20191205,-0.004432525817939571,2019-12-05,"{""type"":""MultiPoint"",""coordinates"":[]}"
20191206,-0.004364618951529035,2019-12-06,"{""type"":""MultiPoint"",""coordinates"":[]}"
20191207,-0.006313341434996419,2019-12-07,"{""type"":""MultiPoint"",""coordinates"":[]}"
20191208,-0.004413175428869615,2019-12-08,"{""type"":""MultiPoint"",""coordinates"":[]}"
20191209,-0.004486759890559624,2019-12-09,"{""type"":""MultiPoint"",""coordinates"":[]}"
20191210,-0.004948940797892059,2019-12-10,"{""type"":""MultiPoint"",""coordinates"":[]}"
20191211,-0.0050610025223220235,2019-12-11,"{""type"":""MultiPoint"",""coordinates"":[]}"
20191212,-0.005436422472128228,2019-12-12,"{""type"":""MultiPoint"",""coordinates"":[]}"
20191213,-0.0057397077999513275,2019-12-13,"{""type"":""MultiPoint"",""coordinates"":[]}"
20191214,-0.005436841859811894,2019-12-14,"{""type"":""MultiPoint"",""coordinates"":[]}"
20191215,-0.005506765336429106,2019-12-15,"{""type"":""MultiPoint"",""coordinates"":[]}"
20191216,-0.005434727649296755,2019-12-16,"{""type"":""MultiPoint"",""coordinates"":[]}"
20191217,-0.004934273276927746,2019-12-17,"{""type"":""MultiPoint"",""coordinates"":[]}"
20191218,-0.0045593910894397285,2019-12-18,"{""type"":""MultiPoint"",""coordinates"":[]}"
20191219,-0.0045814996290241185,2019-12-19,"{""type"":""MultiPoint"",""coordinates"":[]}"
20191220,-0.005460000311749904,2019-12-20,"{""type"":""MultiPoint"",""coordinates"":[]}"
20191221,-0.005772306374071428,2019-12-21,"{""type"":""MultiPoint"",""coordinates"":[]}"
20191222,-0.005278390062048294,2019-12-22,"{""type"":""MultiPoint"",""coordinates"":[]}"
20191223,-0.005999640383633818,2019-12-23,"{""type"":""MultiPoint"",""coordinates"":[]}"
20191224,-0.006307345202671614,2019-12-24,"{""type"":""MultiPoint"",""coordinates"":[]}"
20191225,-0.0059864576377418235,2019-12-25,"{""type"":""MultiPoint"",""coordinates"":[]}"
20191226,-0.004766792717882879,2019-12-26,"{""type"":""MultiPoint"",""coordinates"":[]}"
20191227,-0.004879419020853608,2019-12-27,"{""type"":""MultiPoint"",""coordinates"":[]}"
20191228,-0.006299607953387872,2019-12-28,"{""type"":""MultiPoint"",""coordinates"":[]}"
20191229,-0.005740431290941194,2019-12-29,"{""type"":""MultiPoint"",""coordinates"":[]}"
20191230,-0.004972385919913931,2019-12-30,"{""type"":""MultiPoint"",""coordinates"":[]}"
20191231,-0.003750995650146747,2019-12-31,"{""type"":""MultiPoint"",""coordinates"":[]}"
20200101,-0.00485581375931401,2020-01-01,"{""type"":""MultiPoint"",""coordinates"":[]}"
20200102,-0.004437105066503374,2020-01-02,"{""type"":""MultiPoint"",""coordinates"":[]}"
20200103,-0.004231531536066511,2020-01-03,"{""type"":""MultiPoint"",""coordinates"":[]}"
20200104,-0.004110922509394337,2020-01-04,"{""type"":""MultiPoint"",""coordinates"":[]}"
20200105,-0.006274633044839934,2020-01-05,"{""type"":""MultiPoint"",""coordinates"":[]}"
20200106,-0.005027994923465892,2020-01-06,"{""type"":""MultiPoint"",""coordinates"":[]}"
20200107,-0.003816933177131835,2020-01-07,"{""type"":""MultiPoint"",""coordinates"":[]}"
20200108,-0.004847886594578725,2020-01-08,"{""type"":""MultiPoint"",""coordinates"":[]}"
20200109,-0.0036522727446474824,2020-01-09,"{""type"":""MultiPoint"",""coordinates"":[]}"
20200110,-0.004803219307115451,2020-01-10,"{""type"":""MultiPoint"",""coordinates"":[]}"
20200111,-0.006501017655500338,2020-01-11,"{""type"":""MultiPoint"",""coordinates"":[]}"
20200112,-0.006388559575332761,2020-01-12,"{""type"":""MultiPoint"",""coordinates"":[]}"
20200113,-0.006094390058482438,2020-01-13,"{""type"":""MultiPoint"",""coordinates"":[]}"
20200114,-0.006840031399228254,2020-01-14,"{""type"":""MultiPoint"",""coordinates"":[]}"
20200115,-0.007738514736874054,2020-01-15,"{""type"":""MultiPoint"",""coordinates"":[]}"
20200116,-0.00771115422733148,2020-01-16,"{""type"":""MultiPoint"",""coordinates"":[]}"
20200117,-0.0058362453209195985,2020-01-17,"{""type"":""MultiPoint"",""coordinates"":[]}"
20200118,-0.006668653740564323,2020-01-18,"{""type"":""MultiPoint"",""coordinates"":[]}"
20200119,-0.00569518680297249,2020-01-19,"{""type"":""MultiPoint"",""coordinates"":[]}"
20200120,-0.005623941612015656,2020-01-20,"{""type"":""MultiPoint"",""coordinates"":[]}"
20200121,-0.007635465430661517,2020-01-21,"{""type"":""MultiPoint"",""coordinates"":[]}"
20200122,-0.007645695969133937,2020-01-22,"{""type"":""MultiPoint"",""coordinates"":[]}"
20200123,-0.0071413655903079685,2020-01-23,"{""type"":""MultiPoint"",""coordinates"":[]}"
20200124,-0.007547507421516556,2020-01-24,"{""type"":""MultiPoint"",""coordinates"":[]}"
20200125,-0.006633393859817584,2020-01-25,"{""type"":""MultiPoint"",""coordinates"":[]}"
20200126,-0.0071995547312555955,2020-01-26,"{""type"":""MultiPoint"",""coordinates"":[]}"
20200127,-0.008279121375909977,2020-01-27,"{""type"":""MultiPoint"",""coordinates"":[]}"
20200128,-0.008767071370935879,2020-01-28,"{""type"":""MultiPoint"",""coordinates"":[]}"
20200129,-0.007967578593267887,2020-01-29,"{""type"":""MultiPoint"",""coordinates"":[]}"
20200130,-0.007118781468419615,2020-01-30,"{""type"":""MultiPoint"",""coordinates"":[]}"
20200131,-0.0080943860424385,2020-01-31,"{""type"":""MultiPoint"",""coordinates"":[]}"
20200201,-0.008591556254048024,2020-02-01,"{""type"":""MultiPoint"",""coordinates"":[]}"
20200202,-0.007153002489899156,2020-02-02,"{""type"":""MultiPoint"",""coordinates"":[]}"
20200203,-0.008192876544866596,2020-02-03,"{""type"":""MultiPoint"",""coordinates"":[]}"
20200204,-0.009263314082743578,2020-02-04,"{""type"":""MultiPoint"",""coordinates"":[]}"
20200205,-0.00724053420562626,2020-02-05,"{""type"":""MultiPoint"",""coordinates"":[]}"
20200206,-0.009087680712453406,2020-02-06,"{""type"":""MultiPoint"",""coordinates"":[]}"
20200207,-0.008514262371370903,2020-02-07,"{""type"":""MultiPoint"",""coordinates"":[]}"
20200208,-0.005925603994977113,2020-02-08,"{""type"":""MultiPoint"",""coordinates"":[]}"
20200209,-0.0019846662943875017,2020-02-09,"{""type"":""MultiPoint"",""coordinates"":[]}"
20200210,-0.004696647155505428,2020-02-10,"{""type"":""MultiPoint"",""coordinates"":[]}"
20200211,-0.0054016312923218885,2020-02-11,"{""type"":""MultiPoint"",""coordinates"":[]}"
20200212,-0.005725579869722822,2020-02-12,"{""type"":""MultiPoint"",""coordinates"":[]}"
20200213,-0.008296330575874892,2020-02-13,"{""type"":""MultiPoint"",""coordinates"":[]}"
20200214,-0.007639158382851002,2020-02-14,"{""type"":""MultiPoint"",""coordinates"":[]}"
20200215,-0.007880113467551146,2020-02-15,"{""type"":""MultiPoint"",""coordinates"":[]}"
20200216,-0.00885885746721859,2020-02-16,"{""type"":""MultiPoint"",""coordinates"":[]}"
20200217,-0.008601126748041055,2020-02-17,"{""type"":""MultiPoint"",""coordinates"":[]}"
20200218,-0.00954541511521041,2020-02-18,"{""type"":""MultiPoint"",""coordinates"":[]}"
20200219,-0.00885370753876562,2020-02-19,"{""type"":""MultiPoint"",""coordinates"":[]}"
20200220,-0.009872110172081077,2020-02-20,"{""type"":""MultiPoint"",""coordinates"":[]}"
20200221,-0.010761119098388939,2020-02-21,"{""type"":""MultiPoint"",""coordinates"":[]}"
20200222,-0.010380201759312402,2020-02-22,"{""type"":""MultiPoint"",""coordinates"":[]}"
20200223,-0.010589662429855397,2020-02-23,"{""type"":""MultiPoint"",""coordinates"":[]}"
20200224,-0.010718153322794584,2020-02-24,"{""type"":""MultiPoint"",""coordinates"":[]}"
20200225,-0.007635113640255548,2020-02-25,"{""type"":""MultiPoint"",""coordinates"":[]}"
20200226,-0.008709449459493963,2020-02-26,"{""type"":""MultiPoint"",""coordinates"":[]}"
20200227,-0.011372770767799738,2020-02-27,"{""type"":""MultiPoint"",""coordinates"":[]}"
20200228,-0.009017998113985475,2020-02-28,"{""type"":""MultiPoint"",""coordinates"":[]}"
20200229,-0.008934163292279675,2020-02-29,"{""type"":""MultiPoint"",""coordinates"":[]}"
20200301,-0.008454690897341565,2020-03-01,"{""type"":""MultiPoint"",""coordinates"":[]}"
20200302,-0.005815306511467818,2020-03-02,"{""type"":""MultiPoint"",""coordinates"":[]}"
20200303,-0.007464791562986738,2020-03-03,"{""type"":""MultiPoint"",""coordinates"":[]}"
20200304,-0.009099431608504488,2020-03-04,"{""type"":""MultiPoint"",""coordinates"":[]}"
20200305,-0.008553537180438244,2020-03-05,"{""type"":""MultiPoint"",""coordinates"":[]}"
20200306,-0.01002080489933066,2020-03-06,"{""type"":""MultiPoint"",""coordinates"":[]}"
20200307,-0.008136760431807003,2020-03-07,"{""type"":""MultiPoint"",""coordinates"":[]}"
20200308,-0.007368933628788048,2020-03-08,"{""type"":""MultiPoint"",""coordinates"":[]}"
20200309,-0.0077947121112141695,2020-03-09,"{""type"":""MultiPoint"",""coordinates"":[]}"
20200310,-0.009594727754766753,2020-03-10,"{""type"":""MultiPoint"",""coordinates"":[]}"
20200311,-0.008955339124665524,2020-03-11,"{""type"":""MultiPoint"",""coordinates"":[]}"
20200312,-0.008351423063634945,2020-03-12,"{""type"":""MultiPoint"",""coordinates"":[]}"
20200313,-0.011037557838775145,2020-03-13,"{""type"":""MultiPoint"",""coordinates"":[]}"
20200314,-0.00974835658563073,2020-03-14,"{""type"":""MultiPoint"",""coordinates"":[]}"
20200315,-0.010603375280412308,2020-03-15,"{""type"":""MultiPoint"",""coordinates"":[]}"
20200316,-0.011448687040949618,2020-03-16,"{""type"":""MultiPoint"",""coordinates"":[]}"
20200317,-0.013118327946300343,2020-03-17,"{""type"":""MultiPoint"",""coordinates"":[]}"
20200318,-0.010010726144667335,2020-03-18,"{""type"":""MultiPoint"",""coordinates"":[]}"
20200319,-0.007440563835226312,2020-03-19,"{""type"":""MultiPoint"",""coordinates"":[]}"
20200320,-0.009848304830211825,2020-03-20,"{""type"":""MultiPoint"",""coordinates"":[]}"
20200321,-0.009382247216659582,2020-03-21,"{""type"":""MultiPoint"",""coordinates"":[]}"
20200322,-0.008275703405529473,2020-03-22,"{""type"":""MultiPoint"",""coordinates"":[]}"
20200323,-0.009289582464891333,2020-03-23,"{""type"":""MultiPoint"",""coordinates"":[]}"
20200324,-0.00956073459581642,2020-03-24,"{""type"":""MultiPoint"",""coordinates"":[]}"
20200325,-0.010457571223517885,2020-03-25,"{""type"":""MultiPoint"",""coordinates"":[]}"
20200326,-0.010954691263000246,2020-03-26,"{""type"":""MultiPoint"",""coordinates"":[]}"
20200327,-0.013274495823671979,2020-03-27,"{""type"":""MultiPoint"",""coordinates"":[]}"
20200328,-0.0104750525977029,2020-03-28,"{""type"":""MultiPoint"",""coordinates"":[]}"
20200329,-0.01072265968938098,2020-03-29,"{""type"":""MultiPoint"",""coordinates"":[]}"
20200330,-0.011079477689173962,2020-03-30,"{""type"":""MultiPoint"",""coordinates"":[]}"
20200331,-0.009053589210433907,2020-03-31,"{""type"":""MultiPoint"",""coordinates"":[]}"
20200401,-0.008823858567435642,2020-04-01,"{""type"":""MultiPoint"",""coordinates"":[]}"
20200402,-0.009924994690262319,2020-04-02,"{""type"":""MultiPoint"",""coordinates"":[]}"
20200403,-0.011057184551124939,2020-04-03,"{""type"":""MultiPoint"",""coordinates"":[]}"
20200404,-0.011359540569045364,2020-04-04,"{""type"":""MultiPoint"",""coordinates"":[]}"
20200405,-0.012434696190577953,2020-04-05,"{""type"":""MultiPoint"",""coordinates"":[]}"
20200406,-0.008698750147434948,2020-04-06,"{""type"":""MultiPoint"",""coordinates"":[]}"
20200407,-0.009376386388912167,2020-04-07,"{""type"":""MultiPoint"",""coordinates"":[]}"
20200408,-0.010447251745000812,2020-04-08,"{""type"":""MultiPoint"",""coordinates"":[]}"
20200409,-0.009344838446777578,2020-04-09,"{""type"":""MultiPoint"",""coordinates"":[]}"
20200410,-0.011369189153654315,2020-04-10,"{""type"":""MultiPoint"",""coordinates"":[]}"
20200411,-0.012642471827208053,2020-04-11,"{""type"":""MultiPoint"",""coordinates"":[]}"
20200412,-0.012165804914724998,2020-04-12,"{""type"":""MultiPoint"",""coordinates"":[]}"
20200413,-0.011903771163622607,2020-04-13,"{""type"":""MultiPoint"",""coordinates"":[]}"
20200414,-0.012278139271139181,2020-04-14,"{""type"":""MultiPoint"",""coordinates"":[]}"
20200415,-0.013698449860735925,2020-04-15,"{""type"":""MultiPoint"",""coordinates"":[]}"
20200416,-0.012491032698821652,2020-04-16,"{""type"":""MultiPoint"",""coordinates"":[]}"
20200417,-0.01186282468692001,2020-04-17,"{""type"":""MultiPoint"",""coordinates"":[]}"
20200418,-0.010054299959073818,2020-04-18,"{""type"":""MultiPoint"",""coordinates"":[]}"
20200419,-0.01044874890671382,2020-04-19,"{""type"":""MultiPoint"",""coordinates"":[]}"
20200420,-0.010279473682586944,2020-04-20,"{""type"":""MultiPoint"",""coordinates"":[]}"
20200421,-0.010415031962694936,2020-04-21,"{""type"":""MultiPoint"",""coordinates"":[]}"
20200422,-0.01192017629322889,2020-04-22,"{""type"":""MultiPoint"",""coordinates"":[]}"
20200423,-0.01168784497088356,2020-04-23,"{""type"":""MultiPoint"",""coordinates"":[]}"
20200424,-0.011297812805593672,2020-04-24,"{""type"":""MultiPoint"",""coordinates"":[]}"
20200425,-0.012268049799766121,2020-04-25,"{""type"":""MultiPoint"",""coordinates"":[]}"
20200426,-0.010190987465649755,2020-04-26,"{""type"":""MultiPoint"",""coordinates"":[]}"
20200427,-0.011282589385445312,2020-04-27,"{""type"":""MultiPoint"",""coordinates"":[]}"
20200428,-0.010096183631981587,2020-04-28,"{""type"":""MultiPoint"",""coordinates"":[]}"
20200429,-0.009568782171452659,2020-04-29,"{""type"":""MultiPoint"",""coordinates"":[]}"
20200430,-0.01085534467849241,2020-04-30,"{""type"":""MultiPoint"",""coordinates"":[]}"
20200501,-0.010291698881406686,2020-05-01,"{""type"":""MultiPoint"",""coordinates"":[]}"
20200502,-0.011130165074166073,2020-05-02,"{""type"":""MultiPoint"",""coordinates"":[]}"
20200503,-0.012918265622811266,2020-05-03,"{""type"":""MultiPoint"",""coordinates"":[]}"
20200504,-0.012443780323156062,2020-05-04,"{""type"":""MultiPoint"",""coordinates"":[]}"
20200505,-0.011232457181557628,2020-05-05,"{""type"":""MultiPoint"",""coordinates"":[]}"
20200506,-0.011921177999714453,2020-05-06,"{""type"":""MultiPoint"",""coordinates"":[]}"
20200507,-0.01101297673869145,2020-05-07,"{""type"":""MultiPoint"",""coordinates"":[]}"
20200508,-0.011234036194568598,2020-05-08,"{""type"":""MultiPoint"",""coordinates"":[]}"
20200509,-0.011520748814018655,2020-05-09,"{""type"":""MultiPoint"",""coordinates"":[]}"
20200510,-0.008632221875311093,2020-05-10,"{""type"":""MultiPoint"",""coordinates"":[]}"
20200511,-0.010291184896123651,2020-05-11,"{""type"":""MultiPoint"",""coordinates"":[]}"
20200512,-0.010818885019876953,2020-05-12,"{""type"":""MultiPoint"",""coordinates"":[]}"
20200513,-0.010363926290422636,2020-05-13,"{""type"":""MultiPoint"",""coordinates"":[]}"
20200514,-0.0109361766625769,2020-05-14,"{""type"":""MultiPoint"",""coordinates"":[]}"
20200515,-0.010495211787981618,2020-05-15,"{""type"":""MultiPoint"",""coordinates"":[]}"
20200516,-0.008523678296008174,2020-05-16,"{""type"":""MultiPoint"",""coordinates"":[]}"
20200517,-0.010293107241382203,2020-05-17,"{""type"":""MultiPoint"",""coordinates"":[]}"
20200518,-0.012664611279297596,2020-05-18,"{""type"":""MultiPoint"",""coordinates"":[]}"
20200519,-0.01599429457010023,2020-05-19,"{""type"":""MultiPoint"",""coordinates"":[]}"
20200520,-0.017171393454204015,2020-05-20,"{""type"":""MultiPoint"",""coordinates"":[]}"
20200521,-0.016573819225921233,2020-05-21,"{""type"":""MultiPoint"",""coordinates"":[]}"
20200522,-0.013959113126915192,2020-05-22,"{""type"":""MultiPoint"",""coordinates"":[]}"
20200523,-0.016227399075135342,2020-05-23,"{""type"":""MultiPoint"",""coordinates"":[]}"
20200524,-0.012263695540326431,2020-05-24,"{""type"":""MultiPoint"",""coordinates"":[]}"
20200525,-0.012650840120706183,2020-05-25,"{""type"":""MultiPoint"",""coordinates"":[]}"
20200526,-0.012334937956447264,2020-05-26,"{""type"":""MultiPoint"",""coordinates"":[]}"
20200527,-0.013231624964978714,2020-05-27,"{""type"":""MultiPoint"",""coordinates"":[]}"
20200528,-0.015928349616594718,2020-05-28,"{""type"":""MultiPoint"",""coordinates"":[]}"
20200529,-0.015025127247578797,2020-05-29,"{""type"":""MultiPoint"",""coordinates"":[]}"
20200530,-0.012352229001966733,2020-05-30,"{""type"":""MultiPoint"",""coordinates"":[]}"
20200531,-0.010642018327961779,2020-05-31,"{""type"":""MultiPoint"",""coordinates"":[]}"
20200601,-0.007210255855122943,2020-06-01,"{""type"":""MultiPoint"",""coordinates"":[]}"
20200602,-0.0068921409542672145,2020-06-02,"{""type"":""MultiPoint"",""coordinates"":[]}"
20200603,-0.010264532967561822,2020-06-03,"{""type"":""MultiPoint"",""coordinates"":[]}"
20200604,-0.012655309793982567,2020-06-04,"{""type"":""MultiPoint"",""coordinates"":[]}"
20200605,-0.01170816574568718,2020-06-05,"{""type"":""MultiPoint"",""coordinates"":[]}"
20200606,-0.013185609344091409,2020-06-06,"{""type"":""MultiPoint"",""coordinates"":[]}"
20200607,-0.012600862933538164,2020-06-07,"{""type"":""MultiPoint"",""coordinates"":[]}"
20200608,-0.0139204710077778,2020-06-08,"{""type"":""MultiPoint"",""coordinates"":[]}"
20200609,-0.012308279537072728,2020-06-09,"{""type"":""MultiPoint"",""coordinates"":[]}"
20200610,-0.008105575893223445,2020-06-10,"{""type"":""MultiPoint"",""coordinates"":[]}"
20200611,-0.0032567808212782016,2020-06-11,"{""type"":""MultiPoint"",""coordinates"":[]}"
20200612,-0.003915185879249565,2020-06-12,"{""type"":""MultiPoint"",""coordinates"":[]}"
20200613,-0.00858410015513492,2020-06-13,"{""type"":""MultiPoint"",""coordinates"":[]}"
20200614,-0.009250971543876585,2020-06-14,"{""type"":""MultiPoint"",""coordinates"":[]}"
20200615,-0.008895119332462266,2020-06-15,"{""type"":""MultiPoint"",""coordinates"":[]}"
20200616,-0.005861519902287644,2020-06-16,"{""type"":""MultiPoint"",""coordinates"":[]}"
20200617,-0.006084381795457524,2020-06-17,"{""type"":""MultiPoint"",""coordinates"":[]}"
20200618,-0.00596266869248969,2020-06-18,"{""type"":""MultiPoint"",""coordinates"":[]}"
20200619,-0.0058621390812684795,2020-06-19,"{""type"":""MultiPoint"",""coordinates"":[]}"
20200620,-0.010333241957009565,2020-06-20,"{""type"":""MultiPoint"",""coordinates"":[]}"
20200621,-0.007556607217109479,2020-06-21,"{""type"":""MultiPoint"",""coordinates"":[]}"
20200622,-0.005912484672622009,2020-06-22,"{""type"":""MultiPoint"",""coordinates"":[]}"
20200623,-0.009765709858042948,2020-06-23,"{""type"":""MultiPoint"",""coordinates"":[]}"
20200624,-0.007467408470219286,2020-06-24,"{""type"":""MultiPoint"",""coordinates"":[]}"
20200625,-0.008260515790172378,2020-06-25,"{""type"":""MultiPoint"",""coordinates"":[]}"
20200626,-0.007820536214579663,2020-06-26,"{""type"":""MultiPoint"",""coordinates"":[]}"
20200627,-0.0070976932710858955,2020-06-27,"{""type"":""MultiPoint"",""coordinates"":[]}"
20200628,-0.005177253708780455,2020-06-28,"{""type"":""MultiPoint"",""coordinates"":[]}"
20200629,-0.004952456929571027,2020-06-29,"{""type"":""MultiPoint"",""coordinates"":[]}"
20200630,-0.005884198240693339,2020-06-30,"{""type"":""MultiPoint"",""coordinates"":[]}"
20200701,-0.007657060583207333,2020-07-01,"{""type"":""MultiPoint"",""coordinates"":[]}"
20200702,-0.006866108035799355,2020-07-02,"{""type"":""MultiPoint"",""coordinates"":[]}"
20200703,-0.007538700770831829,2020-07-03,"{""type"":""MultiPoint"",""coordinates"":[]}"
20200704,-0.0028047102783934725,2020-07-04,"{""type"":""MultiPoint"",""coordinates"":[]}"
20200705,-0.003777609165950221,2020-07-05,"{""type"":""MultiPoint"",""coordinates"":[]}"
20200706,-0.004024244094857118,2020-07-06,"{""type"":""MultiPoint"",""coordinates"":[]}"
20200707,-0.007920653942716764,2020-07-07,"{""type"":""MultiPoint"",""coordinates"":[]}"
20200708,-0.007026002869209284,2020-07-08,"{""type"":""MultiPoint"",""coordinates"":[]}"
20200709,-0.0028181709939017648,2020-07-09,"{""type"":""MultiPoint"",""coordinates"":[]}"
20200710,-0.004414967319115612,2020-07-10,"{""type"":""MultiPoint"",""coordinates"":[]}"
20200711,-0.007638131325329546,2020-07-11,"{""type"":""MultiPoint"",""coordinates"":[]}"
20200712,-0.007038745082099266,2020-07-12,"{""type"":""MultiPoint"",""coordinates"":[]}"
20200713,-0.005205586148098643,2020-07-13,"{""type"":""MultiPoint"",""coordinates"":[]}"
20200714,-0.0038572936538266785,2020-07-14,"{""type"":""MultiPoint"",""coordinates"":[]}"
20200715,-0.002433564107072041,2020-07-15,"{""type"":""MultiPoint"",""coordinates"":[]}"
20200716,-0.002415773072613145,2020-07-16,"{""type"":""MultiPoint"",""coordinates"":[]}"
20200717,-0.004441457890559944,2020-07-17,"{""type"":""MultiPoint"",""coordinates"":[]}"
20200718,-0.0063015721914365785,2020-07-18,"{""type"":""MultiPoint"",""coordinates"":[]}"
20200719,-0.005154425138679414,2020-07-19,"{""type"":""MultiPoint"",""coordinates"":[]}"
20200720,-0.004241113537805541,2020-07-20,"{""type"":""MultiPoint"",""coordinates"":[]}"
20200721,-0.006143015576400398,2020-07-21,"{""type"":""MultiPoint"",""coordinates"":[]}"
20200722,-0.0056423435731278665,2020-07-22,"{""type"":""MultiPoint"",""coordinates"":[]}"
20200723,-0.0018809141473296466,2020-07-23,"{""type"":""MultiPoint"",""coordinates"":[]}"
20200724,-0.004202474332587453,2020-07-24,"{""type"":""MultiPoint"",""coordinates"":[]}"
20200725,-0.003644960867820411,2020-07-25,"{""type"":""MultiPoint"",""coordinates"":[]}"
20200726,-0.007910865562006288,2020-07-26,"{""type"":""MultiPoint"",""coordinates"":[]}"
20200727,-0.008048825215092996,2020-07-27,"{""type"":""MultiPoint"",""coordinates"":[]}"
20200728,-0.005606966188879946,2020-07-28,"{""type"":""MultiPoint"",""coordinates"":[]}"
20200729,-0.0038684067202300358,2020-07-29,"{""type"":""MultiPoint"",""coordinates"":[]}"
20200730,-0.006026777821259677,2020-07-30,"{""type"":""MultiPoint"",""coordinates"":[]}"
20200731,-0.005020071058388757,2020-07-31,"{""type"":""MultiPoint"",""coordinates"":[]}"
20200801,-0.005862224544385874,2020-08-01,"{""type"":""MultiPoint"",""coordinates"":[]}"
20200802,-0.007273084304249187,2020-08-02,"{""type"":""MultiPoint"",""coordinates"":[]}"
20200803,-0.00591246901643719,2020-08-03,"{""type"":""MultiPoint"",""coordinates"":[]}"
20200804,-0.005009943870294741,2020-08-04,"{""type"":""MultiPoint"",""coordinates"":[]}"
20200805,-0.005514314941075588,2020-08-05,"{""type"":""MultiPoint"",""coordinates"":[]}"
20200806,-0.008340484985133357,2020-08-06,"{""type"":""MultiPoint"",""coordinates"":[]}"
20200807,-0.007635260873743384,2020-08-07,"{""type"":""MultiPoint"",""coordinates"":[]}"
20200808,-0.00836831571606379,2020-08-08,"{""type"":""MultiPoint"",""coordinates"":[]}"
20200809,-0.005406060836340883,2020-08-09,"{""type"":""MultiPoint"",""coordinates"":[]}"
20200810,-0.0031906662271270567,2020-08-10,"{""type"":""MultiPoint"",""coordinates"":[]}"
20200811,-0.007343567116308263,2020-08-11,"{""type"":""MultiPoint"",""coordinates"":[]}"
20200812,-0.005582430081933213,2020-08-12,"{""type"":""MultiPoint"",""coordinates"":[]}"
20200813,-0.002589396918804489,2020-08-13,"{""type"":""MultiPoint"",""coordinates"":[]}"
20200814,-0.003310046682427728,2020-08-14,"{""type"":""MultiPoint"",""coordinates"":[]}"
20200815,-0.0027237688636930282,2020-08-15,"{""type"":""MultiPoint"",""coordinates"":[]}"
20200816,-0.0021282993154595996,2020-08-16,"{""type"":""MultiPoint"",""coordinates"":[]}"
20200817,-0.0033743666526319938,2020-08-17,"{""type"":""MultiPoint"",""coordinates"":[]}"
20200818,-0.00720325334037889,2020-08-18,"{""type"":""MultiPoint"",""coordinates"":[]}"
20200819,-0.0030748552495568765,2020-08-19,"{""type"":""MultiPoint"",""coordinates"":[]}"
20200820,-0.002011887310210544,2020-08-20,"{""type"":""MultiPoint"",""coordinates"":[]}"
20200821,-0.0036941533186054826,2020-08-21,"{""type"":""MultiPoint"",""coordinates"":[]}"
20200822,-0.006666843269037856,2020-08-22,"{""type"":""MultiPoint"",""coordinates"":[]}"
20200823,-0.006351422514921527,2020-08-23,"{""type"":""MultiPoint"",""coordinates"":[]}"
20200824,-0.0073736885654821505,2020-08-24,"{""type"":""MultiPoint"",""coordinates"":[]}"
20200825,-0.007733401489933855,2020-08-25,"{""type"":""MultiPoint"",""coordinates"":[]}"
20200826,-0.0057691862713774526,2020-08-26,"{""type"":""MultiPoint"",""coordinates"":[]}"
20200827,-0.004736078679319461,2020-08-27,"{""type"":""MultiPoint"",""coordinates"":[]}"
20200828,-0.00678894517750704,2020-08-28,"{""type"":""MultiPoint"",""coordinates"":[]}"
20200829,-0.007277414055845477,2020-08-29,"{""type"":""MultiPoint"",""coordinates"":[]}"
20200830,-0.007740288208672601,2020-08-30,"{""type"":""MultiPoint"",""coordinates"":[]}"
20200831,-0.007902851988045672,2020-08-31,"{""type"":""MultiPoint"",""coordinates"":[]}"
20200901,-0.006852253827558338,2020-09-01,"{""type"":""MultiPoint"",""coordinates"":[]}"
20200902,-0.005042063379284989,2020-09-02,"{""type"":""MultiPoint"",""coordinates"":[]}"
20200903,-0.005870749604631709,2020-09-03,"{""type"":""MultiPoint"",""coordinates"":[]}"
20200904,-0.006301243820888679,2020-09-04,"{""type"":""MultiPoint"",""coordinates"":[]}"
20200905,-0.006351471607756072,2020-09-05,"{""type"":""MultiPoint"",""coordinates"":[]}"
20200906,-0.007137520535318122,2020-09-06,"{""type"":""MultiPoint"",""coordinates"":[]}"
20200907,-0.006310206548027104,2020-09-07,"{""type"":""MultiPoint"",""coordinates"":[]}"
20200908,-0.006148302197503545,2020-09-08,"{""type"":""MultiPoint"",""coordinates"":[]}"
20200909,-0.0057811213862081845,2020-09-09,"{""type"":""MultiPoint"",""coordinates"":[]}"
20200910,-0.005282147511944802,2020-09-10,"{""type"":""MultiPoint"",""coordinates"":[]}"
20200911,-0.006423903629882293,2020-09-11,"{""type"":""MultiPoint"",""coordinates"":[]}"
20200912,-0.006323213656703215,2020-09-12,"{""type"":""MultiPoint"",""coordinates"":[]}"
20200913,-0.0030936425212368507,2020-09-13,"{""type"":""MultiPoint"",""coordinates"":[]}"
20200914,-0.0035923648430181616,2020-09-14,"{""type"":""MultiPoint"",""coordinates"":[]}"
20200915,-0.0032645817912031238,2020-09-15,"{""type"":""MultiPoint"",""coordinates"":[]}"
20200916,-0.0030686890322931906,2020-09-16,"{""type"":""MultiPoint"",""coordinates"":[]}"
20200917,-0.002996049021958281,2020-09-17,"{""type"":""MultiPoint"",""coordinates"":[]}"
20200918,-0.004670952626705528,2020-09-18,"{""type"":""MultiPoint"",""coordinates"":[]}"
20200919,-0.0034993931912207046,2020-09-19,"{""type"":""MultiPoint"",""coordinates"":[]}"
20200920,-0.0045400666094463586,2020-09-20,"{""type"":""MultiPoint"",""coordinates"":[]}"
20200921,-0.0036519647827110784,2020-09-21,"{""type"":""MultiPoint"",""coordinates"":[]}"
20200922,-0.005532929968644421,2020-09-22,"{""type"":""MultiPoint"",""coordinates"":[]}"
20200923,-0.00775559587775357,2020-09-23,"{""type"":""MultiPoint"",""coordinates"":[]}"
20200924,-0.006102303653748077,2020-09-24,"{""type"":""MultiPoint"",""coordinates"":[]}"
20200925,-0.005346651122087616,2020-09-25,"{""type"":""MultiPoint"",""coordinates"":[]}"
20200926,-0.0031127989134744696,2020-09-26,"{""type"":""MultiPoint"",""coordinates"":[]}"
20200927,-0.004873868678721485,2020-09-27,"{""type"":""MultiPoint"",""coordinates"":[]}"
20200928,-0.006172043069296168,2020-09-28,"{""type"":""MultiPoint"",""coordinates"":[]}"
20200929,-0.005843351637441875,2020-09-29,"{""type"":""MultiPoint"",""coordinates"":[]}"
20200930,-0.005095907319058497,2020-09-30,"{""type"":""MultiPoint"",""coordinates"":[]}"
20201001,-0.0053845382505066436,2020-10-01,"{""type"":""MultiPoint"",""coordinates"":[]}"
20201002,-0.00774562591479229,2020-10-02,"{""type"":""MultiPoint"",""coordinates"":[]}"
20201003,-0.008627245006841826,2020-10-03,"{""type"":""MultiPoint"",""coordinates"":[]}"
20201004,-0.008082822476845443,2020-10-04,"{""type"":""MultiPoint"",""coordinates"":[]}"
20201005,-0.008373851789584323,2020-10-05,"{""type"":""MultiPoint"",""coordinates"":[]}"
20201006,-0.007942621710132903,2020-10-06,"{""type"":""MultiPoint"",""coordinates"":[]}"
20201007,-0.00540759118603013,2020-10-07,"{""type"":""MultiPoint"",""coordinates"":[]}"
20201008,-0.004168584969206259,2020-10-08,"{""type"":""MultiPoint"",""coordinates"":[]}"
20201009,-0.003970308844413781,2020-10-09,"{""type"":""MultiPoint"",""coordinates"":[]}"
20201010,-0.003582682986144766,2020-10-10,"{""type"":""MultiPoint"",""coordinates"":[]}"
20201011,-0.0015270042705175266,2020-10-11,"{""type"":""MultiPoint"",""coordinates"":[]}"
20201012,-0.002283015848820475,2020-10-12,"{""type"":""MultiPoint"",""coordinates"":[]}"
20201013,-0.001704881802158428,2020-10-13,"{""type"":""MultiPoint"",""coordinates"":[]}"
20201014,-0.0024116568421330515,2020-10-14,"{""type"":""MultiPoint"",""coordinates"":[]}"
20201015,-0.003347551687087183,2020-10-15,"{""type"":""MultiPoint"",""coordinates"":[]}"
20201016,-0.00498979140196156,2020-10-16,"{""type"":""MultiPoint"",""coordinates"":[]}"
20201017,-0.004601836485799945,2020-10-17,"{""type"":""MultiPoint"",""coordinates"":[]}"
20201018,-0.0038777098326334054,2020-10-18,"{""type"":""MultiPoint"",""coordinates"":[]}"
20201019,-0.005124899438849003,2020-10-19,"{""type"":""MultiPoint"",""coordinates"":[]}"
20201020,-0.0028375790999022035,2020-10-20,"{""type"":""MultiPoint"",""coordinates"":[]}"
20201021,-0.0033367280586184887,2020-10-21,"{""type"":""MultiPoint"",""coordinates"":[]}"
20201022,-0.006336953448129895,2020-10-22,"{""type"":""MultiPoint"",""coordinates"":[]}"
20201023,-0.006316424718336131,2020-10-23,"{""type"":""MultiPoint"",""coordinates"":[]}"
20201024,-0.006211644918306444,2020-10-24,"{""type"":""MultiPoint"",""coordinates"":[]}"
20201025,-0.006212356582869492,2020-10-25,"{""type"":""MultiPoint"",""coordinates"":[]}"
20201026,-0.006726195989407534,2020-10-26,"{""type"":""MultiPoint"",""coordinates"":[]}"
20201027,-0.00694845731545674,2020-10-27,"{""type"":""MultiPoint"",""coordinates"":[]}"
20201028,-0.006750253631642048,2020-10-28,"{""type"":""MultiPoint"",""coordinates"":[]}"
20201029,-0.006317371412564666,2020-10-29,"{""type"":""MultiPoint"",""coordinates"":[]}"
20201030,-0.007014272127663267,2020-10-30,"{""type"":""MultiPoint"",""coordinates"":[]}"
20201031,-0.006994705750300809,2020-10-31,"{""type"":""MultiPoint"",""coordinates"":[]}"
20201101,-0.006823533831383968,2020-11-01,"{""type"":""MultiPoint"",""coordinates"":[]}"
20201102,-0.006946609216930469,2020-11-02,"{""type"":""MultiPoint"",""coordinates"":[]}"
20201103,-0.007030752220684411,2020-11-03,"{""type"":""MultiPoint"",""coordinates"":[]}"
20201104,-0.00797228936992778,2020-11-04,"{""type"":""MultiPoint"",""coordinates"":[]}"
20201105,-0.007845302166458302,2020-11-05,"{""type"":""MultiPoint"",""coordinates"":[]}"
20201106,-0.006811573394699999,2020-11-06,"{""type"":""MultiPoint"",""coordinates"":[]}"
20201107,-0.005696834419441897,2020-11-07,"{""type"":""MultiPoint"",""coordinates"":[]}"
20201108,-0.007831157600873707,2020-11-08,"{""type"":""MultiPoint"",""coordinates"":[]}"
20201109,-0.007704127379684746,2020-11-09,"{""type"":""MultiPoint"",""coordinates"":[]}"
20201110,-0.0072624284141204936,2020-11-10,"{""type"":""MultiPoint"",""coordinates"":[]}"
20201111,-0.007045767311435368,2020-11-11,"{""type"":""MultiPoint"",""coordinates"":[]}"
20201112,-0.004182244196476413,2020-11-12,"{""type"":""MultiPoint"",""coordinates"":[]}"
20201113,-0.005205352128960251,2020-11-13,"{""type"":""MultiPoint"",""coordinates"":[]}"
20201114,-0.006448607349590467,2020-11-14,"{""type"":""MultiPoint"",""coordinates"":[]}"
20201115,-0.006749449347225528,2020-11-15,"{""type"":""MultiPoint"",""coordinates"":[]}"
20201116,-0.007650518391031913,2020-11-16,"{""type"":""MultiPoint"",""coordinates"":[]}"
20201117,-0.007303207142393344,2020-11-17,"{""type"":""MultiPoint"",""coordinates"":[]}"
20201118,-0.006246162504653166,2020-11-18,"{""type"":""MultiPoint"",""coordinates"":[]}"
20201119,-0.006097621863538004,2020-11-19,"{""type"":""MultiPoint"",""coordinates"":[]}"
20201120,-0.00684893559884134,2020-11-20,"{""type"":""MultiPoint"",""coordinates"":[]}"
20201121,-0.006321065039991155,2020-11-21,"{""type"":""MultiPoint"",""coordinates"":[]}"
20201122,-0.004690133780737738,2020-11-22,"{""type"":""MultiPoint"",""coordinates"":[]}"
20201123,-0.006616856468668126,2020-11-23,"{""type"":""MultiPoint"",""coordinates"":[]}"
20201124,-0.00807022243130306,2020-11-24,"{""type"":""MultiPoint"",""coordinates"":[]}"
20201125,-0.007923331283971397,2020-11-25,"{""type"":""MultiPoint"",""coordinates"":[]}"
20201126,-0.004634184692284878,2020-11-26,"{""type"":""MultiPoint"",""coordinates"":[]}"
20201127,-0.002036379881135185,2020-11-27,"{""type"":""MultiPoint"",""coordinates"":[]}"
20201128,-0.004048039384853433,2020-11-28,"{""type"":""MultiPoint"",""coordinates"":[]}"
20201129,-0.004257590138221502,2020-11-29,"{""type"":""MultiPoint"",""coordinates"":[]}"
20201130,-0.0049364477513362875,2020-11-30,"{""type"":""MultiPoint"",""coordinates"":[]}"
20201201,-0.005543543952943893,2020-12-01,"{""type"":""MultiPoint"",""coordinates"":[]}"
20201202,-0.006228611976885588,2020-12-02,"{""type"":""MultiPoint"",""coordinates"":[]}"
20201203,-0.005992093072154283,2020-12-03,"{""type"":""MultiPoint"",""coordinates"":[]}"
20201204,-0.006472985744302463,2020-12-04,"{""type"":""MultiPoint"",""coordinates"":[]}"
20201205,-0.006588465273796289,2020-12-05,"{""type"":""MultiPoint"",""coordinates"":[]}"
20201206,-0.006664098549685907,2020-12-06,"{""type"":""MultiPoint"",""coordinates"":[]}"
20201207,-0.006591488663613972,2020-12-07,"{""type"":""MultiPoint"",""coordinates"":[]}"
20201208,-0.006405708266611449,2020-12-08,"{""type"":""MultiPoint"",""coordinates"":[]}"
20201209,-0.006681096363991043,2020-12-09,"{""type"":""MultiPoint"",""coordinates"":[]}"
20201210,-0.00652397092852604,2020-12-10,"{""type"":""MultiPoint"",""coordinates"":[]}"
20201211,-0.006662267144725813,2020-12-11,"{""type"":""MultiPoint"",""coordinates"":[]}"
20201212,-0.0063805803610009985,2020-12-12,"{""type"":""MultiPoint"",""coordinates"":[]}"
20201213,-0.006327838453184919,2020-12-13,"{""type"":""MultiPoint"",""coordinates"":[]}"
20201214,-0.006793321983653499,2020-12-14,"{""type"":""MultiPoint"",""coordinates"":[]}"
20201215,-0.006412854234447499,2020-12-15,"{""type"":""MultiPoint"",""coordinates"":[]}"
20201216,-0.006031482668873012,2020-12-16,"{""type"":""MultiPoint"",""coordinates"":[]}"
20201217,-0.005836155688873436,2020-12-17,"{""type"":""MultiPoint"",""coordinates"":[]}"
20201218,-0.006260366636231031,2020-12-18,"{""type"":""MultiPoint"",""coordinates"":[]}"
20201219,-0.007018536656177256,2020-12-19,"{""type"":""MultiPoint"",""coordinates"":[]}"
20201220,-0.007476194440645447,2020-12-20,"{""type"":""MultiPoint"",""coordinates"":[]}"
20201221,-0.007676928245266001,2020-12-21,"{""type"":""MultiPoint"",""coordinates"":[]}"
20201222,-0.006923138748529508,2020-12-22,"{""type"":""MultiPoint"",""coordinates"":[]}"
20201223,-0.006627904668234903,2020-12-23,"{""type"":""MultiPoint"",""coordinates"":[]}"
20201224,-0.006327835992993832,2020-12-24,"{""type"":""MultiPoint"",""coordinates"":[]}"
20201225,-0.006167342136349945,2020-12-25,"{""type"":""MultiPoint"",""coordinates"":[]}"
20201226,-0.00579891580073276,2020-12-26,"{""type"":""MultiPoint"",""coordinates"":[]}"
20201227,-0.0061536366129682505,2020-12-27,"{""type"":""MultiPoint"",""coordinates"":[]}"
20201228,-0.006637836627305469,2020-12-28,"{""type"":""MultiPoint"",""coordinates"":[]}"
20201229,-0.006983832546707601,2020-12-29,"{""type"":""MultiPoint"",""coordinates"":[]}"
20201230,-0.006899391793705254,2020-12-30,"{""type"":""MultiPoint"",""coordinates"":[]}"
20201231,-0.005576074870955303,2020-12-31,"{""type"":""MultiPoint"",""coordinates"":[]}"
20210101,-0.0062308170677815924,2021-01-01,"{""type"":""MultiPoint"",""coordinates"":[]}"
20210102,-0.006441090446594356,2021-01-02,"{""type"":""MultiPoint"",""coordinates"":[]}"
20210103,-0.006792536500163502,2021-01-03,"{""type"":""MultiPoint"",""coordinates"":[]}"
20210104,-0.008309775463051738,2021-01-04,"{""type"":""MultiPoint"",""coordinates"":[]}"
20210105,-0.006183868188329816,2021-01-05,"{""type"":""MultiPoint"",""coordinates"":[]}"
20210106,-0.00206281359622695,2021-01-06,"{""type"":""MultiPoint"",""coordinates"":[]}"
20210107,-0.0036295243805945184,2021-01-07,"{""type"":""MultiPoint"",""coordinates"":[]}"
20210108,-0.007099246830611213,2021-01-08,"{""type"":""MultiPoint"",""coordinates"":[]}"
20210109,-0.008171989489924963,2021-01-09,"{""type"":""MultiPoint"",""coordinates"":[]}"
20210110,-0.007383681478740136,2021-01-10,"{""type"":""MultiPoint"",""coordinates"":[]}"
20210111,-0.007466930480190922,2021-01-11,"{""type"":""MultiPoint"",""coordinates"":[]}"
20210112,-0.007030587811029983,2021-01-12,"{""type"":""MultiPoint"",""coordinates"":[]}"
20210113,-0.007034507237244079,2021-01-13,"{""type"":""MultiPoint"",""coordinates"":[]}"
20210114,-0.007311975170452944,2021-01-14,"{""type"":""MultiPoint"",""coordinates"":[]}"
20210115,-0.006730674289263477,2021-01-15,"{""type"":""MultiPoint"",""coordinates"":[]}"
20210116,-0.007142551102359184,2021-01-16,"{""type"":""MultiPoint"",""coordinates"":[]}"
20210117,-0.00799365399811356,2021-01-17,"{""type"":""MultiPoint"",""coordinates"":[]}"
20210118,-0.007283926804272639,2021-01-18,"{""type"":""MultiPoint"",""coordinates"":[]}"
20210119,-0.007462150229870605,2021-01-19,"{""type"":""MultiPoint"",""coordinates"":[]}"
20210120,-0.008036622855427507,2021-01-20,"{""type"":""MultiPoint"",""coordinates"":[]}"
20210121,-0.007024266306020465,2021-01-21,"{""type"":""MultiPoint"",""coordinates"":[]}"
20210122,-0.007164150041199471,2021-01-22,"{""type"":""MultiPoint"",""coordinates"":[]}"
20210123,-0.00742519120275763,2021-01-23,"{""type"":""MultiPoint"",""coordinates"":[]}"
20210124,-0.007356198963340239,2021-01-24,"{""type"":""MultiPoint"",""coordinates"":[]}"
20210125,-0.008656306847879661,2021-01-25,"{""type"":""MultiPoint"",""coordinates"":[]}"
20210126,-0.0084993035972486,2021-01-26,"{""type"":""MultiPoint"",""coordinates"":[]}"
20210127,-0.008831442242212816,2021-01-27,"{""type"":""MultiPoint"",""coordinates"":[]}"
20210128,-0.008326221207620364,2021-01-28,"{""type"":""MultiPoint"",""coordinates"":[]}"
20210129,-0.00902322827813486,2021-01-29,"{""type"":""MultiPoint"",""coordinates"":[]}"
20210130,-0.007755684624075064,2021-01-30,"{""type"":""MultiPoint"",""coordinates"":[]}"
20210131,-0.007815507861074145,2021-01-31,"{""type"":""MultiPoint"",""coordinates"":[]}"
20210201,-0.008447267605633116,2021-02-01,"{""type"":""MultiPoint"",""coordinates"":[]}"
20210202,-0.00839986064912498,2021-02-02,"{""type"":""MultiPoint"",""coordinates"":[]}"
20210203,-0.00879832736744529,2021-02-03,"{""type"":""MultiPoint"",""coordinates"":[]}"
20210204,-0.008962964480813825,2021-02-04,"{""type"":""MultiPoint"",""coordinates"":[]}"
20210205,-0.008926149276698539,2021-02-05,"{""type"":""MultiPoint"",""coordinates"":[]}"
20210206,-0.00839025254396529,2021-02-06,"{""type"":""MultiPoint"",""coordinates"":[]}"
20210207,-0.009097002480956603,2021-02-07,"{""type"":""MultiPoint"",""coordinates"":[]}"
20210208,-0.009365754019228576,2021-02-08,"{""type"":""MultiPoint"",""coordinates"":[]}"
20210209,-0.007870413468534176,2021-02-09,"{""type"":""MultiPoint"",""coordinates"":[]}"
20210210,-0.00816703519920785,2021-02-10,"{""type"":""MultiPoint"",""coordinates"":[]}"
20210211,-0.009071916479778327,2021-02-11,"{""type"":""MultiPoint"",""coordinates"":[]}"
20210212,-0.009074265307831541,2021-02-12,"{""type"":""MultiPoint"",""coordinates"":[]}"
20210213,-0.009088416128594396,2021-02-13,"{""type"":""MultiPoint"",""coordinates"":[]}"
20210214,-0.009785692151284294,2021-02-14,"{""type"":""MultiPoint"",""coordinates"":[]}"
20210215,-0.010355163287057685,2021-02-15,"{""type"":""MultiPoint"",""coordinates"":[]}"
20210216,-0.011602141247453226,2021-02-16,"{""type"":""MultiPoint"",""coordinates"":[]}"
20210217,-0.01157442895526603,2021-02-17,"{""type"":""MultiPoint"",""coordinates"":[]}"
20210218,-0.010592817180745033,2021-02-18,"{""type"":""MultiPoint"",""coordinates"":[]}"
20210219,-0.007782579115774142,2021-02-19,"{""type"":""MultiPoint"",""coordinates"":[]}"
20210220,-0.00872757535826276,2021-02-20,"{""type"":""MultiPoint"",""coordinates"":[]}"
20210221,-0.006169789438173369,2021-02-21,"{""type"":""MultiPoint"",""coordinates"":[]}"
20210222,-0.007040846074423225,2021-02-22,"{""type"":""MultiPoint"",""coordinates"":[]}"
20210223,-0.008237174642696257,2021-02-23,"{""type"":""MultiPoint"",""coordinates"":[]}"
20210224,-0.009202328733371849,2021-02-24,"{""type"":""MultiPoint"",""coordinates"":[]}"
20210225,-0.0088392034571324,2021-02-25,"{""type"":""MultiPoint"",""coordinates"":[]}"
20210226,-0.009506842391809538,2021-02-26,"{""type"":""MultiPoint"",""coordinates"":[]}"
20210227,-0.00952830407607828,2021-02-27,"{""type"":""MultiPoint"",""coordinates"":[]}"
20210228,-0.010114058875790229,2021-02-28,"{""type"":""MultiPoint"",""coordinates"":[]}"
20210301,-0.009266637259938825,2021-03-01,"{""type"":""MultiPoint"",""coordinates"":[]}"
20210302,-0.009178095043656763,2021-03-02,"{""type"":""MultiPoint"",""coordinates"":[]}"
20210303,-0.010246133089594565,2021-03-03,"{""type"":""MultiPoint"",""coordinates"":[]}"
20210304,-0.011477721288388578,2021-03-04,"{""type"":""MultiPoint"",""coordinates"":[]}"
20210305,-0.012112682722277624,2021-03-05,"{""type"":""MultiPoint"",""coordinates"":[]}"
20210306,-0.011090953660229101,2021-03-06,"{""type"":""MultiPoint"",""coordinates"":[]}"
20210307,-0.011720814153876791,2021-03-07,"{""type"":""MultiPoint"",""coordinates"":[]}"
20210308,-0.012800938161194413,2021-03-08,"{""type"":""MultiPoint"",""coordinates"":[]}"
20210309,-0.012741962688286573,2021-03-09,"{""type"":""MultiPoint"",""coordinates"":[]}"
20210310,-0.012612783964322085,2021-03-10,"{""type"":""MultiPoint"",""coordinates"":[]}"
20210311,-0.01290226151226903,2021-03-11,"{""type"":""MultiPoint"",""coordinates"":[]}"
20210312,-0.012778912998322692,2021-03-12,"{""type"":""MultiPoint"",""coordinates"":[]}"
20210313,-0.012581018989528436,2021-03-13,"{""type"":""MultiPoint"",""coordinates"":[]}"
20210314,-0.012468550031680832,2021-03-14,"{""type"":""MultiPoint"",""coordinates"":[]}"
20210315,-0.012370535255917718,2021-03-15,"{""type"":""MultiPoint"",""coordinates"":[]}"
20210316,-0.011632579823625179,2021-03-16,"{""type"":""MultiPoint"",""coordinates"":[]}"
20210317,-0.011093542824534511,2021-03-17,"{""type"":""MultiPoint"",""coordinates"":[]}"
20210318,-0.012117713135333604,2021-03-18,"{""type"":""MultiPoint"",""coordinates"":[]}"
20210319,-0.01240208490585863,2021-03-19,"{""type"":""MultiPoint"",""coordinates"":[]}"
20210320,-0.011564311693466386,2021-03-20,"{""type"":""MultiPoint"",""coordinates"":[]}"
20210321,-0.01003515239133006,2021-03-21,"{""type"":""MultiPoint"",""coordinates"":[]}"
20210322,-0.009410575685118524,2021-03-22,"{""type"":""MultiPoint"",""coordinates"":[]}"
20210323,-0.01131992622520125,2021-03-23,"{""type"":""MultiPoint"",""coordinates"":[]}"
20210324,-0.010391014894598089,2021-03-24,"{""type"":""MultiPoint"",""coordinates"":[]}"
20210325,-0.010238118835429686,2021-03-25,"{""type"":""MultiPoint"",""coordinates"":[]}"
20210326,-0.01036713292543687,2021-03-26,"{""type"":""MultiPoint"",""coordinates"":[]}"
20210327,-0.01010447430939241,2021-03-27,"{""type"":""MultiPoint"",""coordinates"":[]}"
20210328,-0.010656104954330965,2021-03-28,"{""type"":""MultiPoint"",""coordinates"":[]}"
20210329,-0.012198075456536603,2021-03-29,"{""type"":""MultiPoint"",""coordinates"":[]}"
20210330,-0.01486565287027926,2021-03-30,"{""type"":""MultiPoint"",""coordinates"":[]}"
20210331,-0.014380923072286361,2021-03-31,"{""type"":""MultiPoint"",""coordinates"":[]}"
20210401,-0.013393178543850425,2021-04-01,"{""type"":""MultiPoint"",""coordinates"":[]}"
20210402,-0.013198177194333562,2021-04-02,"{""type"":""MultiPoint"",""coordinates"":[]}"
20210403,-0.01081058818725398,2021-04-03,"{""type"":""MultiPoint"",""coordinates"":[]}"
20210404,-0.010619749948913257,2021-04-04,"{""type"":""MultiPoint"",""coordinates"":[]}"
20210405,-0.011896539050757406,2021-04-05,"{""type"":""MultiPoint"",""coordinates"":[]}"
20210406,-0.01232200719223971,2021-04-06,"{""type"":""MultiPoint"",""coordinates"":[]}"
20210407,-0.011049902168650086,2021-04-07,"{""type"":""MultiPoint"",""coordinates"":[]}"
20210408,-0.012053517005613352,2021-04-08,"{""type"":""MultiPoint"",""coordinates"":[]}"
20210409,-0.010757067195952867,2021-04-09,"{""type"":""MultiPoint"",""coordinates"":[]}"
20210410,-0.012953106385503461,2021-04-10,"{""type"":""MultiPoint"",""coordinates"":[]}"
20210411,-0.01084239399696649,2021-04-11,"{""type"":""MultiPoint"",""coordinates"":[]}"
20210412,-0.007881647700551673,2021-04-12,"{""type"":""MultiPoint"",""coordinates"":[]}"
20210413,-0.007994654028303868,2021-04-13,"{""type"":""MultiPoint"",""coordinates"":[]}"
20210414,-0.007604843662380602,2021-04-14,"{""type"":""MultiPoint"",""coordinates"":[]}"
20210415,-0.008583541858005765,2021-04-15,"{""type"":""MultiPoint"",""coordinates"":[]}"
20210416,-0.01044936382487156,2021-04-16,"{""type"":""MultiPoint"",""coordinates"":[]}"
20210417,-0.009781370264724412,2021-04-17,"{""type"":""MultiPoint"",""coordinates"":[]}"
20210418,-0.00869654920233891,2021-04-18,"{""type"":""MultiPoint"",""coordinates"":[]}"
20210419,-0.011012850631894734,2021-04-19,"{""type"":""MultiPoint"",""coordinates"":[]}"
20210420,-0.011437610085755416,2021-04-20,"{""type"":""MultiPoint"",""coordinates"":[]}"
20210421,-0.009733967874836357,2021-04-21,"{""type"":""MultiPoint"",""coordinates"":[]}"
20210422,-0.009747390841181274,2021-04-22,"{""type"":""MultiPoint"",""coordinates"":[]}"
20210423,-0.010176945341745316,2021-04-23,"{""type"":""MultiPoint"",""coordinates"":[]}"
20210424,-0.011411082875796162,2021-04-24,"{""type"":""MultiPoint"",""coordinates"":[]}"
20210425,-0.012272688288967623,2021-04-25,"{""type"":""MultiPoint"",""coordinates"":[]}"
20210426,-0.011330516057592605,2021-04-26,"{""type"":""MultiPoint"",""coordinates"":[]}"
20210427,-0.010210473477701336,2021-04-27,"{""type"":""MultiPoint"",""coordinates"":[]}"
20210428,-0.01209392113428478,2021-04-28,"{""type"":""MultiPoint"",""coordinates"":[]}"
20210429,-0.011288553655620684,2021-04-29,"{""type"":""MultiPoint"",""coordinates"":[]}"
20210430,-0.011402951754560384,2021-04-30,"{""type"":""MultiPoint"",""coordinates"":[]}"
20210501,-0.010597460749746735,2021-05-01,"{""type"":""MultiPoint"",""coordinates"":[]}"
20210502,-0.011765396109078946,2021-05-02,"{""type"":""MultiPoint"",""coordinates"":[]}"
20210503,-0.010624172354202488,2021-05-03,"{""type"":""MultiPoint"",""coordinates"":[]}"
20210504,-0.009308853769117088,2021-05-04,"{""type"":""MultiPoint"",""coordinates"":[]}"
20210505,-0.010496623701721717,2021-05-05,"{""type"":""MultiPoint"",""coordinates"":[]}"
20210506,-0.010814428364859508,2021-05-06,"{""type"":""MultiPoint"",""coordinates"":[]}"
20210507,-0.010697372982463885,2021-05-07,"{""type"":""MultiPoint"",""coordinates"":[]}"
20210508,-0.011598279364470703,2021-05-08,"{""type"":""MultiPoint"",""coordinates"":[]}"
20210509,-0.010409086773320184,2021-05-09,"{""type"":""MultiPoint"",""coordinates"":[]}"
20210510,-0.009191491704320374,2021-05-10,"{""type"":""MultiPoint"",""coordinates"":[]}"
20210511,-0.011492960410048018,2021-05-11,"{""type"":""MultiPoint"",""coordinates"":[]}"
20210512,-0.01185410732569568,2021-05-12,"{""type"":""MultiPoint"",""coordinates"":[]}"
20210513,-0.012639627141889726,2021-05-13,"{""type"":""MultiPoint"",""coordinates"":[]}"
20210514,-0.0118078241338419,2021-05-14,"{""type"":""MultiPoint"",""coordinates"":[]}"
20210515,-0.010606171587871171,2021-05-15,"{""type"":""MultiPoint"",""coordinates"":[]}"
20210516,-0.007461636141051233,2021-05-16,"{""type"":""MultiPoint"",""coordinates"":[]}"
20210517,-0.01126670028421848,2021-05-17,"{""type"":""MultiPoint"",""coordinates"":[]}"
20210518,-0.010877304553707433,2021-05-18,"{""type"":""MultiPoint"",""coordinates"":[]}"
20210519,-0.010987987986698398,2021-05-19,"{""type"":""MultiPoint"",""coordinates"":[]}"
20210520,-0.01122424085208702,2021-05-20,"{""type"":""MultiPoint"",""coordinates"":[]}"
20210521,-0.01108017797731296,2021-05-21,"{""type"":""MultiPoint"",""coordinates"":[]}"
20210522,-0.013007064804647748,2021-05-22,"{""type"":""MultiPoint"",""coordinates"":[]}"
20210523,-0.014064781730854485,2021-05-23,"{""type"":""MultiPoint"",""coordinates"":[]}"
20210524,-0.01615635656890504,2021-05-24,"{""type"":""MultiPoint"",""coordinates"":[]}"
20210525,-0.017023932929802525,2021-05-25,"{""type"":""MultiPoint"",""coordinates"":[]}"
20210526,-0.017969008890926758,2021-05-26,"{""type"":""MultiPoint"",""coordinates"":[]}"
20210527,-0.01677578971174252,2021-05-27,"{""type"":""MultiPoint"",""coordinates"":[]}"
20210528,-0.011885981582708375,2021-05-28,"{""type"":""MultiPoint"",""coordinates"":[]}"
20210529,-0.010130960681949179,2021-05-29,"{""type"":""MultiPoint"",""coordinates"":[]}"
20210530,-0.011348140088089943,2021-05-30,"{""type"":""MultiPoint"",""coordinates"":[]}"
20210531,-0.010247377640798968,2021-05-31,"{""type"":""MultiPoint"",""coordinates"":[]}"
20210601,-0.00883312698026325,2021-06-01,"{""type"":""MultiPoint"",""coordinates"":[]}"
20210602,-0.00689899024904293,2021-06-02,"{""type"":""MultiPoint"",""coordinates"":[]}"
20210603,-0.004266905551580315,2021-06-03,"{""type"":""MultiPoint"",""coordinates"":[]}"
20210604,-0.006745809413248351,2021-06-04,"{""type"":""MultiPoint"",""coordinates"":[]}"
20210605,-0.007919831795565083,2021-06-05,"{""type"":""MultiPoint"",""coordinates"":[]}"
20210606,-0.008009603567046721,2021-06-06,"{""type"":""MultiPoint"",""coordinates"":[]}"
20210607,-0.009419611378212095,2021-06-07,"{""type"":""MultiPoint"",""coordinates"":[]}"
20210608,-0.011633894755325542,2021-06-08,"{""type"":""MultiPoint"",""coordinates"":[]}"
20210609,-0.007445740530539703,2021-06-09,"{""type"":""MultiPoint"",""coordinates"":[]}"
20210610,-0.009128199874189944,2021-06-10,"{""type"":""MultiPoint"",""coordinates"":[]}"
20210611,-0.008003523473856551,2021-06-11,"{""type"":""MultiPoint"",""coordinates"":[]}"
20210612,-0.007789267474252474,2021-06-12,"{""type"":""MultiPoint"",""coordinates"":[]}"
20210613,-0.006566637916559278,2021-06-13,"{""type"":""MultiPoint"",""coordinates"":[]}"
20210614,-0.008188766095036144,2021-06-14,"{""type"":""MultiPoint"",""coordinates"":[]}"
20210615,-0.007357153427451097,2021-06-15,"{""type"":""MultiPoint"",""coordinates"":[]}"
20210616,-0.007469650602133566,2021-06-16,"{""type"":""MultiPoint"",""coordinates"":[]}"
20210617,-0.003762462947588573,2021-06-17,"{""type"":""MultiPoint"",""coordinates"":[]}"
20210618,-0.00928378785150519,2021-06-18,"{""type"":""MultiPoint"",""coordinates"":[]}"
20210619,-0.007131765889908614,2021-06-19,"{""type"":""MultiPoint"",""coordinates"":[]}"
20210620,-0.010034162255302162,2021-06-20,"{""type"":""MultiPoint"",""coordinates"":[]}"
20210621,-0.011096724128537119,2021-06-21,"{""type"":""MultiPoint"",""coordinates"":[]}"
20210622,-0.01079081092157872,2021-06-22,"{""type"":""MultiPoint"",""coordinates"":[]}"
20210623,-0.008101726654558269,2021-06-23,"{""type"":""MultiPoint"",""coordinates"":[]}"
20210624,-0.007944445376876958,2021-06-24,"{""type"":""MultiPoint"",""coordinates"":[]}"
20210625,-0.008539279978647049,2021-06-25,"{""type"":""MultiPoint"",""coordinates"":[]}"
20210626,-0.008784583507055962,2021-06-26,"{""type"":""MultiPoint"",""coordinates"":[]}"
20210627,-0.002590397608243424,2021-06-27,"{""type"":""MultiPoint"",""coordinates"":[]}"
20210628,-0.004990319429690593,2021-06-28,"{""type"":""MultiPoint"",""coordinates"":[]}"
20210629,-0.008380000430040797,2021-06-29,"{""type"":""MultiPoint"",""coordinates"":[]}"
20210630,-0.009810230369316823,2021-06-30,"{""type"":""MultiPoint"",""coordinates"":[]}"
20210701,-0.004793326838388358,2021-07-01,"{""type"":""MultiPoint"",""coordinates"":[]}"
20210702,-0.005133749102285948,2021-07-02,"{""type"":""MultiPoint"",""coordinates"":[]}"
20210703,-0.008894438711571107,2021-07-03,"{""type"":""MultiPoint"",""coordinates"":[]}"
20210704,-0.00900942536586374,2021-07-04,"{""type"":""MultiPoint"",""coordinates"":[]}"
20210705,-0.007559362985201491,2021-07-05,"{""type"":""MultiPoint"",""coordinates"":[]}"
20210706,-0.007582775339756793,2021-07-06,"{""type"":""MultiPoint"",""coordinates"":[]}"
20210707,-0.006785091780934205,2021-07-07,"{""type"":""MultiPoint"",""coordinates"":[]}"
20210708,-0.003043376690430205,2021-07-08,"{""type"":""MultiPoint"",""coordinates"":[]}"
20210709,-0.004447150409353282,2021-07-09,"{""type"":""MultiPoint"",""coordinates"":[]}"
20210710,-0.0054689104244211705,2021-07-10,"{""type"":""MultiPoint"",""coordinates"":[]}"
20210711,-0.002916443575462493,2021-07-11,"{""type"":""MultiPoint"",""coordinates"":[]}"
20210712,-0.003643183398774039,2021-07-12,"{""type"":""MultiPoint"",""coordinates"":[]}"
20210713,-0.003318017367662413,2021-07-13,"{""type"":""MultiPoint"",""coordinates"":[]}"
20210714,-0.0035728208723478133,2021-07-14,"{""type"":""MultiPoint"",""coordinates"":[]}"
20210715,-0.0038571669372987135,2021-07-15,"{""type"":""MultiPoint"",""coordinates"":[]}"
20210716,-0.004391239020546414,2021-07-16,"{""type"":""MultiPoint"",""coordinates"":[]}"
20210717,-0.005120780852024614,2021-07-17,"{""type"":""MultiPoint"",""coordinates"":[]}"
20210718,-0.00531178478762688,2021-07-18,"{""type"":""MultiPoint"",""coordinates"":[]}"
20210719,-0.0058131892080567574,2021-07-19,"{""type"":""MultiPoint"",""coordinates"":[]}"
20210720,-0.006217823209739079,2021-07-20,"{""type"":""MultiPoint"",""coordinates"":[]}"
20210721,-0.003432737294181078,2021-07-21,"{""type"":""MultiPoint"",""coordinates"":[]}"
20210722,-0.002646492907238869,2021-07-22,"{""type"":""MultiPoint"",""coordinates"":[]}"
20210723,-0.0038010281328608787,2021-07-23,"{""type"":""MultiPoint"",""coordinates"":[]}"
20210724,-0.008468977604040414,2021-07-24,"{""type"":""MultiPoint"",""coordinates"":[]}"
20210725,-0.008919318838110118,2021-07-25,"{""type"":""MultiPoint"",""coordinates"":[]}"
20210726,-0.010360472398520242,2021-07-26,"{""type"":""MultiPoint"",""coordinates"":[]}"
20210727,-0.010269027480246244,2021-07-27,"{""type"":""MultiPoint"",""coordinates"":[]}"
20210728,-0.010225351090354023,2021-07-28,"{""type"":""MultiPoint"",""coordinates"":[]}"
20210729,-0.00707338900171874,2021-07-29,"{""type"":""MultiPoint"",""coordinates"":[]}"
20210730,-0.008608831324857088,2021-07-30,"{""type"":""MultiPoint"",""coordinates"":[]}"
20210731,-0.00848188495459897,2021-07-31,"{""type"":""MultiPoint"",""coordinates"":[]}"
20210801,-0.009948018130036542,2021-08-01,"{""type"":""MultiPoint"",""coordinates"":[]}"
20210802,-0.008982410751985727,2021-08-02,"{""type"":""MultiPoint"",""coordinates"":[]}"
20210803,-0.008956935825315714,2021-08-03,"{""type"":""MultiPoint"",""coordinates"":[]}"
20210804,-0.009324468625086567,2021-08-04,"{""type"":""MultiPoint"",""coordinates"":[]}"
20210805,-0.00937755809865339,2021-08-05,"{""type"":""MultiPoint"",""coordinates"":[]}"
20210806,-0.009108284690813838,2021-08-06,"{""type"":""MultiPoint"",""coordinates"":[]}"
20210807,-0.008665547034869252,2021-08-07,"{""type"":""MultiPoint"",""coordinates"":[]}"
20210808,-0.00756575627706265,2021-08-08,"{""type"":""MultiPoint"",""coordinates"":[]}"
20210809,-0.007925735705451142,2021-08-09,"{""type"":""MultiPoint"",""coordinates"":[]}"
20210810,-0.008243450777056993,2021-08-10,"{""type"":""MultiPoint"",""coordinates"":[]}"
20210811,-0.008926276850078978,2021-08-11,"{""type"":""MultiPoint"",""coordinates"":[]}"
20210812,-0.007999532302702068,2021-08-12,"{""type"":""MultiPoint"",""coordinates"":[]}"
20210813,-0.007939906330682412,2021-08-13,"{""type"":""MultiPoint"",""coordinates"":[]}"
20210814,-0.009661259850284312,2021-08-14,"{""type"":""MultiPoint"",""coordinates"":[]}"
20210815,-0.0063395981732641835,2021-08-15,"{""type"":""MultiPoint"",""coordinates"":[]}"
20210816,-0.0021815585535431147,2021-08-16,"{""type"":""MultiPoint"",""coordinates"":[]}"
20210817,-0.0019163115757163094,2021-08-17,"{""type"":""MultiPoint"",""coordinates"":[]}"
20210818,-0.0062157845326319665,2021-08-18,"{""type"":""MultiPoint"",""coordinates"":[]}"
20210819,-0.006784101744717202,2021-08-19,"{""type"":""MultiPoint"",""coordinates"":[]}"
20210820,-0.005313925289076773,2021-08-20,"{""type"":""MultiPoint"",""coordinates"":[]}"
20210821,-0.00397514115752486,2021-08-21,"{""type"":""MultiPoint"",""coordinates"":[]}"
20210822,-0.005966727244380344,2021-08-22,"{""type"":""MultiPoint"",""coordinates"":[]}"
20210823,-0.006222489736022696,2021-08-23,"{""type"":""MultiPoint"",""coordinates"":[]}"
20210824,-0.006617310150785344,2021-08-24,"{""type"":""MultiPoint"",""coordinates"":[]}"
20210825,-0.0064287879050418766,2021-08-25,"{""type"":""MultiPoint"",""coordinates"":[]}"
20210826,-0.0059046507904038205,2021-08-26,"{""type"":""MultiPoint"",""coordinates"":[]}"
20210827,-0.004400767312537305,2021-08-27,"{""type"":""MultiPoint"",""coordinates"":[]}"
20210828,-0.00424910834436864,2021-08-28,"{""type"":""MultiPoint"",""coordinates"":[]}"
20210829,-0.0058986598250828585,2021-08-29,"{""type"":""MultiPoint"",""coordinates"":[]}"
20210830,-0.0025658038964400287,2021-08-30,"{""type"":""MultiPoint"",""coordinates"":[]}"
20210831,-0.004070201203276094,2021-08-31,"{""type"":""MultiPoint"",""coordinates"":[]}"
20210901,-0.005002613416533554,2021-09-01,"{""type"":""MultiPoint"",""coordinates"":[]}"
20210902,-0.004966724049429572,2021-09-02,"{""type"":""MultiPoint"",""coordinates"":[]}"
20210903,-0.004574889386153239,2021-09-03,"{""type"":""MultiPoint"",""coordinates"":[]}"
20210904,-0.004193384075221672,2021-09-04,"{""type"":""MultiPoint"",""coordinates"":[]}"
20210905,-0.003106124298940813,2021-09-05,"{""type"":""MultiPoint"",""coordinates"":[]}"
20210906,-0.0020097619149765772,2021-09-06,"{""type"":""MultiPoint"",""coordinates"":[]}"
20210907,-0.0019028399918416062,2021-09-07,"{""type"":""MultiPoint"",""coordinates"":[]}"
20210908,-0.008060659860866985,2021-09-08,"{""type"":""MultiPoint"",""coordinates"":[]}"
20210909,-0.00815106989787347,2021-09-09,"{""type"":""MultiPoint"",""coordinates"":[]}"
20210910,-0.007522972638810485,2021-09-10,"{""type"":""MultiPoint"",""coordinates"":[]}"
20210911,-0.0072914247275208495,2021-09-11,"{""type"":""MultiPoint"",""coordinates"":[]}"
20210912,-0.007430492493423445,2021-09-12,"{""type"":""MultiPoint"",""coordinates"":[]}"
20210913,-0.005884959437848726,2021-09-13,"{""type"":""MultiPoint"",""coordinates"":[]}"
20210914,-0.006151101371382288,2021-09-14,"{""type"":""MultiPoint"",""coordinates"":[]}"
20210915,-0.007043670992838047,2021-09-15,"{""type"":""MultiPoint"",""coordinates"":[]}"
20210916,-0.007994629976361873,2021-09-16,"{""type"":""MultiPoint"",""coordinates"":[]}"
20210917,-0.007555201975176637,2021-09-17,"{""type"":""MultiPoint"",""coordinates"":[]}"
20210918,-0.006913601496376453,2021-09-18,"{""type"":""MultiPoint"",""coordinates"":[]}"
20210919,-0.005440345932844606,2021-09-19,"{""type"":""MultiPoint"",""coordinates"":[]}"
20210920,-0.004475454404894881,2021-09-20,"{""type"":""MultiPoint"",""coordinates"":[]}"
20210921,-0.0035232420202155747,2021-09-21,"{""type"":""MultiPoint"",""coordinates"":[]}"
20210922,-0.004143105060839447,2021-09-22,"{""type"":""MultiPoint"",""coordinates"":[]}"
20210923,-0.0019211065423225863,2021-09-23,"{""type"":""MultiPoint"",""coordinates"":[]}"
20210924,-0.004419502752869819,2021-09-24,"{""type"":""MultiPoint"",""coordinates"":[]}"
20210925,-0.005701300461340251,2021-09-25,"{""type"":""MultiPoint"",""coordinates"":[]}"
20210926,-0.004161224514587487,2021-09-26,"{""type"":""MultiPoint"",""coordinates"":[]}"
20210927,-0.0025936686596257853,2021-09-27,"{""type"":""MultiPoint"",""coordinates"":[]}"
20210928,-0.004985501342814159,2021-09-28,"{""type"":""MultiPoint"",""coordinates"":[]}"
20210929,-0.004877723708126047,2021-09-29,"{""type"":""MultiPoint"",""coordinates"":[]}"
20210930,-0.005403862907303447,2021-09-30,"{""type"":""MultiPoint"",""coordinates"":[]}"
20211001,-0.005325505741959168,2021-10-01,"{""type"":""MultiPoint"",""coordinates"":[]}"
20211002,-0.005148079839094098,2021-10-02,"{""type"":""MultiPoint"",""coordinates"":[]}"
20211003,-0.005542028438133959,2021-10-03,"{""type"":""MultiPoint"",""coordinates"":[]}"
20211004,-0.00538075003215554,2021-10-04,"{""type"":""MultiPoint"",""coordinates"":[]}"
20211005,-0.005237895659157036,2021-10-05,"{""type"":""MultiPoint"",""coordinates"":[]}"
20211006,-0.006061608631734606,2021-10-06,"{""type"":""MultiPoint"",""coordinates"":[]}"
20211007,-0.00551943091814645,2021-10-07,"{""type"":""MultiPoint"",""coordinates"":[]}"
20211008,-0.005450946578341595,2021-10-08,"{""type"":""MultiPoint"",""coordinates"":[]}"
20211009,-0.004960778848102348,2021-10-09,"{""type"":""MultiPoint"",""coordinates"":[]}"
20211010,-0.005164914290750219,2021-10-10,"{""type"":""MultiPoint"",""coordinates"":[]}"
20211011,-0.0067452099713674555,2021-10-11,"{""type"":""MultiPoint"",""coordinates"":[]}"
20211012,-0.0059728316912735935,2021-10-12,"{""type"":""MultiPoint"",""coordinates"":[]}"
20211013,-0.006398952579708406,2021-10-13,"{""type"":""MultiPoint"",""coordinates"":[]}"
20211014,-0.00649549937874353,2021-10-14,"{""type"":""MultiPoint"",""coordinates"":[]}"
20211015,-0.007292929943336626,2021-10-15,"{""type"":""MultiPoint"",""coordinates"":[]}"
20211016,-0.002164316606601579,2021-10-16,"{""type"":""MultiPoint"",""coordinates"":[]}"
20211017,-0.00538786309282081,2021-10-17,"{""type"":""MultiPoint"",""coordinates"":[]}"
20211018,-0.008998424503670529,2021-10-18,"{""type"":""MultiPoint"",""coordinates"":[]}"
20211019,-0.007521359507238035,2021-10-19,"{""type"":""MultiPoint"",""coordinates"":[]}"
20211020,-0.007535041149427326,2021-10-20,"{""type"":""MultiPoint"",""coordinates"":[]}"
20211021,-0.007224659542053105,2021-10-21,"{""type"":""MultiPoint"",""coordinates"":[]}"
20211022,-0.007207427761852403,2021-10-22,"{""type"":""MultiPoint"",""coordinates"":[]}"
20211023,-0.006555224252183504,2021-10-23,"{""type"":""MultiPoint"",""coordinates"":[]}"
20211024,-0.004926143192141954,2021-10-24,"{""type"":""MultiPoint"",""coordinates"":[]}"
20211025,-0.007445196220130095,2021-10-25,"{""type"":""MultiPoint"",""coordinates"":[]}"
20211026,-0.007700461411518108,2021-10-26,"{""type"":""MultiPoint"",""coordinates"":[]}"
20211027,-0.008330444197261515,2021-10-27,"{""type"":""MultiPoint"",""coordinates"":[]}"
20211028,-0.008450246252229133,2021-10-28,"{""type"":""MultiPoint"",""coordinates"":[]}"
20211029,-0.007268936399410322,2021-10-29,"{""type"":""MultiPoint"",""coordinates"":[]}"
20211030,-0.00634343613562666,2021-10-30,"{""type"":""MultiPoint"",""coordinates"":[]}"
20211031,-0.006270341120951821,2021-10-31,"{""type"":""MultiPoint"",""coordinates"":[]}"
20211101,-0.004937054923827104,2021-11-01,"{""type"":""MultiPoint"",""coordinates"":[]}"
20211102,-0.003628771953914029,2021-11-02,"{""type"":""MultiPoint"",""coordinates"":[]}"
20211103,-0.0028321901673542733,2021-11-03,"{""type"":""MultiPoint"",""coordinates"":[]}"
20211104,-0.004587099820411454,2021-11-04,"{""type"":""MultiPoint"",""coordinates"":[]}"
20211105,-0.005435470671866147,2021-11-05,"{""type"":""MultiPoint"",""coordinates"":[]}"
20211106,-0.006036729600166121,2021-11-06,"{""type"":""MultiPoint"",""coordinates"":[]}"
20211107,-0.006950281199518456,2021-11-07,"{""type"":""MultiPoint"",""coordinates"":[]}"
20211108,-0.007227006963284949,2021-11-08,"{""type"":""MultiPoint"",""coordinates"":[]}"
20211109,-0.007881465062913193,2021-11-09,"{""type"":""MultiPoint"",""coordinates"":[]}"
20211110,-0.008606528820856255,2021-11-10,"{""type"":""MultiPoint"",""coordinates"":[]}"
20211111,-0.004733211750142042,2021-11-11,"{""type"":""MultiPoint"",""coordinates"":[]}"
20211112,-0.0017346548917512206,2021-11-12,"{""type"":""MultiPoint"",""coordinates"":[]}"
20211113,-0.0033788996892172313,2021-11-13,"{""type"":""MultiPoint"",""coordinates"":[]}"
20211114,-0.004010550530000331,2021-11-14,"{""type"":""MultiPoint"",""coordinates"":[]}"
20211115,-0.004636410850264876,2021-11-15,"{""type"":""MultiPoint"",""coordinates"":[]}"
20211116,-0.0038539167078970745,2021-11-16,"{""type"":""MultiPoint"",""coordinates"":[]}"
20211117,-0.004414464438920011,2021-11-17,"{""type"":""MultiPoint"",""coordinates"":[]}"
20211118,-0.0021652904447366653,2021-11-18,"{""type"":""MultiPoint"",""coordinates"":[]}"
20211119,-0.0029263090985077837,2021-11-19,"{""type"":""MultiPoint"",""coordinates"":[]}"
20211120,-0.0039913165036690864,2021-11-20,"{""type"":""MultiPoint"",""coordinates"":[]}"
20211121,-0.0036890606476113735,2021-11-21,"{""type"":""MultiPoint"",""coordinates"":[]}"
20211122,-0.003957088798119367,2021-11-22,"{""type"":""MultiPoint"",""coordinates"":[]}"
20211123,-0.004631576372825173,2021-11-23,"{""type"":""MultiPoint"",""coordinates"":[]}"
20211124,-0.005102763700097287,2021-11-24,"{""type"":""MultiPoint"",""coordinates"":[]}"
20211125,-0.005869736105869239,2021-11-25,"{""type"":""MultiPoint"",""coordinates"":[]}"
20211126,-0.006600015695086169,2021-11-26,"{""type"":""MultiPoint"",""coordinates"":[]}"
20211127,-0.00607125941668482,2021-11-27,"{""type"":""MultiPoint"",""coordinates"":[]}"
20211128,-0.00599035293098549,2021-11-28,"{""type"":""MultiPoint"",""coordinates"":[]}"
20211129,-0.002810452017928318,2021-11-29,"{""type"":""MultiPoint"",""coordinates"":[]}"
20211130,-0.00516383464018292,2021-11-30,"{""type"":""MultiPoint"",""coordinates"":[]}"
20211201,-0.0054412348174721955,2021-12-01,"{""type"":""MultiPoint"",""coordinates"":[]}"
20211202,-0.005792371036602889,2021-12-02,"{""type"":""MultiPoint"",""coordinates"":[]}"
20211203,-0.005863766522432417,2021-12-03,"{""type"":""MultiPoint"",""coordinates"":[]}"
20211204,-0.006728036668243356,2021-12-04,"{""type"":""MultiPoint"",""coordinates"":[]}"
20211205,-0.006853610505204215,2021-12-05,"{""type"":""MultiPoint"",""coordinates"":[]}"
20211206,-0.006961347968102776,2021-12-06,"{""type"":""MultiPoint"",""coordinates"":[]}"
20211207,-0.0071620677229816574,2021-12-07,"{""type"":""MultiPoint"",""coordinates"":[]}"
20211208,-0.006771041796960612,2021-12-08,"{""type"":""MultiPoint"",""coordinates"":[]}"
20211209,-0.00525783168220973,2021-12-09,"{""type"":""MultiPoint"",""coordinates"":[]}"
20211210,-0.004498975475556732,2021-12-10,"{""type"":""MultiPoint"",""coordinates"":[]}"
20211211,-0.0057798280159894804,2021-12-11,"{""type"":""MultiPoint"",""coordinates"":[]}"
20211212,-0.006911842476357231,2021-12-12,"{""type"":""MultiPoint"",""coordinates"":[]}"
20211213,-0.004898212724670508,2021-12-13,"{""type"":""MultiPoint"",""coordinates"":[]}"
20211214,-0.0047348037775312695,2021-12-14,"{""type"":""MultiPoint"",""coordinates"":[]}"
20211215,-0.006605830223307051,2021-12-15,"{""type"":""MultiPoint"",""coordinates"":[]}"
20211216,-0.0071438735770001476,2021-12-16,"{""type"":""MultiPoint"",""coordinates"":[]}"
20211217,-0.007134078038311775,2021-12-17,"{""type"":""MultiPoint"",""coordinates"":[]}"
20211218,-0.00790648376391805,2021-12-18,"{""type"":""MultiPoint"",""coordinates"":[]}"
20211219,-0.006520115318883334,2021-12-19,"{""type"":""MultiPoint"",""coordinates"":[]}"
20211220,-0.006516677768802968,2021-12-20,"{""type"":""MultiPoint"",""coordinates"":[]}"
20211221,-0.006302774856370353,2021-12-21,"{""type"":""MultiPoint"",""coordinates"":[]}"
20211222,-0.006317118774270449,2021-12-22,"{""type"":""MultiPoint"",""coordinates"":[]}"
20211223,-0.0061809646387990125,2021-12-23,"{""type"":""MultiPoint"",""coordinates"":[]}"
20211224,-0.006792317415870542,2021-12-24,"{""type"":""MultiPoint"",""coordinates"":[]}"
20211225,-0.006383250808008235,2021-12-25,"{""type"":""MultiPoint"",""coordinates"":[]}"
20211226,-0.0060645002376422735,2021-12-26,"{""type"":""MultiPoint"",""coordinates"":[]}"
20211227,-0.006036443148176048,2021-12-27,"{""type"":""MultiPoint"",""coordinates"":[]}"
20211228,-0.00741234901412198,2021-12-28,"{""type"":""MultiPoint"",""coordinates"":[]}"
20211229,-0.00697396457107734,2021-12-29,"{""type"":""MultiPoint"",""coordinates"":[]}"
20211230,-0.005983426929286402,2021-12-30,"{""type"":""MultiPoint"",""coordinates"":[]}"
20211231,-0.006660749107478802,2021-12-31,"{""type"":""MultiPoint"",""coordinates"":[]}"
20220101,-0.006297229246485407,2022-01-01,"{""type"":""MultiPoint"",""coordinates"":[]}"
20220102,-0.005501917692333557,2022-01-02,"{""type"":""MultiPoint"",""coordinates"":[]}"
20220103,-0.006472291376051632,2022-01-03,"{""type"":""MultiPoint"",""coordinates"":[]}"
20220104,-0.006750409174115218,2022-01-04,"{""type"":""MultiPoint"",""coordinates"":[]}"
20220105,-0.0063032892727184755,2022-01-05,"{""type"":""MultiPoint"",""coordinates"":[]}"
20220106,-0.007220145868470985,2022-01-06,"{""type"":""MultiPoint"",""coordinates"":[]}"
20220107,-0.007325406482106294,2022-01-07,"{""type"":""MultiPoint"",""coordinates"":[]}"
20220108,-0.006147901066520911,2022-01-08,"{""type"":""MultiPoint"",""coordinates"":[]}"
20220109,-0.005742318572772134,2022-01-09,"{""type"":""MultiPoint"",""coordinates"":[]}"
20220110,-0.004440034913643681,2022-01-10,"{""type"":""MultiPoint"",""coordinates"":[]}"
20220111,-0.004960336159930099,2022-01-11,"{""type"":""MultiPoint"",""coordinates"":[]}"
20220112,-0.00447328135453789,2022-01-12,"{""type"":""MultiPoint"",""coordinates"":[]}"
20220113,-0.0027544254709434566,2022-01-13,"{""type"":""MultiPoint"",""coordinates"":[]}"
20220114,-0.004429466937509863,2022-01-14,"{""type"":""MultiPoint"",""coordinates"":[]}"
20220115,-0.003175561303311108,2022-01-15,"{""type"":""MultiPoint"",""coordinates"":[]}"
20220116,-0.0047534058982940785,2022-01-16,"{""type"":""MultiPoint"",""coordinates"":[]}"
20220117,-0.0044562635018374095,2022-01-17,"{""type"":""MultiPoint"",""coordinates"":[]}"
20220118,-0.005994703558581466,2022-01-18,"{""type"":""MultiPoint"",""coordinates"":[]}"
20220119,-0.006486677941455061,2022-01-19,"{""type"":""MultiPoint"",""coordinates"":[]}"
20220120,-0.006423792352066264,2022-01-20,"{""type"":""MultiPoint"",""coordinates"":[]}"
20220121,-0.008321495970488441,2022-01-21,"{""type"":""MultiPoint"",""coordinates"":[]}"
20220122,-0.00868913176175311,2022-01-22,"{""type"":""MultiPoint"",""coordinates"":[]}"
20220123,-0.00838318039428006,2022-01-23,"{""type"":""MultiPoint"",""coordinates"":[]}"
20220124,-0.007544099557648859,2022-01-24,"{""type"":""MultiPoint"",""coordinates"":[]}"
20220125,-0.0070034879873648705,2022-01-25,"{""type"":""MultiPoint"",""coordinates"":[]}"
20220126,-0.0076879844621467715,2022-01-26,"{""type"":""MultiPoint"",""coordinates"":[]}"
20220127,-0.00884601474273969,2022-01-27,"{""type"":""MultiPoint"",""coordinates"":[]}"
20220128,-0.009162720000359155,2022-01-28,"{""type"":""MultiPoint"",""coordinates"":[]}"
20220129,-0.007904335174525925,2022-01-29,"{""type"":""MultiPoint"",""coordinates"":[]}"
20220130,-0.006943779074509664,2022-01-30,"{""type"":""MultiPoint"",""coordinates"":[]}"
20220131,-0.006794186936019041,2022-01-31,"{""type"":""MultiPoint"",""coordinates"":[]}"
20220201,-0.006787687114266948,2022-02-01,"{""type"":""MultiPoint"",""coordinates"":[]}"
20220202,-0.007623780576514624,2022-02-02,"{""type"":""MultiPoint"",""coordinates"":[]}"
20220203,-0.009869602582459303,2022-02-03,"{""type"":""MultiPoint"",""coordinates"":[]}"
20220204,-0.009492439059417612,2022-02-04,"{""type"":""MultiPoint"",""coordinates"":[]}"
20220205,-0.008563212130801311,2022-02-05,"{""type"":""MultiPoint"",""coordinates"":[]}"
20220206,-0.008682418428508882,2022-02-06,"{""type"":""MultiPoint"",""coordinates"":[]}"
20220207,-0.007315496733055359,2022-02-07,"{""type"":""MultiPoint"",""coordinates"":[]}"
20220208,-0.008188519425526567,2022-02-08,"{""type"":""MultiPoint"",""coordinates"":[]}"
20220209,-0.008892218588347179,2022-02-09,"{""type"":""MultiPoint"",""coordinates"":[]}"
20220210,-0.007422361565289922,2022-02-10,"{""type"":""MultiPoint"",""coordinates"":[]}"
20220211,-0.00864529951427712,2022-02-11,"{""type"":""MultiPoint"",""coordinates"":[]}"
20220212,-0.009159113616813017,2022-02-12,"{""type"":""MultiPoint"",""coordinates"":[]}"
20220213,-0.00928707564162475,2022-02-13,"{""type"":""MultiPoint"",""coordinates"":[]}"
20220214,-0.009006560612191277,2022-02-14,"{""type"":""MultiPoint"",""coordinates"":[]}"
20220215,-0.008718867863725688,2022-02-15,"{""type"":""MultiPoint"",""coordinates"":[]}"
20220216,-0.007949839695487758,2022-02-16,"{""type"":""MultiPoint"",""coordinates"":[]}"
20220217,-0.009444589189037324,2022-02-17,"{""type"":""MultiPoint"",""coordinates"":[]}"
20220218,-0.010128765303755342,2022-02-18,"{""type"":""MultiPoint"",""coordinates"":[]}"
20220219,-0.011292287382966663,2022-02-19,"{""type"":""MultiPoint"",""coordinates"":[]}"
20220220,-0.010769275759106063,2022-02-20,"{""type"":""MultiPoint"",""coordinates"":[]}"
20220221,-0.00876296317158498,2022-02-21,"{""type"":""MultiPoint"",""coordinates"":[]}"
20220222,-0.009947075342558547,2022-02-22,"{""type"":""MultiPoint"",""coordinates"":[]}"
20220223,-0.00985958374848271,2022-02-23,"{""type"":""MultiPoint"",""coordinates"":[]}"
20220224,-0.011343222257842513,2022-02-24,"{""type"":""MultiPoint"",""coordinates"":[]}"
20220225,-0.011631576370681804,2022-02-25,"{""type"":""MultiPoint"",""coordinates"":[]}"
20220226,-0.012307345230881924,2022-02-26,"{""type"":""MultiPoint"",""coordinates"":[]}"
20220227,-0.011516163976199981,2022-02-27,"{""type"":""MultiPoint"",""coordinates"":[]}"
20220228,-0.012139478747191703,2022-02-28,"{""type"":""MultiPoint"",""coordinates"":[]}"
20220301,-0.01194619392557285,2022-03-01,"{""type"":""MultiPoint"",""coordinates"":[]}"
20220302,-0.011638178469728767,2022-03-02,"{""type"":""MultiPoint"",""coordinates"":[]}"
20220303,-0.011785292159963875,2022-03-03,"{""type"":""MultiPoint"",""coordinates"":[]}"
20220304,-0.01175527536274592,2022-03-04,"{""type"":""MultiPoint"",""coordinates"":[]}"
20220305,-0.010373863206198475,2022-03-05,"{""type"":""MultiPoint"",""coordinates"":[]}"
20220306,-0.011417918125642253,2022-03-06,"{""type"":""MultiPoint"",""coordinates"":[]}"
20220307,-0.01146616617148506,2022-03-07,"{""type"":""MultiPoint"",""coordinates"":[]}"
20220308,-0.00969479040420971,2022-03-08,"{""type"":""MultiPoint"",""coordinates"":[]}"
20220309,-0.009475457769636564,2022-03-09,"{""type"":""MultiPoint"",""coordinates"":[]}"
20220310,-0.009039617635912286,2022-03-10,"{""type"":""MultiPoint"",""coordinates"":[]}"
20220311,-0.009357140616251184,2022-03-11,"{""type"":""MultiPoint"",""coordinates"":[]}"
20220312,-0.008287622996739156,2022-03-12,"{""type"":""MultiPoint"",""coordinates"":[]}"
20220313,-0.01113992467503373,2022-03-13,"{""type"":""MultiPoint"",""coordinates"":[]}"
20220314,-0.011310782441720747,2022-03-14,"{""type"":""MultiPoint"",""coordinates"":[]}"
20220315,-0.010149415046419965,2022-03-15,"{""type"":""MultiPoint"",""coordinates"":[]}"
20220316,-0.011450412897984128,2022-03-16,"{""type"":""MultiPoint"",""coordinates"":[]}"
20220317,-0.012724400355668701,2022-03-17,"{""type"":""MultiPoint"",""coordinates"":[]}"
20220318,-0.011757927302826378,2022-03-18,"{""type"":""MultiPoint"",""coordinates"":[]}"
20220319,-0.010747933727299663,2022-03-19,"{""type"":""MultiPoint"",""coordinates"":[]}"
20220320,-0.010712781287315284,2022-03-20,"{""type"":""MultiPoint"",""coordinates"":[]}"
20220321,-0.010261159752821138,2022-03-21,"{""type"":""MultiPoint"",""coordinates"":[]}"
20220322,-0.010012547995567153,2022-03-22,"{""type"":""MultiPoint"",""coordinates"":[]}"
20220323,-0.009749014375905122,2022-03-23,"{""type"":""MultiPoint"",""coordinates"":[]}"
20220324,-0.010801106125092752,2022-03-24,"{""type"":""MultiPoint"",""coordinates"":[]}"
20220325,-0.010495796469492117,2022-03-25,"{""type"":""MultiPoint"",""coordinates"":[]}"
20220326,-0.00999632299482224,2022-03-26,"{""type"":""MultiPoint"",""coordinates"":[]}"
20220327,-0.010117634067422797,2022-03-27,"{""type"":""MultiPoint"",""coordinates"":[]}"
20220328,-0.010517312325309018,2022-03-28,"{""type"":""MultiPoint"",""coordinates"":[]}"
20220329,-0.010874521407781928,2022-03-29,"{""type"":""MultiPoint"",""coordinates"":[]}"
20220330,-0.010962208579365596,2022-03-30,"{""type"":""MultiPoint"",""coordinates"":[]}"
20220331,-0.010441231636295635,2022-03-31,"{""type"":""MultiPoint"",""coordinates"":[]}"
20220401,-0.01101177823601169,2022-04-01,"{""type"":""MultiPoint"",""coordinates"":[]}"
20220402,-0.01131606978354238,2022-04-02,"{""type"":""MultiPoint"",""coordinates"":[]}"
20220403,-0.011497959294658518,2022-04-03,"{""type"":""MultiPoint"",""coordinates"":[]}"
20220404,-0.011343939650898957,2022-04-04,"{""type"":""MultiPoint"",""coordinates"":[]}"
20220405,-0.01140615238198325,2022-04-05,"{""type"":""MultiPoint"",""coordinates"":[]}"
20220406,-0.010580291194886514,2022-04-06,"{""type"":""MultiPoint"",""coordinates"":[]}"
20220407,-0.011529928457551195,2022-04-07,"{""type"":""MultiPoint"",""coordinates"":[]}"
20220408,-0.01298807914538743,2022-04-08,"{""type"":""MultiPoint"",""coordinates"":[]}"
20220409,-0.0115243243437354,2022-04-09,"{""type"":""MultiPoint"",""coordinates"":[]}"
20220410,-0.010786027609407858,2022-04-10,"{""type"":""MultiPoint"",""coordinates"":[]}"
20220411,-0.010397608055214648,2022-04-11,"{""type"":""MultiPoint"",""coordinates"":[]}"
20220412,-0.012062573802890149,2022-04-12,"{""type"":""MultiPoint"",""coordinates"":[]}"
20220413,-0.012850374568588587,2022-04-13,"{""type"":""MultiPoint"",""coordinates"":[]}"
20220414,-0.011157507612625116,2022-04-14,"{""type"":""MultiPoint"",""coordinates"":[]}"
20220415,-0.01055331483419361,2022-04-15,"{""type"":""MultiPoint"",""coordinates"":[]}"
20220416,-0.011102281779682912,2022-04-16,"{""type"":""MultiPoint"",""coordinates"":[]}"
20220417,-0.011064728686662162,2022-04-17,"{""type"":""MultiPoint"",""coordinates"":[]}"
20220418,-0.01114838124218745,2022-04-18,"{""type"":""MultiPoint"",""coordinates"":[]}"
20220419,-0.012464836788386618,2022-04-19,"{""type"":""MultiPoint"",""coordinates"":[]}"
20220420,-0.012942377816589381,2022-04-20,"{""type"":""MultiPoint"",""coordinates"":[]}"
20220421,-0.011259350876321824,2022-04-21,"{""type"":""MultiPoint"",""coordinates"":[]}"
20220422,-0.008929582905592263,2022-04-22,"{""type"":""MultiPoint"",""coordinates"":[]}"
20220423,-0.009496417013467505,2022-04-23,"{""type"":""MultiPoint"",""coordinates"":[]}"
20220424,-0.009857765443896573,2022-04-24,"{""type"":""MultiPoint"",""coordinates"":[]}"
20220425,-0.010916507634909341,2022-04-25,"{""type"":""MultiPoint"",""coordinates"":[]}"
20220426,-0.010314924693125239,2022-04-26,"{""type"":""MultiPoint"",""coordinates"":[]}"
20220427,-0.012001630335753147,2022-04-27,"{""type"":""MultiPoint"",""coordinates"":[]}"
20220428,-0.01061166713661619,2022-04-28,"{""type"":""MultiPoint"",""coordinates"":[]}"
20220429,-0.012975513244329417,2022-04-29,"{""type"":""MultiPoint"",""coordinates"":[]}"
20220430,-0.012567129889851217,2022-04-30,"{""type"":""MultiPoint"",""coordinates"":[]}"
20220501,-0.01349596797586694,2022-05-01,"{""type"":""MultiPoint"",""coordinates"":[]}"
20220502,-0.0125275411197936,2022-05-02,"{""type"":""MultiPoint"",""coordinates"":[]}"
20220503,-0.01124411993977666,2022-05-03,"{""type"":""MultiPoint"",""coordinates"":[]}"
20220504,-0.011097203285250844,2022-05-04,"{""type"":""MultiPoint"",""coordinates"":[]}"
20220505,-0.012496043437023681,2022-05-05,"{""type"":""MultiPoint"",""coordinates"":[]}"
20220506,-0.012063572776606198,2022-05-06,"{""type"":""MultiPoint"",""coordinates"":[]}"
20220507,-0.013162562109120481,2022-05-07,"{""type"":""MultiPoint"",""coordinates"":[]}"
20220508,-0.011599322831182658,2022-05-08,"{""type"":""MultiPoint"",""coordinates"":[]}"
20220509,-0.012013621667091181,2022-05-09,"{""type"":""MultiPoint"",""coordinates"":[]}"
20220510,-0.01242104336533071,2022-05-10,"{""type"":""MultiPoint"",""coordinates"":[]}"
20220511,-0.004422661048831322,2022-05-11,"{""type"":""MultiPoint"",""coordinates"":[]}"
20220512,-0.006972574819081314,2022-05-12,"{""type"":""MultiPoint"",""coordinates"":[]}"
20220513,-0.010020962800476528,2022-05-13,"{""type"":""MultiPoint"",""coordinates"":[]}"
20220514,-0.011478390187165396,2022-05-14,"{""type"":""MultiPoint"",""coordinates"":[]}"
20220515,-0.011438170316856485,2022-05-15,"{""type"":""MultiPoint"",""coordinates"":[]}"
20220516,-0.01108613138300259,2022-05-16,"{""type"":""MultiPoint"",""coordinates"":[]}"
20220517,-0.00837770634803048,2022-05-17,"{""type"":""MultiPoint"",""coordinates"":[]}"
20220518,-0.008390225829416337,2022-05-18,"{""type"":""MultiPoint"",""coordinates"":[]}"
20220519,-0.008046905574197448,2022-05-19,"{""type"":""MultiPoint"",""coordinates"":[]}"
20220520,-0.0071895694408800614,2022-05-20,"{""type"":""MultiPoint"",""coordinates"":[]}"
20220521,-0.012422934039955941,2022-05-21,"{""type"":""MultiPoint"",""coordinates"":[]}"
20220522,-0.015754086396092798,2022-05-22,"{""type"":""MultiPoint"",""coordinates"":[]}"
20220523,-0.015369326442814133,2022-05-23,"{""type"":""MultiPoint"",""coordinates"":[]}"
20220524,-0.014463189803366562,2022-05-24,"{""type"":""MultiPoint"",""coordinates"":[]}"
20220525,-0.013845687010373035,2022-05-25,"{""type"":""MultiPoint"",""coordinates"":[]}"
20220526,-0.013795379111214607,2022-05-26,"{""type"":""MultiPoint"",""coordinates"":[]}"
20220527,-0.014634455775657267,2022-05-27,"{""type"":""MultiPoint"",""coordinates"":[]}"
20220528,-0.01619993434671988,2022-05-28,"{""type"":""MultiPoint"",""coordinates"":[]}"
20220529,-0.015873597097315385,2022-05-29,"{""type"":""MultiPoint"",""coordinates"":[]}"
20220530,-0.015050655392703827,2022-05-30,"{""type"":""MultiPoint"",""coordinates"":[]}"
20220531,-0.013297760450186553,2022-05-31,"{""type"":""MultiPoint"",""coordinates"":[]}"
20220601,-0.012790464686264054,2022-06-01,"{""type"":""MultiPoint"",""coordinates"":[]}"
20220602,-0.013146918384207949,2022-06-02,"{""type"":""MultiPoint"",""coordinates"":[]}"
20220603,-0.014918213007554323,2022-06-03,"{""type"":""MultiPoint"",""coordinates"":[]}"
20220604,-0.0149414843390947,2022-06-04,"{""type"":""MultiPoint"",""coordinates"":[]}"
20220605,-0.014347188438455078,2022-06-05,"{""type"":""MultiPoint"",""coordinates"":[]}"
20220606,-0.013571858003408323,2022-06-06,"{""type"":""MultiPoint"",""coordinates"":[]}"
20220607,-0.01581071516553796,2022-06-07,"{""type"":""MultiPoint"",""coordinates"":[]}"
20220608,-0.014359899324228867,2022-06-08,"{""type"":""MultiPoint"",""coordinates"":[]}"
20220609,-0.013237090769766658,2022-06-09,"{""type"":""MultiPoint"",""coordinates"":[]}"
20220610,-0.01366313036587557,2022-06-10,"{""type"":""MultiPoint"",""coordinates"":[]}"
20220611,-0.012152452106280673,2022-06-11,"{""type"":""MultiPoint"",""coordinates"":[]}"
20220612,-0.011801517066796512,2022-06-12,"{""type"":""MultiPoint"",""coordinates"":[]}"
20220613,-0.010908695766969675,2022-06-13,"{""type"":""MultiPoint"",""coordinates"":[]}"
20220614,-0.01015850212613594,2022-06-14,"{""type"":""MultiPoint"",""coordinates"":[]}"
20220615,-0.009134485185254372,2022-06-15,"{""type"":""MultiPoint"",""coordinates"":[]}"
20220616,-0.007024217749184392,2022-06-16,"{""type"":""MultiPoint"",""coordinates"":[]}"
20220617,-0.00850531211128071,2022-06-17,"{""type"":""MultiPoint"",""coordinates"":[]}"
20220618,-0.007346734740474912,2022-06-18,"{""type"":""MultiPoint"",""coordinates"":[]}"
20220619,-0.0076466532071494415,2022-06-19,"{""type"":""MultiPoint"",""coordinates"":[]}"
20220620,-0.00957442907899552,2022-06-20,"{""type"":""MultiPoint"",""coordinates"":[]}"
20220621,-0.006558871758904842,2022-06-21,"{""type"":""MultiPoint"",""coordinates"":[]}"
20220622,-0.0047564375111014,2022-06-22,"{""type"":""MultiPoint"",""coordinates"":[]}"
20220623,-0.009057244320634336,2022-06-23,"{""type"":""MultiPoint"",""coordinates"":[]}"
20220624,-0.008224441444297856,2022-06-24,"{""type"":""MultiPoint"",""coordinates"":[]}"
20220625,-0.008421018685678466,2022-06-25,"{""type"":""MultiPoint"",""coordinates"":[]}"
20220626,-0.002445837008824691,2022-06-26,"{""type"":""MultiPoint"",""coordinates"":[]}"
20220627,-0.004024949049582319,2022-06-27,"{""type"":""MultiPoint"",""coordinates"":[]}"
20220628,-0.004258241421384381,2022-06-28,"{""type"":""MultiPoint"",""coordinates"":[]}"
20220629,-0.007617858335573858,2022-06-29,"{""type"":""MultiPoint"",""coordinates"":[]}"
20220630,-0.00679346197611705,2022-06-30,"{""type"":""MultiPoint"",""coordinates"":[]}"
20220701,-0.00853914829796292,2022-07-01,"{""type"":""MultiPoint"",""coordinates"":[]}"
20220702,-0.008150009785250004,2022-07-02,"{""type"":""MultiPoint"",""coordinates"":[]}"
20220703,-0.006669042333249594,2022-07-03,"{""type"":""MultiPoint"",""coordinates"":[]}"
20220704,-0.005913219394898771,2022-07-04,"{""type"":""MultiPoint"",""coordinates"":[]}"
20220705,-0.006265343517584127,2022-07-05,"{""type"":""MultiPoint"",""coordinates"":[]}"
20220706,-0.0027852386603768094,2022-07-06,"{""type"":""MultiPoint"",""coordinates"":[]}"
20220707,-0.005151765764627642,2022-07-07,"{""type"":""MultiPoint"",""coordinates"":[]}"
20220708,-0.0028235666189021266,2022-07-08,"{""type"":""MultiPoint"",""coordinates"":[]}"
20220709,-0.002988744665563909,2022-07-09,"{""type"":""MultiPoint"",""coordinates"":[]}"
20220710,-0.002853640860472129,2022-07-10,"{""type"":""MultiPoint"",""coordinates"":[]}"
20220711,-0.0041800186170270585,2022-07-11,"{""type"":""MultiPoint"",""coordinates"":[]}"
20220712,-0.0029155248014302226,2022-07-12,"{""type"":""MultiPoint"",""coordinates"":[]}"
20220713,-0.003701578644096734,2022-07-13,"{""type"":""MultiPoint"",""coordinates"":[]}"
20220714,-0.005741908496529108,2022-07-14,"{""type"":""MultiPoint"",""coordinates"":[]}"
20220715,-0.00846198586638935,2022-07-15,"{""type"":""MultiPoint"",""coordinates"":[]}"
20220716,-0.007415555381059368,2022-07-16,"{""type"":""MultiPoint"",""coordinates"":[]}"
20220717,-0.004368531492809348,2022-07-17,"{""type"":""MultiPoint"",""coordinates"":[]}"
20220718,-0.004120490132155451,2022-07-18,"{""type"":""MultiPoint"",""coordinates"":[]}"
20220719,-0.008040404102538664,2022-07-19,"{""type"":""MultiPoint"",""coordinates"":[]}"
20220720,-0.008518036073833968,2022-07-20,"{""type"":""MultiPoint"",""coordinates"":[]}"
20220721,-0.00730538656139946,2022-07-21,"{""type"":""MultiPoint"",""coordinates"":[]}"
20220722,-0.0021917805286133115,2022-07-22,"{""type"":""MultiPoint"",""coordinates"":[]}"
20220723,-0.00232453676500769,2022-07-23,"{""type"":""MultiPoint"",""coordinates"":[]}"
20220724,-0.0038011916215541256,2022-07-24,"{""type"":""MultiPoint"",""coordinates"":[]}"
20220725,-0.005044333940850204,2022-07-25,"{""type"":""MultiPoint"",""coordinates"":[]}"
20220726,-0.002639707135034803,2022-07-26,"{""type"":""MultiPoint"",""coordinates"":[]}"
20220727,-0.0039372023355998586,2022-07-27,"{""type"":""MultiPoint"",""coordinates"":[]}"
20220728,-0.005158727901130374,2022-07-28,"{""type"":""MultiPoint"",""coordinates"":[]}"
20220729,-0.005069368104782397,2022-07-29,"{""type"":""MultiPoint"",""coordinates"":[]}"
20220730,-0.004941841563596951,2022-07-30,"{""type"":""MultiPoint"",""coordinates"":[]}"
20220731,-0.005160264904931006,2022-07-31,"{""type"":""MultiPoint"",""coordinates"":[]}"
20220801,-0.005057873044544382,2022-08-01,"{""type"":""MultiPoint"",""coordinates"":[]}"
20220802,-0.005455808624388642,2022-08-02,"{""type"":""MultiPoint"",""coordinates"":[]}"
20220803,-0.0054983510799363556,2022-08-03,"{""type"":""MultiPoint"",""coordinates"":[]}"
20220804,-0.00492118056775843,2022-08-04,"{""type"":""MultiPoint"",""coordinates"":[]}"
20220805,-0.005349967000203715,2022-08-05,"{""type"":""MultiPoint"",""coordinates"":[]}"
20220806,-0.0033555819631514495,2022-08-06,"{""type"":""MultiPoint"",""coordinates"":[]}"
20220807,-0.003664168735625441,2022-08-07,"{""type"":""MultiPoint"",""coordinates"":[]}"
20220808,-0.0028215939810603474,2022-08-08,"{""type"":""MultiPoint"",""coordinates"":[]}"
20220809,-0.003754468769073498,2022-08-09,"{""type"":""MultiPoint"",""coordinates"":[]}"
20220810,-0.009749698750648333,2022-08-10,"{""type"":""MultiPoint"",""coordinates"":[]}"
20220811,-0.009166058654607382,2022-08-11,"{""type"":""MultiPoint"",""coordinates"":[]}"
20220812,-0.009762079858587177,2022-08-12,"{""type"":""MultiPoint"",""coordinates"":[]}"
20220813,-0.007694224097075882,2022-08-13,"{""type"":""MultiPoint"",""coordinates"":[]}"
20220814,-0.004430195064971912,2022-08-14,"{""type"":""MultiPoint"",""coordinates"":[]}"
20220815,-0.004300592351311957,2022-08-15,"{""type"":""MultiPoint"",""coordinates"":[]}"
20220816,-0.007303107459871285,2022-08-16,"{""type"":""MultiPoint"",""coordinates"":[]}"
20220817,-0.007849384737382847,2022-08-17,"{""type"":""MultiPoint"",""coordinates"":[]}"
20220818,-0.008608115140707716,2022-08-18,"{""type"":""MultiPoint"",""coordinates"":[]}"
20220819,-0.008358160048491003,2022-08-19,"{""type"":""MultiPoint"",""coordinates"":[]}"
20220820,-0.00795970973315212,2022-08-20,"{""type"":""MultiPoint"",""coordinates"":[]}"
20220821,-0.00854539692953252,2022-08-21,"{""type"":""MultiPoint"",""coordinates"":[]}"
20220822,-0.007961570225304287,2022-08-22,"{""type"":""MultiPoint"",""coordinates"":[]}"
20220823,-0.007422151638297292,2022-08-23,"{""type"":""MultiPoint"",""coordinates"":[]}"
20220824,-0.007110939753917888,2022-08-24,"{""type"":""MultiPoint"",""coordinates"":[]}"
20220825,-0.006499614158317822,2022-08-25,"{""type"":""MultiPoint"",""coordinates"":[]}"
20220826,-0.006456950924136629,2022-08-26,"{""type"":""MultiPoint"",""coordinates"":[]}"
20220827,-0.007670358727413338,2022-08-27,"{""type"":""MultiPoint"",""coordinates"":[]}"
20220828,-0.006959125099070266,2022-08-28,"{""type"":""MultiPoint"",""coordinates"":[]}"
20220829,-0.00524594992538299,2022-08-29,"{""type"":""MultiPoint"",""coordinates"":[]}"
20220830,-0.005929890635407336,2022-08-30,"{""type"":""MultiPoint"",""coordinates"":[]}"
20220831,-0.005842051927601477,2022-08-31,"{""type"":""MultiPoint"",""coordinates"":[]}"
20220901,-0.006019670456024482,2022-09-01,"{""type"":""MultiPoint"",""coordinates"":[]}"
20220902,-0.006860128982435231,2022-09-02,"{""type"":""MultiPoint"",""coordinates"":[]}"
20220903,-0.00599332079490034,2022-09-03,"{""type"":""MultiPoint"",""coordinates"":[]}"
20220904,-0.0053261198814988,2022-09-04,"{""type"":""MultiPoint"",""coordinates"":[]}"
20220905,-0.00582823484249376,2022-09-05,"{""type"":""MultiPoint"",""coordinates"":[]}"
20220906,-0.005572014471088442,2022-09-06,"{""type"":""MultiPoint"",""coordinates"":[]}"
20220907,-0.004448840404938714,2022-09-07,"{""type"":""MultiPoint"",""coordinates"":[]}"
20220908,-0.0037031827833750443,2022-09-08,"{""type"":""MultiPoint"",""coordinates"":[]}"
20220909,-0.0029727190267585697,2022-09-09,"{""type"":""MultiPoint"",""coordinates"":[]}"
20220910,-0.0017240010262469482,2022-09-10,"{""type"":""MultiPoint"",""coordinates"":[]}"
20220911,-0.0022326257416526844,2022-09-11,"{""type"":""MultiPoint"",""coordinates"":[]}"
20220912,-0.005117221833948117,2022-09-12,"{""type"":""MultiPoint"",""coordinates"":[]}"
20220913,-0.0063824702082668685,2022-09-13,"{""type"":""MultiPoint"",""coordinates"":[]}"
20220914,-0.007496041660563605,2022-09-14,"{""type"":""MultiPoint"",""coordinates"":[]}"
20220915,-0.007700590383182431,2022-09-15,"{""type"":""MultiPoint"",""coordinates"":[]}"
20220916,-0.007710256619417964,2022-09-16,"{""type"":""MultiPoint"",""coordinates"":[]}"
20220917,-0.0079366218257849,2022-09-17,"{""type"":""MultiPoint"",""coordinates"":[]}"
20220918,-0.007118829638895937,2022-09-18,"{""type"":""MultiPoint"",""coordinates"":[]}"
20220919,-0.00705219830092457,2022-09-19,"{""type"":""MultiPoint"",""coordinates"":[]}"
20220920,-0.006562764131709672,2022-09-20,"{""type"":""MultiPoint"",""coordinates"":[]}"
20220921,-0.007379572448459656,2022-09-21,"{""type"":""MultiPoint"",""coordinates"":[]}"
20220922,-0.006213376489708713,2022-09-22,"{""type"":""MultiPoint"",""coordinates"":[]}"
20220923,-0.00800746091461772,2022-09-23,"{""type"":""MultiPoint"",""coordinates"":[]}"
20220924,-0.0075565858245146755,2022-09-24,"{""type"":""MultiPoint"",""coordinates"":[]}"
20220925,-0.006006306965020334,2022-09-25,"{""type"":""MultiPoint"",""coordinates"":[]}"
20220926,-0.005242496981761708,2022-09-26,"{""type"":""MultiPoint"",""coordinates"":[]}"
20220927,-0.004877856601753148,2022-09-27,"{""type"":""MultiPoint"",""coordinates"":[]}"
20220928,-0.004553704116592965,2022-09-28,"{""type"":""MultiPoint"",""coordinates"":[]}"
20220929,-0.003685293435961005,2022-09-29,"{""type"":""MultiPoint"",""coordinates"":[]}"
20220930,-0.00458399752969344,2022-09-30,"{""type"":""MultiPoint"",""coordinates"":[]}"
20221001,-0.004854624062500883,2022-10-01,"{""type"":""MultiPoint"",""coordinates"":[]}"
20221002,-0.007766191560025761,2022-10-02,"{""type"":""MultiPoint"",""coordinates"":[]}"
20221003,-0.00863268099518174,2022-10-03,"{""type"":""MultiPoint"",""coordinates"":[]}"
20221004,-0.007522950746229856,2022-10-04,"{""type"":""MultiPoint"",""coordinates"":[]}"
20221005,-0.0031281304292874747,2022-10-05,"{""type"":""MultiPoint"",""coordinates"":[]}"
20221006,-0.0014091823797230123,2022-10-06,"{""type"":""MultiPoint"",""coordinates"":[]}"
20221007,-0.00476632592219741,2022-10-07,"{""type"":""MultiPoint"",""coordinates"":[]}"
20221008,-0.0036883576554198327,2022-10-08,"{""type"":""MultiPoint"",""coordinates"":[]}"
20221009,-0.004368079986662768,2022-10-09,"{""type"":""MultiPoint"",""coordinates"":[]}"
20221010,-0.003123608266501592,2022-10-10,"{""type"":""MultiPoint"",""coordinates"":[]}"
20221011,-0.0055541539919965474,2022-10-11,"{""type"":""MultiPoint"",""coordinates"":[]}"
20221012,-0.0044791116207481664,2022-10-12,"{""type"":""MultiPoint"",""coordinates"":[]}"
20221013,-0.0032493009012454985,2022-10-13,"{""type"":""MultiPoint"",""coordinates"":[]}"
20221014,-0.003693799470666995,2022-10-14,"{""type"":""MultiPoint"",""coordinates"":[]}"
20221015,-0.0019237743736013804,2022-10-15,"{""type"":""MultiPoint"",""coordinates"":[]}"
20221016,-0.00202929493733866,2022-10-16,"{""type"":""MultiPoint"",""coordinates"":[]}"
20221017,-0.004896711455809037,2022-10-17,"{""type"":""MultiPoint"",""coordinates"":[]}"
20221018,-0.004377508470397814,2022-10-18,"{""type"":""MultiPoint"",""coordinates"":[]}"
20221019,-0.004609299996021247,2022-10-19,"{""type"":""MultiPoint"",""coordinates"":[]}"
20221020,-0.0046620633603856034,2022-10-20,"{""type"":""MultiPoint"",""coordinates"":[]}"
20221021,-0.005699607031670177,2022-10-21,"{""type"":""MultiPoint"",""coordinates"":[]}"
20221022,-0.008134742734391142,2022-10-22,"{""type"":""MultiPoint"",""coordinates"":[]}"
20221023,-0.008635301574927437,2022-10-23,"{""type"":""MultiPoint"",""coordinates"":[]}"
20221024,-0.007601555478760859,2022-10-24,"{""type"":""MultiPoint"",""coordinates"":[]}"
20221025,-0.0065380122944575444,2022-10-25,"{""type"":""MultiPoint"",""coordinates"":[]}"
20221026,-0.006759308122402381,2022-10-26,"{""type"":""MultiPoint"",""coordinates"":[]}"
20221027,-0.005745619934068836,2022-10-27,"{""type"":""MultiPoint"",""coordinates"":[]}"
20221028,-0.007181144650224406,2022-10-28,"{""type"":""MultiPoint"",""coordinates"":[]}"
20221029,-0.007884757030033322,2022-10-29,"{""type"":""MultiPoint"",""coordinates"":[]}"
20221030,-0.007597136098688613,2022-10-30,"{""type"":""MultiPoint"",""coordinates"":[]}"
20221031,-0.007136946609479309,2022-10-31,"{""type"":""MultiPoint"",""coordinates"":[]}"
20221101,-0.004311459303607573,2022-11-01,"{""type"":""MultiPoint"",""coordinates"":[]}"
20221102,-0.004124877178465069,2022-11-02,"{""type"":""MultiPoint"",""coordinates"":[]}"
20221103,-0.005459787731463921,2022-11-03,"{""type"":""MultiPoint"",""coordinates"":[]}"
20221104,-0.005278042278048535,2022-11-04,"{""type"":""MultiPoint"",""coordinates"":[]}"
20221105,-0.005842176488493525,2022-11-05,"{""type"":""MultiPoint"",""coordinates"":[]}"
20221106,-0.006176263590984889,2022-11-06,"{""type"":""MultiPoint"",""coordinates"":[]}"
20221107,-0.006483079902596451,2022-11-07,"{""type"":""MultiPoint"",""coordinates"":[]}"
20221108,-0.006610911368548837,2022-11-08,"{""type"":""MultiPoint"",""coordinates"":[]}"
20221109,-0.006511121991090592,2022-11-09,"{""type"":""MultiPoint"",""coordinates"":[]}"
20221110,-0.007581468732098777,2022-11-10,"{""type"":""MultiPoint"",""coordinates"":[]}"
20221111,-0.009053576203040854,2022-11-11,"{""type"":""MultiPoint"",""coordinates"":[]}"
20221112,-0.00808413327733717,2022-11-12,"{""type"":""MultiPoint"",""coordinates"":[]}"
20221113,-0.006851126691996692,2022-11-13,"{""type"":""MultiPoint"",""coordinates"":[]}"
20221114,-0.005163063199138923,2022-11-14,"{""type"":""MultiPoint"",""coordinates"":[]}"
20221115,-0.006740943733339656,2022-11-15,"{""type"":""MultiPoint"",""coordinates"":[]}"
20221116,-0.007191477564250314,2022-11-16,"{""type"":""MultiPoint"",""coordinates"":[]}"
20221117,-0.007397990205460892,2022-11-17,"{""type"":""MultiPoint"",""coordinates"":[]}"
20221118,-0.007899035421537753,2022-11-18,"{""type"":""MultiPoint"",""coordinates"":[]}"
20221119,-0.007574045962418383,2022-11-19,"{""type"":""MultiPoint"",""coordinates"":[]}"
20221120,-0.007662983281291314,2022-11-20,"{""type"":""MultiPoint"",""coordinates"":[]}"
20221121,-0.005670985966719678,2022-11-21,"{""type"":""MultiPoint"",""coordinates"":[]}"
20221122,-0.0071706543021303635,2022-11-22,"{""type"":""MultiPoint"",""coordinates"":[]}"
20221123,-0.005300150500659599,2022-11-23,"{""type"":""MultiPoint"",""coordinates"":[]}"
20221124,-0.004677640436301555,2022-11-24,"{""type"":""MultiPoint"",""coordinates"":[]}"
20221125,-0.005657083750214446,2022-11-25,"{""type"":""MultiPoint"",""coordinates"":[]}"
20221126,-0.006102112754778919,2022-11-26,"{""type"":""MultiPoint"",""coordinates"":[]}"
20221127,-0.006348513784537819,2022-11-27,"{""type"":""MultiPoint"",""coordinates"":[]}"
20221128,-0.006507713203933308,2022-11-28,"{""type"":""MultiPoint"",""coordinates"":[]}"
20221129,-0.007089261555137464,2022-11-29,"{""type"":""MultiPoint"",""coordinates"":[]}"
20221130,-0.006552801171033709,2022-11-30,"{""type"":""MultiPoint"",""coordinates"":[]}"
20221201,-0.005855369842902109,2022-12-01,"{""type"":""MultiPoint"",""coordinates"":[]}"
20221202,-0.004802850243526079,2022-12-02,"{""type"":""MultiPoint"",""coordinates"":[]}"
20221203,-0.005205705769360376,2022-12-03,"{""type"":""MultiPoint"",""coordinates"":[]}"
20221204,-0.005563080707426254,2022-12-04,"{""type"":""MultiPoint"",""coordinates"":[]}"
20221205,-0.006870800016655208,2022-12-05,"{""type"":""MultiPoint"",""coordinates"":[]}"
20221206,-0.007403280547197531,2022-12-06,"{""type"":""MultiPoint"",""coordinates"":[]}"
20221207,-0.008029188759927032,2022-12-07,"{""type"":""MultiPoint"",""coordinates"":[]}"
20221208,-0.009531930807697422,2022-12-08,"{""type"":""MultiPoint"",""coordinates"":[]}"
20221209,-0.008939826590075355,2022-12-09,"{""type"":""MultiPoint"",""coordinates"":[]}"
20221210,-0.004299462262558596,2022-12-10,"{""type"":""MultiPoint"",""coordinates"":[]}"
20221211,-0.002032983582447438,2022-12-11,"{""type"":""MultiPoint"",""coordinates"":[]}"
20221212,-0.004736391747599865,2022-12-12,"{""type"":""MultiPoint"",""coordinates"":[]}"
20221213,-0.004221025956333208,2022-12-13,"{""type"":""MultiPoint"",""coordinates"":[]}"
20221214,-0.005440606168098382,2022-12-14,"{""type"":""MultiPoint"",""coordinates"":[]}"
20221215,-0.004839545089983234,2022-12-15,"{""type"":""MultiPoint"",""coordinates"":[]}"
20221216,-0.005000166562694953,2022-12-16,"{""type"":""MultiPoint"",""coordinates"":[]}"
20221217,-0.0056383770946920085,2022-12-17,"{""type"":""MultiPoint"",""coordinates"":[]}"
20221218,-0.0073923299123922585,2022-12-18,"{""type"":""MultiPoint"",""coordinates"":[]}"
20221219,-0.005821272396158141,2022-12-19,"{""type"":""MultiPoint"",""coordinates"":[]}"
20221220,-0.00624191179040164,2022-12-20,"{""type"":""MultiPoint"",""coordinates"":[]}"
20221221,-0.006026190629575031,2022-12-21,"{""type"":""MultiPoint"",""coordinates"":[]}"
20221222,-0.006359796288394797,2022-12-22,"{""type"":""MultiPoint"",""coordinates"":[]}"
20221223,-0.006158830153659719,2022-12-23,"{""type"":""MultiPoint"",""coordinates"":[]}"
20221224,-0.006979791474296895,2022-12-24,"{""type"":""MultiPoint"",""coordinates"":[]}"
20221225,-0.006295824356296718,2022-12-25,"{""type"":""MultiPoint"",""coordinates"":[]}"
20221226,-0.004136434501763695,2022-12-26,"{""type"":""MultiPoint"",""coordinates"":[]}"
20221227,-0.00563656742584383,2022-12-27,"{""type"":""MultiPoint"",""coordinates"":[]}"
20221228,-0.005202720189244555,2022-12-28,"{""type"":""MultiPoint"",""coordinates"":[]}"
20221229,-0.00487985529536093,2022-12-29,"{""type"":""MultiPoint"",""coordinates"":[]}"
20221230,-0.004887579732992744,2022-12-30,"{""type"":""MultiPoint"",""coordinates"":[]}"
20221231,-0.0054105249809008795,2022-12-31,"{""type"":""MultiPoint"",""coordinates"":[]}"
20230101,-0.005230663012156084,2023-01-01,"{""type"":""MultiPoint"",""coordinates"":[]}"
20230102,-0.006471762088501106,2023-01-02,"{""type"":""MultiPoint"",""coordinates"":[]}"
20230103,-0.006291749930437906,2023-01-03,"{""type"":""MultiPoint"",""coordinates"":[]}"
20230104,-0.007289299906005492,2023-01-04,"{""type"":""MultiPoint"",""coordinates"":[]}"
20230105,-0.0044737072719962,2023-01-05,"{""type"":""MultiPoint"",""coordinates"":[]}"
20230106,-0.00489040076809628,2023-01-06,"{""type"":""MultiPoint"",""coordinates"":[]}"
20230107,-0.007663409534815856,2023-01-07,"{""type"":""MultiPoint"",""coordinates"":[]}"
20230108,-0.008124415691356928,2023-01-08,"{""type"":""MultiPoint"",""coordinates"":[]}"
20230109,-0.006729480922731281,2023-01-09,"{""type"":""MultiPoint"",""coordinates"":[]}"
20230110,-0.006867873807257227,2023-01-10,"{""type"":""MultiPoint"",""coordinates"":[]}"
20230111,-0.0059576445586721405,2023-01-11,"{""type"":""MultiPoint"",""coordinates"":[]}"
20230112,-0.006210072131135861,2023-01-12,"{""type"":""MultiPoint"",""coordinates"":[]}"
20230113,-0.006396579234498188,2023-01-13,"{""type"":""MultiPoint"",""coordinates"":[]}"
20230114,-0.006213899160402309,2023-01-14,"{""type"":""MultiPoint"",""coordinates"":[]}"
20230115,-0.007370880912178941,2023-01-15,"{""type"":""MultiPoint"",""coordinates"":[]}"
20230116,-0.00823254533889115,2023-01-16,"{""type"":""MultiPoint"",""coordinates"":[]}"
20230117,-0.008846755701877944,2023-01-17,"{""type"":""MultiPoint"",""coordinates"":[]}"
20230118,-0.008013974626227773,2023-01-18,"{""type"":""MultiPoint"",""coordinates"":[]}"
20230119,-0.007943601941753415,2023-01-19,"{""type"":""MultiPoint"",""coordinates"":[]}"
20230120,-0.007695322714662487,2023-01-20,"{""type"":""MultiPoint"",""coordinates"":[]}"
20230121,-0.007529664546551816,2023-01-21,"{""type"":""MultiPoint"",""coordinates"":[]}"
20230122,-0.007684373594561271,2023-01-22,"{""type"":""MultiPoint"",""coordinates"":[]}"
20230123,-0.008175232318573835,2023-01-23,"{""type"":""MultiPoint"",""coordinates"":[]}"
20230124,-0.008410498465875613,2023-01-24,"{""type"":""MultiPoint"",""coordinates"":[]}"
20230125,-0.008834789914057162,2023-01-25,"{""type"":""MultiPoint"",""coordinates"":[]}"
20230126,-0.00896383849563606,2023-01-26,"{""type"":""MultiPoint"",""coordinates"":[]}"
20230127,-0.007853706667716714,2023-01-27,"{""type"":""MultiPoint"",""coordinates"":[]}"
20230128,-0.007851917970177532,2023-01-28,"{""type"":""MultiPoint"",""coordinates"":[]}"
20230129,-0.00889565429417678,2023-01-29,"{""type"":""MultiPoint"",""coordinates"":[]}"
20230130,-0.007276264244893962,2023-01-30,"{""type"":""MultiPoint"",""coordinates"":[]}"
20230131,-0.007339580533505625,2023-01-31,"{""type"":""MultiPoint"",""coordinates"":[]}"
20230201,-0.008784018732153169,2023-02-01,"{""type"":""MultiPoint"",""coordinates"":[]}"
20230202,-0.010500763943474354,2023-02-02,"{""type"":""MultiPoint"",""coordinates"":[]}"
20230203,-0.008750540169614162,2023-02-03,"{""type"":""MultiPoint"",""coordinates"":[]}"
20230204,-0.008262876584667076,2023-02-04,"{""type"":""MultiPoint"",""coordinates"":[]}"
20230205,-0.0076516257638811844,2023-02-05,"{""type"":""MultiPoint"",""coordinates"":[]}"
20230206,-0.00792335418909707,2023-02-06,"{""type"":""MultiPoint"",""coordinates"":[]}"
20230207,-0.007781352101638868,2023-02-07,"{""type"":""MultiPoint"",""coordinates"":[]}"
20230208,-0.007597365363227156,2023-02-08,"{""type"":""MultiPoint"",""coordinates"":[]}"
20230209,-0.008042171097960621,2023-02-09,"{""type"":""MultiPoint"",""coordinates"":[]}"
20230210,-0.008307277250531578,2023-02-10,"{""type"":""MultiPoint"",""coordinates"":[]}"
20230211,-0.007739956330928196,2023-02-11,"{""type"":""MultiPoint"",""coordinates"":[]}"
20230212,-0.0102201895026536,2023-02-12,"{""type"":""MultiPoint"",""coordinates"":[]}"
20230213,-0.010967660295915602,2023-02-13,"{""type"":""MultiPoint"",""coordinates"":[]}"
20230214,-0.009502067503802374,2023-02-14,"{""type"":""MultiPoint"",""coordinates"":[]}"
20230215,-0.00977773317093377,2023-02-15,"{""type"":""MultiPoint"",""coordinates"":[]}"
20230216,-0.01087968087616953,2023-02-16,"{""type"":""MultiPoint"",""coordinates"":[]}"
20230217,-0.008776159584118658,2023-02-17,"{""type"":""MultiPoint"",""coordinates"":[]}"
20230218,-0.008350800288823046,2023-02-18,"{""type"":""MultiPoint"",""coordinates"":[]}"
20230219,-0.008926560691618327,2023-02-19,"{""type"":""MultiPoint"",""coordinates"":[]}"
20230220,-0.007968060027004962,2023-02-20,"{""type"":""MultiPoint"",""coordinates"":[]}"
20230221,-0.008450317296785755,2023-02-21,"{""type"":""MultiPoint"",""coordinates"":[]}"
20230222,-0.00952289511879497,2023-02-22,"{""type"":""MultiPoint"",""coordinates"":[]}"
20230223,-0.009907477757320676,2023-02-23,"{""type"":""MultiPoint"",""coordinates"":[]}"
20230224,-0.00983645130977854,2023-02-24,"{""type"":""MultiPoint"",""coordinates"":[]}"
20230225,-0.010082010768844147,2023-02-25,"{""type"":""MultiPoint"",""coordinates"":[]}"
20230226,-0.010882266971794405,2023-02-26,"{""type"":""MultiPoint"",""coordinates"":[]}"
20230227,-0.011517999917666133,2023-02-27,"{""type"":""MultiPoint"",""coordinates"":[]}"
20230228,-0.012769762287841917,2023-02-28,"{""type"":""MultiPoint"",""coordinates"":[]}"
20230301,-0.01230494705650865,2023-03-01,"{""type"":""MultiPoint"",""coordinates"":[]}"
20230302,-0.012047947376073613,2023-03-02,"{""type"":""MultiPoint"",""coordinates"":[]}"
20230303,-0.011014054534607787,2023-03-03,"{""type"":""MultiPoint"",""coordinates"":[]}"
20230304,-0.012089660625371288,2023-03-04,"{""type"":""MultiPoint"",""coordinates"":[]}"
20230305,-0.012173893393114256,2023-03-05,"{""type"":""MultiPoint"",""coordinates"":[]}"
20230306,-0.010386054514950725,2023-03-06,"{""type"":""MultiPoint"",""coordinates"":[]}"
20230307,-0.010575981639551318,2023-03-07,"{""type"":""MultiPoint"",""coordinates"":[]}"
20230308,-0.010521688845837988,2023-03-08,"{""type"":""MultiPoint"",""coordinates"":[]}"
20230309,-0.01154545598395507,2023-03-09,"{""type"":""MultiPoint"",""coordinates"":[]}"
20230310,-0.010284731335712278,2023-03-10,"{""type"":""MultiPoint"",""coordinates"":[]}"
20230311,-0.01139071102979119,2023-03-11,"{""type"":""MultiPoint"",""coordinates"":[]}"
20230312,-0.011846322021424424,2023-03-12,"{""type"":""MultiPoint"",""coordinates"":[]}"
20230313,-0.011924288787242348,2023-03-13,"{""type"":""MultiPoint"",""coordinates"":[]}"
20230314,-0.012016731327361349,2023-03-14,"{""type"":""MultiPoint"",""coordinates"":[]}"
20230315,-0.011483829966456577,2023-03-15,"{""type"":""MultiPoint"",""coordinates"":[]}"
20230316,-0.006385589054399113,2023-03-16,"{""type"":""MultiPoint"",""coordinates"":[]}"
20230317,-0.005117786202001205,2023-03-17,"{""type"":""MultiPoint"",""coordinates"":[]}"
20230318,-0.006379694049103992,2023-03-18,"{""type"":""MultiPoint"",""coordinates"":[]}"
20230319,-0.006445299126644015,2023-03-19,"{""type"":""MultiPoint"",""coordinates"":[]}"
20230320,-0.0073929231045278335,2023-03-20,"{""type"":""MultiPoint"",""coordinates"":[]}"
20230321,-0.00801313906219449,2023-03-21,"{""type"":""MultiPoint"",""coordinates"":[]}"
20230322,-0.008080027485400211,2023-03-22,"{""type"":""MultiPoint"",""coordinates"":[]}"
20230323,-0.007813841377085877,2023-03-23,"{""type"":""MultiPoint"",""coordinates"":[]}"
20230324,-0.007597097247724725,2023-03-24,"{""type"":""MultiPoint"",""coordinates"":[]}"
20230325,-0.007387241184471786,2023-03-25,"{""type"":""MultiPoint"",""coordinates"":[]}"
20230326,-0.007812032127660772,2023-03-26,"{""type"":""MultiPoint"",""coordinates"":[]}"
20230327,-0.009824368418010607,2023-03-27,"{""type"":""MultiPoint"",""coordinates"":[]}"
20230328,-0.009743386165441991,2023-03-28,"{""type"":""MultiPoint"",""coordinates"":[]}"
20230329,-0.010061628093279484,2023-03-29,"{""type"":""MultiPoint"",""coordinates"":[]}"
20230330,-0.011596393522679691,2023-03-30,"{""type"":""MultiPoint"",""coordinates"":[]}"
20230331,-0.009912542414671927,2023-03-31,"{""type"":""MultiPoint"",""coordinates"":[]}"
20230401,-0.009561278226176993,2023-04-01,"{""type"":""MultiPoint"",""coordinates"":[]}"
20230402,-0.008663853635002739,2023-04-02,"{""type"":""MultiPoint"",""coordinates"":[]}"
20230403,-0.01097649517631902,2023-04-03,"{""type"":""MultiPoint"",""coordinates"":[]}"
20230404,-0.011208300248438515,2023-04-04,"{""type"":""MultiPoint"",""coordinates"":[]}"
20230405,-0.009041864498676699,2023-04-05,"{""type"":""MultiPoint"",""coordinates"":[]}"
20230406,-0.009362392560752157,2023-04-06,"{""type"":""MultiPoint"",""coordinates"":[]}"
20230407,-0.00971119476606376,2023-04-07,"{""type"":""MultiPoint"",""coordinates"":[]}"
20230408,-0.010475279748827235,2023-04-08,"{""type"":""MultiPoint"",""coordinates"":[]}"
20230409,-0.011397760751052543,2023-04-09,"{""type"":""MultiPoint"",""coordinates"":[]}"
20230410,-0.013021026746409054,2023-04-10,"{""type"":""MultiPoint"",""coordinates"":[]}"
20230411,-0.012249737976739757,2023-04-11,"{""type"":""MultiPoint"",""coordinates"":[]}"
20230412,-0.01171642121887961,2023-04-12,"{""type"":""MultiPoint"",""coordinates"":[]}"
20230413,-0.011580057119781998,2023-04-13,"{""type"":""MultiPoint"",""coordinates"":[]}"
20230414,-0.012350326324887383,2023-04-14,"{""type"":""MultiPoint"",""coordinates"":[]}"
20230415,-0.011571224085181605,2023-04-15,"{""type"":""MultiPoint"",""coordinates"":[]}"
20230416,-0.009665857022432216,2023-04-16,"{""type"":""MultiPoint"",""coordinates"":[]}"
20230417,-0.01184541119392268,2023-04-17,"{""type"":""MultiPoint"",""coordinates"":[]}"
20230418,-0.0126267747666442,2023-04-18,"{""type"":""MultiPoint"",""coordinates"":[]}"
20230419,-0.010007358203294788,2023-04-19,"{""type"":""MultiPoint"",""coordinates"":[]}"
20230420,-0.010010364185036895,2023-04-20,"{""type"":""MultiPoint"",""coordinates"":[]}"
20230421,-0.012074693185241783,2023-04-21,"{""type"":""MultiPoint"",""coordinates"":[]}"
20230422,-0.01063717497185402,2023-04-22,"{""type"":""MultiPoint"",""coordinates"":[]}"
20230423,-0.011982341516810937,2023-04-23,"{""type"":""MultiPoint"",""coordinates"":[]}"
20230424,-0.009392101180423544,2023-04-24,"{""type"":""MultiPoint"",""coordinates"":[]}"
20230425,-0.011021271486151512,2023-04-25,"{""type"":""MultiPoint"",""coordinates"":[]}"
20230426,-0.011289933550553527,2023-04-26,"{""type"":""MultiPoint"",""coordinates"":[]}"
20230427,-0.01058361721739078,2023-04-27,"{""type"":""MultiPoint"",""coordinates"":[]}"
20230428,-0.007968765844636481,2023-04-28,"{""type"":""MultiPoint"",""coordinates"":[]}"
20230429,-0.008408307202436353,2023-04-29,"{""type"":""MultiPoint"",""coordinates"":[]}"
20230430,-0.0073918022281803455,2023-04-30,"{""type"":""MultiPoint"",""coordinates"":[]}"
20230501,-0.006556292406181139,2023-05-01,"{""type"":""MultiPoint"",""coordinates"":[]}"
20230502,-0.006209011233374745,2023-05-02,"{""type"":""MultiPoint"",""coordinates"":[]}"
20230503,-0.006118879558553375,2023-05-03,"{""type"":""MultiPoint"",""coordinates"":[]}"
20230504,-0.006989968176976935,2023-05-04,"{""type"":""MultiPoint"",""coordinates"":[]}"
20230505,-0.00578615069358298,2023-05-05,"{""type"":""MultiPoint"",""coordinates"":[]}"
20230506,-0.007349013614440454,2023-05-06,"{""type"":""MultiPoint"",""coordinates"":[]}"
20230507,-0.0067116520616507915,2023-05-07,"{""type"":""MultiPoint"",""coordinates"":[]}"
20230508,-0.008363869941675685,2023-05-08,"{""type"":""MultiPoint"",""coordinates"":[]}"
20230509,-0.007957980583444666,2023-05-09,"{""type"":""MultiPoint"",""coordinates"":[]}"
20230510,-0.006403018816417045,2023-05-10,"{""type"":""MultiPoint"",""coordinates"":[]}"
20230511,-0.008579257790306131,2023-05-11,"{""type"":""MultiPoint"",""coordinates"":[]}"
20230512,-0.011500786178401076,2023-05-12,"{""type"":""MultiPoint"",""coordinates"":[]}"
20230513,-0.013627756308605729,2023-05-13,"{""type"":""MultiPoint"",""coordinates"":[]}"
20230514,-0.017238582229502745,2023-05-14,"{""type"":""MultiPoint"",""coordinates"":[]}"
20230515,-0.01447633101457685,2023-05-15,"{""type"":""MultiPoint"",""coordinates"":[]}"
20230516,-0.014917238522743976,2023-05-16,"{""type"":""MultiPoint"",""coordinates"":[]}"
20230517,-0.01295374393279346,2023-05-17,"{""type"":""MultiPoint"",""coordinates"":[]}"
20230518,-0.010667986671419619,2023-05-18,"{""type"":""MultiPoint"",""coordinates"":[]}"
20230519,-0.011161065650598984,2023-05-19,"{""type"":""MultiPoint"",""coordinates"":[]}"
20230520,-0.010771628668850534,2023-05-20,"{""type"":""MultiPoint"",""coordinates"":[]}"
20230521,-0.010488946864417831,2023-05-21,"{""type"":""MultiPoint"",""coordinates"":[]}"
20230522,-0.01063405958371136,2023-05-22,"{""type"":""MultiPoint"",""coordinates"":[]}"
20230523,-0.010208439391895387,2023-05-23,"{""type"":""MultiPoint"",""coordinates"":[]}"
20230524,-0.012232778822624654,2023-05-24,"{""type"":""MultiPoint"",""coordinates"":[]}"
20230525,-0.014272101430386241,2023-05-25,"{""type"":""MultiPoint"",""coordinates"":[]}"
20230526,-0.014634756536773158,2023-05-26,"{""type"":""MultiPoint"",""coordinates"":[]}"
20230527,-0.013454955796120474,2023-05-27,"{""type"":""MultiPoint"",""coordinates"":[]}"
20230528,-0.011807304909651097,2023-05-28,"{""type"":""MultiPoint"",""coordinates"":[]}"
20230529,-0.009698226707197189,2023-05-29,"{""type"":""MultiPoint"",""coordinates"":[]}"
20230530,-0.008998501415648626,2023-05-30,"{""type"":""MultiPoint"",""coordinates"":[]}"
20230531,-0.011652432685264912,2023-05-31,"{""type"":""MultiPoint"",""coordinates"":[]}"
20230601,-0.012317343984707144,2023-06-01,"{""type"":""MultiPoint"",""coordinates"":[]}"
20230602,-0.015221817824773632,2023-06-02,"{""type"":""MultiPoint"",""coordinates"":[]}"
20230603,-0.01357896479337264,2023-06-03,"{""type"":""MultiPoint"",""coordinates"":[]}"
20230604,-0.011993026613811639,2023-06-04,"{""type"":""MultiPoint"",""coordinates"":[]}"
20230605,-0.013133232063945675,2023-06-05,"{""type"":""MultiPoint"",""coordinates"":[]}"
20230606,-0.014208821202534984,2023-06-06,"{""type"":""MultiPoint"",""coordinates"":[]}"
20230607,-0.014311254884307404,2023-06-07,"{""type"":""MultiPoint"",""coordinates"":[]}"
20230608,-0.014957281494618476,2023-06-08,"{""type"":""MultiPoint"",""coordinates"":[]}"
20230609,-0.01535746899622695,2023-06-09,"{""type"":""MultiPoint"",""coordinates"":[]}"
20230610,-0.01430936711025196,2023-06-10,"{""type"":""MultiPoint"",""coordinates"":[]}"
20230611,-0.012587186055107122,2023-06-11,"{""type"":""MultiPoint"",""coordinates"":[]}"
20230612,-0.014737819560076124,2023-06-12,"{""type"":""MultiPoint"",""coordinates"":[]}"
20230613,-0.01672744145746891,2023-06-13,"{""type"":""MultiPoint"",""coordinates"":[]}"
20230614,-0.016179221537385005,2023-06-14,"{""type"":""MultiPoint"",""coordinates"":[]}"
20230615,-0.01586429811767292,2023-06-15,"{""type"":""MultiPoint"",""coordinates"":[]}"
20230616,-0.016407979402913574,2023-06-16,"{""type"":""MultiPoint"",""coordinates"":[]}"
20230617,-0.01534361382309554,2023-06-17,"{""type"":""MultiPoint"",""coordinates"":[]}"
20230618,-0.014914940693401147,2023-06-18,"{""type"":""MultiPoint"",""coordinates"":[]}"
20230619,-0.013311951037131078,2023-06-19,"{""type"":""MultiPoint"",""coordinates"":[]}"
20230620,-0.01304256760757155,2023-06-20,"{""type"":""MultiPoint"",""coordinates"":[]}"
20230621,-0.01230055283576708,2023-06-21,"{""type"":""MultiPoint"",""coordinates"":[]}"
20230622,-0.008381476923602933,2023-06-22,"{""type"":""MultiPoint"",""coordinates"":[]}"
20230623,-0.00745278465152507,2023-06-23,"{""type"":""MultiPoint"",""coordinates"":[]}"
20230624,-0.004660642209403331,2023-06-24,"{""type"":""MultiPoint"",""coordinates"":[]}"
20230625,-0.0054623353742819,2023-06-25,"{""type"":""MultiPoint"",""coordinates"":[]}"
20230626,-0.006226317234229603,2023-06-26,"{""type"":""MultiPoint"",""coordinates"":[]}"
20230627,-0.0071840554143909165,2023-06-27,"{""type"":""MultiPoint"",""coordinates"":[]}"
20230628,-0.00875846316402364,2023-06-28,"{""type"":""MultiPoint"",""coordinates"":[]}"
20230629,-0.01088367677957119,2023-06-29,"{""type"":""MultiPoint"",""coordinates"":[]}"
20230630,-0.011992327071072196,2023-06-30,"{""type"":""MultiPoint"",""coordinates"":[]}"
20230701,-0.012412214193396422,2023-07-01,"{""type"":""MultiPoint"",""coordinates"":[]}"
20230702,-0.009522919895336119,2023-07-02,"{""type"":""MultiPoint"",""coordinates"":[]}"
20230703,-0.009268978462470732,2023-07-03,"{""type"":""MultiPoint"",""coordinates"":[]}"
20230704,-0.0073507980194902536,2023-07-04,"{""type"":""MultiPoint"",""coordinates"":[]}"
20230705,-0.005654880426110979,2023-07-05,"{""type"":""MultiPoint"",""coordinates"":[]}"
20230706,-0.006201932168641715,2023-07-06,"{""type"":""MultiPoint"",""coordinates"":[]}"
20230707,-0.008715322016806618,2023-07-07,"{""type"":""MultiPoint"",""coordinates"":[]}"
20230708,-0.007737082124248167,2023-07-08,"{""type"":""MultiPoint"",""coordinates"":[]}"
20230709,-0.009355444618041643,2023-07-09,"{""type"":""MultiPoint"",""coordinates"":[]}"
20230710,-0.010207373553572596,2023-07-10,"{""type"":""MultiPoint"",""coordinates"":[]}"
20230711,-0.007393991454111358,2023-07-11,"{""type"":""MultiPoint"",""coordinates"":[]}"
20230712,-0.007695714652642612,2023-07-12,"{""type"":""MultiPoint"",""coordinates"":[]}"
20230713,-0.008180804712859844,2023-07-13,"{""type"":""MultiPoint"",""coordinates"":[]}"
20230714,-0.008282841628319501,2023-07-14,"{""type"":""MultiPoint"",""coordinates"":[]}"
20230715,-0.00751995800549728,2023-07-15,"{""type"":""MultiPoint"",""coordinates"":[]}"
20230716,-0.005530852016027862,2023-07-16,"{""type"":""MultiPoint"",""coordinates"":[]}"
20230717,-0.005345131349403899,2023-07-17,"{""type"":""MultiPoint"",""coordinates"":[]}"
20230718,-0.003597493827792524,2023-07-18,"{""type"":""MultiPoint"",""coordinates"":[]}"
20230719,-0.0029556041108346927,2023-07-19,"{""type"":""MultiPoint"",""coordinates"":[]}"
20230720,-0.0026606389865961575,2023-07-20,"{""type"":""MultiPoint"",""coordinates"":[]}"
20230721,-0.0031082093052227974,2023-07-21,"{""type"":""MultiPoint"",""coordinates"":[]}"
20230722,-0.005287638367249363,2023-07-22,"{""type"":""MultiPoint"",""coordinates"":[]}"
20230723,-0.004704093270534983,2023-07-23,"{""type"":""MultiPoint"",""coordinates"":[]}"
20230724,-0.003973145565816158,2023-07-24,"{""type"":""MultiPoint"",""coordinates"":[]}"
20230725,-0.0028007664565650324,2023-07-25,"{""type"":""MultiPoint"",""coordinates"":[]}"
20230726,-0.004387680636882246,2023-07-26,"{""type"":""MultiPoint"",""coordinates"":[]}"
20230727,-0.0026142197628931042,2023-07-27,"{""type"":""MultiPoint"",""coordinates"":[]}"
20230728,-0.005256065351935027,2023-07-28,"{""type"":""MultiPoint"",""coordinates"":[]}"
20230729,-0.006656945869683613,2023-07-29,"{""type"":""MultiPoint"",""coordinates"":[]}"
20230730,-0.007429768487545961,2023-07-30,"{""type"":""MultiPoint"",""coordinates"":[]}"
20230731,-0.006917538159140407,2023-07-31,"{""type"":""MultiPoint"",""coordinates"":[]}"
20230801,-0.008341738161520293,2023-08-01,"{""type"":""MultiPoint"",""coordinates"":[]}"
20230802,-0.009702844379074777,2023-08-02,"{""type"":""MultiPoint"",""coordinates"":[]}"
20230803,-0.008365971763687405,2023-08-03,"{""type"":""MultiPoint"",""coordinates"":[]}"
20230804,-0.009054679319413384,2023-08-04,"{""type"":""MultiPoint"",""coordinates"":[]}"
20230805,-0.008791557543252608,2023-08-05,"{""type"":""MultiPoint"",""coordinates"":[]}"
20230806,-0.00948497326379071,2023-08-06,"{""type"":""MultiPoint"",""coordinates"":[]}"
20230807,-0.008132059132835755,2023-08-07,"{""type"":""MultiPoint"",""coordinates"":[]}"
20230808,-0.007979361062625026,2023-08-08,"{""type"":""MultiPoint"",""coordinates"":[]}"
20230809,-0.007199041470261262,2023-08-09,"{""type"":""MultiPoint"",""coordinates"":[]}"
20230810,-0.00697878232840707,2023-08-10,"{""type"":""MultiPoint"",""coordinates"":[]}"
20230811,-0.007674153028640841,2023-08-11,"{""type"":""MultiPoint"",""coordinates"":[]}"
20230812,-0.007949627668430444,2023-08-12,"{""type"":""MultiPoint"",""coordinates"":[]}"
20230813,-0.008369087720426195,2023-08-13,"{""type"":""MultiPoint"",""coordinates"":[]}"
20230814,-0.006853294595029783,2023-08-14,"{""type"":""MultiPoint"",""coordinates"":[]}"
20230815,-0.007427110316968321,2023-08-15,"{""type"":""MultiPoint"",""coordinates"":[]}"
20230816,-0.007802321455242379,2023-08-16,"{""type"":""MultiPoint"",""coordinates"":[]}"
20230817,-0.006309419889935177,2023-08-17,"{""type"":""MultiPoint"",""coordinates"":[]}"
20230818,-0.006930140114904986,2023-08-18,"{""type"":""MultiPoint"",""coordinates"":[]}"
20230819,-0.004954608923244229,2023-08-19,"{""type"":""MultiPoint"",""coordinates"":[]}"
20230820,-0.007603596813818124,2023-08-20,"{""type"":""MultiPoint"",""coordinates"":[]}"
20230821,-0.008185417384258174,2023-08-21,"{""type"":""MultiPoint"",""coordinates"":[]}"
20230822,-0.006772167905230661,2023-08-22,"{""type"":""MultiPoint"",""coordinates"":[]}"
20230823,-0.007835253769829648,2023-08-23,"{""type"":""MultiPoint"",""coordinates"":[]}"
20230824,-0.009395090423117997,2023-08-24,"{""type"":""MultiPoint"",""coordinates"":[]}"
20230825,-0.007393749352929354,2023-08-25,"{""type"":""MultiPoint"",""coordinates"":[]}"
20230826,-0.006278089839330071,2023-08-26,"{""type"":""MultiPoint"",""coordinates"":[]}"
20230827,-0.008726102359944655,2023-08-27,"{""type"":""MultiPoint"",""coordinates"":[]}"
20230828,-0.009020138653931638,2023-08-28,"{""type"":""MultiPoint"",""coordinates"":[]}"
20230829,-0.007350811901431643,2023-08-29,"{""type"":""MultiPoint"",""coordinates"":[]}"
20230830,-0.008400407894719982,2023-08-30,"{""type"":""MultiPoint"",""coordinates"":[]}"
20230831,-0.007203513952678801,2023-08-31,"{""type"":""MultiPoint"",""coordinates"":[]}"
20230901,-0.006772041648174307,2023-09-01,"{""type"":""MultiPoint"",""coordinates"":[]}"
20230902,-0.005113494779806425,2023-09-02,"{""type"":""MultiPoint"",""coordinates"":[]}"
20230903,-0.0036908314838124414,2023-09-03,"{""type"":""MultiPoint"",""coordinates"":[]}"
20230904,-0.0018330181539158038,2023-09-04,"{""type"":""MultiPoint"",""coordinates"":[]}"
20230905,-0.0026280574734642926,2023-09-05,"{""type"":""MultiPoint"",""coordinates"":[]}"
20230906,-0.006090599263364852,2023-09-06,"{""type"":""MultiPoint"",""coordinates"":[]}"
20230907,-0.007944389208490003,2023-09-07,"{""type"":""MultiPoint"",""coordinates"":[]}"
20230908,-0.006984623358671289,2023-09-08,"{""type"":""MultiPoint"",""coordinates"":[]}"
20230909,-0.005982286104885626,2023-09-09,"{""type"":""MultiPoint"",""coordinates"":[]}"
20230910,-0.005273104016836934,2023-09-10,"{""type"":""MultiPoint"",""coordinates"":[]}"
20230911,-0.007723467193146221,2023-09-11,"{""type"":""MultiPoint"",""coordinates"":[]}"
20230912,-0.0070874477889201135,2023-09-12,"{""type"":""MultiPoint"",""coordinates"":[]}"
20230913,-0.007554911731614377,2023-09-13,"{""type"":""MultiPoint"",""coordinates"":[]}"
20230914,-0.0037288171414176763,2023-09-14,"{""type"":""MultiPoint"",""coordinates"":[]}"
20230915,-0.007800083212382774,2023-09-15,"{""type"":""MultiPoint"",""coordinates"":[]}"
20230916,-0.008002830822725656,2023-09-16,"{""type"":""MultiPoint"",""coordinates"":[]}"
20230917,-0.008438718629113594,2023-09-17,"{""type"":""MultiPoint"",""coordinates"":[]}"
20230918,-0.008269874535119456,2023-09-18,"{""type"":""MultiPoint"",""coordinates"":[]}"
20230919,-0.007879550588744904,2023-09-19,"{""type"":""MultiPoint"",""coordinates"":[]}"
20230920,-0.006586480979966823,2023-09-20,"{""type"":""MultiPoint"",""coordinates"":[]}"
20230921,-0.003973530205648499,2023-09-21,"{""type"":""MultiPoint"",""coordinates"":[]}"
20230922,-0.004118785630771728,2023-09-22,"{""type"":""MultiPoint"",""coordinates"":[]}"
20230923,-0.004809466246556647,2023-09-23,"{""type"":""MultiPoint"",""coordinates"":[]}"
20230924,-0.005035095657252823,2023-09-24,"{""type"":""MultiPoint"",""coordinates"":[]}"
20230925,-0.003868028167620455,2023-09-25,"{""type"":""MultiPoint"",""coordinates"":[]}"
20230926,-0.003808489276492907,2023-09-26,"{""type"":""MultiPoint"",""coordinates"":[]}"
20230927,-0.004930989221101642,2023-09-27,"{""type"":""MultiPoint"",""coordinates"":[]}"
20230928,-0.004742941319261959,2023-09-28,"{""type"":""MultiPoint"",""coordinates"":[]}"
20230929,-0.005243032442065018,2023-09-29,"{""type"":""MultiPoint"",""coordinates"":[]}"
20230930,-0.006417615042909429,2023-09-30,"{""type"":""MultiPoint"",""coordinates"":[]}"
20231001,-0.006625110591386544,2023-10-01,"{""type"":""MultiPoint"",""coordinates"":[]}"
20231002,-0.005161899084339311,2023-10-02,"{""type"":""MultiPoint"",""coordinates"":[]}"
20231003,-0.007970177625812803,2023-10-03,"{""type"":""MultiPoint"",""coordinates"":[]}"
20231004,-0.009005780498620554,2023-10-04,"{""type"":""MultiPoint"",""coordinates"":[]}"
20231005,-0.009087389476215142,2023-10-05,"{""type"":""MultiPoint"",""coordinates"":[]}"
20231006,-0.008555806826785672,2023-10-06,"{""type"":""MultiPoint"",""coordinates"":[]}"
20231007,-0.007113252805896817,2023-10-07,"{""type"":""MultiPoint"",""coordinates"":[]}"
20231008,-0.006155923719547496,2023-10-08,"{""type"":""MultiPoint"",""coordinates"":[]}"
20231009,-0.00668366036539555,2023-10-09,"{""type"":""MultiPoint"",""coordinates"":[]}"
20231010,-0.006276938078573499,2023-10-10,"{""type"":""MultiPoint"",""coordinates"":[]}"
20231011,-0.005996742840763022,2023-10-11,"{""type"":""MultiPoint"",""coordinates"":[]}"
20231012,-0.006180069560928692,2023-10-12,"{""type"":""MultiPoint"",""coordinates"":[]}"
20231013,-0.006876467552766079,2023-10-13,"{""type"":""MultiPoint"",""coordinates"":[]}"
20231014,-0.007190649549521936,2023-10-14,"{""type"":""MultiPoint"",""coordinates"":[]}"
20231015,-0.006065982451626021,2023-10-15,"{""type"":""MultiPoint"",""coordinates"":[]}"
20231016,-0.0062913950305267365,2023-10-16,"{""type"":""MultiPoint"",""coordinates"":[]}"
20231017,-0.007124388373215014,2023-10-17,"{""type"":""MultiPoint"",""coordinates"":[]}"
20231018,-0.007022221248777437,2023-10-18,"{""type"":""MultiPoint"",""coordinates"":[]}"
20231019,-0.007392386783491378,2023-10-19,"{""type"":""MultiPoint"",""coordinates"":[]}"
20231020,-0.007633800959966103,2023-10-20,"{""type"":""MultiPoint"",""coordinates"":[]}"
20231021,-0.00794361213814259,2023-10-21,"{""type"":""MultiPoint"",""coordinates"":[]}"
20231022,-0.00947588001396081,2023-10-22,"{""type"":""MultiPoint"",""coordinates"":[]}"
20231023,-0.008815332593989972,2023-10-23,"{""type"":""MultiPoint"",""coordinates"":[]}"
20231024,-0.009228326726408822,2023-10-24,"{""type"":""MultiPoint"",""coordinates"":[]}"
20231025,-0.008835309603618204,2023-10-25,"{""type"":""MultiPoint"",""coordinates"":[]}"
20231026,-0.009142285346447157,2023-10-26,"{""type"":""MultiPoint"",""coordinates"":[]}"
20231027,-0.00918075049729803,2023-10-27,"{""type"":""MultiPoint"",""coordinates"":[]}"
20231028,-0.006876863647877732,2023-10-28,"{""type"":""MultiPoint"",""coordinates"":[]}"
20231029,-0.006294024827335122,2023-10-29,"{""type"":""MultiPoint"",""coordinates"":[]}"
20231030,-0.005504987084418267,2023-10-30,"{""type"":""MultiPoint"",""coordinates"":[]}"
20231031,-0.006253965719314244,2023-10-31,"{""type"":""MultiPoint"",""coordinates"":[]}"
20231101,-0.006418177975579407,2023-11-01,"{""type"":""MultiPoint"",""coordinates"":[]}"
20231102,-0.005510548947956359,2023-11-02,"{""type"":""MultiPoint"",""coordinates"":[]}"
20231103,-0.005376302038333263,2023-11-03,"{""type"":""MultiPoint"",""coordinates"":[]}"
20231104,-0.005166918511832573,2023-11-04,"{""type"":""MultiPoint"",""coordinates"":[]}"
20231105,-0.0065660286998854575,2023-11-05,"{""type"":""MultiPoint"",""coordinates"":[]}"
20231106,-0.005492880296245695,2023-11-06,"{""type"":""MultiPoint"",""coordinates"":[]}"
20231107,-0.0039218826823815426,2023-11-07,"{""type"":""MultiPoint"",""coordinates"":[]}"
20231108,-0.004542501185613552,2023-11-08,"{""type"":""MultiPoint"",""coordinates"":[]}"
20231109,-0.0046148960194111735,2023-11-09,"{""type"":""MultiPoint"",""coordinates"":[]}"
20231110,-0.006185407916052031,2023-11-10,"{""type"":""MultiPoint"",""coordinates"":[]}"
20231111,-0.006743390186227178,2023-11-11,"{""type"":""MultiPoint"",""coordinates"":[]}"
20231112,-0.0071165012921004,2023-11-12,"{""type"":""MultiPoint"",""coordinates"":[]}"
20231113,-0.006960891714186327,2023-11-13,"{""type"":""MultiPoint"",""coordinates"":[]}"
20231114,-0.0048765475365429006,2023-11-14,"{""type"":""MultiPoint"",""coordinates"":[]}"
20231115,-0.006383094382604474,2023-11-15,"{""type"":""MultiPoint"",""coordinates"":[]}"
20231116,-0.007637130427265662,2023-11-16,"{""type"":""MultiPoint"",""coordinates"":[]}"
20231117,-0.006534528144797047,2023-11-17,"{""type"":""MultiPoint"",""coordinates"":[]}"
20231118,-0.006534438212852517,2023-11-18,"{""type"":""MultiPoint"",""coordinates"":[]}"
20231119,-0.007229398478890039,2023-11-19,"{""type"":""MultiPoint"",""coordinates"":[]}"
20231120,-0.006478157839311537,2023-11-20,"{""type"":""MultiPoint"",""coordinates"":[]}"
20231121,-0.005706945717734612,2023-11-21,"{""type"":""MultiPoint"",""coordinates"":[]}"
20231122,-0.005029676610997351,2023-11-22,"{""type"":""MultiPoint"",""coordinates"":[]}"
20231123,-0.0038959154921043137,2023-11-23,"{""type"":""MultiPoint"",""coordinates"":[]}"
20231124,-0.003027829234134586,2023-11-24,"{""type"":""MultiPoint"",""coordinates"":[]}"
20231125,-0.006715481402556189,2023-11-25,"{""type"":""MultiPoint"",""coordinates"":[]}"
20231126,-0.0058098943574417935,2023-11-26,"{""type"":""MultiPoint"",""coordinates"":[]}"
20231127,-0.006464028598968026,2023-11-27,"{""type"":""MultiPoint"",""coordinates"":[]}"
20231128,-0.00622433548938101,2023-11-28,"{""type"":""MultiPoint"",""coordinates"":[]}"
20231129,-0.006553200225390926,2023-11-29,"{""type"":""MultiPoint"",""coordinates"":[]}"
20231130,-0.006176325194796869,2023-11-30,"{""type"":""MultiPoint"",""coordinates"":[]}"
20231201,-0.00767244696520886,2023-12-01,"{""type"":""MultiPoint"",""coordinates"":[]}"
20231202,-0.0074439882306033016,2023-12-02,"{""type"":""MultiPoint"",""coordinates"":[]}"
20231203,-0.007459001455216502,2023-12-03,"{""type"":""MultiPoint"",""coordinates"":[]}"
20231204,-0.0060177815956912245,2023-12-04,"{""type"":""MultiPoint"",""coordinates"":[]}"
20231205,-0.0023025979848175066,2023-12-05,"{""type"":""MultiPoint"",""coordinates"":[]}"
20231206,-0.0049585380634023105,2023-12-06,"{""type"":""MultiPoint"",""coordinates"":[]}"
20231207,-0.004928395817084007,2023-12-07,"{""type"":""MultiPoint"",""coordinates"":[]}"
20231208,-0.005789178759455704,2023-12-08,"{""type"":""MultiPoint"",""coordinates"":[]}"
20231209,-0.0059636120173631995,2023-12-09,"{""type"":""MultiPoint"",""coordinates"":[]}"
20231210,-0.006494981145055561,2023-12-10,"{""type"":""MultiPoint"",""coordinates"":[]}"
20231211,-0.006631350010239811,2023-12-11,"{""type"":""MultiPoint"",""coordinates"":[]}"
20231212,-0.006550616681075324,2023-12-12,"{""type"":""MultiPoint"",""coordinates"":[]}"
20231213,-0.006319120295801838,2023-12-13,"{""type"":""MultiPoint"",""coordinates"":[]}"
20231214,-0.006753193290674508,2023-12-14,"{""type"":""MultiPoint"",""coordinates"":[]}"
20231215,-0.005793950180935805,2023-12-15,"{""type"":""MultiPoint"",""coordinates"":[]}"
20231216,-0.0045351287583442175,2023-12-16,"{""type"":""MultiPoint"",""coordinates"":[]}"
20231217,-0.006901043019200011,2023-12-17,"{""type"":""MultiPoint"",""coordinates"":[]}"
20231218,-0.00809797114546366,2023-12-18,"{""type"":""MultiPoint"",""coordinates"":[]}"
20231219,-0.007319182150686495,2023-12-19,"{""type"":""MultiPoint"",""coordinates"":[]}"
20231220,-0.00707944711369372,2023-12-20,"{""type"":""MultiPoint"",""coordinates"":[]}"
20231221,-0.007062800875270986,2023-12-21,"{""type"":""MultiPoint"",""coordinates"":[]}"
20231222,-0.006806491468666921,2023-12-22,"{""type"":""MultiPoint"",""coordinates"":[]}"
20231223,-0.006215111462287527,2023-12-23,"{""type"":""MultiPoint"",""coordinates"":[]}"
20231224,-0.006448495205608357,2023-12-24,"{""type"":""MultiPoint"",""coordinates"":[]}"
20231225,-0.005947150812971777,2023-12-25,"{""type"":""MultiPoint"",""coordinates"":[]}"
20231226,-0.006393898214521326,2023-12-26,"{""type"":""MultiPoint"",""coordinates"":[]}"
20231227,-0.0065075968845029,2023-12-27,"{""type"":""MultiPoint"",""coordinates"":[]}"
20231228,-0.006331078933871753,2023-12-28,"{""type"":""MultiPoint"",""coordinates"":[]}"
20231229,-0.00653084848608378,2023-12-29,"{""type"":""MultiPoint"",""coordinates"":[]}"
20231230,-0.0065241675232357195,2023-12-30,"{""type"":""MultiPoint"",""coordinates"":[]}"
20231231,-0.006701752368508687,2023-12-31,"{""type"":""MultiPoint"",""coordinates"":[]}"
20240101,-0.006380827862061064,2024-01-01,"{""type"":""MultiPoint"",""coordinates"":[]}"
20240102,-0.006572938296429948,2024-01-02,"{""type"":""MultiPoint"",""coordinates"":[]}"
20240103,-0.007071229001752654,2024-01-03,"{""type"":""MultiPoint"",""coordinates"":[]}"
20240104,-0.007846422855136467,2024-01-04,"{""type"":""MultiPoint"",""coordinates"":[]}"
20240105,-0.007814850437135229,2024-01-05,"{""type"":""MultiPoint"",""coordinates"":[]}"
20240106,-0.00819585259529277,2024-01-06,"{""type"":""MultiPoint"",""coordinates"":[]}"
20240107,-0.007881732470115288,2024-01-07,"{""type"":""MultiPoint"",""coordinates"":[]}"
20240108,-0.007839736013224914,2024-01-08,"{""type"":""MultiPoint"",""coordinates"":[]}"
20240109,-0.007024858362516059,2024-01-09,"{""type"":""MultiPoint"",""coordinates"":[]}"
20240110,-0.007035504781165178,2024-01-10,"{""type"":""MultiPoint"",""coordinates"":[]}"
20240111,-0.007385286453915285,2024-01-11,"{""type"":""MultiPoint"",""coordinates"":[]}"
20240112,-0.0072460490981262555,2024-01-12,"{""type"":""MultiPoint"",""coordinates"":[]}"
20240113,-0.006482518524213397,2024-01-13,"{""type"":""MultiPoint"",""coordinates"":[]}"
20240114,-0.007117364550164362,2024-01-14,"{""type"":""MultiPoint"",""coordinates"":[]}"
20240115,-0.006700278954337728,2024-01-15,"{""type"":""MultiPoint"",""coordinates"":[]}"
20240116,-0.007596927619652478,2024-01-16,"{""type"":""MultiPoint"",""coordinates"":[]}"
20240117,-0.008748905046426326,2024-01-17,"{""type"":""MultiPoint"",""coordinates"":[]}"
20240118,-0.007761751295726811,2024-01-18,"{""type"":""MultiPoint"",""coordinates"":[]}"
20240119,-0.007990700290581248,2024-01-19,"{""type"":""MultiPoint"",""coordinates"":[]}"
20240120,-0.007948290233331606,2024-01-20,"{""type"":""MultiPoint"",""coordinates"":[]}"
20240121,-0.007179442629832181,2024-01-21,"{""type"":""MultiPoint"",""coordinates"":[]}"
20240122,-0.007658792093605437,2024-01-22,"{""type"":""MultiPoint"",""coordinates"":[]}"
20240123,-0.008528600138405212,2024-01-23,"{""type"":""MultiPoint"",""coordinates"":[]}"
20240124,-0.006622057971412816,2024-01-24,"{""type"":""MultiPoint"",""coordinates"":[]}"
20240125,-0.006291811554584609,2024-01-25,"{""type"":""MultiPoint"",""coordinates"":[]}"
20240126,-0.007051481736003619,2024-01-26,"{""type"":""MultiPoint"",""coordinates"":[]}"
20240127,-0.0067710859067013135,2024-01-27,"{""type"":""MultiPoint"",""coordinates"":[]}"
20240128,-0.007988067396375366,2024-01-28,"{""type"":""MultiPoint"",""coordinates"":[]}"
20240129,-0.007873755177958188,2024-01-29,"{""type"":""MultiPoint"",""coordinates"":[]}"
20240130,-0.00835812537902926,2024-01-30,"{""type"":""MultiPoint"",""coordinates"":[]}"
20240131,-0.008383699212552529,2024-01-31,"{""type"":""MultiPoint"",""coordinates"":[]}"
20240201,-0.008992990174550923,2024-02-01,"{""type"":""MultiPoint"",""coordinates"":[]}"
20240202,-0.007009298666734844,2024-02-02,"{""type"":""MultiPoint"",""coordinates"":[]}"
20240203,-0.006045300570939887,2024-02-03,"{""type"":""MultiPoint"",""coordinates"":[]}"
20240204,-0.007771696324746876,2024-02-04,"{""type"":""MultiPoint"",""coordinates"":[]}"
20240205,-0.008175878295926154,2024-02-05,"{""type"":""MultiPoint"",""coordinates"":[]}"
20240206,-0.007214640583429316,2024-02-06,"{""type"":""MultiPoint"",""coordinates"":[]}"
20240207,-0.007151753088475132,2024-02-07,"{""type"":""MultiPoint"",""coordinates"":[]}"
20240208,-0.00838106313402208,2024-02-08,"{""type"":""MultiPoint"",""coordinates"":[]}"
20240209,-0.009325561899608155,2024-02-09,"{""type"":""MultiPoint"",""coordinates"":[]}"
20240210,-0.008588478731954586,2024-02-10,"{""type"":""MultiPoint"",""coordinates"":[]}"
20240211,-0.00891905695465715,2024-02-11,"{""type"":""MultiPoint"",""coordinates"":[]}"
20240212,-0.010394535373716766,2024-02-12,"{""type"":""MultiPoint"",""coordinates"":[]}"
20240213,-0.010014575942304562,2024-02-13,"{""type"":""MultiPoint"",""coordinates"":[]}"
20240214,-0.00958280556909471,2024-02-14,"{""type"":""MultiPoint"",""coordinates"":[]}"
20240215,-0.011232653640288552,2024-02-15,"{""type"":""MultiPoint"",""coordinates"":[]}"
20240216,-0.011977219466953414,2024-02-16,"{""type"":""MultiPoint"",""coordinates"":[]}"
20240217,-0.01106143427658113,2024-02-17,"{""type"":""MultiPoint"",""coordinates"":[]}"
20240218,-0.011947161894889417,2024-02-18,"{""type"":""MultiPoint"",""coordinates"":[]}"
20240219,-0.011440935037815006,2024-02-19,"{""type"":""MultiPoint"",""coordinates"":[]}"
20240220,-0.010101714430116029,2024-02-20,"{""type"":""MultiPoint"",""coordinates"":[]}"
20240221,-0.009559009958865303,2024-02-21,"{""type"":""MultiPoint"",""coordinates"":[]}"
20240222,-0.00922982550279201,2024-02-22,"{""type"":""MultiPoint"",""coordinates"":[]}"
20240223,-0.008933288499305008,2024-02-23,"{""type"":""MultiPoint"",""coordinates"":[]}"
20240224,-0.007599919333869586,2024-02-24,"{""type"":""MultiPoint"",""coordinates"":[]}"
20240225,-0.009333893117317185,2024-02-25,"{""type"":""MultiPoint"",""coordinates"":[]}"
20240226,-0.01032094887420805,2024-02-26,"{""type"":""MultiPoint"",""coordinates"":[]}"
20240227,-0.010226579940202579,2024-02-27,"{""type"":""MultiPoint"",""coordinates"":[]}"
20240228,-0.010500465251067327,2024-02-28,"{""type"":""MultiPoint"",""coordinates"":[]}"
20240229,-0.01080130694414721,2024-02-29,"{""type"":""MultiPoint"",""coordinates"":[]}"
20240301,-0.011705693349107472,2024-03-01,"{""type"":""MultiPoint"",""coordinates"":[]}"
20240302,-0.012692827895135298,2024-03-02,"{""type"":""MultiPoint"",""coordinates"":[]}"
20240303,-0.0112393896895921,2024-03-03,"{""type"":""MultiPoint"",""coordinates"":[]}"
20240304,-0.010177557485222278,2024-03-04,"{""type"":""MultiPoint"",""coordinates"":[]}"
20240305,-0.010479215873109089,2024-03-05,"{""type"":""MultiPoint"",""coordinates"":[]}"
20240306,-0.012288254672389233,2024-03-06,"{""type"":""MultiPoint"",""coordinates"":[]}"
20240307,-0.0100680614836631,2024-03-07,"{""type"":""MultiPoint"",""coordinates"":[]}"
20240308,-0.009893174198568997,2024-03-08,"{""type"":""MultiPoint"",""coordinates"":[]}"
20240309,-0.009678096793176902,2024-03-09,"{""type"":""MultiPoint"",""coordinates"":[]}"
20240310,-0.01124530859377549,2024-03-10,"{""type"":""MultiPoint"",""coordinates"":[]}"
20240311,-0.010050336603337444,2024-03-11,"{""type"":""MultiPoint"",""coordinates"":[]}"
20240312,-0.010228007185392825,2024-03-12,"{""type"":""MultiPoint"",""coordinates"":[]}"
20240313,-0.011726213690594955,2024-03-13,"{""type"":""MultiPoint"",""coordinates"":[]}"
20240314,-0.009273011381278224,2024-03-14,"{""type"":""MultiPoint"",""coordinates"":[]}"
20240315,-0.011072441110042604,2024-03-15,"{""type"":""MultiPoint"",""coordinates"":[]}"
20240316,-0.009161202153730771,2024-03-16,"{""type"":""MultiPoint"",""coordinates"":[]}"
20240317,-0.010511000276411603,2024-03-17,"{""type"":""MultiPoint"",""coordinates"":[]}"
20240318,-0.009834079300450995,2024-03-18,"{""type"":""MultiPoint"",""coordinates"":[]}"
20240319,-0.010631221944452339,2024-03-19,"{""type"":""MultiPoint"",""coordinates"":[]}"
20240320,-0.0088758118676652,2024-03-20,"{""type"":""MultiPoint"",""coordinates"":[]}"
20240321,-0.0111981253049449,2024-03-21,"{""type"":""MultiPoint"",""coordinates"":[]}"
20240322,-0.011051904250084897,2024-03-22,"{""type"":""MultiPoint"",""coordinates"":[]}"
20240323,-0.010875536379337193,2024-03-23,"{""type"":""MultiPoint"",""coordinates"":[]}"
20240324,-0.01357356507767787,2024-03-24,"{""type"":""MultiPoint"",""coordinates"":[]}"
20240325,-0.012319740966782629,2024-03-25,"{""type"":""MultiPoint"",""coordinates"":[]}"
20240326,-0.01408487507372832,2024-03-26,"{""type"":""MultiPoint"",""coordinates"":[]}"
20240327,-0.013512264352888355,2024-03-27,"{""type"":""MultiPoint"",""coordinates"":[]}"
20240328,-0.012545568725941977,2024-03-28,"{""type"":""MultiPoint"",""coordinates"":[]}"
20240329,-0.012465395584104564,2024-03-29,"{""type"":""MultiPoint"",""coordinates"":[]}"
20240330,-0.014072065799403895,2024-03-30,"{""type"":""MultiPoint"",""coordinates"":[]}"
20240331,-0.012805499592814986,2024-03-31,"{""type"":""MultiPoint"",""coordinates"":[]}"
20240401,-0.012680279736511613,2024-04-01,"{""type"":""MultiPoint"",""coordinates"":[]}"
20240402,-0.012772386568972971,2024-04-02,"{""type"":""MultiPoint"",""coordinates"":[]}"
20240403,-0.012355633620195245,2024-04-03,"{""type"":""MultiPoint"",""coordinates"":[]}"
20240404,-0.013361065200162066,2024-04-04,"{""type"":""MultiPoint"",""coordinates"":[]}"
20240405,-0.012812963789915296,2024-04-05,"{""type"":""MultiPoint"",""coordinates"":[]}"
20240406,-0.01346501727154654,2024-04-06,"{""type"":""MultiPoint"",""coordinates"":[]}"
20240407,-0.014953839291301414,2024-04-07,"{""type"":""MultiPoint"",""coordinates"":[]}"
20240408,-0.014264426174068295,2024-04-08,"{""type"":""MultiPoint"",""coordinates"":[]}"
20240409,-0.011722985908089192,2024-04-09,"{""type"":""MultiPoint"",""coordinates"":[]}"
20240410,-0.01468594699025109,2024-04-10,"{""type"":""MultiPoint"",""coordinates"":[]}"
20240411,-0.011545633432824066,2024-04-11,"{""type"":""MultiPoint"",""coordinates"":[]}"
20240412,-0.009107541181608125,2024-04-12,"{""type"":""MultiPoint"",""coordinates"":[]}"
20240413,-0.010925342642598826,2024-04-13,"{""type"":""MultiPoint"",""coordinates"":[]}"
20240414,-0.012936410215089574,2024-04-14,"{""type"":""MultiPoint"",""coordinates"":[]}"
20240415,-0.013587317629376365,2024-04-15,"{""type"":""MultiPoint"",""coordinates"":[]}"
20240416,-0.011741313034469642,2024-04-16,"{""type"":""MultiPoint"",""coordinates"":[]}"
20240417,-0.010482627364008462,2024-04-17,"{""type"":""MultiPoint"",""coordinates"":[]}"
20240418,-0.010180095078806174,2024-04-18,"{""type"":""MultiPoint"",""coordinates"":[]}"
20240419,-0.010924549979709616,2024-04-19,"{""type"":""MultiPoint"",""coordinates"":[]}"
20240420,-0.008039069407349789,2024-04-20,"{""type"":""MultiPoint"",""coordinates"":[]}"
20240421,-0.010370725919266107,2024-04-21,"{""type"":""MultiPoint"",""coordinates"":[]}"
20240422,-0.009750776337318818,2024-04-22,"{""type"":""MultiPoint"",""coordinates"":[]}"
20240423,-0.011860013504222834,2024-04-23,"{""type"":""MultiPoint"",""coordinates"":[]}"
20240424,-0.012261028449479936,2024-04-24,"{""type"":""MultiPoint"",""coordinates"":[]}"
20240425,-0.01402472508876809,2024-04-25,"{""type"":""MultiPoint"",""coordinates"":[]}"
20240426,-0.014515941338665243,2024-04-26,"{""type"":""MultiPoint"",""coordinates"":[]}"
20240427,-0.012997615996899867,2024-04-27,"{""type"":""MultiPoint"",""coordinates"":[]}"
20240428,-0.014117663223973965,2024-04-28,"{""type"":""MultiPoint"",""coordinates"":[]}"
20240429,-0.013560273902228167,2024-04-29,"{""type"":""MultiPoint"",""coordinates"":[]}"
20240430,-0.013631964787791792,2024-04-30,"{""type"":""MultiPoint"",""coordinates"":[]}"
20240501,-0.015533528982186016,2024-05-01,"{""type"":""MultiPoint"",""coordinates"":[]}"
20240502,-0.016122600770507277,2024-05-02,"{""type"":""MultiPoint"",""coordinates"":[]}"
20240503,-0.01358415909017432,2024-05-03,"{""type"":""MultiPoint"",""coordinates"":[]}"
20240504,-0.011506069019263604,2024-05-04,"{""type"":""MultiPoint"",""coordinates"":[]}"
20240505,-0.010899803182209147,2024-05-05,"{""type"":""MultiPoint"",""coordinates"":[]}"
20240506,-0.012603366837762956,2024-05-06,"{""type"":""MultiPoint"",""coordinates"":[]}"
20240507,-0.01101916257353037,2024-05-07,"{""type"":""MultiPoint"",""coordinates"":[]}"
20240508,-0.012123955842979138,2024-05-08,"{""type"":""MultiPoint"",""coordinates"":[]}"
20240509,-0.010384558022110415,2024-05-09,"{""type"":""MultiPoint"",""coordinates"":[]}"
20240510,-0.009452066754588456,2024-05-10,"{""type"":""MultiPoint"",""coordinates"":[]}"
20240511,-0.011540022680264349,2024-05-11,"{""type"":""MultiPoint"",""coordinates"":[]}"
20240512,-0.00984458483144305,2024-05-12,"{""type"":""MultiPoint"",""coordinates"":[]}"
20240513,-0.008329631947842465,2024-05-13,"{""type"":""MultiPoint"",""coordinates"":[]}"
20240514,-0.009937331975940676,2024-05-14,"{""type"":""MultiPoint"",""coordinates"":[]}"
20240515,-0.009044003644530101,2024-05-15,"{""type"":""MultiPoint"",""coordinates"":[]}"
20240516,-0.0079431599336302,2024-05-16,"{""type"":""MultiPoint"",""coordinates"":[]}"
20240517,-0.005638022354975001,2024-05-17,"{""type"":""MultiPoint"",""coordinates"":[]}"
20240518,-0.006004832028383969,2024-05-18,"{""type"":""MultiPoint"",""coordinates"":[]}"
20240519,-0.007179488343842861,2024-05-19,"{""type"":""MultiPoint"",""coordinates"":[]}"
20240520,-0.00791830065173504,2024-05-20,"{""type"":""MultiPoint"",""coordinates"":[]}"
20240521,-0.009042445499757471,2024-05-21,"{""type"":""MultiPoint"",""coordinates"":[]}"
20240522,-0.008305177288448531,2024-05-22,"{""type"":""MultiPoint"",""coordinates"":[]}"
20240523,-0.009651405413388768,2024-05-23,"{""type"":""MultiPoint"",""coordinates"":[]}"
20240524,-0.010811147986824275,2024-05-24,"{""type"":""MultiPoint"",""coordinates"":[]}"
20240525,-0.012045731369932668,2024-05-25,"{""type"":""MultiPoint"",""coordinates"":[]}"
20240526,-0.015615011565814121,2024-05-26,"{""type"":""MultiPoint"",""coordinates"":[]}"
20240527,-0.016745311579100423,2024-05-27,"{""type"":""MultiPoint"",""coordinates"":[]}"
20240528,-0.015550031218944904,2024-05-28,"{""type"":""MultiPoint"",""coordinates"":[]}"
20240529,-0.016143947588424596,2024-05-29,"{""type"":""MultiPoint"",""coordinates"":[]}"
20240530,-0.01481717375352252,2024-05-30,"{""type"":""MultiPoint"",""coordinates"":[]}"
20240531,-0.013749296977775152,2024-05-31,"{""type"":""MultiPoint"",""coordinates"":[]}"
20240601,-0.01383285983186786,2024-06-01,"{""type"":""MultiPoint"",""coordinates"":[]}"
20240602,-0.008229461234090695,2024-06-02,"{""type"":""MultiPoint"",""coordinates"":[]}"
20240603,-0.008431167612057578,2024-06-03,"{""type"":""MultiPoint"",""coordinates"":[]}"
20240604,-0.007253394671297656,2024-06-04,"{""type"":""MultiPoint"",""coordinates"":[]}"
20240605,-0.007854673192491779,2024-06-05,"{""type"":""MultiPoint"",""coordinates"":[]}"
20240606,-0.006390503521811053,2024-06-06,"{""type"":""MultiPoint"",""coordinates"":[]}"
20240607,-0.006805245506915708,2024-06-07,"{""type"":""MultiPoint"",""coordinates"":[]}"
20240608,-0.005317535342807655,2024-06-08,"{""type"":""MultiPoint"",""coordinates"":[]}"
20240609,-0.0058799827478904,2024-06-09,"{""type"":""MultiPoint"",""coordinates"":[]}"
20240610,-0.0055340301669065195,2024-06-10,"{""type"":""MultiPoint"",""coordinates"":[]}"
20240611,-0.004062718526724156,2024-06-11,"{""type"":""MultiPoint"",""coordinates"":[]}"
20240612,-0.00836570093994131,2024-06-12,"{""type"":""MultiPoint"",""coordinates"":[]}"
20240613,-0.007780290622553027,2024-06-13,"{""type"":""MultiPoint"",""coordinates"":[]}"
20240614,-0.006978626138172058,2024-06-14,"{""type"":""MultiPoint"",""coordinates"":[]}"
20240615,-0.00979905162067,2024-06-15,"{""type"":""MultiPoint"",""coordinates"":[]}"
20240616,-0.00894034649509133,2024-06-16,"{""type"":""MultiPoint"",""coordinates"":[]}"
20240617,-0.007621599642493992,2024-06-17,"{""type"":""MultiPoint"",""coordinates"":[]}"
20240618,-0.008721330176610953,2024-06-18,"{""type"":""MultiPoint"",""coordinates"":[]}"
20240619,-0.009084153974120573,2024-06-19,"{""type"":""MultiPoint"",""coordinates"":[]}"
20240620,-0.010004738425916917,2024-06-20,"{""type"":""MultiPoint"",""coordinates"":[]}"
20240621,-0.009432446504179164,2024-06-21,"{""type"":""MultiPoint"",""coordinates"":[]}"
20240622,-0.006632755692240904,2024-06-22,"{""type"":""MultiPoint"",""coordinates"":[]}"
20240623,-0.004603651649680273,2024-06-23,"{""type"":""MultiPoint"",""coordinates"":[]}"
20240624,-0.008243851051031934,2024-06-24,"{""type"":""MultiPoint"",""coordinates"":[]}"
20240625,-0.007913869475194768,2024-06-25,"{""type"":""MultiPoint"",""coordinates"":[]}"
20240626,-0.006627993920285619,2024-06-26,"{""type"":""MultiPoint"",""coordinates"":[]}"
20240627,-0.004134014217181674,2024-06-27,"{""type"":""MultiPoint"",""coordinates"":[]}"
20240628,-0.0038587714174552895,2024-06-28,"{""type"":""MultiPoint"",""coordinates"":[]}"
20240629,-0.004532879897654417,2024-06-29,"{""type"":""MultiPoint"",""coordinates"":[]}"
20240630,-0.004667128772760484,2024-06-30,"{""type"":""MultiPoint"",""coordinates"":[]}"
20240701,-0.007861617213239514,2024-07-01,"{""type"":""MultiPoint"",""coordinates"":[]}"
20240702,-0.009680081484697674,2024-07-02,"{""type"":""MultiPoint"",""coordinates"":[]}"
20240703,-0.005859885247729809,2024-07-03,"{""type"":""MultiPoint"",""coordinates"":[]}"
20240704,-0.00844958180334177,2024-07-04,"{""type"":""MultiPoint"",""coordinates"":[]}"
20240705,-0.006924716778022855,2024-07-05,"{""type"":""MultiPoint"",""coordinates"":[]}"
20240706,-0.0058425019246321685,2024-07-06,"{""type"":""MultiPoint"",""coordinates"":[]}"
20240707,-0.004157566872791597,2024-07-07,"{""type"":""MultiPoint"",""coordinates"":[]}"
20240708,-0.0035797729962500162,2024-07-08,"{""type"":""MultiPoint"",""coordinates"":[]}"
20240709,-0.004359372968051358,2024-07-09,"{""type"":""MultiPoint"",""coordinates"":[]}"
20240710,-0.006647185749271532,2024-07-10,"{""type"":""MultiPoint"",""coordinates"":[]}"
20240711,-0.007323938077883433,2024-07-11,"{""type"":""MultiPoint"",""coordinates"":[]}"
20240712,-0.007199790739160989,2024-07-12,"{""type"":""MultiPoint"",""coordinates"":[]}"
20240713,-0.0048516805864390255,2024-07-13,"{""type"":""MultiPoint"",""coordinates"":[]}"
20240714,-0.0026931562035055153,2024-07-14,"{""type"":""MultiPoint"",""coordinates"":[]}"
20240715,-0.001584575605621446,2024-07-15,"{""type"":""MultiPoint"",""coordinates"":[]}"
20240716,-0.004669287140670977,2024-07-16,"{""type"":""MultiPoint"",""coordinates"":[]}"
20240717,-0.005291249231730327,2024-07-17,"{""type"":""MultiPoint"",""coordinates"":[]}"
20240718,-0.003098580622875202,2024-07-18,"{""type"":""MultiPoint"",""coordinates"":[]}"
20240719,-0.002562983496369727,2024-07-19,"{""type"":""MultiPoint"",""coordinates"":[]}"
20240720,-0.0026095374677299367,2024-07-20,"{""type"":""MultiPoint"",""coordinates"":[]}"
20240721,-0.003291606232651204,2024-07-21,"{""type"":""MultiPoint"",""coordinates"":[]}"
20240722,-0.004924259908490193,2024-07-22,"{""type"":""MultiPoint"",""coordinates"":[]}"
20240723,-0.0042562898476772824,2024-07-23,"{""type"":""MultiPoint"",""coordinates"":[]}"
20240724,-0.00373418806904261,2024-07-24,"{""type"":""MultiPoint"",""coordinates"":[]}"
20240725,-0.004104791715995108,2024-07-25,"{""type"":""MultiPoint"",""coordinates"":[]}"
20240726,-0.004044961262652813,2024-07-26,"{""type"":""MultiPoint"",""coordinates"":[]}"
20240727,-0.004105258897108964,2024-07-27,"{""type"":""MultiPoint"",""coordinates"":[]}"
20240728,-0.007297461488191386,2024-07-28,"{""type"":""MultiPoint"",""coordinates"":[]}"
20240729,-0.006014114766170536,2024-07-29,"{""type"":""MultiPoint"",""coordinates"":[]}"
20240730,-0.007736733274150078,2024-07-30,"{""type"":""MultiPoint"",""coordinates"":[]}"
20240731,-0.006508223125220957,2024-07-31,"{""type"":""MultiPoint"",""coordinates"":[]}"
20240801,-0.005262663014442048,2024-08-01,"{""type"":""MultiPoint"",""coordinates"":[]}"
20240802,-0.004477329487754452,2024-08-02,"{""type"":""MultiPoint"",""coordinates"":[]}"
20240803,-0.006452028535496143,2024-08-03,"{""type"":""MultiPoint"",""coordinates"":[]}"
20240804,-0.006436096217704172,2024-08-04,"{""type"":""MultiPoint"",""coordinates"":[]}"
20240805,-0.006902887798664777,2024-08-05,"{""type"":""MultiPoint"",""coordinates"":[]}"
20240806,-0.005424997899647955,2024-08-06,"{""type"":""MultiPoint"",""coordinates"":[]}"
20240807,-0.002627876825834633,2024-08-07,"{""type"":""MultiPoint"",""coordinates"":[]}"
20240808,-0.005640633695150119,2024-08-08,"{""type"":""MultiPoint"",""coordinates"":[]}"
20240809,-0.0071234537517583865,2024-08-09,"{""type"":""MultiPoint"",""coordinates"":[]}"
20240810,-0.007544332620589563,2024-08-10,"{""type"":""MultiPoint"",""coordinates"":[]}"
20240811,-0.006838724369973988,2024-08-11,"{""type"":""MultiPoint"",""coordinates"":[]}"
20240812,-0.006117071062444406,2024-08-12,"{""type"":""MultiPoint"",""coordinates"":[]}"
20240813,-0.005705948182350995,2024-08-13,"{""type"":""MultiPoint"",""coordinates"":[]}"
20240814,-0.003938008911010152,2024-08-14,"{""type"":""MultiPoint"",""coordinates"":[]}"
20240815,-0.004818741189779811,2024-08-15,"{""type"":""MultiPoint"",""coordinates"":[]}"
20240816,-0.0038486191419006533,2024-08-16,"{""type"":""MultiPoint"",""coordinates"":[]}"
20240817,-0.0050638839489154765,2024-08-17,"{""type"":""MultiPoint"",""coordinates"":[]}"
20240818,-0.004926191444422853,2024-08-18,"{""type"":""MultiPoint"",""coordinates"":[]}"
20240819,-0.003465022027922193,2024-08-19,"{""type"":""MultiPoint"",""coordinates"":[]}"
20240820,-0.003443057094793964,2024-08-20,"{""type"":""MultiPoint"",""coordinates"":[]}"
20240821,-0.005237090503141489,2024-08-21,"{""type"":""MultiPoint"",""coordinates"":[]}"
20240822,-0.006871061152380217,2024-08-22,"{""type"":""MultiPoint"",""coordinates"":[]}"
20240823,-0.007011368702313987,2024-08-23,"{""type"":""MultiPoint"",""coordinates"":[]}"
20240824,-0.0049774465550258325,2024-08-24,"{""type"":""MultiPoint"",""coordinates"":[]}"
20240825,-0.0051153129820980334,2024-08-25,"{""type"":""MultiPoint"",""coordinates"":[]}"
20240826,-0.007477866646452362,2024-08-26,"{""type"":""MultiPoint"",""coordinates"":[]}"
20240827,-0.0072575559894479,2024-08-27,"{""type"":""MultiPoint"",""coordinates"":[]}"
20240828,-0.007590531226513141,2024-08-28,"{""type"":""MultiPoint"",""coordinates"":[]}"
20240829,-0.006966092949319846,2024-08-29,"{""type"":""MultiPoint"",""coordinates"":[]}"
20240830,-0.0033476622420115514,2024-08-30,"{""type"":""MultiPoint"",""coordinates"":[]}"
20240831,-0.0026673776280336558,2024-08-31,"{""type"":""MultiPoint"",""coordinates"":[]}"
20240901,-0.0026262652559999955,2024-09-01,"{""type"":""MultiPoint"",""coordinates"":[]}"
20240902,-0.0045811962680129365,2024-09-02,"{""type"":""MultiPoint"",""coordinates"":[]}"
20240903,-0.006244671469590551,2024-09-03,"{""type"":""MultiPoint"",""coordinates"":[]}"
20240904,-0.0054247033732203855,2024-09-04,"{""type"":""MultiPoint"",""coordinates"":[]}"
20240905,-0.005502983150816127,2024-09-05,"{""type"":""MultiPoint"",""coordinates"":[]}"
20240906,-0.00452420108827175,2024-09-06,"{""type"":""MultiPoint"",""coordinates"":[]}"
20240907,-0.0037329327360884038,2024-09-07,"{""type"":""MultiPoint"",""coordinates"":[]}"
20240908,-0.0026932833487701706,2024-09-08,"{""type"":""MultiPoint"",""coordinates"":[]}"
20240909,-0.002535522174098064,2024-09-09,"{""type"":""MultiPoint"",""coordinates"":[]}"
20240910,-0.006316552787200825,2024-09-10,"{""type"":""MultiPoint"",""coordinates"":[]}"
20240911,-0.008278939908527076,2024-09-11,"{""type"":""MultiPoint"",""coordinates"":[]}"
20240912,-0.007810225645776017,2024-09-12,"{""type"":""MultiPoint"",""coordinates"":[]}"
20240913,-0.00864414980437831,2024-09-13,"{""type"":""MultiPoint"",""coordinates"":[]}"
20240914,-0.008893608840484261,2024-09-14,"{""type"":""MultiPoint"",""coordinates"":[]}"
20240915,-0.00863334789960338,2024-09-15,"{""type"":""MultiPoint"",""coordinates"":[]}"
20240916,-0.007914445576693765,2024-09-16,"{""type"":""MultiPoint"",""coordinates"":[]}"
20240917,-0.008580788989241726,2024-09-17,"{""type"":""MultiPoint"",""coordinates"":[]}"
20240918,-0.007063671741936524,2024-09-18,"{""type"":""MultiPoint"",""coordinates"":[]}"
20240919,-0.006856736498603705,2024-09-19,"{""type"":""MultiPoint"",""coordinates"":[]}"
20240920,-0.006384716088910708,2024-09-20,"{""type"":""MultiPoint"",""coordinates"":[]}"
20240921,-0.0037195680560462257,2024-09-21,"{""type"":""MultiPoint"",""coordinates"":[]}"
20240922,-0.00463456431984072,2024-09-22,"{""type"":""MultiPoint"",""coordinates"":[]}"
20240923,-0.004165470054505631,2024-09-23,"{""type"":""MultiPoint"",""coordinates"":[]}"
20240924,-0.0037904703701911917,2024-09-24,"{""type"":""MultiPoint"",""coordinates"":[]}"
20240925,-0.0022039112831978578,2024-09-25,"{""type"":""MultiPoint"",""coordinates"":[]}"
20240926,-0.005821165019814939,2024-09-26,"{""type"":""MultiPoint"",""coordinates"":[]}"
20240927,-0.006934828258551946,2024-09-27,"{""type"":""MultiPoint"",""coordinates"":[]}"
20240928,-0.005882248959377052,2024-09-28,"{""type"":""MultiPoint"",""coordinates"":[]}"
20240929,-0.005259143672515623,2024-09-29,"{""type"":""MultiPoint"",""coordinates"":[]}"
20240930,-0.004765023462667761,2024-09-30,"{""type"":""MultiPoint"",""coordinates"":[]}"
20241001,-0.005398282589460497,2024-10-01,"{""type"":""MultiPoint"",""coordinates"":[]}"
20241002,-0.006372991485812328,2024-10-02,"{""type"":""MultiPoint"",""coordinates"":[]}"
20241003,-0.006104515594186134,2024-10-03,"{""type"":""MultiPoint"",""coordinates"":[]}"
20241004,-0.006261846762878696,2024-10-04,"{""type"":""MultiPoint"",""coordinates"":[]}"
20241005,-0.00506325279837067,2024-10-05,"{""type"":""MultiPoint"",""coordinates"":[]}"
20241006,-0.005202466447442327,2024-10-06,"{""type"":""MultiPoint"",""coordinates"":[]}"
20241007,-0.005905612689262133,2024-10-07,"{""type"":""MultiPoint"",""coordinates"":[]}"
20241008,-0.00647691540136611,2024-10-08,"{""type"":""MultiPoint"",""coordinates"":[]}"
20241009,-0.0060828883289207976,2024-10-09,"{""type"":""MultiPoint"",""coordinates"":[]}"
20241010,-0.004546037056255184,2024-10-10,"{""type"":""MultiPoint"",""coordinates"":[]}"
20241011,-0.004557446481229175,2024-10-11,"{""type"":""MultiPoint"",""coordinates"":[]}"
20241012,-0.0050347885313684875,2024-10-12,"{""type"":""MultiPoint"",""coordinates"":[]}"
20241013,-0.005544719953932681,2024-10-13,"{""type"":""MultiPoint"",""coordinates"":[]}"
20241014,-0.004620747076091112,2024-10-14,"{""type"":""MultiPoint"",""coordinates"":[]}"
20241015,-0.004083371912408825,2024-10-15,"{""type"":""MultiPoint"",""coordinates"":[]}"
20241016,-0.0045689350610547,2024-10-16,"{""type"":""MultiPoint"",""coordinates"":[]}"
20241017,-0.005240416999708698,2024-10-17,"{""type"":""MultiPoint"",""coordinates"":[]}"
20241018,-0.004060197221408998,2024-10-18,"{""type"":""MultiPoint"",""coordinates"":[]}"
20241019,-0.0057128443666706824,2024-10-19,"{""type"":""MultiPoint"",""coordinates"":[]}"
20241020,-0.00462314804656649,2024-10-20,"{""type"":""MultiPoint"",""coordinates"":[]}"
20241021,-0.004454777099055855,2024-10-21,"{""type"":""MultiPoint"",""coordinates"":[]}"
20241022,-0.004165252184863141,2024-10-22,"{""type"":""MultiPoint"",""coordinates"":[]}"
20241023,-0.00655776400559445,2024-10-23,"{""type"":""MultiPoint"",""coordinates"":[]}"
20241024,-0.006736829056836026,2024-10-24,"{""type"":""MultiPoint"",""coordinates"":[]}"
20241025,-0.007877659445179219,2024-10-25,"{""type"":""MultiPoint"",""coordinates"":[]}"
20241026,-0.0070805259999237825,2024-10-26,"{""type"":""MultiPoint"",""coordinates"":[]}"
20241027,-0.005977672650057145,2024-10-27,"{""type"":""MultiPoint"",""coordinates"":[]}"
20241028,-0.005053739751058102,2024-10-28,"{""type"":""MultiPoint"",""coordinates"":[]}"
20241029,-0.004614182651853843,2024-10-29,"{""type"":""MultiPoint"",""coordinates"":[]}"
20241030,-0.003592678629222962,2024-10-30,"{""type"":""MultiPoint"",""coordinates"":[]}"
20241031,-0.004005153202005682,2024-10-31,"{""type"":""MultiPoint"",""coordinates"":[]}"
20241101,-0.004181638574391844,2024-11-01,"{""type"":""MultiPoint"",""coordinates"":[]}"
20241102,-0.0049401270612547165,2024-11-02,"{""type"":""MultiPoint"",""coordinates"":[]}"
20241103,-0.0050810412531137675,2024-11-03,"{""type"":""MultiPoint"",""coordinates"":[]}"
20241104,-0.004943492857081089,2024-11-04,"{""type"":""MultiPoint"",""coordinates"":[]}"
20241105,-0.006551157665748666,2024-11-05,"{""type"":""MultiPoint"",""coordinates"":[]}"
20241106,-0.007013120618684725,2024-11-06,"{""type"":""MultiPoint"",""coordinates"":[]}"
20241107,-0.006415535493629008,2024-11-07,"{""type"":""MultiPoint"",""coordinates"":[]}"
20241108,-0.005631065507207871,2024-11-08,"{""type"":""MultiPoint"",""coordinates"":[]}"
20241109,-0.005701703565411978,2024-11-09,"{""type"":""MultiPoint"",""coordinates"":[]}"
20241110,-0.006659550456246899,2024-11-10,"{""type"":""MultiPoint"",""coordinates"":[]}"
20241111,-0.007385799317683989,2024-11-11,"{""type"":""MultiPoint"",""coordinates"":[]}"
20241112,-0.006222919246983672,2024-11-12,"{""type"":""MultiPoint"",""coordinates"":[]}"
20241113,-0.006073896935255193,2024-11-13,"{""type"":""MultiPoint"",""coordinates"":[]}"
20241114,-0.004547990608173856,2024-11-14,"{""type"":""MultiPoint"",""coordinates"":[]}"
20241115,-0.005752764501137367,2024-11-15,"{""type"":""MultiPoint"",""coordinates"":[]}"
20241116,-0.007632152160978193,2024-11-16,"{""type"":""MultiPoint"",""coordinates"":[]}"
20241117,-0.007371445034818307,2024-11-17,"{""type"":""MultiPoint"",""coordinates"":[]}"
20241118,-0.006940695673352735,2024-11-18,"{""type"":""MultiPoint"",""coordinates"":[]}"
20241119,-0.0060304625507699786,2024-11-19,"{""type"":""MultiPoint"",""coordinates"":[]}"
20241120,-0.006147364708695682,2024-11-20,"{""type"":""MultiPoint"",""coordinates"":[]}"
20241121,-0.005946539399216454,2024-11-21,"{""type"":""MultiPoint"",""coordinates"":[]}"
20241122,-0.006204183467635614,2024-11-22,"{""type"":""MultiPoint"",""coordinates"":[]}"
20241123,-0.005603574628182773,2024-11-23,"{""type"":""MultiPoint"",""coordinates"":[]}"
20241124,-0.005851989132565029,2024-11-24,"{""type"":""MultiPoint"",""coordinates"":[]}"
20241125,-0.0065973890627333085,2024-11-25,"{""type"":""MultiPoint"",""coordinates"":[]}"
20241126,-0.0070638558387078314,2024-11-26,"{""type"":""MultiPoint"",""coordinates"":[]}"
20241127,-0.007651044145928727,2024-11-27,"{""type"":""MultiPoint"",""coordinates"":[]}"
20241128,-0.009312252900230024,2024-11-28,"{""type"":""MultiPoint"",""coordinates"":[]}"
20241129,-0.008491157113827742,2024-11-29,"{""type"":""MultiPoint"",""coordinates"":[]}"
20241130,-0.005009932923383519,2024-11-30,"{""type"":""MultiPoint"",""coordinates"":[]}"
20241201,-0.0028923233741496752,2024-12-01,"{""type"":""MultiPoint"",""coordinates"":[]}"
20241202,-0.002639096702003018,2024-12-02,"{""type"":""MultiPoint"",""coordinates"":[]}"
20241203,-0.003297756766254908,2024-12-03,"{""type"":""MultiPoint"",""coordinates"":[]}"
20241204,-0.0040739507235618005,2024-12-04,"{""type"":""MultiPoint"",""coordinates"":[]}"
20241205,-0.003570975893106037,2024-12-05,"{""type"":""MultiPoint"",""coordinates"":[]}"
20241206,-0.00416827116437423,2024-12-06,"{""type"":""MultiPoint"",""coordinates"":[]}"
20241207,-0.0034215722669710276,2024-12-07,"{""type"":""MultiPoint"",""coordinates"":[]}"
20241208,-0.003199021122681259,2024-12-08,"{""type"":""MultiPoint"",""coordinates"":[]}"
20241209,-0.0026714795489222606,2024-12-09,"{""type"":""MultiPoint"",""coordinates"":[]}"
20241210,-0.00538644657784504,2024-12-10,"{""type"":""MultiPoint"",""coordinates"":[]}"
20241211,-0.0070308178600852565,2024-12-11,"{""type"":""MultiPoint"",""coordinates"":[]}"
20241212,-0.0060648683771659315,2024-12-12,"{""type"":""MultiPoint"",""coordinates"":[]}"
20241213,-0.006954751744549086,2024-12-13,"{""type"":""MultiPoint"",""coordinates"":[]}"
20241214,-0.006957780203301095,2024-12-14,"{""type"":""MultiPoint"",""coordinates"":[]}"
20241215,-0.006671428146128941,2024-12-15,"{""type"":""MultiPoint"",""coordinates"":[]}"
20241216,-0.0063884721341590225,2024-12-16,"{""type"":""MultiPoint"",""coordinates"":[]}"
20241217,-0.006065775800076139,2024-12-17,"{""type"":""MultiPoint"",""coordinates"":[]}"
20241218,-0.00627233283509264,2024-12-18,"{""type"":""MultiPoint"",""coordinates"":[]}"
20241219,-0.005991429016922329,2024-12-19,"{""type"":""MultiPoint"",""coordinates"":[]}"
20241220,-0.0040516457958747285,2024-12-20,"{""type"":""MultiPoint"",""coordinates"":[]}"
20241221,-0.005981052345365546,2024-12-21,"{""type"":""MultiPoint"",""coordinates"":[]}"
20241222,-0.005410207238428154,2024-12-22,"{""type"":""MultiPoint"",""coordinates"":[]}"
20241223,-0.006643450204684259,2024-12-23,"{""type"":""MultiPoint"",""coordinates"":[]}"
20241224,-0.005433504927340408,2024-12-24,"{""type"":""MultiPoint"",""coordinates"":[]}"
20241225,-0.003026586899104589,2024-12-25,"{""type"":""MultiPoint"",""coordinates"":[]}"
20241226,-0.0029460449291570053,2024-12-26,"{""type"":""MultiPoint"",""coordinates"":[]}"
20241227,-0.0038301318649813713,2024-12-27,"{""type"":""MultiPoint"",""coordinates"":[]}"
20241228,-0.006418823521090497,2024-12-28,"{""type"":""MultiPoint"",""coordinates"":[]}"
20241229,-0.00604301184720683,2024-12-29,"{""type"":""MultiPoint"",""coordinates"":[]}"
20241230,-0.006353167451514844,2024-12-30,"{""type"":""MultiPoint"",""coordinates"":[]}"
