system:index,precipitation,date,.geo
20030101,0,2003-01-01,"{""type"":""MultiPoint"",""coordinates"":[]}"
20030102,0,2003-01-02,"{""type"":""MultiPoint"",""coordinates"":[]}"
20030103,0,2003-01-03,"{""type"":""MultiPoint"",""coordinates"":[]}"
20030104,0,2003-01-04,"{""type"":""MultiPoint"",""coordinates"":[]}"
20030105,0,2003-01-05,"{""type"":""MultiPoint"",""coordinates"":[]}"
20030106,0,2003-01-06,"{""type"":""MultiPoint"",""coordinates"":[]}"
20030107,0,2003-01-07,"{""type"":""MultiPoint"",""coordinates"":[]}"
20030108,0,2003-01-08,"{""type"":""MultiPoint"",""coordinates"":[]}"
20030109,0,2003-01-09,"{""type"":""MultiPoint"",""coordinates"":[]}"
20030110,0.072272709,2003-01-10,"{""type"":""MultiPoint"",""coordinates"":[]}"
20030111,0.004305326,2003-01-11,"{""type"":""MultiPoint"",""coordinates"":[]}"
20030112,0,2003-01-12,"{""type"":""MultiPoint"",""coordinates"":[]}"
20030113,0.5301065290475996,2003-01-13,"{""type"":""MultiPoint"",""coordinates"":[]}"
20030114,0.4397657644101876,2003-01-14,"{""type"":""MultiPoint"",""coordinates"":[]}"
20030115,0,2003-01-15,"{""type"":""MultiPoint"",""coordinates"":[]}"
20030116,0,2003-01-16,"{""type"":""MultiPoint"",""coordinates"":[]}"
20030117,0,2003-01-17,"{""type"":""MultiPoint"",""coordinates"":[]}"
20030118,0,2003-01-18,"{""type"":""MultiPoint"",""coordinates"":[]}"
20030119,0,2003-01-19,"{""type"":""MultiPoint"",""coordinates"":[]}"
20030120,0,2003-01-20,"{""type"":""MultiPoint"",""coordinates"":[]}"
20030121,0,2003-01-21,"{""type"":""MultiPoint"",""coordinates"":[]}"
20030122,0,2003-01-22,"{""type"":""MultiPoint"",""coordinates"":[]}"
20030123,0,2003-01-23,"{""type"":""MultiPoint"",""coordinates"":[]}"
20030124,0.001698334,2003-01-24,"{""type"":""MultiPoint"",""coordinates"":[]}"
20030125,0,2003-01-25,"{""type"":""MultiPoint"",""coordinates"":[]}"
20030126,0,2003-01-26,"{""type"":""MultiPoint"",""coordinates"":[]}"
20030127,0,2003-01-27,"{""type"":""MultiPoint"",""coordinates"":[]}"
20030128,0,2003-01-28,"{""type"":""MultiPoint"",""coordinates"":[]}"
20030129,0,2003-01-29,"{""type"":""MultiPoint"",""coordinates"":[]}"
20030130,0,2003-01-30,"{""type"":""MultiPoint"",""coordinates"":[]}"
20030131,0,2003-01-31,"{""type"":""MultiPoint"",""coordinates"":[]}"
20030201,0,2003-02-01,"{""type"":""MultiPoint"",""coordinates"":[]}"
20030202,0,2003-02-02,"{""type"":""MultiPoint"",""coordinates"":[]}"
20030203,0,2003-02-03,"{""type"":""MultiPoint"",""coordinates"":[]}"
20030204,0,2003-02-04,"{""type"":""MultiPoint"",""coordinates"":[]}"
20030205,0,2003-02-05,"{""type"":""MultiPoint"",""coordinates"":[]}"
20030206,0.004062999,2003-02-06,"{""type"":""MultiPoint"",""coordinates"":[]}"
20030207,0,2003-02-07,"{""type"":""MultiPoint"",""coordinates"":[]}"
20030208,0,2003-02-08,"{""type"":""MultiPoint"",""coordinates"":[]}"
20030209,0,2003-02-09,"{""type"":""MultiPoint"",""coordinates"":[]}"
20030210,0.001118928,2003-02-10,"{""type"":""MultiPoint"",""coordinates"":[]}"
20030211,0,2003-02-11,"{""type"":""MultiPoint"",""coordinates"":[]}"
20030212,0,2003-02-12,"{""type"":""MultiPoint"",""coordinates"":[]}"
20030213,0,2003-02-13,"{""type"":""MultiPoint"",""coordinates"":[]}"
20030214,0,2003-02-14,"{""type"":""MultiPoint"",""coordinates"":[]}"
20030215,1.684787914222745E-4,2003-02-15,"{""type"":""MultiPoint"",""coordinates"":[]}"
20030216,0,2003-02-16,"{""type"":""MultiPoint"",""coordinates"":[]}"
20030217,0,2003-02-17,"{""type"":""MultiPoint"",""coordinates"":[]}"
20030218,0.047028371,2003-02-18,"{""type"":""MultiPoint"",""coordinates"":[]}"
20030219,0,2003-02-19,"{""type"":""MultiPoint"",""coordinates"":[]}"
20030220,0,2003-02-20,"{""type"":""MultiPoint"",""coordinates"":[]}"
20030221,0,2003-02-21,"{""type"":""MultiPoint"",""coordinates"":[]}"
20030222,0,2003-02-22,"{""type"":""MultiPoint"",""coordinates"":[]}"
20030223,0,2003-02-23,"{""type"":""MultiPoint"",""coordinates"":[]}"
20030224,0,2003-02-24,"{""type"":""MultiPoint"",""coordinates"":[]}"
20030225,0,2003-02-25,"{""type"":""MultiPoint"",""coordinates"":[]}"
20030226,0,2003-02-26,"{""type"":""MultiPoint"",""coordinates"":[]}"
20030227,0,2003-02-27,"{""type"":""MultiPoint"",""coordinates"":[]}"
20030228,0,2003-02-28,"{""type"":""MultiPoint"",""coordinates"":[]}"
20030301,0,2003-03-01,"{""type"":""MultiPoint"",""coordinates"":[]}"
20030302,0,2003-03-02,"{""type"":""MultiPoint"",""coordinates"":[]}"
20030303,0,2003-03-03,"{""type"":""MultiPoint"",""coordinates"":[]}"
20030304,0,2003-03-04,"{""type"":""MultiPoint"",""coordinates"":[]}"
20030305,0,2003-03-05,"{""type"":""MultiPoint"",""coordinates"":[]}"
20030306,0,2003-03-06,"{""type"":""MultiPoint"",""coordinates"":[]}"
20030307,0,2003-03-07,"{""type"":""MultiPoint"",""coordinates"":[]}"
20030308,0,2003-03-08,"{""type"":""MultiPoint"",""coordinates"":[]}"
20030309,0,2003-03-09,"{""type"":""MultiPoint"",""coordinates"":[]}"
20030310,0,2003-03-10,"{""type"":""MultiPoint"",""coordinates"":[]}"
20030311,0,2003-03-11,"{""type"":""MultiPoint"",""coordinates"":[]}"
20030312,0,2003-03-12,"{""type"":""MultiPoint"",""coordinates"":[]}"
20030313,0,2003-03-13,"{""type"":""MultiPoint"",""coordinates"":[]}"
20030314,0,2003-03-14,"{""type"":""MultiPoint"",""coordinates"":[]}"
20030315,0,2003-03-15,"{""type"":""MultiPoint"",""coordinates"":[]}"
20030316,0,2003-03-16,"{""type"":""MultiPoint"",""coordinates"":[]}"
20030317,0,2003-03-17,"{""type"":""MultiPoint"",""coordinates"":[]}"
20030318,0,2003-03-18,"{""type"":""MultiPoint"",""coordinates"":[]}"
20030319,0,2003-03-19,"{""type"":""MultiPoint"",""coordinates"":[]}"
20030320,0,2003-03-20,"{""type"":""MultiPoint"",""coordinates"":[]}"
20030321,0,2003-03-21,"{""type"":""MultiPoint"",""coordinates"":[]}"
20030322,0,2003-03-22,"{""type"":""MultiPoint"",""coordinates"":[]}"
20030323,0,2003-03-23,"{""type"":""MultiPoint"",""coordinates"":[]}"
20030324,0,2003-03-24,"{""type"":""MultiPoint"",""coordinates"":[]}"
20030325,0,2003-03-25,"{""type"":""MultiPoint"",""coordinates"":[]}"
20030326,0,2003-03-26,"{""type"":""MultiPoint"",""coordinates"":[]}"
20030327,0,2003-03-27,"{""type"":""MultiPoint"",""coordinates"":[]}"
20030328,0,2003-03-28,"{""type"":""MultiPoint"",""coordinates"":[]}"
20030329,0,2003-03-29,"{""type"":""MultiPoint"",""coordinates"":[]}"
20030330,0,2003-03-30,"{""type"":""MultiPoint"",""coordinates"":[]}"
20030331,0,2003-03-31,"{""type"":""MultiPoint"",""coordinates"":[]}"
20030401,0,2003-04-01,"{""type"":""MultiPoint"",""coordinates"":[]}"
20030402,0,2003-04-02,"{""type"":""MultiPoint"",""coordinates"":[]}"
20030403,0,2003-04-03,"{""type"":""MultiPoint"",""coordinates"":[]}"
20030404,0,2003-04-04,"{""type"":""MultiPoint"",""coordinates"":[]}"
20030405,0,2003-04-05,"{""type"":""MultiPoint"",""coordinates"":[]}"
20030406,0,2003-04-06,"{""type"":""MultiPoint"",""coordinates"":[]}"
20030407,3.0433115742856587,2003-04-07,"{""type"":""MultiPoint"",""coordinates"":[]}"
20030408,0.22704745032861376,2003-04-08,"{""type"":""MultiPoint"",""coordinates"":[]}"
20030409,0.18195238811652067,2003-04-09,"{""type"":""MultiPoint"",""coordinates"":[]}"
20030410,0.23353665809199023,2003-04-10,"{""type"":""MultiPoint"",""coordinates"":[]}"
20030411,0.7597727670880187,2003-04-11,"{""type"":""MultiPoint"",""coordinates"":[]}"
20030412,0,2003-04-12,"{""type"":""MultiPoint"",""coordinates"":[]}"
20030413,0,2003-04-13,"{""type"":""MultiPoint"",""coordinates"":[]}"
20030414,0,2003-04-14,"{""type"":""MultiPoint"",""coordinates"":[]}"
20030415,0.004796414,2003-04-15,"{""type"":""MultiPoint"",""coordinates"":[]}"
20030416,0,2003-04-16,"{""type"":""MultiPoint"",""coordinates"":[]}"
20030417,0,2003-04-17,"{""type"":""MultiPoint"",""coordinates"":[]}"
20030418,0,2003-04-18,"{""type"":""MultiPoint"",""coordinates"":[]}"
20030419,0,2003-04-19,"{""type"":""MultiPoint"",""coordinates"":[]}"
20030420,0,2003-04-20,"{""type"":""MultiPoint"",""coordinates"":[]}"
20030421,0,2003-04-21,"{""type"":""MultiPoint"",""coordinates"":[]}"
20030422,0,2003-04-22,"{""type"":""MultiPoint"",""coordinates"":[]}"
20030423,0,2003-04-23,"{""type"":""MultiPoint"",""coordinates"":[]}"
20030424,0,2003-04-24,"{""type"":""MultiPoint"",""coordinates"":[]}"
20030425,0,2003-04-25,"{""type"":""MultiPoint"",""coordinates"":[]}"
20030426,0,2003-04-26,"{""type"":""MultiPoint"",""coordinates"":[]}"
20030427,0.014071091070617785,2003-04-27,"{""type"":""MultiPoint"",""coordinates"":[]}"
20030428,0,2003-04-28,"{""type"":""MultiPoint"",""coordinates"":[]}"
20030429,0.15743613782595176,2003-04-29,"{""type"":""MultiPoint"",""coordinates"":[]}"
20030430,0.013061277794408384,2003-04-30,"{""type"":""MultiPoint"",""coordinates"":[]}"
20030501,0,2003-05-01,"{""type"":""MultiPoint"",""coordinates"":[]}"
20030502,0,2003-05-02,"{""type"":""MultiPoint"",""coordinates"":[]}"
20030503,0,2003-05-03,"{""type"":""MultiPoint"",""coordinates"":[]}"
20030504,0,2003-05-04,"{""type"":""MultiPoint"",""coordinates"":[]}"
20030505,0,2003-05-05,"{""type"":""MultiPoint"",""coordinates"":[]}"
20030506,0,2003-05-06,"{""type"":""MultiPoint"",""coordinates"":[]}"
20030507,0,2003-05-07,"{""type"":""MultiPoint"",""coordinates"":[]}"
20030508,0,2003-05-08,"{""type"":""MultiPoint"",""coordinates"":[]}"
20030509,0,2003-05-09,"{""type"":""MultiPoint"",""coordinates"":[]}"
20030510,0,2003-05-10,"{""type"":""MultiPoint"",""coordinates"":[]}"
20030511,0,2003-05-11,"{""type"":""MultiPoint"",""coordinates"":[]}"
20030512,1.4661569512845654,2003-05-12,"{""type"":""MultiPoint"",""coordinates"":[]}"
20030513,1.2505953153196603,2003-05-13,"{""type"":""MultiPoint"",""coordinates"":[]}"
20030514,0.7122811298307884,2003-05-14,"{""type"":""MultiPoint"",""coordinates"":[]}"
20030515,0.40520617962592703,2003-05-15,"{""type"":""MultiPoint"",""coordinates"":[]}"
20030516,0,2003-05-16,"{""type"":""MultiPoint"",""coordinates"":[]}"
20030517,0,2003-05-17,"{""type"":""MultiPoint"",""coordinates"":[]}"
20030518,0,2003-05-18,"{""type"":""MultiPoint"",""coordinates"":[]}"
20030519,0,2003-05-19,"{""type"":""MultiPoint"",""coordinates"":[]}"
20030520,0,2003-05-20,"{""type"":""MultiPoint"",""coordinates"":[]}"
20030521,0,2003-05-21,"{""type"":""MultiPoint"",""coordinates"":[]}"
20030522,0,2003-05-22,"{""type"":""MultiPoint"",""coordinates"":[]}"
20030523,0,2003-05-23,"{""type"":""MultiPoint"",""coordinates"":[]}"
20030524,0,2003-05-24,"{""type"":""MultiPoint"",""coordinates"":[]}"
20030525,0,2003-05-25,"{""type"":""MultiPoint"",""coordinates"":[]}"
20030526,0,2003-05-26,"{""type"":""MultiPoint"",""coordinates"":[]}"
20030527,0.025826539,2003-05-27,"{""type"":""MultiPoint"",""coordinates"":[]}"
20030528,0.002223725,2003-05-28,"{""type"":""MultiPoint"",""coordinates"":[]}"
20030529,0.002751318,2003-05-29,"{""type"":""MultiPoint"",""coordinates"":[]}"
20030530,0.27080202253416014,2003-05-30,"{""type"":""MultiPoint"",""coordinates"":[]}"
20030531,0,2003-05-31,"{""type"":""MultiPoint"",""coordinates"":[]}"
20030601,0.1199900228186663,2003-06-01,"{""type"":""MultiPoint"",""coordinates"":[]}"
20030602,0,2003-06-02,"{""type"":""MultiPoint"",""coordinates"":[]}"
20030603,0,2003-06-03,"{""type"":""MultiPoint"",""coordinates"":[]}"
20030604,0,2003-06-04,"{""type"":""MultiPoint"",""coordinates"":[]}"
20030605,0,2003-06-05,"{""type"":""MultiPoint"",""coordinates"":[]}"
20030606,0,2003-06-06,"{""type"":""MultiPoint"",""coordinates"":[]}"
20030607,0,2003-06-07,"{""type"":""MultiPoint"",""coordinates"":[]}"
20030608,0.4782546172648636,2003-06-08,"{""type"":""MultiPoint"",""coordinates"":[]}"
20030609,12.489664432486002,2003-06-09,"{""type"":""MultiPoint"",""coordinates"":[]}"
20030610,20.148504135930793,2003-06-10,"{""type"":""MultiPoint"",""coordinates"":[]}"
20030611,2.8682601850278004,2003-06-11,"{""type"":""MultiPoint"",""coordinates"":[]}"
20030612,8.134120192,2003-06-12,"{""type"":""MultiPoint"",""coordinates"":[]}"
20030613,2.893957596265545,2003-06-13,"{""type"":""MultiPoint"",""coordinates"":[]}"
20030614,13.275874934533478,2003-06-14,"{""type"":""MultiPoint"",""coordinates"":[]}"
20030615,16.374772636598767,2003-06-15,"{""type"":""MultiPoint"",""coordinates"":[]}"
20030616,1.9408318568951817,2003-06-16,"{""type"":""MultiPoint"",""coordinates"":[]}"
20030617,0.4043775195154471,2003-06-17,"{""type"":""MultiPoint"",""coordinates"":[]}"
20030618,6.483974458,2003-06-18,"{""type"":""MultiPoint"",""coordinates"":[]}"
20030619,27.82384389761354,2003-06-19,"{""type"":""MultiPoint"",""coordinates"":[]}"
20030620,0.5868862963081719,2003-06-20,"{""type"":""MultiPoint"",""coordinates"":[]}"
20030621,5.963405740820962,2003-06-21,"{""type"":""MultiPoint"",""coordinates"":[]}"
20030622,2.9103804639733206,2003-06-22,"{""type"":""MultiPoint"",""coordinates"":[]}"
20030623,7.210877748,2003-06-23,"{""type"":""MultiPoint"",""coordinates"":[]}"
20030624,21.429858348263487,2003-06-24,"{""type"":""MultiPoint"",""coordinates"":[]}"
20030625,0.20147694169748281,2003-06-25,"{""type"":""MultiPoint"",""coordinates"":[]}"
20030626,0,2003-06-26,"{""type"":""MultiPoint"",""coordinates"":[]}"
20030627,0.6923836355996944,2003-06-27,"{""type"":""MultiPoint"",""coordinates"":[]}"
20030628,0.5842040229407418,2003-06-28,"{""type"":""MultiPoint"",""coordinates"":[]}"
20030629,7.245889744505502,2003-06-29,"{""type"":""MultiPoint"",""coordinates"":[]}"
20030630,0.2023847646849238,2003-06-30,"{""type"":""MultiPoint"",""coordinates"":[]}"
20030701,11.269937200357054,2003-07-01,"{""type"":""MultiPoint"",""coordinates"":[]}"
20030702,15.552675878687253,2003-07-02,"{""type"":""MultiPoint"",""coordinates"":[]}"
20030703,2.8358548092246236,2003-07-03,"{""type"":""MultiPoint"",""coordinates"":[]}"
20030704,5.585153278978115,2003-07-04,"{""type"":""MultiPoint"",""coordinates"":[]}"
20030705,6.365364941015706,2003-07-05,"{""type"":""MultiPoint"",""coordinates"":[]}"
20030706,0,2003-07-06,"{""type"":""MultiPoint"",""coordinates"":[]}"
20030707,0.013347158412522493,2003-07-07,"{""type"":""MultiPoint"",""coordinates"":[]}"
20030708,0.072231453,2003-07-08,"{""type"":""MultiPoint"",""coordinates"":[]}"
20030709,13.773793900361726,2003-07-09,"{""type"":""MultiPoint"",""coordinates"":[]}"
20030710,10.850324305159168,2003-07-10,"{""type"":""MultiPoint"",""coordinates"":[]}"
20030711,0.050812883219437416,2003-07-11,"{""type"":""MultiPoint"",""coordinates"":[]}"
20030712,0.17266330959140744,2003-07-12,"{""type"":""MultiPoint"",""coordinates"":[]}"
20030713,0,2003-07-13,"{""type"":""MultiPoint"",""coordinates"":[]}"
20030714,10.26174773659402,2003-07-14,"{""type"":""MultiPoint"",""coordinates"":[]}"
20030715,17.526604427980224,2003-07-15,"{""type"":""MultiPoint"",""coordinates"":[]}"
20030716,4.772941282,2003-07-16,"{""type"":""MultiPoint"",""coordinates"":[]}"
20030717,0.559257399,2003-07-17,"{""type"":""MultiPoint"",""coordinates"":[]}"
20030718,0.034034288280625775,2003-07-18,"{""type"":""MultiPoint"",""coordinates"":[]}"
20030719,0.003172223,2003-07-19,"{""type"":""MultiPoint"",""coordinates"":[]}"
20030720,0,2003-07-20,"{""type"":""MultiPoint"",""coordinates"":[]}"
20030721,0.003916007,2003-07-21,"{""type"":""MultiPoint"",""coordinates"":[]}"
20030722,0,2003-07-22,"{""type"":""MultiPoint"",""coordinates"":[]}"
20030723,0,2003-07-23,"{""type"":""MultiPoint"",""coordinates"":[]}"
20030724,0,2003-07-24,"{""type"":""MultiPoint"",""coordinates"":[]}"
20030725,0.4298651446516584,2003-07-25,"{""type"":""MultiPoint"",""coordinates"":[]}"
20030726,0.5066351361993309,2003-07-26,"{""type"":""MultiPoint"",""coordinates"":[]}"
20030727,66.29834757,2003-07-27,"{""type"":""MultiPoint"",""coordinates"":[]}"
20030728,18.08153470935401,2003-07-28,"{""type"":""MultiPoint"",""coordinates"":[]}"
20030729,0,2003-07-29,"{""type"":""MultiPoint"",""coordinates"":[]}"
20030730,0.001253232,2003-07-30,"{""type"":""MultiPoint"",""coordinates"":[]}"
20030731,0,2003-07-31,"{""type"":""MultiPoint"",""coordinates"":[]}"
20030801,0.12636296854764348,2003-08-01,"{""type"":""MultiPoint"",""coordinates"":[]}"
20030802,9.262648646,2003-08-02,"{""type"":""MultiPoint"",""coordinates"":[]}"
20030803,0,2003-08-03,"{""type"":""MultiPoint"",""coordinates"":[]}"
20030804,0.018854325,2003-08-04,"{""type"":""MultiPoint"",""coordinates"":[]}"
20030805,0.004422711,2003-08-05,"{""type"":""MultiPoint"",""coordinates"":[]}"
20030806,0.02585472,2003-08-06,"{""type"":""MultiPoint"",""coordinates"":[]}"
20030807,0.049798739,2003-08-07,"{""type"":""MultiPoint"",""coordinates"":[]}"
20030808,0.083353525,2003-08-08,"{""type"":""MultiPoint"",""coordinates"":[]}"
20030809,0,2003-08-09,"{""type"":""MultiPoint"",""coordinates"":[]}"
20030810,0.009306513,2003-08-10,"{""type"":""MultiPoint"",""coordinates"":[]}"
20030811,0.4370588750060218,2003-08-11,"{""type"":""MultiPoint"",""coordinates"":[]}"
20030812,3.7196055656227442,2003-08-12,"{""type"":""MultiPoint"",""coordinates"":[]}"
20030813,18.93091463242919,2003-08-13,"{""type"":""MultiPoint"",""coordinates"":[]}"
20030814,0,2003-08-14,"{""type"":""MultiPoint"",""coordinates"":[]}"
20030815,7.822305489206945,2003-08-15,"{""type"":""MultiPoint"",""coordinates"":[]}"
20030816,0,2003-08-16,"{""type"":""MultiPoint"",""coordinates"":[]}"
20030817,0,2003-08-17,"{""type"":""MultiPoint"",""coordinates"":[]}"
20030818,0.2451321745717181,2003-08-18,"{""type"":""MultiPoint"",""coordinates"":[]}"
20030819,0,2003-08-19,"{""type"":""MultiPoint"",""coordinates"":[]}"
20030820,0,2003-08-20,"{""type"":""MultiPoint"",""coordinates"":[]}"
20030821,0.2791184242896361,2003-08-21,"{""type"":""MultiPoint"",""coordinates"":[]}"
20030822,19.032638895830093,2003-08-22,"{""type"":""MultiPoint"",""coordinates"":[]}"
20030823,40.37573386311379,2003-08-23,"{""type"":""MultiPoint"",""coordinates"":[]}"
20030824,17.066728712092367,2003-08-24,"{""type"":""MultiPoint"",""coordinates"":[]}"
20030825,0,2003-08-25,"{""type"":""MultiPoint"",""coordinates"":[]}"
20030826,0,2003-08-26,"{""type"":""MultiPoint"",""coordinates"":[]}"
20030827,0.2818052506662248,2003-08-27,"{""type"":""MultiPoint"",""coordinates"":[]}"
20030828,1.163111824949501,2003-08-28,"{""type"":""MultiPoint"",""coordinates"":[]}"
20030829,11.999495395317242,2003-08-29,"{""type"":""MultiPoint"",""coordinates"":[]}"
20030830,0,2003-08-30,"{""type"":""MultiPoint"",""coordinates"":[]}"
20030831,0,2003-08-31,"{""type"":""MultiPoint"",""coordinates"":[]}"
20030901,0.062503057,2003-09-01,"{""type"":""MultiPoint"",""coordinates"":[]}"
20030902,0.5250412845356598,2003-09-02,"{""type"":""MultiPoint"",""coordinates"":[]}"
20030903,0,2003-09-03,"{""type"":""MultiPoint"",""coordinates"":[]}"
20030904,0,2003-09-04,"{""type"":""MultiPoint"",""coordinates"":[]}"
20030905,0,2003-09-05,"{""type"":""MultiPoint"",""coordinates"":[]}"
20030906,0,2003-09-06,"{""type"":""MultiPoint"",""coordinates"":[]}"
20030907,0,2003-09-07,"{""type"":""MultiPoint"",""coordinates"":[]}"
20030908,0.13556977113125634,2003-09-08,"{""type"":""MultiPoint"",""coordinates"":[]}"
20030909,0,2003-09-09,"{""type"":""MultiPoint"",""coordinates"":[]}"
20030910,0,2003-09-10,"{""type"":""MultiPoint"",""coordinates"":[]}"
20030911,0,2003-09-11,"{""type"":""MultiPoint"",""coordinates"":[]}"
20030912,0,2003-09-12,"{""type"":""MultiPoint"",""coordinates"":[]}"
20030913,0,2003-09-13,"{""type"":""MultiPoint"",""coordinates"":[]}"
20030914,0.11542947473676801,2003-09-14,"{""type"":""MultiPoint"",""coordinates"":[]}"
20030915,0,2003-09-15,"{""type"":""MultiPoint"",""coordinates"":[]}"
20030916,0,2003-09-16,"{""type"":""MultiPoint"",""coordinates"":[]}"
20030917,0,2003-09-17,"{""type"":""MultiPoint"",""coordinates"":[]}"
20030918,0,2003-09-18,"{""type"":""MultiPoint"",""coordinates"":[]}"
20030919,0.17559231321148785,2003-09-19,"{""type"":""MultiPoint"",""coordinates"":[]}"
20030920,0,2003-09-20,"{""type"":""MultiPoint"",""coordinates"":[]}"
20030921,0,2003-09-21,"{""type"":""MultiPoint"",""coordinates"":[]}"
20030922,1.6929235385988144,2003-09-22,"{""type"":""MultiPoint"",""coordinates"":[]}"
20030923,23.919478959071295,2003-09-23,"{""type"":""MultiPoint"",""coordinates"":[]}"
20030924,2.3180282072297658,2003-09-24,"{""type"":""MultiPoint"",""coordinates"":[]}"
20030925,16.135014304916922,2003-09-25,"{""type"":""MultiPoint"",""coordinates"":[]}"
20030926,50.773030449666415,2003-09-26,"{""type"":""MultiPoint"",""coordinates"":[]}"
20030927,36.84329774853098,2003-09-27,"{""type"":""MultiPoint"",""coordinates"":[]}"
20030928,1.3647756203440282,2003-09-28,"{""type"":""MultiPoint"",""coordinates"":[]}"
20030929,0,2003-09-29,"{""type"":""MultiPoint"",""coordinates"":[]}"
20030930,0.38863945907886754,2003-09-30,"{""type"":""MultiPoint"",""coordinates"":[]}"
20031001,11.554211108125404,2003-10-01,"{""type"":""MultiPoint"",""coordinates"":[]}"
20031002,4.190893302435946,2003-10-02,"{""type"":""MultiPoint"",""coordinates"":[]}"
20031003,0.10227988288432342,2003-10-03,"{""type"":""MultiPoint"",""coordinates"":[]}"
20031004,0.44604016674688507,2003-10-04,"{""type"":""MultiPoint"",""coordinates"":[]}"
20031005,0,2003-10-05,"{""type"":""MultiPoint"",""coordinates"":[]}"
20031006,0,2003-10-06,"{""type"":""MultiPoint"",""coordinates"":[]}"
20031007,1.6685752630802784,2003-10-07,"{""type"":""MultiPoint"",""coordinates"":[]}"
20031008,1.6325316249287292,2003-10-08,"{""type"":""MultiPoint"",""coordinates"":[]}"
20031009,1.8640265,2003-10-09,"{""type"":""MultiPoint"",""coordinates"":[]}"
20031010,0.081844867,2003-10-10,"{""type"":""MultiPoint"",""coordinates"":[]}"
20031011,2.7817877380931852,2003-10-11,"{""type"":""MultiPoint"",""coordinates"":[]}"
20031012,0,2003-10-12,"{""type"":""MultiPoint"",""coordinates"":[]}"
20031013,0,2003-10-13,"{""type"":""MultiPoint"",""coordinates"":[]}"
20031014,0,2003-10-14,"{""type"":""MultiPoint"",""coordinates"":[]}"
20031015,0,2003-10-15,"{""type"":""MultiPoint"",""coordinates"":[]}"
20031016,0,2003-10-16,"{""type"":""MultiPoint"",""coordinates"":[]}"
20031017,0,2003-10-17,"{""type"":""MultiPoint"",""coordinates"":[]}"
20031018,0,2003-10-18,"{""type"":""MultiPoint"",""coordinates"":[]}"
20031019,0,2003-10-19,"{""type"":""MultiPoint"",""coordinates"":[]}"
20031020,3.241488345987607,2003-10-20,"{""type"":""MultiPoint"",""coordinates"":[]}"
20031021,0,2003-10-21,"{""type"":""MultiPoint"",""coordinates"":[]}"
20031022,0,2003-10-22,"{""type"":""MultiPoint"",""coordinates"":[]}"
20031023,0,2003-10-23,"{""type"":""MultiPoint"",""coordinates"":[]}"
20031024,0,2003-10-24,"{""type"":""MultiPoint"",""coordinates"":[]}"
20031025,0,2003-10-25,"{""type"":""MultiPoint"",""coordinates"":[]}"
20031026,0,2003-10-26,"{""type"":""MultiPoint"",""coordinates"":[]}"
20031027,0,2003-10-27,"{""type"":""MultiPoint"",""coordinates"":[]}"
20031028,0,2003-10-28,"{""type"":""MultiPoint"",""coordinates"":[]}"
20031029,0.23203027614233615,2003-10-29,"{""type"":""MultiPoint"",""coordinates"":[]}"
20031030,0.5212176346578143,2003-10-30,"{""type"":""MultiPoint"",""coordinates"":[]}"
20031031,15.09976820404297,2003-10-31,"{""type"":""MultiPoint"",""coordinates"":[]}"
20031101,7.389098668156022,2003-11-01,"{""type"":""MultiPoint"",""coordinates"":[]}"
20031102,3.5127475189396695,2003-11-02,"{""type"":""MultiPoint"",""coordinates"":[]}"
20031103,0,2003-11-03,"{""type"":""MultiPoint"",""coordinates"":[]}"
20031104,0,2003-11-04,"{""type"":""MultiPoint"",""coordinates"":[]}"
20031105,0,2003-11-05,"{""type"":""MultiPoint"",""coordinates"":[]}"
20031106,0,2003-11-06,"{""type"":""MultiPoint"",""coordinates"":[]}"
20031107,0,2003-11-07,"{""type"":""MultiPoint"",""coordinates"":[]}"
20031108,0,2003-11-08,"{""type"":""MultiPoint"",""coordinates"":[]}"
20031109,0,2003-11-09,"{""type"":""MultiPoint"",""coordinates"":[]}"
20031110,0,2003-11-10,"{""type"":""MultiPoint"",""coordinates"":[]}"
20031111,0,2003-11-11,"{""type"":""MultiPoint"",""coordinates"":[]}"
20031112,0,2003-11-12,"{""type"":""MultiPoint"",""coordinates"":[]}"
20031113,0,2003-11-13,"{""type"":""MultiPoint"",""coordinates"":[]}"
20031114,0,2003-11-14,"{""type"":""MultiPoint"",""coordinates"":[]}"
20031115,0,2003-11-15,"{""type"":""MultiPoint"",""coordinates"":[]}"
20031116,0.008971747,2003-11-16,"{""type"":""MultiPoint"",""coordinates"":[]}"
20031117,0,2003-11-17,"{""type"":""MultiPoint"",""coordinates"":[]}"
20031118,0,2003-11-18,"{""type"":""MultiPoint"",""coordinates"":[]}"
20031119,0,2003-11-19,"{""type"":""MultiPoint"",""coordinates"":[]}"
20031120,0,2003-11-20,"{""type"":""MultiPoint"",""coordinates"":[]}"
20031121,0,2003-11-21,"{""type"":""MultiPoint"",""coordinates"":[]}"
20031122,0,2003-11-22,"{""type"":""MultiPoint"",""coordinates"":[]}"
20031123,0,2003-11-23,"{""type"":""MultiPoint"",""coordinates"":[]}"
20031124,0,2003-11-24,"{""type"":""MultiPoint"",""coordinates"":[]}"
20031125,0,2003-11-25,"{""type"":""MultiPoint"",""coordinates"":[]}"
20031126,0,2003-11-26,"{""type"":""MultiPoint"",""coordinates"":[]}"
20031127,0,2003-11-27,"{""type"":""MultiPoint"",""coordinates"":[]}"
20031128,0,2003-11-28,"{""type"":""MultiPoint"",""coordinates"":[]}"
20031129,0.07933711,2003-11-29,"{""type"":""MultiPoint"",""coordinates"":[]}"
20031130,2.8809817686772705,2003-11-30,"{""type"":""MultiPoint"",""coordinates"":[]}"
20031201,0,2003-12-01,"{""type"":""MultiPoint"",""coordinates"":[]}"
20031202,0,2003-12-02,"{""type"":""MultiPoint"",""coordinates"":[]}"
20031203,0.068521288,2003-12-03,"{""type"":""MultiPoint"",""coordinates"":[]}"
20031204,0.006657349,2003-12-04,"{""type"":""MultiPoint"",""coordinates"":[]}"
20031205,0.015029448884486296,2003-12-05,"{""type"":""MultiPoint"",""coordinates"":[]}"
20031206,0,2003-12-06,"{""type"":""MultiPoint"",""coordinates"":[]}"
20031207,0,2003-12-07,"{""type"":""MultiPoint"",""coordinates"":[]}"
20031208,0,2003-12-08,"{""type"":""MultiPoint"",""coordinates"":[]}"
20031209,0,2003-12-09,"{""type"":""MultiPoint"",""coordinates"":[]}"
20031210,0,2003-12-10,"{""type"":""MultiPoint"",""coordinates"":[]}"
20031211,0,2003-12-11,"{""type"":""MultiPoint"",""coordinates"":[]}"
20031212,0,2003-12-12,"{""type"":""MultiPoint"",""coordinates"":[]}"
20031213,0,2003-12-13,"{""type"":""MultiPoint"",""coordinates"":[]}"
20031214,0,2003-12-14,"{""type"":""MultiPoint"",""coordinates"":[]}"
20031215,0,2003-12-15,"{""type"":""MultiPoint"",""coordinates"":[]}"
20031216,0,2003-12-16,"{""type"":""MultiPoint"",""coordinates"":[]}"
20031217,0,2003-12-17,"{""type"":""MultiPoint"",""coordinates"":[]}"
20031218,0,2003-12-18,"{""type"":""MultiPoint"",""coordinates"":[]}"
20031219,0.010661912941910517,2003-12-19,"{""type"":""MultiPoint"",""coordinates"":[]}"
20031220,0.010661912941910517,2003-12-20,"{""type"":""MultiPoint"",""coordinates"":[]}"
20031221,0,2003-12-21,"{""type"":""MultiPoint"",""coordinates"":[]}"
20031222,0,2003-12-22,"{""type"":""MultiPoint"",""coordinates"":[]}"
20031223,0,2003-12-23,"{""type"":""MultiPoint"",""coordinates"":[]}"
20031224,0.27682149713407683,2003-12-24,"{""type"":""MultiPoint"",""coordinates"":[]}"
20031225,0.4258408804516938,2003-12-25,"{""type"":""MultiPoint"",""coordinates"":[]}"
20031226,0.15887775583651376,2003-12-26,"{""type"":""MultiPoint"",""coordinates"":[]}"
20031227,0,2003-12-27,"{""type"":""MultiPoint"",""coordinates"":[]}"
20031228,0,2003-12-28,"{""type"":""MultiPoint"",""coordinates"":[]}"
20031229,0,2003-12-29,"{""type"":""MultiPoint"",""coordinates"":[]}"
20031230,0.091357163,2003-12-30,"{""type"":""MultiPoint"",""coordinates"":[]}"
20031231,0.11323762401616609,2003-12-31,"{""type"":""MultiPoint"",""coordinates"":[]}"
20040101,0,2004-01-01,"{""type"":""MultiPoint"",""coordinates"":[]}"
20040102,0.002275428,2004-01-02,"{""type"":""MultiPoint"",""coordinates"":[]}"
20040103,0,2004-01-03,"{""type"":""MultiPoint"",""coordinates"":[]}"
20040104,0,2004-01-04,"{""type"":""MultiPoint"",""coordinates"":[]}"
20040105,0,2004-01-05,"{""type"":""MultiPoint"",""coordinates"":[]}"
20040106,0,2004-01-06,"{""type"":""MultiPoint"",""coordinates"":[]}"
20040107,0,2004-01-07,"{""type"":""MultiPoint"",""coordinates"":[]}"
20040108,0,2004-01-08,"{""type"":""MultiPoint"",""coordinates"":[]}"
20040109,0,2004-01-09,"{""type"":""MultiPoint"",""coordinates"":[]}"
20040110,0,2004-01-10,"{""type"":""MultiPoint"",""coordinates"":[]}"
20040111,0,2004-01-11,"{""type"":""MultiPoint"",""coordinates"":[]}"
20040112,0,2004-01-12,"{""type"":""MultiPoint"",""coordinates"":[]}"
20040113,0,2004-01-13,"{""type"":""MultiPoint"",""coordinates"":[]}"
20040114,0,2004-01-14,"{""type"":""MultiPoint"",""coordinates"":[]}"
20040115,0,2004-01-15,"{""type"":""MultiPoint"",""coordinates"":[]}"
20040116,0,2004-01-16,"{""type"":""MultiPoint"",""coordinates"":[]}"
20040117,0,2004-01-17,"{""type"":""MultiPoint"",""coordinates"":[]}"
20040118,0,2004-01-18,"{""type"":""MultiPoint"",""coordinates"":[]}"
20040119,0,2004-01-19,"{""type"":""MultiPoint"",""coordinates"":[]}"
20040120,0,2004-01-20,"{""type"":""MultiPoint"",""coordinates"":[]}"
20040121,0,2004-01-21,"{""type"":""MultiPoint"",""coordinates"":[]}"
20040122,0,2004-01-22,"{""type"":""MultiPoint"",""coordinates"":[]}"
20040123,0,2004-01-23,"{""type"":""MultiPoint"",""coordinates"":[]}"
20040124,0,2004-01-24,"{""type"":""MultiPoint"",""coordinates"":[]}"
20040125,0,2004-01-25,"{""type"":""MultiPoint"",""coordinates"":[]}"
20040126,0,2004-01-26,"{""type"":""MultiPoint"",""coordinates"":[]}"
20040127,0,2004-01-27,"{""type"":""MultiPoint"",""coordinates"":[]}"
20040128,0,2004-01-28,"{""type"":""MultiPoint"",""coordinates"":[]}"
20040129,0,2004-01-29,"{""type"":""MultiPoint"",""coordinates"":[]}"
20040130,0,2004-01-30,"{""type"":""MultiPoint"",""coordinates"":[]}"
20040131,0,2004-01-31,"{""type"":""MultiPoint"",""coordinates"":[]}"
20040201,0,2004-02-01,"{""type"":""MultiPoint"",""coordinates"":[]}"
20040202,0,2004-02-02,"{""type"":""MultiPoint"",""coordinates"":[]}"
20040203,0.007892195,2004-02-03,"{""type"":""MultiPoint"",""coordinates"":[]}"
20040204,0.011688375,2004-02-04,"{""type"":""MultiPoint"",""coordinates"":[]}"
20040205,0.011688375,2004-02-05,"{""type"":""MultiPoint"",""coordinates"":[]}"
20040206,0,2004-02-06,"{""type"":""MultiPoint"",""coordinates"":[]}"
20040207,0,2004-02-07,"{""type"":""MultiPoint"",""coordinates"":[]}"
20040208,0,2004-02-08,"{""type"":""MultiPoint"",""coordinates"":[]}"
20040209,0,2004-02-09,"{""type"":""MultiPoint"",""coordinates"":[]}"
20040210,0,2004-02-10,"{""type"":""MultiPoint"",""coordinates"":[]}"
20040211,0,2004-02-11,"{""type"":""MultiPoint"",""coordinates"":[]}"
20040212,0,2004-02-12,"{""type"":""MultiPoint"",""coordinates"":[]}"
20040213,0,2004-02-13,"{""type"":""MultiPoint"",""coordinates"":[]}"
20040214,0,2004-02-14,"{""type"":""MultiPoint"",""coordinates"":[]}"
20040215,0.00141907,2004-02-15,"{""type"":""MultiPoint"",""coordinates"":[]}"
20040216,0,2004-02-16,"{""type"":""MultiPoint"",""coordinates"":[]}"
20040217,0,2004-02-17,"{""type"":""MultiPoint"",""coordinates"":[]}"
20040218,0,2004-02-18,"{""type"":""MultiPoint"",""coordinates"":[]}"
20040219,0,2004-02-19,"{""type"":""MultiPoint"",""coordinates"":[]}"
20040220,0,2004-02-20,"{""type"":""MultiPoint"",""coordinates"":[]}"
20040221,0,2004-02-21,"{""type"":""MultiPoint"",""coordinates"":[]}"
20040222,0,2004-02-22,"{""type"":""MultiPoint"",""coordinates"":[]}"
20040223,0,2004-02-23,"{""type"":""MultiPoint"",""coordinates"":[]}"
20040224,0,2004-02-24,"{""type"":""MultiPoint"",""coordinates"":[]}"
20040225,0,2004-02-25,"{""type"":""MultiPoint"",""coordinates"":[]}"
20040226,0,2004-02-26,"{""type"":""MultiPoint"",""coordinates"":[]}"
20040227,0,2004-02-27,"{""type"":""MultiPoint"",""coordinates"":[]}"
20040228,0,2004-02-28,"{""type"":""MultiPoint"",""coordinates"":[]}"
20040229,0,2004-02-29,"{""type"":""MultiPoint"",""coordinates"":[]}"
20040301,0,2004-03-01,"{""type"":""MultiPoint"",""coordinates"":[]}"
20040302,0,2004-03-02,"{""type"":""MultiPoint"",""coordinates"":[]}"
20040303,0,2004-03-03,"{""type"":""MultiPoint"",""coordinates"":[]}"
20040304,0,2004-03-04,"{""type"":""MultiPoint"",""coordinates"":[]}"
20040305,0,2004-03-05,"{""type"":""MultiPoint"",""coordinates"":[]}"
20040306,0,2004-03-06,"{""type"":""MultiPoint"",""coordinates"":[]}"
20040307,0,2004-03-07,"{""type"":""MultiPoint"",""coordinates"":[]}"
20040308,0,2004-03-08,"{""type"":""MultiPoint"",""coordinates"":[]}"
20040309,0,2004-03-09,"{""type"":""MultiPoint"",""coordinates"":[]}"
20040310,0,2004-03-10,"{""type"":""MultiPoint"",""coordinates"":[]}"
20040311,0,2004-03-11,"{""type"":""MultiPoint"",""coordinates"":[]}"
20040312,0,2004-03-12,"{""type"":""MultiPoint"",""coordinates"":[]}"
20040313,0,2004-03-13,"{""type"":""MultiPoint"",""coordinates"":[]}"
20040314,0,2004-03-14,"{""type"":""MultiPoint"",""coordinates"":[]}"
20040315,0,2004-03-15,"{""type"":""MultiPoint"",""coordinates"":[]}"
20040316,0,2004-03-16,"{""type"":""MultiPoint"",""coordinates"":[]}"
20040317,0,2004-03-17,"{""type"":""MultiPoint"",""coordinates"":[]}"
20040318,0,2004-03-18,"{""type"":""MultiPoint"",""coordinates"":[]}"
20040319,0,2004-03-19,"{""type"":""MultiPoint"",""coordinates"":[]}"
20040320,0,2004-03-20,"{""type"":""MultiPoint"",""coordinates"":[]}"
20040321,0,2004-03-21,"{""type"":""MultiPoint"",""coordinates"":[]}"
20040322,0,2004-03-22,"{""type"":""MultiPoint"",""coordinates"":[]}"
20040323,0,2004-03-23,"{""type"":""MultiPoint"",""coordinates"":[]}"
20040324,0,2004-03-24,"{""type"":""MultiPoint"",""coordinates"":[]}"
20040325,0,2004-03-25,"{""type"":""MultiPoint"",""coordinates"":[]}"
20040326,0,2004-03-26,"{""type"":""MultiPoint"",""coordinates"":[]}"
20040327,0,2004-03-27,"{""type"":""MultiPoint"",""coordinates"":[]}"
20040328,0,2004-03-28,"{""type"":""MultiPoint"",""coordinates"":[]}"
20040329,0,2004-03-29,"{""type"":""MultiPoint"",""coordinates"":[]}"
20040330,0,2004-03-30,"{""type"":""MultiPoint"",""coordinates"":[]}"
20040331,0,2004-03-31,"{""type"":""MultiPoint"",""coordinates"":[]}"
20040401,0.028928793923003862,2004-04-01,"{""type"":""MultiPoint"",""coordinates"":[]}"
20040402,0.032984892283387995,2004-04-02,"{""type"":""MultiPoint"",""coordinates"":[]}"
20040403,0.16408709994232923,2004-04-03,"{""type"":""MultiPoint"",""coordinates"":[]}"
20040404,1.2774281882382348,2004-04-04,"{""type"":""MultiPoint"",""coordinates"":[]}"
20040405,1.4175278118754866,2004-04-05,"{""type"":""MultiPoint"",""coordinates"":[]}"
20040406,0,2004-04-06,"{""type"":""MultiPoint"",""coordinates"":[]}"
20040407,0,2004-04-07,"{""type"":""MultiPoint"",""coordinates"":[]}"
20040408,0,2004-04-08,"{""type"":""MultiPoint"",""coordinates"":[]}"
20040409,0.070449622,2004-04-09,"{""type"":""MultiPoint"",""coordinates"":[]}"
20040410,0.078193839,2004-04-10,"{""type"":""MultiPoint"",""coordinates"":[]}"
20040411,0,2004-04-11,"{""type"":""MultiPoint"",""coordinates"":[]}"
20040412,0,2004-04-12,"{""type"":""MultiPoint"",""coordinates"":[]}"
20040413,0,2004-04-13,"{""type"":""MultiPoint"",""coordinates"":[]}"
20040414,0.048600814,2004-04-14,"{""type"":""MultiPoint"",""coordinates"":[]}"
20040415,0.048600814,2004-04-15,"{""type"":""MultiPoint"",""coordinates"":[]}"
20040416,0,2004-04-16,"{""type"":""MultiPoint"",""coordinates"":[]}"
20040417,0,2004-04-17,"{""type"":""MultiPoint"",""coordinates"":[]}"
20040418,0,2004-04-18,"{""type"":""MultiPoint"",""coordinates"":[]}"
20040419,0.025889176600619828,2004-04-19,"{""type"":""MultiPoint"",""coordinates"":[]}"
20040420,0.032622744548037964,2004-04-20,"{""type"":""MultiPoint"",""coordinates"":[]}"
20040421,0,2004-04-21,"{""type"":""MultiPoint"",""coordinates"":[]}"
20040422,0,2004-04-22,"{""type"":""MultiPoint"",""coordinates"":[]}"
20040423,0,2004-04-23,"{""type"":""MultiPoint"",""coordinates"":[]}"
20040424,0,2004-04-24,"{""type"":""MultiPoint"",""coordinates"":[]}"
20040425,0,2004-04-25,"{""type"":""MultiPoint"",""coordinates"":[]}"
20040426,0.19200325837358212,2004-04-26,"{""type"":""MultiPoint"",""coordinates"":[]}"
20040427,0,2004-04-27,"{""type"":""MultiPoint"",""coordinates"":[]}"
20040428,0,2004-04-28,"{""type"":""MultiPoint"",""coordinates"":[]}"
20040429,0.3757778180306351,2004-04-29,"{""type"":""MultiPoint"",""coordinates"":[]}"
20040430,0.3826982591773261,2004-04-30,"{""type"":""MultiPoint"",""coordinates"":[]}"
20040501,0,2004-05-01,"{""type"":""MultiPoint"",""coordinates"":[]}"
20040502,0,2004-05-02,"{""type"":""MultiPoint"",""coordinates"":[]}"
20040503,0.4516643413304759,2004-05-03,"{""type"":""MultiPoint"",""coordinates"":[]}"
20040504,2.802391414381632,2004-05-04,"{""type"":""MultiPoint"",""coordinates"":[]}"
20040505,0,2004-05-05,"{""type"":""MultiPoint"",""coordinates"":[]}"
20040506,0.5993459815018478,2004-05-06,"{""type"":""MultiPoint"",""coordinates"":[]}"
20040507,0.4307907291466382,2004-05-07,"{""type"":""MultiPoint"",""coordinates"":[]}"
20040508,0.007124019,2004-05-08,"{""type"":""MultiPoint"",""coordinates"":[]}"
20040509,4.025619186488325,2004-05-09,"{""type"":""MultiPoint"",""coordinates"":[]}"
20040510,1.8400100680154554,2004-05-10,"{""type"":""MultiPoint"",""coordinates"":[]}"
20040511,7.559368016857667,2004-05-11,"{""type"":""MultiPoint"",""coordinates"":[]}"
20040512,0,2004-05-12,"{""type"":""MultiPoint"",""coordinates"":[]}"
20040513,0.21901021789809594,2004-05-13,"{""type"":""MultiPoint"",""coordinates"":[]}"
20040514,0,2004-05-14,"{""type"":""MultiPoint"",""coordinates"":[]}"
20040515,2.4277798711439162,2004-05-15,"{""type"":""MultiPoint"",""coordinates"":[]}"
20040516,12.273981786801814,2004-05-16,"{""type"":""MultiPoint"",""coordinates"":[]}"
20040517,4.431209803055815,2004-05-17,"{""type"":""MultiPoint"",""coordinates"":[]}"
20040518,7.460369360694848,2004-05-18,"{""type"":""MultiPoint"",""coordinates"":[]}"
20040519,0,2004-05-19,"{""type"":""MultiPoint"",""coordinates"":[]}"
20040520,0,2004-05-20,"{""type"":""MultiPoint"",""coordinates"":[]}"
20040521,0,2004-05-21,"{""type"":""MultiPoint"",""coordinates"":[]}"
20040522,0,2004-05-22,"{""type"":""MultiPoint"",""coordinates"":[]}"
20040523,0,2004-05-23,"{""type"":""MultiPoint"",""coordinates"":[]}"
20040524,0,2004-05-24,"{""type"":""MultiPoint"",""coordinates"":[]}"
20040525,0,2004-05-25,"{""type"":""MultiPoint"",""coordinates"":[]}"
20040526,0,2004-05-26,"{""type"":""MultiPoint"",""coordinates"":[]}"
20040527,0,2004-05-27,"{""type"":""MultiPoint"",""coordinates"":[]}"
20040528,3.477909948328338,2004-05-28,"{""type"":""MultiPoint"",""coordinates"":[]}"
20040529,4.346131207081983,2004-05-29,"{""type"":""MultiPoint"",""coordinates"":[]}"
20040530,9.641696537041472,2004-05-30,"{""type"":""MultiPoint"",""coordinates"":[]}"
20040531,4.615772338204775,2004-05-31,"{""type"":""MultiPoint"",""coordinates"":[]}"
20040601,10.335580169175593,2004-06-01,"{""type"":""MultiPoint"",""coordinates"":[]}"
20040602,16.356815233974405,2004-06-02,"{""type"":""MultiPoint"",""coordinates"":[]}"
20040603,8.332167198,2004-06-03,"{""type"":""MultiPoint"",""coordinates"":[]}"
20040604,7.074551262956324,2004-06-04,"{""type"":""MultiPoint"",""coordinates"":[]}"
20040605,17.028039934473465,2004-06-05,"{""type"":""MultiPoint"",""coordinates"":[]}"
20040606,6.891822764119737,2004-06-06,"{""type"":""MultiPoint"",""coordinates"":[]}"
20040607,8.421873084479135,2004-06-07,"{""type"":""MultiPoint"",""coordinates"":[]}"
20040608,1.3549801964250687,2004-06-08,"{""type"":""MultiPoint"",""coordinates"":[]}"
20040609,5.822934657789384,2004-06-09,"{""type"":""MultiPoint"",""coordinates"":[]}"
20040610,4.134337919446194,2004-06-10,"{""type"":""MultiPoint"",""coordinates"":[]}"
20040611,0.018797543646543836,2004-06-11,"{""type"":""MultiPoint"",""coordinates"":[]}"
20040612,2.2631069264133243,2004-06-12,"{""type"":""MultiPoint"",""coordinates"":[]}"
20040613,8.459472800610678,2004-06-13,"{""type"":""MultiPoint"",""coordinates"":[]}"
20040614,22.04613281206052,2004-06-14,"{""type"":""MultiPoint"",""coordinates"":[]}"
20040615,34.92879793484698,2004-06-15,"{""type"":""MultiPoint"",""coordinates"":[]}"
20040616,13.838412158854574,2004-06-16,"{""type"":""MultiPoint"",""coordinates"":[]}"
20040617,0,2004-06-17,"{""type"":""MultiPoint"",""coordinates"":[]}"
20040618,7.040329720434912,2004-06-18,"{""type"":""MultiPoint"",""coordinates"":[]}"
20040619,0,2004-06-19,"{""type"":""MultiPoint"",""coordinates"":[]}"
20040620,0,2004-06-20,"{""type"":""MultiPoint"",""coordinates"":[]}"
20040621,0,2004-06-21,"{""type"":""MultiPoint"",""coordinates"":[]}"
20040622,0,2004-06-22,"{""type"":""MultiPoint"",""coordinates"":[]}"
20040623,0,2004-06-23,"{""type"":""MultiPoint"",""coordinates"":[]}"
20040624,0,2004-06-24,"{""type"":""MultiPoint"",""coordinates"":[]}"
20040625,0,2004-06-25,"{""type"":""MultiPoint"",""coordinates"":[]}"
20040626,0,2004-06-26,"{""type"":""MultiPoint"",""coordinates"":[]}"
20040627,0.733746939,2004-06-27,"{""type"":""MultiPoint"",""coordinates"":[]}"
20040628,0.5898198468160647,2004-06-28,"{""type"":""MultiPoint"",""coordinates"":[]}"
20040629,0,2004-06-29,"{""type"":""MultiPoint"",""coordinates"":[]}"
20040630,0.034185608,2004-06-30,"{""type"":""MultiPoint"",""coordinates"":[]}"
20040701,0,2004-07-01,"{""type"":""MultiPoint"",""coordinates"":[]}"
20040702,0.4568650694707972,2004-07-02,"{""type"":""MultiPoint"",""coordinates"":[]}"
20040703,5.643015798284348E-4,2004-07-03,"{""type"":""MultiPoint"",""coordinates"":[]}"
20040704,18.392857927486958,2004-07-04,"{""type"":""MultiPoint"",""coordinates"":[]}"
20040705,0,2004-07-05,"{""type"":""MultiPoint"",""coordinates"":[]}"
20040706,0,2004-07-06,"{""type"":""MultiPoint"",""coordinates"":[]}"
20040707,0.6523758020977485,2004-07-07,"{""type"":""MultiPoint"",""coordinates"":[]}"
20040708,14.168810689199562,2004-07-08,"{""type"":""MultiPoint"",""coordinates"":[]}"
20040709,0.5792101624531516,2004-07-09,"{""type"":""MultiPoint"",""coordinates"":[]}"
20040710,0,2004-07-10,"{""type"":""MultiPoint"",""coordinates"":[]}"
20040711,0.639573915,2004-07-11,"{""type"":""MultiPoint"",""coordinates"":[]}"
20040712,0.4914782019224006,2004-07-12,"{""type"":""MultiPoint"",""coordinates"":[]}"
20040713,0.16619235941236662,2004-07-13,"{""type"":""MultiPoint"",""coordinates"":[]}"
20040714,0,2004-07-14,"{""type"":""MultiPoint"",""coordinates"":[]}"
20040715,0.012057484203758876,2004-07-15,"{""type"":""MultiPoint"",""coordinates"":[]}"
20040716,25.77726321150731,2004-07-16,"{""type"":""MultiPoint"",""coordinates"":[]}"
20040717,9.256913812882761,2004-07-17,"{""type"":""MultiPoint"",""coordinates"":[]}"
20040718,0,2004-07-18,"{""type"":""MultiPoint"",""coordinates"":[]}"
20040719,2.1512147139224904,2004-07-19,"{""type"":""MultiPoint"",""coordinates"":[]}"
20040720,0,2004-07-20,"{""type"":""MultiPoint"",""coordinates"":[]}"
20040721,0,2004-07-21,"{""type"":""MultiPoint"",""coordinates"":[]}"
20040722,0,2004-07-22,"{""type"":""MultiPoint"",""coordinates"":[]}"
20040723,0,2004-07-23,"{""type"":""MultiPoint"",""coordinates"":[]}"
20040724,7.976228464097555,2004-07-24,"{""type"":""MultiPoint"",""coordinates"":[]}"
20040725,9.120357611069245,2004-07-25,"{""type"":""MultiPoint"",""coordinates"":[]}"
20040726,33.39856236342057,2004-07-26,"{""type"":""MultiPoint"",""coordinates"":[]}"
20040727,0,2004-07-27,"{""type"":""MultiPoint"",""coordinates"":[]}"
20040728,3.4793178363728385,2004-07-28,"{""type"":""MultiPoint"",""coordinates"":[]}"
20040729,17.629716494808335,2004-07-29,"{""type"":""MultiPoint"",""coordinates"":[]}"
20040730,34.06108163940825,2004-07-30,"{""type"":""MultiPoint"",""coordinates"":[]}"
20040731,0.34106719964631754,2004-07-31,"{""type"":""MultiPoint"",""coordinates"":[]}"
20040801,12.909059289540407,2004-08-01,"{""type"":""MultiPoint"",""coordinates"":[]}"
20040802,61.58289976098606,2004-08-02,"{""type"":""MultiPoint"",""coordinates"":[]}"
20040803,22.059860090545918,2004-08-03,"{""type"":""MultiPoint"",""coordinates"":[]}"
20040804,25.761508663496716,2004-08-04,"{""type"":""MultiPoint"",""coordinates"":[]}"
20040805,26.202145865583013,2004-08-05,"{""type"":""MultiPoint"",""coordinates"":[]}"
20040806,2.4244839585359257,2004-08-06,"{""type"":""MultiPoint"",""coordinates"":[]}"
20040807,0,2004-08-07,"{""type"":""MultiPoint"",""coordinates"":[]}"
20040808,2.1354887463656587,2004-08-08,"{""type"":""MultiPoint"",""coordinates"":[]}"
20040809,0,2004-08-09,"{""type"":""MultiPoint"",""coordinates"":[]}"
20040810,0.23569245765868932,2004-08-10,"{""type"":""MultiPoint"",""coordinates"":[]}"
20040811,39.69081282285272,2004-08-11,"{""type"":""MultiPoint"",""coordinates"":[]}"
20040812,0.007308382,2004-08-12,"{""type"":""MultiPoint"",""coordinates"":[]}"
20040813,2.0604146367865366,2004-08-13,"{""type"":""MultiPoint"",""coordinates"":[]}"
20040814,0.20864783696101707,2004-08-14,"{""type"":""MultiPoint"",""coordinates"":[]}"
20040815,0,2004-08-15,"{""type"":""MultiPoint"",""coordinates"":[]}"
20040816,0,2004-08-16,"{""type"":""MultiPoint"",""coordinates"":[]}"
20040817,0,2004-08-17,"{""type"":""MultiPoint"",""coordinates"":[]}"
20040818,0.090725223,2004-08-18,"{""type"":""MultiPoint"",""coordinates"":[]}"
20040819,0,2004-08-19,"{""type"":""MultiPoint"",""coordinates"":[]}"
20040820,0,2004-08-20,"{""type"":""MultiPoint"",""coordinates"":[]}"
20040821,0.14164730424034594,2004-08-21,"{""type"":""MultiPoint"",""coordinates"":[]}"
20040822,1.0025213112700277,2004-08-22,"{""type"":""MultiPoint"",""coordinates"":[]}"
20040823,1.1753522498735243,2004-08-23,"{""type"":""MultiPoint"",""coordinates"":[]}"
20040824,0,2004-08-24,"{""type"":""MultiPoint"",""coordinates"":[]}"
20040825,0,2004-08-25,"{""type"":""MultiPoint"",""coordinates"":[]}"
20040826,0,2004-08-26,"{""type"":""MultiPoint"",""coordinates"":[]}"
20040827,0,2004-08-27,"{""type"":""MultiPoint"",""coordinates"":[]}"
20040828,0,2004-08-28,"{""type"":""MultiPoint"",""coordinates"":[]}"
20040829,0,2004-08-29,"{""type"":""MultiPoint"",""coordinates"":[]}"
20040830,0,2004-08-30,"{""type"":""MultiPoint"",""coordinates"":[]}"
20040831,0,2004-08-31,"{""type"":""MultiPoint"",""coordinates"":[]}"
20040901,0,2004-09-01,"{""type"":""MultiPoint"",""coordinates"":[]}"
20040902,0,2004-09-02,"{""type"":""MultiPoint"",""coordinates"":[]}"
20040903,0.090778489,2004-09-03,"{""type"":""MultiPoint"",""coordinates"":[]}"
20040904,0.6569757297505381,2004-09-04,"{""type"":""MultiPoint"",""coordinates"":[]}"
20040905,0.5775044176214781,2004-09-05,"{""type"":""MultiPoint"",""coordinates"":[]}"
20040906,0.5353226927653963,2004-09-06,"{""type"":""MultiPoint"",""coordinates"":[]}"
20040907,17.752477860941234,2004-09-07,"{""type"":""MultiPoint"",""coordinates"":[]}"
20040908,21.402122218655546,2004-09-08,"{""type"":""MultiPoint"",""coordinates"":[]}"
20040909,32.10338750440568,2004-09-09,"{""type"":""MultiPoint"",""coordinates"":[]}"
20040910,0.22767735513354823,2004-09-10,"{""type"":""MultiPoint"",""coordinates"":[]}"
20040911,0,2004-09-11,"{""type"":""MultiPoint"",""coordinates"":[]}"
20040912,0,2004-09-12,"{""type"":""MultiPoint"",""coordinates"":[]}"
20040913,0,2004-09-13,"{""type"":""MultiPoint"",""coordinates"":[]}"
20040914,2.2393094121007224,2004-09-14,"{""type"":""MultiPoint"",""coordinates"":[]}"
20040915,0,2004-09-15,"{""type"":""MultiPoint"",""coordinates"":[]}"
20040916,0,2004-09-16,"{""type"":""MultiPoint"",""coordinates"":[]}"
20040917,0,2004-09-17,"{""type"":""MultiPoint"",""coordinates"":[]}"
20040918,5.221872063810592,2004-09-18,"{""type"":""MultiPoint"",""coordinates"":[]}"
20040919,15.626638567981532,2004-09-19,"{""type"":""MultiPoint"",""coordinates"":[]}"
20040920,7.370038582587478,2004-09-20,"{""type"":""MultiPoint"",""coordinates"":[]}"
20040921,8.682176623181217,2004-09-21,"{""type"":""MultiPoint"",""coordinates"":[]}"
20040922,13.688719655108338,2004-09-22,"{""type"":""MultiPoint"",""coordinates"":[]}"
20040923,1.4409787369044733,2004-09-23,"{""type"":""MultiPoint"",""coordinates"":[]}"
20040924,28.65110459234026,2004-09-24,"{""type"":""MultiPoint"",""coordinates"":[]}"
20040925,16.015581105686376,2004-09-25,"{""type"":""MultiPoint"",""coordinates"":[]}"
20040926,14.953440575489331,2004-09-26,"{""type"":""MultiPoint"",""coordinates"":[]}"
20040927,14.026793176097334,2004-09-27,"{""type"":""MultiPoint"",""coordinates"":[]}"
20040928,11.070604079083175,2004-09-28,"{""type"":""MultiPoint"",""coordinates"":[]}"
20040929,2.752151798451863,2004-09-29,"{""type"":""MultiPoint"",""coordinates"":[]}"
20040930,8.431216264656758,2004-09-30,"{""type"":""MultiPoint"",""coordinates"":[]}"
20041001,7.088830936571549,2004-10-01,"{""type"":""MultiPoint"",""coordinates"":[]}"
20041002,2.682505515056444,2004-10-02,"{""type"":""MultiPoint"",""coordinates"":[]}"
20041003,10.15768427469582,2004-10-03,"{""type"":""MultiPoint"",""coordinates"":[]}"
20041004,5.2552622514579115,2004-10-04,"{""type"":""MultiPoint"",""coordinates"":[]}"
20041005,0.002468519,2004-10-05,"{""type"":""MultiPoint"",""coordinates"":[]}"
20041006,0.008971215,2004-10-06,"{""type"":""MultiPoint"",""coordinates"":[]}"
20041007,0,2004-10-07,"{""type"":""MultiPoint"",""coordinates"":[]}"
20041008,0.6665906369352427,2004-10-08,"{""type"":""MultiPoint"",""coordinates"":[]}"
20041009,0.016222364622459937,2004-10-09,"{""type"":""MultiPoint"",""coordinates"":[]}"
20041010,0,2004-10-10,"{""type"":""MultiPoint"",""coordinates"":[]}"
20041011,0.35052047360318084,2004-10-11,"{""type"":""MultiPoint"",""coordinates"":[]}"
20041012,0,2004-10-12,"{""type"":""MultiPoint"",""coordinates"":[]}"
20041013,4.5795803145654853E-4,2004-10-13,"{""type"":""MultiPoint"",""coordinates"":[]}"
20041014,0,2004-10-14,"{""type"":""MultiPoint"",""coordinates"":[]}"
20041015,0,2004-10-15,"{""type"":""MultiPoint"",""coordinates"":[]}"
20041016,0,2004-10-16,"{""type"":""MultiPoint"",""coordinates"":[]}"
20041017,0,2004-10-17,"{""type"":""MultiPoint"",""coordinates"":[]}"
20041018,0,2004-10-18,"{""type"":""MultiPoint"",""coordinates"":[]}"
20041019,0,2004-10-19,"{""type"":""MultiPoint"",""coordinates"":[]}"
20041020,0,2004-10-20,"{""type"":""MultiPoint"",""coordinates"":[]}"
20041021,0,2004-10-21,"{""type"":""MultiPoint"",""coordinates"":[]}"
20041022,0,2004-10-22,"{""type"":""MultiPoint"",""coordinates"":[]}"
20041023,0,2004-10-23,"{""type"":""MultiPoint"",""coordinates"":[]}"
20041024,0.029104107908110428,2004-10-24,"{""type"":""MultiPoint"",""coordinates"":[]}"
20041025,0,2004-10-25,"{""type"":""MultiPoint"",""coordinates"":[]}"
20041026,0,2004-10-26,"{""type"":""MultiPoint"",""coordinates"":[]}"
20041027,0,2004-10-27,"{""type"":""MultiPoint"",""coordinates"":[]}"
20041028,0,2004-10-28,"{""type"":""MultiPoint"",""coordinates"":[]}"
20041029,0,2004-10-29,"{""type"":""MultiPoint"",""coordinates"":[]}"
20041030,0,2004-10-30,"{""type"":""MultiPoint"",""coordinates"":[]}"
20041031,0,2004-10-31,"{""type"":""MultiPoint"",""coordinates"":[]}"
20041101,0.2615393761739032,2004-11-01,"{""type"":""MultiPoint"",""coordinates"":[]}"
20041102,0.48194603157234633,2004-11-02,"{""type"":""MultiPoint"",""coordinates"":[]}"
20041103,10.096441613280955,2004-11-03,"{""type"":""MultiPoint"",""coordinates"":[]}"
20041104,0,2004-11-04,"{""type"":""MultiPoint"",""coordinates"":[]}"
20041105,0,2004-11-05,"{""type"":""MultiPoint"",""coordinates"":[]}"
20041106,0,2004-11-06,"{""type"":""MultiPoint"",""coordinates"":[]}"
20041107,0,2004-11-07,"{""type"":""MultiPoint"",""coordinates"":[]}"
20041108,9.162201049159528,2004-11-08,"{""type"":""MultiPoint"",""coordinates"":[]}"
20041109,0.7302033296181508,2004-11-09,"{""type"":""MultiPoint"",""coordinates"":[]}"
20041110,0.7458626954218744,2004-11-10,"{""type"":""MultiPoint"",""coordinates"":[]}"
20041111,0.6114838010032413,2004-11-11,"{""type"":""MultiPoint"",""coordinates"":[]}"
20041112,0,2004-11-12,"{""type"":""MultiPoint"",""coordinates"":[]}"
20041113,0.00938992,2004-11-13,"{""type"":""MultiPoint"",""coordinates"":[]}"
20041114,0,2004-11-14,"{""type"":""MultiPoint"",""coordinates"":[]}"
20041115,0,2004-11-15,"{""type"":""MultiPoint"",""coordinates"":[]}"
20041116,0,2004-11-16,"{""type"":""MultiPoint"",""coordinates"":[]}"
20041117,0,2004-11-17,"{""type"":""MultiPoint"",""coordinates"":[]}"
20041118,0,2004-11-18,"{""type"":""MultiPoint"",""coordinates"":[]}"
20041119,0,2004-11-19,"{""type"":""MultiPoint"",""coordinates"":[]}"
20041120,0,2004-11-20,"{""type"":""MultiPoint"",""coordinates"":[]}"
20041121,0,2004-11-21,"{""type"":""MultiPoint"",""coordinates"":[]}"
20041122,0,2004-11-22,"{""type"":""MultiPoint"",""coordinates"":[]}"
20041123,0,2004-11-23,"{""type"":""MultiPoint"",""coordinates"":[]}"
20041124,0,2004-11-24,"{""type"":""MultiPoint"",""coordinates"":[]}"
20041125,0,2004-11-25,"{""type"":""MultiPoint"",""coordinates"":[]}"
20041126,0,2004-11-26,"{""type"":""MultiPoint"",""coordinates"":[]}"
20041127,0,2004-11-27,"{""type"":""MultiPoint"",""coordinates"":[]}"
20041128,0,2004-11-28,"{""type"":""MultiPoint"",""coordinates"":[]}"
20041129,0,2004-11-29,"{""type"":""MultiPoint"",""coordinates"":[]}"
20041130,0,2004-11-30,"{""type"":""MultiPoint"",""coordinates"":[]}"
20041201,0.35792176375350365,2004-12-01,"{""type"":""MultiPoint"",""coordinates"":[]}"
20041202,0,2004-12-02,"{""type"":""MultiPoint"",""coordinates"":[]}"
20041203,0,2004-12-03,"{""type"":""MultiPoint"",""coordinates"":[]}"
20041204,0.13626502904499965,2004-12-04,"{""type"":""MultiPoint"",""coordinates"":[]}"
20041205,0.13626502904499965,2004-12-05,"{""type"":""MultiPoint"",""coordinates"":[]}"
20041206,0,2004-12-06,"{""type"":""MultiPoint"",""coordinates"":[]}"
20041207,0,2004-12-07,"{""type"":""MultiPoint"",""coordinates"":[]}"
20041208,0,2004-12-08,"{""type"":""MultiPoint"",""coordinates"":[]}"
20041209,0,2004-12-09,"{""type"":""MultiPoint"",""coordinates"":[]}"
20041210,0,2004-12-10,"{""type"":""MultiPoint"",""coordinates"":[]}"
20041211,0,2004-12-11,"{""type"":""MultiPoint"",""coordinates"":[]}"
20041212,0,2004-12-12,"{""type"":""MultiPoint"",""coordinates"":[]}"
20041213,0,2004-12-13,"{""type"":""MultiPoint"",""coordinates"":[]}"
20041214,0.11333772148738841,2004-12-14,"{""type"":""MultiPoint"",""coordinates"":[]}"
20041215,0,2004-12-15,"{""type"":""MultiPoint"",""coordinates"":[]}"
20041216,0,2004-12-16,"{""type"":""MultiPoint"",""coordinates"":[]}"
20041217,0,2004-12-17,"{""type"":""MultiPoint"",""coordinates"":[]}"
20041218,0,2004-12-18,"{""type"":""MultiPoint"",""coordinates"":[]}"
20041219,0.015020386906405581,2004-12-19,"{""type"":""MultiPoint"",""coordinates"":[]}"
20041220,0.015020386906405581,2004-12-20,"{""type"":""MultiPoint"",""coordinates"":[]}"
20041221,0,2004-12-21,"{""type"":""MultiPoint"",""coordinates"":[]}"
20041222,0,2004-12-22,"{""type"":""MultiPoint"",""coordinates"":[]}"
20041223,0,2004-12-23,"{""type"":""MultiPoint"",""coordinates"":[]}"
20041224,0.47566767088304135,2004-12-24,"{""type"":""MultiPoint"",""coordinates"":[]}"
20041225,0.47566767088304135,2004-12-25,"{""type"":""MultiPoint"",""coordinates"":[]}"
20041226,0,2004-12-26,"{""type"":""MultiPoint"",""coordinates"":[]}"
20041227,0,2004-12-27,"{""type"":""MultiPoint"",""coordinates"":[]}"
20041228,0,2004-12-28,"{""type"":""MultiPoint"",""coordinates"":[]}"
20041229,0,2004-12-29,"{""type"":""MultiPoint"",""coordinates"":[]}"
20041230,0.007714405,2004-12-30,"{""type"":""MultiPoint"",""coordinates"":[]}"
20041231,0.007714405,2004-12-31,"{""type"":""MultiPoint"",""coordinates"":[]}"
20050101,0,2005-01-01,"{""type"":""MultiPoint"",""coordinates"":[]}"
20050102,0,2005-01-02,"{""type"":""MultiPoint"",""coordinates"":[]}"
20050103,0,2005-01-03,"{""type"":""MultiPoint"",""coordinates"":[]}"
20050104,0,2005-01-04,"{""type"":""MultiPoint"",""coordinates"":[]}"
20050105,4.9812445231025676E-5,2005-01-05,"{""type"":""MultiPoint"",""coordinates"":[]}"
20050106,0,2005-01-06,"{""type"":""MultiPoint"",""coordinates"":[]}"
20050107,0,2005-01-07,"{""type"":""MultiPoint"",""coordinates"":[]}"
20050108,0,2005-01-08,"{""type"":""MultiPoint"",""coordinates"":[]}"
20050109,0,2005-01-09,"{""type"":""MultiPoint"",""coordinates"":[]}"
20050110,0,2005-01-10,"{""type"":""MultiPoint"",""coordinates"":[]}"
20050111,0,2005-01-11,"{""type"":""MultiPoint"",""coordinates"":[]}"
20050112,0,2005-01-12,"{""type"":""MultiPoint"",""coordinates"":[]}"
20050113,0,2005-01-13,"{""type"":""MultiPoint"",""coordinates"":[]}"
20050114,0,2005-01-14,"{""type"":""MultiPoint"",""coordinates"":[]}"
20050115,0,2005-01-15,"{""type"":""MultiPoint"",""coordinates"":[]}"
20050116,0,2005-01-16,"{""type"":""MultiPoint"",""coordinates"":[]}"
20050117,0,2005-01-17,"{""type"":""MultiPoint"",""coordinates"":[]}"
20050118,0,2005-01-18,"{""type"":""MultiPoint"",""coordinates"":[]}"
20050119,0,2005-01-19,"{""type"":""MultiPoint"",""coordinates"":[]}"
20050120,0,2005-01-20,"{""type"":""MultiPoint"",""coordinates"":[]}"
20050121,0,2005-01-21,"{""type"":""MultiPoint"",""coordinates"":[]}"
20050122,0,2005-01-22,"{""type"":""MultiPoint"",""coordinates"":[]}"
20050123,0,2005-01-23,"{""type"":""MultiPoint"",""coordinates"":[]}"
20050124,0,2005-01-24,"{""type"":""MultiPoint"",""coordinates"":[]}"
20050125,0,2005-01-25,"{""type"":""MultiPoint"",""coordinates"":[]}"
20050126,0,2005-01-26,"{""type"":""MultiPoint"",""coordinates"":[]}"
20050127,0,2005-01-27,"{""type"":""MultiPoint"",""coordinates"":[]}"
20050128,0.001616427,2005-01-28,"{""type"":""MultiPoint"",""coordinates"":[]}"
20050129,0,2005-01-29,"{""type"":""MultiPoint"",""coordinates"":[]}"
20050130,2.764051145754921E-4,2005-01-30,"{""type"":""MultiPoint"",""coordinates"":[]}"
20050131,0,2005-01-31,"{""type"":""MultiPoint"",""coordinates"":[]}"
20050201,0,2005-02-01,"{""type"":""MultiPoint"",""coordinates"":[]}"
20050202,0,2005-02-02,"{""type"":""MultiPoint"",""coordinates"":[]}"
20050203,0,2005-02-03,"{""type"":""MultiPoint"",""coordinates"":[]}"
20050204,0,2005-02-04,"{""type"":""MultiPoint"",""coordinates"":[]}"
20050205,0,2005-02-05,"{""type"":""MultiPoint"",""coordinates"":[]}"
20050206,0,2005-02-06,"{""type"":""MultiPoint"",""coordinates"":[]}"
20050207,0,2005-02-07,"{""type"":""MultiPoint"",""coordinates"":[]}"
20050208,0,2005-02-08,"{""type"":""MultiPoint"",""coordinates"":[]}"
20050209,0,2005-02-09,"{""type"":""MultiPoint"",""coordinates"":[]}"
20050210,0,2005-02-10,"{""type"":""MultiPoint"",""coordinates"":[]}"
20050211,0,2005-02-11,"{""type"":""MultiPoint"",""coordinates"":[]}"
20050212,0,2005-02-12,"{""type"":""MultiPoint"",""coordinates"":[]}"
20050213,0,2005-02-13,"{""type"":""MultiPoint"",""coordinates"":[]}"
20050214,0,2005-02-14,"{""type"":""MultiPoint"",""coordinates"":[]}"
20050215,0.001589267,2005-02-15,"{""type"":""MultiPoint"",""coordinates"":[]}"
20050216,0,2005-02-16,"{""type"":""MultiPoint"",""coordinates"":[]}"
20050217,0.013139654,2005-02-17,"{""type"":""MultiPoint"",""coordinates"":[]}"
20050218,0.017993354500210265,2005-02-18,"{""type"":""MultiPoint"",""coordinates"":[]}"
20050219,0,2005-02-19,"{""type"":""MultiPoint"",""coordinates"":[]}"
20050220,0,2005-02-20,"{""type"":""MultiPoint"",""coordinates"":[]}"
20050221,0,2005-02-21,"{""type"":""MultiPoint"",""coordinates"":[]}"
20050222,0,2005-02-22,"{""type"":""MultiPoint"",""coordinates"":[]}"
20050223,0,2005-02-23,"{""type"":""MultiPoint"",""coordinates"":[]}"
20050224,0,2005-02-24,"{""type"":""MultiPoint"",""coordinates"":[]}"
20050225,0,2005-02-25,"{""type"":""MultiPoint"",""coordinates"":[]}"
20050226,0,2005-02-26,"{""type"":""MultiPoint"",""coordinates"":[]}"
20050227,0,2005-02-27,"{""type"":""MultiPoint"",""coordinates"":[]}"
20050228,0,2005-02-28,"{""type"":""MultiPoint"",""coordinates"":[]}"
20050301,0,2005-03-01,"{""type"":""MultiPoint"",""coordinates"":[]}"
20050302,0,2005-03-02,"{""type"":""MultiPoint"",""coordinates"":[]}"
20050303,0,2005-03-03,"{""type"":""MultiPoint"",""coordinates"":[]}"
20050304,0,2005-03-04,"{""type"":""MultiPoint"",""coordinates"":[]}"
20050305,0,2005-03-05,"{""type"":""MultiPoint"",""coordinates"":[]}"
20050306,0,2005-03-06,"{""type"":""MultiPoint"",""coordinates"":[]}"
20050307,0,2005-03-07,"{""type"":""MultiPoint"",""coordinates"":[]}"
20050308,0.7062073591699176,2005-03-08,"{""type"":""MultiPoint"",""coordinates"":[]}"
20050309,0,2005-03-09,"{""type"":""MultiPoint"",""coordinates"":[]}"
20050310,0,2005-03-10,"{""type"":""MultiPoint"",""coordinates"":[]}"
20050311,0,2005-03-11,"{""type"":""MultiPoint"",""coordinates"":[]}"
20050312,0,2005-03-12,"{""type"":""MultiPoint"",""coordinates"":[]}"
20050313,0,2005-03-13,"{""type"":""MultiPoint"",""coordinates"":[]}"
20050314,0,2005-03-14,"{""type"":""MultiPoint"",""coordinates"":[]}"
20050315,0,2005-03-15,"{""type"":""MultiPoint"",""coordinates"":[]}"
20050316,0,2005-03-16,"{""type"":""MultiPoint"",""coordinates"":[]}"
20050317,0,2005-03-17,"{""type"":""MultiPoint"",""coordinates"":[]}"
20050318,0,2005-03-18,"{""type"":""MultiPoint"",""coordinates"":[]}"
20050319,0,2005-03-19,"{""type"":""MultiPoint"",""coordinates"":[]}"
20050320,0,2005-03-20,"{""type"":""MultiPoint"",""coordinates"":[]}"
20050321,0,2005-03-21,"{""type"":""MultiPoint"",""coordinates"":[]}"
20050322,0,2005-03-22,"{""type"":""MultiPoint"",""coordinates"":[]}"
20050323,0,2005-03-23,"{""type"":""MultiPoint"",""coordinates"":[]}"
20050324,0,2005-03-24,"{""type"":""MultiPoint"",""coordinates"":[]}"
20050325,0,2005-03-25,"{""type"":""MultiPoint"",""coordinates"":[]}"
20050326,0,2005-03-26,"{""type"":""MultiPoint"",""coordinates"":[]}"
20050327,0,2005-03-27,"{""type"":""MultiPoint"",""coordinates"":[]}"
20050328,0,2005-03-28,"{""type"":""MultiPoint"",""coordinates"":[]}"
20050329,0,2005-03-29,"{""type"":""MultiPoint"",""coordinates"":[]}"
20050330,0,2005-03-30,"{""type"":""MultiPoint"",""coordinates"":[]}"
20050331,0,2005-03-31,"{""type"":""MultiPoint"",""coordinates"":[]}"
20050401,0,2005-04-01,"{""type"":""MultiPoint"",""coordinates"":[]}"
20050402,0,2005-04-02,"{""type"":""MultiPoint"",""coordinates"":[]}"
20050403,0,2005-04-03,"{""type"":""MultiPoint"",""coordinates"":[]}"
20050404,0,2005-04-04,"{""type"":""MultiPoint"",""coordinates"":[]}"
20050405,0,2005-04-05,"{""type"":""MultiPoint"",""coordinates"":[]}"
20050406,0.33254210785059257,2005-04-06,"{""type"":""MultiPoint"",""coordinates"":[]}"
20050407,0,2005-04-07,"{""type"":""MultiPoint"",""coordinates"":[]}"
20050408,0,2005-04-08,"{""type"":""MultiPoint"",""coordinates"":[]}"
20050409,0,2005-04-09,"{""type"":""MultiPoint"",""coordinates"":[]}"
20050410,0,2005-04-10,"{""type"":""MultiPoint"",""coordinates"":[]}"
20050411,0,2005-04-11,"{""type"":""MultiPoint"",""coordinates"":[]}"
20050412,0.023309450129085467,2005-04-12,"{""type"":""MultiPoint"",""coordinates"":[]}"
20050413,5.216609709371635,2005-04-13,"{""type"":""MultiPoint"",""coordinates"":[]}"
20050414,3.983583325326787,2005-04-14,"{""type"":""MultiPoint"",""coordinates"":[]}"
20050415,0.2645592070831869,2005-04-15,"{""type"":""MultiPoint"",""coordinates"":[]}"
20050416,0.017971055223283613,2005-04-16,"{""type"":""MultiPoint"",""coordinates"":[]}"
20050417,0.10651019749444826,2005-04-17,"{""type"":""MultiPoint"",""coordinates"":[]}"
20050418,0,2005-04-18,"{""type"":""MultiPoint"",""coordinates"":[]}"
20050419,0,2005-04-19,"{""type"":""MultiPoint"",""coordinates"":[]}"
20050420,0.1271416888230342,2005-04-20,"{""type"":""MultiPoint"",""coordinates"":[]}"
20050421,0,2005-04-21,"{""type"":""MultiPoint"",""coordinates"":[]}"
20050422,0.5954118204647241,2005-04-22,"{""type"":""MultiPoint"",""coordinates"":[]}"
20050423,2.7928456721204014,2005-04-23,"{""type"":""MultiPoint"",""coordinates"":[]}"
20050424,5.061573067,2005-04-24,"{""type"":""MultiPoint"",""coordinates"":[]}"
20050425,0.19823400400659918,2005-04-25,"{""type"":""MultiPoint"",""coordinates"":[]}"
20050426,0,2005-04-26,"{""type"":""MultiPoint"",""coordinates"":[]}"
20050427,0,2005-04-27,"{""type"":""MultiPoint"",""coordinates"":[]}"
20050428,0,2005-04-28,"{""type"":""MultiPoint"",""coordinates"":[]}"
20050429,0,2005-04-29,"{""type"":""MultiPoint"",""coordinates"":[]}"
20050430,0,2005-04-30,"{""type"":""MultiPoint"",""coordinates"":[]}"
20050501,0,2005-05-01,"{""type"":""MultiPoint"",""coordinates"":[]}"
20050502,0,2005-05-02,"{""type"":""MultiPoint"",""coordinates"":[]}"
20050503,0.054717990895442686,2005-05-03,"{""type"":""MultiPoint"",""coordinates"":[]}"
20050504,0.29489321,2005-05-04,"{""type"":""MultiPoint"",""coordinates"":[]}"
20050505,0,2005-05-05,"{""type"":""MultiPoint"",""coordinates"":[]}"
20050506,0,2005-05-06,"{""type"":""MultiPoint"",""coordinates"":[]}"
20050507,0,2005-05-07,"{""type"":""MultiPoint"",""coordinates"":[]}"
20050508,0,2005-05-08,"{""type"":""MultiPoint"",""coordinates"":[]}"
20050509,0,2005-05-09,"{""type"":""MultiPoint"",""coordinates"":[]}"
20050510,0,2005-05-10,"{""type"":""MultiPoint"",""coordinates"":[]}"
20050511,0,2005-05-11,"{""type"":""MultiPoint"",""coordinates"":[]}"
20050512,0,2005-05-12,"{""type"":""MultiPoint"",""coordinates"":[]}"
20050513,0,2005-05-13,"{""type"":""MultiPoint"",""coordinates"":[]}"
20050514,0,2005-05-14,"{""type"":""MultiPoint"",""coordinates"":[]}"
20050515,0,2005-05-15,"{""type"":""MultiPoint"",""coordinates"":[]}"
20050516,0,2005-05-16,"{""type"":""MultiPoint"",""coordinates"":[]}"
20050517,0,2005-05-17,"{""type"":""MultiPoint"",""coordinates"":[]}"
20050518,0,2005-05-18,"{""type"":""MultiPoint"",""coordinates"":[]}"
20050519,0,2005-05-19,"{""type"":""MultiPoint"",""coordinates"":[]}"
20050520,0,2005-05-20,"{""type"":""MultiPoint"",""coordinates"":[]}"
20050521,0,2005-05-21,"{""type"":""MultiPoint"",""coordinates"":[]}"
20050522,0,2005-05-22,"{""type"":""MultiPoint"",""coordinates"":[]}"
20050523,0,2005-05-23,"{""type"":""MultiPoint"",""coordinates"":[]}"
20050524,0.19064682771294092,2005-05-24,"{""type"":""MultiPoint"",""coordinates"":[]}"
20050525,0.1701400213591569,2005-05-25,"{""type"":""MultiPoint"",""coordinates"":[]}"
20050526,0,2005-05-26,"{""type"":""MultiPoint"",""coordinates"":[]}"
20050527,0,2005-05-27,"{""type"":""MultiPoint"",""coordinates"":[]}"
20050528,3.503141763762545,2005-05-28,"{""type"":""MultiPoint"",""coordinates"":[]}"
20050529,1.0751371616292251,2005-05-29,"{""type"":""MultiPoint"",""coordinates"":[]}"
20050530,2.8942720078192785,2005-05-30,"{""type"":""MultiPoint"",""coordinates"":[]}"
20050531,6.938399902130948,2005-05-31,"{""type"":""MultiPoint"",""coordinates"":[]}"
20050601,0,2005-06-01,"{""type"":""MultiPoint"",""coordinates"":[]}"
20050602,0.33642606198766184,2005-06-02,"{""type"":""MultiPoint"",""coordinates"":[]}"
20050603,0.069338145,2005-06-03,"{""type"":""MultiPoint"",""coordinates"":[]}"
20050604,0,2005-06-04,"{""type"":""MultiPoint"",""coordinates"":[]}"
20050605,0,2005-06-05,"{""type"":""MultiPoint"",""coordinates"":[]}"
20050606,0,2005-06-06,"{""type"":""MultiPoint"",""coordinates"":[]}"
20050607,0.14360304790072165,2005-06-07,"{""type"":""MultiPoint"",""coordinates"":[]}"
20050608,0,2005-06-08,"{""type"":""MultiPoint"",""coordinates"":[]}"
20050609,0,2005-06-09,"{""type"":""MultiPoint"",""coordinates"":[]}"
20050610,11.606939007135503,2005-06-10,"{""type"":""MultiPoint"",""coordinates"":[]}"
20050611,0.8198904122953469,2005-06-11,"{""type"":""MultiPoint"",""coordinates"":[]}"
20050612,3.499697705794381,2005-06-12,"{""type"":""MultiPoint"",""coordinates"":[]}"
20050613,31.54972996676784,2005-06-13,"{""type"":""MultiPoint"",""coordinates"":[]}"
20050614,20.43199410011254,2005-06-14,"{""type"":""MultiPoint"",""coordinates"":[]}"
20050615,0.12006956126566526,2005-06-15,"{""type"":""MultiPoint"",""coordinates"":[]}"
20050616,12.25686459597965,2005-06-16,"{""type"":""MultiPoint"",""coordinates"":[]}"
20050617,9.163274900629641,2005-06-17,"{""type"":""MultiPoint"",""coordinates"":[]}"
20050618,2.5242766071863145,2005-06-18,"{""type"":""MultiPoint"",""coordinates"":[]}"
20050619,7.6753134847274955,2005-06-19,"{""type"":""MultiPoint"",""coordinates"":[]}"
20050620,0.006706832,2005-06-20,"{""type"":""MultiPoint"",""coordinates"":[]}"
20050621,0.086856691,2005-06-21,"{""type"":""MultiPoint"",""coordinates"":[]}"
20050622,0,2005-06-22,"{""type"":""MultiPoint"",""coordinates"":[]}"
20050623,0.001813368,2005-06-23,"{""type"":""MultiPoint"",""coordinates"":[]}"
20050624,0.5487319335943552,2005-06-24,"{""type"":""MultiPoint"",""coordinates"":[]}"
20050625,1.1246857181100165,2005-06-25,"{""type"":""MultiPoint"",""coordinates"":[]}"
20050626,8.308102419,2005-06-26,"{""type"":""MultiPoint"",""coordinates"":[]}"
20050627,3.1170311422635875,2005-06-27,"{""type"":""MultiPoint"",""coordinates"":[]}"
20050628,22.681255076417816,2005-06-28,"{""type"":""MultiPoint"",""coordinates"":[]}"
20050629,29.60349706570022,2005-06-29,"{""type"":""MultiPoint"",""coordinates"":[]}"
20050630,0.15659251509904598,2005-06-30,"{""type"":""MultiPoint"",""coordinates"":[]}"
20050701,4.108629675524864,2005-07-01,"{""type"":""MultiPoint"",""coordinates"":[]}"
20050702,13.679143228505437,2005-07-02,"{""type"":""MultiPoint"",""coordinates"":[]}"
20050703,35.72334247497367,2005-07-03,"{""type"":""MultiPoint"",""coordinates"":[]}"
20050704,9.497860311540245,2005-07-04,"{""type"":""MultiPoint"",""coordinates"":[]}"
20050705,1.3000366057349209,2005-07-05,"{""type"":""MultiPoint"",""coordinates"":[]}"
20050706,0,2005-07-06,"{""type"":""MultiPoint"",""coordinates"":[]}"
20050707,0.11697708077076198,2005-07-07,"{""type"":""MultiPoint"",""coordinates"":[]}"
20050708,0.12149644072951044,2005-07-08,"{""type"":""MultiPoint"",""coordinates"":[]}"
20050709,10.79054909367162,2005-07-09,"{""type"":""MultiPoint"",""coordinates"":[]}"
20050710,0.7769670143564409,2005-07-10,"{""type"":""MultiPoint"",""coordinates"":[]}"
20050711,3.2996754268114232,2005-07-11,"{""type"":""MultiPoint"",""coordinates"":[]}"
20050712,3.382551592466927,2005-07-12,"{""type"":""MultiPoint"",""coordinates"":[]}"
20050713,1.228200246,2005-07-13,"{""type"":""MultiPoint"",""coordinates"":[]}"
20050714,0.057154244,2005-07-14,"{""type"":""MultiPoint"",""coordinates"":[]}"
20050715,4.585058627928884,2005-07-15,"{""type"":""MultiPoint"",""coordinates"":[]}"
20050716,11.03558849973652,2005-07-16,"{""type"":""MultiPoint"",""coordinates"":[]}"
20050717,14.087137659795582,2005-07-17,"{""type"":""MultiPoint"",""coordinates"":[]}"
20050718,18.67927618723961,2005-07-18,"{""type"":""MultiPoint"",""coordinates"":[]}"
20050719,20.84880768,2005-07-19,"{""type"":""MultiPoint"",""coordinates"":[]}"
20050720,8.048706431123389,2005-07-20,"{""type"":""MultiPoint"",""coordinates"":[]}"
20050721,2.7006131371243534,2005-07-21,"{""type"":""MultiPoint"",""coordinates"":[]}"
20050722,9.187178102,2005-07-22,"{""type"":""MultiPoint"",""coordinates"":[]}"
20050723,5.723093407102523,2005-07-23,"{""type"":""MultiPoint"",""coordinates"":[]}"
20050724,3.8176827198760916,2005-07-24,"{""type"":""MultiPoint"",""coordinates"":[]}"
20050725,11.634182425171156,2005-07-25,"{""type"":""MultiPoint"",""coordinates"":[]}"
20050726,28.884068536873663,2005-07-26,"{""type"":""MultiPoint"",""coordinates"":[]}"
20050727,51.524156083436104,2005-07-27,"{""type"":""MultiPoint"",""coordinates"":[]}"
20050728,2.416389989190278,2005-07-28,"{""type"":""MultiPoint"",""coordinates"":[]}"
20050729,0,2005-07-29,"{""type"":""MultiPoint"",""coordinates"":[]}"
20050730,5.119237594638423,2005-07-30,"{""type"":""MultiPoint"",""coordinates"":[]}"
20050731,34.41633073862455,2005-07-31,"{""type"":""MultiPoint"",""coordinates"":[]}"
20050801,50.89821052822621,2005-08-01,"{""type"":""MultiPoint"",""coordinates"":[]}"
20050802,29.752802240813107,2005-08-02,"{""type"":""MultiPoint"",""coordinates"":[]}"
20050803,1.2413894008452264,2005-08-03,"{""type"":""MultiPoint"",""coordinates"":[]}"
20050804,0.13334722491457474,2005-08-04,"{""type"":""MultiPoint"",""coordinates"":[]}"
20050805,19.351432021867904,2005-08-05,"{""type"":""MultiPoint"",""coordinates"":[]}"
20050806,1.7416878430657179,2005-08-06,"{""type"":""MultiPoint"",""coordinates"":[]}"
20050807,0,2005-08-07,"{""type"":""MultiPoint"",""coordinates"":[]}"
20050808,0,2005-08-08,"{""type"":""MultiPoint"",""coordinates"":[]}"
20050809,0,2005-08-09,"{""type"":""MultiPoint"",""coordinates"":[]}"
20050810,0,2005-08-10,"{""type"":""MultiPoint"",""coordinates"":[]}"
20050811,0.35891894,2005-08-11,"{""type"":""MultiPoint"",""coordinates"":[]}"
20050812,0,2005-08-12,"{""type"":""MultiPoint"",""coordinates"":[]}"
20050813,0,2005-08-13,"{""type"":""MultiPoint"",""coordinates"":[]}"
20050814,0,2005-08-14,"{""type"":""MultiPoint"",""coordinates"":[]}"
20050815,0,2005-08-15,"{""type"":""MultiPoint"",""coordinates"":[]}"
20050816,2.9622439591645873,2005-08-16,"{""type"":""MultiPoint"",""coordinates"":[]}"
20050817,0.527009248,2005-08-17,"{""type"":""MultiPoint"",""coordinates"":[]}"
20050818,0.24277675526757006,2005-08-18,"{""type"":""MultiPoint"",""coordinates"":[]}"
20050819,26.16443717,2005-08-19,"{""type"":""MultiPoint"",""coordinates"":[]}"
20050820,5.470659634814538,2005-08-20,"{""type"":""MultiPoint"",""coordinates"":[]}"
20050821,18.71768149339865,2005-08-21,"{""type"":""MultiPoint"",""coordinates"":[]}"
20050822,0,2005-08-22,"{""type"":""MultiPoint"",""coordinates"":[]}"
20050823,0,2005-08-23,"{""type"":""MultiPoint"",""coordinates"":[]}"
20050824,0,2005-08-24,"{""type"":""MultiPoint"",""coordinates"":[]}"
20050825,0,2005-08-25,"{""type"":""MultiPoint"",""coordinates"":[]}"
20050826,0,2005-08-26,"{""type"":""MultiPoint"",""coordinates"":[]}"
20050827,0.41177420402263004,2005-08-27,"{""type"":""MultiPoint"",""coordinates"":[]}"
20050828,0.054031141,2005-08-28,"{""type"":""MultiPoint"",""coordinates"":[]}"
20050829,16.579925744396622,2005-08-29,"{""type"":""MultiPoint"",""coordinates"":[]}"
20050830,23.395547772048072,2005-08-30,"{""type"":""MultiPoint"",""coordinates"":[]}"
20050831,6.737225024001662,2005-08-31,"{""type"":""MultiPoint"",""coordinates"":[]}"
20050901,0.9004533778204095,2005-09-01,"{""type"":""MultiPoint"",""coordinates"":[]}"
20050902,22.53370124668717,2005-09-02,"{""type"":""MultiPoint"",""coordinates"":[]}"
20050903,23.826154452729938,2005-09-03,"{""type"":""MultiPoint"",""coordinates"":[]}"
20050904,31.73304168369472,2005-09-04,"{""type"":""MultiPoint"",""coordinates"":[]}"
20050905,17.17535266919595,2005-09-05,"{""type"":""MultiPoint"",""coordinates"":[]}"
20050906,20.570986433276673,2005-09-06,"{""type"":""MultiPoint"",""coordinates"":[]}"
20050907,24.094543969870116,2005-09-07,"{""type"":""MultiPoint"",""coordinates"":[]}"
20050908,41.045514642644555,2005-09-08,"{""type"":""MultiPoint"",""coordinates"":[]}"
20050909,43.05042460049544,2005-09-09,"{""type"":""MultiPoint"",""coordinates"":[]}"
20050910,2.6317383849369187,2005-09-10,"{""type"":""MultiPoint"",""coordinates"":[]}"
20050911,0,2005-09-11,"{""type"":""MultiPoint"",""coordinates"":[]}"
20050912,2.913839919593459,2005-09-12,"{""type"":""MultiPoint"",""coordinates"":[]}"
20050913,0.42356877381033176,2005-09-13,"{""type"":""MultiPoint"",""coordinates"":[]}"
20050914,0.4088708917587157,2005-09-14,"{""type"":""MultiPoint"",""coordinates"":[]}"
20050915,0.096692942,2005-09-15,"{""type"":""MultiPoint"",""coordinates"":[]}"
20050916,0,2005-09-16,"{""type"":""MultiPoint"",""coordinates"":[]}"
20050917,0,2005-09-17,"{""type"":""MultiPoint"",""coordinates"":[]}"
20050918,0,2005-09-18,"{""type"":""MultiPoint"",""coordinates"":[]}"
20050919,0,2005-09-19,"{""type"":""MultiPoint"",""coordinates"":[]}"
20050920,26.075043489545184,2005-09-20,"{""type"":""MultiPoint"",""coordinates"":[]}"
20050921,84.16894199963501,2005-09-21,"{""type"":""MultiPoint"",""coordinates"":[]}"
20050922,0.48777115431663487,2005-09-22,"{""type"":""MultiPoint"",""coordinates"":[]}"
20050923,0.5516830607986218,2005-09-23,"{""type"":""MultiPoint"",""coordinates"":[]}"
20050924,0,2005-09-24,"{""type"":""MultiPoint"",""coordinates"":[]}"
20050925,0,2005-09-25,"{""type"":""MultiPoint"",""coordinates"":[]}"
20050926,0,2005-09-26,"{""type"":""MultiPoint"",""coordinates"":[]}"
20050927,0,2005-09-27,"{""type"":""MultiPoint"",""coordinates"":[]}"
20050928,0,2005-09-28,"{""type"":""MultiPoint"",""coordinates"":[]}"
20050929,0,2005-09-29,"{""type"":""MultiPoint"",""coordinates"":[]}"
20050930,0.12470508426092733,2005-09-30,"{""type"":""MultiPoint"",""coordinates"":[]}"
20051001,0,2005-10-01,"{""type"":""MultiPoint"",""coordinates"":[]}"
20051002,0.3493443545605819,2005-10-02,"{""type"":""MultiPoint"",""coordinates"":[]}"
20051003,0.33165594292649003,2005-10-03,"{""type"":""MultiPoint"",""coordinates"":[]}"
20051004,0.062922447,2005-10-04,"{""type"":""MultiPoint"",""coordinates"":[]}"
20051005,0.12019629075426186,2005-10-05,"{""type"":""MultiPoint"",""coordinates"":[]}"
20051006,0,2005-10-06,"{""type"":""MultiPoint"",""coordinates"":[]}"
20051007,0,2005-10-07,"{""type"":""MultiPoint"",""coordinates"":[]}"
20051008,0,2005-10-08,"{""type"":""MultiPoint"",""coordinates"":[]}"
20051009,0,2005-10-09,"{""type"":""MultiPoint"",""coordinates"":[]}"
20051010,0,2005-10-10,"{""type"":""MultiPoint"",""coordinates"":[]}"
20051011,0,2005-10-11,"{""type"":""MultiPoint"",""coordinates"":[]}"
20051012,6.029258778615048,2005-10-12,"{""type"":""MultiPoint"",""coordinates"":[]}"
20051013,0.3842212629875637,2005-10-13,"{""type"":""MultiPoint"",""coordinates"":[]}"
20051014,2.5250903742982524,2005-10-14,"{""type"":""MultiPoint"",""coordinates"":[]}"
20051015,10.020557027911535,2005-10-15,"{""type"":""MultiPoint"",""coordinates"":[]}"
20051016,18.039542189936682,2005-10-16,"{""type"":""MultiPoint"",""coordinates"":[]}"
20051017,16.06169466494039,2005-10-17,"{""type"":""MultiPoint"",""coordinates"":[]}"
20051018,0.36099774112069866,2005-10-18,"{""type"":""MultiPoint"",""coordinates"":[]}"
20051019,1.0035809598300145,2005-10-19,"{""type"":""MultiPoint"",""coordinates"":[]}"
20051020,0,2005-10-20,"{""type"":""MultiPoint"",""coordinates"":[]}"
20051021,0,2005-10-21,"{""type"":""MultiPoint"",""coordinates"":[]}"
20051022,0,2005-10-22,"{""type"":""MultiPoint"",""coordinates"":[]}"
20051023,0,2005-10-23,"{""type"":""MultiPoint"",""coordinates"":[]}"
20051024,0,2005-10-24,"{""type"":""MultiPoint"",""coordinates"":[]}"
20051025,0.003193574,2005-10-25,"{""type"":""MultiPoint"",""coordinates"":[]}"
20051026,23.92768229127061,2005-10-26,"{""type"":""MultiPoint"",""coordinates"":[]}"
20051027,7.927443326898819,2005-10-27,"{""type"":""MultiPoint"",""coordinates"":[]}"
20051028,6.226800921144157,2005-10-28,"{""type"":""MultiPoint"",""coordinates"":[]}"
20051029,2.404794120097352,2005-10-29,"{""type"":""MultiPoint"",""coordinates"":[]}"
20051030,0.084794833,2005-10-30,"{""type"":""MultiPoint"",""coordinates"":[]}"
20051031,0,2005-10-31,"{""type"":""MultiPoint"",""coordinates"":[]}"
20051101,0,2005-11-01,"{""type"":""MultiPoint"",""coordinates"":[]}"
20051102,0.2808765783899481,2005-11-02,"{""type"":""MultiPoint"",""coordinates"":[]}"
20051103,0,2005-11-03,"{""type"":""MultiPoint"",""coordinates"":[]}"
20051104,0.018700489927238707,2005-11-04,"{""type"":""MultiPoint"",""coordinates"":[]}"
20051105,0.018700489927238707,2005-11-05,"{""type"":""MultiPoint"",""coordinates"":[]}"
20051106,0,2005-11-06,"{""type"":""MultiPoint"",""coordinates"":[]}"
20051107,0,2005-11-07,"{""type"":""MultiPoint"",""coordinates"":[]}"
20051108,0,2005-11-08,"{""type"":""MultiPoint"",""coordinates"":[]}"
20051109,0,2005-11-09,"{""type"":""MultiPoint"",""coordinates"":[]}"
20051110,0,2005-11-10,"{""type"":""MultiPoint"",""coordinates"":[]}"
20051111,0,2005-11-11,"{""type"":""MultiPoint"",""coordinates"":[]}"
20051112,0,2005-11-12,"{""type"":""MultiPoint"",""coordinates"":[]}"
20051113,0,2005-11-13,"{""type"":""MultiPoint"",""coordinates"":[]}"
20051114,0,2005-11-14,"{""type"":""MultiPoint"",""coordinates"":[]}"
20051115,0,2005-11-15,"{""type"":""MultiPoint"",""coordinates"":[]}"
20051116,0,2005-11-16,"{""type"":""MultiPoint"",""coordinates"":[]}"
20051117,0,2005-11-17,"{""type"":""MultiPoint"",""coordinates"":[]}"
20051118,0,2005-11-18,"{""type"":""MultiPoint"",""coordinates"":[]}"
20051119,0,2005-11-19,"{""type"":""MultiPoint"",""coordinates"":[]}"
20051120,0,2005-11-20,"{""type"":""MultiPoint"",""coordinates"":[]}"
20051121,0,2005-11-21,"{""type"":""MultiPoint"",""coordinates"":[]}"
20051122,0,2005-11-22,"{""type"":""MultiPoint"",""coordinates"":[]}"
20051123,0,2005-11-23,"{""type"":""MultiPoint"",""coordinates"":[]}"
20051124,1.478242916616882,2005-11-24,"{""type"":""MultiPoint"",""coordinates"":[]}"
20051125,0.7807861014296464,2005-11-25,"{""type"":""MultiPoint"",""coordinates"":[]}"
20051126,0.066440086,2005-11-26,"{""type"":""MultiPoint"",""coordinates"":[]}"
20051127,1.4949627643810164,2005-11-27,"{""type"":""MultiPoint"",""coordinates"":[]}"
20051128,0,2005-11-28,"{""type"":""MultiPoint"",""coordinates"":[]}"
20051129,2.0589035984795685,2005-11-29,"{""type"":""MultiPoint"",""coordinates"":[]}"
20051130,2.080364150987063,2005-11-30,"{""type"":""MultiPoint"",""coordinates"":[]}"
20051201,0.7797657594340435,2005-12-01,"{""type"":""MultiPoint"",""coordinates"":[]}"
20051202,0,2005-12-02,"{""type"":""MultiPoint"",""coordinates"":[]}"
20051203,0,2005-12-03,"{""type"":""MultiPoint"",""coordinates"":[]}"
20051204,0.2536085532847815,2005-12-04,"{""type"":""MultiPoint"",""coordinates"":[]}"
20051205,0.10009056529633675,2005-12-05,"{""type"":""MultiPoint"",""coordinates"":[]}"
20051206,0,2005-12-06,"{""type"":""MultiPoint"",""coordinates"":[]}"
20051207,0,2005-12-07,"{""type"":""MultiPoint"",""coordinates"":[]}"
20051208,0,2005-12-08,"{""type"":""MultiPoint"",""coordinates"":[]}"
20051209,0,2005-12-09,"{""type"":""MultiPoint"",""coordinates"":[]}"
20051210,0,2005-12-10,"{""type"":""MultiPoint"",""coordinates"":[]}"
20051211,0,2005-12-11,"{""type"":""MultiPoint"",""coordinates"":[]}"
20051212,0,2005-12-12,"{""type"":""MultiPoint"",""coordinates"":[]}"
20051213,0,2005-12-13,"{""type"":""MultiPoint"",""coordinates"":[]}"
20051214,0,2005-12-14,"{""type"":""MultiPoint"",""coordinates"":[]}"
20051215,0,2005-12-15,"{""type"":""MultiPoint"",""coordinates"":[]}"
20051216,0,2005-12-16,"{""type"":""MultiPoint"",""coordinates"":[]}"
20051217,0,2005-12-17,"{""type"":""MultiPoint"",""coordinates"":[]}"
20051218,0,2005-12-18,"{""type"":""MultiPoint"",""coordinates"":[]}"
20051219,0.006100859,2005-12-19,"{""type"":""MultiPoint"",""coordinates"":[]}"
20051220,0.012423235710605943,2005-12-20,"{""type"":""MultiPoint"",""coordinates"":[]}"
20051221,0,2005-12-21,"{""type"":""MultiPoint"",""coordinates"":[]}"
20051222,0,2005-12-22,"{""type"":""MultiPoint"",""coordinates"":[]}"
20051223,0,2005-12-23,"{""type"":""MultiPoint"",""coordinates"":[]}"
20051224,0.2984523450143392,2005-12-24,"{""type"":""MultiPoint"",""coordinates"":[]}"
20051225,0.3318084781811272,2005-12-25,"{""type"":""MultiPoint"",""coordinates"":[]}"
20051226,0,2005-12-26,"{""type"":""MultiPoint"",""coordinates"":[]}"
20051227,0,2005-12-27,"{""type"":""MultiPoint"",""coordinates"":[]}"
20051228,0,2005-12-28,"{""type"":""MultiPoint"",""coordinates"":[]}"
20051229,0,2005-12-29,"{""type"":""MultiPoint"",""coordinates"":[]}"
20051230,0.003891627,2005-12-30,"{""type"":""MultiPoint"",""coordinates"":[]}"
20051231,0.003891627,2005-12-31,"{""type"":""MultiPoint"",""coordinates"":[]}"
20060101,0,2006-01-01,"{""type"":""MultiPoint"",""coordinates"":[]}"
20060102,0,2006-01-02,"{""type"":""MultiPoint"",""coordinates"":[]}"
20060103,0.10780864154066365,2006-01-03,"{""type"":""MultiPoint"",""coordinates"":[]}"
20060104,0.010080336213219796,2006-01-04,"{""type"":""MultiPoint"",""coordinates"":[]}"
20060105,0,2006-01-05,"{""type"":""MultiPoint"",""coordinates"":[]}"
20060106,0,2006-01-06,"{""type"":""MultiPoint"",""coordinates"":[]}"
20060107,0,2006-01-07,"{""type"":""MultiPoint"",""coordinates"":[]}"
20060108,0,2006-01-08,"{""type"":""MultiPoint"",""coordinates"":[]}"
20060109,0,2006-01-09,"{""type"":""MultiPoint"",""coordinates"":[]}"
20060110,0,2006-01-10,"{""type"":""MultiPoint"",""coordinates"":[]}"
20060111,0,2006-01-11,"{""type"":""MultiPoint"",""coordinates"":[]}"
20060112,0,2006-01-12,"{""type"":""MultiPoint"",""coordinates"":[]}"
20060113,0,2006-01-13,"{""type"":""MultiPoint"",""coordinates"":[]}"
20060114,0,2006-01-14,"{""type"":""MultiPoint"",""coordinates"":[]}"
20060115,0,2006-01-15,"{""type"":""MultiPoint"",""coordinates"":[]}"
20060116,0,2006-01-16,"{""type"":""MultiPoint"",""coordinates"":[]}"
20060117,0,2006-01-17,"{""type"":""MultiPoint"",""coordinates"":[]}"
20060118,0,2006-01-18,"{""type"":""MultiPoint"",""coordinates"":[]}"
20060119,0,2006-01-19,"{""type"":""MultiPoint"",""coordinates"":[]}"
20060120,0,2006-01-20,"{""type"":""MultiPoint"",""coordinates"":[]}"
20060121,0,2006-01-21,"{""type"":""MultiPoint"",""coordinates"":[]}"
20060122,0,2006-01-22,"{""type"":""MultiPoint"",""coordinates"":[]}"
20060123,0,2006-01-23,"{""type"":""MultiPoint"",""coordinates"":[]}"
20060124,0,2006-01-24,"{""type"":""MultiPoint"",""coordinates"":[]}"
20060125,0,2006-01-25,"{""type"":""MultiPoint"",""coordinates"":[]}"
20060126,0,2006-01-26,"{""type"":""MultiPoint"",""coordinates"":[]}"
20060127,0,2006-01-27,"{""type"":""MultiPoint"",""coordinates"":[]}"
20060128,0,2006-01-28,"{""type"":""MultiPoint"",""coordinates"":[]}"
20060129,0.031311331270823244,2006-01-29,"{""type"":""MultiPoint"",""coordinates"":[]}"
20060130,0,2006-01-30,"{""type"":""MultiPoint"",""coordinates"":[]}"
20060131,0,2006-01-31,"{""type"":""MultiPoint"",""coordinates"":[]}"
20060201,0,2006-02-01,"{""type"":""MultiPoint"",""coordinates"":[]}"
20060202,0,2006-02-02,"{""type"":""MultiPoint"",""coordinates"":[]}"
20060203,0,2006-02-03,"{""type"":""MultiPoint"",""coordinates"":[]}"
20060204,0,2006-02-04,"{""type"":""MultiPoint"",""coordinates"":[]}"
20060205,0,2006-02-05,"{""type"":""MultiPoint"",""coordinates"":[]}"
20060206,0,2006-02-06,"{""type"":""MultiPoint"",""coordinates"":[]}"
20060207,0,2006-02-07,"{""type"":""MultiPoint"",""coordinates"":[]}"
20060208,0,2006-02-08,"{""type"":""MultiPoint"",""coordinates"":[]}"
20060209,0,2006-02-09,"{""type"":""MultiPoint"",""coordinates"":[]}"
20060210,0,2006-02-10,"{""type"":""MultiPoint"",""coordinates"":[]}"
20060211,0,2006-02-11,"{""type"":""MultiPoint"",""coordinates"":[]}"
20060212,0,2006-02-12,"{""type"":""MultiPoint"",""coordinates"":[]}"
20060213,0,2006-02-13,"{""type"":""MultiPoint"",""coordinates"":[]}"
20060214,0.012969756490039713,2006-02-14,"{""type"":""MultiPoint"",""coordinates"":[]}"
20060215,0.012969756490039713,2006-02-15,"{""type"":""MultiPoint"",""coordinates"":[]}"
20060216,0,2006-02-16,"{""type"":""MultiPoint"",""coordinates"":[]}"
20060217,0,2006-02-17,"{""type"":""MultiPoint"",""coordinates"":[]}"
20060218,0,2006-02-18,"{""type"":""MultiPoint"",""coordinates"":[]}"
20060219,0.003374263,2006-02-19,"{""type"":""MultiPoint"",""coordinates"":[]}"
20060220,0.003374263,2006-02-20,"{""type"":""MultiPoint"",""coordinates"":[]}"
20060221,0,2006-02-21,"{""type"":""MultiPoint"",""coordinates"":[]}"
20060222,0,2006-02-22,"{""type"":""MultiPoint"",""coordinates"":[]}"
20060223,0,2006-02-23,"{""type"":""MultiPoint"",""coordinates"":[]}"
20060224,0,2006-02-24,"{""type"":""MultiPoint"",""coordinates"":[]}"
20060225,0,2006-02-25,"{""type"":""MultiPoint"",""coordinates"":[]}"
20060226,0,2006-02-26,"{""type"":""MultiPoint"",""coordinates"":[]}"
20060227,0,2006-02-27,"{""type"":""MultiPoint"",""coordinates"":[]}"
20060228,0,2006-02-28,"{""type"":""MultiPoint"",""coordinates"":[]}"
20060301,0,2006-03-01,"{""type"":""MultiPoint"",""coordinates"":[]}"
20060302,0,2006-03-02,"{""type"":""MultiPoint"",""coordinates"":[]}"
20060303,0,2006-03-03,"{""type"":""MultiPoint"",""coordinates"":[]}"
20060304,0,2006-03-04,"{""type"":""MultiPoint"",""coordinates"":[]}"
20060305,0,2006-03-05,"{""type"":""MultiPoint"",""coordinates"":[]}"
20060306,0,2006-03-06,"{""type"":""MultiPoint"",""coordinates"":[]}"
20060307,0,2006-03-07,"{""type"":""MultiPoint"",""coordinates"":[]}"
20060308,0,2006-03-08,"{""type"":""MultiPoint"",""coordinates"":[]}"
20060309,2.332864167137435,2006-03-09,"{""type"":""MultiPoint"",""coordinates"":[]}"
20060310,0,2006-03-10,"{""type"":""MultiPoint"",""coordinates"":[]}"
20060311,0,2006-03-11,"{""type"":""MultiPoint"",""coordinates"":[]}"
20060312,0,2006-03-12,"{""type"":""MultiPoint"",""coordinates"":[]}"
20060313,0,2006-03-13,"{""type"":""MultiPoint"",""coordinates"":[]}"
20060314,0,2006-03-14,"{""type"":""MultiPoint"",""coordinates"":[]}"
20060315,0,2006-03-15,"{""type"":""MultiPoint"",""coordinates"":[]}"
20060316,0,2006-03-16,"{""type"":""MultiPoint"",""coordinates"":[]}"
20060317,0,2006-03-17,"{""type"":""MultiPoint"",""coordinates"":[]}"
20060318,0,2006-03-18,"{""type"":""MultiPoint"",""coordinates"":[]}"
20060319,0,2006-03-19,"{""type"":""MultiPoint"",""coordinates"":[]}"
20060320,0,2006-03-20,"{""type"":""MultiPoint"",""coordinates"":[]}"
20060321,0,2006-03-21,"{""type"":""MultiPoint"",""coordinates"":[]}"
20060322,0,2006-03-22,"{""type"":""MultiPoint"",""coordinates"":[]}"
20060323,0,2006-03-23,"{""type"":""MultiPoint"",""coordinates"":[]}"
20060324,0,2006-03-24,"{""type"":""MultiPoint"",""coordinates"":[]}"
20060325,0,2006-03-25,"{""type"":""MultiPoint"",""coordinates"":[]}"
20060326,0,2006-03-26,"{""type"":""MultiPoint"",""coordinates"":[]}"
20060327,0,2006-03-27,"{""type"":""MultiPoint"",""coordinates"":[]}"
20060328,0,2006-03-28,"{""type"":""MultiPoint"",""coordinates"":[]}"
20060329,0,2006-03-29,"{""type"":""MultiPoint"",""coordinates"":[]}"
20060330,0,2006-03-30,"{""type"":""MultiPoint"",""coordinates"":[]}"
20060331,0,2006-03-31,"{""type"":""MultiPoint"",""coordinates"":[]}"
20060401,0,2006-04-01,"{""type"":""MultiPoint"",""coordinates"":[]}"
20060402,0,2006-04-02,"{""type"":""MultiPoint"",""coordinates"":[]}"
20060403,0,2006-04-03,"{""type"":""MultiPoint"",""coordinates"":[]}"
20060404,0,2006-04-04,"{""type"":""MultiPoint"",""coordinates"":[]}"
20060405,0,2006-04-05,"{""type"":""MultiPoint"",""coordinates"":[]}"
20060406,0,2006-04-06,"{""type"":""MultiPoint"",""coordinates"":[]}"
20060407,0,2006-04-07,"{""type"":""MultiPoint"",""coordinates"":[]}"
20060408,0,2006-04-08,"{""type"":""MultiPoint"",""coordinates"":[]}"
20060409,0.14756780514616233,2006-04-09,"{""type"":""MultiPoint"",""coordinates"":[]}"
20060410,0.14756780514616233,2006-04-10,"{""type"":""MultiPoint"",""coordinates"":[]}"
20060411,0,2006-04-11,"{""type"":""MultiPoint"",""coordinates"":[]}"
20060412,0,2006-04-12,"{""type"":""MultiPoint"",""coordinates"":[]}"
20060413,0,2006-04-13,"{""type"":""MultiPoint"",""coordinates"":[]}"
20060414,0.047186854,2006-04-14,"{""type"":""MultiPoint"",""coordinates"":[]}"
20060415,0.047186854,2006-04-15,"{""type"":""MultiPoint"",""coordinates"":[]}"
20060416,0,2006-04-16,"{""type"":""MultiPoint"",""coordinates"":[]}"
20060417,0,2006-04-17,"{""type"":""MultiPoint"",""coordinates"":[]}"
20060418,0,2006-04-18,"{""type"":""MultiPoint"",""coordinates"":[]}"
20060419,0,2006-04-19,"{""type"":""MultiPoint"",""coordinates"":[]}"
20060420,0,2006-04-20,"{""type"":""MultiPoint"",""coordinates"":[]}"
20060421,0.018287882885294305,2006-04-21,"{""type"":""MultiPoint"",""coordinates"":[]}"
20060422,0,2006-04-22,"{""type"":""MultiPoint"",""coordinates"":[]}"
20060423,0,2006-04-23,"{""type"":""MultiPoint"",""coordinates"":[]}"
20060424,0.007899935,2006-04-24,"{""type"":""MultiPoint"",""coordinates"":[]}"
20060425,0.007899935,2006-04-25,"{""type"":""MultiPoint"",""coordinates"":[]}"
20060426,0,2006-04-26,"{""type"":""MultiPoint"",""coordinates"":[]}"
20060427,0,2006-04-27,"{""type"":""MultiPoint"",""coordinates"":[]}"
20060428,0,2006-04-28,"{""type"":""MultiPoint"",""coordinates"":[]}"
20060429,1.077090488,2006-04-29,"{""type"":""MultiPoint"",""coordinates"":[]}"
20060430,1.0806610592958021,2006-04-30,"{""type"":""MultiPoint"",""coordinates"":[]}"
20060501,0,2006-05-01,"{""type"":""MultiPoint"",""coordinates"":[]}"
20060502,0,2006-05-02,"{""type"":""MultiPoint"",""coordinates"":[]}"
20060503,0.072139447,2006-05-03,"{""type"":""MultiPoint"",""coordinates"":[]}"
20060504,0,2006-05-04,"{""type"":""MultiPoint"",""coordinates"":[]}"
20060505,0.041162713,2006-05-05,"{""type"":""MultiPoint"",""coordinates"":[]}"
20060506,0,2006-05-06,"{""type"":""MultiPoint"",""coordinates"":[]}"
20060507,0,2006-05-07,"{""type"":""MultiPoint"",""coordinates"":[]}"
20060508,0,2006-05-08,"{""type"":""MultiPoint"",""coordinates"":[]}"
20060509,0,2006-05-09,"{""type"":""MultiPoint"",""coordinates"":[]}"
20060510,0,2006-05-10,"{""type"":""MultiPoint"",""coordinates"":[]}"
20060511,0,2006-05-11,"{""type"":""MultiPoint"",""coordinates"":[]}"
20060512,0,2006-05-12,"{""type"":""MultiPoint"",""coordinates"":[]}"
20060513,0,2006-05-13,"{""type"":""MultiPoint"",""coordinates"":[]}"
20060514,0,2006-05-14,"{""type"":""MultiPoint"",""coordinates"":[]}"
20060515,0,2006-05-15,"{""type"":""MultiPoint"",""coordinates"":[]}"
20060516,0,2006-05-16,"{""type"":""MultiPoint"",""coordinates"":[]}"
20060517,0,2006-05-17,"{""type"":""MultiPoint"",""coordinates"":[]}"
20060518,0.019093062026828922,2006-05-18,"{""type"":""MultiPoint"",""coordinates"":[]}"
20060519,0,2006-05-19,"{""type"":""MultiPoint"",""coordinates"":[]}"
20060520,0,2006-05-20,"{""type"":""MultiPoint"",""coordinates"":[]}"
20060521,0,2006-05-21,"{""type"":""MultiPoint"",""coordinates"":[]}"
20060522,0,2006-05-22,"{""type"":""MultiPoint"",""coordinates"":[]}"
20060523,0.026522290470963394,2006-05-23,"{""type"":""MultiPoint"",""coordinates"":[]}"
20060524,0,2006-05-24,"{""type"":""MultiPoint"",""coordinates"":[]}"
20060525,1.7410425047259503,2006-05-25,"{""type"":""MultiPoint"",""coordinates"":[]}"
20060526,6.750994927782693,2006-05-26,"{""type"":""MultiPoint"",""coordinates"":[]}"
20060527,12.06152487570647,2006-05-27,"{""type"":""MultiPoint"",""coordinates"":[]}"
20060528,3.9586807518558897,2006-05-28,"{""type"":""MultiPoint"",""coordinates"":[]}"
20060529,9.990467150148728,2006-05-29,"{""type"":""MultiPoint"",""coordinates"":[]}"
20060530,9.665145025690178,2006-05-30,"{""type"":""MultiPoint"",""coordinates"":[]}"
20060531,9.993092183022272,2006-05-31,"{""type"":""MultiPoint"",""coordinates"":[]}"
20060601,28.065160829280806,2006-06-01,"{""type"":""MultiPoint"",""coordinates"":[]}"
20060602,7.719470304858531,2006-06-02,"{""type"":""MultiPoint"",""coordinates"":[]}"
20060603,1.2577923150198984,2006-06-03,"{""type"":""MultiPoint"",""coordinates"":[]}"
20060604,0.2898928661787791,2006-06-04,"{""type"":""MultiPoint"",""coordinates"":[]}"
20060605,0,2006-06-05,"{""type"":""MultiPoint"",""coordinates"":[]}"
20060606,0,2006-06-06,"{""type"":""MultiPoint"",""coordinates"":[]}"
20060607,0,2006-06-07,"{""type"":""MultiPoint"",""coordinates"":[]}"
20060608,0,2006-06-08,"{""type"":""MultiPoint"",""coordinates"":[]}"
20060609,1.1422560369925572,2006-06-09,"{""type"":""MultiPoint"",""coordinates"":[]}"
20060610,0.12829730442482595,2006-06-10,"{""type"":""MultiPoint"",""coordinates"":[]}"
20060611,0,2006-06-11,"{""type"":""MultiPoint"",""coordinates"":[]}"
20060612,0,2006-06-12,"{""type"":""MultiPoint"",""coordinates"":[]}"
20060613,0,2006-06-13,"{""type"":""MultiPoint"",""coordinates"":[]}"
20060614,0.24194099635745264,2006-06-14,"{""type"":""MultiPoint"",""coordinates"":[]}"
20060615,1.7395410968334115,2006-06-15,"{""type"":""MultiPoint"",""coordinates"":[]}"
20060616,4.994581591550461,2006-06-16,"{""type"":""MultiPoint"",""coordinates"":[]}"
20060617,8.806923138281858,2006-06-17,"{""type"":""MultiPoint"",""coordinates"":[]}"
20060618,8.773513589364098,2006-06-18,"{""type"":""MultiPoint"",""coordinates"":[]}"
20060619,5.957704492986723,2006-06-19,"{""type"":""MultiPoint"",""coordinates"":[]}"
20060620,6.257370034924366,2006-06-20,"{""type"":""MultiPoint"",""coordinates"":[]}"
20060621,15.489480902879357,2006-06-21,"{""type"":""MultiPoint"",""coordinates"":[]}"
20060622,24.4820482,2006-06-22,"{""type"":""MultiPoint"",""coordinates"":[]}"
20060623,24.755666960761847,2006-06-23,"{""type"":""MultiPoint"",""coordinates"":[]}"
20060624,28.39711912074397,2006-06-24,"{""type"":""MultiPoint"",""coordinates"":[]}"
20060625,2.6431022378201625,2006-06-25,"{""type"":""MultiPoint"",""coordinates"":[]}"
20060626,0.052972599,2006-06-26,"{""type"":""MultiPoint"",""coordinates"":[]}"
20060627,4.721276388226941,2006-06-27,"{""type"":""MultiPoint"",""coordinates"":[]}"
20060628,18.676649483665116,2006-06-28,"{""type"":""MultiPoint"",""coordinates"":[]}"
20060629,11.10329881953554,2006-06-29,"{""type"":""MultiPoint"",""coordinates"":[]}"
20060630,0.5367941659244441,2006-06-30,"{""type"":""MultiPoint"",""coordinates"":[]}"
20060701,13.817625311887708,2006-07-01,"{""type"":""MultiPoint"",""coordinates"":[]}"
20060702,13.985320163820848,2006-07-02,"{""type"":""MultiPoint"",""coordinates"":[]}"
20060703,31.468389156295775,2006-07-03,"{""type"":""MultiPoint"",""coordinates"":[]}"
20060704,51.44923220821674,2006-07-04,"{""type"":""MultiPoint"",""coordinates"":[]}"
20060705,30.479130834439786,2006-07-05,"{""type"":""MultiPoint"",""coordinates"":[]}"
20060706,0,2006-07-06,"{""type"":""MultiPoint"",""coordinates"":[]}"
20060707,0,2006-07-07,"{""type"":""MultiPoint"",""coordinates"":[]}"
20060708,0,2006-07-08,"{""type"":""MultiPoint"",""coordinates"":[]}"
20060709,0,2006-07-09,"{""type"":""MultiPoint"",""coordinates"":[]}"
20060710,0,2006-07-10,"{""type"":""MultiPoint"",""coordinates"":[]}"
20060711,0.12260524291845276,2006-07-11,"{""type"":""MultiPoint"",""coordinates"":[]}"
20060712,0,2006-07-12,"{""type"":""MultiPoint"",""coordinates"":[]}"
20060713,0,2006-07-13,"{""type"":""MultiPoint"",""coordinates"":[]}"
20060714,0,2006-07-14,"{""type"":""MultiPoint"",""coordinates"":[]}"
20060715,3.0691572243268066,2006-07-15,"{""type"":""MultiPoint"",""coordinates"":[]}"
20060716,0,2006-07-16,"{""type"":""MultiPoint"",""coordinates"":[]}"
20060717,0,2006-07-17,"{""type"":""MultiPoint"",""coordinates"":[]}"
20060718,8.946216850283013,2006-07-18,"{""type"":""MultiPoint"",""coordinates"":[]}"
20060719,0,2006-07-19,"{""type"":""MultiPoint"",""coordinates"":[]}"
20060720,7.630885138529642,2006-07-20,"{""type"":""MultiPoint"",""coordinates"":[]}"
20060721,14.16914080631513,2006-07-21,"{""type"":""MultiPoint"",""coordinates"":[]}"
20060722,39.80054104767282,2006-07-22,"{""type"":""MultiPoint"",""coordinates"":[]}"
20060723,12.818509469269692,2006-07-23,"{""type"":""MultiPoint"",""coordinates"":[]}"
20060724,0,2006-07-24,"{""type"":""MultiPoint"",""coordinates"":[]}"
20060725,0,2006-07-25,"{""type"":""MultiPoint"",""coordinates"":[]}"
20060726,0.081952865,2006-07-26,"{""type"":""MultiPoint"",""coordinates"":[]}"
20060727,18.49777684427758,2006-07-27,"{""type"":""MultiPoint"",""coordinates"":[]}"
20060728,44.60000176677873,2006-07-28,"{""type"":""MultiPoint"",""coordinates"":[]}"
20060729,19.370298411572115,2006-07-29,"{""type"":""MultiPoint"",""coordinates"":[]}"
20060730,0,2006-07-30,"{""type"":""MultiPoint"",""coordinates"":[]}"
20060731,7.652501000930523,2006-07-31,"{""type"":""MultiPoint"",""coordinates"":[]}"
20060801,2.2598436131430435,2006-08-01,"{""type"":""MultiPoint"",""coordinates"":[]}"
20060802,1.588976602245702,2006-08-02,"{""type"":""MultiPoint"",""coordinates"":[]}"
20060803,8.366167774227984,2006-08-03,"{""type"":""MultiPoint"",""coordinates"":[]}"
20060804,26.361774665684944,2006-08-04,"{""type"":""MultiPoint"",""coordinates"":[]}"
20060805,38.83763173223057,2006-08-05,"{""type"":""MultiPoint"",""coordinates"":[]}"
20060806,106.44204303889072,2006-08-06,"{""type"":""MultiPoint"",""coordinates"":[]}"
20060807,71.59733337581342,2006-08-07,"{""type"":""MultiPoint"",""coordinates"":[]}"
20060808,28.333673286603354,2006-08-08,"{""type"":""MultiPoint"",""coordinates"":[]}"
20060809,6.1247561528720125,2006-08-09,"{""type"":""MultiPoint"",""coordinates"":[]}"
20060810,1.2195220937628548,2006-08-10,"{""type"":""MultiPoint"",""coordinates"":[]}"
20060811,0,2006-08-11,"{""type"":""MultiPoint"",""coordinates"":[]}"
20060812,0.012489513510126442,2006-08-12,"{""type"":""MultiPoint"",""coordinates"":[]}"
20060813,1.008281051,2006-08-13,"{""type"":""MultiPoint"",""coordinates"":[]}"
20060814,7.926894736152202,2006-08-14,"{""type"":""MultiPoint"",""coordinates"":[]}"
20060815,0,2006-08-15,"{""type"":""MultiPoint"",""coordinates"":[]}"
20060816,11.383827959737795,2006-08-16,"{""type"":""MultiPoint"",""coordinates"":[]}"
20060817,26.208156393220037,2006-08-17,"{""type"":""MultiPoint"",""coordinates"":[]}"
20060818,9.791339197983262,2006-08-18,"{""type"":""MultiPoint"",""coordinates"":[]}"
20060819,0,2006-08-19,"{""type"":""MultiPoint"",""coordinates"":[]}"
20060820,0.035288407,2006-08-20,"{""type"":""MultiPoint"",""coordinates"":[]}"
20060821,0,2006-08-21,"{""type"":""MultiPoint"",""coordinates"":[]}"
20060822,0.7713296937029368,2006-08-22,"{""type"":""MultiPoint"",""coordinates"":[]}"
20060823,0,2006-08-23,"{""type"":""MultiPoint"",""coordinates"":[]}"
20060824,0,2006-08-24,"{""type"":""MultiPoint"",""coordinates"":[]}"
20060825,0,2006-08-25,"{""type"":""MultiPoint"",""coordinates"":[]}"
20060826,0,2006-08-26,"{""type"":""MultiPoint"",""coordinates"":[]}"
20060827,0,2006-08-27,"{""type"":""MultiPoint"",""coordinates"":[]}"
20060828,0,2006-08-28,"{""type"":""MultiPoint"",""coordinates"":[]}"
20060829,6.9319632120127075,2006-08-29,"{""type"":""MultiPoint"",""coordinates"":[]}"
20060830,2.4032460935049467,2006-08-30,"{""type"":""MultiPoint"",""coordinates"":[]}"
20060831,0,2006-08-31,"{""type"":""MultiPoint"",""coordinates"":[]}"
20060901,4.227537414163772,2006-09-01,"{""type"":""MultiPoint"",""coordinates"":[]}"
20060902,0,2006-09-02,"{""type"":""MultiPoint"",""coordinates"":[]}"
20060903,0,2006-09-03,"{""type"":""MultiPoint"",""coordinates"":[]}"
20060904,0.7365952004830004,2006-09-04,"{""type"":""MultiPoint"",""coordinates"":[]}"
20060905,9.210601590413317,2006-09-05,"{""type"":""MultiPoint"",""coordinates"":[]}"
20060906,3.622318099371755,2006-09-06,"{""type"":""MultiPoint"",""coordinates"":[]}"
20060907,0,2006-09-07,"{""type"":""MultiPoint"",""coordinates"":[]}"
20060908,19.05744063111639,2006-09-08,"{""type"":""MultiPoint"",""coordinates"":[]}"
20060909,13.23622806289489,2006-09-09,"{""type"":""MultiPoint"",""coordinates"":[]}"
20060910,10.652932842930838,2006-09-10,"{""type"":""MultiPoint"",""coordinates"":[]}"
20060911,13.084156173530289,2006-09-11,"{""type"":""MultiPoint"",""coordinates"":[]}"
20060912,19.806588257001952,2006-09-12,"{""type"":""MultiPoint"",""coordinates"":[]}"
20060913,18.85326583855384,2006-09-13,"{""type"":""MultiPoint"",""coordinates"":[]}"
20060914,17.100262780373622,2006-09-14,"{""type"":""MultiPoint"",""coordinates"":[]}"
20060915,14.421758651662163,2006-09-15,"{""type"":""MultiPoint"",""coordinates"":[]}"
20060916,12.101605837948503,2006-09-16,"{""type"":""MultiPoint"",""coordinates"":[]}"
20060917,12.395350949592649,2006-09-17,"{""type"":""MultiPoint"",""coordinates"":[]}"
20060918,3.140320569,2006-09-18,"{""type"":""MultiPoint"",""coordinates"":[]}"
20060919,13.04141245850463,2006-09-19,"{""type"":""MultiPoint"",""coordinates"":[]}"
20060920,6.854495014,2006-09-20,"{""type"":""MultiPoint"",""coordinates"":[]}"
20060921,8.269511449616004,2006-09-21,"{""type"":""MultiPoint"",""coordinates"":[]}"
20060922,4.741943866,2006-09-22,"{""type"":""MultiPoint"",""coordinates"":[]}"
20060923,0,2006-09-23,"{""type"":""MultiPoint"",""coordinates"":[]}"
20060924,1.319287851229049,2006-09-24,"{""type"":""MultiPoint"",""coordinates"":[]}"
20060925,1.4027797136467415,2006-09-25,"{""type"":""MultiPoint"",""coordinates"":[]}"
20060926,8.614782064766132,2006-09-26,"{""type"":""MultiPoint"",""coordinates"":[]}"
20060927,0.010064386893020331,2006-09-27,"{""type"":""MultiPoint"",""coordinates"":[]}"
20060928,0.9112778570872203,2006-09-28,"{""type"":""MultiPoint"",""coordinates"":[]}"
20060929,0.5552467281425216,2006-09-29,"{""type"":""MultiPoint"",""coordinates"":[]}"
20060930,11.980832552775794,2006-09-30,"{""type"":""MultiPoint"",""coordinates"":[]}"
20061001,2.838511867000052,2006-10-01,"{""type"":""MultiPoint"",""coordinates"":[]}"
20061002,0.042511208,2006-10-02,"{""type"":""MultiPoint"",""coordinates"":[]}"
20061003,0,2006-10-03,"{""type"":""MultiPoint"",""coordinates"":[]}"
20061004,28.97514256405005,2006-10-04,"{""type"":""MultiPoint"",""coordinates"":[]}"
20061005,36.65210213597899,2006-10-05,"{""type"":""MultiPoint"",""coordinates"":[]}"
20061006,16.837278070805308,2006-10-06,"{""type"":""MultiPoint"",""coordinates"":[]}"
20061007,2.7944246065352356,2006-10-07,"{""type"":""MultiPoint"",""coordinates"":[]}"
20061008,0.38501322627074325,2006-10-08,"{""type"":""MultiPoint"",""coordinates"":[]}"
20061009,0.3126440363934551,2006-10-09,"{""type"":""MultiPoint"",""coordinates"":[]}"
20061010,0.17937517778357023,2006-10-10,"{""type"":""MultiPoint"",""coordinates"":[]}"
20061011,0.22232752669368167,2006-10-11,"{""type"":""MultiPoint"",""coordinates"":[]}"
20061012,0,2006-10-12,"{""type"":""MultiPoint"",""coordinates"":[]}"
20061013,0,2006-10-13,"{""type"":""MultiPoint"",""coordinates"":[]}"
20061014,0.089276867,2006-10-14,"{""type"":""MultiPoint"",""coordinates"":[]}"
20061015,0,2006-10-15,"{""type"":""MultiPoint"",""coordinates"":[]}"
20061016,0,2006-10-16,"{""type"":""MultiPoint"",""coordinates"":[]}"
20061017,0,2006-10-17,"{""type"":""MultiPoint"",""coordinates"":[]}"
20061018,0,2006-10-18,"{""type"":""MultiPoint"",""coordinates"":[]}"
20061019,0,2006-10-19,"{""type"":""MultiPoint"",""coordinates"":[]}"
20061020,0,2006-10-20,"{""type"":""MultiPoint"",""coordinates"":[]}"
20061021,0.10013638631631919,2006-10-21,"{""type"":""MultiPoint"",""coordinates"":[]}"
20061022,0,2006-10-22,"{""type"":""MultiPoint"",""coordinates"":[]}"
20061023,0.726223974,2006-10-23,"{""type"":""MultiPoint"",""coordinates"":[]}"
20061024,0,2006-10-24,"{""type"":""MultiPoint"",""coordinates"":[]}"
20061025,0,2006-10-25,"{""type"":""MultiPoint"",""coordinates"":[]}"
20061026,0,2006-10-26,"{""type"":""MultiPoint"",""coordinates"":[]}"
20061027,0,2006-10-27,"{""type"":""MultiPoint"",""coordinates"":[]}"
20061028,0,2006-10-28,"{""type"":""MultiPoint"",""coordinates"":[]}"
20061029,0,2006-10-29,"{""type"":""MultiPoint"",""coordinates"":[]}"
20061030,0,2006-10-30,"{""type"":""MultiPoint"",""coordinates"":[]}"
20061031,0.005003848,2006-10-31,"{""type"":""MultiPoint"",""coordinates"":[]}"
20061101,0.8604324579942987,2006-11-01,"{""type"":""MultiPoint"",""coordinates"":[]}"
20061102,5.412827670138945,2006-11-02,"{""type"":""MultiPoint"",""coordinates"":[]}"
20061103,0.2655614031755478,2006-11-03,"{""type"":""MultiPoint"",""coordinates"":[]}"
20061104,3.551896065005207,2006-11-04,"{""type"":""MultiPoint"",""coordinates"":[]}"
20061105,14.509397554529553,2006-11-05,"{""type"":""MultiPoint"",""coordinates"":[]}"
20061106,2.6493603007547972,2006-11-06,"{""type"":""MultiPoint"",""coordinates"":[]}"
20061107,6.336440466186661,2006-11-07,"{""type"":""MultiPoint"",""coordinates"":[]}"
20061108,0,2006-11-08,"{""type"":""MultiPoint"",""coordinates"":[]}"
20061109,0,2006-11-09,"{""type"":""MultiPoint"",""coordinates"":[]}"
20061110,0,2006-11-10,"{""type"":""MultiPoint"",""coordinates"":[]}"
20061111,0,2006-11-11,"{""type"":""MultiPoint"",""coordinates"":[]}"
20061112,0,2006-11-12,"{""type"":""MultiPoint"",""coordinates"":[]}"
20061113,0,2006-11-13,"{""type"":""MultiPoint"",""coordinates"":[]}"
20061114,0,2006-11-14,"{""type"":""MultiPoint"",""coordinates"":[]}"
20061115,0,2006-11-15,"{""type"":""MultiPoint"",""coordinates"":[]}"
20061116,0,2006-11-16,"{""type"":""MultiPoint"",""coordinates"":[]}"
20061117,0,2006-11-17,"{""type"":""MultiPoint"",""coordinates"":[]}"
20061118,0,2006-11-18,"{""type"":""MultiPoint"",""coordinates"":[]}"
20061119,0.00580374,2006-11-19,"{""type"":""MultiPoint"",""coordinates"":[]}"
20061120,0,2006-11-20,"{""type"":""MultiPoint"",""coordinates"":[]}"
20061121,0.29103075278892765,2006-11-21,"{""type"":""MultiPoint"",""coordinates"":[]}"
20061122,5.060872123729836,2006-11-22,"{""type"":""MultiPoint"",""coordinates"":[]}"
20061123,1.1979540163132667,2006-11-23,"{""type"":""MultiPoint"",""coordinates"":[]}"
20061124,1.8699863051088907,2006-11-24,"{""type"":""MultiPoint"",""coordinates"":[]}"
20061125,0.071479538,2006-11-25,"{""type"":""MultiPoint"",""coordinates"":[]}"
20061126,0,2006-11-26,"{""type"":""MultiPoint"",""coordinates"":[]}"
20061127,0,2006-11-27,"{""type"":""MultiPoint"",""coordinates"":[]}"
20061128,0,2006-11-28,"{""type"":""MultiPoint"",""coordinates"":[]}"
20061129,0.10206076283149193,2006-11-29,"{""type"":""MultiPoint"",""coordinates"":[]}"
20061130,0,2006-11-30,"{""type"":""MultiPoint"",""coordinates"":[]}"
20061201,0,2006-12-01,"{""type"":""MultiPoint"",""coordinates"":[]}"
20061202,0,2006-12-02,"{""type"":""MultiPoint"",""coordinates"":[]}"
20061203,0,2006-12-03,"{""type"":""MultiPoint"",""coordinates"":[]}"
20061204,0.010021292853516788,2006-12-04,"{""type"":""MultiPoint"",""coordinates"":[]}"
20061205,0.010021292853516788,2006-12-05,"{""type"":""MultiPoint"",""coordinates"":[]}"
20061206,0,2006-12-06,"{""type"":""MultiPoint"",""coordinates"":[]}"
20061207,0,2006-12-07,"{""type"":""MultiPoint"",""coordinates"":[]}"
20061208,0,2006-12-08,"{""type"":""MultiPoint"",""coordinates"":[]}"
20061209,0,2006-12-09,"{""type"":""MultiPoint"",""coordinates"":[]}"
20061210,0,2006-12-10,"{""type"":""MultiPoint"",""coordinates"":[]}"
20061211,0,2006-12-11,"{""type"":""MultiPoint"",""coordinates"":[]}"
20061212,0,2006-12-12,"{""type"":""MultiPoint"",""coordinates"":[]}"
20061213,0,2006-12-13,"{""type"":""MultiPoint"",""coordinates"":[]}"
20061214,0,2006-12-14,"{""type"":""MultiPoint"",""coordinates"":[]}"
20061215,0,2006-12-15,"{""type"":""MultiPoint"",""coordinates"":[]}"
20061216,0,2006-12-16,"{""type"":""MultiPoint"",""coordinates"":[]}"
20061217,0,2006-12-17,"{""type"":""MultiPoint"",""coordinates"":[]}"
20061218,0,2006-12-18,"{""type"":""MultiPoint"",""coordinates"":[]}"
20061219,0.015063127,2006-12-19,"{""type"":""MultiPoint"",""coordinates"":[]}"
20061220,0.015063127,2006-12-20,"{""type"":""MultiPoint"",""coordinates"":[]}"
20061221,0,2006-12-21,"{""type"":""MultiPoint"",""coordinates"":[]}"
20061222,0,2006-12-22,"{""type"":""MultiPoint"",""coordinates"":[]}"
20061223,0.016475167376575683,2006-12-23,"{""type"":""MultiPoint"",""coordinates"":[]}"
20061224,0.5510078226350922,2006-12-24,"{""type"":""MultiPoint"",""coordinates"":[]}"
20061225,0.5510078226350922,2006-12-25,"{""type"":""MultiPoint"",""coordinates"":[]}"
20061226,0,2006-12-26,"{""type"":""MultiPoint"",""coordinates"":[]}"
20061227,0,2006-12-27,"{""type"":""MultiPoint"",""coordinates"":[]}"
20061228,0,2006-12-28,"{""type"":""MultiPoint"",""coordinates"":[]}"
20061229,0,2006-12-29,"{""type"":""MultiPoint"",""coordinates"":[]}"
20061230,0.013207132,2006-12-30,"{""type"":""MultiPoint"",""coordinates"":[]}"
20061231,0.013207132,2006-12-31,"{""type"":""MultiPoint"",""coordinates"":[]}"
20070101,0,2007-01-01,"{""type"":""MultiPoint"",""coordinates"":[]}"
20070102,0,2007-01-02,"{""type"":""MultiPoint"",""coordinates"":[]}"
20070103,0,2007-01-03,"{""type"":""MultiPoint"",""coordinates"":[]}"
20070104,0,2007-01-04,"{""type"":""MultiPoint"",""coordinates"":[]}"
20070105,0,2007-01-05,"{""type"":""MultiPoint"",""coordinates"":[]}"
20070106,0,2007-01-06,"{""type"":""MultiPoint"",""coordinates"":[]}"
20070107,0,2007-01-07,"{""type"":""MultiPoint"",""coordinates"":[]}"
20070108,0,2007-01-08,"{""type"":""MultiPoint"",""coordinates"":[]}"
20070109,0,2007-01-09,"{""type"":""MultiPoint"",""coordinates"":[]}"
20070110,0,2007-01-10,"{""type"":""MultiPoint"",""coordinates"":[]}"
20070111,0,2007-01-11,"{""type"":""MultiPoint"",""coordinates"":[]}"
20070112,0,2007-01-12,"{""type"":""MultiPoint"",""coordinates"":[]}"
20070113,0,2007-01-13,"{""type"":""MultiPoint"",""coordinates"":[]}"
20070114,0,2007-01-14,"{""type"":""MultiPoint"",""coordinates"":[]}"
20070115,0,2007-01-15,"{""type"":""MultiPoint"",""coordinates"":[]}"
20070116,0,2007-01-16,"{""type"":""MultiPoint"",""coordinates"":[]}"
20070117,0,2007-01-17,"{""type"":""MultiPoint"",""coordinates"":[]}"
20070118,0,2007-01-18,"{""type"":""MultiPoint"",""coordinates"":[]}"
20070119,0,2007-01-19,"{""type"":""MultiPoint"",""coordinates"":[]}"
20070120,0,2007-01-20,"{""type"":""MultiPoint"",""coordinates"":[]}"
20070121,0,2007-01-21,"{""type"":""MultiPoint"",""coordinates"":[]}"
20070122,0,2007-01-22,"{""type"":""MultiPoint"",""coordinates"":[]}"
20070123,0,2007-01-23,"{""type"":""MultiPoint"",""coordinates"":[]}"
20070124,0,2007-01-24,"{""type"":""MultiPoint"",""coordinates"":[]}"
20070125,0,2007-01-25,"{""type"":""MultiPoint"",""coordinates"":[]}"
20070126,0,2007-01-26,"{""type"":""MultiPoint"",""coordinates"":[]}"
20070127,0,2007-01-27,"{""type"":""MultiPoint"",""coordinates"":[]}"
20070128,0,2007-01-28,"{""type"":""MultiPoint"",""coordinates"":[]}"
20070129,0,2007-01-29,"{""type"":""MultiPoint"",""coordinates"":[]}"
20070130,0,2007-01-30,"{""type"":""MultiPoint"",""coordinates"":[]}"
20070131,0,2007-01-31,"{""type"":""MultiPoint"",""coordinates"":[]}"
20070201,0,2007-02-01,"{""type"":""MultiPoint"",""coordinates"":[]}"
20070202,0,2007-02-02,"{""type"":""MultiPoint"",""coordinates"":[]}"
20070203,0,2007-02-03,"{""type"":""MultiPoint"",""coordinates"":[]}"
20070204,0,2007-02-04,"{""type"":""MultiPoint"",""coordinates"":[]}"
20070205,0,2007-02-05,"{""type"":""MultiPoint"",""coordinates"":[]}"
20070206,0,2007-02-06,"{""type"":""MultiPoint"",""coordinates"":[]}"
20070207,0,2007-02-07,"{""type"":""MultiPoint"",""coordinates"":[]}"
20070208,0,2007-02-08,"{""type"":""MultiPoint"",""coordinates"":[]}"
20070209,0,2007-02-09,"{""type"":""MultiPoint"",""coordinates"":[]}"
20070210,0.001862055,2007-02-10,"{""type"":""MultiPoint"",""coordinates"":[]}"
20070211,0,2007-02-11,"{""type"":""MultiPoint"",""coordinates"":[]}"
20070212,0.032932032,2007-02-12,"{""type"":""MultiPoint"",""coordinates"":[]}"
20070213,0,2007-02-13,"{""type"":""MultiPoint"",""coordinates"":[]}"
20070214,0,2007-02-14,"{""type"":""MultiPoint"",""coordinates"":[]}"
20070215,0,2007-02-15,"{""type"":""MultiPoint"",""coordinates"":[]}"
20070216,0,2007-02-16,"{""type"":""MultiPoint"",""coordinates"":[]}"
20070217,0,2007-02-17,"{""type"":""MultiPoint"",""coordinates"":[]}"
20070218,0,2007-02-18,"{""type"":""MultiPoint"",""coordinates"":[]}"
20070219,0.006341674,2007-02-19,"{""type"":""MultiPoint"",""coordinates"":[]}"
20070220,8.905042223439489E-4,2007-02-20,"{""type"":""MultiPoint"",""coordinates"":[]}"
20070221,0,2007-02-21,"{""type"":""MultiPoint"",""coordinates"":[]}"
20070222,0,2007-02-22,"{""type"":""MultiPoint"",""coordinates"":[]}"
20070223,0,2007-02-23,"{""type"":""MultiPoint"",""coordinates"":[]}"
20070224,0,2007-02-24,"{""type"":""MultiPoint"",""coordinates"":[]}"
20070225,0,2007-02-25,"{""type"":""MultiPoint"",""coordinates"":[]}"
20070226,0,2007-02-26,"{""type"":""MultiPoint"",""coordinates"":[]}"
20070227,0,2007-02-27,"{""type"":""MultiPoint"",""coordinates"":[]}"
20070228,0,2007-02-28,"{""type"":""MultiPoint"",""coordinates"":[]}"
20070301,0,2007-03-01,"{""type"":""MultiPoint"",""coordinates"":[]}"
20070302,0,2007-03-02,"{""type"":""MultiPoint"",""coordinates"":[]}"
20070303,0,2007-03-03,"{""type"":""MultiPoint"",""coordinates"":[]}"
20070304,0,2007-03-04,"{""type"":""MultiPoint"",""coordinates"":[]}"
20070305,0,2007-03-05,"{""type"":""MultiPoint"",""coordinates"":[]}"
20070306,0,2007-03-06,"{""type"":""MultiPoint"",""coordinates"":[]}"
20070307,0,2007-03-07,"{""type"":""MultiPoint"",""coordinates"":[]}"
20070308,0,2007-03-08,"{""type"":""MultiPoint"",""coordinates"":[]}"
20070309,0,2007-03-09,"{""type"":""MultiPoint"",""coordinates"":[]}"
20070310,0,2007-03-10,"{""type"":""MultiPoint"",""coordinates"":[]}"
20070311,0,2007-03-11,"{""type"":""MultiPoint"",""coordinates"":[]}"
20070312,0,2007-03-12,"{""type"":""MultiPoint"",""coordinates"":[]}"
20070313,0,2007-03-13,"{""type"":""MultiPoint"",""coordinates"":[]}"
20070314,0,2007-03-14,"{""type"":""MultiPoint"",""coordinates"":[]}"
20070315,0,2007-03-15,"{""type"":""MultiPoint"",""coordinates"":[]}"
20070316,0,2007-03-16,"{""type"":""MultiPoint"",""coordinates"":[]}"
20070317,0,2007-03-17,"{""type"":""MultiPoint"",""coordinates"":[]}"
20070318,0,2007-03-18,"{""type"":""MultiPoint"",""coordinates"":[]}"
20070319,0,2007-03-19,"{""type"":""MultiPoint"",""coordinates"":[]}"
20070320,0,2007-03-20,"{""type"":""MultiPoint"",""coordinates"":[]}"
20070321,0,2007-03-21,"{""type"":""MultiPoint"",""coordinates"":[]}"
20070322,0,2007-03-22,"{""type"":""MultiPoint"",""coordinates"":[]}"
20070323,0,2007-03-23,"{""type"":""MultiPoint"",""coordinates"":[]}"
20070324,0,2007-03-24,"{""type"":""MultiPoint"",""coordinates"":[]}"
20070325,0,2007-03-25,"{""type"":""MultiPoint"",""coordinates"":[]}"
20070326,0,2007-03-26,"{""type"":""MultiPoint"",""coordinates"":[]}"
20070327,0,2007-03-27,"{""type"":""MultiPoint"",""coordinates"":[]}"
20070328,0,2007-03-28,"{""type"":""MultiPoint"",""coordinates"":[]}"
20070329,0,2007-03-29,"{""type"":""MultiPoint"",""coordinates"":[]}"
20070330,0,2007-03-30,"{""type"":""MultiPoint"",""coordinates"":[]}"
20070331,0.19328745900632427,2007-03-31,"{""type"":""MultiPoint"",""coordinates"":[]}"
20070401,0,2007-04-01,"{""type"":""MultiPoint"",""coordinates"":[]}"
20070402,0,2007-04-02,"{""type"":""MultiPoint"",""coordinates"":[]}"
20070403,0,2007-04-03,"{""type"":""MultiPoint"",""coordinates"":[]}"
20070404,0,2007-04-04,"{""type"":""MultiPoint"",""coordinates"":[]}"
20070405,0,2007-04-05,"{""type"":""MultiPoint"",""coordinates"":[]}"
20070406,0,2007-04-06,"{""type"":""MultiPoint"",""coordinates"":[]}"
20070407,0.1593977091012412,2007-04-07,"{""type"":""MultiPoint"",""coordinates"":[]}"
20070408,0,2007-04-08,"{""type"":""MultiPoint"",""coordinates"":[]}"
20070409,0,2007-04-09,"{""type"":""MultiPoint"",""coordinates"":[]}"
20070410,0.1163409496003721,2007-04-10,"{""type"":""MultiPoint"",""coordinates"":[]}"
20070411,0,2007-04-11,"{""type"":""MultiPoint"",""coordinates"":[]}"
20070412,0,2007-04-12,"{""type"":""MultiPoint"",""coordinates"":[]}"
20070413,0.030403075080951407,2007-04-13,"{""type"":""MultiPoint"",""coordinates"":[]}"
20070414,0.4090919646533779,2007-04-14,"{""type"":""MultiPoint"",""coordinates"":[]}"
20070415,1.782208894702487,2007-04-15,"{""type"":""MultiPoint"",""coordinates"":[]}"
20070416,0.3719444114762395,2007-04-16,"{""type"":""MultiPoint"",""coordinates"":[]}"
20070417,0.3025143332461964,2007-04-17,"{""type"":""MultiPoint"",""coordinates"":[]}"
20070418,0.11484013926953708,2007-04-18,"{""type"":""MultiPoint"",""coordinates"":[]}"
20070419,2.0621278518620727,2007-04-19,"{""type"":""MultiPoint"",""coordinates"":[]}"
20070420,0.4350311329062294,2007-04-20,"{""type"":""MultiPoint"",""coordinates"":[]}"
20070421,0.8851617386671652,2007-04-21,"{""type"":""MultiPoint"",""coordinates"":[]}"
20070422,0,2007-04-22,"{""type"":""MultiPoint"",""coordinates"":[]}"
20070423,0,2007-04-23,"{""type"":""MultiPoint"",""coordinates"":[]}"
20070424,0,2007-04-24,"{""type"":""MultiPoint"",""coordinates"":[]}"
20070425,0.00233947,2007-04-25,"{""type"":""MultiPoint"",""coordinates"":[]}"
20070426,0,2007-04-26,"{""type"":""MultiPoint"",""coordinates"":[]}"
20070427,0,2007-04-27,"{""type"":""MultiPoint"",""coordinates"":[]}"
20070428,0,2007-04-28,"{""type"":""MultiPoint"",""coordinates"":[]}"
20070429,0.1530842310251907,2007-04-29,"{""type"":""MultiPoint"",""coordinates"":[]}"
20070430,0.016900583169347783,2007-04-30,"{""type"":""MultiPoint"",""coordinates"":[]}"
20070501,0.13276200951008602,2007-05-01,"{""type"":""MultiPoint"",""coordinates"":[]}"
20070502,0,2007-05-02,"{""type"":""MultiPoint"",""coordinates"":[]}"
20070503,0,2007-05-03,"{""type"":""MultiPoint"",""coordinates"":[]}"
20070504,0,2007-05-04,"{""type"":""MultiPoint"",""coordinates"":[]}"
20070505,0,2007-05-05,"{""type"":""MultiPoint"",""coordinates"":[]}"
20070506,0,2007-05-06,"{""type"":""MultiPoint"",""coordinates"":[]}"
20070507,0,2007-05-07,"{""type"":""MultiPoint"",""coordinates"":[]}"
20070508,0,2007-05-08,"{""type"":""MultiPoint"",""coordinates"":[]}"
20070509,0,2007-05-09,"{""type"":""MultiPoint"",""coordinates"":[]}"
20070510,0,2007-05-10,"{""type"":""MultiPoint"",""coordinates"":[]}"
20070511,0,2007-05-11,"{""type"":""MultiPoint"",""coordinates"":[]}"
20070512,0,2007-05-12,"{""type"":""MultiPoint"",""coordinates"":[]}"
20070513,0,2007-05-13,"{""type"":""MultiPoint"",""coordinates"":[]}"
20070514,0,2007-05-14,"{""type"":""MultiPoint"",""coordinates"":[]}"
20070515,0,2007-05-15,"{""type"":""MultiPoint"",""coordinates"":[]}"
20070516,0,2007-05-16,"{""type"":""MultiPoint"",""coordinates"":[]}"
20070517,0,2007-05-17,"{""type"":""MultiPoint"",""coordinates"":[]}"
20070518,0.059204882287309316,2007-05-18,"{""type"":""MultiPoint"",""coordinates"":[]}"
20070519,0,2007-05-19,"{""type"":""MultiPoint"",""coordinates"":[]}"
20070520,0,2007-05-20,"{""type"":""MultiPoint"",""coordinates"":[]}"
20070521,0,2007-05-21,"{""type"":""MultiPoint"",""coordinates"":[]}"
20070522,0.048366382,2007-05-22,"{""type"":""MultiPoint"",""coordinates"":[]}"
20070523,1.189780139230293,2007-05-23,"{""type"":""MultiPoint"",""coordinates"":[]}"
20070524,0.019550876768655558,2007-05-24,"{""type"":""MultiPoint"",""coordinates"":[]}"
20070525,0,2007-05-25,"{""type"":""MultiPoint"",""coordinates"":[]}"
20070526,0.00396985,2007-05-26,"{""type"":""MultiPoint"",""coordinates"":[]}"
20070527,0.12263303605745335,2007-05-27,"{""type"":""MultiPoint"",""coordinates"":[]}"
20070528,0.231261798,2007-05-28,"{""type"":""MultiPoint"",""coordinates"":[]}"
20070529,1.0615385686764212,2007-05-29,"{""type"":""MultiPoint"",""coordinates"":[]}"
20070530,0.6552095151285743,2007-05-30,"{""type"":""MultiPoint"",""coordinates"":[]}"
20070531,6.725583510142112,2007-05-31,"{""type"":""MultiPoint"",""coordinates"":[]}"
20070601,9.726632212047065,2007-06-01,"{""type"":""MultiPoint"",""coordinates"":[]}"
20070602,14.204125036192691,2007-06-02,"{""type"":""MultiPoint"",""coordinates"":[]}"
20070603,11.495240499267906,2007-06-03,"{""type"":""MultiPoint"",""coordinates"":[]}"
20070604,4.793790953,2007-06-04,"{""type"":""MultiPoint"",""coordinates"":[]}"
20070605,13.768879071387335,2007-06-05,"{""type"":""MultiPoint"",""coordinates"":[]}"
20070606,1.5435401642249222,2007-06-06,"{""type"":""MultiPoint"",""coordinates"":[]}"
20070607,9.997173096889215,2007-06-07,"{""type"":""MultiPoint"",""coordinates"":[]}"
20070608,7.262556898658947,2007-06-08,"{""type"":""MultiPoint"",""coordinates"":[]}"
20070609,2.681691371272887,2007-06-09,"{""type"":""MultiPoint"",""coordinates"":[]}"
20070610,0.004658054,2007-06-10,"{""type"":""MultiPoint"",""coordinates"":[]}"
20070611,0,2007-06-11,"{""type"":""MultiPoint"",""coordinates"":[]}"
20070612,1.4982881030672397,2007-06-12,"{""type"":""MultiPoint"",""coordinates"":[]}"
20070613,11.63356112535672,2007-06-13,"{""type"":""MultiPoint"",""coordinates"":[]}"
20070614,11.609651254667506,2007-06-14,"{""type"":""MultiPoint"",""coordinates"":[]}"
20070615,0.716645993,2007-06-15,"{""type"":""MultiPoint"",""coordinates"":[]}"
20070616,0.9815001266001607,2007-06-16,"{""type"":""MultiPoint"",""coordinates"":[]}"
20070617,0,2007-06-17,"{""type"":""MultiPoint"",""coordinates"":[]}"
20070618,0.10300921693414009,2007-06-18,"{""type"":""MultiPoint"",""coordinates"":[]}"
20070619,1.056663445937056,2007-06-19,"{""type"":""MultiPoint"",""coordinates"":[]}"
20070620,28.24492443236096,2007-06-20,"{""type"":""MultiPoint"",""coordinates"":[]}"
20070621,33.76946105409477,2007-06-21,"{""type"":""MultiPoint"",""coordinates"":[]}"
20070622,72.27201869422903,2007-06-22,"{""type"":""MultiPoint"",""coordinates"":[]}"
20070623,8.223026280508659,2007-06-23,"{""type"":""MultiPoint"",""coordinates"":[]}"
20070624,2.3286412028517343,2007-06-24,"{""type"":""MultiPoint"",""coordinates"":[]}"
20070625,0,2007-06-25,"{""type"":""MultiPoint"",""coordinates"":[]}"
20070626,0.010161582913088888,2007-06-26,"{""type"":""MultiPoint"",""coordinates"":[]}"
20070627,3.784252638378114,2007-06-27,"{""type"":""MultiPoint"",""coordinates"":[]}"
20070628,5.575531948145409,2007-06-28,"{""type"":""MultiPoint"",""coordinates"":[]}"
20070629,2.5029714296064975,2007-06-29,"{""type"":""MultiPoint"",""coordinates"":[]}"
20070630,35.82244499,2007-06-30,"{""type"":""MultiPoint"",""coordinates"":[]}"
20070701,76.26876982698421,2007-07-01,"{""type"":""MultiPoint"",""coordinates"":[]}"
20070702,49.926873450847275,2007-07-02,"{""type"":""MultiPoint"",""coordinates"":[]}"
20070703,10.076366752523743,2007-07-03,"{""type"":""MultiPoint"",""coordinates"":[]}"
20070704,0,2007-07-04,"{""type"":""MultiPoint"",""coordinates"":[]}"
20070705,0.3733792743774357,2007-07-05,"{""type"":""MultiPoint"",""coordinates"":[]}"
20070706,1.0163211159084151,2007-07-06,"{""type"":""MultiPoint"",""coordinates"":[]}"
20070707,11.671594799742493,2007-07-07,"{""type"":""MultiPoint"",""coordinates"":[]}"
20070708,22.26214168273429,2007-07-08,"{""type"":""MultiPoint"",""coordinates"":[]}"
20070709,0,2007-07-09,"{""type"":""MultiPoint"",""coordinates"":[]}"
20070710,0,2007-07-10,"{""type"":""MultiPoint"",""coordinates"":[]}"
20070711,0,2007-07-11,"{""type"":""MultiPoint"",""coordinates"":[]}"
20070712,0,2007-07-12,"{""type"":""MultiPoint"",""coordinates"":[]}"
20070713,0,2007-07-13,"{""type"":""MultiPoint"",""coordinates"":[]}"
20070714,0.052873971,2007-07-14,"{""type"":""MultiPoint"",""coordinates"":[]}"
20070715,0,2007-07-15,"{""type"":""MultiPoint"",""coordinates"":[]}"
20070716,0,2007-07-16,"{""type"":""MultiPoint"",""coordinates"":[]}"
20070717,0.40872199247388274,2007-07-17,"{""type"":""MultiPoint"",""coordinates"":[]}"
20070718,0,2007-07-18,"{""type"":""MultiPoint"",""coordinates"":[]}"
20070719,0,2007-07-19,"{""type"":""MultiPoint"",""coordinates"":[]}"
20070720,4.432404979110551,2007-07-20,"{""type"":""MultiPoint"",""coordinates"":[]}"
20070721,0.40730935083481945,2007-07-21,"{""type"":""MultiPoint"",""coordinates"":[]}"
20070722,0.20365633491277868,2007-07-22,"{""type"":""MultiPoint"",""coordinates"":[]}"
20070723,5.458975873677008,2007-07-23,"{""type"":""MultiPoint"",""coordinates"":[]}"
20070724,11.438893777450897,2007-07-24,"{""type"":""MultiPoint"",""coordinates"":[]}"
20070725,4.7887595107401895,2007-07-25,"{""type"":""MultiPoint"",""coordinates"":[]}"
20070726,32.70843983,2007-07-26,"{""type"":""MultiPoint"",""coordinates"":[]}"
20070727,25.843778832414817,2007-07-27,"{""type"":""MultiPoint"",""coordinates"":[]}"
20070728,14.442765754292244,2007-07-28,"{""type"":""MultiPoint"",""coordinates"":[]}"
20070729,8.715737050275497,2007-07-29,"{""type"":""MultiPoint"",""coordinates"":[]}"
20070730,9.496813408675044,2007-07-30,"{""type"":""MultiPoint"",""coordinates"":[]}"
20070731,4.556400780046218,2007-07-31,"{""type"":""MultiPoint"",""coordinates"":[]}"
20070801,4.470936017987802,2007-08-01,"{""type"":""MultiPoint"",""coordinates"":[]}"
20070802,16.22974076179098,2007-08-02,"{""type"":""MultiPoint"",""coordinates"":[]}"
20070803,17.271190244917207,2007-08-03,"{""type"":""MultiPoint"",""coordinates"":[]}"
20070804,3.070296698736055,2007-08-04,"{""type"":""MultiPoint"",""coordinates"":[]}"
20070805,4.072939836227734,2007-08-05,"{""type"":""MultiPoint"",""coordinates"":[]}"
20070806,0.06995684,2007-08-06,"{""type"":""MultiPoint"",""coordinates"":[]}"
20070807,30.685975403371774,2007-08-07,"{""type"":""MultiPoint"",""coordinates"":[]}"
20070808,32.742231286174984,2007-08-08,"{""type"":""MultiPoint"",""coordinates"":[]}"
20070809,0,2007-08-09,"{""type"":""MultiPoint"",""coordinates"":[]}"
20070810,0,2007-08-10,"{""type"":""MultiPoint"",""coordinates"":[]}"
20070811,0,2007-08-11,"{""type"":""MultiPoint"",""coordinates"":[]}"
20070812,0,2007-08-12,"{""type"":""MultiPoint"",""coordinates"":[]}"
20070813,0.12388265332946174,2007-08-13,"{""type"":""MultiPoint"",""coordinates"":[]}"
20070814,3.568079797528534,2007-08-14,"{""type"":""MultiPoint"",""coordinates"":[]}"
20070815,0,2007-08-15,"{""type"":""MultiPoint"",""coordinates"":[]}"
20070816,0.9238064920514139,2007-08-16,"{""type"":""MultiPoint"",""coordinates"":[]}"
20070817,0.1051518221276166,2007-08-17,"{""type"":""MultiPoint"",""coordinates"":[]}"
20070818,0.5657507891513828,2007-08-18,"{""type"":""MultiPoint"",""coordinates"":[]}"
20070819,0,2007-08-19,"{""type"":""MultiPoint"",""coordinates"":[]}"
20070820,0.089106646,2007-08-20,"{""type"":""MultiPoint"",""coordinates"":[]}"
20070821,0,2007-08-21,"{""type"":""MultiPoint"",""coordinates"":[]}"
20070822,1.704210958287527E-4,2007-08-22,"{""type"":""MultiPoint"",""coordinates"":[]}"
20070823,0,2007-08-23,"{""type"":""MultiPoint"",""coordinates"":[]}"
20070824,27.661083215389404,2007-08-24,"{""type"":""MultiPoint"",""coordinates"":[]}"
20070825,18.17493175599819,2007-08-25,"{""type"":""MultiPoint"",""coordinates"":[]}"
20070826,37.72777900333526,2007-08-26,"{""type"":""MultiPoint"",""coordinates"":[]}"
20070827,33.102017448426196,2007-08-27,"{""type"":""MultiPoint"",""coordinates"":[]}"
20070828,24.935582476720167,2007-08-28,"{""type"":""MultiPoint"",""coordinates"":[]}"
20070829,12.573681159544282,2007-08-29,"{""type"":""MultiPoint"",""coordinates"":[]}"
20070830,0.18259237523164917,2007-08-30,"{""type"":""MultiPoint"",""coordinates"":[]}"
20070831,1.1056648136751666,2007-08-31,"{""type"":""MultiPoint"",""coordinates"":[]}"
20070901,1.5457622134507394,2007-09-01,"{""type"":""MultiPoint"",""coordinates"":[]}"
20070902,4.152116513727268,2007-09-02,"{""type"":""MultiPoint"",""coordinates"":[]}"
20070903,0.10989942676855245,2007-09-03,"{""type"":""MultiPoint"",""coordinates"":[]}"
20070904,11.53684760851075,2007-09-04,"{""type"":""MultiPoint"",""coordinates"":[]}"
20070905,26.774082407522446,2007-09-05,"{""type"":""MultiPoint"",""coordinates"":[]}"
20070906,1.8611547764579646,2007-09-06,"{""type"":""MultiPoint"",""coordinates"":[]}"
20070907,5.221137257679727,2007-09-07,"{""type"":""MultiPoint"",""coordinates"":[]}"
20070908,0,2007-09-08,"{""type"":""MultiPoint"",""coordinates"":[]}"
20070909,3.589564575620897,2007-09-09,"{""type"":""MultiPoint"",""coordinates"":[]}"
20070910,15.90931241785293,2007-09-10,"{""type"":""MultiPoint"",""coordinates"":[]}"
20070911,4.202515669592469,2007-09-11,"{""type"":""MultiPoint"",""coordinates"":[]}"
20070912,20.74807889165873,2007-09-12,"{""type"":""MultiPoint"",""coordinates"":[]}"
20070913,30.335775798090264,2007-09-13,"{""type"":""MultiPoint"",""coordinates"":[]}"
20070914,5.927909773024429,2007-09-14,"{""type"":""MultiPoint"",""coordinates"":[]}"
20070915,0.10694991520650517,2007-09-15,"{""type"":""MultiPoint"",""coordinates"":[]}"
20070916,0,2007-09-16,"{""type"":""MultiPoint"",""coordinates"":[]}"
20070917,11.744613101564923,2007-09-17,"{""type"":""MultiPoint"",""coordinates"":[]}"
20070918,50.21263867271639,2007-09-18,"{""type"":""MultiPoint"",""coordinates"":[]}"
20070919,29.624949987590707,2007-09-19,"{""type"":""MultiPoint"",""coordinates"":[]}"
20070920,1.2987996044535772,2007-09-20,"{""type"":""MultiPoint"",""coordinates"":[]}"
20070921,0.32502620431257007,2007-09-21,"{""type"":""MultiPoint"",""coordinates"":[]}"
20070922,0,2007-09-22,"{""type"":""MultiPoint"",""coordinates"":[]}"
20070923,0,2007-09-23,"{""type"":""MultiPoint"",""coordinates"":[]}"
20070924,0.053378926,2007-09-24,"{""type"":""MultiPoint"",""coordinates"":[]}"
20070925,9.00921299,2007-09-25,"{""type"":""MultiPoint"",""coordinates"":[]}"
20070926,0,2007-09-26,"{""type"":""MultiPoint"",""coordinates"":[]}"
20070927,1.4429323237272833,2007-09-27,"{""type"":""MultiPoint"",""coordinates"":[]}"
20070928,25.325922777449104,2007-09-28,"{""type"":""MultiPoint"",""coordinates"":[]}"
20070929,0.32569199258433634,2007-09-29,"{""type"":""MultiPoint"",""coordinates"":[]}"
20070930,0.006482256,2007-09-30,"{""type"":""MultiPoint"",""coordinates"":[]}"
20071001,0,2007-10-01,"{""type"":""MultiPoint"",""coordinates"":[]}"
20071002,0,2007-10-02,"{""type"":""MultiPoint"",""coordinates"":[]}"
20071003,0,2007-10-03,"{""type"":""MultiPoint"",""coordinates"":[]}"
20071004,0.017475247437938525,2007-10-04,"{""type"":""MultiPoint"",""coordinates"":[]}"
20071005,0.007041658,2007-10-05,"{""type"":""MultiPoint"",""coordinates"":[]}"
20071006,0.022711781053954213,2007-10-06,"{""type"":""MultiPoint"",""coordinates"":[]}"
20071007,0,2007-10-07,"{""type"":""MultiPoint"",""coordinates"":[]}"
20071008,0,2007-10-08,"{""type"":""MultiPoint"",""coordinates"":[]}"
20071009,0,2007-10-09,"{""type"":""MultiPoint"",""coordinates"":[]}"
20071010,0.19757180353748616,2007-10-10,"{""type"":""MultiPoint"",""coordinates"":[]}"
20071011,0.062536538,2007-10-11,"{""type"":""MultiPoint"",""coordinates"":[]}"
20071012,0.16712666735168608,2007-10-12,"{""type"":""MultiPoint"",""coordinates"":[]}"
20071013,0,2007-10-13,"{""type"":""MultiPoint"",""coordinates"":[]}"
20071014,0,2007-10-14,"{""type"":""MultiPoint"",""coordinates"":[]}"
20071015,0,2007-10-15,"{""type"":""MultiPoint"",""coordinates"":[]}"
20071016,0,2007-10-16,"{""type"":""MultiPoint"",""coordinates"":[]}"
20071017,0,2007-10-17,"{""type"":""MultiPoint"",""coordinates"":[]}"
20071018,0,2007-10-18,"{""type"":""MultiPoint"",""coordinates"":[]}"
20071019,0,2007-10-19,"{""type"":""MultiPoint"",""coordinates"":[]}"
20071020,0,2007-10-20,"{""type"":""MultiPoint"",""coordinates"":[]}"
20071021,0,2007-10-21,"{""type"":""MultiPoint"",""coordinates"":[]}"
20071022,0.00914782,2007-10-22,"{""type"":""MultiPoint"",""coordinates"":[]}"
20071023,0.44006729267780387,2007-10-23,"{""type"":""MultiPoint"",""coordinates"":[]}"
20071024,0,2007-10-24,"{""type"":""MultiPoint"",""coordinates"":[]}"
20071025,0.001118974,2007-10-25,"{""type"":""MultiPoint"",""coordinates"":[]}"
20071026,0,2007-10-26,"{""type"":""MultiPoint"",""coordinates"":[]}"
20071027,0,2007-10-27,"{""type"":""MultiPoint"",""coordinates"":[]}"
20071028,0,2007-10-28,"{""type"":""MultiPoint"",""coordinates"":[]}"
20071029,16.253653928122073,2007-10-29,"{""type"":""MultiPoint"",""coordinates"":[]}"
20071030,0,2007-10-30,"{""type"":""MultiPoint"",""coordinates"":[]}"
20071031,1.7584681776018396,2007-10-31,"{""type"":""MultiPoint"",""coordinates"":[]}"
20071101,15.11641735721518,2007-11-01,"{""type"":""MultiPoint"",""coordinates"":[]}"
20071102,0.056509565,2007-11-02,"{""type"":""MultiPoint"",""coordinates"":[]}"
20071103,0.012338407,2007-11-03,"{""type"":""MultiPoint"",""coordinates"":[]}"
20071104,0,2007-11-04,"{""type"":""MultiPoint"",""coordinates"":[]}"
20071105,0.051824860635185356,2007-11-05,"{""type"":""MultiPoint"",""coordinates"":[]}"
20071106,1.3408574161171651,2007-11-06,"{""type"":""MultiPoint"",""coordinates"":[]}"
20071107,2.3395676409465946,2007-11-07,"{""type"":""MultiPoint"",""coordinates"":[]}"
20071108,0.010500019557845961,2007-11-08,"{""type"":""MultiPoint"",""coordinates"":[]}"
20071109,0,2007-11-09,"{""type"":""MultiPoint"",""coordinates"":[]}"
20071110,0.016129436377221272,2007-11-10,"{""type"":""MultiPoint"",""coordinates"":[]}"
20071111,0,2007-11-11,"{""type"":""MultiPoint"",""coordinates"":[]}"
20071112,0,2007-11-12,"{""type"":""MultiPoint"",""coordinates"":[]}"
20071113,0,2007-11-13,"{""type"":""MultiPoint"",""coordinates"":[]}"
20071114,0,2007-11-14,"{""type"":""MultiPoint"",""coordinates"":[]}"
20071115,0,2007-11-15,"{""type"":""MultiPoint"",""coordinates"":[]}"
20071116,0,2007-11-16,"{""type"":""MultiPoint"",""coordinates"":[]}"
20071117,0,2007-11-17,"{""type"":""MultiPoint"",""coordinates"":[]}"
20071118,0,2007-11-18,"{""type"":""MultiPoint"",""coordinates"":[]}"
20071119,0,2007-11-19,"{""type"":""MultiPoint"",""coordinates"":[]}"
20071120,0,2007-11-20,"{""type"":""MultiPoint"",""coordinates"":[]}"
20071121,0,2007-11-21,"{""type"":""MultiPoint"",""coordinates"":[]}"
20071122,0,2007-11-22,"{""type"":""MultiPoint"",""coordinates"":[]}"
20071123,0,2007-11-23,"{""type"":""MultiPoint"",""coordinates"":[]}"
20071124,0,2007-11-24,"{""type"":""MultiPoint"",""coordinates"":[]}"
20071125,0,2007-11-25,"{""type"":""MultiPoint"",""coordinates"":[]}"
20071126,0,2007-11-26,"{""type"":""MultiPoint"",""coordinates"":[]}"
20071127,0,2007-11-27,"{""type"":""MultiPoint"",""coordinates"":[]}"
20071128,0.009953305,2007-11-28,"{""type"":""MultiPoint"",""coordinates"":[]}"
20071129,0.019208977384733848,2007-11-29,"{""type"":""MultiPoint"",""coordinates"":[]}"
20071130,0.13639098401847044,2007-11-30,"{""type"":""MultiPoint"",""coordinates"":[]}"
20071201,2.956288911,2007-12-01,"{""type"":""MultiPoint"",""coordinates"":[]}"
20071202,0.096532369,2007-12-02,"{""type"":""MultiPoint"",""coordinates"":[]}"
20071203,0,2007-12-03,"{""type"":""MultiPoint"",""coordinates"":[]}"
20071204,0.5421265413248728,2007-12-04,"{""type"":""MultiPoint"",""coordinates"":[]}"
20071205,1.1316415816628531,2007-12-05,"{""type"":""MultiPoint"",""coordinates"":[]}"
20071206,0.8910664197878346,2007-12-06,"{""type"":""MultiPoint"",""coordinates"":[]}"
20071207,0,2007-12-07,"{""type"":""MultiPoint"",""coordinates"":[]}"
20071208,0,2007-12-08,"{""type"":""MultiPoint"",""coordinates"":[]}"
20071209,0.005704869,2007-12-09,"{""type"":""MultiPoint"",""coordinates"":[]}"
20071210,0.005704869,2007-12-10,"{""type"":""MultiPoint"",""coordinates"":[]}"
20071211,0,2007-12-11,"{""type"":""MultiPoint"",""coordinates"":[]}"
20071212,0.025326126,2007-12-12,"{""type"":""MultiPoint"",""coordinates"":[]}"
20071213,0,2007-12-13,"{""type"":""MultiPoint"",""coordinates"":[]}"
20071214,0,2007-12-14,"{""type"":""MultiPoint"",""coordinates"":[]}"
20071215,0,2007-12-15,"{""type"":""MultiPoint"",""coordinates"":[]}"
20071216,0,2007-12-16,"{""type"":""MultiPoint"",""coordinates"":[]}"
20071217,0,2007-12-17,"{""type"":""MultiPoint"",""coordinates"":[]}"
20071218,0,2007-12-18,"{""type"":""MultiPoint"",""coordinates"":[]}"
20071219,0.015096351797664474,2007-12-19,"{""type"":""MultiPoint"",""coordinates"":[]}"
20071220,0.3202095646359258,2007-12-20,"{""type"":""MultiPoint"",""coordinates"":[]}"
20071221,0,2007-12-21,"{""type"":""MultiPoint"",""coordinates"":[]}"
20071222,0,2007-12-22,"{""type"":""MultiPoint"",""coordinates"":[]}"
20071223,0,2007-12-23,"{""type"":""MultiPoint"",""coordinates"":[]}"
20071224,0.011140665697743805,2007-12-24,"{""type"":""MultiPoint"",""coordinates"":[]}"
20071225,0.010015030392478478,2007-12-25,"{""type"":""MultiPoint"",""coordinates"":[]}"
20071226,0,2007-12-26,"{""type"":""MultiPoint"",""coordinates"":[]}"
20071227,0,2007-12-27,"{""type"":""MultiPoint"",""coordinates"":[]}"
20071228,0,2007-12-28,"{""type"":""MultiPoint"",""coordinates"":[]}"
20071229,0,2007-12-29,"{""type"":""MultiPoint"",""coordinates"":[]}"
20071230,0,2007-12-30,"{""type"":""MultiPoint"",""coordinates"":[]}"
20071231,0,2007-12-31,"{""type"":""MultiPoint"",""coordinates"":[]}"
20080101,0,2008-01-01,"{""type"":""MultiPoint"",""coordinates"":[]}"
20080102,0,2008-01-02,"{""type"":""MultiPoint"",""coordinates"":[]}"
20080103,0,2008-01-03,"{""type"":""MultiPoint"",""coordinates"":[]}"
20080104,0,2008-01-04,"{""type"":""MultiPoint"",""coordinates"":[]}"
20080105,0,2008-01-05,"{""type"":""MultiPoint"",""coordinates"":[]}"
20080106,0,2008-01-06,"{""type"":""MultiPoint"",""coordinates"":[]}"
20080107,0,2008-01-07,"{""type"":""MultiPoint"",""coordinates"":[]}"
20080108,0.011947826255136114,2008-01-08,"{""type"":""MultiPoint"",""coordinates"":[]}"
20080109,0,2008-01-09,"{""type"":""MultiPoint"",""coordinates"":[]}"
20080110,0,2008-01-10,"{""type"":""MultiPoint"",""coordinates"":[]}"
20080111,0,2008-01-11,"{""type"":""MultiPoint"",""coordinates"":[]}"
20080112,0,2008-01-12,"{""type"":""MultiPoint"",""coordinates"":[]}"
20080113,0,2008-01-13,"{""type"":""MultiPoint"",""coordinates"":[]}"
20080114,0,2008-01-14,"{""type"":""MultiPoint"",""coordinates"":[]}"
20080115,0,2008-01-15,"{""type"":""MultiPoint"",""coordinates"":[]}"
20080116,0,2008-01-16,"{""type"":""MultiPoint"",""coordinates"":[]}"
20080117,0,2008-01-17,"{""type"":""MultiPoint"",""coordinates"":[]}"
20080118,0,2008-01-18,"{""type"":""MultiPoint"",""coordinates"":[]}"
20080119,0,2008-01-19,"{""type"":""MultiPoint"",""coordinates"":[]}"
20080120,0,2008-01-20,"{""type"":""MultiPoint"",""coordinates"":[]}"
20080121,0,2008-01-21,"{""type"":""MultiPoint"",""coordinates"":[]}"
20080122,0,2008-01-22,"{""type"":""MultiPoint"",""coordinates"":[]}"
20080123,0,2008-01-23,"{""type"":""MultiPoint"",""coordinates"":[]}"
20080124,0,2008-01-24,"{""type"":""MultiPoint"",""coordinates"":[]}"
20080125,0,2008-01-25,"{""type"":""MultiPoint"",""coordinates"":[]}"
20080126,0,2008-01-26,"{""type"":""MultiPoint"",""coordinates"":[]}"
20080127,0,2008-01-27,"{""type"":""MultiPoint"",""coordinates"":[]}"
20080128,0,2008-01-28,"{""type"":""MultiPoint"",""coordinates"":[]}"
20080129,0,2008-01-29,"{""type"":""MultiPoint"",""coordinates"":[]}"
20080130,0,2008-01-30,"{""type"":""MultiPoint"",""coordinates"":[]}"
20080131,0,2008-01-31,"{""type"":""MultiPoint"",""coordinates"":[]}"
20080201,0,2008-02-01,"{""type"":""MultiPoint"",""coordinates"":[]}"
20080202,0,2008-02-02,"{""type"":""MultiPoint"",""coordinates"":[]}"
20080203,0,2008-02-03,"{""type"":""MultiPoint"",""coordinates"":[]}"
20080204,0,2008-02-04,"{""type"":""MultiPoint"",""coordinates"":[]}"
20080205,0,2008-02-05,"{""type"":""MultiPoint"",""coordinates"":[]}"
20080206,0,2008-02-06,"{""type"":""MultiPoint"",""coordinates"":[]}"
20080207,0,2008-02-07,"{""type"":""MultiPoint"",""coordinates"":[]}"
20080208,0,2008-02-08,"{""type"":""MultiPoint"",""coordinates"":[]}"
20080209,0.002869034,2008-02-09,"{""type"":""MultiPoint"",""coordinates"":[]}"
20080210,0.002869034,2008-02-10,"{""type"":""MultiPoint"",""coordinates"":[]}"
20080211,0,2008-02-11,"{""type"":""MultiPoint"",""coordinates"":[]}"
20080212,0,2008-02-12,"{""type"":""MultiPoint"",""coordinates"":[]}"
20080213,0,2008-02-13,"{""type"":""MultiPoint"",""coordinates"":[]}"
20080214,0.012994211726240273,2008-02-14,"{""type"":""MultiPoint"",""coordinates"":[]}"
20080215,0.012994211726240273,2008-02-15,"{""type"":""MultiPoint"",""coordinates"":[]}"
20080216,0,2008-02-16,"{""type"":""MultiPoint"",""coordinates"":[]}"
20080217,0,2008-02-17,"{""type"":""MultiPoint"",""coordinates"":[]}"
20080218,0,2008-02-18,"{""type"":""MultiPoint"",""coordinates"":[]}"
20080219,4.998289500603065E-4,2008-02-19,"{""type"":""MultiPoint"",""coordinates"":[]}"
20080220,4.998289500603065E-4,2008-02-20,"{""type"":""MultiPoint"",""coordinates"":[]}"
20080221,0,2008-02-21,"{""type"":""MultiPoint"",""coordinates"":[]}"
20080222,0,2008-02-22,"{""type"":""MultiPoint"",""coordinates"":[]}"
20080223,0,2008-02-23,"{""type"":""MultiPoint"",""coordinates"":[]}"
20080224,0,2008-02-24,"{""type"":""MultiPoint"",""coordinates"":[]}"
20080225,0,2008-02-25,"{""type"":""MultiPoint"",""coordinates"":[]}"
20080226,0,2008-02-26,"{""type"":""MultiPoint"",""coordinates"":[]}"
20080227,0,2008-02-27,"{""type"":""MultiPoint"",""coordinates"":[]}"
20080228,0,2008-02-28,"{""type"":""MultiPoint"",""coordinates"":[]}"
20080229,0,2008-02-29,"{""type"":""MultiPoint"",""coordinates"":[]}"
20080301,0,2008-03-01,"{""type"":""MultiPoint"",""coordinates"":[]}"
20080302,0,2008-03-02,"{""type"":""MultiPoint"",""coordinates"":[]}"
20080303,0,2008-03-03,"{""type"":""MultiPoint"",""coordinates"":[]}"
20080304,0,2008-03-04,"{""type"":""MultiPoint"",""coordinates"":[]}"
20080305,0,2008-03-05,"{""type"":""MultiPoint"",""coordinates"":[]}"
20080306,0,2008-03-06,"{""type"":""MultiPoint"",""coordinates"":[]}"
20080307,0,2008-03-07,"{""type"":""MultiPoint"",""coordinates"":[]}"
20080308,0,2008-03-08,"{""type"":""MultiPoint"",""coordinates"":[]}"
20080309,0.035360368563330524,2008-03-09,"{""type"":""MultiPoint"",""coordinates"":[]}"
20080310,0.12971311542051078,2008-03-10,"{""type"":""MultiPoint"",""coordinates"":[]}"
20080311,0,2008-03-11,"{""type"":""MultiPoint"",""coordinates"":[]}"
20080312,0,2008-03-12,"{""type"":""MultiPoint"",""coordinates"":[]}"
20080313,0,2008-03-13,"{""type"":""MultiPoint"",""coordinates"":[]}"
20080314,0,2008-03-14,"{""type"":""MultiPoint"",""coordinates"":[]}"
20080315,0,2008-03-15,"{""type"":""MultiPoint"",""coordinates"":[]}"
20080316,0,2008-03-16,"{""type"":""MultiPoint"",""coordinates"":[]}"
20080317,0,2008-03-17,"{""type"":""MultiPoint"",""coordinates"":[]}"
20080318,0,2008-03-18,"{""type"":""MultiPoint"",""coordinates"":[]}"
20080319,0,2008-03-19,"{""type"":""MultiPoint"",""coordinates"":[]}"
20080320,0,2008-03-20,"{""type"":""MultiPoint"",""coordinates"":[]}"
20080321,0.5616783296642993,2008-03-21,"{""type"":""MultiPoint"",""coordinates"":[]}"
20080322,1.176251124302025,2008-03-22,"{""type"":""MultiPoint"",""coordinates"":[]}"
20080323,0.07468957,2008-03-23,"{""type"":""MultiPoint"",""coordinates"":[]}"
20080324,0.011288225314191021,2008-03-24,"{""type"":""MultiPoint"",""coordinates"":[]}"
20080325,0,2008-03-25,"{""type"":""MultiPoint"",""coordinates"":[]}"
20080326,0,2008-03-26,"{""type"":""MultiPoint"",""coordinates"":[]}"
20080327,0,2008-03-27,"{""type"":""MultiPoint"",""coordinates"":[]}"
20080328,0.10631359443961333,2008-03-28,"{""type"":""MultiPoint"",""coordinates"":[]}"
20080329,0,2008-03-29,"{""type"":""MultiPoint"",""coordinates"":[]}"
20080330,0,2008-03-30,"{""type"":""MultiPoint"",""coordinates"":[]}"
20080331,0,2008-03-31,"{""type"":""MultiPoint"",""coordinates"":[]}"
20080401,0,2008-04-01,"{""type"":""MultiPoint"",""coordinates"":[]}"
20080402,0,2008-04-02,"{""type"":""MultiPoint"",""coordinates"":[]}"
20080403,0,2008-04-03,"{""type"":""MultiPoint"",""coordinates"":[]}"
20080404,0,2008-04-04,"{""type"":""MultiPoint"",""coordinates"":[]}"
20080405,0,2008-04-05,"{""type"":""MultiPoint"",""coordinates"":[]}"
20080406,0,2008-04-06,"{""type"":""MultiPoint"",""coordinates"":[]}"
20080407,1.2115472812814094,2008-04-07,"{""type"":""MultiPoint"",""coordinates"":[]}"
20080408,0.003294252,2008-04-08,"{""type"":""MultiPoint"",""coordinates"":[]}"
20080409,4.857794607464747,2008-04-09,"{""type"":""MultiPoint"",""coordinates"":[]}"
20080410,0,2008-04-10,"{""type"":""MultiPoint"",""coordinates"":[]}"
20080411,0,2008-04-11,"{""type"":""MultiPoint"",""coordinates"":[]}"
20080412,0,2008-04-12,"{""type"":""MultiPoint"",""coordinates"":[]}"
20080413,0,2008-04-13,"{""type"":""MultiPoint"",""coordinates"":[]}"
20080414,0,2008-04-14,"{""type"":""MultiPoint"",""coordinates"":[]}"
20080415,0,2008-04-15,"{""type"":""MultiPoint"",""coordinates"":[]}"
20080416,0,2008-04-16,"{""type"":""MultiPoint"",""coordinates"":[]}"
20080417,0,2008-04-17,"{""type"":""MultiPoint"",""coordinates"":[]}"
20080418,0,2008-04-18,"{""type"":""MultiPoint"",""coordinates"":[]}"
20080419,0,2008-04-19,"{""type"":""MultiPoint"",""coordinates"":[]}"
20080420,0,2008-04-20,"{""type"":""MultiPoint"",""coordinates"":[]}"
20080421,0,2008-04-21,"{""type"":""MultiPoint"",""coordinates"":[]}"
20080422,0,2008-04-22,"{""type"":""MultiPoint"",""coordinates"":[]}"
20080423,0,2008-04-23,"{""type"":""MultiPoint"",""coordinates"":[]}"
20080424,0.17510729384333235,2008-04-24,"{""type"":""MultiPoint"",""coordinates"":[]}"
20080425,0.9573927420040702,2008-04-25,"{""type"":""MultiPoint"",""coordinates"":[]}"
20080426,0.2416385794135045,2008-04-26,"{""type"":""MultiPoint"",""coordinates"":[]}"
20080427,0,2008-04-27,"{""type"":""MultiPoint"",""coordinates"":[]}"
20080428,0,2008-04-28,"{""type"":""MultiPoint"",""coordinates"":[]}"
20080429,0,2008-04-29,"{""type"":""MultiPoint"",""coordinates"":[]}"
20080430,0,2008-04-30,"{""type"":""MultiPoint"",""coordinates"":[]}"
20080501,0,2008-05-01,"{""type"":""MultiPoint"",""coordinates"":[]}"
20080502,0,2008-05-02,"{""type"":""MultiPoint"",""coordinates"":[]}"
20080503,0,2008-05-03,"{""type"":""MultiPoint"",""coordinates"":[]}"
20080504,0,2008-05-04,"{""type"":""MultiPoint"",""coordinates"":[]}"
20080505,0,2008-05-05,"{""type"":""MultiPoint"",""coordinates"":[]}"
20080506,0,2008-05-06,"{""type"":""MultiPoint"",""coordinates"":[]}"
20080507,0,2008-05-07,"{""type"":""MultiPoint"",""coordinates"":[]}"
20080508,0,2008-05-08,"{""type"":""MultiPoint"",""coordinates"":[]}"
20080509,0,2008-05-09,"{""type"":""MultiPoint"",""coordinates"":[]}"
20080510,0,2008-05-10,"{""type"":""MultiPoint"",""coordinates"":[]}"
20080511,0,2008-05-11,"{""type"":""MultiPoint"",""coordinates"":[]}"
20080512,0,2008-05-12,"{""type"":""MultiPoint"",""coordinates"":[]}"
20080513,0,2008-05-13,"{""type"":""MultiPoint"",""coordinates"":[]}"
20080514,0,2008-05-14,"{""type"":""MultiPoint"",""coordinates"":[]}"
20080515,0,2008-05-15,"{""type"":""MultiPoint"",""coordinates"":[]}"
20080516,0,2008-05-16,"{""type"":""MultiPoint"",""coordinates"":[]}"
20080517,0,2008-05-17,"{""type"":""MultiPoint"",""coordinates"":[]}"
20080518,0,2008-05-18,"{""type"":""MultiPoint"",""coordinates"":[]}"
20080519,0,2008-05-19,"{""type"":""MultiPoint"",""coordinates"":[]}"
20080520,0.087401402,2008-05-20,"{""type"":""MultiPoint"",""coordinates"":[]}"
20080521,0.9685409852392087,2008-05-21,"{""type"":""MultiPoint"",""coordinates"":[]}"
20080522,1.7430484886195676,2008-05-22,"{""type"":""MultiPoint"",""coordinates"":[]}"
20080523,0.5433593556419103,2008-05-23,"{""type"":""MultiPoint"",""coordinates"":[]}"
20080524,0.444586554,2008-05-24,"{""type"":""MultiPoint"",""coordinates"":[]}"
20080525,0.007615235,2008-05-25,"{""type"":""MultiPoint"",""coordinates"":[]}"
20080526,2.041322235980491,2008-05-26,"{""type"":""MultiPoint"",""coordinates"":[]}"
20080527,0.3464245778281756,2008-05-27,"{""type"":""MultiPoint"",""coordinates"":[]}"
20080528,0,2008-05-28,"{""type"":""MultiPoint"",""coordinates"":[]}"
20080529,0,2008-05-29,"{""type"":""MultiPoint"",""coordinates"":[]}"
20080530,0.13496072046004806,2008-05-30,"{""type"":""MultiPoint"",""coordinates"":[]}"
20080531,0.14581235571644646,2008-05-31,"{""type"":""MultiPoint"",""coordinates"":[]}"
20080601,0.2354104235293922,2008-06-01,"{""type"":""MultiPoint"",""coordinates"":[]}"
20080602,1.6973239715865722,2008-06-02,"{""type"":""MultiPoint"",""coordinates"":[]}"
20080603,16.556969915464148,2008-06-03,"{""type"":""MultiPoint"",""coordinates"":[]}"
20080604,6.036427673786807,2008-06-04,"{""type"":""MultiPoint"",""coordinates"":[]}"
20080605,0.8761457884999272,2008-06-05,"{""type"":""MultiPoint"",""coordinates"":[]}"
20080606,9.394841096586843,2008-06-06,"{""type"":""MultiPoint"",""coordinates"":[]}"
20080607,21.581859803397336,2008-06-07,"{""type"":""MultiPoint"",""coordinates"":[]}"
20080608,5.5911339341261606,2008-06-08,"{""type"":""MultiPoint"",""coordinates"":[]}"
20080609,0.8581251200779235,2008-06-09,"{""type"":""MultiPoint"",""coordinates"":[]}"
20080610,1.6497672777565209,2008-06-10,"{""type"":""MultiPoint"",""coordinates"":[]}"
20080611,2.0098147234800234,2008-06-11,"{""type"":""MultiPoint"",""coordinates"":[]}"
20080612,0.7859092606847897,2008-06-12,"{""type"":""MultiPoint"",""coordinates"":[]}"
20080613,0.003169872,2008-06-13,"{""type"":""MultiPoint"",""coordinates"":[]}"
20080614,5.568149440346155,2008-06-14,"{""type"":""MultiPoint"",""coordinates"":[]}"
20080615,0.8950990032188151,2008-06-15,"{""type"":""MultiPoint"",""coordinates"":[]}"
20080616,0.30385166753359844,2008-06-16,"{""type"":""MultiPoint"",""coordinates"":[]}"
20080617,0.15387295368721823,2008-06-17,"{""type"":""MultiPoint"",""coordinates"":[]}"
20080618,0,2008-06-18,"{""type"":""MultiPoint"",""coordinates"":[]}"
20080619,0.16615607686856856,2008-06-19,"{""type"":""MultiPoint"",""coordinates"":[]}"
20080620,0,2008-06-20,"{""type"":""MultiPoint"",""coordinates"":[]}"
20080621,1.201678296787167,2008-06-21,"{""type"":""MultiPoint"",""coordinates"":[]}"
20080622,0,2008-06-22,"{""type"":""MultiPoint"",""coordinates"":[]}"
20080623,0,2008-06-23,"{""type"":""MultiPoint"",""coordinates"":[]}"
20080624,0,2008-06-24,"{""type"":""MultiPoint"",""coordinates"":[]}"
20080625,1.947931492,2008-06-25,"{""type"":""MultiPoint"",""coordinates"":[]}"
20080626,0.6394505104273775,2008-06-26,"{""type"":""MultiPoint"",""coordinates"":[]}"
20080627,0.2739072596521179,2008-06-27,"{""type"":""MultiPoint"",""coordinates"":[]}"
20080628,0.2332595015190803,2008-06-28,"{""type"":""MultiPoint"",""coordinates"":[]}"
20080629,17.994394637513977,2008-06-29,"{""type"":""MultiPoint"",""coordinates"":[]}"
20080630,15.237559328631706,2008-06-30,"{""type"":""MultiPoint"",""coordinates"":[]}"
20080701,0.3135935614826429,2008-07-01,"{""type"":""MultiPoint"",""coordinates"":[]}"
20080702,0,2008-07-02,"{""type"":""MultiPoint"",""coordinates"":[]}"
20080703,0,2008-07-03,"{""type"":""MultiPoint"",""coordinates"":[]}"
20080704,0,2008-07-04,"{""type"":""MultiPoint"",""coordinates"":[]}"
20080705,0,2008-07-05,"{""type"":""MultiPoint"",""coordinates"":[]}"
20080706,0,2008-07-06,"{""type"":""MultiPoint"",""coordinates"":[]}"
20080707,0,2008-07-07,"{""type"":""MultiPoint"",""coordinates"":[]}"
20080708,0,2008-07-08,"{""type"":""MultiPoint"",""coordinates"":[]}"
20080709,0,2008-07-09,"{""type"":""MultiPoint"",""coordinates"":[]}"
20080710,8.926911468505404,2008-07-10,"{""type"":""MultiPoint"",""coordinates"":[]}"
20080711,1.859369035520664,2008-07-11,"{""type"":""MultiPoint"",""coordinates"":[]}"
20080712,0,2008-07-12,"{""type"":""MultiPoint"",""coordinates"":[]}"
20080713,0,2008-07-13,"{""type"":""MultiPoint"",""coordinates"":[]}"
20080714,0,2008-07-14,"{""type"":""MultiPoint"",""coordinates"":[]}"
20080715,0.057646751,2008-07-15,"{""type"":""MultiPoint"",""coordinates"":[]}"
20080716,2.0563364312429058,2008-07-16,"{""type"":""MultiPoint"",""coordinates"":[]}"
20080717,0,2008-07-17,"{""type"":""MultiPoint"",""coordinates"":[]}"
20080718,0.013844897816520515,2008-07-18,"{""type"":""MultiPoint"",""coordinates"":[]}"
20080719,0.034925875,2008-07-19,"{""type"":""MultiPoint"",""coordinates"":[]}"
20080720,0.42036671280774957,2008-07-20,"{""type"":""MultiPoint"",""coordinates"":[]}"
20080721,1.5365060978850862,2008-07-21,"{""type"":""MultiPoint"",""coordinates"":[]}"
20080722,0.5236361487514347,2008-07-22,"{""type"":""MultiPoint"",""coordinates"":[]}"
20080723,23.087085507436395,2008-07-23,"{""type"":""MultiPoint"",""coordinates"":[]}"
20080724,26.976186725883768,2008-07-24,"{""type"":""MultiPoint"",""coordinates"":[]}"
20080725,7.457639416860921,2008-07-25,"{""type"":""MultiPoint"",""coordinates"":[]}"
20080726,46.09389602978066,2008-07-26,"{""type"":""MultiPoint"",""coordinates"":[]}"
20080727,8.849406836720304,2008-07-27,"{""type"":""MultiPoint"",""coordinates"":[]}"
20080728,1.4437843499766885,2008-07-28,"{""type"":""MultiPoint"",""coordinates"":[]}"
20080729,20.628925494794146,2008-07-29,"{""type"":""MultiPoint"",""coordinates"":[]}"
20080730,4.908257622258506,2008-07-30,"{""type"":""MultiPoint"",""coordinates"":[]}"
20080731,0,2008-07-31,"{""type"":""MultiPoint"",""coordinates"":[]}"
20080801,1.4293758317482046,2008-08-01,"{""type"":""MultiPoint"",""coordinates"":[]}"
20080802,0,2008-08-02,"{""type"":""MultiPoint"",""coordinates"":[]}"
20080803,0.41148755938138465,2008-08-03,"{""type"":""MultiPoint"",""coordinates"":[]}"
20080804,14.682425144174898,2008-08-04,"{""type"":""MultiPoint"",""coordinates"":[]}"
20080805,44.61146163638585,2008-08-05,"{""type"":""MultiPoint"",""coordinates"":[]}"
20080806,0.3419524515355957,2008-08-06,"{""type"":""MultiPoint"",""coordinates"":[]}"
20080807,0.14497951917738355,2008-08-07,"{""type"":""MultiPoint"",""coordinates"":[]}"
20080808,0.12741229115914177,2008-08-08,"{""type"":""MultiPoint"",""coordinates"":[]}"
20080809,25.787087657030128,2008-08-09,"{""type"":""MultiPoint"",""coordinates"":[]}"
20080810,24.024736545714646,2008-08-10,"{""type"":""MultiPoint"",""coordinates"":[]}"
20080811,64.79015448,2008-08-11,"{""type"":""MultiPoint"",""coordinates"":[]}"
20080812,0.20919683292011107,2008-08-12,"{""type"":""MultiPoint"",""coordinates"":[]}"
20080813,0,2008-08-13,"{""type"":""MultiPoint"",""coordinates"":[]}"
20080814,0,2008-08-14,"{""type"":""MultiPoint"",""coordinates"":[]}"
20080815,1.254719334453347,2008-08-15,"{""type"":""MultiPoint"",""coordinates"":[]}"
20080816,0,2008-08-16,"{""type"":""MultiPoint"",""coordinates"":[]}"
20080817,0.10999827864380211,2008-08-17,"{""type"":""MultiPoint"",""coordinates"":[]}"
20080818,0.13062045648836712,2008-08-18,"{""type"":""MultiPoint"",""coordinates"":[]}"
20080819,3.282689752442507,2008-08-19,"{""type"":""MultiPoint"",""coordinates"":[]}"
20080820,0,2008-08-20,"{""type"":""MultiPoint"",""coordinates"":[]}"
20080821,0,2008-08-21,"{""type"":""MultiPoint"",""coordinates"":[]}"
20080822,0,2008-08-22,"{""type"":""MultiPoint"",""coordinates"":[]}"
20080823,0,2008-08-23,"{""type"":""MultiPoint"",""coordinates"":[]}"
20080824,0,2008-08-24,"{""type"":""MultiPoint"",""coordinates"":[]}"
20080825,23.374644159843346,2008-08-25,"{""type"":""MultiPoint"",""coordinates"":[]}"
20080826,0.9755962525145464,2008-08-26,"{""type"":""MultiPoint"",""coordinates"":[]}"
20080827,5.676608361939104E-4,2008-08-27,"{""type"":""MultiPoint"",""coordinates"":[]}"
20080828,6.309557419208938,2008-08-28,"{""type"":""MultiPoint"",""coordinates"":[]}"
20080829,21.221383335272503,2008-08-29,"{""type"":""MultiPoint"",""coordinates"":[]}"
20080830,22.216662485219118,2008-08-30,"{""type"":""MultiPoint"",""coordinates"":[]}"
20080831,29.988937953964005,2008-08-31,"{""type"":""MultiPoint"",""coordinates"":[]}"
20080901,13.223583006279933,2008-09-01,"{""type"":""MultiPoint"",""coordinates"":[]}"
20080902,25.393660115286966,2008-09-02,"{""type"":""MultiPoint"",""coordinates"":[]}"
20080903,32.523634152365176,2008-09-03,"{""type"":""MultiPoint"",""coordinates"":[]}"
20080904,27.412307801672803,2008-09-04,"{""type"":""MultiPoint"",""coordinates"":[]}"
20080905,28.19089896331554,2008-09-05,"{""type"":""MultiPoint"",""coordinates"":[]}"
20080906,5.099040727879673,2008-09-06,"{""type"":""MultiPoint"",""coordinates"":[]}"
20080907,17.37333377879426,2008-09-07,"{""type"":""MultiPoint"",""coordinates"":[]}"
20080908,31.973169132041097,2008-09-08,"{""type"":""MultiPoint"",""coordinates"":[]}"
20080909,21.11250937910371,2008-09-09,"{""type"":""MultiPoint"",""coordinates"":[]}"
20080910,12.185882576593189,2008-09-10,"{""type"":""MultiPoint"",""coordinates"":[]}"
20080911,22.371087029716016,2008-09-11,"{""type"":""MultiPoint"",""coordinates"":[]}"
20080912,49.10583406958186,2008-09-12,"{""type"":""MultiPoint"",""coordinates"":[]}"
20080913,9.267261660495711,2008-09-13,"{""type"":""MultiPoint"",""coordinates"":[]}"
20080914,6.364033105264922,2008-09-14,"{""type"":""MultiPoint"",""coordinates"":[]}"
20080915,0,2008-09-15,"{""type"":""MultiPoint"",""coordinates"":[]}"
20080916,0,2008-09-16,"{""type"":""MultiPoint"",""coordinates"":[]}"
20080917,0,2008-09-17,"{""type"":""MultiPoint"",""coordinates"":[]}"
20080918,0,2008-09-18,"{""type"":""MultiPoint"",""coordinates"":[]}"
20080919,22.715867437941256,2008-09-19,"{""type"":""MultiPoint"",""coordinates"":[]}"
20080920,19.21972565819764,2008-09-20,"{""type"":""MultiPoint"",""coordinates"":[]}"
20080921,0.089608795,2008-09-21,"{""type"":""MultiPoint"",""coordinates"":[]}"
20080922,0,2008-09-22,"{""type"":""MultiPoint"",""coordinates"":[]}"
20080923,0,2008-09-23,"{""type"":""MultiPoint"",""coordinates"":[]}"
20080924,0,2008-09-24,"{""type"":""MultiPoint"",""coordinates"":[]}"
20080925,0,2008-09-25,"{""type"":""MultiPoint"",""coordinates"":[]}"
20080926,0,2008-09-26,"{""type"":""MultiPoint"",""coordinates"":[]}"
20080927,0,2008-09-27,"{""type"":""MultiPoint"",""coordinates"":[]}"
20080928,0,2008-09-28,"{""type"":""MultiPoint"",""coordinates"":[]}"
20080929,0,2008-09-29,"{""type"":""MultiPoint"",""coordinates"":[]}"
20080930,0,2008-09-30,"{""type"":""MultiPoint"",""coordinates"":[]}"
20081001,0,2008-10-01,"{""type"":""MultiPoint"",""coordinates"":[]}"
20081002,0,2008-10-02,"{""type"":""MultiPoint"",""coordinates"":[]}"
20081003,5.2317392139291545,2008-10-03,"{""type"":""MultiPoint"",""coordinates"":[]}"
20081004,2.6510493756031646,2008-10-04,"{""type"":""MultiPoint"",""coordinates"":[]}"
20081005,6.661171638884683,2008-10-05,"{""type"":""MultiPoint"",""coordinates"":[]}"
20081006,1.284771340750842,2008-10-06,"{""type"":""MultiPoint"",""coordinates"":[]}"
20081007,9.734806777965678,2008-10-07,"{""type"":""MultiPoint"",""coordinates"":[]}"
20081008,1.148124259746533,2008-10-08,"{""type"":""MultiPoint"",""coordinates"":[]}"
20081009,5.647435449378725,2008-10-09,"{""type"":""MultiPoint"",""coordinates"":[]}"
20081010,7.795820649542879,2008-10-10,"{""type"":""MultiPoint"",""coordinates"":[]}"
20081011,0.6358853878211681,2008-10-11,"{""type"":""MultiPoint"",""coordinates"":[]}"
20081012,0,2008-10-12,"{""type"":""MultiPoint"",""coordinates"":[]}"
20081013,0,2008-10-13,"{""type"":""MultiPoint"",""coordinates"":[]}"
20081014,0,2008-10-14,"{""type"":""MultiPoint"",""coordinates"":[]}"
20081015,0,2008-10-15,"{""type"":""MultiPoint"",""coordinates"":[]}"
20081016,0,2008-10-16,"{""type"":""MultiPoint"",""coordinates"":[]}"
20081017,0,2008-10-17,"{""type"":""MultiPoint"",""coordinates"":[]}"
20081018,0,2008-10-18,"{""type"":""MultiPoint"",""coordinates"":[]}"
20081019,0,2008-10-19,"{""type"":""MultiPoint"",""coordinates"":[]}"
20081020,0,2008-10-20,"{""type"":""MultiPoint"",""coordinates"":[]}"
20081021,0,2008-10-21,"{""type"":""MultiPoint"",""coordinates"":[]}"
20081022,0,2008-10-22,"{""type"":""MultiPoint"",""coordinates"":[]}"
20081023,0,2008-10-23,"{""type"":""MultiPoint"",""coordinates"":[]}"
20081024,0,2008-10-24,"{""type"":""MultiPoint"",""coordinates"":[]}"
20081025,0,2008-10-25,"{""type"":""MultiPoint"",""coordinates"":[]}"
20081026,0,2008-10-26,"{""type"":""MultiPoint"",""coordinates"":[]}"
20081027,0,2008-10-27,"{""type"":""MultiPoint"",""coordinates"":[]}"
20081028,0,2008-10-28,"{""type"":""MultiPoint"",""coordinates"":[]}"
20081029,0,2008-10-29,"{""type"":""MultiPoint"",""coordinates"":[]}"
20081030,0,2008-10-30,"{""type"":""MultiPoint"",""coordinates"":[]}"
20081031,0,2008-10-31,"{""type"":""MultiPoint"",""coordinates"":[]}"
20081101,0,2008-11-01,"{""type"":""MultiPoint"",""coordinates"":[]}"
20081102,0,2008-11-02,"{""type"":""MultiPoint"",""coordinates"":[]}"
20081103,0,2008-11-03,"{""type"":""MultiPoint"",""coordinates"":[]}"
20081104,0,2008-11-04,"{""type"":""MultiPoint"",""coordinates"":[]}"
20081105,0,2008-11-05,"{""type"":""MultiPoint"",""coordinates"":[]}"
20081106,0,2008-11-06,"{""type"":""MultiPoint"",""coordinates"":[]}"
20081107,0,2008-11-07,"{""type"":""MultiPoint"",""coordinates"":[]}"
20081108,0,2008-11-08,"{""type"":""MultiPoint"",""coordinates"":[]}"
20081109,0,2008-11-09,"{""type"":""MultiPoint"",""coordinates"":[]}"
20081110,0,2008-11-10,"{""type"":""MultiPoint"",""coordinates"":[]}"
20081111,0,2008-11-11,"{""type"":""MultiPoint"",""coordinates"":[]}"
20081112,0,2008-11-12,"{""type"":""MultiPoint"",""coordinates"":[]}"
20081113,0,2008-11-13,"{""type"":""MultiPoint"",""coordinates"":[]}"
20081114,0,2008-11-14,"{""type"":""MultiPoint"",""coordinates"":[]}"
20081115,0.40348765865160696,2008-11-15,"{""type"":""MultiPoint"",""coordinates"":[]}"
20081116,1.0559474564990547,2008-11-16,"{""type"":""MultiPoint"",""coordinates"":[]}"
20081117,0.086962823,2008-11-17,"{""type"":""MultiPoint"",""coordinates"":[]}"
20081118,0,2008-11-18,"{""type"":""MultiPoint"",""coordinates"":[]}"
20081119,0,2008-11-19,"{""type"":""MultiPoint"",""coordinates"":[]}"
20081120,5.506449349,2008-11-20,"{""type"":""MultiPoint"",""coordinates"":[]}"
20081121,0.5392861643180009,2008-11-21,"{""type"":""MultiPoint"",""coordinates"":[]}"
20081122,0,2008-11-22,"{""type"":""MultiPoint"",""coordinates"":[]}"
20081123,0,2008-11-23,"{""type"":""MultiPoint"",""coordinates"":[]}"
20081124,0,2008-11-24,"{""type"":""MultiPoint"",""coordinates"":[]}"
20081125,0,2008-11-25,"{""type"":""MultiPoint"",""coordinates"":[]}"
20081126,0,2008-11-26,"{""type"":""MultiPoint"",""coordinates"":[]}"
20081127,0,2008-11-27,"{""type"":""MultiPoint"",""coordinates"":[]}"
20081128,1.815542832066276,2008-11-28,"{""type"":""MultiPoint"",""coordinates"":[]}"
20081129,1.0912459457503103,2008-11-29,"{""type"":""MultiPoint"",""coordinates"":[]}"
20081130,2.796540817028469,2008-11-30,"{""type"":""MultiPoint"",""coordinates"":[]}"
20081201,7.912906001605053,2008-12-01,"{""type"":""MultiPoint"",""coordinates"":[]}"
20081202,3.487136603167231,2008-12-02,"{""type"":""MultiPoint"",""coordinates"":[]}"
20081203,2.117553565911809,2008-12-03,"{""type"":""MultiPoint"",""coordinates"":[]}"
20081204,0,2008-12-04,"{""type"":""MultiPoint"",""coordinates"":[]}"
20081205,0,2008-12-05,"{""type"":""MultiPoint"",""coordinates"":[]}"
20081206,0,2008-12-06,"{""type"":""MultiPoint"",""coordinates"":[]}"
20081207,0,2008-12-07,"{""type"":""MultiPoint"",""coordinates"":[]}"
20081208,0,2008-12-08,"{""type"":""MultiPoint"",""coordinates"":[]}"
20081209,0,2008-12-09,"{""type"":""MultiPoint"",""coordinates"":[]}"
20081210,0,2008-12-10,"{""type"":""MultiPoint"",""coordinates"":[]}"
20081211,0,2008-12-11,"{""type"":""MultiPoint"",""coordinates"":[]}"
20081212,0,2008-12-12,"{""type"":""MultiPoint"",""coordinates"":[]}"
20081213,0,2008-12-13,"{""type"":""MultiPoint"",""coordinates"":[]}"
20081214,0,2008-12-14,"{""type"":""MultiPoint"",""coordinates"":[]}"
20081215,0,2008-12-15,"{""type"":""MultiPoint"",""coordinates"":[]}"
20081216,0,2008-12-16,"{""type"":""MultiPoint"",""coordinates"":[]}"
20081217,0,2008-12-17,"{""type"":""MultiPoint"",""coordinates"":[]}"
20081218,0,2008-12-18,"{""type"":""MultiPoint"",""coordinates"":[]}"
20081219,0.001382346,2008-12-19,"{""type"":""MultiPoint"",""coordinates"":[]}"
20081220,1.652552891988095,2008-12-20,"{""type"":""MultiPoint"",""coordinates"":[]}"
20081221,0,2008-12-21,"{""type"":""MultiPoint"",""coordinates"":[]}"
20081222,0,2008-12-22,"{""type"":""MultiPoint"",""coordinates"":[]}"
20081223,0,2008-12-23,"{""type"":""MultiPoint"",""coordinates"":[]}"
20081224,0,2008-12-24,"{""type"":""MultiPoint"",""coordinates"":[]}"
20081225,0,2008-12-25,"{""type"":""MultiPoint"",""coordinates"":[]}"
20081226,0,2008-12-26,"{""type"":""MultiPoint"",""coordinates"":[]}"
20081227,0,2008-12-27,"{""type"":""MultiPoint"",""coordinates"":[]}"
20081228,0,2008-12-28,"{""type"":""MultiPoint"",""coordinates"":[]}"
20081229,0,2008-12-29,"{""type"":""MultiPoint"",""coordinates"":[]}"
20081230,0,2008-12-30,"{""type"":""MultiPoint"",""coordinates"":[]}"
20081231,0,2008-12-31,"{""type"":""MultiPoint"",""coordinates"":[]}"
20090101,0,2009-01-01,"{""type"":""MultiPoint"",""coordinates"":[]}"
20090102,0,2009-01-02,"{""type"":""MultiPoint"",""coordinates"":[]}"
20090103,0,2009-01-03,"{""type"":""MultiPoint"",""coordinates"":[]}"
20090104,0,2009-01-04,"{""type"":""MultiPoint"",""coordinates"":[]}"
20090105,0,2009-01-05,"{""type"":""MultiPoint"",""coordinates"":[]}"
20090106,0,2009-01-06,"{""type"":""MultiPoint"",""coordinates"":[]}"
20090107,0,2009-01-07,"{""type"":""MultiPoint"",""coordinates"":[]}"
20090108,0,2009-01-08,"{""type"":""MultiPoint"",""coordinates"":[]}"
20090109,0,2009-01-09,"{""type"":""MultiPoint"",""coordinates"":[]}"
20090110,0,2009-01-10,"{""type"":""MultiPoint"",""coordinates"":[]}"
20090111,0,2009-01-11,"{""type"":""MultiPoint"",""coordinates"":[]}"
20090112,0.013375490273751208,2009-01-12,"{""type"":""MultiPoint"",""coordinates"":[]}"
20090113,0,2009-01-13,"{""type"":""MultiPoint"",""coordinates"":[]}"
20090114,0,2009-01-14,"{""type"":""MultiPoint"",""coordinates"":[]}"
20090115,0,2009-01-15,"{""type"":""MultiPoint"",""coordinates"":[]}"
20090116,0,2009-01-16,"{""type"":""MultiPoint"",""coordinates"":[]}"
20090117,0,2009-01-17,"{""type"":""MultiPoint"",""coordinates"":[]}"
20090118,0,2009-01-18,"{""type"":""MultiPoint"",""coordinates"":[]}"
20090119,0.001792454,2009-01-19,"{""type"":""MultiPoint"",""coordinates"":[]}"
20090120,0,2009-01-20,"{""type"":""MultiPoint"",""coordinates"":[]}"
20090121,0,2009-01-21,"{""type"":""MultiPoint"",""coordinates"":[]}"
20090122,0,2009-01-22,"{""type"":""MultiPoint"",""coordinates"":[]}"
20090123,0,2009-01-23,"{""type"":""MultiPoint"",""coordinates"":[]}"
20090124,0.32485349870726443,2009-01-24,"{""type"":""MultiPoint"",""coordinates"":[]}"
20090125,0,2009-01-25,"{""type"":""MultiPoint"",""coordinates"":[]}"
20090126,0,2009-01-26,"{""type"":""MultiPoint"",""coordinates"":[]}"
20090127,0,2009-01-27,"{""type"":""MultiPoint"",""coordinates"":[]}"
20090128,0,2009-01-28,"{""type"":""MultiPoint"",""coordinates"":[]}"
20090129,0,2009-01-29,"{""type"":""MultiPoint"",""coordinates"":[]}"
20090130,0,2009-01-30,"{""type"":""MultiPoint"",""coordinates"":[]}"
20090131,0,2009-01-31,"{""type"":""MultiPoint"",""coordinates"":[]}"
20090201,0,2009-02-01,"{""type"":""MultiPoint"",""coordinates"":[]}"
20090202,0,2009-02-02,"{""type"":""MultiPoint"",""coordinates"":[]}"
20090203,0,2009-02-03,"{""type"":""MultiPoint"",""coordinates"":[]}"
20090204,0,2009-02-04,"{""type"":""MultiPoint"",""coordinates"":[]}"
20090205,0,2009-02-05,"{""type"":""MultiPoint"",""coordinates"":[]}"
20090206,0,2009-02-06,"{""type"":""MultiPoint"",""coordinates"":[]}"
20090207,0,2009-02-07,"{""type"":""MultiPoint"",""coordinates"":[]}"
20090208,0,2009-02-08,"{""type"":""MultiPoint"",""coordinates"":[]}"
20090209,0,2009-02-09,"{""type"":""MultiPoint"",""coordinates"":[]}"
20090210,0,2009-02-10,"{""type"":""MultiPoint"",""coordinates"":[]}"
20090211,0,2009-02-11,"{""type"":""MultiPoint"",""coordinates"":[]}"
20090212,0,2009-02-12,"{""type"":""MultiPoint"",""coordinates"":[]}"
20090213,0,2009-02-13,"{""type"":""MultiPoint"",""coordinates"":[]}"
20090214,0.012929892701876526,2009-02-14,"{""type"":""MultiPoint"",""coordinates"":[]}"
20090215,0.012929892701876526,2009-02-15,"{""type"":""MultiPoint"",""coordinates"":[]}"
20090216,0,2009-02-16,"{""type"":""MultiPoint"",""coordinates"":[]}"
20090217,0,2009-02-17,"{""type"":""MultiPoint"",""coordinates"":[]}"
20090218,0,2009-02-18,"{""type"":""MultiPoint"",""coordinates"":[]}"
20090219,0.003349239,2009-02-19,"{""type"":""MultiPoint"",""coordinates"":[]}"
20090220,0.003349239,2009-02-20,"{""type"":""MultiPoint"",""coordinates"":[]}"
20090221,0,2009-02-21,"{""type"":""MultiPoint"",""coordinates"":[]}"
20090222,0,2009-02-22,"{""type"":""MultiPoint"",""coordinates"":[]}"
20090223,0,2009-02-23,"{""type"":""MultiPoint"",""coordinates"":[]}"
20090224,0,2009-02-24,"{""type"":""MultiPoint"",""coordinates"":[]}"
20090225,0,2009-02-25,"{""type"":""MultiPoint"",""coordinates"":[]}"
20090226,0,2009-02-26,"{""type"":""MultiPoint"",""coordinates"":[]}"
20090227,0,2009-02-27,"{""type"":""MultiPoint"",""coordinates"":[]}"
20090228,0,2009-02-28,"{""type"":""MultiPoint"",""coordinates"":[]}"
20090301,0,2009-03-01,"{""type"":""MultiPoint"",""coordinates"":[]}"
20090302,0,2009-03-02,"{""type"":""MultiPoint"",""coordinates"":[]}"
20090303,0,2009-03-03,"{""type"":""MultiPoint"",""coordinates"":[]}"
20090304,0,2009-03-04,"{""type"":""MultiPoint"",""coordinates"":[]}"
20090305,0,2009-03-05,"{""type"":""MultiPoint"",""coordinates"":[]}"
20090306,0,2009-03-06,"{""type"":""MultiPoint"",""coordinates"":[]}"
20090307,0,2009-03-07,"{""type"":""MultiPoint"",""coordinates"":[]}"
20090308,0,2009-03-08,"{""type"":""MultiPoint"",""coordinates"":[]}"
20090309,0,2009-03-09,"{""type"":""MultiPoint"",""coordinates"":[]}"
20090310,0,2009-03-10,"{""type"":""MultiPoint"",""coordinates"":[]}"
20090311,0,2009-03-11,"{""type"":""MultiPoint"",""coordinates"":[]}"
20090312,0,2009-03-12,"{""type"":""MultiPoint"",""coordinates"":[]}"
20090313,1.3360619210860778,2009-03-13,"{""type"":""MultiPoint"",""coordinates"":[]}"
20090314,0.5088260965781506,2009-03-14,"{""type"":""MultiPoint"",""coordinates"":[]}"
20090315,0,2009-03-15,"{""type"":""MultiPoint"",""coordinates"":[]}"
20090316,0,2009-03-16,"{""type"":""MultiPoint"",""coordinates"":[]}"
20090317,0,2009-03-17,"{""type"":""MultiPoint"",""coordinates"":[]}"
20090318,0,2009-03-18,"{""type"":""MultiPoint"",""coordinates"":[]}"
20090319,0,2009-03-19,"{""type"":""MultiPoint"",""coordinates"":[]}"
20090320,0,2009-03-20,"{""type"":""MultiPoint"",""coordinates"":[]}"
20090321,0,2009-03-21,"{""type"":""MultiPoint"",""coordinates"":[]}"
20090322,0,2009-03-22,"{""type"":""MultiPoint"",""coordinates"":[]}"
20090323,0,2009-03-23,"{""type"":""MultiPoint"",""coordinates"":[]}"
20090324,0,2009-03-24,"{""type"":""MultiPoint"",""coordinates"":[]}"
20090325,0,2009-03-25,"{""type"":""MultiPoint"",""coordinates"":[]}"
20090326,0,2009-03-26,"{""type"":""MultiPoint"",""coordinates"":[]}"
20090327,0,2009-03-27,"{""type"":""MultiPoint"",""coordinates"":[]}"
20090328,0,2009-03-28,"{""type"":""MultiPoint"",""coordinates"":[]}"
20090329,0,2009-03-29,"{""type"":""MultiPoint"",""coordinates"":[]}"
20090330,0,2009-03-30,"{""type"":""MultiPoint"",""coordinates"":[]}"
20090331,0,2009-03-31,"{""type"":""MultiPoint"",""coordinates"":[]}"
20090401,0,2009-04-01,"{""type"":""MultiPoint"",""coordinates"":[]}"
20090402,0.040703659,2009-04-02,"{""type"":""MultiPoint"",""coordinates"":[]}"
20090403,0,2009-04-03,"{""type"":""MultiPoint"",""coordinates"":[]}"
20090404,1.1572700626707202,2009-04-04,"{""type"":""MultiPoint"",""coordinates"":[]}"
20090405,1.1240140421986595,2009-04-05,"{""type"":""MultiPoint"",""coordinates"":[]}"
20090406,0.8597506338778934,2009-04-06,"{""type"":""MultiPoint"",""coordinates"":[]}"
20090407,0,2009-04-07,"{""type"":""MultiPoint"",""coordinates"":[]}"
20090408,0,2009-04-08,"{""type"":""MultiPoint"",""coordinates"":[]}"
20090409,0.12877355449541744,2009-04-09,"{""type"":""MultiPoint"",""coordinates"":[]}"
20090410,0.1302179618693436,2009-04-10,"{""type"":""MultiPoint"",""coordinates"":[]}"
20090411,0,2009-04-11,"{""type"":""MultiPoint"",""coordinates"":[]}"
20090412,0.030451028923611366,2009-04-12,"{""type"":""MultiPoint"",""coordinates"":[]}"
20090413,0.007574585,2009-04-13,"{""type"":""MultiPoint"",""coordinates"":[]}"
20090414,0.007574585,2009-04-14,"{""type"":""MultiPoint"",""coordinates"":[]}"
20090415,0.007574585,2009-04-15,"{""type"":""MultiPoint"",""coordinates"":[]}"
20090416,0,2009-04-16,"{""type"":""MultiPoint"",""coordinates"":[]}"
20090417,0,2009-04-17,"{""type"":""MultiPoint"",""coordinates"":[]}"
20090418,0,2009-04-18,"{""type"":""MultiPoint"",""coordinates"":[]}"
20090419,0,2009-04-19,"{""type"":""MultiPoint"",""coordinates"":[]}"
20090420,0,2009-04-20,"{""type"":""MultiPoint"",""coordinates"":[]}"
20090421,0,2009-04-21,"{""type"":""MultiPoint"",""coordinates"":[]}"
20090422,0,2009-04-22,"{""type"":""MultiPoint"",""coordinates"":[]}"
20090423,0,2009-04-23,"{""type"":""MultiPoint"",""coordinates"":[]}"
20090424,0,2009-04-24,"{""type"":""MultiPoint"",""coordinates"":[]}"
20090425,0,2009-04-25,"{""type"":""MultiPoint"",""coordinates"":[]}"
20090426,0,2009-04-26,"{""type"":""MultiPoint"",""coordinates"":[]}"
20090427,0,2009-04-27,"{""type"":""MultiPoint"",""coordinates"":[]}"
20090428,0,2009-04-28,"{""type"":""MultiPoint"",""coordinates"":[]}"
20090429,0.011266030416650658,2009-04-29,"{""type"":""MultiPoint"",""coordinates"":[]}"
20090430,0.012226182329592295,2009-04-30,"{""type"":""MultiPoint"",""coordinates"":[]}"
20090501,0,2009-05-01,"{""type"":""MultiPoint"",""coordinates"":[]}"
20090502,0,2009-05-02,"{""type"":""MultiPoint"",""coordinates"":[]}"
20090503,0,2009-05-03,"{""type"":""MultiPoint"",""coordinates"":[]}"
20090504,0,2009-05-04,"{""type"":""MultiPoint"",""coordinates"":[]}"
20090505,0,2009-05-05,"{""type"":""MultiPoint"",""coordinates"":[]}"
20090506,0,2009-05-06,"{""type"":""MultiPoint"",""coordinates"":[]}"
20090507,0.7265156259756262,2009-05-07,"{""type"":""MultiPoint"",""coordinates"":[]}"
20090508,0.15597467721514424,2009-05-08,"{""type"":""MultiPoint"",""coordinates"":[]}"
20090509,0,2009-05-09,"{""type"":""MultiPoint"",""coordinates"":[]}"
20090510,0,2009-05-10,"{""type"":""MultiPoint"",""coordinates"":[]}"
20090511,0,2009-05-11,"{""type"":""MultiPoint"",""coordinates"":[]}"
20090512,0,2009-05-12,"{""type"":""MultiPoint"",""coordinates"":[]}"
20090513,0,2009-05-13,"{""type"":""MultiPoint"",""coordinates"":[]}"
20090514,0,2009-05-14,"{""type"":""MultiPoint"",""coordinates"":[]}"
20090515,1.171666717,2009-05-15,"{""type"":""MultiPoint"",""coordinates"":[]}"
20090516,0,2009-05-16,"{""type"":""MultiPoint"",""coordinates"":[]}"
20090517,2.2476157233519425,2009-05-17,"{""type"":""MultiPoint"",""coordinates"":[]}"
20090518,0.5171700268450177,2009-05-18,"{""type"":""MultiPoint"",""coordinates"":[]}"
20090519,4.632466013700617,2009-05-19,"{""type"":""MultiPoint"",""coordinates"":[]}"
20090520,4.395514780570477,2009-05-20,"{""type"":""MultiPoint"",""coordinates"":[]}"
20090521,1.3116452167744768,2009-05-21,"{""type"":""MultiPoint"",""coordinates"":[]}"
20090522,0.5023058691596693,2009-05-22,"{""type"":""MultiPoint"",""coordinates"":[]}"
20090523,0,2009-05-23,"{""type"":""MultiPoint"",""coordinates"":[]}"
20090524,0,2009-05-24,"{""type"":""MultiPoint"",""coordinates"":[]}"
20090525,0,2009-05-25,"{""type"":""MultiPoint"",""coordinates"":[]}"
20090526,0,2009-05-26,"{""type"":""MultiPoint"",""coordinates"":[]}"
20090527,0,2009-05-27,"{""type"":""MultiPoint"",""coordinates"":[]}"
20090528,0,2009-05-28,"{""type"":""MultiPoint"",""coordinates"":[]}"
20090529,0,2009-05-29,"{""type"":""MultiPoint"",""coordinates"":[]}"
20090530,4.045734689769535E-4,2009-05-30,"{""type"":""MultiPoint"",""coordinates"":[]}"
20090531,0,2009-05-31,"{""type"":""MultiPoint"",""coordinates"":[]}"
20090601,0.9171718749118063,2009-06-01,"{""type"":""MultiPoint"",""coordinates"":[]}"
20090602,1.0629117755856863,2009-06-02,"{""type"":""MultiPoint"",""coordinates"":[]}"
20090603,0.15745893463747515,2009-06-03,"{""type"":""MultiPoint"",""coordinates"":[]}"
20090604,0.9528701554439589,2009-06-04,"{""type"":""MultiPoint"",""coordinates"":[]}"
20090605,10.926142492780896,2009-06-05,"{""type"":""MultiPoint"",""coordinates"":[]}"
20090606,18.874692477180105,2009-06-06,"{""type"":""MultiPoint"",""coordinates"":[]}"
20090607,5.974564993519374,2009-06-07,"{""type"":""MultiPoint"",""coordinates"":[]}"
20090608,0,2009-06-08,"{""type"":""MultiPoint"",""coordinates"":[]}"
20090609,0,2009-06-09,"{""type"":""MultiPoint"",""coordinates"":[]}"
20090610,0.12443765391600753,2009-06-10,"{""type"":""MultiPoint"",""coordinates"":[]}"
20090611,5.183050081869073,2009-06-11,"{""type"":""MultiPoint"",""coordinates"":[]}"
20090612,0,2009-06-12,"{""type"":""MultiPoint"",""coordinates"":[]}"
20090613,0.068427742,2009-06-13,"{""type"":""MultiPoint"",""coordinates"":[]}"
20090614,0.044287094,2009-06-14,"{""type"":""MultiPoint"",""coordinates"":[]}"
20090615,0.1217947011415379,2009-06-15,"{""type"":""MultiPoint"",""coordinates"":[]}"
20090616,0,2009-06-16,"{""type"":""MultiPoint"",""coordinates"":[]}"
20090617,1.698480762,2009-06-17,"{""type"":""MultiPoint"",""coordinates"":[]}"
20090618,9.262311817900622,2009-06-18,"{""type"":""MultiPoint"",""coordinates"":[]}"
20090619,14.355789311569733,2009-06-19,"{""type"":""MultiPoint"",""coordinates"":[]}"
20090620,20.81761508813427,2009-06-20,"{""type"":""MultiPoint"",""coordinates"":[]}"
20090621,15.079168702222868,2009-06-21,"{""type"":""MultiPoint"",""coordinates"":[]}"
20090622,2.3926214487994777,2009-06-22,"{""type"":""MultiPoint"",""coordinates"":[]}"
20090623,0,2009-06-23,"{""type"":""MultiPoint"",""coordinates"":[]}"
20090624,0,2009-06-24,"{""type"":""MultiPoint"",""coordinates"":[]}"
20090625,0,2009-06-25,"{""type"":""MultiPoint"",""coordinates"":[]}"
20090626,0,2009-06-26,"{""type"":""MultiPoint"",""coordinates"":[]}"
20090627,0,2009-06-27,"{""type"":""MultiPoint"",""coordinates"":[]}"
20090628,16.17072560079456,2009-06-28,"{""type"":""MultiPoint"",""coordinates"":[]}"
20090629,2.3110938927165994,2009-06-29,"{""type"":""MultiPoint"",""coordinates"":[]}"
20090630,2.753507444075853,2009-06-30,"{""type"":""MultiPoint"",""coordinates"":[]}"
20090701,2.1133603979269444,2009-07-01,"{""type"":""MultiPoint"",""coordinates"":[]}"
20090702,0.2597987162810084,2009-07-02,"{""type"":""MultiPoint"",""coordinates"":[]}"
20090703,9.871812495785841,2009-07-03,"{""type"":""MultiPoint"",""coordinates"":[]}"
20090704,0.3766111849230859,2009-07-04,"{""type"":""MultiPoint"",""coordinates"":[]}"
20090705,17.237210924889283,2009-07-05,"{""type"":""MultiPoint"",""coordinates"":[]}"
20090706,13.517785813826167,2009-07-06,"{""type"":""MultiPoint"",""coordinates"":[]}"
20090707,16.348103112942695,2009-07-07,"{""type"":""MultiPoint"",""coordinates"":[]}"
20090708,16.201801187428202,2009-07-08,"{""type"":""MultiPoint"",""coordinates"":[]}"
20090709,12.420681571775237,2009-07-09,"{""type"":""MultiPoint"",""coordinates"":[]}"
20090710,7.032570867180373,2009-07-10,"{""type"":""MultiPoint"",""coordinates"":[]}"
20090711,3.1244493589436653,2009-07-11,"{""type"":""MultiPoint"",""coordinates"":[]}"
20090712,0,2009-07-12,"{""type"":""MultiPoint"",""coordinates"":[]}"
20090713,3.823262593,2009-07-13,"{""type"":""MultiPoint"",""coordinates"":[]}"
20090714,25.051138848118732,2009-07-14,"{""type"":""MultiPoint"",""coordinates"":[]}"
20090715,15.771271132616464,2009-07-15,"{""type"":""MultiPoint"",""coordinates"":[]}"
20090716,3.393036886938631,2009-07-16,"{""type"":""MultiPoint"",""coordinates"":[]}"
20090717,0,2009-07-17,"{""type"":""MultiPoint"",""coordinates"":[]}"
20090718,0,2009-07-18,"{""type"":""MultiPoint"",""coordinates"":[]}"
20090719,0.13604782977004204,2009-07-19,"{""type"":""MultiPoint"",""coordinates"":[]}"
20090720,8.137766542237312,2009-07-20,"{""type"":""MultiPoint"",""coordinates"":[]}"
20090721,35.962734967094676,2009-07-21,"{""type"":""MultiPoint"",""coordinates"":[]}"
20090722,45.45546222540197,2009-07-22,"{""type"":""MultiPoint"",""coordinates"":[]}"
20090723,25.812275101353684,2009-07-23,"{""type"":""MultiPoint"",""coordinates"":[]}"
20090724,0,2009-07-24,"{""type"":""MultiPoint"",""coordinates"":[]}"
20090725,0,2009-07-25,"{""type"":""MultiPoint"",""coordinates"":[]}"
20090726,0,2009-07-26,"{""type"":""MultiPoint"",""coordinates"":[]}"
20090727,0,2009-07-27,"{""type"":""MultiPoint"",""coordinates"":[]}"
20090728,0,2009-07-28,"{""type"":""MultiPoint"",""coordinates"":[]}"
20090729,0,2009-07-29,"{""type"":""MultiPoint"",""coordinates"":[]}"
20090730,1.2259354423673277,2009-07-30,"{""type"":""MultiPoint"",""coordinates"":[]}"
20090731,0,2009-07-31,"{""type"":""MultiPoint"",""coordinates"":[]}"
20090801,0,2009-08-01,"{""type"":""MultiPoint"",""coordinates"":[]}"
20090802,0,2009-08-02,"{""type"":""MultiPoint"",""coordinates"":[]}"
20090803,0,2009-08-03,"{""type"":""MultiPoint"",""coordinates"":[]}"
20090804,0,2009-08-04,"{""type"":""MultiPoint"",""coordinates"":[]}"
20090805,0,2009-08-05,"{""type"":""MultiPoint"",""coordinates"":[]}"
20090806,0,2009-08-06,"{""type"":""MultiPoint"",""coordinates"":[]}"
20090807,0,2009-08-07,"{""type"":""MultiPoint"",""coordinates"":[]}"
20090808,0,2009-08-08,"{""type"":""MultiPoint"",""coordinates"":[]}"
20090809,0,2009-08-09,"{""type"":""MultiPoint"",""coordinates"":[]}"
20090810,0.024971614,2009-08-10,"{""type"":""MultiPoint"",""coordinates"":[]}"
20090811,0,2009-08-11,"{""type"":""MultiPoint"",""coordinates"":[]}"
20090812,0,2009-08-12,"{""type"":""MultiPoint"",""coordinates"":[]}"
20090813,0,2009-08-13,"{""type"":""MultiPoint"",""coordinates"":[]}"
20090814,4.639449201980611,2009-08-14,"{""type"":""MultiPoint"",""coordinates"":[]}"
20090815,0,2009-08-15,"{""type"":""MultiPoint"",""coordinates"":[]}"
20090816,0,2009-08-16,"{""type"":""MultiPoint"",""coordinates"":[]}"
20090817,5.3060079507863005,2009-08-17,"{""type"":""MultiPoint"",""coordinates"":[]}"
20090818,11.391192529474221,2009-08-18,"{""type"":""MultiPoint"",""coordinates"":[]}"
20090819,30.92766491980741,2009-08-19,"{""type"":""MultiPoint"",""coordinates"":[]}"
20090820,11.34004733228228,2009-08-20,"{""type"":""MultiPoint"",""coordinates"":[]}"
20090821,20.138850889713964,2009-08-21,"{""type"":""MultiPoint"",""coordinates"":[]}"
20090822,25.312168978229426,2009-08-22,"{""type"":""MultiPoint"",""coordinates"":[]}"
20090823,31.966826655062405,2009-08-23,"{""type"":""MultiPoint"",""coordinates"":[]}"
20090824,18.81403430504163,2009-08-24,"{""type"":""MultiPoint"",""coordinates"":[]}"
20090825,3.4510639422248826,2009-08-25,"{""type"":""MultiPoint"",""coordinates"":[]}"
20090826,0.007564685,2009-08-26,"{""type"":""MultiPoint"",""coordinates"":[]}"
20090827,0,2009-08-27,"{""type"":""MultiPoint"",""coordinates"":[]}"
20090828,0,2009-08-28,"{""type"":""MultiPoint"",""coordinates"":[]}"
20090829,0.052854832,2009-08-29,"{""type"":""MultiPoint"",""coordinates"":[]}"
20090830,0,2009-08-30,"{""type"":""MultiPoint"",""coordinates"":[]}"
20090831,0.32310913222893434,2009-08-31,"{""type"":""MultiPoint"",""coordinates"":[]}"
20090901,36.655746595765365,2009-09-01,"{""type"":""MultiPoint"",""coordinates"":[]}"
20090902,25.400671454897395,2009-09-02,"{""type"":""MultiPoint"",""coordinates"":[]}"
20090903,13.43646044517896,2009-09-03,"{""type"":""MultiPoint"",""coordinates"":[]}"
20090904,4.112953907700149,2009-09-04,"{""type"":""MultiPoint"",""coordinates"":[]}"
20090905,1.1125853527846525,2009-09-05,"{""type"":""MultiPoint"",""coordinates"":[]}"
20090906,0,2009-09-06,"{""type"":""MultiPoint"",""coordinates"":[]}"
20090907,0,2009-09-07,"{""type"":""MultiPoint"",""coordinates"":[]}"
20090908,0.033175003905849536,2009-09-08,"{""type"":""MultiPoint"",""coordinates"":[]}"
20090909,21.902627054040288,2009-09-09,"{""type"":""MultiPoint"",""coordinates"":[]}"
20090910,0,2009-09-10,"{""type"":""MultiPoint"",""coordinates"":[]}"
20090911,2.282793435579308,2009-09-11,"{""type"":""MultiPoint"",""coordinates"":[]}"
20090912,14.371677479680303,2009-09-12,"{""type"":""MultiPoint"",""coordinates"":[]}"
20090913,10.392892051823324,2009-09-13,"{""type"":""MultiPoint"",""coordinates"":[]}"
20090914,20.636627534423955,2009-09-14,"{""type"":""MultiPoint"",""coordinates"":[]}"
20090915,0,2009-09-15,"{""type"":""MultiPoint"",""coordinates"":[]}"
20090916,0,2009-09-16,"{""type"":""MultiPoint"",""coordinates"":[]}"
20090917,0.070783495,2009-09-17,"{""type"":""MultiPoint"",""coordinates"":[]}"
20090918,0,2009-09-18,"{""type"":""MultiPoint"",""coordinates"":[]}"
20090919,0.4147456512838097,2009-09-19,"{""type"":""MultiPoint"",""coordinates"":[]}"
20090920,0.6671693087583664,2009-09-20,"{""type"":""MultiPoint"",""coordinates"":[]}"
20090921,7.661969489895545,2009-09-21,"{""type"":""MultiPoint"",""coordinates"":[]}"
20090922,22.812382930117437,2009-09-22,"{""type"":""MultiPoint"",""coordinates"":[]}"
20090923,14.270830484516036,2009-09-23,"{""type"":""MultiPoint"",""coordinates"":[]}"
20090924,7.003871187100778,2009-09-24,"{""type"":""MultiPoint"",""coordinates"":[]}"
20090925,3.3346039515046204,2009-09-25,"{""type"":""MultiPoint"",""coordinates"":[]}"
20090926,0,2009-09-26,"{""type"":""MultiPoint"",""coordinates"":[]}"
20090927,0,2009-09-27,"{""type"":""MultiPoint"",""coordinates"":[]}"
20090928,2.387046049235859,2009-09-28,"{""type"":""MultiPoint"",""coordinates"":[]}"
20090929,21.88763719694457,2009-09-29,"{""type"":""MultiPoint"",""coordinates"":[]}"
20090930,25.466522849793435,2009-09-30,"{""type"":""MultiPoint"",""coordinates"":[]}"
20091001,13.422336591537102,2009-10-01,"{""type"":""MultiPoint"",""coordinates"":[]}"
20091002,28.713911206176956,2009-10-02,"{""type"":""MultiPoint"",""coordinates"":[]}"
20091003,46.12165416140206,2009-10-03,"{""type"":""MultiPoint"",""coordinates"":[]}"
20091004,5.270645268889614,2009-10-04,"{""type"":""MultiPoint"",""coordinates"":[]}"
20091005,20.211756450533535,2009-10-05,"{""type"":""MultiPoint"",""coordinates"":[]}"
20091006,3.818870671956468,2009-10-06,"{""type"":""MultiPoint"",""coordinates"":[]}"
20091007,0,2009-10-07,"{""type"":""MultiPoint"",""coordinates"":[]}"
20091008,0,2009-10-08,"{""type"":""MultiPoint"",""coordinates"":[]}"
20091009,0,2009-10-09,"{""type"":""MultiPoint"",""coordinates"":[]}"
20091010,0,2009-10-10,"{""type"":""MultiPoint"",""coordinates"":[]}"
20091011,0,2009-10-11,"{""type"":""MultiPoint"",""coordinates"":[]}"
20091012,0.14070170227103454,2009-10-12,"{""type"":""MultiPoint"",""coordinates"":[]}"
20091013,0,2009-10-13,"{""type"":""MultiPoint"",""coordinates"":[]}"
20091014,0.5891091305533741,2009-10-14,"{""type"":""MultiPoint"",""coordinates"":[]}"
20091015,0.002376847,2009-10-15,"{""type"":""MultiPoint"",""coordinates"":[]}"
20091016,0.00510093,2009-10-16,"{""type"":""MultiPoint"",""coordinates"":[]}"
20091017,0,2009-10-17,"{""type"":""MultiPoint"",""coordinates"":[]}"
20091018,0,2009-10-18,"{""type"":""MultiPoint"",""coordinates"":[]}"
20091019,0,2009-10-19,"{""type"":""MultiPoint"",""coordinates"":[]}"
20091020,0,2009-10-20,"{""type"":""MultiPoint"",""coordinates"":[]}"
20091021,0,2009-10-21,"{""type"":""MultiPoint"",""coordinates"":[]}"
20091022,0,2009-10-22,"{""type"":""MultiPoint"",""coordinates"":[]}"
20091023,0,2009-10-23,"{""type"":""MultiPoint"",""coordinates"":[]}"
20091024,0,2009-10-24,"{""type"":""MultiPoint"",""coordinates"":[]}"
20091025,0,2009-10-25,"{""type"":""MultiPoint"",""coordinates"":[]}"
20091026,0,2009-10-26,"{""type"":""MultiPoint"",""coordinates"":[]}"
20091027,0,2009-10-27,"{""type"":""MultiPoint"",""coordinates"":[]}"
20091028,0,2009-10-28,"{""type"":""MultiPoint"",""coordinates"":[]}"
20091029,0,2009-10-29,"{""type"":""MultiPoint"",""coordinates"":[]}"
20091030,0,2009-10-30,"{""type"":""MultiPoint"",""coordinates"":[]}"
20091031,0,2009-10-31,"{""type"":""MultiPoint"",""coordinates"":[]}"
20091101,0,2009-11-01,"{""type"":""MultiPoint"",""coordinates"":[]}"
20091102,0,2009-11-02,"{""type"":""MultiPoint"",""coordinates"":[]}"
20091103,0,2009-11-03,"{""type"":""MultiPoint"",""coordinates"":[]}"
20091104,0,2009-11-04,"{""type"":""MultiPoint"",""coordinates"":[]}"
20091105,0,2009-11-05,"{""type"":""MultiPoint"",""coordinates"":[]}"
20091106,0.086035489,2009-11-06,"{""type"":""MultiPoint"",""coordinates"":[]}"
20091107,0,2009-11-07,"{""type"":""MultiPoint"",""coordinates"":[]}"
20091108,0,2009-11-08,"{""type"":""MultiPoint"",""coordinates"":[]}"
20091109,7.941373487232477,2009-11-09,"{""type"":""MultiPoint"",""coordinates"":[]}"
20091110,32.831779850988056,2009-11-10,"{""type"":""MultiPoint"",""coordinates"":[]}"
20091111,35.07404112613956,2009-11-11,"{""type"":""MultiPoint"",""coordinates"":[]}"
20091112,0,2009-11-12,"{""type"":""MultiPoint"",""coordinates"":[]}"
20091113,0,2009-11-13,"{""type"":""MultiPoint"",""coordinates"":[]}"
20091114,0.026024246189374028,2009-11-14,"{""type"":""MultiPoint"",""coordinates"":[]}"
20091115,16.077345811349808,2009-11-15,"{""type"":""MultiPoint"",""coordinates"":[]}"
20091116,3.667094883573102,2009-11-16,"{""type"":""MultiPoint"",""coordinates"":[]}"
20091117,5.353464072490318,2009-11-17,"{""type"":""MultiPoint"",""coordinates"":[]}"
20091118,0,2009-11-18,"{""type"":""MultiPoint"",""coordinates"":[]}"
20091119,0,2009-11-19,"{""type"":""MultiPoint"",""coordinates"":[]}"
20091120,0,2009-11-20,"{""type"":""MultiPoint"",""coordinates"":[]}"
20091121,0,2009-11-21,"{""type"":""MultiPoint"",""coordinates"":[]}"
20091122,0,2009-11-22,"{""type"":""MultiPoint"",""coordinates"":[]}"
20091123,0,2009-11-23,"{""type"":""MultiPoint"",""coordinates"":[]}"
20091124,0.07108699,2009-11-24,"{""type"":""MultiPoint"",""coordinates"":[]}"
20091125,0,2009-11-25,"{""type"":""MultiPoint"",""coordinates"":[]}"
20091126,0,2009-11-26,"{""type"":""MultiPoint"",""coordinates"":[]}"
20091127,0,2009-11-27,"{""type"":""MultiPoint"",""coordinates"":[]}"
20091128,0,2009-11-28,"{""type"":""MultiPoint"",""coordinates"":[]}"
20091129,0,2009-11-29,"{""type"":""MultiPoint"",""coordinates"":[]}"
20091130,0,2009-11-30,"{""type"":""MultiPoint"",""coordinates"":[]}"
20091201,0,2009-12-01,"{""type"":""MultiPoint"",""coordinates"":[]}"
20091202,0,2009-12-02,"{""type"":""MultiPoint"",""coordinates"":[]}"
20091203,0,2009-12-03,"{""type"":""MultiPoint"",""coordinates"":[]}"
20091204,1.2840853657792362,2009-12-04,"{""type"":""MultiPoint"",""coordinates"":[]}"
20091205,0.2788511711861446,2009-12-05,"{""type"":""MultiPoint"",""coordinates"":[]}"
20091206,0,2009-12-06,"{""type"":""MultiPoint"",""coordinates"":[]}"
20091207,0.049155971,2009-12-07,"{""type"":""MultiPoint"",""coordinates"":[]}"
20091208,0,2009-12-08,"{""type"":""MultiPoint"",""coordinates"":[]}"
20091209,0,2009-12-09,"{""type"":""MultiPoint"",""coordinates"":[]}"
20091210,0,2009-12-10,"{""type"":""MultiPoint"",""coordinates"":[]}"
20091211,0,2009-12-11,"{""type"":""MultiPoint"",""coordinates"":[]}"
20091212,0,2009-12-12,"{""type"":""MultiPoint"",""coordinates"":[]}"
20091213,0,2009-12-13,"{""type"":""MultiPoint"",""coordinates"":[]}"
20091214,0,2009-12-14,"{""type"":""MultiPoint"",""coordinates"":[]}"
20091215,0.046565864,2009-12-15,"{""type"":""MultiPoint"",""coordinates"":[]}"
20091216,0.010229478932843787,2009-12-16,"{""type"":""MultiPoint"",""coordinates"":[]}"
20091217,0.37441951686872676,2009-12-17,"{""type"":""MultiPoint"",""coordinates"":[]}"
20091218,0.18861357488437275,2009-12-18,"{""type"":""MultiPoint"",""coordinates"":[]}"
20091219,0.18263241679041975,2009-12-19,"{""type"":""MultiPoint"",""coordinates"":[]}"
20091220,0,2009-12-20,"{""type"":""MultiPoint"",""coordinates"":[]}"
20091221,0,2009-12-21,"{""type"":""MultiPoint"",""coordinates"":[]}"
20091222,0,2009-12-22,"{""type"":""MultiPoint"",""coordinates"":[]}"
20091223,0,2009-12-23,"{""type"":""MultiPoint"",""coordinates"":[]}"
20091224,0,2009-12-24,"{""type"":""MultiPoint"",""coordinates"":[]}"
20091225,0,2009-12-25,"{""type"":""MultiPoint"",""coordinates"":[]}"
20091226,0,2009-12-26,"{""type"":""MultiPoint"",""coordinates"":[]}"
20091227,0,2009-12-27,"{""type"":""MultiPoint"",""coordinates"":[]}"
20091228,0,2009-12-28,"{""type"":""MultiPoint"",""coordinates"":[]}"
20091229,0.055099462,2009-12-29,"{""type"":""MultiPoint"",""coordinates"":[]}"
20091230,0,2009-12-30,"{""type"":""MultiPoint"",""coordinates"":[]}"
20091231,0,2009-12-31,"{""type"":""MultiPoint"",""coordinates"":[]}"
20100101,0,2010-01-01,"{""type"":""MultiPoint"",""coordinates"":[]}"
20100102,0,2010-01-02,"{""type"":""MultiPoint"",""coordinates"":[]}"
20100103,0,2010-01-03,"{""type"":""MultiPoint"",""coordinates"":[]}"
20100104,0,2010-01-04,"{""type"":""MultiPoint"",""coordinates"":[]}"
20100105,0,2010-01-05,"{""type"":""MultiPoint"",""coordinates"":[]}"
20100106,0,2010-01-06,"{""type"":""MultiPoint"",""coordinates"":[]}"
20100107,0,2010-01-07,"{""type"":""MultiPoint"",""coordinates"":[]}"
20100108,0,2010-01-08,"{""type"":""MultiPoint"",""coordinates"":[]}"
20100109,0,2010-01-09,"{""type"":""MultiPoint"",""coordinates"":[]}"
20100110,0,2010-01-10,"{""type"":""MultiPoint"",""coordinates"":[]}"
20100111,0,2010-01-11,"{""type"":""MultiPoint"",""coordinates"":[]}"
20100112,0,2010-01-12,"{""type"":""MultiPoint"",""coordinates"":[]}"
20100113,0,2010-01-13,"{""type"":""MultiPoint"",""coordinates"":[]}"
20100114,0,2010-01-14,"{""type"":""MultiPoint"",""coordinates"":[]}"
20100115,0,2010-01-15,"{""type"":""MultiPoint"",""coordinates"":[]}"
20100116,0,2010-01-16,"{""type"":""MultiPoint"",""coordinates"":[]}"
20100117,0,2010-01-17,"{""type"":""MultiPoint"",""coordinates"":[]}"
20100118,0,2010-01-18,"{""type"":""MultiPoint"",""coordinates"":[]}"
20100119,0,2010-01-19,"{""type"":""MultiPoint"",""coordinates"":[]}"
20100120,0,2010-01-20,"{""type"":""MultiPoint"",""coordinates"":[]}"
20100121,0,2010-01-21,"{""type"":""MultiPoint"",""coordinates"":[]}"
20100122,0,2010-01-22,"{""type"":""MultiPoint"",""coordinates"":[]}"
20100123,0,2010-01-23,"{""type"":""MultiPoint"",""coordinates"":[]}"
20100124,0,2010-01-24,"{""type"":""MultiPoint"",""coordinates"":[]}"
20100125,0,2010-01-25,"{""type"":""MultiPoint"",""coordinates"":[]}"
20100126,0,2010-01-26,"{""type"":""MultiPoint"",""coordinates"":[]}"
20100127,0,2010-01-27,"{""type"":""MultiPoint"",""coordinates"":[]}"
20100128,0,2010-01-28,"{""type"":""MultiPoint"",""coordinates"":[]}"
20100129,0,2010-01-29,"{""type"":""MultiPoint"",""coordinates"":[]}"
20100130,0,2010-01-30,"{""type"":""MultiPoint"",""coordinates"":[]}"
20100131,0,2010-01-31,"{""type"":""MultiPoint"",""coordinates"":[]}"
20100201,0,2010-02-01,"{""type"":""MultiPoint"",""coordinates"":[]}"
20100202,0,2010-02-02,"{""type"":""MultiPoint"",""coordinates"":[]}"
20100203,0,2010-02-03,"{""type"":""MultiPoint"",""coordinates"":[]}"
20100204,0,2010-02-04,"{""type"":""MultiPoint"",""coordinates"":[]}"
20100205,0,2010-02-05,"{""type"":""MultiPoint"",""coordinates"":[]}"
20100206,0,2010-02-06,"{""type"":""MultiPoint"",""coordinates"":[]}"
20100207,0,2010-02-07,"{""type"":""MultiPoint"",""coordinates"":[]}"
20100208,0,2010-02-08,"{""type"":""MultiPoint"",""coordinates"":[]}"
20100209,0,2010-02-09,"{""type"":""MultiPoint"",""coordinates"":[]}"
20100210,0.009248715,2010-02-10,"{""type"":""MultiPoint"",""coordinates"":[]}"
20100211,0,2010-02-11,"{""type"":""MultiPoint"",""coordinates"":[]}"
20100212,0,2010-02-12,"{""type"":""MultiPoint"",""coordinates"":[]}"
20100213,0,2010-02-13,"{""type"":""MultiPoint"",""coordinates"":[]}"
20100214,0.004658225,2010-02-14,"{""type"":""MultiPoint"",""coordinates"":[]}"
20100215,0.020703518,2010-02-15,"{""type"":""MultiPoint"",""coordinates"":[]}"
20100216,0,2010-02-16,"{""type"":""MultiPoint"",""coordinates"":[]}"
20100217,0.032198638434298314,2010-02-17,"{""type"":""MultiPoint"",""coordinates"":[]}"
20100218,0,2010-02-18,"{""type"":""MultiPoint"",""coordinates"":[]}"
20100219,0,2010-02-19,"{""type"":""MultiPoint"",""coordinates"":[]}"
20100220,0,2010-02-20,"{""type"":""MultiPoint"",""coordinates"":[]}"
20100221,0,2010-02-21,"{""type"":""MultiPoint"",""coordinates"":[]}"
20100222,0,2010-02-22,"{""type"":""MultiPoint"",""coordinates"":[]}"
20100223,0,2010-02-23,"{""type"":""MultiPoint"",""coordinates"":[]}"
20100224,0,2010-02-24,"{""type"":""MultiPoint"",""coordinates"":[]}"
20100225,0,2010-02-25,"{""type"":""MultiPoint"",""coordinates"":[]}"
20100226,0,2010-02-26,"{""type"":""MultiPoint"",""coordinates"":[]}"
20100227,0,2010-02-27,"{""type"":""MultiPoint"",""coordinates"":[]}"
20100228,0,2010-02-28,"{""type"":""MultiPoint"",""coordinates"":[]}"
20100301,0,2010-03-01,"{""type"":""MultiPoint"",""coordinates"":[]}"
20100302,0,2010-03-02,"{""type"":""MultiPoint"",""coordinates"":[]}"
20100303,0,2010-03-03,"{""type"":""MultiPoint"",""coordinates"":[]}"
20100304,0,2010-03-04,"{""type"":""MultiPoint"",""coordinates"":[]}"
20100305,0,2010-03-05,"{""type"":""MultiPoint"",""coordinates"":[]}"
20100306,0,2010-03-06,"{""type"":""MultiPoint"",""coordinates"":[]}"
20100307,0,2010-03-07,"{""type"":""MultiPoint"",""coordinates"":[]}"
20100308,0,2010-03-08,"{""type"":""MultiPoint"",""coordinates"":[]}"
20100309,0,2010-03-09,"{""type"":""MultiPoint"",""coordinates"":[]}"
20100310,0.006401594,2010-03-10,"{""type"":""MultiPoint"",""coordinates"":[]}"
20100311,0,2010-03-11,"{""type"":""MultiPoint"",""coordinates"":[]}"
20100312,0.4179095202641691,2010-03-12,"{""type"":""MultiPoint"",""coordinates"":[]}"
20100313,0,2010-03-13,"{""type"":""MultiPoint"",""coordinates"":[]}"
20100314,0.5138363556852789,2010-03-14,"{""type"":""MultiPoint"",""coordinates"":[]}"
20100315,0.27104907518996463,2010-03-15,"{""type"":""MultiPoint"",""coordinates"":[]}"
20100316,0.0347664,2010-03-16,"{""type"":""MultiPoint"",""coordinates"":[]}"
20100317,0,2010-03-17,"{""type"":""MultiPoint"",""coordinates"":[]}"
20100318,0,2010-03-18,"{""type"":""MultiPoint"",""coordinates"":[]}"
20100319,0,2010-03-19,"{""type"":""MultiPoint"",""coordinates"":[]}"
20100320,0,2010-03-20,"{""type"":""MultiPoint"",""coordinates"":[]}"
20100321,0,2010-03-21,"{""type"":""MultiPoint"",""coordinates"":[]}"
20100322,0,2010-03-22,"{""type"":""MultiPoint"",""coordinates"":[]}"
20100323,0,2010-03-23,"{""type"":""MultiPoint"",""coordinates"":[]}"
20100324,0,2010-03-24,"{""type"":""MultiPoint"",""coordinates"":[]}"
20100325,0,2010-03-25,"{""type"":""MultiPoint"",""coordinates"":[]}"
20100326,0,2010-03-26,"{""type"":""MultiPoint"",""coordinates"":[]}"
20100327,0,2010-03-27,"{""type"":""MultiPoint"",""coordinates"":[]}"
20100328,0,2010-03-28,"{""type"":""MultiPoint"",""coordinates"":[]}"
20100329,0,2010-03-29,"{""type"":""MultiPoint"",""coordinates"":[]}"
20100330,0,2010-03-30,"{""type"":""MultiPoint"",""coordinates"":[]}"
20100331,0,2010-03-31,"{""type"":""MultiPoint"",""coordinates"":[]}"
20100401,0,2010-04-01,"{""type"":""MultiPoint"",""coordinates"":[]}"
20100402,0,2010-04-02,"{""type"":""MultiPoint"",""coordinates"":[]}"
20100403,0,2010-04-03,"{""type"":""MultiPoint"",""coordinates"":[]}"
20100404,0,2010-04-04,"{""type"":""MultiPoint"",""coordinates"":[]}"
20100405,0,2010-04-05,"{""type"":""MultiPoint"",""coordinates"":[]}"
20100406,0,2010-04-06,"{""type"":""MultiPoint"",""coordinates"":[]}"
20100407,0.09933363,2010-04-07,"{""type"":""MultiPoint"",""coordinates"":[]}"
20100408,1.1776766177023614,2010-04-08,"{""type"":""MultiPoint"",""coordinates"":[]}"
20100409,1.367088733,2010-04-09,"{""type"":""MultiPoint"",""coordinates"":[]}"
20100410,2.771428405258686E-4,2010-04-10,"{""type"":""MultiPoint"",""coordinates"":[]}"
20100411,0,2010-04-11,"{""type"":""MultiPoint"",""coordinates"":[]}"
20100412,0,2010-04-12,"{""type"":""MultiPoint"",""coordinates"":[]}"
20100413,0,2010-04-13,"{""type"":""MultiPoint"",""coordinates"":[]}"
20100414,0,2010-04-14,"{""type"":""MultiPoint"",""coordinates"":[]}"
20100415,0,2010-04-15,"{""type"":""MultiPoint"",""coordinates"":[]}"
20100416,1.4216801804374415,2010-04-16,"{""type"":""MultiPoint"",""coordinates"":[]}"
20100417,0,2010-04-17,"{""type"":""MultiPoint"",""coordinates"":[]}"
20100418,0.003006509,2010-04-18,"{""type"":""MultiPoint"",""coordinates"":[]}"
20100419,0,2010-04-19,"{""type"":""MultiPoint"",""coordinates"":[]}"
20100420,0,2010-04-20,"{""type"":""MultiPoint"",""coordinates"":[]}"
20100421,0,2010-04-21,"{""type"":""MultiPoint"",""coordinates"":[]}"
20100422,0,2010-04-22,"{""type"":""MultiPoint"",""coordinates"":[]}"
20100423,1.5007175701389042E-4,2010-04-23,"{""type"":""MultiPoint"",""coordinates"":[]}"
20100424,0,2010-04-24,"{""type"":""MultiPoint"",""coordinates"":[]}"
20100425,0,2010-04-25,"{""type"":""MultiPoint"",""coordinates"":[]}"
20100426,0,2010-04-26,"{""type"":""MultiPoint"",""coordinates"":[]}"
20100427,0,2010-04-27,"{""type"":""MultiPoint"",""coordinates"":[]}"
20100428,0,2010-04-28,"{""type"":""MultiPoint"",""coordinates"":[]}"
20100429,0.11066655044310275,2010-04-29,"{""type"":""MultiPoint"",""coordinates"":[]}"
20100430,6.257619701,2010-04-30,"{""type"":""MultiPoint"",""coordinates"":[]}"
20100501,3.0633793729789547,2010-05-01,"{""type"":""MultiPoint"",""coordinates"":[]}"
20100502,1.428868433545007,2010-05-02,"{""type"":""MultiPoint"",""coordinates"":[]}"
20100503,0.9122424492860357,2010-05-03,"{""type"":""MultiPoint"",""coordinates"":[]}"
20100504,0.10007678316814156,2010-05-04,"{""type"":""MultiPoint"",""coordinates"":[]}"
20100505,0,2010-05-05,"{""type"":""MultiPoint"",""coordinates"":[]}"
20100506,0,2010-05-06,"{""type"":""MultiPoint"",""coordinates"":[]}"
20100507,2.7019610182709553,2010-05-07,"{""type"":""MultiPoint"",""coordinates"":[]}"
20100508,0.002642847,2010-05-08,"{""type"":""MultiPoint"",""coordinates"":[]}"
20100509,0,2010-05-09,"{""type"":""MultiPoint"",""coordinates"":[]}"
20100510,0,2010-05-10,"{""type"":""MultiPoint"",""coordinates"":[]}"
20100511,0,2010-05-11,"{""type"":""MultiPoint"",""coordinates"":[]}"
20100512,0,2010-05-12,"{""type"":""MultiPoint"",""coordinates"":[]}"
20100513,0,2010-05-13,"{""type"":""MultiPoint"",""coordinates"":[]}"
20100514,0,2010-05-14,"{""type"":""MultiPoint"",""coordinates"":[]}"
20100515,0,2010-05-15,"{""type"":""MultiPoint"",""coordinates"":[]}"
20100516,0,2010-05-16,"{""type"":""MultiPoint"",""coordinates"":[]}"
20100517,0,2010-05-17,"{""type"":""MultiPoint"",""coordinates"":[]}"
20100518,1.3053878700496795,2010-05-18,"{""type"":""MultiPoint"",""coordinates"":[]}"
20100519,1.5174699399717786,2010-05-19,"{""type"":""MultiPoint"",""coordinates"":[]}"
20100520,0.10688871691876248,2010-05-20,"{""type"":""MultiPoint"",""coordinates"":[]}"
20100521,0.002564651,2010-05-21,"{""type"":""MultiPoint"",""coordinates"":[]}"
20100522,0.1970540929701326,2010-05-22,"{""type"":""MultiPoint"",""coordinates"":[]}"
20100523,0,2010-05-23,"{""type"":""MultiPoint"",""coordinates"":[]}"
20100524,0.020933524473870663,2010-05-24,"{""type"":""MultiPoint"",""coordinates"":[]}"
20100525,0,2010-05-25,"{""type"":""MultiPoint"",""coordinates"":[]}"
20100526,0,2010-05-26,"{""type"":""MultiPoint"",""coordinates"":[]}"
20100527,0,2010-05-27,"{""type"":""MultiPoint"",""coordinates"":[]}"
20100528,0,2010-05-28,"{""type"":""MultiPoint"",""coordinates"":[]}"
20100529,0,2010-05-29,"{""type"":""MultiPoint"",""coordinates"":[]}"
20100530,0,2010-05-30,"{""type"":""MultiPoint"",""coordinates"":[]}"
20100531,0.021487474990711766,2010-05-31,"{""type"":""MultiPoint"",""coordinates"":[]}"
20100601,15.947828958302079,2010-06-01,"{""type"":""MultiPoint"",""coordinates"":[]}"
20100602,13.954203305994476,2010-06-02,"{""type"":""MultiPoint"",""coordinates"":[]}"
20100603,1.0654849978414063,2010-06-03,"{""type"":""MultiPoint"",""coordinates"":[]}"
20100604,0,2010-06-04,"{""type"":""MultiPoint"",""coordinates"":[]}"
20100605,0,2010-06-05,"{""type"":""MultiPoint"",""coordinates"":[]}"
20100606,0,2010-06-06,"{""type"":""MultiPoint"",""coordinates"":[]}"
20100607,0.059812504,2010-06-07,"{""type"":""MultiPoint"",""coordinates"":[]}"
20100608,0,2010-06-08,"{""type"":""MultiPoint"",""coordinates"":[]}"
20100609,3.4300449383072507,2010-06-09,"{""type"":""MultiPoint"",""coordinates"":[]}"
20100610,14.89035747,2010-06-10,"{""type"":""MultiPoint"",""coordinates"":[]}"
20100611,36.67438490667988,2010-06-11,"{""type"":""MultiPoint"",""coordinates"":[]}"
20100612,20.09268626256646,2010-06-12,"{""type"":""MultiPoint"",""coordinates"":[]}"
20100613,0.037821963,2010-06-13,"{""type"":""MultiPoint"",""coordinates"":[]}"
20100614,26.204235741517394,2010-06-14,"{""type"":""MultiPoint"",""coordinates"":[]}"
20100615,8.223600052112124,2010-06-15,"{""type"":""MultiPoint"",""coordinates"":[]}"
20100616,20.809969344483775,2010-06-16,"{""type"":""MultiPoint"",""coordinates"":[]}"
20100617,1.8451074192743495,2010-06-17,"{""type"":""MultiPoint"",""coordinates"":[]}"
20100618,5.080439098517742,2010-06-18,"{""type"":""MultiPoint"",""coordinates"":[]}"
20100619,1.4292091946409122,2010-06-19,"{""type"":""MultiPoint"",""coordinates"":[]}"
20100620,12.490435778797117,2010-06-20,"{""type"":""MultiPoint"",""coordinates"":[]}"
20100621,0.7874001799522098,2010-06-21,"{""type"":""MultiPoint"",""coordinates"":[]}"
20100622,16.71569055,2010-06-22,"{""type"":""MultiPoint"",""coordinates"":[]}"
20100623,7.830937001336562,2010-06-23,"{""type"":""MultiPoint"",""coordinates"":[]}"
20100624,0,2010-06-24,"{""type"":""MultiPoint"",""coordinates"":[]}"
20100625,0,2010-06-25,"{""type"":""MultiPoint"",""coordinates"":[]}"
20100626,0.026378985984238268,2010-06-26,"{""type"":""MultiPoint"",""coordinates"":[]}"
20100627,8.383017887635479,2010-06-27,"{""type"":""MultiPoint"",""coordinates"":[]}"
20100628,5.936424475819869,2010-06-28,"{""type"":""MultiPoint"",""coordinates"":[]}"
20100629,3.096484694031571,2010-06-29,"{""type"":""MultiPoint"",""coordinates"":[]}"
20100630,6.051175918277834,2010-06-30,"{""type"":""MultiPoint"",""coordinates"":[]}"
20100701,12.45019984441622,2010-07-01,"{""type"":""MultiPoint"",""coordinates"":[]}"
20100702,22.7816974,2010-07-02,"{""type"":""MultiPoint"",""coordinates"":[]}"
20100703,13.323572229250011,2010-07-03,"{""type"":""MultiPoint"",""coordinates"":[]}"
20100704,0.1667529477042834,2010-07-04,"{""type"":""MultiPoint"",""coordinates"":[]}"
20100705,1.7381466639914607E-4,2010-07-05,"{""type"":""MultiPoint"",""coordinates"":[]}"
20100706,0.5851975941105241,2010-07-06,"{""type"":""MultiPoint"",""coordinates"":[]}"
20100707,18.528990126199513,2010-07-07,"{""type"":""MultiPoint"",""coordinates"":[]}"
20100708,0.7822118416254795,2010-07-08,"{""type"":""MultiPoint"",""coordinates"":[]}"
20100709,0,2010-07-09,"{""type"":""MultiPoint"",""coordinates"":[]}"
20100710,0.012837002,2010-07-10,"{""type"":""MultiPoint"",""coordinates"":[]}"
20100711,4.415816028,2010-07-11,"{""type"":""MultiPoint"",""coordinates"":[]}"
20100712,0.4882774547454731,2010-07-12,"{""type"":""MultiPoint"",""coordinates"":[]}"
20100713,0.29962798117123174,2010-07-13,"{""type"":""MultiPoint"",""coordinates"":[]}"
20100714,24.347411850209998,2010-07-14,"{""type"":""MultiPoint"",""coordinates"":[]}"
20100715,5.153248481417933,2010-07-15,"{""type"":""MultiPoint"",""coordinates"":[]}"
20100716,23.993314371554206,2010-07-16,"{""type"":""MultiPoint"",""coordinates"":[]}"
20100717,0.059113319067279436,2010-07-17,"{""type"":""MultiPoint"",""coordinates"":[]}"
20100718,0,2010-07-18,"{""type"":""MultiPoint"",""coordinates"":[]}"
20100719,0,2010-07-19,"{""type"":""MultiPoint"",""coordinates"":[]}"
20100720,4.988288278850408,2010-07-20,"{""type"":""MultiPoint"",""coordinates"":[]}"
20100721,11.373116072822517,2010-07-21,"{""type"":""MultiPoint"",""coordinates"":[]}"
20100722,2.7022471471095715,2010-07-22,"{""type"":""MultiPoint"",""coordinates"":[]}"
20100723,0.8174974909026789,2010-07-23,"{""type"":""MultiPoint"",""coordinates"":[]}"
20100724,46.64826103989343,2010-07-24,"{""type"":""MultiPoint"",""coordinates"":[]}"
20100725,7.167468713922349,2010-07-25,"{""type"":""MultiPoint"",""coordinates"":[]}"
20100726,24.173727204638396,2010-07-26,"{""type"":""MultiPoint"",""coordinates"":[]}"
20100727,0,2010-07-27,"{""type"":""MultiPoint"",""coordinates"":[]}"
20100728,14.297777795728546,2010-07-28,"{""type"":""MultiPoint"",""coordinates"":[]}"
20100729,10.49943348894665,2010-07-29,"{""type"":""MultiPoint"",""coordinates"":[]}"
20100730,37.96442881335485,2010-07-30,"{""type"":""MultiPoint"",""coordinates"":[]}"
20100731,19.843976465601934,2010-07-31,"{""type"":""MultiPoint"",""coordinates"":[]}"
20100801,11.45363503126666,2010-08-01,"{""type"":""MultiPoint"",""coordinates"":[]}"
20100802,6.482377437,2010-08-02,"{""type"":""MultiPoint"",""coordinates"":[]}"
20100803,4.785108033451209,2010-08-03,"{""type"":""MultiPoint"",""coordinates"":[]}"
20100804,0,2010-08-04,"{""type"":""MultiPoint"",""coordinates"":[]}"
20100805,0.032768791,2010-08-05,"{""type"":""MultiPoint"",""coordinates"":[]}"
20100806,38.045390587430525,2010-08-06,"{""type"":""MultiPoint"",""coordinates"":[]}"
20100807,7.090454573810827,2010-08-07,"{""type"":""MultiPoint"",""coordinates"":[]}"
20100808,0,2010-08-08,"{""type"":""MultiPoint"",""coordinates"":[]}"
20100809,0,2010-08-09,"{""type"":""MultiPoint"",""coordinates"":[]}"
20100810,0,2010-08-10,"{""type"":""MultiPoint"",""coordinates"":[]}"
20100811,0.005912932,2010-08-11,"{""type"":""MultiPoint"",""coordinates"":[]}"
20100812,14.77943870794356,2010-08-12,"{""type"":""MultiPoint"",""coordinates"":[]}"
20100813,39.93903958287862,2010-08-13,"{""type"":""MultiPoint"",""coordinates"":[]}"
20100814,0.23155671192519947,2010-08-14,"{""type"":""MultiPoint"",""coordinates"":[]}"
20100815,4.736285875385025,2010-08-15,"{""type"":""MultiPoint"",""coordinates"":[]}"
20100816,27.18478264014283,2010-08-16,"{""type"":""MultiPoint"",""coordinates"":[]}"
20100817,10.809563129287186,2010-08-17,"{""type"":""MultiPoint"",""coordinates"":[]}"
20100818,14.45899527560004,2010-08-18,"{""type"":""MultiPoint"",""coordinates"":[]}"
20100819,2.649152909613671,2010-08-19,"{""type"":""MultiPoint"",""coordinates"":[]}"
20100820,20.902338809879847,2010-08-20,"{""type"":""MultiPoint"",""coordinates"":[]}"
20100821,0.8887032836696264,2010-08-21,"{""type"":""MultiPoint"",""coordinates"":[]}"
20100822,2.479140921,2010-08-22,"{""type"":""MultiPoint"",""coordinates"":[]}"
20100823,0.1731219283522296,2010-08-23,"{""type"":""MultiPoint"",""coordinates"":[]}"
20100824,3.710084834,2010-08-24,"{""type"":""MultiPoint"",""coordinates"":[]}"
20100825,19.949196505845915,2010-08-25,"{""type"":""MultiPoint"",""coordinates"":[]}"
20100826,36.78759558255392,2010-08-26,"{""type"":""MultiPoint"",""coordinates"":[]}"
20100827,15.944526630768928,2010-08-27,"{""type"":""MultiPoint"",""coordinates"":[]}"
20100828,12.840670761404096,2010-08-28,"{""type"":""MultiPoint"",""coordinates"":[]}"
20100829,27.991530327370793,2010-08-29,"{""type"":""MultiPoint"",""coordinates"":[]}"
20100830,15.070398914986566,2010-08-30,"{""type"":""MultiPoint"",""coordinates"":[]}"
20100831,16.398698627961444,2010-08-31,"{""type"":""MultiPoint"",""coordinates"":[]}"
20100901,0,2010-09-01,"{""type"":""MultiPoint"",""coordinates"":[]}"
20100902,0,2010-09-02,"{""type"":""MultiPoint"",""coordinates"":[]}"
20100903,0.1381651716187181,2010-09-03,"{""type"":""MultiPoint"",""coordinates"":[]}"
20100904,20.273770503313568,2010-09-04,"{""type"":""MultiPoint"",""coordinates"":[]}"
20100905,1.7596568775049493,2010-09-05,"{""type"":""MultiPoint"",""coordinates"":[]}"
20100906,3.5722160879800358,2010-09-06,"{""type"":""MultiPoint"",""coordinates"":[]}"
20100907,1.4198774913875196,2010-09-07,"{""type"":""MultiPoint"",""coordinates"":[]}"
20100908,31.74577184934863,2010-09-08,"{""type"":""MultiPoint"",""coordinates"":[]}"
20100909,7.197006176358611,2010-09-09,"{""type"":""MultiPoint"",""coordinates"":[]}"
20100910,0,2010-09-10,"{""type"":""MultiPoint"",""coordinates"":[]}"
20100911,0,2010-09-11,"{""type"":""MultiPoint"",""coordinates"":[]}"
20100912,0,2010-09-12,"{""type"":""MultiPoint"",""coordinates"":[]}"
20100913,0,2010-09-13,"{""type"":""MultiPoint"",""coordinates"":[]}"
20100914,0.8558828602908293,2010-09-14,"{""type"":""MultiPoint"",""coordinates"":[]}"
20100915,4.757879106042509,2010-09-15,"{""type"":""MultiPoint"",""coordinates"":[]}"
20100916,17.828036086157464,2010-09-16,"{""type"":""MultiPoint"",""coordinates"":[]}"
20100917,11.883665032793088,2010-09-17,"{""type"":""MultiPoint"",""coordinates"":[]}"
20100918,3.386612652809278,2010-09-18,"{""type"":""MultiPoint"",""coordinates"":[]}"
20100919,4.492751503328015,2010-09-19,"{""type"":""MultiPoint"",""coordinates"":[]}"
20100920,20.720097082792122,2010-09-20,"{""type"":""MultiPoint"",""coordinates"":[]}"
20100921,1.738035752142347,2010-09-21,"{""type"":""MultiPoint"",""coordinates"":[]}"
20100922,18.38676211928798,2010-09-22,"{""type"":""MultiPoint"",""coordinates"":[]}"
20100923,1.872207967079494,2010-09-23,"{""type"":""MultiPoint"",""coordinates"":[]}"
20100924,9.115355974,2010-09-24,"{""type"":""MultiPoint"",""coordinates"":[]}"
20100925,1.9525945788332666,2010-09-25,"{""type"":""MultiPoint"",""coordinates"":[]}"
20100926,12.602623976569525,2010-09-26,"{""type"":""MultiPoint"",""coordinates"":[]}"
20100927,28.91672702085122,2010-09-27,"{""type"":""MultiPoint"",""coordinates"":[]}"
20100928,5.556251502489677,2010-09-28,"{""type"":""MultiPoint"",""coordinates"":[]}"
20100929,21.280609631199784,2010-09-29,"{""type"":""MultiPoint"",""coordinates"":[]}"
20100930,3.237453571474654,2010-09-30,"{""type"":""MultiPoint"",""coordinates"":[]}"
20101001,0,2010-10-01,"{""type"":""MultiPoint"",""coordinates"":[]}"
20101002,0,2010-10-02,"{""type"":""MultiPoint"",""coordinates"":[]}"
20101003,9.452933467,2010-10-03,"{""type"":""MultiPoint"",""coordinates"":[]}"
20101004,20.803905299734545,2010-10-04,"{""type"":""MultiPoint"",""coordinates"":[]}"
20101005,5.548668605533568,2010-10-05,"{""type"":""MultiPoint"",""coordinates"":[]}"
20101006,0.002004804,2010-10-06,"{""type"":""MultiPoint"",""coordinates"":[]}"
20101007,0,2010-10-07,"{""type"":""MultiPoint"",""coordinates"":[]}"
20101008,0,2010-10-08,"{""type"":""MultiPoint"",""coordinates"":[]}"
20101009,0.004782776,2010-10-09,"{""type"":""MultiPoint"",""coordinates"":[]}"
20101010,0,2010-10-10,"{""type"":""MultiPoint"",""coordinates"":[]}"
20101011,0,2010-10-11,"{""type"":""MultiPoint"",""coordinates"":[]}"
20101012,0,2010-10-12,"{""type"":""MultiPoint"",""coordinates"":[]}"
20101013,0.053955276538542714,2010-10-13,"{""type"":""MultiPoint"",""coordinates"":[]}"
20101014,0.029488891245605015,2010-10-14,"{""type"":""MultiPoint"",""coordinates"":[]}"
20101015,0,2010-10-15,"{""type"":""MultiPoint"",""coordinates"":[]}"
20101016,0.00435792,2010-10-16,"{""type"":""MultiPoint"",""coordinates"":[]}"
20101017,16.994779705681673,2010-10-17,"{""type"":""MultiPoint"",""coordinates"":[]}"
20101018,19.82958200827633,2010-10-18,"{""type"":""MultiPoint"",""coordinates"":[]}"
20101019,32.864836130988365,2010-10-19,"{""type"":""MultiPoint"",""coordinates"":[]}"
20101020,15.828358647495069,2010-10-20,"{""type"":""MultiPoint"",""coordinates"":[]}"
20101021,7.019097124533761,2010-10-21,"{""type"":""MultiPoint"",""coordinates"":[]}"
20101022,18.937606373179104,2010-10-22,"{""type"":""MultiPoint"",""coordinates"":[]}"
20101023,0.066007697,2010-10-23,"{""type"":""MultiPoint"",""coordinates"":[]}"
20101024,0.018448467,2010-10-24,"{""type"":""MultiPoint"",""coordinates"":[]}"
20101025,0.12484215530180744,2010-10-25,"{""type"":""MultiPoint"",""coordinates"":[]}"
20101026,0,2010-10-26,"{""type"":""MultiPoint"",""coordinates"":[]}"
20101027,0,2010-10-27,"{""type"":""MultiPoint"",""coordinates"":[]}"
20101028,0,2010-10-28,"{""type"":""MultiPoint"",""coordinates"":[]}"
20101029,0,2010-10-29,"{""type"":""MultiPoint"",""coordinates"":[]}"
20101030,0,2010-10-30,"{""type"":""MultiPoint"",""coordinates"":[]}"
20101031,0,2010-10-31,"{""type"":""MultiPoint"",""coordinates"":[]}"
20101101,0,2010-11-01,"{""type"":""MultiPoint"",""coordinates"":[]}"
20101102,0,2010-11-02,"{""type"":""MultiPoint"",""coordinates"":[]}"
20101103,0.016613301392534075,2010-11-03,"{""type"":""MultiPoint"",""coordinates"":[]}"
20101104,2.9519393722619367,2010-11-04,"{""type"":""MultiPoint"",""coordinates"":[]}"
20101105,21.534162801235684,2010-11-05,"{""type"":""MultiPoint"",""coordinates"":[]}"
20101106,9.977978308689655,2010-11-06,"{""type"":""MultiPoint"",""coordinates"":[]}"
20101107,10.135933459046313,2010-11-07,"{""type"":""MultiPoint"",""coordinates"":[]}"
20101108,4.915712771137292,2010-11-08,"{""type"":""MultiPoint"",""coordinates"":[]}"
20101109,0,2010-11-09,"{""type"":""MultiPoint"",""coordinates"":[]}"
20101110,1.1423941895224146,2010-11-10,"{""type"":""MultiPoint"",""coordinates"":[]}"
20101111,2.5763860940481123,2010-11-11,"{""type"":""MultiPoint"",""coordinates"":[]}"
20101112,0.025084487,2010-11-12,"{""type"":""MultiPoint"",""coordinates"":[]}"
20101113,8.939994307313187,2010-11-13,"{""type"":""MultiPoint"",""coordinates"":[]}"
20101114,13.086523162752577,2010-11-14,"{""type"":""MultiPoint"",""coordinates"":[]}"
20101115,7.913883590531762,2010-11-15,"{""type"":""MultiPoint"",""coordinates"":[]}"
20101116,0,2010-11-16,"{""type"":""MultiPoint"",""coordinates"":[]}"
20101117,0.005268074,2010-11-17,"{""type"":""MultiPoint"",""coordinates"":[]}"
20101118,0.012127833647786631,2010-11-18,"{""type"":""MultiPoint"",""coordinates"":[]}"
20101119,1.5175827660053753,2010-11-19,"{""type"":""MultiPoint"",""coordinates"":[]}"
20101120,1.3515071191725028,2010-11-20,"{""type"":""MultiPoint"",""coordinates"":[]}"
20101121,8.133625475,2010-11-21,"{""type"":""MultiPoint"",""coordinates"":[]}"
20101122,3.327130106712659,2010-11-22,"{""type"":""MultiPoint"",""coordinates"":[]}"
20101123,0.7748572817146139,2010-11-23,"{""type"":""MultiPoint"",""coordinates"":[]}"
20101124,0.5539311164667035,2010-11-24,"{""type"":""MultiPoint"",""coordinates"":[]}"
20101125,0,2010-11-25,"{""type"":""MultiPoint"",""coordinates"":[]}"
20101126,0,2010-11-26,"{""type"":""MultiPoint"",""coordinates"":[]}"
20101127,0,2010-11-27,"{""type"":""MultiPoint"",""coordinates"":[]}"
20101128,0,2010-11-28,"{""type"":""MultiPoint"",""coordinates"":[]}"
20101129,0,2010-11-29,"{""type"":""MultiPoint"",""coordinates"":[]}"
20101130,0,2010-11-30,"{""type"":""MultiPoint"",""coordinates"":[]}"
20101201,0,2010-12-01,"{""type"":""MultiPoint"",""coordinates"":[]}"
20101202,0.24054751575024752,2010-12-02,"{""type"":""MultiPoint"",""coordinates"":[]}"
20101203,0,2010-12-03,"{""type"":""MultiPoint"",""coordinates"":[]}"
20101204,0.22715525670984438,2010-12-04,"{""type"":""MultiPoint"",""coordinates"":[]}"
20101205,0,2010-12-05,"{""type"":""MultiPoint"",""coordinates"":[]}"
20101206,0,2010-12-06,"{""type"":""MultiPoint"",""coordinates"":[]}"
20101207,0.001463384,2010-12-07,"{""type"":""MultiPoint"",""coordinates"":[]}"
20101208,0.2062695073340358,2010-12-08,"{""type"":""MultiPoint"",""coordinates"":[]}"
20101209,0.36713946742115117,2010-12-09,"{""type"":""MultiPoint"",""coordinates"":[]}"
20101210,0,2010-12-10,"{""type"":""MultiPoint"",""coordinates"":[]}"
20101211,0,2010-12-11,"{""type"":""MultiPoint"",""coordinates"":[]}"
20101212,0,2010-12-12,"{""type"":""MultiPoint"",""coordinates"":[]}"
20101213,0,2010-12-13,"{""type"":""MultiPoint"",""coordinates"":[]}"
20101214,0,2010-12-14,"{""type"":""MultiPoint"",""coordinates"":[]}"
20101215,0,2010-12-15,"{""type"":""MultiPoint"",""coordinates"":[]}"
20101216,0,2010-12-16,"{""type"":""MultiPoint"",""coordinates"":[]}"
20101217,0,2010-12-17,"{""type"":""MultiPoint"",""coordinates"":[]}"
20101218,0,2010-12-18,"{""type"":""MultiPoint"",""coordinates"":[]}"
20101219,0,2010-12-19,"{""type"":""MultiPoint"",""coordinates"":[]}"
20101220,0.011979068078695568,2010-12-20,"{""type"":""MultiPoint"",""coordinates"":[]}"
20101221,0.090499211,2010-12-21,"{""type"":""MultiPoint"",""coordinates"":[]}"
20101222,0,2010-12-22,"{""type"":""MultiPoint"",""coordinates"":[]}"
20101223,0,2010-12-23,"{""type"":""MultiPoint"",""coordinates"":[]}"
20101224,0,2010-12-24,"{""type"":""MultiPoint"",""coordinates"":[]}"
20101225,0.019676679784950534,2010-12-25,"{""type"":""MultiPoint"",""coordinates"":[]}"
20101226,0,2010-12-26,"{""type"":""MultiPoint"",""coordinates"":[]}"
20101227,0,2010-12-27,"{""type"":""MultiPoint"",""coordinates"":[]}"
20101228,0.13711894275274628,2010-12-28,"{""type"":""MultiPoint"",""coordinates"":[]}"
20101229,0,2010-12-29,"{""type"":""MultiPoint"",""coordinates"":[]}"
20101230,2.2985025177695592E-5,2010-12-30,"{""type"":""MultiPoint"",""coordinates"":[]}"
20101231,0.005309826,2010-12-31,"{""type"":""MultiPoint"",""coordinates"":[]}"
20110101,0,2011-01-01,"{""type"":""MultiPoint"",""coordinates"":[]}"
20110102,0,2011-01-02,"{""type"":""MultiPoint"",""coordinates"":[]}"
20110103,0,2011-01-03,"{""type"":""MultiPoint"",""coordinates"":[]}"
20110104,0,2011-01-04,"{""type"":""MultiPoint"",""coordinates"":[]}"
20110105,0,2011-01-05,"{""type"":""MultiPoint"",""coordinates"":[]}"
20110106,0,2011-01-06,"{""type"":""MultiPoint"",""coordinates"":[]}"
20110107,0,2011-01-07,"{""type"":""MultiPoint"",""coordinates"":[]}"
20110108,0,2011-01-08,"{""type"":""MultiPoint"",""coordinates"":[]}"
20110109,0,2011-01-09,"{""type"":""MultiPoint"",""coordinates"":[]}"
20110110,0,2011-01-10,"{""type"":""MultiPoint"",""coordinates"":[]}"
20110111,0,2011-01-11,"{""type"":""MultiPoint"",""coordinates"":[]}"
20110112,0,2011-01-12,"{""type"":""MultiPoint"",""coordinates"":[]}"
20110113,0,2011-01-13,"{""type"":""MultiPoint"",""coordinates"":[]}"
20110114,0,2011-01-14,"{""type"":""MultiPoint"",""coordinates"":[]}"
20110115,0,2011-01-15,"{""type"":""MultiPoint"",""coordinates"":[]}"
20110116,0,2011-01-16,"{""type"":""MultiPoint"",""coordinates"":[]}"
20110117,0,2011-01-17,"{""type"":""MultiPoint"",""coordinates"":[]}"
20110118,0,2011-01-18,"{""type"":""MultiPoint"",""coordinates"":[]}"
20110119,0,2011-01-19,"{""type"":""MultiPoint"",""coordinates"":[]}"
20110120,0,2011-01-20,"{""type"":""MultiPoint"",""coordinates"":[]}"
20110121,0,2011-01-21,"{""type"":""MultiPoint"",""coordinates"":[]}"
20110122,0,2011-01-22,"{""type"":""MultiPoint"",""coordinates"":[]}"
20110123,0,2011-01-23,"{""type"":""MultiPoint"",""coordinates"":[]}"
20110124,0,2011-01-24,"{""type"":""MultiPoint"",""coordinates"":[]}"
20110125,0,2011-01-25,"{""type"":""MultiPoint"",""coordinates"":[]}"
20110126,0,2011-01-26,"{""type"":""MultiPoint"",""coordinates"":[]}"
20110127,0,2011-01-27,"{""type"":""MultiPoint"",""coordinates"":[]}"
20110128,0,2011-01-28,"{""type"":""MultiPoint"",""coordinates"":[]}"
20110129,0,2011-01-29,"{""type"":""MultiPoint"",""coordinates"":[]}"
20110130,0,2011-01-30,"{""type"":""MultiPoint"",""coordinates"":[]}"
20110131,0,2011-01-31,"{""type"":""MultiPoint"",""coordinates"":[]}"
20110201,0,2011-02-01,"{""type"":""MultiPoint"",""coordinates"":[]}"
20110202,0,2011-02-02,"{""type"":""MultiPoint"",""coordinates"":[]}"
20110203,0,2011-02-03,"{""type"":""MultiPoint"",""coordinates"":[]}"
20110204,0,2011-02-04,"{""type"":""MultiPoint"",""coordinates"":[]}"
20110205,0,2011-02-05,"{""type"":""MultiPoint"",""coordinates"":[]}"
20110206,0,2011-02-06,"{""type"":""MultiPoint"",""coordinates"":[]}"
20110207,0,2011-02-07,"{""type"":""MultiPoint"",""coordinates"":[]}"
20110208,0,2011-02-08,"{""type"":""MultiPoint"",""coordinates"":[]}"
20110209,0,2011-02-09,"{""type"":""MultiPoint"",""coordinates"":[]}"
20110210,0,2011-02-10,"{""type"":""MultiPoint"",""coordinates"":[]}"
20110211,0,2011-02-11,"{""type"":""MultiPoint"",""coordinates"":[]}"
20110212,0,2011-02-12,"{""type"":""MultiPoint"",""coordinates"":[]}"
20110213,0,2011-02-13,"{""type"":""MultiPoint"",""coordinates"":[]}"
20110214,0,2011-02-14,"{""type"":""MultiPoint"",""coordinates"":[]}"
20110215,0,2011-02-15,"{""type"":""MultiPoint"",""coordinates"":[]}"
20110216,0,2011-02-16,"{""type"":""MultiPoint"",""coordinates"":[]}"
20110217,0,2011-02-17,"{""type"":""MultiPoint"",""coordinates"":[]}"
20110218,0,2011-02-18,"{""type"":""MultiPoint"",""coordinates"":[]}"
20110219,0,2011-02-19,"{""type"":""MultiPoint"",""coordinates"":[]}"
20110220,0,2011-02-20,"{""type"":""MultiPoint"",""coordinates"":[]}"
20110221,0,2011-02-21,"{""type"":""MultiPoint"",""coordinates"":[]}"
20110222,0,2011-02-22,"{""type"":""MultiPoint"",""coordinates"":[]}"
20110223,0.027209248,2011-02-23,"{""type"":""MultiPoint"",""coordinates"":[]}"
20110224,0,2011-02-24,"{""type"":""MultiPoint"",""coordinates"":[]}"
20110225,0,2011-02-25,"{""type"":""MultiPoint"",""coordinates"":[]}"
20110226,0,2011-02-26,"{""type"":""MultiPoint"",""coordinates"":[]}"
20110227,0,2011-02-27,"{""type"":""MultiPoint"",""coordinates"":[]}"
20110228,0.013843744490279038,2011-02-28,"{""type"":""MultiPoint"",""coordinates"":[]}"
20110301,0,2011-03-01,"{""type"":""MultiPoint"",""coordinates"":[]}"
20110302,0,2011-03-02,"{""type"":""MultiPoint"",""coordinates"":[]}"
20110303,0,2011-03-03,"{""type"":""MultiPoint"",""coordinates"":[]}"
20110304,0,2011-03-04,"{""type"":""MultiPoint"",""coordinates"":[]}"
20110305,0,2011-03-05,"{""type"":""MultiPoint"",""coordinates"":[]}"
20110306,0,2011-03-06,"{""type"":""MultiPoint"",""coordinates"":[]}"
20110307,0,2011-03-07,"{""type"":""MultiPoint"",""coordinates"":[]}"
20110308,0,2011-03-08,"{""type"":""MultiPoint"",""coordinates"":[]}"
20110309,0,2011-03-09,"{""type"":""MultiPoint"",""coordinates"":[]}"
20110310,0,2011-03-10,"{""type"":""MultiPoint"",""coordinates"":[]}"
20110311,0,2011-03-11,"{""type"":""MultiPoint"",""coordinates"":[]}"
20110312,0,2011-03-12,"{""type"":""MultiPoint"",""coordinates"":[]}"
20110313,0,2011-03-13,"{""type"":""MultiPoint"",""coordinates"":[]}"
20110314,0,2011-03-14,"{""type"":""MultiPoint"",""coordinates"":[]}"
20110315,0,2011-03-15,"{""type"":""MultiPoint"",""coordinates"":[]}"
20110316,0,2011-03-16,"{""type"":""MultiPoint"",""coordinates"":[]}"
20110317,0,2011-03-17,"{""type"":""MultiPoint"",""coordinates"":[]}"
20110318,0,2011-03-18,"{""type"":""MultiPoint"",""coordinates"":[]}"
20110319,0,2011-03-19,"{""type"":""MultiPoint"",""coordinates"":[]}"
20110320,0,2011-03-20,"{""type"":""MultiPoint"",""coordinates"":[]}"
20110321,0,2011-03-21,"{""type"":""MultiPoint"",""coordinates"":[]}"
20110322,0,2011-03-22,"{""type"":""MultiPoint"",""coordinates"":[]}"
20110323,0,2011-03-23,"{""type"":""MultiPoint"",""coordinates"":[]}"
20110324,0,2011-03-24,"{""type"":""MultiPoint"",""coordinates"":[]}"
20110325,0,2011-03-25,"{""type"":""MultiPoint"",""coordinates"":[]}"
20110326,0,2011-03-26,"{""type"":""MultiPoint"",""coordinates"":[]}"
20110327,0,2011-03-27,"{""type"":""MultiPoint"",""coordinates"":[]}"
20110328,0,2011-03-28,"{""type"":""MultiPoint"",""coordinates"":[]}"
20110329,0,2011-03-29,"{""type"":""MultiPoint"",""coordinates"":[]}"
20110330,0,2011-03-30,"{""type"":""MultiPoint"",""coordinates"":[]}"
20110331,0,2011-03-31,"{""type"":""MultiPoint"",""coordinates"":[]}"
20110401,0,2011-04-01,"{""type"":""MultiPoint"",""coordinates"":[]}"
20110402,0,2011-04-02,"{""type"":""MultiPoint"",""coordinates"":[]}"
20110403,0,2011-04-03,"{""type"":""MultiPoint"",""coordinates"":[]}"
20110404,0,2011-04-04,"{""type"":""MultiPoint"",""coordinates"":[]}"
20110405,0,2011-04-05,"{""type"":""MultiPoint"",""coordinates"":[]}"
20110406,0,2011-04-06,"{""type"":""MultiPoint"",""coordinates"":[]}"
20110407,0.011165133161661107,2011-04-07,"{""type"":""MultiPoint"",""coordinates"":[]}"
20110408,0,2011-04-08,"{""type"":""MultiPoint"",""coordinates"":[]}"
20110409,0,2011-04-09,"{""type"":""MultiPoint"",""coordinates"":[]}"
20110410,1.4319758147973207,2011-04-10,"{""type"":""MultiPoint"",""coordinates"":[]}"
20110411,3.6748860482183847,2011-04-11,"{""type"":""MultiPoint"",""coordinates"":[]}"
20110412,0.9848042531267396,2011-04-12,"{""type"":""MultiPoint"",""coordinates"":[]}"
20110413,0.38539922781960056,2011-04-13,"{""type"":""MultiPoint"",""coordinates"":[]}"
20110414,0.3110552198568801,2011-04-14,"{""type"":""MultiPoint"",""coordinates"":[]}"
20110415,0,2011-04-15,"{""type"":""MultiPoint"",""coordinates"":[]}"
20110416,1.567092941400246,2011-04-16,"{""type"":""MultiPoint"",""coordinates"":[]}"
20110417,1.225966233221544,2011-04-17,"{""type"":""MultiPoint"",""coordinates"":[]}"
20110418,0,2011-04-18,"{""type"":""MultiPoint"",""coordinates"":[]}"
20110419,0.2775309910412842,2011-04-19,"{""type"":""MultiPoint"",""coordinates"":[]}"
20110420,0.034324905675591634,2011-04-20,"{""type"":""MultiPoint"",""coordinates"":[]}"
20110421,0,2011-04-21,"{""type"":""MultiPoint"",""coordinates"":[]}"
20110422,0,2011-04-22,"{""type"":""MultiPoint"",""coordinates"":[]}"
20110423,0,2011-04-23,"{""type"":""MultiPoint"",""coordinates"":[]}"
20110424,1.9105856080122077,2011-04-24,"{""type"":""MultiPoint"",""coordinates"":[]}"
20110425,0,2011-04-25,"{""type"":""MultiPoint"",""coordinates"":[]}"
20110426,0,2011-04-26,"{""type"":""MultiPoint"",""coordinates"":[]}"
20110427,0,2011-04-27,"{""type"":""MultiPoint"",""coordinates"":[]}"
20110428,0,2011-04-28,"{""type"":""MultiPoint"",""coordinates"":[]}"
20110429,0,2011-04-29,"{""type"":""MultiPoint"",""coordinates"":[]}"
20110430,0,2011-04-30,"{""type"":""MultiPoint"",""coordinates"":[]}"
20110501,0,2011-05-01,"{""type"":""MultiPoint"",""coordinates"":[]}"
20110502,0.00449696,2011-05-02,"{""type"":""MultiPoint"",""coordinates"":[]}"
20110503,0,2011-05-03,"{""type"":""MultiPoint"",""coordinates"":[]}"
20110504,0,2011-05-04,"{""type"":""MultiPoint"",""coordinates"":[]}"
20110505,0,2011-05-05,"{""type"":""MultiPoint"",""coordinates"":[]}"
20110506,0,2011-05-06,"{""type"":""MultiPoint"",""coordinates"":[]}"
20110507,0,2011-05-07,"{""type"":""MultiPoint"",""coordinates"":[]}"
20110508,0,2011-05-08,"{""type"":""MultiPoint"",""coordinates"":[]}"
20110509,0,2011-05-09,"{""type"":""MultiPoint"",""coordinates"":[]}"
20110510,0,2011-05-10,"{""type"":""MultiPoint"",""coordinates"":[]}"
20110511,0,2011-05-11,"{""type"":""MultiPoint"",""coordinates"":[]}"
20110512,0,2011-05-12,"{""type"":""MultiPoint"",""coordinates"":[]}"
20110513,0,2011-05-13,"{""type"":""MultiPoint"",""coordinates"":[]}"
20110514,0,2011-05-14,"{""type"":""MultiPoint"",""coordinates"":[]}"
20110515,1.6491951019661046,2011-05-15,"{""type"":""MultiPoint"",""coordinates"":[]}"
20110516,0.015097772108007392,2011-05-16,"{""type"":""MultiPoint"",""coordinates"":[]}"
20110517,1.3429909944232525,2011-05-17,"{""type"":""MultiPoint"",""coordinates"":[]}"
20110518,0,2011-05-18,"{""type"":""MultiPoint"",""coordinates"":[]}"
20110519,0,2011-05-19,"{""type"":""MultiPoint"",""coordinates"":[]}"
20110520,0,2011-05-20,"{""type"":""MultiPoint"",""coordinates"":[]}"
20110521,0,2011-05-21,"{""type"":""MultiPoint"",""coordinates"":[]}"
20110522,0.062128729810328416,2011-05-22,"{""type"":""MultiPoint"",""coordinates"":[]}"
20110523,0.48579334674214086,2011-05-23,"{""type"":""MultiPoint"",""coordinates"":[]}"
20110524,0,2011-05-24,"{""type"":""MultiPoint"",""coordinates"":[]}"
20110525,0,2011-05-25,"{""type"":""MultiPoint"",""coordinates"":[]}"
20110526,2.227646878443382,2011-05-26,"{""type"":""MultiPoint"",""coordinates"":[]}"
20110527,0.40701372211865344,2011-05-27,"{""type"":""MultiPoint"",""coordinates"":[]}"
20110528,1.821243563269716,2011-05-28,"{""type"":""MultiPoint"",""coordinates"":[]}"
20110529,0.007254928,2011-05-29,"{""type"":""MultiPoint"",""coordinates"":[]}"
20110530,0,2011-05-30,"{""type"":""MultiPoint"",""coordinates"":[]}"
20110531,0.019463828208153133,2011-05-31,"{""type"":""MultiPoint"",""coordinates"":[]}"
20110601,0.589215494,2011-06-01,"{""type"":""MultiPoint"",""coordinates"":[]}"
20110602,25.301871061296257,2011-06-02,"{""type"":""MultiPoint"",""coordinates"":[]}"
20110603,32.37475316073966,2011-06-03,"{""type"":""MultiPoint"",""coordinates"":[]}"
20110604,12.678044754092461,2011-06-04,"{""type"":""MultiPoint"",""coordinates"":[]}"
20110605,24.410543678752624,2011-06-05,"{""type"":""MultiPoint"",""coordinates"":[]}"
20110606,12.896179240232703,2011-06-06,"{""type"":""MultiPoint"",""coordinates"":[]}"
20110607,0.6513654968273999,2011-06-07,"{""type"":""MultiPoint"",""coordinates"":[]}"
20110608,12.017887148335486,2011-06-08,"{""type"":""MultiPoint"",""coordinates"":[]}"
20110609,8.576541005269565,2011-06-09,"{""type"":""MultiPoint"",""coordinates"":[]}"
20110610,12.509090091849927,2011-06-10,"{""type"":""MultiPoint"",""coordinates"":[]}"
20110611,15.208739875501205,2011-06-11,"{""type"":""MultiPoint"",""coordinates"":[]}"
20110612,1.7218554430635936E-4,2011-06-12,"{""type"":""MultiPoint"",""coordinates"":[]}"
20110613,0,2011-06-13,"{""type"":""MultiPoint"",""coordinates"":[]}"
20110614,0.40426852934182667,2011-06-14,"{""type"":""MultiPoint"",""coordinates"":[]}"
20110615,0.002296317,2011-06-15,"{""type"":""MultiPoint"",""coordinates"":[]}"
20110616,0,2011-06-16,"{""type"":""MultiPoint"",""coordinates"":[]}"
20110617,0.029669879969640215,2011-06-17,"{""type"":""MultiPoint"",""coordinates"":[]}"
20110618,0,2011-06-18,"{""type"":""MultiPoint"",""coordinates"":[]}"
20110619,0,2011-06-19,"{""type"":""MultiPoint"",""coordinates"":[]}"
20110620,0,2011-06-20,"{""type"":""MultiPoint"",""coordinates"":[]}"
20110621,0,2011-06-21,"{""type"":""MultiPoint"",""coordinates"":[]}"
20110622,5.4118838257021356,2011-06-22,"{""type"":""MultiPoint"",""coordinates"":[]}"
20110623,0,2011-06-23,"{""type"":""MultiPoint"",""coordinates"":[]}"
20110624,0,2011-06-24,"{""type"":""MultiPoint"",""coordinates"":[]}"
20110625,2.8244160246997296,2011-06-25,"{""type"":""MultiPoint"",""coordinates"":[]}"
20110626,6.932927112874741,2011-06-26,"{""type"":""MultiPoint"",""coordinates"":[]}"
20110627,1.5112678494800198,2011-06-27,"{""type"":""MultiPoint"",""coordinates"":[]}"
20110628,0.3948510187388833,2011-06-28,"{""type"":""MultiPoint"",""coordinates"":[]}"
20110629,0.6434303260260475,2011-06-29,"{""type"":""MultiPoint"",""coordinates"":[]}"
20110630,0,2011-06-30,"{""type"":""MultiPoint"",""coordinates"":[]}"
20110701,0,2011-07-01,"{""type"":""MultiPoint"",""coordinates"":[]}"
20110702,0,2011-07-02,"{""type"":""MultiPoint"",""coordinates"":[]}"
20110703,0,2011-07-03,"{""type"":""MultiPoint"",""coordinates"":[]}"
20110704,1.7701397813131716,2011-07-04,"{""type"":""MultiPoint"",""coordinates"":[]}"
20110705,13.365620247128227,2011-07-05,"{""type"":""MultiPoint"",""coordinates"":[]}"
20110706,12.261412715630213,2011-07-06,"{""type"":""MultiPoint"",""coordinates"":[]}"
20110707,20.007531507169833,2011-07-07,"{""type"":""MultiPoint"",""coordinates"":[]}"
20110708,11.450314897083285,2011-07-08,"{""type"":""MultiPoint"",""coordinates"":[]}"
20110709,9.780095651820442,2011-07-09,"{""type"":""MultiPoint"",""coordinates"":[]}"
20110710,0,2011-07-10,"{""type"":""MultiPoint"",""coordinates"":[]}"
20110711,0,2011-07-11,"{""type"":""MultiPoint"",""coordinates"":[]}"
20110712,0,2011-07-12,"{""type"":""MultiPoint"",""coordinates"":[]}"
20110713,13.751558381329078,2011-07-13,"{""type"":""MultiPoint"",""coordinates"":[]}"
20110714,25.296427616063845,2011-07-14,"{""type"":""MultiPoint"",""coordinates"":[]}"
20110715,0.024541168812655344,2011-07-15,"{""type"":""MultiPoint"",""coordinates"":[]}"
20110716,13.26235937774152,2011-07-16,"{""type"":""MultiPoint"",""coordinates"":[]}"
20110717,15.368062168395662,2011-07-17,"{""type"":""MultiPoint"",""coordinates"":[]}"
20110718,8.126789475952345,2011-07-18,"{""type"":""MultiPoint"",""coordinates"":[]}"
20110719,14.59960761117485,2011-07-19,"{""type"":""MultiPoint"",""coordinates"":[]}"
20110720,0.16766352327609899,2011-07-20,"{""type"":""MultiPoint"",""coordinates"":[]}"
20110721,0.9398390521375614,2011-07-21,"{""type"":""MultiPoint"",""coordinates"":[]}"
20110722,13.657080322308563,2011-07-22,"{""type"":""MultiPoint"",""coordinates"":[]}"
20110723,2.3564151700655773,2011-07-23,"{""type"":""MultiPoint"",""coordinates"":[]}"
20110724,0,2011-07-24,"{""type"":""MultiPoint"",""coordinates"":[]}"
20110725,6.2471992309772855,2011-07-25,"{""type"":""MultiPoint"",""coordinates"":[]}"
20110726,2.2917436316867317,2011-07-26,"{""type"":""MultiPoint"",""coordinates"":[]}"
20110727,37.03784098633093,2011-07-27,"{""type"":""MultiPoint"",""coordinates"":[]}"
20110728,5.743836057392158,2011-07-28,"{""type"":""MultiPoint"",""coordinates"":[]}"
20110729,15.174634503674149,2011-07-29,"{""type"":""MultiPoint"",""coordinates"":[]}"
20110730,1.3409366058241803,2011-07-30,"{""type"":""MultiPoint"",""coordinates"":[]}"
20110731,1.490881591521625,2011-07-31,"{""type"":""MultiPoint"",""coordinates"":[]}"
20110801,0,2011-08-01,"{""type"":""MultiPoint"",""coordinates"":[]}"
20110802,0.17159317333067065,2011-08-02,"{""type"":""MultiPoint"",""coordinates"":[]}"
20110803,21.78118884244778,2011-08-03,"{""type"":""MultiPoint"",""coordinates"":[]}"
20110804,0.2699552434384815,2011-08-04,"{""type"":""MultiPoint"",""coordinates"":[]}"
20110805,1.0096793357652227,2011-08-05,"{""type"":""MultiPoint"",""coordinates"":[]}"
20110806,1.0038950571128074,2011-08-06,"{""type"":""MultiPoint"",""coordinates"":[]}"
20110807,0,2011-08-07,"{""type"":""MultiPoint"",""coordinates"":[]}"
20110808,0.005156246,2011-08-08,"{""type"":""MultiPoint"",""coordinates"":[]}"
20110809,0,2011-08-09,"{""type"":""MultiPoint"",""coordinates"":[]}"
20110810,0,2011-08-10,"{""type"":""MultiPoint"",""coordinates"":[]}"
20110811,0,2011-08-11,"{""type"":""MultiPoint"",""coordinates"":[]}"
20110812,0,2011-08-12,"{""type"":""MultiPoint"",""coordinates"":[]}"
20110813,0.5541932158750073,2011-08-13,"{""type"":""MultiPoint"",""coordinates"":[]}"
20110814,8.98472232829814E-4,2011-08-14,"{""type"":""MultiPoint"",""coordinates"":[]}"
20110815,0.088624122,2011-08-15,"{""type"":""MultiPoint"",""coordinates"":[]}"
20110816,0.6303501065592648,2011-08-16,"{""type"":""MultiPoint"",""coordinates"":[]}"
20110817,0.041429278255582604,2011-08-17,"{""type"":""MultiPoint"",""coordinates"":[]}"
20110818,17.321588662579224,2011-08-18,"{""type"":""MultiPoint"",""coordinates"":[]}"
20110819,7.128563240806324,2011-08-19,"{""type"":""MultiPoint"",""coordinates"":[]}"
20110820,22.31365844260989,2011-08-20,"{""type"":""MultiPoint"",""coordinates"":[]}"
20110821,6.783866417309826,2011-08-21,"{""type"":""MultiPoint"",""coordinates"":[]}"
20110822,4.134954317068145,2011-08-22,"{""type"":""MultiPoint"",""coordinates"":[]}"
20110823,21.906072745888558,2011-08-23,"{""type"":""MultiPoint"",""coordinates"":[]}"
20110824,16.982619814933603,2011-08-24,"{""type"":""MultiPoint"",""coordinates"":[]}"
20110825,1.018196133758536,2011-08-25,"{""type"":""MultiPoint"",""coordinates"":[]}"
20110826,23.52883112425742,2011-08-26,"{""type"":""MultiPoint"",""coordinates"":[]}"
20110827,3.2615077198235456,2011-08-27,"{""type"":""MultiPoint"",""coordinates"":[]}"
20110828,21.520595012276367,2011-08-28,"{""type"":""MultiPoint"",""coordinates"":[]}"
20110829,33.07224207509146,2011-08-29,"{""type"":""MultiPoint"",""coordinates"":[]}"
20110830,0.093720281,2011-08-30,"{""type"":""MultiPoint"",""coordinates"":[]}"
20110831,13.15515032652251,2011-08-31,"{""type"":""MultiPoint"",""coordinates"":[]}"
20110901,15.09393171110476,2011-09-01,"{""type"":""MultiPoint"",""coordinates"":[]}"
20110902,3.2071096662757204,2011-09-02,"{""type"":""MultiPoint"",""coordinates"":[]}"
20110903,51.92703711348121,2011-09-03,"{""type"":""MultiPoint"",""coordinates"":[]}"
20110904,2.400320874863726,2011-09-04,"{""type"":""MultiPoint"",""coordinates"":[]}"
20110905,0,2011-09-05,"{""type"":""MultiPoint"",""coordinates"":[]}"
20110906,0.13900349032076653,2011-09-06,"{""type"":""MultiPoint"",""coordinates"":[]}"
20110907,0,2011-09-07,"{""type"":""MultiPoint"",""coordinates"":[]}"
20110908,0,2011-09-08,"{""type"":""MultiPoint"",""coordinates"":[]}"
20110909,2.9563686708900456,2011-09-09,"{""type"":""MultiPoint"",""coordinates"":[]}"
20110910,0.474374438,2011-09-10,"{""type"":""MultiPoint"",""coordinates"":[]}"
20110911,0,2011-09-11,"{""type"":""MultiPoint"",""coordinates"":[]}"
20110912,0,2011-09-12,"{""type"":""MultiPoint"",""coordinates"":[]}"
20110913,0,2011-09-13,"{""type"":""MultiPoint"",""coordinates"":[]}"
20110914,14.772234906197784,2011-09-14,"{""type"":""MultiPoint"",""coordinates"":[]}"
20110915,52.156062791017014,2011-09-15,"{""type"":""MultiPoint"",""coordinates"":[]}"
20110916,0.5308939058585165,2011-09-16,"{""type"":""MultiPoint"",""coordinates"":[]}"
20110917,0.16592094801649848,2011-09-17,"{""type"":""MultiPoint"",""coordinates"":[]}"
20110918,0,2011-09-18,"{""type"":""MultiPoint"",""coordinates"":[]}"
20110919,0,2011-09-19,"{""type"":""MultiPoint"",""coordinates"":[]}"
20110920,0,2011-09-20,"{""type"":""MultiPoint"",""coordinates"":[]}"
20110921,0,2011-09-21,"{""type"":""MultiPoint"",""coordinates"":[]}"
20110922,0,2011-09-22,"{""type"":""MultiPoint"",""coordinates"":[]}"
20110923,0,2011-09-23,"{""type"":""MultiPoint"",""coordinates"":[]}"
20110924,0,2011-09-24,"{""type"":""MultiPoint"",""coordinates"":[]}"
20110925,0,2011-09-25,"{""type"":""MultiPoint"",""coordinates"":[]}"
20110926,0,2011-09-26,"{""type"":""MultiPoint"",""coordinates"":[]}"
20110927,0,2011-09-27,"{""type"":""MultiPoint"",""coordinates"":[]}"
20110928,0,2011-09-28,"{""type"":""MultiPoint"",""coordinates"":[]}"
20110929,0,2011-09-29,"{""type"":""MultiPoint"",""coordinates"":[]}"
20110930,0,2011-09-30,"{""type"":""MultiPoint"",""coordinates"":[]}"
20111001,0.009732436,2011-10-01,"{""type"":""MultiPoint"",""coordinates"":[]}"
20111002,0.004305489,2011-10-02,"{""type"":""MultiPoint"",""coordinates"":[]}"
20111003,0,2011-10-03,"{""type"":""MultiPoint"",""coordinates"":[]}"
20111004,0,2011-10-04,"{""type"":""MultiPoint"",""coordinates"":[]}"
20111005,0.12498268995052386,2011-10-05,"{""type"":""MultiPoint"",""coordinates"":[]}"
20111006,0.26977357714472583,2011-10-06,"{""type"":""MultiPoint"",""coordinates"":[]}"
20111007,1.0119210649063102,2011-10-07,"{""type"":""MultiPoint"",""coordinates"":[]}"
20111008,2.7764915669417465,2011-10-08,"{""type"":""MultiPoint"",""coordinates"":[]}"
20111009,6.152843663833527,2011-10-09,"{""type"":""MultiPoint"",""coordinates"":[]}"
20111010,2.5597160231058607,2011-10-10,"{""type"":""MultiPoint"",""coordinates"":[]}"
20111011,27.58606236,2011-10-11,"{""type"":""MultiPoint"",""coordinates"":[]}"
20111012,17.91970873153073,2011-10-12,"{""type"":""MultiPoint"",""coordinates"":[]}"
20111013,9.292723285515258,2011-10-13,"{""type"":""MultiPoint"",""coordinates"":[]}"
20111014,13.559738684959902,2011-10-14,"{""type"":""MultiPoint"",""coordinates"":[]}"
20111015,23.586298477001222,2011-10-15,"{""type"":""MultiPoint"",""coordinates"":[]}"
20111016,28.08680589272909,2011-10-16,"{""type"":""MultiPoint"",""coordinates"":[]}"
20111017,4.656591405837605,2011-10-17,"{""type"":""MultiPoint"",""coordinates"":[]}"
20111018,0.27069759846059094,2011-10-18,"{""type"":""MultiPoint"",""coordinates"":[]}"
20111019,0.013656703664385839,2011-10-19,"{""type"":""MultiPoint"",""coordinates"":[]}"
20111020,0,2011-10-20,"{""type"":""MultiPoint"",""coordinates"":[]}"
20111021,0,2011-10-21,"{""type"":""MultiPoint"",""coordinates"":[]}"
20111022,0,2011-10-22,"{""type"":""MultiPoint"",""coordinates"":[]}"
20111023,0,2011-10-23,"{""type"":""MultiPoint"",""coordinates"":[]}"
20111024,0,2011-10-24,"{""type"":""MultiPoint"",""coordinates"":[]}"
20111025,0,2011-10-25,"{""type"":""MultiPoint"",""coordinates"":[]}"
20111026,0,2011-10-26,"{""type"":""MultiPoint"",""coordinates"":[]}"
20111027,0,2011-10-27,"{""type"":""MultiPoint"",""coordinates"":[]}"
20111028,0,2011-10-28,"{""type"":""MultiPoint"",""coordinates"":[]}"
20111029,0.021284894384170375,2011-10-29,"{""type"":""MultiPoint"",""coordinates"":[]}"
20111030,0.049282567703715266,2011-10-30,"{""type"":""MultiPoint"",""coordinates"":[]}"
20111031,0,2011-10-31,"{""type"":""MultiPoint"",""coordinates"":[]}"
20111101,0.19108377129713802,2011-11-01,"{""type"":""MultiPoint"",""coordinates"":[]}"
20111102,0,2011-11-02,"{""type"":""MultiPoint"",""coordinates"":[]}"
20111103,0.7346255619542409,2011-11-03,"{""type"":""MultiPoint"",""coordinates"":[]}"
20111104,0,2011-11-04,"{""type"":""MultiPoint"",""coordinates"":[]}"
20111105,0,2011-11-05,"{""type"":""MultiPoint"",""coordinates"":[]}"
20111106,0,2011-11-06,"{""type"":""MultiPoint"",""coordinates"":[]}"
20111107,0,2011-11-07,"{""type"":""MultiPoint"",""coordinates"":[]}"
20111108,0,2011-11-08,"{""type"":""MultiPoint"",""coordinates"":[]}"
20111109,0,2011-11-09,"{""type"":""MultiPoint"",""coordinates"":[]}"
20111110,0,2011-11-10,"{""type"":""MultiPoint"",""coordinates"":[]}"
20111111,0,2011-11-11,"{""type"":""MultiPoint"",""coordinates"":[]}"
20111112,0,2011-11-12,"{""type"":""MultiPoint"",""coordinates"":[]}"
20111113,0,2011-11-13,"{""type"":""MultiPoint"",""coordinates"":[]}"
20111114,0,2011-11-14,"{""type"":""MultiPoint"",""coordinates"":[]}"
20111115,0,2011-11-15,"{""type"":""MultiPoint"",""coordinates"":[]}"
20111116,0,2011-11-16,"{""type"":""MultiPoint"",""coordinates"":[]}"
20111117,0,2011-11-17,"{""type"":""MultiPoint"",""coordinates"":[]}"
20111118,0,2011-11-18,"{""type"":""MultiPoint"",""coordinates"":[]}"
20111119,0.050108882,2011-11-19,"{""type"":""MultiPoint"",""coordinates"":[]}"
20111120,0,2011-11-20,"{""type"":""MultiPoint"",""coordinates"":[]}"
20111121,0,2011-11-21,"{""type"":""MultiPoint"",""coordinates"":[]}"
20111122,0.046045673,2011-11-22,"{""type"":""MultiPoint"",""coordinates"":[]}"
20111123,0.29122918981282936,2011-11-23,"{""type"":""MultiPoint"",""coordinates"":[]}"
20111124,0.11675328389020642,2011-11-24,"{""type"":""MultiPoint"",""coordinates"":[]}"
20111125,0.077892121,2011-11-25,"{""type"":""MultiPoint"",""coordinates"":[]}"
20111126,1.7034996647150185,2011-11-26,"{""type"":""MultiPoint"",""coordinates"":[]}"
20111127,0.085374894,2011-11-27,"{""type"":""MultiPoint"",""coordinates"":[]}"
20111128,0.13287001089572323,2011-11-28,"{""type"":""MultiPoint"",""coordinates"":[]}"
20111129,3.0320086882970054,2011-11-29,"{""type"":""MultiPoint"",""coordinates"":[]}"
20111130,0,2011-11-30,"{""type"":""MultiPoint"",""coordinates"":[]}"
20111201,0,2011-12-01,"{""type"":""MultiPoint"",""coordinates"":[]}"
20111202,0,2011-12-02,"{""type"":""MultiPoint"",""coordinates"":[]}"
20111203,0,2011-12-03,"{""type"":""MultiPoint"",""coordinates"":[]}"
20111204,0.017950118335714804,2011-12-04,"{""type"":""MultiPoint"",""coordinates"":[]}"
20111205,0.055354859899686984,2011-12-05,"{""type"":""MultiPoint"",""coordinates"":[]}"
20111206,0,2011-12-06,"{""type"":""MultiPoint"",""coordinates"":[]}"
20111207,0.004649657,2011-12-07,"{""type"":""MultiPoint"",""coordinates"":[]}"
20111208,0,2011-12-08,"{""type"":""MultiPoint"",""coordinates"":[]}"
20111209,0,2011-12-09,"{""type"":""MultiPoint"",""coordinates"":[]}"
20111210,0,2011-12-10,"{""type"":""MultiPoint"",""coordinates"":[]}"
20111211,0,2011-12-11,"{""type"":""MultiPoint"",""coordinates"":[]}"
20111212,0.012574510292450925,2011-12-12,"{""type"":""MultiPoint"",""coordinates"":[]}"
20111213,0.004916485,2011-12-13,"{""type"":""MultiPoint"",""coordinates"":[]}"
20111214,0.050845824,2011-12-14,"{""type"":""MultiPoint"",""coordinates"":[]}"
20111215,0,2011-12-15,"{""type"":""MultiPoint"",""coordinates"":[]}"
20111216,0.10911053881255683,2011-12-16,"{""type"":""MultiPoint"",""coordinates"":[]}"
20111217,0,2011-12-17,"{""type"":""MultiPoint"",""coordinates"":[]}"
20111218,0,2011-12-18,"{""type"":""MultiPoint"",""coordinates"":[]}"
20111219,0,2011-12-19,"{""type"":""MultiPoint"",""coordinates"":[]}"
20111220,0,2011-12-20,"{""type"":""MultiPoint"",""coordinates"":[]}"
20111221,0.12389413438689771,2011-12-21,"{""type"":""MultiPoint"",""coordinates"":[]}"
20111222,0,2011-12-22,"{""type"":""MultiPoint"",""coordinates"":[]}"
20111223,0,2011-12-23,"{""type"":""MultiPoint"",""coordinates"":[]}"
20111224,0.25730272872541654,2011-12-24,"{""type"":""MultiPoint"",""coordinates"":[]}"
20111225,0,2011-12-25,"{""type"":""MultiPoint"",""coordinates"":[]}"
20111226,0,2011-12-26,"{""type"":""MultiPoint"",""coordinates"":[]}"
20111227,0.050084664,2011-12-27,"{""type"":""MultiPoint"",""coordinates"":[]}"
20111228,0,2011-12-28,"{""type"":""MultiPoint"",""coordinates"":[]}"
20111229,0.024389273,2011-12-29,"{""type"":""MultiPoint"",""coordinates"":[]}"
20111230,0.23039639363427605,2011-12-30,"{""type"":""MultiPoint"",""coordinates"":[]}"
20111231,0.056077147105696265,2011-12-31,"{""type"":""MultiPoint"",""coordinates"":[]}"
20120101,0,2012-01-01,"{""type"":""MultiPoint"",""coordinates"":[]}"
20120102,0,2012-01-02,"{""type"":""MultiPoint"",""coordinates"":[]}"
20120103,0,2012-01-03,"{""type"":""MultiPoint"",""coordinates"":[]}"
20120104,0,2012-01-04,"{""type"":""MultiPoint"",""coordinates"":[]}"
20120105,0,2012-01-05,"{""type"":""MultiPoint"",""coordinates"":[]}"
20120106,0,2012-01-06,"{""type"":""MultiPoint"",""coordinates"":[]}"
20120107,0,2012-01-07,"{""type"":""MultiPoint"",""coordinates"":[]}"
20120108,0,2012-01-08,"{""type"":""MultiPoint"",""coordinates"":[]}"
20120109,0,2012-01-09,"{""type"":""MultiPoint"",""coordinates"":[]}"
20120110,0,2012-01-10,"{""type"":""MultiPoint"",""coordinates"":[]}"
20120111,0,2012-01-11,"{""type"":""MultiPoint"",""coordinates"":[]}"
20120112,0,2012-01-12,"{""type"":""MultiPoint"",""coordinates"":[]}"
20120113,0,2012-01-13,"{""type"":""MultiPoint"",""coordinates"":[]}"
20120114,0,2012-01-14,"{""type"":""MultiPoint"",""coordinates"":[]}"
20120115,0,2012-01-15,"{""type"":""MultiPoint"",""coordinates"":[]}"
20120116,0,2012-01-16,"{""type"":""MultiPoint"",""coordinates"":[]}"
20120117,0,2012-01-17,"{""type"":""MultiPoint"",""coordinates"":[]}"
20120118,0,2012-01-18,"{""type"":""MultiPoint"",""coordinates"":[]}"
20120119,0,2012-01-19,"{""type"":""MultiPoint"",""coordinates"":[]}"
20120120,0,2012-01-20,"{""type"":""MultiPoint"",""coordinates"":[]}"
20120121,0,2012-01-21,"{""type"":""MultiPoint"",""coordinates"":[]}"
20120122,0,2012-01-22,"{""type"":""MultiPoint"",""coordinates"":[]}"
20120123,0,2012-01-23,"{""type"":""MultiPoint"",""coordinates"":[]}"
20120124,0,2012-01-24,"{""type"":""MultiPoint"",""coordinates"":[]}"
20120125,0,2012-01-25,"{""type"":""MultiPoint"",""coordinates"":[]}"
20120126,0,2012-01-26,"{""type"":""MultiPoint"",""coordinates"":[]}"
20120127,0,2012-01-27,"{""type"":""MultiPoint"",""coordinates"":[]}"
20120128,0,2012-01-28,"{""type"":""MultiPoint"",""coordinates"":[]}"
20120129,0,2012-01-29,"{""type"":""MultiPoint"",""coordinates"":[]}"
20120130,0,2012-01-30,"{""type"":""MultiPoint"",""coordinates"":[]}"
20120131,0,2012-01-31,"{""type"":""MultiPoint"",""coordinates"":[]}"
20120201,0,2012-02-01,"{""type"":""MultiPoint"",""coordinates"":[]}"
20120202,0,2012-02-02,"{""type"":""MultiPoint"",""coordinates"":[]}"
20120203,0,2012-02-03,"{""type"":""MultiPoint"",""coordinates"":[]}"
20120204,0,2012-02-04,"{""type"":""MultiPoint"",""coordinates"":[]}"
20120205,0,2012-02-05,"{""type"":""MultiPoint"",""coordinates"":[]}"
20120206,0,2012-02-06,"{""type"":""MultiPoint"",""coordinates"":[]}"
20120207,0,2012-02-07,"{""type"":""MultiPoint"",""coordinates"":[]}"
20120208,0.038958608,2012-02-08,"{""type"":""MultiPoint"",""coordinates"":[]}"
20120209,0,2012-02-09,"{""type"":""MultiPoint"",""coordinates"":[]}"
20120210,0,2012-02-10,"{""type"":""MultiPoint"",""coordinates"":[]}"
20120211,0,2012-02-11,"{""type"":""MultiPoint"",""coordinates"":[]}"
20120212,0.003110446,2012-02-12,"{""type"":""MultiPoint"",""coordinates"":[]}"
20120213,0.00479185,2012-02-13,"{""type"":""MultiPoint"",""coordinates"":[]}"
20120214,0,2012-02-14,"{""type"":""MultiPoint"",""coordinates"":[]}"
20120215,0,2012-02-15,"{""type"":""MultiPoint"",""coordinates"":[]}"
20120216,0,2012-02-16,"{""type"":""MultiPoint"",""coordinates"":[]}"
20120217,0,2012-02-17,"{""type"":""MultiPoint"",""coordinates"":[]}"
20120218,0.003514346,2012-02-18,"{""type"":""MultiPoint"",""coordinates"":[]}"
20120219,0.008837476,2012-02-19,"{""type"":""MultiPoint"",""coordinates"":[]}"
20120220,0,2012-02-20,"{""type"":""MultiPoint"",""coordinates"":[]}"
20120221,0.012471916619273273,2012-02-21,"{""type"":""MultiPoint"",""coordinates"":[]}"
20120222,0,2012-02-22,"{""type"":""MultiPoint"",""coordinates"":[]}"
20120223,0,2012-02-23,"{""type"":""MultiPoint"",""coordinates"":[]}"
20120224,0,2012-02-24,"{""type"":""MultiPoint"",""coordinates"":[]}"
20120225,0,2012-02-25,"{""type"":""MultiPoint"",""coordinates"":[]}"
20120226,0,2012-02-26,"{""type"":""MultiPoint"",""coordinates"":[]}"
20120227,0,2012-02-27,"{""type"":""MultiPoint"",""coordinates"":[]}"
20120228,0,2012-02-28,"{""type"":""MultiPoint"",""coordinates"":[]}"
20120229,0,2012-02-29,"{""type"":""MultiPoint"",""coordinates"":[]}"
20120301,0,2012-03-01,"{""type"":""MultiPoint"",""coordinates"":[]}"
20120302,0,2012-03-02,"{""type"":""MultiPoint"",""coordinates"":[]}"
20120303,0,2012-03-03,"{""type"":""MultiPoint"",""coordinates"":[]}"
20120304,0,2012-03-04,"{""type"":""MultiPoint"",""coordinates"":[]}"
20120305,0,2012-03-05,"{""type"":""MultiPoint"",""coordinates"":[]}"
20120306,0,2012-03-06,"{""type"":""MultiPoint"",""coordinates"":[]}"
20120307,0,2012-03-07,"{""type"":""MultiPoint"",""coordinates"":[]}"
20120308,0,2012-03-08,"{""type"":""MultiPoint"",""coordinates"":[]}"
20120309,0,2012-03-09,"{""type"":""MultiPoint"",""coordinates"":[]}"
20120310,0,2012-03-10,"{""type"":""MultiPoint"",""coordinates"":[]}"
20120311,0,2012-03-11,"{""type"":""MultiPoint"",""coordinates"":[]}"
20120312,0,2012-03-12,"{""type"":""MultiPoint"",""coordinates"":[]}"
20120313,0,2012-03-13,"{""type"":""MultiPoint"",""coordinates"":[]}"
20120314,0,2012-03-14,"{""type"":""MultiPoint"",""coordinates"":[]}"
20120315,0,2012-03-15,"{""type"":""MultiPoint"",""coordinates"":[]}"
20120316,0,2012-03-16,"{""type"":""MultiPoint"",""coordinates"":[]}"
20120317,0,2012-03-17,"{""type"":""MultiPoint"",""coordinates"":[]}"
20120318,0,2012-03-18,"{""type"":""MultiPoint"",""coordinates"":[]}"
20120319,0,2012-03-19,"{""type"":""MultiPoint"",""coordinates"":[]}"
20120320,0,2012-03-20,"{""type"":""MultiPoint"",""coordinates"":[]}"
20120321,0,2012-03-21,"{""type"":""MultiPoint"",""coordinates"":[]}"
20120322,0,2012-03-22,"{""type"":""MultiPoint"",""coordinates"":[]}"
20120323,0,2012-03-23,"{""type"":""MultiPoint"",""coordinates"":[]}"
20120324,0,2012-03-24,"{""type"":""MultiPoint"",""coordinates"":[]}"
20120325,0,2012-03-25,"{""type"":""MultiPoint"",""coordinates"":[]}"
20120326,0,2012-03-26,"{""type"":""MultiPoint"",""coordinates"":[]}"
20120327,0,2012-03-27,"{""type"":""MultiPoint"",""coordinates"":[]}"
20120328,0,2012-03-28,"{""type"":""MultiPoint"",""coordinates"":[]}"
20120329,0,2012-03-29,"{""type"":""MultiPoint"",""coordinates"":[]}"
20120330,0,2012-03-30,"{""type"":""MultiPoint"",""coordinates"":[]}"
20120331,0,2012-03-31,"{""type"":""MultiPoint"",""coordinates"":[]}"
20120401,0.11635869153395047,2012-04-01,"{""type"":""MultiPoint"",""coordinates"":[]}"
20120402,1.047046764311962,2012-04-02,"{""type"":""MultiPoint"",""coordinates"":[]}"
20120403,0.28775980783886745,2012-04-03,"{""type"":""MultiPoint"",""coordinates"":[]}"
20120404,0.084346027,2012-04-04,"{""type"":""MultiPoint"",""coordinates"":[]}"
20120405,0,2012-04-05,"{""type"":""MultiPoint"",""coordinates"":[]}"
20120406,0,2012-04-06,"{""type"":""MultiPoint"",""coordinates"":[]}"
20120407,0,2012-04-07,"{""type"":""MultiPoint"",""coordinates"":[]}"
20120408,0,2012-04-08,"{""type"":""MultiPoint"",""coordinates"":[]}"
20120409,0,2012-04-09,"{""type"":""MultiPoint"",""coordinates"":[]}"
20120410,0,2012-04-10,"{""type"":""MultiPoint"",""coordinates"":[]}"
20120411,0.040630599,2012-04-11,"{""type"":""MultiPoint"",""coordinates"":[]}"
20120412,0.26244166730923496,2012-04-12,"{""type"":""MultiPoint"",""coordinates"":[]}"
20120413,0.071514977,2012-04-13,"{""type"":""MultiPoint"",""coordinates"":[]}"
20120414,0.043958534,2012-04-14,"{""type"":""MultiPoint"",""coordinates"":[]}"
20120415,0,2012-04-15,"{""type"":""MultiPoint"",""coordinates"":[]}"
20120416,1.4147072233722877,2012-04-16,"{""type"":""MultiPoint"",""coordinates"":[]}"
20120417,0.3337265678206843,2012-04-17,"{""type"":""MultiPoint"",""coordinates"":[]}"
20120418,1.169614008,2012-04-18,"{""type"":""MultiPoint"",""coordinates"":[]}"
20120419,3.686522986480494,2012-04-19,"{""type"":""MultiPoint"",""coordinates"":[]}"
20120420,0.6478449635761859,2012-04-20,"{""type"":""MultiPoint"",""coordinates"":[]}"
20120421,0.35213682707653027,2012-04-21,"{""type"":""MultiPoint"",""coordinates"":[]}"
20120422,0,2012-04-22,"{""type"":""MultiPoint"",""coordinates"":[]}"
20120423,0,2012-04-23,"{""type"":""MultiPoint"",""coordinates"":[]}"
20120424,0,2012-04-24,"{""type"":""MultiPoint"",""coordinates"":[]}"
20120425,0,2012-04-25,"{""type"":""MultiPoint"",""coordinates"":[]}"
20120426,0,2012-04-26,"{""type"":""MultiPoint"",""coordinates"":[]}"
20120427,0,2012-04-27,"{""type"":""MultiPoint"",""coordinates"":[]}"
20120428,0,2012-04-28,"{""type"":""MultiPoint"",""coordinates"":[]}"
20120429,0,2012-04-29,"{""type"":""MultiPoint"",""coordinates"":[]}"
20120430,0,2012-04-30,"{""type"":""MultiPoint"",""coordinates"":[]}"
20120501,0,2012-05-01,"{""type"":""MultiPoint"",""coordinates"":[]}"
20120502,0,2012-05-02,"{""type"":""MultiPoint"",""coordinates"":[]}"
20120503,0,2012-05-03,"{""type"":""MultiPoint"",""coordinates"":[]}"
20120504,0,2012-05-04,"{""type"":""MultiPoint"",""coordinates"":[]}"
20120505,0,2012-05-05,"{""type"":""MultiPoint"",""coordinates"":[]}"
20120506,0,2012-05-06,"{""type"":""MultiPoint"",""coordinates"":[]}"
20120507,0,2012-05-07,"{""type"":""MultiPoint"",""coordinates"":[]}"
20120508,3.2054633375454413,2012-05-08,"{""type"":""MultiPoint"",""coordinates"":[]}"
20120509,1.3369784354929044,2012-05-09,"{""type"":""MultiPoint"",""coordinates"":[]}"
20120510,0.4649351749041729,2012-05-10,"{""type"":""MultiPoint"",""coordinates"":[]}"
20120511,0.5030723536586027,2012-05-11,"{""type"":""MultiPoint"",""coordinates"":[]}"
20120512,2.133628046346124,2012-05-12,"{""type"":""MultiPoint"",""coordinates"":[]}"
20120513,0,2012-05-13,"{""type"":""MultiPoint"",""coordinates"":[]}"
20120514,0,2012-05-14,"{""type"":""MultiPoint"",""coordinates"":[]}"
20120515,0,2012-05-15,"{""type"":""MultiPoint"",""coordinates"":[]}"
20120516,0,2012-05-16,"{""type"":""MultiPoint"",""coordinates"":[]}"
20120517,0,2012-05-17,"{""type"":""MultiPoint"",""coordinates"":[]}"
20120518,0,2012-05-18,"{""type"":""MultiPoint"",""coordinates"":[]}"
20120519,0,2012-05-19,"{""type"":""MultiPoint"",""coordinates"":[]}"
20120520,0,2012-05-20,"{""type"":""MultiPoint"",""coordinates"":[]}"
20120521,0,2012-05-21,"{""type"":""MultiPoint"",""coordinates"":[]}"
20120522,0,2012-05-22,"{""type"":""MultiPoint"",""coordinates"":[]}"
20120523,0,2012-05-23,"{""type"":""MultiPoint"",""coordinates"":[]}"
20120524,0,2012-05-24,"{""type"":""MultiPoint"",""coordinates"":[]}"
20120525,0,2012-05-25,"{""type"":""MultiPoint"",""coordinates"":[]}"
20120526,0,2012-05-26,"{""type"":""MultiPoint"",""coordinates"":[]}"
20120527,0,2012-05-27,"{""type"":""MultiPoint"",""coordinates"":[]}"
20120528,0.010650888059371106,2012-05-28,"{""type"":""MultiPoint"",""coordinates"":[]}"
20120529,0,2012-05-29,"{""type"":""MultiPoint"",""coordinates"":[]}"
20120530,0,2012-05-30,"{""type"":""MultiPoint"",""coordinates"":[]}"
20120531,0,2012-05-31,"{""type"":""MultiPoint"",""coordinates"":[]}"
20120601,0,2012-06-01,"{""type"":""MultiPoint"",""coordinates"":[]}"
20120602,0,2012-06-02,"{""type"":""MultiPoint"",""coordinates"":[]}"
20120603,0,2012-06-03,"{""type"":""MultiPoint"",""coordinates"":[]}"
20120604,0,2012-06-04,"{""type"":""MultiPoint"",""coordinates"":[]}"
20120605,3.4902970130945477,2012-06-05,"{""type"":""MultiPoint"",""coordinates"":[]}"
20120606,0.9257538972859951,2012-06-06,"{""type"":""MultiPoint"",""coordinates"":[]}"
20120607,1.172195379187347,2012-06-07,"{""type"":""MultiPoint"",""coordinates"":[]}"
20120608,0.3952637210487468,2012-06-08,"{""type"":""MultiPoint"",""coordinates"":[]}"
20120609,0.24245706322512334,2012-06-09,"{""type"":""MultiPoint"",""coordinates"":[]}"
20120610,0,2012-06-10,"{""type"":""MultiPoint"",""coordinates"":[]}"
20120611,0,2012-06-11,"{""type"":""MultiPoint"",""coordinates"":[]}"
20120612,0.012104399336847038,2012-06-12,"{""type"":""MultiPoint"",""coordinates"":[]}"
20120613,0.34706597489440305,2012-06-13,"{""type"":""MultiPoint"",""coordinates"":[]}"
20120614,4.765191335397379,2012-06-14,"{""type"":""MultiPoint"",""coordinates"":[]}"
20120615,14.929214167128135,2012-06-15,"{""type"":""MultiPoint"",""coordinates"":[]}"
20120616,2.098390234855051,2012-06-16,"{""type"":""MultiPoint"",""coordinates"":[]}"
20120617,45.93146600713288,2012-06-17,"{""type"":""MultiPoint"",""coordinates"":[]}"
20120618,7.536339222866205,2012-06-18,"{""type"":""MultiPoint"",""coordinates"":[]}"
20120619,0.014232460378676022,2012-06-19,"{""type"":""MultiPoint"",""coordinates"":[]}"
20120620,0,2012-06-20,"{""type"":""MultiPoint"",""coordinates"":[]}"
20120621,0,2012-06-21,"{""type"":""MultiPoint"",""coordinates"":[]}"
20120622,0.484011226,2012-06-22,"{""type"":""MultiPoint"",""coordinates"":[]}"
20120623,0.12617338677017173,2012-06-23,"{""type"":""MultiPoint"",""coordinates"":[]}"
20120624,0,2012-06-24,"{""type"":""MultiPoint"",""coordinates"":[]}"
20120625,0.1687816514865617,2012-06-25,"{""type"":""MultiPoint"",""coordinates"":[]}"
20120626,0,2012-06-26,"{""type"":""MultiPoint"",""coordinates"":[]}"
20120627,0,2012-06-27,"{""type"":""MultiPoint"",""coordinates"":[]}"
20120628,0.2996205947455602,2012-06-28,"{""type"":""MultiPoint"",""coordinates"":[]}"
20120629,0.3853417312089199,2012-06-29,"{""type"":""MultiPoint"",""coordinates"":[]}"
20120630,5.578042027711655,2012-06-30,"{""type"":""MultiPoint"",""coordinates"":[]}"
20120701,18.16803422378206,2012-07-01,"{""type"":""MultiPoint"",""coordinates"":[]}"
20120702,2.226108598083151,2012-07-02,"{""type"":""MultiPoint"",""coordinates"":[]}"
20120703,21.46377753380602,2012-07-03,"{""type"":""MultiPoint"",""coordinates"":[]}"
20120704,0.5278196814712817,2012-07-04,"{""type"":""MultiPoint"",""coordinates"":[]}"
20120705,10.945980777144518,2012-07-05,"{""type"":""MultiPoint"",""coordinates"":[]}"
20120706,7.713341765700105,2012-07-06,"{""type"":""MultiPoint"",""coordinates"":[]}"
20120707,0.2152739667147551,2012-07-07,"{""type"":""MultiPoint"",""coordinates"":[]}"
20120708,0.23388200784176405,2012-07-08,"{""type"":""MultiPoint"",""coordinates"":[]}"
20120709,5.903384688034674,2012-07-09,"{""type"":""MultiPoint"",""coordinates"":[]}"
20120710,1.0129834082103821,2012-07-10,"{""type"":""MultiPoint"",""coordinates"":[]}"
20120711,0.8069507102327159,2012-07-11,"{""type"":""MultiPoint"",""coordinates"":[]}"
20120712,0,2012-07-12,"{""type"":""MultiPoint"",""coordinates"":[]}"
20120713,0.6329537980611786,2012-07-13,"{""type"":""MultiPoint"",""coordinates"":[]}"
20120714,0,2012-07-14,"{""type"":""MultiPoint"",""coordinates"":[]}"
20120715,3.2644559735237597,2012-07-15,"{""type"":""MultiPoint"",""coordinates"":[]}"
20120716,6.051092132179948,2012-07-16,"{""type"":""MultiPoint"",""coordinates"":[]}"
20120717,13.164550650254723,2012-07-17,"{""type"":""MultiPoint"",""coordinates"":[]}"
20120718,5.374022719219835,2012-07-18,"{""type"":""MultiPoint"",""coordinates"":[]}"
20120719,0.7031462626161189,2012-07-19,"{""type"":""MultiPoint"",""coordinates"":[]}"
20120720,0.7691834121248577,2012-07-20,"{""type"":""MultiPoint"",""coordinates"":[]}"
20120721,0.23131983312951468,2012-07-21,"{""type"":""MultiPoint"",""coordinates"":[]}"
20120722,20.18247631426875,2012-07-22,"{""type"":""MultiPoint"",""coordinates"":[]}"
20120723,0.032969425,2012-07-23,"{""type"":""MultiPoint"",""coordinates"":[]}"
20120724,0.03141388,2012-07-24,"{""type"":""MultiPoint"",""coordinates"":[]}"
20120725,0.8561099685558312,2012-07-25,"{""type"":""MultiPoint"",""coordinates"":[]}"
20120726,6.876990109606125,2012-07-26,"{""type"":""MultiPoint"",""coordinates"":[]}"
20120727,13.255149211977326,2012-07-27,"{""type"":""MultiPoint"",""coordinates"":[]}"
20120728,5.862807573252379,2012-07-28,"{""type"":""MultiPoint"",""coordinates"":[]}"
20120729,0.23739067429785446,2012-07-29,"{""type"":""MultiPoint"",""coordinates"":[]}"
20120730,8.403781255745375,2012-07-30,"{""type"":""MultiPoint"",""coordinates"":[]}"
20120731,10.998625232032854,2012-07-31,"{""type"":""MultiPoint"",""coordinates"":[]}"
20120801,0,2012-08-01,"{""type"":""MultiPoint"",""coordinates"":[]}"
20120802,0.020330828401935182,2012-08-02,"{""type"":""MultiPoint"",""coordinates"":[]}"
20120803,1.367219077257536,2012-08-03,"{""type"":""MultiPoint"",""coordinates"":[]}"
20120804,1.2679611044642707,2012-08-04,"{""type"":""MultiPoint"",""coordinates"":[]}"
20120805,0.092613656,2012-08-05,"{""type"":""MultiPoint"",""coordinates"":[]}"
20120806,20.841908642022773,2012-08-06,"{""type"":""MultiPoint"",""coordinates"":[]}"
20120807,8.834292412843281,2012-08-07,"{""type"":""MultiPoint"",""coordinates"":[]}"
20120808,0,2012-08-08,"{""type"":""MultiPoint"",""coordinates"":[]}"
20120809,0,2012-08-09,"{""type"":""MultiPoint"",""coordinates"":[]}"
20120810,0.22893706716450274,2012-08-10,"{""type"":""MultiPoint"",""coordinates"":[]}"
20120811,2.0279485655813265,2012-08-11,"{""type"":""MultiPoint"",""coordinates"":[]}"
20120812,0,2012-08-12,"{""type"":""MultiPoint"",""coordinates"":[]}"
20120813,0,2012-08-13,"{""type"":""MultiPoint"",""coordinates"":[]}"
20120814,0,2012-08-14,"{""type"":""MultiPoint"",""coordinates"":[]}"
20120815,0,2012-08-15,"{""type"":""MultiPoint"",""coordinates"":[]}"
20120816,0,2012-08-16,"{""type"":""MultiPoint"",""coordinates"":[]}"
20120817,0,2012-08-17,"{""type"":""MultiPoint"",""coordinates"":[]}"
20120818,0,2012-08-18,"{""type"":""MultiPoint"",""coordinates"":[]}"
20120819,0.5031059463682486,2012-08-19,"{""type"":""MultiPoint"",""coordinates"":[]}"
20120820,0,2012-08-20,"{""type"":""MultiPoint"",""coordinates"":[]}"
20120821,9.342773808,2012-08-21,"{""type"":""MultiPoint"",""coordinates"":[]}"
20120822,0.5811915906355707,2012-08-22,"{""type"":""MultiPoint"",""coordinates"":[]}"
20120823,0.037996948,2012-08-23,"{""type"":""MultiPoint"",""coordinates"":[]}"
20120824,0,2012-08-24,"{""type"":""MultiPoint"",""coordinates"":[]}"
20120825,0,2012-08-25,"{""type"":""MultiPoint"",""coordinates"":[]}"
20120826,1.1372807640187963,2012-08-26,"{""type"":""MultiPoint"",""coordinates"":[]}"
20120827,0,2012-08-27,"{""type"":""MultiPoint"",""coordinates"":[]}"
20120828,0.00325708,2012-08-28,"{""type"":""MultiPoint"",""coordinates"":[]}"
20120829,6.189366971037782,2012-08-29,"{""type"":""MultiPoint"",""coordinates"":[]}"
20120830,68.96043598416328,2012-08-30,"{""type"":""MultiPoint"",""coordinates"":[]}"
20120831,20.739338488518793,2012-08-31,"{""type"":""MultiPoint"",""coordinates"":[]}"
20120901,0.021689638600608626,2012-09-01,"{""type"":""MultiPoint"",""coordinates"":[]}"
20120902,22.373294770679266,2012-09-02,"{""type"":""MultiPoint"",""coordinates"":[]}"
20120903,33.831320911603214,2012-09-03,"{""type"":""MultiPoint"",""coordinates"":[]}"
20120904,8.284470006,2012-09-04,"{""type"":""MultiPoint"",""coordinates"":[]}"
20120905,26.679331417399496,2012-09-05,"{""type"":""MultiPoint"",""coordinates"":[]}"
20120906,2.4891572333722114,2012-09-06,"{""type"":""MultiPoint"",""coordinates"":[]}"
20120907,0.5576083398856009,2012-09-07,"{""type"":""MultiPoint"",""coordinates"":[]}"
20120908,0.9294820438638087,2012-09-08,"{""type"":""MultiPoint"",""coordinates"":[]}"
20120909,1.1215387525163387,2012-09-09,"{""type"":""MultiPoint"",""coordinates"":[]}"
20120910,14.159921484259328,2012-09-10,"{""type"":""MultiPoint"",""coordinates"":[]}"
20120911,16.831278466205127,2012-09-11,"{""type"":""MultiPoint"",""coordinates"":[]}"
20120912,0,2012-09-12,"{""type"":""MultiPoint"",""coordinates"":[]}"
20120913,0,2012-09-13,"{""type"":""MultiPoint"",""coordinates"":[]}"
20120914,0,2012-09-14,"{""type"":""MultiPoint"",""coordinates"":[]}"
20120915,0,2012-09-15,"{""type"":""MultiPoint"",""coordinates"":[]}"
20120916,0,2012-09-16,"{""type"":""MultiPoint"",""coordinates"":[]}"
20120917,0,2012-09-17,"{""type"":""MultiPoint"",""coordinates"":[]}"
20120918,0,2012-09-18,"{""type"":""MultiPoint"",""coordinates"":[]}"
20120919,0,2012-09-19,"{""type"":""MultiPoint"",""coordinates"":[]}"
20120920,4.138547047019424,2012-09-20,"{""type"":""MultiPoint"",""coordinates"":[]}"
20120921,0.4252161537350487,2012-09-21,"{""type"":""MultiPoint"",""coordinates"":[]}"
20120922,0.12176597278784344,2012-09-22,"{""type"":""MultiPoint"",""coordinates"":[]}"
20120923,0,2012-09-23,"{""type"":""MultiPoint"",""coordinates"":[]}"
20120924,0,2012-09-24,"{""type"":""MultiPoint"",""coordinates"":[]}"
20120925,0,2012-09-25,"{""type"":""MultiPoint"",""coordinates"":[]}"
20120926,0.053220202,2012-09-26,"{""type"":""MultiPoint"",""coordinates"":[]}"
20120927,0,2012-09-27,"{""type"":""MultiPoint"",""coordinates"":[]}"
20120928,1.9324066604283847,2012-09-28,"{""type"":""MultiPoint"",""coordinates"":[]}"
20120929,1.6270740556516632,2012-09-29,"{""type"":""MultiPoint"",""coordinates"":[]}"
20120930,15.668974245353127,2012-09-30,"{""type"":""MultiPoint"",""coordinates"":[]}"
20121001,27.52433537,2012-10-01,"{""type"":""MultiPoint"",""coordinates"":[]}"
20121002,14.543088441810044,2012-10-02,"{""type"":""MultiPoint"",""coordinates"":[]}"
20121003,15.363314778014455,2012-10-03,"{""type"":""MultiPoint"",""coordinates"":[]}"
20121004,12.97170776517552,2012-10-04,"{""type"":""MultiPoint"",""coordinates"":[]}"
20121005,18.10641811852484,2012-10-05,"{""type"":""MultiPoint"",""coordinates"":[]}"
20121006,20.71135855066328,2012-10-06,"{""type"":""MultiPoint"",""coordinates"":[]}"
20121007,11.410133731864507,2012-10-07,"{""type"":""MultiPoint"",""coordinates"":[]}"
20121008,0.639949399,2012-10-08,"{""type"":""MultiPoint"",""coordinates"":[]}"
20121009,1.8704275716022194,2012-10-09,"{""type"":""MultiPoint"",""coordinates"":[]}"
20121010,4.314273911059606,2012-10-10,"{""type"":""MultiPoint"",""coordinates"":[]}"
20121011,0,2012-10-11,"{""type"":""MultiPoint"",""coordinates"":[]}"
20121012,0,2012-10-12,"{""type"":""MultiPoint"",""coordinates"":[]}"
20121013,0,2012-10-13,"{""type"":""MultiPoint"",""coordinates"":[]}"
20121014,0,2012-10-14,"{""type"":""MultiPoint"",""coordinates"":[]}"
20121015,0,2012-10-15,"{""type"":""MultiPoint"",""coordinates"":[]}"
20121016,0,2012-10-16,"{""type"":""MultiPoint"",""coordinates"":[]}"
20121017,0,2012-10-17,"{""type"":""MultiPoint"",""coordinates"":[]}"
20121018,0,2012-10-18,"{""type"":""MultiPoint"",""coordinates"":[]}"
20121019,0,2012-10-19,"{""type"":""MultiPoint"",""coordinates"":[]}"
20121020,0.068443367,2012-10-20,"{""type"":""MultiPoint"",""coordinates"":[]}"
20121021,0,2012-10-21,"{""type"":""MultiPoint"",""coordinates"":[]}"
20121022,1.4151110697136222,2012-10-22,"{""type"":""MultiPoint"",""coordinates"":[]}"
20121023,0.8447218447063014,2012-10-23,"{""type"":""MultiPoint"",""coordinates"":[]}"
20121024,0.746089331,2012-10-24,"{""type"":""MultiPoint"",""coordinates"":[]}"
20121025,0,2012-10-25,"{""type"":""MultiPoint"",""coordinates"":[]}"
20121026,0.011001648029759998,2012-10-26,"{""type"":""MultiPoint"",""coordinates"":[]}"
20121027,0.018015558793232415,2012-10-27,"{""type"":""MultiPoint"",""coordinates"":[]}"
20121028,0,2012-10-28,"{""type"":""MultiPoint"",""coordinates"":[]}"
20121029,0,2012-10-29,"{""type"":""MultiPoint"",""coordinates"":[]}"
20121030,0.7980801167890366,2012-10-30,"{""type"":""MultiPoint"",""coordinates"":[]}"
20121031,8.375342012597761,2012-10-31,"{""type"":""MultiPoint"",""coordinates"":[]}"
20121101,12.11639525399993,2012-11-01,"{""type"":""MultiPoint"",""coordinates"":[]}"
20121102,1.0434908355578572,2012-11-02,"{""type"":""MultiPoint"",""coordinates"":[]}"
20121103,0.38547798175438225,2012-11-03,"{""type"":""MultiPoint"",""coordinates"":[]}"
20121104,0.001299554,2012-11-04,"{""type"":""MultiPoint"",""coordinates"":[]}"
20121105,0,2012-11-05,"{""type"":""MultiPoint"",""coordinates"":[]}"
20121106,0,2012-11-06,"{""type"":""MultiPoint"",""coordinates"":[]}"
20121107,0,2012-11-07,"{""type"":""MultiPoint"",""coordinates"":[]}"
20121108,0,2012-11-08,"{""type"":""MultiPoint"",""coordinates"":[]}"
20121109,0,2012-11-09,"{""type"":""MultiPoint"",""coordinates"":[]}"
20121110,0,2012-11-10,"{""type"":""MultiPoint"",""coordinates"":[]}"
20121111,0,2012-11-11,"{""type"":""MultiPoint"",""coordinates"":[]}"
20121112,0,2012-11-12,"{""type"":""MultiPoint"",""coordinates"":[]}"
20121113,0,2012-11-13,"{""type"":""MultiPoint"",""coordinates"":[]}"
20121114,0,2012-11-14,"{""type"":""MultiPoint"",""coordinates"":[]}"
20121115,0,2012-11-15,"{""type"":""MultiPoint"",""coordinates"":[]}"
20121116,0,2012-11-16,"{""type"":""MultiPoint"",""coordinates"":[]}"
20121117,0,2012-11-17,"{""type"":""MultiPoint"",""coordinates"":[]}"
20121118,0,2012-11-18,"{""type"":""MultiPoint"",""coordinates"":[]}"
20121119,0,2012-11-19,"{""type"":""MultiPoint"",""coordinates"":[]}"
20121120,0,2012-11-20,"{""type"":""MultiPoint"",""coordinates"":[]}"
20121121,0,2012-11-21,"{""type"":""MultiPoint"",""coordinates"":[]}"
20121122,0,2012-11-22,"{""type"":""MultiPoint"",""coordinates"":[]}"
20121123,0,2012-11-23,"{""type"":""MultiPoint"",""coordinates"":[]}"
20121124,0,2012-11-24,"{""type"":""MultiPoint"",""coordinates"":[]}"
20121125,0,2012-11-25,"{""type"":""MultiPoint"",""coordinates"":[]}"
20121126,3.7213407872075256E-4,2012-11-26,"{""type"":""MultiPoint"",""coordinates"":[]}"
20121127,0,2012-11-27,"{""type"":""MultiPoint"",""coordinates"":[]}"
20121128,0.076713163,2012-11-28,"{""type"":""MultiPoint"",""coordinates"":[]}"
20121129,0,2012-11-29,"{""type"":""MultiPoint"",""coordinates"":[]}"
20121130,0,2012-11-30,"{""type"":""MultiPoint"",""coordinates"":[]}"
20121201,0,2012-12-01,"{""type"":""MultiPoint"",""coordinates"":[]}"
20121202,0,2012-12-02,"{""type"":""MultiPoint"",""coordinates"":[]}"
20121203,0,2012-12-03,"{""type"":""MultiPoint"",""coordinates"":[]}"
20121204,0,2012-12-04,"{""type"":""MultiPoint"",""coordinates"":[]}"
20121205,0,2012-12-05,"{""type"":""MultiPoint"",""coordinates"":[]}"
20121206,0.41333681267461103,2012-12-06,"{""type"":""MultiPoint"",""coordinates"":[]}"
20121207,0,2012-12-07,"{""type"":""MultiPoint"",""coordinates"":[]}"
20121208,0,2012-12-08,"{""type"":""MultiPoint"",""coordinates"":[]}"
20121209,0,2012-12-09,"{""type"":""MultiPoint"",""coordinates"":[]}"
20121210,0,2012-12-10,"{""type"":""MultiPoint"",""coordinates"":[]}"
20121211,0,2012-12-11,"{""type"":""MultiPoint"",""coordinates"":[]}"
20121212,0,2012-12-12,"{""type"":""MultiPoint"",""coordinates"":[]}"
20121213,0,2012-12-13,"{""type"":""MultiPoint"",""coordinates"":[]}"
20121214,0,2012-12-14,"{""type"":""MultiPoint"",""coordinates"":[]}"
20121215,0,2012-12-15,"{""type"":""MultiPoint"",""coordinates"":[]}"
20121216,0,2012-12-16,"{""type"":""MultiPoint"",""coordinates"":[]}"
20121217,0,2012-12-17,"{""type"":""MultiPoint"",""coordinates"":[]}"
20121218,0,2012-12-18,"{""type"":""MultiPoint"",""coordinates"":[]}"
20121219,0.06417035,2012-12-19,"{""type"":""MultiPoint"",""coordinates"":[]}"
20121220,0,2012-12-20,"{""type"":""MultiPoint"",""coordinates"":[]}"
20121221,0,2012-12-21,"{""type"":""MultiPoint"",""coordinates"":[]}"
20121222,0,2012-12-22,"{""type"":""MultiPoint"",""coordinates"":[]}"
20121223,0,2012-12-23,"{""type"":""MultiPoint"",""coordinates"":[]}"
20121224,0.14182574838189654,2012-12-24,"{""type"":""MultiPoint"",""coordinates"":[]}"
20121225,0,2012-12-25,"{""type"":""MultiPoint"",""coordinates"":[]}"
20121226,0,2012-12-26,"{""type"":""MultiPoint"",""coordinates"":[]}"
20121227,0,2012-12-27,"{""type"":""MultiPoint"",""coordinates"":[]}"
20121228,0,2012-12-28,"{""type"":""MultiPoint"",""coordinates"":[]}"
20121229,0,2012-12-29,"{""type"":""MultiPoint"",""coordinates"":[]}"
20121230,0.17589200896174098,2012-12-30,"{""type"":""MultiPoint"",""coordinates"":[]}"
20121231,0.2424445010770985,2012-12-31,"{""type"":""MultiPoint"",""coordinates"":[]}"
20130101,0,2013-01-01,"{""type"":""MultiPoint"",""coordinates"":[]}"
20130102,4.5594573416498556E-4,2013-01-02,"{""type"":""MultiPoint"",""coordinates"":[]}"
20130103,0,2013-01-03,"{""type"":""MultiPoint"",""coordinates"":[]}"
20130104,0,2013-01-04,"{""type"":""MultiPoint"",""coordinates"":[]}"
20130105,0,2013-01-05,"{""type"":""MultiPoint"",""coordinates"":[]}"
20130106,0,2013-01-06,"{""type"":""MultiPoint"",""coordinates"":[]}"
20130107,0,2013-01-07,"{""type"":""MultiPoint"",""coordinates"":[]}"
20130108,0,2013-01-08,"{""type"":""MultiPoint"",""coordinates"":[]}"
20130109,0,2013-01-09,"{""type"":""MultiPoint"",""coordinates"":[]}"
20130110,0,2013-01-10,"{""type"":""MultiPoint"",""coordinates"":[]}"
20130111,4.310406590916711E-4,2013-01-11,"{""type"":""MultiPoint"",""coordinates"":[]}"
20130112,0,2013-01-12,"{""type"":""MultiPoint"",""coordinates"":[]}"
20130113,0,2013-01-13,"{""type"":""MultiPoint"",""coordinates"":[]}"
20130114,0,2013-01-14,"{""type"":""MultiPoint"",""coordinates"":[]}"
20130115,0,2013-01-15,"{""type"":""MultiPoint"",""coordinates"":[]}"
20130116,0,2013-01-16,"{""type"":""MultiPoint"",""coordinates"":[]}"
20130117,0,2013-01-17,"{""type"":""MultiPoint"",""coordinates"":[]}"
20130118,0,2013-01-18,"{""type"":""MultiPoint"",""coordinates"":[]}"
20130119,0,2013-01-19,"{""type"":""MultiPoint"",""coordinates"":[]}"
20130120,0,2013-01-20,"{""type"":""MultiPoint"",""coordinates"":[]}"
20130121,0,2013-01-21,"{""type"":""MultiPoint"",""coordinates"":[]}"
20130122,0,2013-01-22,"{""type"":""MultiPoint"",""coordinates"":[]}"
20130123,0,2013-01-23,"{""type"":""MultiPoint"",""coordinates"":[]}"
20130124,0,2013-01-24,"{""type"":""MultiPoint"",""coordinates"":[]}"
20130125,0,2013-01-25,"{""type"":""MultiPoint"",""coordinates"":[]}"
20130126,0,2013-01-26,"{""type"":""MultiPoint"",""coordinates"":[]}"
20130127,0,2013-01-27,"{""type"":""MultiPoint"",""coordinates"":[]}"
20130128,0,2013-01-28,"{""type"":""MultiPoint"",""coordinates"":[]}"
20130129,0,2013-01-29,"{""type"":""MultiPoint"",""coordinates"":[]}"
20130130,0,2013-01-30,"{""type"":""MultiPoint"",""coordinates"":[]}"
20130131,0,2013-01-31,"{""type"":""MultiPoint"",""coordinates"":[]}"
20130201,0,2013-02-01,"{""type"":""MultiPoint"",""coordinates"":[]}"
20130202,0.012093596555834094,2013-02-02,"{""type"":""MultiPoint"",""coordinates"":[]}"
20130203,0,2013-02-03,"{""type"":""MultiPoint"",""coordinates"":[]}"
20130204,0.011826573285751539,2013-02-04,"{""type"":""MultiPoint"",""coordinates"":[]}"
20130205,0,2013-02-05,"{""type"":""MultiPoint"",""coordinates"":[]}"
20130206,0.008677945,2013-02-06,"{""type"":""MultiPoint"",""coordinates"":[]}"
20130207,0,2013-02-07,"{""type"":""MultiPoint"",""coordinates"":[]}"
20130208,0.004396097,2013-02-08,"{""type"":""MultiPoint"",""coordinates"":[]}"
20130209,0,2013-02-09,"{""type"":""MultiPoint"",""coordinates"":[]}"
20130210,0,2013-02-10,"{""type"":""MultiPoint"",""coordinates"":[]}"
20130211,0,2013-02-11,"{""type"":""MultiPoint"",""coordinates"":[]}"
20130212,0,2013-02-12,"{""type"":""MultiPoint"",""coordinates"":[]}"
20130213,0,2013-02-13,"{""type"":""MultiPoint"",""coordinates"":[]}"
20130214,0,2013-02-14,"{""type"":""MultiPoint"",""coordinates"":[]}"
20130215,0,2013-02-15,"{""type"":""MultiPoint"",""coordinates"":[]}"
20130216,0.005078746,2013-02-16,"{""type"":""MultiPoint"",""coordinates"":[]}"
20130217,0.001595454,2013-02-17,"{""type"":""MultiPoint"",""coordinates"":[]}"
20130218,0,2013-02-18,"{""type"":""MultiPoint"",""coordinates"":[]}"
20130219,0,2013-02-19,"{""type"":""MultiPoint"",""coordinates"":[]}"
20130220,0,2013-02-20,"{""type"":""MultiPoint"",""coordinates"":[]}"
20130221,0,2013-02-21,"{""type"":""MultiPoint"",""coordinates"":[]}"
20130222,0,2013-02-22,"{""type"":""MultiPoint"",""coordinates"":[]}"
20130223,0,2013-02-23,"{""type"":""MultiPoint"",""coordinates"":[]}"
20130224,0,2013-02-24,"{""type"":""MultiPoint"",""coordinates"":[]}"
20130225,0.007482146,2013-02-25,"{""type"":""MultiPoint"",""coordinates"":[]}"
20130226,0,2013-02-26,"{""type"":""MultiPoint"",""coordinates"":[]}"
20130227,0,2013-02-27,"{""type"":""MultiPoint"",""coordinates"":[]}"
20130228,0,2013-02-28,"{""type"":""MultiPoint"",""coordinates"":[]}"
20130301,0,2013-03-01,"{""type"":""MultiPoint"",""coordinates"":[]}"
20130302,0,2013-03-02,"{""type"":""MultiPoint"",""coordinates"":[]}"
20130303,0,2013-03-03,"{""type"":""MultiPoint"",""coordinates"":[]}"
20130304,0,2013-03-04,"{""type"":""MultiPoint"",""coordinates"":[]}"
20130305,0,2013-03-05,"{""type"":""MultiPoint"",""coordinates"":[]}"
20130306,0,2013-03-06,"{""type"":""MultiPoint"",""coordinates"":[]}"
20130307,0,2013-03-07,"{""type"":""MultiPoint"",""coordinates"":[]}"
20130308,0,2013-03-08,"{""type"":""MultiPoint"",""coordinates"":[]}"
20130309,0,2013-03-09,"{""type"":""MultiPoint"",""coordinates"":[]}"
20130310,0,2013-03-10,"{""type"":""MultiPoint"",""coordinates"":[]}"
20130311,0,2013-03-11,"{""type"":""MultiPoint"",""coordinates"":[]}"
20130312,0,2013-03-12,"{""type"":""MultiPoint"",""coordinates"":[]}"
20130313,0,2013-03-13,"{""type"":""MultiPoint"",""coordinates"":[]}"
20130314,0,2013-03-14,"{""type"":""MultiPoint"",""coordinates"":[]}"
20130315,0.038703571,2013-03-15,"{""type"":""MultiPoint"",""coordinates"":[]}"
20130316,0.015179933409556324,2013-03-16,"{""type"":""MultiPoint"",""coordinates"":[]}"
20130317,0,2013-03-17,"{""type"":""MultiPoint"",""coordinates"":[]}"
20130318,0,2013-03-18,"{""type"":""MultiPoint"",""coordinates"":[]}"
20130319,0,2013-03-19,"{""type"":""MultiPoint"",""coordinates"":[]}"
20130320,0,2013-03-20,"{""type"":""MultiPoint"",""coordinates"":[]}"
20130321,0,2013-03-21,"{""type"":""MultiPoint"",""coordinates"":[]}"
20130322,0,2013-03-22,"{""type"":""MultiPoint"",""coordinates"":[]}"
20130323,0,2013-03-23,"{""type"":""MultiPoint"",""coordinates"":[]}"
20130324,0,2013-03-24,"{""type"":""MultiPoint"",""coordinates"":[]}"
20130325,0,2013-03-25,"{""type"":""MultiPoint"",""coordinates"":[]}"
20130326,0,2013-03-26,"{""type"":""MultiPoint"",""coordinates"":[]}"
20130327,0,2013-03-27,"{""type"":""MultiPoint"",""coordinates"":[]}"
20130328,0,2013-03-28,"{""type"":""MultiPoint"",""coordinates"":[]}"
20130329,0,2013-03-29,"{""type"":""MultiPoint"",""coordinates"":[]}"
20130330,0,2013-03-30,"{""type"":""MultiPoint"",""coordinates"":[]}"
20130331,0,2013-03-31,"{""type"":""MultiPoint"",""coordinates"":[]}"
20130401,0,2013-04-01,"{""type"":""MultiPoint"",""coordinates"":[]}"
20130402,0,2013-04-02,"{""type"":""MultiPoint"",""coordinates"":[]}"
20130403,0,2013-04-03,"{""type"":""MultiPoint"",""coordinates"":[]}"
20130404,0,2013-04-04,"{""type"":""MultiPoint"",""coordinates"":[]}"
20130405,0,2013-04-05,"{""type"":""MultiPoint"",""coordinates"":[]}"
20130406,0,2013-04-06,"{""type"":""MultiPoint"",""coordinates"":[]}"
20130407,0,2013-04-07,"{""type"":""MultiPoint"",""coordinates"":[]}"
20130408,0,2013-04-08,"{""type"":""MultiPoint"",""coordinates"":[]}"
20130409,0,2013-04-09,"{""type"":""MultiPoint"",""coordinates"":[]}"
20130410,0,2013-04-10,"{""type"":""MultiPoint"",""coordinates"":[]}"
20130411,0,2013-04-11,"{""type"":""MultiPoint"",""coordinates"":[]}"
20130412,0.5426034659693137,2013-04-12,"{""type"":""MultiPoint"",""coordinates"":[]}"
20130413,0,2013-04-13,"{""type"":""MultiPoint"",""coordinates"":[]}"
20130414,0,2013-04-14,"{""type"":""MultiPoint"",""coordinates"":[]}"
20130415,0,2013-04-15,"{""type"":""MultiPoint"",""coordinates"":[]}"
20130416,0,2013-04-16,"{""type"":""MultiPoint"",""coordinates"":[]}"
20130417,0,2013-04-17,"{""type"":""MultiPoint"",""coordinates"":[]}"
20130418,0,2013-04-18,"{""type"":""MultiPoint"",""coordinates"":[]}"
20130419,0.6971530763231313,2013-04-19,"{""type"":""MultiPoint"",""coordinates"":[]}"
20130420,0.044596596842262894,2013-04-20,"{""type"":""MultiPoint"",""coordinates"":[]}"
20130421,0.070162331,2013-04-21,"{""type"":""MultiPoint"",""coordinates"":[]}"
20130422,0,2013-04-22,"{""type"":""MultiPoint"",""coordinates"":[]}"
20130423,0,2013-04-23,"{""type"":""MultiPoint"",""coordinates"":[]}"
20130424,0,2013-04-24,"{""type"":""MultiPoint"",""coordinates"":[]}"
20130425,2.5119297398399865,2013-04-25,"{""type"":""MultiPoint"",""coordinates"":[]}"
20130426,0.037801568,2013-04-26,"{""type"":""MultiPoint"",""coordinates"":[]}"
20130427,0.071157327,2013-04-27,"{""type"":""MultiPoint"",""coordinates"":[]}"
20130428,0,2013-04-28,"{""type"":""MultiPoint"",""coordinates"":[]}"
20130429,0.007245175,2013-04-29,"{""type"":""MultiPoint"",""coordinates"":[]}"
20130430,0.043196404317557766,2013-04-30,"{""type"":""MultiPoint"",""coordinates"":[]}"
20130501,2.867880891063536,2013-05-01,"{""type"":""MultiPoint"",""coordinates"":[]}"
20130502,0,2013-05-02,"{""type"":""MultiPoint"",""coordinates"":[]}"
20130503,0,2013-05-03,"{""type"":""MultiPoint"",""coordinates"":[]}"
20130504,0,2013-05-04,"{""type"":""MultiPoint"",""coordinates"":[]}"
20130505,0,2013-05-05,"{""type"":""MultiPoint"",""coordinates"":[]}"
20130506,0,2013-05-06,"{""type"":""MultiPoint"",""coordinates"":[]}"
20130507,0,2013-05-07,"{""type"":""MultiPoint"",""coordinates"":[]}"
20130508,0.024525142092466867,2013-05-08,"{""type"":""MultiPoint"",""coordinates"":[]}"
20130509,0,2013-05-09,"{""type"":""MultiPoint"",""coordinates"":[]}"
20130510,0,2013-05-10,"{""type"":""MultiPoint"",""coordinates"":[]}"
20130511,0,2013-05-11,"{""type"":""MultiPoint"",""coordinates"":[]}"
20130512,0,2013-05-12,"{""type"":""MultiPoint"",""coordinates"":[]}"
20130513,0,2013-05-13,"{""type"":""MultiPoint"",""coordinates"":[]}"
20130514,0.012555065,2013-05-14,"{""type"":""MultiPoint"",""coordinates"":[]}"
20130515,0,2013-05-15,"{""type"":""MultiPoint"",""coordinates"":[]}"
20130516,0,2013-05-16,"{""type"":""MultiPoint"",""coordinates"":[]}"
20130517,0,2013-05-17,"{""type"":""MultiPoint"",""coordinates"":[]}"
20130518,0,2013-05-18,"{""type"":""MultiPoint"",""coordinates"":[]}"
20130519,0,2013-05-19,"{""type"":""MultiPoint"",""coordinates"":[]}"
20130520,0.009741213,2013-05-20,"{""type"":""MultiPoint"",""coordinates"":[]}"
20130521,0,2013-05-21,"{""type"":""MultiPoint"",""coordinates"":[]}"
20130522,0,2013-05-22,"{""type"":""MultiPoint"",""coordinates"":[]}"
20130523,0,2013-05-23,"{""type"":""MultiPoint"",""coordinates"":[]}"
20130524,0,2013-05-24,"{""type"":""MultiPoint"",""coordinates"":[]}"
20130525,0,2013-05-25,"{""type"":""MultiPoint"",""coordinates"":[]}"
20130526,0,2013-05-26,"{""type"":""MultiPoint"",""coordinates"":[]}"
20130527,0.060716961,2013-05-27,"{""type"":""MultiPoint"",""coordinates"":[]}"
20130528,2.022302047032892,2013-05-28,"{""type"":""MultiPoint"",""coordinates"":[]}"
20130529,0.5022533608883566,2013-05-29,"{""type"":""MultiPoint"",""coordinates"":[]}"
20130530,0,2013-05-30,"{""type"":""MultiPoint"",""coordinates"":[]}"
20130531,0,2013-05-31,"{""type"":""MultiPoint"",""coordinates"":[]}"
20130601,4.597971722809712,2013-06-01,"{""type"":""MultiPoint"",""coordinates"":[]}"
20130602,4.773026399641672,2013-06-02,"{""type"":""MultiPoint"",""coordinates"":[]}"
20130603,7.5140900643094675,2013-06-03,"{""type"":""MultiPoint"",""coordinates"":[]}"
20130604,5.4071283176855465,2013-06-04,"{""type"":""MultiPoint"",""coordinates"":[]}"
20130605,5.1446079360864365,2013-06-05,"{""type"":""MultiPoint"",""coordinates"":[]}"
20130606,16.366339695356643,2013-06-06,"{""type"":""MultiPoint"",""coordinates"":[]}"
20130607,9.051092243,2013-06-07,"{""type"":""MultiPoint"",""coordinates"":[]}"
20130608,27.27177845137557,2013-06-08,"{""type"":""MultiPoint"",""coordinates"":[]}"
20130609,3.611303416,2013-06-09,"{""type"":""MultiPoint"",""coordinates"":[]}"
20130610,2.541317219711723,2013-06-10,"{""type"":""MultiPoint"",""coordinates"":[]}"
20130611,0.07516619,2013-06-11,"{""type"":""MultiPoint"",""coordinates"":[]}"
20130612,1.0440517267627563,2013-06-12,"{""type"":""MultiPoint"",""coordinates"":[]}"
20130613,0.8590797901786172,2013-06-13,"{""type"":""MultiPoint"",""coordinates"":[]}"
20130614,15.158638288353522,2013-06-14,"{""type"":""MultiPoint"",""coordinates"":[]}"
20130615,18.90210615445961,2013-06-15,"{""type"":""MultiPoint"",""coordinates"":[]}"
20130616,46.11630258781421,2013-06-16,"{""type"":""MultiPoint"",""coordinates"":[]}"
20130617,40.58105094718055,2013-06-17,"{""type"":""MultiPoint"",""coordinates"":[]}"
20130618,10.11055205238531,2013-06-18,"{""type"":""MultiPoint"",""coordinates"":[]}"
20130619,0.034102227,2013-06-19,"{""type"":""MultiPoint"",""coordinates"":[]}"
20130620,2.193014778385013,2013-06-20,"{""type"":""MultiPoint"",""coordinates"":[]}"
20130621,0.045266417,2013-06-21,"{""type"":""MultiPoint"",""coordinates"":[]}"
20130622,0.8890592732265096,2013-06-22,"{""type"":""MultiPoint"",""coordinates"":[]}"
20130623,0,2013-06-23,"{""type"":""MultiPoint"",""coordinates"":[]}"
20130624,11.39684068900501,2013-06-24,"{""type"":""MultiPoint"",""coordinates"":[]}"
20130625,31.132776804929513,2013-06-25,"{""type"":""MultiPoint"",""coordinates"":[]}"
20130626,15.701564716879682,2013-06-26,"{""type"":""MultiPoint"",""coordinates"":[]}"
20130627,11.856752808127686,2013-06-27,"{""type"":""MultiPoint"",""coordinates"":[]}"
20130628,0,2013-06-28,"{""type"":""MultiPoint"",""coordinates"":[]}"
20130629,1.8677292453701386,2013-06-29,"{""type"":""MultiPoint"",""coordinates"":[]}"
20130630,0.11914264341225174,2013-06-30,"{""type"":""MultiPoint"",""coordinates"":[]}"
20130701,1.6497184642449385,2013-07-01,"{""type"":""MultiPoint"",""coordinates"":[]}"
20130702,12.745962362282713,2013-07-02,"{""type"":""MultiPoint"",""coordinates"":[]}"
20130703,18.44550412432006,2013-07-03,"{""type"":""MultiPoint"",""coordinates"":[]}"
20130704,7.483471548940745,2013-07-04,"{""type"":""MultiPoint"",""coordinates"":[]}"
20130705,0.846014028,2013-07-05,"{""type"":""MultiPoint"",""coordinates"":[]}"
20130706,0.14930161047693585,2013-07-06,"{""type"":""MultiPoint"",""coordinates"":[]}"
20130707,1.989419030516895,2013-07-07,"{""type"":""MultiPoint"",""coordinates"":[]}"
20130708,4.489365133488868,2013-07-08,"{""type"":""MultiPoint"",""coordinates"":[]}"
20130709,1.2479188456797687,2013-07-09,"{""type"":""MultiPoint"",""coordinates"":[]}"
20130710,9.649035231229318,2013-07-10,"{""type"":""MultiPoint"",""coordinates"":[]}"
20130711,9.446407218,2013-07-11,"{""type"":""MultiPoint"",""coordinates"":[]}"
20130712,28.184866474077424,2013-07-12,"{""type"":""MultiPoint"",""coordinates"":[]}"
20130713,0.001547305,2013-07-13,"{""type"":""MultiPoint"",""coordinates"":[]}"
20130714,0.4312903457186536,2013-07-14,"{""type"":""MultiPoint"",""coordinates"":[]}"
20130715,8.342434691546298,2013-07-15,"{""type"":""MultiPoint"",""coordinates"":[]}"
20130716,7.880659606380228,2013-07-16,"{""type"":""MultiPoint"",""coordinates"":[]}"
20130717,16.25756278736078,2013-07-17,"{""type"":""MultiPoint"",""coordinates"":[]}"
20130718,1.4009021768263934,2013-07-18,"{""type"":""MultiPoint"",""coordinates"":[]}"
20130719,39.119303829177724,2013-07-19,"{""type"":""MultiPoint"",""coordinates"":[]}"
20130720,5.397264768813497,2013-07-20,"{""type"":""MultiPoint"",""coordinates"":[]}"
20130721,0,2013-07-21,"{""type"":""MultiPoint"",""coordinates"":[]}"
20130722,8.980917744601035,2013-07-22,"{""type"":""MultiPoint"",""coordinates"":[]}"
20130723,42.287352807785474,2013-07-23,"{""type"":""MultiPoint"",""coordinates"":[]}"
20130724,13.764457296070287,2013-07-24,"{""type"":""MultiPoint"",""coordinates"":[]}"
20130725,0.090879926,2013-07-25,"{""type"":""MultiPoint"",""coordinates"":[]}"
20130726,2.720476795555279,2013-07-26,"{""type"":""MultiPoint"",""coordinates"":[]}"
20130727,0.21784950804746767,2013-07-27,"{""type"":""MultiPoint"",""coordinates"":[]}"
20130728,7.958986114747694,2013-07-28,"{""type"":""MultiPoint"",""coordinates"":[]}"
20130729,0,2013-07-29,"{""type"":""MultiPoint"",""coordinates"":[]}"
20130730,0.23109247405640343,2013-07-30,"{""type"":""MultiPoint"",""coordinates"":[]}"
20130731,31.327776812042536,2013-07-31,"{""type"":""MultiPoint"",""coordinates"":[]}"
20130801,51.552772382601326,2013-08-01,"{""type"":""MultiPoint"",""coordinates"":[]}"
20130802,3.436417057855207,2013-08-02,"{""type"":""MultiPoint"",""coordinates"":[]}"
20130803,0,2013-08-03,"{""type"":""MultiPoint"",""coordinates"":[]}"
20130804,0,2013-08-04,"{""type"":""MultiPoint"",""coordinates"":[]}"
20130805,0,2013-08-05,"{""type"":""MultiPoint"",""coordinates"":[]}"
20130806,0,2013-08-06,"{""type"":""MultiPoint"",""coordinates"":[]}"
20130807,0.085317622,2013-08-07,"{""type"":""MultiPoint"",""coordinates"":[]}"
20130808,0,2013-08-08,"{""type"":""MultiPoint"",""coordinates"":[]}"
20130809,0.4659978296257868,2013-08-09,"{""type"":""MultiPoint"",""coordinates"":[]}"
20130810,0,2013-08-10,"{""type"":""MultiPoint"",""coordinates"":[]}"
20130811,0,2013-08-11,"{""type"":""MultiPoint"",""coordinates"":[]}"
20130812,2.881810256269245,2013-08-12,"{""type"":""MultiPoint"",""coordinates"":[]}"
20130813,0.6308360655176402,2013-08-13,"{""type"":""MultiPoint"",""coordinates"":[]}"
20130814,0,2013-08-14,"{""type"":""MultiPoint"",""coordinates"":[]}"
20130815,0.4148923988068348,2013-08-15,"{""type"":""MultiPoint"",""coordinates"":[]}"
20130816,7.750755604455694,2013-08-16,"{""type"":""MultiPoint"",""coordinates"":[]}"
20130817,0.32597815024724774,2013-08-17,"{""type"":""MultiPoint"",""coordinates"":[]}"
20130818,1.960158354191108,2013-08-18,"{""type"":""MultiPoint"",""coordinates"":[]}"
20130819,0.21998242577925486,2013-08-19,"{""type"":""MultiPoint"",""coordinates"":[]}"
20130820,1.3521682279844651,2013-08-20,"{""type"":""MultiPoint"",""coordinates"":[]}"
20130821,2.9369382854055126,2013-08-21,"{""type"":""MultiPoint"",""coordinates"":[]}"
20130822,4.8556900646934436,2013-08-22,"{""type"":""MultiPoint"",""coordinates"":[]}"
20130823,8.345452784120234,2013-08-23,"{""type"":""MultiPoint"",""coordinates"":[]}"
20130824,0,2013-08-24,"{""type"":""MultiPoint"",""coordinates"":[]}"
20130825,0,2013-08-25,"{""type"":""MultiPoint"",""coordinates"":[]}"
20130826,0,2013-08-26,"{""type"":""MultiPoint"",""coordinates"":[]}"
20130827,0.4000267263451232,2013-08-27,"{""type"":""MultiPoint"",""coordinates"":[]}"
20130828,0,2013-08-28,"{""type"":""MultiPoint"",""coordinates"":[]}"
20130829,0,2013-08-29,"{""type"":""MultiPoint"",""coordinates"":[]}"
20130830,0,2013-08-30,"{""type"":""MultiPoint"",""coordinates"":[]}"
20130831,0,2013-08-31,"{""type"":""MultiPoint"",""coordinates"":[]}"
20130901,0.6115903890712222,2013-09-01,"{""type"":""MultiPoint"",""coordinates"":[]}"
20130902,2.2090011628664987,2013-09-02,"{""type"":""MultiPoint"",""coordinates"":[]}"
20130903,0.48222077556653575,2013-09-03,"{""type"":""MultiPoint"",""coordinates"":[]}"
20130904,0,2013-09-04,"{""type"":""MultiPoint"",""coordinates"":[]}"
20130905,0,2013-09-05,"{""type"":""MultiPoint"",""coordinates"":[]}"
20130906,0,2013-09-06,"{""type"":""MultiPoint"",""coordinates"":[]}"
20130907,0.8689256759828777,2013-09-07,"{""type"":""MultiPoint"",""coordinates"":[]}"
20130908,8.830496723,2013-09-08,"{""type"":""MultiPoint"",""coordinates"":[]}"
20130909,18.83331653172947,2013-09-09,"{""type"":""MultiPoint"",""coordinates"":[]}"
20130910,32.31568024073624,2013-09-10,"{""type"":""MultiPoint"",""coordinates"":[]}"
20130911,17.55917445,2013-09-11,"{""type"":""MultiPoint"",""coordinates"":[]}"
20130912,11.751197223710744,2013-09-12,"{""type"":""MultiPoint"",""coordinates"":[]}"
20130913,12.888412448919047,2013-09-13,"{""type"":""MultiPoint"",""coordinates"":[]}"
20130914,16.358750588808903,2013-09-14,"{""type"":""MultiPoint"",""coordinates"":[]}"
20130915,21.39759270470576,2013-09-15,"{""type"":""MultiPoint"",""coordinates"":[]}"
20130916,4.563780499806608,2013-09-16,"{""type"":""MultiPoint"",""coordinates"":[]}"
20130917,7.087499111471601,2013-09-17,"{""type"":""MultiPoint"",""coordinates"":[]}"
20130918,39.85315115049103,2013-09-18,"{""type"":""MultiPoint"",""coordinates"":[]}"
20130919,25.52229645662844,2013-09-19,"{""type"":""MultiPoint"",""coordinates"":[]}"
20130920,1.3513610363460913,2013-09-20,"{""type"":""MultiPoint"",""coordinates"":[]}"
20130921,0.4088441596559387,2013-09-21,"{""type"":""MultiPoint"",""coordinates"":[]}"
20130922,0.7770174930742422,2013-09-22,"{""type"":""MultiPoint"",""coordinates"":[]}"
20130923,0.4707225105666367,2013-09-23,"{""type"":""MultiPoint"",""coordinates"":[]}"
20130924,0.3252893223048958,2013-09-24,"{""type"":""MultiPoint"",""coordinates"":[]}"
20130925,0,2013-09-25,"{""type"":""MultiPoint"",""coordinates"":[]}"
20130926,0,2013-09-26,"{""type"":""MultiPoint"",""coordinates"":[]}"
20130927,0,2013-09-27,"{""type"":""MultiPoint"",""coordinates"":[]}"
20130928,0,2013-09-28,"{""type"":""MultiPoint"",""coordinates"":[]}"
20130929,0,2013-09-29,"{""type"":""MultiPoint"",""coordinates"":[]}"
20130930,0,2013-09-30,"{""type"":""MultiPoint"",""coordinates"":[]}"
20131001,0,2013-10-01,"{""type"":""MultiPoint"",""coordinates"":[]}"
20131002,8.763159299154337,2013-10-02,"{""type"":""MultiPoint"",""coordinates"":[]}"
20131003,17.777490267839312,2013-10-03,"{""type"":""MultiPoint"",""coordinates"":[]}"
20131004,4.957597948147431,2013-10-04,"{""type"":""MultiPoint"",""coordinates"":[]}"
20131005,7.988869000457214,2013-10-05,"{""type"":""MultiPoint"",""coordinates"":[]}"
20131006,0,2013-10-06,"{""type"":""MultiPoint"",""coordinates"":[]}"
20131007,0,2013-10-07,"{""type"":""MultiPoint"",""coordinates"":[]}"
20131008,0.00283173,2013-10-08,"{""type"":""MultiPoint"",""coordinates"":[]}"
20131009,0.015664224890938452,2013-10-09,"{""type"":""MultiPoint"",""coordinates"":[]}"
20131010,0.025148168301997766,2013-10-10,"{""type"":""MultiPoint"",""coordinates"":[]}"
20131011,0,2013-10-11,"{""type"":""MultiPoint"",""coordinates"":[]}"
20131012,0,2013-10-12,"{""type"":""MultiPoint"",""coordinates"":[]}"
20131013,0.070895734,2013-10-13,"{""type"":""MultiPoint"",""coordinates"":[]}"
20131014,0,2013-10-14,"{""type"":""MultiPoint"",""coordinates"":[]}"
20131015,0.7201322856045395,2013-10-15,"{""type"":""MultiPoint"",""coordinates"":[]}"
20131016,0.052659076,2013-10-16,"{""type"":""MultiPoint"",""coordinates"":[]}"
20131017,1.0698266083352324,2013-10-17,"{""type"":""MultiPoint"",""coordinates"":[]}"
20131018,0,2013-10-18,"{""type"":""MultiPoint"",""coordinates"":[]}"
20131019,0,2013-10-19,"{""type"":""MultiPoint"",""coordinates"":[]}"
20131020,0,2013-10-20,"{""type"":""MultiPoint"",""coordinates"":[]}"
20131021,0,2013-10-21,"{""type"":""MultiPoint"",""coordinates"":[]}"
20131022,0,2013-10-22,"{""type"":""MultiPoint"",""coordinates"":[]}"
20131023,0.24172716856954402,2013-10-23,"{""type"":""MultiPoint"",""coordinates"":[]}"
20131024,0.8469304961318378,2013-10-24,"{""type"":""MultiPoint"",""coordinates"":[]}"
20131025,33.94662022784119,2013-10-25,"{""type"":""MultiPoint"",""coordinates"":[]}"
20131026,5.391468529507718,2013-10-26,"{""type"":""MultiPoint"",""coordinates"":[]}"
20131027,2.911527703659361,2013-10-27,"{""type"":""MultiPoint"",""coordinates"":[]}"
20131028,0.23243709180281769,2013-10-28,"{""type"":""MultiPoint"",""coordinates"":[]}"
20131029,5.110075596555439,2013-10-29,"{""type"":""MultiPoint"",""coordinates"":[]}"
20131030,0,2013-10-30,"{""type"":""MultiPoint"",""coordinates"":[]}"
20131031,0,2013-10-31,"{""type"":""MultiPoint"",""coordinates"":[]}"
20131101,0,2013-11-01,"{""type"":""MultiPoint"",""coordinates"":[]}"
20131102,0,2013-11-02,"{""type"":""MultiPoint"",""coordinates"":[]}"
20131103,0.004260729,2013-11-03,"{""type"":""MultiPoint"",""coordinates"":[]}"
20131104,2.2598725795238086,2013-11-04,"{""type"":""MultiPoint"",""coordinates"":[]}"
20131105,0,2013-11-05,"{""type"":""MultiPoint"",""coordinates"":[]}"
20131106,0,2013-11-06,"{""type"":""MultiPoint"",""coordinates"":[]}"
20131107,0.009531029,2013-11-07,"{""type"":""MultiPoint"",""coordinates"":[]}"
20131108,0,2013-11-08,"{""type"":""MultiPoint"",""coordinates"":[]}"
20131109,0,2013-11-09,"{""type"":""MultiPoint"",""coordinates"":[]}"
20131110,0,2013-11-10,"{""type"":""MultiPoint"",""coordinates"":[]}"
20131111,0,2013-11-11,"{""type"":""MultiPoint"",""coordinates"":[]}"
20131112,0.047353037,2013-11-12,"{""type"":""MultiPoint"",""coordinates"":[]}"
20131113,0,2013-11-13,"{""type"":""MultiPoint"",""coordinates"":[]}"
20131114,0,2013-11-14,"{""type"":""MultiPoint"",""coordinates"":[]}"
20131115,0,2013-11-15,"{""type"":""MultiPoint"",""coordinates"":[]}"
20131116,0,2013-11-16,"{""type"":""MultiPoint"",""coordinates"":[]}"
20131117,0.3509226387232973,2013-11-17,"{""type"":""MultiPoint"",""coordinates"":[]}"
20131118,0,2013-11-18,"{""type"":""MultiPoint"",""coordinates"":[]}"
20131119,0,2013-11-19,"{""type"":""MultiPoint"",""coordinates"":[]}"
20131120,0,2013-11-20,"{""type"":""MultiPoint"",""coordinates"":[]}"
20131121,0,2013-11-21,"{""type"":""MultiPoint"",""coordinates"":[]}"
20131122,0,2013-11-22,"{""type"":""MultiPoint"",""coordinates"":[]}"
20131123,0,2013-11-23,"{""type"":""MultiPoint"",""coordinates"":[]}"
20131124,0.031110652,2013-11-24,"{""type"":""MultiPoint"",""coordinates"":[]}"
20131125,3.686089032727127,2013-11-25,"{""type"":""MultiPoint"",""coordinates"":[]}"
20131126,6.522557156867128,2013-11-26,"{""type"":""MultiPoint"",""coordinates"":[]}"
20131127,0.16216346528307285,2013-11-27,"{""type"":""MultiPoint"",""coordinates"":[]}"
20131128,0,2013-11-28,"{""type"":""MultiPoint"",""coordinates"":[]}"
20131129,0,2013-11-29,"{""type"":""MultiPoint"",""coordinates"":[]}"
20131130,0,2013-11-30,"{""type"":""MultiPoint"",""coordinates"":[]}"
20131201,0,2013-12-01,"{""type"":""MultiPoint"",""coordinates"":[]}"
20131202,2.596552457219989,2013-12-02,"{""type"":""MultiPoint"",""coordinates"":[]}"
20131203,0,2013-12-03,"{""type"":""MultiPoint"",""coordinates"":[]}"
20131204,0,2013-12-04,"{""type"":""MultiPoint"",""coordinates"":[]}"
20131205,0,2013-12-05,"{""type"":""MultiPoint"",""coordinates"":[]}"
20131206,0.36853656204448315,2013-12-06,"{""type"":""MultiPoint"",""coordinates"":[]}"
20131207,0,2013-12-07,"{""type"":""MultiPoint"",""coordinates"":[]}"
20131208,0.17720998506146465,2013-12-08,"{""type"":""MultiPoint"",""coordinates"":[]}"
20131209,0,2013-12-09,"{""type"":""MultiPoint"",""coordinates"":[]}"
20131210,0.5819471960990967,2013-12-10,"{""type"":""MultiPoint"",""coordinates"":[]}"
20131211,0.049689095,2013-12-11,"{""type"":""MultiPoint"",""coordinates"":[]}"
20131212,0,2013-12-12,"{""type"":""MultiPoint"",""coordinates"":[]}"
20131213,0,2013-12-13,"{""type"":""MultiPoint"",""coordinates"":[]}"
20131214,0.23670680759612595,2013-12-14,"{""type"":""MultiPoint"",""coordinates"":[]}"
20131215,0,2013-12-15,"{""type"":""MultiPoint"",""coordinates"":[]}"
20131216,0.00304254,2013-12-16,"{""type"":""MultiPoint"",""coordinates"":[]}"
20131217,0,2013-12-17,"{""type"":""MultiPoint"",""coordinates"":[]}"
20131218,0,2013-12-18,"{""type"":""MultiPoint"",""coordinates"":[]}"
20131219,0,2013-12-19,"{""type"":""MultiPoint"",""coordinates"":[]}"
20131220,0.4352959167187874,2013-12-20,"{""type"":""MultiPoint"",""coordinates"":[]}"
20131221,0,2013-12-21,"{""type"":""MultiPoint"",""coordinates"":[]}"
20131222,0.4827858229762248,2013-12-22,"{""type"":""MultiPoint"",""coordinates"":[]}"
20131223,0,2013-12-23,"{""type"":""MultiPoint"",""coordinates"":[]}"
20131224,0,2013-12-24,"{""type"":""MultiPoint"",""coordinates"":[]}"
20131225,0,2013-12-25,"{""type"":""MultiPoint"",""coordinates"":[]}"
20131226,0,2013-12-26,"{""type"":""MultiPoint"",""coordinates"":[]}"
20131227,0,2013-12-27,"{""type"":""MultiPoint"",""coordinates"":[]}"
20131228,0,2013-12-28,"{""type"":""MultiPoint"",""coordinates"":[]}"
20131229,0.006141939,2013-12-29,"{""type"":""MultiPoint"",""coordinates"":[]}"
20131230,0.003162778,2013-12-30,"{""type"":""MultiPoint"",""coordinates"":[]}"
20131231,0,2013-12-31,"{""type"":""MultiPoint"",""coordinates"":[]}"
20140101,0,2014-01-01,"{""type"":""MultiPoint"",""coordinates"":[]}"
20140102,0,2014-01-02,"{""type"":""MultiPoint"",""coordinates"":[]}"
20140103,0,2014-01-03,"{""type"":""MultiPoint"",""coordinates"":[]}"
20140104,0,2014-01-04,"{""type"":""MultiPoint"",""coordinates"":[]}"
20140105,0,2014-01-05,"{""type"":""MultiPoint"",""coordinates"":[]}"
20140106,0,2014-01-06,"{""type"":""MultiPoint"",""coordinates"":[]}"
20140107,0,2014-01-07,"{""type"":""MultiPoint"",""coordinates"":[]}"
20140108,0,2014-01-08,"{""type"":""MultiPoint"",""coordinates"":[]}"
20140109,4.842860107524581E-4,2014-01-09,"{""type"":""MultiPoint"",""coordinates"":[]}"
20140110,0,2014-01-10,"{""type"":""MultiPoint"",""coordinates"":[]}"
20140111,0,2014-01-11,"{""type"":""MultiPoint"",""coordinates"":[]}"
20140112,0,2014-01-12,"{""type"":""MultiPoint"",""coordinates"":[]}"
20140113,0,2014-01-13,"{""type"":""MultiPoint"",""coordinates"":[]}"
20140114,0,2014-01-14,"{""type"":""MultiPoint"",""coordinates"":[]}"
20140115,0,2014-01-15,"{""type"":""MultiPoint"",""coordinates"":[]}"
20140116,0,2014-01-16,"{""type"":""MultiPoint"",""coordinates"":[]}"
20140117,0,2014-01-17,"{""type"":""MultiPoint"",""coordinates"":[]}"
20140118,0,2014-01-18,"{""type"":""MultiPoint"",""coordinates"":[]}"
20140119,0,2014-01-19,"{""type"":""MultiPoint"",""coordinates"":[]}"
20140120,0,2014-01-20,"{""type"":""MultiPoint"",""coordinates"":[]}"
20140121,4.4280792517264095E-4,2014-01-21,"{""type"":""MultiPoint"",""coordinates"":[]}"
20140122,0,2014-01-22,"{""type"":""MultiPoint"",""coordinates"":[]}"
20140123,0.075938389,2014-01-23,"{""type"":""MultiPoint"",""coordinates"":[]}"
20140124,0,2014-01-24,"{""type"":""MultiPoint"",""coordinates"":[]}"
20140125,0,2014-01-25,"{""type"":""MultiPoint"",""coordinates"":[]}"
20140126,0,2014-01-26,"{""type"":""MultiPoint"",""coordinates"":[]}"
20140127,0,2014-01-27,"{""type"":""MultiPoint"",""coordinates"":[]}"
20140128,0,2014-01-28,"{""type"":""MultiPoint"",""coordinates"":[]}"
20140129,0,2014-01-29,"{""type"":""MultiPoint"",""coordinates"":[]}"
20140130,0,2014-01-30,"{""type"":""MultiPoint"",""coordinates"":[]}"
20140131,0,2014-01-31,"{""type"":""MultiPoint"",""coordinates"":[]}"
20140201,0.003030844,2014-02-01,"{""type"":""MultiPoint"",""coordinates"":[]}"
20140202,0.004595621,2014-02-02,"{""type"":""MultiPoint"",""coordinates"":[]}"
20140203,0,2014-02-03,"{""type"":""MultiPoint"",""coordinates"":[]}"
20140204,0,2014-02-04,"{""type"":""MultiPoint"",""coordinates"":[]}"
20140205,0,2014-02-05,"{""type"":""MultiPoint"",""coordinates"":[]}"
20140206,0,2014-02-06,"{""type"":""MultiPoint"",""coordinates"":[]}"
20140207,0,2014-02-07,"{""type"":""MultiPoint"",""coordinates"":[]}"
20140208,0,2014-02-08,"{""type"":""MultiPoint"",""coordinates"":[]}"
20140209,0.001217791,2014-02-09,"{""type"":""MultiPoint"",""coordinates"":[]}"
20140210,0,2014-02-10,"{""type"":""MultiPoint"",""coordinates"":[]}"
20140211,0,2014-02-11,"{""type"":""MultiPoint"",""coordinates"":[]}"
20140212,0,2014-02-12,"{""type"":""MultiPoint"",""coordinates"":[]}"
20140213,0,2014-02-13,"{""type"":""MultiPoint"",""coordinates"":[]}"
20140214,0.007572141,2014-02-14,"{""type"":""MultiPoint"",""coordinates"":[]}"
20140215,0,2014-02-15,"{""type"":""MultiPoint"",""coordinates"":[]}"
20140216,0,2014-02-16,"{""type"":""MultiPoint"",""coordinates"":[]}"
20140217,0,2014-02-17,"{""type"":""MultiPoint"",""coordinates"":[]}"
20140218,0,2014-02-18,"{""type"":""MultiPoint"",""coordinates"":[]}"
20140219,0,2014-02-19,"{""type"":""MultiPoint"",""coordinates"":[]}"
20140220,0.028515339871808532,2014-02-20,"{""type"":""MultiPoint"",""coordinates"":[]}"
20140221,0,2014-02-21,"{""type"":""MultiPoint"",""coordinates"":[]}"
20140222,0.007780315,2014-02-22,"{""type"":""MultiPoint"",""coordinates"":[]}"
20140223,0,2014-02-23,"{""type"":""MultiPoint"",""coordinates"":[]}"
20140224,0,2014-02-24,"{""type"":""MultiPoint"",""coordinates"":[]}"
20140225,0,2014-02-25,"{""type"":""MultiPoint"",""coordinates"":[]}"
20140226,0.002333238,2014-02-26,"{""type"":""MultiPoint"",""coordinates"":[]}"
20140227,0,2014-02-27,"{""type"":""MultiPoint"",""coordinates"":[]}"
20140228,0,2014-02-28,"{""type"":""MultiPoint"",""coordinates"":[]}"
20140301,0,2014-03-01,"{""type"":""MultiPoint"",""coordinates"":[]}"
20140302,0,2014-03-02,"{""type"":""MultiPoint"",""coordinates"":[]}"
20140303,0.002604663,2014-03-03,"{""type"":""MultiPoint"",""coordinates"":[]}"
20140304,0,2014-03-04,"{""type"":""MultiPoint"",""coordinates"":[]}"
20140305,0,2014-03-05,"{""type"":""MultiPoint"",""coordinates"":[]}"
20140306,0,2014-03-06,"{""type"":""MultiPoint"",""coordinates"":[]}"
20140307,0,2014-03-07,"{""type"":""MultiPoint"",""coordinates"":[]}"
20140308,0.00166373,2014-03-08,"{""type"":""MultiPoint"",""coordinates"":[]}"
20140309,0.013956599636828923,2014-03-09,"{""type"":""MultiPoint"",""coordinates"":[]}"
20140310,3.9699150861743763E-4,2014-03-10,"{""type"":""MultiPoint"",""coordinates"":[]}"
20140311,0.002890352,2014-03-11,"{""type"":""MultiPoint"",""coordinates"":[]}"
20140312,0.4164605328393224,2014-03-12,"{""type"":""MultiPoint"",""coordinates"":[]}"
20140313,0.12606295353338878,2014-03-13,"{""type"":""MultiPoint"",""coordinates"":[]}"
20140314,0,2014-03-14,"{""type"":""MultiPoint"",""coordinates"":[]}"
20140315,0,2014-03-15,"{""type"":""MultiPoint"",""coordinates"":[]}"
20140316,0,2014-03-16,"{""type"":""MultiPoint"",""coordinates"":[]}"
20140317,0,2014-03-17,"{""type"":""MultiPoint"",""coordinates"":[]}"
20140318,0,2014-03-18,"{""type"":""MultiPoint"",""coordinates"":[]}"
20140319,0,2014-03-19,"{""type"":""MultiPoint"",""coordinates"":[]}"
20140320,0,2014-03-20,"{""type"":""MultiPoint"",""coordinates"":[]}"
20140321,0,2014-03-21,"{""type"":""MultiPoint"",""coordinates"":[]}"
20140322,0,2014-03-22,"{""type"":""MultiPoint"",""coordinates"":[]}"
20140323,0,2014-03-23,"{""type"":""MultiPoint"",""coordinates"":[]}"
20140324,0,2014-03-24,"{""type"":""MultiPoint"",""coordinates"":[]}"
20140325,0,2014-03-25,"{""type"":""MultiPoint"",""coordinates"":[]}"
20140326,0,2014-03-26,"{""type"":""MultiPoint"",""coordinates"":[]}"
20140327,0,2014-03-27,"{""type"":""MultiPoint"",""coordinates"":[]}"
20140328,0.001157744,2014-03-28,"{""type"":""MultiPoint"",""coordinates"":[]}"
20140329,0,2014-03-29,"{""type"":""MultiPoint"",""coordinates"":[]}"
20140330,0,2014-03-30,"{""type"":""MultiPoint"",""coordinates"":[]}"
20140331,0,2014-03-31,"{""type"":""MultiPoint"",""coordinates"":[]}"
20140401,0,2014-04-01,"{""type"":""MultiPoint"",""coordinates"":[]}"
20140402,0,2014-04-02,"{""type"":""MultiPoint"",""coordinates"":[]}"
20140403,0,2014-04-03,"{""type"":""MultiPoint"",""coordinates"":[]}"
20140404,0,2014-04-04,"{""type"":""MultiPoint"",""coordinates"":[]}"
20140405,0,2014-04-05,"{""type"":""MultiPoint"",""coordinates"":[]}"
20140406,0.072592843,2014-04-06,"{""type"":""MultiPoint"",""coordinates"":[]}"
20140407,0.024861458595239923,2014-04-07,"{""type"":""MultiPoint"",""coordinates"":[]}"
20140408,0,2014-04-08,"{""type"":""MultiPoint"",""coordinates"":[]}"
20140409,0,2014-04-09,"{""type"":""MultiPoint"",""coordinates"":[]}"
20140410,0,2014-04-10,"{""type"":""MultiPoint"",""coordinates"":[]}"
20140411,0,2014-04-11,"{""type"":""MultiPoint"",""coordinates"":[]}"
20140412,0.11515106569875509,2014-04-12,"{""type"":""MultiPoint"",""coordinates"":[]}"
20140413,0,2014-04-13,"{""type"":""MultiPoint"",""coordinates"":[]}"
20140414,0,2014-04-14,"{""type"":""MultiPoint"",""coordinates"":[]}"
20140415,0.035343454207480966,2014-04-15,"{""type"":""MultiPoint"",""coordinates"":[]}"
20140416,0.023155443,2014-04-16,"{""type"":""MultiPoint"",""coordinates"":[]}"
20140417,0.27541490958943815,2014-04-17,"{""type"":""MultiPoint"",""coordinates"":[]}"
20140418,0.1909319625331963,2014-04-18,"{""type"":""MultiPoint"",""coordinates"":[]}"
20140419,1.408748673509015,2014-04-19,"{""type"":""MultiPoint"",""coordinates"":[]}"
20140420,1.9697166331828255,2014-04-20,"{""type"":""MultiPoint"",""coordinates"":[]}"
20140421,1.5275834577977347,2014-04-21,"{""type"":""MultiPoint"",""coordinates"":[]}"
20140422,0.007575161,2014-04-22,"{""type"":""MultiPoint"",""coordinates"":[]}"
20140423,0,2014-04-23,"{""type"":""MultiPoint"",""coordinates"":[]}"
20140424,0,2014-04-24,"{""type"":""MultiPoint"",""coordinates"":[]}"
20140425,0,2014-04-25,"{""type"":""MultiPoint"",""coordinates"":[]}"
20140426,0,2014-04-26,"{""type"":""MultiPoint"",""coordinates"":[]}"
20140427,0,2014-04-27,"{""type"":""MultiPoint"",""coordinates"":[]}"
20140428,0.5257109890954118,2014-04-28,"{""type"":""MultiPoint"",""coordinates"":[]}"
20140429,0.2574033847017895,2014-04-29,"{""type"":""MultiPoint"",""coordinates"":[]}"
20140430,1.7870499529705488,2014-04-30,"{""type"":""MultiPoint"",""coordinates"":[]}"
20140501,0,2014-05-01,"{""type"":""MultiPoint"",""coordinates"":[]}"
20140502,0,2014-05-02,"{""type"":""MultiPoint"",""coordinates"":[]}"
20140503,0.009640893,2014-05-03,"{""type"":""MultiPoint"",""coordinates"":[]}"
20140504,0,2014-05-04,"{""type"":""MultiPoint"",""coordinates"":[]}"
20140505,0,2014-05-05,"{""type"":""MultiPoint"",""coordinates"":[]}"
20140506,0.2894065451787771,2014-05-06,"{""type"":""MultiPoint"",""coordinates"":[]}"
20140507,3.2759523921336506,2014-05-07,"{""type"":""MultiPoint"",""coordinates"":[]}"
20140508,0.7460274253066662,2014-05-08,"{""type"":""MultiPoint"",""coordinates"":[]}"
20140509,1.0678911312841157,2014-05-09,"{""type"":""MultiPoint"",""coordinates"":[]}"
20140510,0,2014-05-10,"{""type"":""MultiPoint"",""coordinates"":[]}"
20140511,0,2014-05-11,"{""type"":""MultiPoint"",""coordinates"":[]}"
20140512,0,2014-05-12,"{""type"":""MultiPoint"",""coordinates"":[]}"
20140513,0,2014-05-13,"{""type"":""MultiPoint"",""coordinates"":[]}"
20140514,0,2014-05-14,"{""type"":""MultiPoint"",""coordinates"":[]}"
20140515,0,2014-05-15,"{""type"":""MultiPoint"",""coordinates"":[]}"
20140516,0,2014-05-16,"{""type"":""MultiPoint"",""coordinates"":[]}"
20140517,0.008630458,2014-05-17,"{""type"":""MultiPoint"",""coordinates"":[]}"
20140518,1.8230631135954807,2014-05-18,"{""type"":""MultiPoint"",""coordinates"":[]}"
20140519,0.078692433,2014-05-19,"{""type"":""MultiPoint"",""coordinates"":[]}"
20140520,3.9630070388406775,2014-05-20,"{""type"":""MultiPoint"",""coordinates"":[]}"
20140521,0,2014-05-21,"{""type"":""MultiPoint"",""coordinates"":[]}"
20140522,0,2014-05-22,"{""type"":""MultiPoint"",""coordinates"":[]}"
20140523,0,2014-05-23,"{""type"":""MultiPoint"",""coordinates"":[]}"
20140524,0,2014-05-24,"{""type"":""MultiPoint"",""coordinates"":[]}"
20140525,0,2014-05-25,"{""type"":""MultiPoint"",""coordinates"":[]}"
20140526,0.11666866656808922,2014-05-26,"{""type"":""MultiPoint"",""coordinates"":[]}"
20140527,5.963384791879102,2014-05-27,"{""type"":""MultiPoint"",""coordinates"":[]}"
20140528,1.5711545843554522,2014-05-28,"{""type"":""MultiPoint"",""coordinates"":[]}"
20140529,2.4804817582968544,2014-05-29,"{""type"":""MultiPoint"",""coordinates"":[]}"
20140530,0,2014-05-30,"{""type"":""MultiPoint"",""coordinates"":[]}"
20140531,0,2014-05-31,"{""type"":""MultiPoint"",""coordinates"":[]}"
20140601,0,2014-06-01,"{""type"":""MultiPoint"",""coordinates"":[]}"
20140602,9.011157104738786,2014-06-02,"{""type"":""MultiPoint"",""coordinates"":[]}"
20140603,8.505354585069533,2014-06-03,"{""type"":""MultiPoint"",""coordinates"":[]}"
20140604,10.57575048887554,2014-06-04,"{""type"":""MultiPoint"",""coordinates"":[]}"
20140605,2.084530806340015,2014-06-05,"{""type"":""MultiPoint"",""coordinates"":[]}"
20140606,12.205906261543355,2014-06-06,"{""type"":""MultiPoint"",""coordinates"":[]}"
20140607,4.702995423030954,2014-06-07,"{""type"":""MultiPoint"",""coordinates"":[]}"
20140608,0,2014-06-08,"{""type"":""MultiPoint"",""coordinates"":[]}"
20140609,5.993149496068787,2014-06-09,"{""type"":""MultiPoint"",""coordinates"":[]}"
20140610,0.7221439241773013,2014-06-10,"{""type"":""MultiPoint"",""coordinates"":[]}"
20140611,0,2014-06-11,"{""type"":""MultiPoint"",""coordinates"":[]}"
20140612,0,2014-06-12,"{""type"":""MultiPoint"",""coordinates"":[]}"
20140613,0,2014-06-13,"{""type"":""MultiPoint"",""coordinates"":[]}"
20140614,0,2014-06-14,"{""type"":""MultiPoint"",""coordinates"":[]}"
20140615,0,2014-06-15,"{""type"":""MultiPoint"",""coordinates"":[]}"
20140616,0.3732935978253794,2014-06-16,"{""type"":""MultiPoint"",""coordinates"":[]}"
20140617,0,2014-06-17,"{""type"":""MultiPoint"",""coordinates"":[]}"
20140618,0.21302355494509176,2014-06-18,"{""type"":""MultiPoint"",""coordinates"":[]}"
20140619,1.9859152990047033,2014-06-19,"{""type"":""MultiPoint"",""coordinates"":[]}"
20140620,0,2014-06-20,"{""type"":""MultiPoint"",""coordinates"":[]}"
20140621,0,2014-06-21,"{""type"":""MultiPoint"",""coordinates"":[]}"
20140622,0,2014-06-22,"{""type"":""MultiPoint"",""coordinates"":[]}"
20140623,0,2014-06-23,"{""type"":""MultiPoint"",""coordinates"":[]}"
20140624,0,2014-06-24,"{""type"":""MultiPoint"",""coordinates"":[]}"
20140625,0,2014-06-25,"{""type"":""MultiPoint"",""coordinates"":[]}"
20140626,0,2014-06-26,"{""type"":""MultiPoint"",""coordinates"":[]}"
20140627,0,2014-06-27,"{""type"":""MultiPoint"",""coordinates"":[]}"
20140628,0,2014-06-28,"{""type"":""MultiPoint"",""coordinates"":[]}"
20140629,0,2014-06-29,"{""type"":""MultiPoint"",""coordinates"":[]}"
20140630,0,2014-06-30,"{""type"":""MultiPoint"",""coordinates"":[]}"
20140701,0.6238776277181894,2014-07-01,"{""type"":""MultiPoint"",""coordinates"":[]}"
20140702,0,2014-07-02,"{""type"":""MultiPoint"",""coordinates"":[]}"
20140703,0,2014-07-03,"{""type"":""MultiPoint"",""coordinates"":[]}"
20140704,0.638801337,2014-07-04,"{""type"":""MultiPoint"",""coordinates"":[]}"
20140705,0.40011352476211937,2014-07-05,"{""type"":""MultiPoint"",""coordinates"":[]}"
20140706,2.3528952254124613,2014-07-06,"{""type"":""MultiPoint"",""coordinates"":[]}"
20140707,17.083587778768287,2014-07-07,"{""type"":""MultiPoint"",""coordinates"":[]}"
20140708,5.070111464098448,2014-07-08,"{""type"":""MultiPoint"",""coordinates"":[]}"
20140709,0.36683414176341755,2014-07-09,"{""type"":""MultiPoint"",""coordinates"":[]}"
20140710,4.0975109853964896E-4,2014-07-10,"{""type"":""MultiPoint"",""coordinates"":[]}"
20140711,0.131868053,2014-07-11,"{""type"":""MultiPoint"",""coordinates"":[]}"
20140712,0,2014-07-12,"{""type"":""MultiPoint"",""coordinates"":[]}"
20140713,1.147943069586114,2014-07-13,"{""type"":""MultiPoint"",""coordinates"":[]}"
20140714,17.21809743651586,2014-07-14,"{""type"":""MultiPoint"",""coordinates"":[]}"
20140715,40.87410854160638,2014-07-15,"{""type"":""MultiPoint"",""coordinates"":[]}"
20140716,0.006316997,2014-07-16,"{""type"":""MultiPoint"",""coordinates"":[]}"
20140717,0,2014-07-17,"{""type"":""MultiPoint"",""coordinates"":[]}"
20140718,0,2014-07-18,"{""type"":""MultiPoint"",""coordinates"":[]}"
20140719,1.0704439736252995,2014-07-19,"{""type"":""MultiPoint"",""coordinates"":[]}"
20140720,2.353623336349798,2014-07-20,"{""type"":""MultiPoint"",""coordinates"":[]}"
20140721,0.082669094,2014-07-21,"{""type"":""MultiPoint"",""coordinates"":[]}"
20140722,31.52165747711677,2014-07-22,"{""type"":""MultiPoint"",""coordinates"":[]}"
20140723,60.54253307246021,2014-07-23,"{""type"":""MultiPoint"",""coordinates"":[]}"
20140724,0,2014-07-24,"{""type"":""MultiPoint"",""coordinates"":[]}"
20140725,0,2014-07-25,"{""type"":""MultiPoint"",""coordinates"":[]}"
20140726,0,2014-07-26,"{""type"":""MultiPoint"",""coordinates"":[]}"
20140727,3.5228602881585394,2014-07-27,"{""type"":""MultiPoint"",""coordinates"":[]}"
20140728,22.54091760381628,2014-07-28,"{""type"":""MultiPoint"",""coordinates"":[]}"
20140729,39.38092995985649,2014-07-29,"{""type"":""MultiPoint"",""coordinates"":[]}"
20140730,50.187525266078964,2014-07-30,"{""type"":""MultiPoint"",""coordinates"":[]}"
20140731,25.01628584381401,2014-07-31,"{""type"":""MultiPoint"",""coordinates"":[]}"
20140801,0,2014-08-01,"{""type"":""MultiPoint"",""coordinates"":[]}"
20140802,0,2014-08-02,"{""type"":""MultiPoint"",""coordinates"":[]}"
20140803,0,2014-08-03,"{""type"":""MultiPoint"",""coordinates"":[]}"
20140804,9.156236114158697,2014-08-04,"{""type"":""MultiPoint"",""coordinates"":[]}"
20140805,0.1796025200023405,2014-08-05,"{""type"":""MultiPoint"",""coordinates"":[]}"
20140806,0.1718162016266293,2014-08-06,"{""type"":""MultiPoint"",""coordinates"":[]}"
20140807,0,2014-08-07,"{""type"":""MultiPoint"",""coordinates"":[]}"
20140808,0,2014-08-08,"{""type"":""MultiPoint"",""coordinates"":[]}"
20140809,0,2014-08-09,"{""type"":""MultiPoint"",""coordinates"":[]}"
20140810,0,2014-08-10,"{""type"":""MultiPoint"",""coordinates"":[]}"
20140811,0,2014-08-11,"{""type"":""MultiPoint"",""coordinates"":[]}"
20140812,0,2014-08-12,"{""type"":""MultiPoint"",""coordinates"":[]}"
20140813,0,2014-08-13,"{""type"":""MultiPoint"",""coordinates"":[]}"
20140814,0,2014-08-14,"{""type"":""MultiPoint"",""coordinates"":[]}"
20140815,0.082953791,2014-08-15,"{""type"":""MultiPoint"",""coordinates"":[]}"
20140816,0.068665261,2014-08-16,"{""type"":""MultiPoint"",""coordinates"":[]}"
20140817,0,2014-08-17,"{""type"":""MultiPoint"",""coordinates"":[]}"
20140818,5.627391054,2014-08-18,"{""type"":""MultiPoint"",""coordinates"":[]}"
20140819,10.292394042195474,2014-08-19,"{""type"":""MultiPoint"",""coordinates"":[]}"
20140820,22.722488225681566,2014-08-20,"{""type"":""MultiPoint"",""coordinates"":[]}"
20140821,35.314856350790066,2014-08-21,"{""type"":""MultiPoint"",""coordinates"":[]}"
20140822,4.520435953644936,2014-08-22,"{""type"":""MultiPoint"",""coordinates"":[]}"
20140823,10.796662499968082,2014-08-23,"{""type"":""MultiPoint"",""coordinates"":[]}"
20140824,26.044942428809108,2014-08-24,"{""type"":""MultiPoint"",""coordinates"":[]}"
20140825,26.81757125339047,2014-08-25,"{""type"":""MultiPoint"",""coordinates"":[]}"
20140826,9.767972093949494,2014-08-26,"{""type"":""MultiPoint"",""coordinates"":[]}"
20140827,16.778516071470165,2014-08-27,"{""type"":""MultiPoint"",""coordinates"":[]}"
20140828,14.679826066992609,2014-08-28,"{""type"":""MultiPoint"",""coordinates"":[]}"
20140829,24.157121084327006,2014-08-29,"{""type"":""MultiPoint"",""coordinates"":[]}"
20140830,32.56877350518856,2014-08-30,"{""type"":""MultiPoint"",""coordinates"":[]}"
20140831,22.854221247428097,2014-08-31,"{""type"":""MultiPoint"",""coordinates"":[]}"
20140901,24.231927469040183,2014-09-01,"{""type"":""MultiPoint"",""coordinates"":[]}"
20140902,0,2014-09-02,"{""type"":""MultiPoint"",""coordinates"":[]}"
20140903,0.066726232,2014-09-03,"{""type"":""MultiPoint"",""coordinates"":[]}"
20140904,0.039107550067881136,2014-09-04,"{""type"":""MultiPoint"",""coordinates"":[]}"
20140905,7.173301208088306,2014-09-05,"{""type"":""MultiPoint"",""coordinates"":[]}"
20140906,0.004496831,2014-09-06,"{""type"":""MultiPoint"",""coordinates"":[]}"
20140907,32.21849754438973,2014-09-07,"{""type"":""MultiPoint"",""coordinates"":[]}"
20140908,14.475913566098557,2014-09-08,"{""type"":""MultiPoint"",""coordinates"":[]}"
20140909,0,2014-09-09,"{""type"":""MultiPoint"",""coordinates"":[]}"
20140910,0,2014-09-10,"{""type"":""MultiPoint"",""coordinates"":[]}"
20140911,0,2014-09-11,"{""type"":""MultiPoint"",""coordinates"":[]}"
20140912,0,2014-09-12,"{""type"":""MultiPoint"",""coordinates"":[]}"
20140913,0,2014-09-13,"{""type"":""MultiPoint"",""coordinates"":[]}"
20140914,0,2014-09-14,"{""type"":""MultiPoint"",""coordinates"":[]}"
20140915,0,2014-09-15,"{""type"":""MultiPoint"",""coordinates"":[]}"
20140916,0.20987692816430284,2014-09-16,"{""type"":""MultiPoint"",""coordinates"":[]}"
20140917,0,2014-09-17,"{""type"":""MultiPoint"",""coordinates"":[]}"
20140918,0.028131452282418198,2014-09-18,"{""type"":""MultiPoint"",""coordinates"":[]}"
20140919,8.696903038114751,2014-09-19,"{""type"":""MultiPoint"",""coordinates"":[]}"
20140920,0.30460032543761884,2014-09-20,"{""type"":""MultiPoint"",""coordinates"":[]}"
20140921,0,2014-09-21,"{""type"":""MultiPoint"",""coordinates"":[]}"
20140922,0.44186424009063807,2014-09-22,"{""type"":""MultiPoint"",""coordinates"":[]}"
20140923,0.023981304464492263,2014-09-23,"{""type"":""MultiPoint"",""coordinates"":[]}"
20140924,0.349045627,2014-09-24,"{""type"":""MultiPoint"",""coordinates"":[]}"
20140925,5.540584304517669,2014-09-25,"{""type"":""MultiPoint"",""coordinates"":[]}"
20140926,0,2014-09-26,"{""type"":""MultiPoint"",""coordinates"":[]}"
20140927,0,2014-09-27,"{""type"":""MultiPoint"",""coordinates"":[]}"
20140928,0,2014-09-28,"{""type"":""MultiPoint"",""coordinates"":[]}"
20140929,0,2014-09-29,"{""type"":""MultiPoint"",""coordinates"":[]}"
20140930,13.33881168526969,2014-09-30,"{""type"":""MultiPoint"",""coordinates"":[]}"
20141001,5.358835542572739,2014-10-01,"{""type"":""MultiPoint"",""coordinates"":[]}"
20141002,0.3559780982268333,2014-10-02,"{""type"":""MultiPoint"",""coordinates"":[]}"
20141003,2.9913961251881713,2014-10-03,"{""type"":""MultiPoint"",""coordinates"":[]}"
20141004,3.571265435,2014-10-04,"{""type"":""MultiPoint"",""coordinates"":[]}"
20141005,0,2014-10-05,"{""type"":""MultiPoint"",""coordinates"":[]}"
20141006,0.3411377547837263,2014-10-06,"{""type"":""MultiPoint"",""coordinates"":[]}"
20141007,1.167059228603583,2014-10-07,"{""type"":""MultiPoint"",""coordinates"":[]}"
20141008,1.1801085706295809,2014-10-08,"{""type"":""MultiPoint"",""coordinates"":[]}"
20141009,5.073701189321592,2014-10-09,"{""type"":""MultiPoint"",""coordinates"":[]}"
20141010,4.451897957004278,2014-10-10,"{""type"":""MultiPoint"",""coordinates"":[]}"
20141011,0,2014-10-11,"{""type"":""MultiPoint"",""coordinates"":[]}"
20141012,0,2014-10-12,"{""type"":""MultiPoint"",""coordinates"":[]}"
20141013,0,2014-10-13,"{""type"":""MultiPoint"",""coordinates"":[]}"
20141014,0,2014-10-14,"{""type"":""MultiPoint"",""coordinates"":[]}"
20141015,0,2014-10-15,"{""type"":""MultiPoint"",""coordinates"":[]}"
20141016,0.6976176560142068,2014-10-16,"{""type"":""MultiPoint"",""coordinates"":[]}"
20141017,1.9916542187645865,2014-10-17,"{""type"":""MultiPoint"",""coordinates"":[]}"
20141018,2.145061748304588,2014-10-18,"{""type"":""MultiPoint"",""coordinates"":[]}"
20141019,1.373207521787089,2014-10-19,"{""type"":""MultiPoint"",""coordinates"":[]}"
20141020,0,2014-10-20,"{""type"":""MultiPoint"",""coordinates"":[]}"
20141021,0,2014-10-21,"{""type"":""MultiPoint"",""coordinates"":[]}"
20141022,0,2014-10-22,"{""type"":""MultiPoint"",""coordinates"":[]}"
20141023,0,2014-10-23,"{""type"":""MultiPoint"",""coordinates"":[]}"
20141024,0.8975642183902962,2014-10-24,"{""type"":""MultiPoint"",""coordinates"":[]}"
20141025,19.89769843468204,2014-10-25,"{""type"":""MultiPoint"",""coordinates"":[]}"
20141026,2.599068103631529,2014-10-26,"{""type"":""MultiPoint"",""coordinates"":[]}"
20141027,4.797171784618126,2014-10-27,"{""type"":""MultiPoint"",""coordinates"":[]}"
20141028,0.073009181,2014-10-28,"{""type"":""MultiPoint"",""coordinates"":[]}"
20141029,0,2014-10-29,"{""type"":""MultiPoint"",""coordinates"":[]}"
20141030,0,2014-10-30,"{""type"":""MultiPoint"",""coordinates"":[]}"
20141031,0,2014-10-31,"{""type"":""MultiPoint"",""coordinates"":[]}"
20141101,0,2014-11-01,"{""type"":""MultiPoint"",""coordinates"":[]}"
20141102,0,2014-11-02,"{""type"":""MultiPoint"",""coordinates"":[]}"
20141103,0,2014-11-03,"{""type"":""MultiPoint"",""coordinates"":[]}"
20141104,0,2014-11-04,"{""type"":""MultiPoint"",""coordinates"":[]}"
20141105,0,2014-11-05,"{""type"":""MultiPoint"",""coordinates"":[]}"
20141106,0,2014-11-06,"{""type"":""MultiPoint"",""coordinates"":[]}"
20141107,0,2014-11-07,"{""type"":""MultiPoint"",""coordinates"":[]}"
20141108,0,2014-11-08,"{""type"":""MultiPoint"",""coordinates"":[]}"
20141109,0,2014-11-09,"{""type"":""MultiPoint"",""coordinates"":[]}"
20141110,0.6113137938637272,2014-11-10,"{""type"":""MultiPoint"",""coordinates"":[]}"
20141111,0,2014-11-11,"{""type"":""MultiPoint"",""coordinates"":[]}"
20141112,0.067747812,2014-11-12,"{""type"":""MultiPoint"",""coordinates"":[]}"
20141113,0.20844471532636769,2014-11-13,"{""type"":""MultiPoint"",""coordinates"":[]}"
20141114,9.835194285417744,2014-11-14,"{""type"":""MultiPoint"",""coordinates"":[]}"
20141115,17.47415637451817,2014-11-15,"{""type"":""MultiPoint"",""coordinates"":[]}"
20141116,0.004684342,2014-11-16,"{""type"":""MultiPoint"",""coordinates"":[]}"
20141117,0.1442404404579241,2014-11-17,"{""type"":""MultiPoint"",""coordinates"":[]}"
20141118,0.5018149806608355,2014-11-18,"{""type"":""MultiPoint"",""coordinates"":[]}"
20141119,0.20342491585562456,2014-11-19,"{""type"":""MultiPoint"",""coordinates"":[]}"
20141120,0,2014-11-20,"{""type"":""MultiPoint"",""coordinates"":[]}"
20141121,0,2014-11-21,"{""type"":""MultiPoint"",""coordinates"":[]}"
20141122,0,2014-11-22,"{""type"":""MultiPoint"",""coordinates"":[]}"
20141123,0,2014-11-23,"{""type"":""MultiPoint"",""coordinates"":[]}"
20141124,0,2014-11-24,"{""type"":""MultiPoint"",""coordinates"":[]}"
20141125,0,2014-11-25,"{""type"":""MultiPoint"",""coordinates"":[]}"
20141126,0,2014-11-26,"{""type"":""MultiPoint"",""coordinates"":[]}"
20141127,0,2014-11-27,"{""type"":""MultiPoint"",""coordinates"":[]}"
20141128,0,2014-11-28,"{""type"":""MultiPoint"",""coordinates"":[]}"
20141129,0.23070407436073528,2014-11-29,"{""type"":""MultiPoint"",""coordinates"":[]}"
20141130,0,2014-11-30,"{""type"":""MultiPoint"",""coordinates"":[]}"
20141201,0.095863434,2014-12-01,"{""type"":""MultiPoint"",""coordinates"":[]}"
20141202,0.025908227179976217,2014-12-02,"{""type"":""MultiPoint"",""coordinates"":[]}"
20141203,0.037978803339736196,2014-12-03,"{""type"":""MultiPoint"",""coordinates"":[]}"
20141204,0,2014-12-04,"{""type"":""MultiPoint"",""coordinates"":[]}"
20141205,0,2014-12-05,"{""type"":""MultiPoint"",""coordinates"":[]}"
20141206,0.075307921,2014-12-06,"{""type"":""MultiPoint"",""coordinates"":[]}"
20141207,0.040679176,2014-12-07,"{""type"":""MultiPoint"",""coordinates"":[]}"
20141208,0,2014-12-08,"{""type"":""MultiPoint"",""coordinates"":[]}"
20141209,0.009100714,2014-12-09,"{""type"":""MultiPoint"",""coordinates"":[]}"
20141210,0,2014-12-10,"{""type"":""MultiPoint"",""coordinates"":[]}"
20141211,0.037058442,2014-12-11,"{""type"":""MultiPoint"",""coordinates"":[]}"
20141212,6.0447066619124525,2014-12-12,"{""type"":""MultiPoint"",""coordinates"":[]}"
20141213,0.5032652802819756,2014-12-13,"{""type"":""MultiPoint"",""coordinates"":[]}"
20141214,0,2014-12-14,"{""type"":""MultiPoint"",""coordinates"":[]}"
20141215,0,2014-12-15,"{""type"":""MultiPoint"",""coordinates"":[]}"
20141216,0,2014-12-16,"{""type"":""MultiPoint"",""coordinates"":[]}"
20141217,0.011513442161033978,2014-12-17,"{""type"":""MultiPoint"",""coordinates"":[]}"
20141218,0.017730003961078905,2014-12-18,"{""type"":""MultiPoint"",""coordinates"":[]}"
20141219,0.1393948820896421,2014-12-19,"{""type"":""MultiPoint"",""coordinates"":[]}"
20141220,0.23452603973821348,2014-12-20,"{""type"":""MultiPoint"",""coordinates"":[]}"
20141221,0.002133215,2014-12-21,"{""type"":""MultiPoint"",""coordinates"":[]}"
20141222,0,2014-12-22,"{""type"":""MultiPoint"",""coordinates"":[]}"
20141223,0,2014-12-23,"{""type"":""MultiPoint"",""coordinates"":[]}"
20141224,0.031337773614489924,2014-12-24,"{""type"":""MultiPoint"",""coordinates"":[]}"
20141225,0.005464373,2014-12-25,"{""type"":""MultiPoint"",""coordinates"":[]}"
20141226,0,2014-12-26,"{""type"":""MultiPoint"",""coordinates"":[]}"
20141227,0,2014-12-27,"{""type"":""MultiPoint"",""coordinates"":[]}"
20141228,0,2014-12-28,"{""type"":""MultiPoint"",""coordinates"":[]}"
20141229,0,2014-12-29,"{""type"":""MultiPoint"",""coordinates"":[]}"
20141230,0,2014-12-30,"{""type"":""MultiPoint"",""coordinates"":[]}"
20141231,0.13279707102616525,2014-12-31,"{""type"":""MultiPoint"",""coordinates"":[]}"
20150101,0.00341553,2015-01-01,"{""type"":""MultiPoint"",""coordinates"":[]}"
20150102,0,2015-01-02,"{""type"":""MultiPoint"",""coordinates"":[]}"
20150103,0,2015-01-03,"{""type"":""MultiPoint"",""coordinates"":[]}"
20150104,0,2015-01-04,"{""type"":""MultiPoint"",""coordinates"":[]}"
20150105,0,2015-01-05,"{""type"":""MultiPoint"",""coordinates"":[]}"
20150106,0,2015-01-06,"{""type"":""MultiPoint"",""coordinates"":[]}"
20150107,0,2015-01-07,"{""type"":""MultiPoint"",""coordinates"":[]}"
20150108,0,2015-01-08,"{""type"":""MultiPoint"",""coordinates"":[]}"
20150109,0,2015-01-09,"{""type"":""MultiPoint"",""coordinates"":[]}"
20150110,5.028373827021345E-4,2015-01-10,"{""type"":""MultiPoint"",""coordinates"":[]}"
20150111,0,2015-01-11,"{""type"":""MultiPoint"",""coordinates"":[]}"
20150112,0,2015-01-12,"{""type"":""MultiPoint"",""coordinates"":[]}"
20150113,0,2015-01-13,"{""type"":""MultiPoint"",""coordinates"":[]}"
20150114,0,2015-01-14,"{""type"":""MultiPoint"",""coordinates"":[]}"
20150115,0,2015-01-15,"{""type"":""MultiPoint"",""coordinates"":[]}"
20150116,0,2015-01-16,"{""type"":""MultiPoint"",""coordinates"":[]}"
20150117,0,2015-01-17,"{""type"":""MultiPoint"",""coordinates"":[]}"
20150118,0,2015-01-18,"{""type"":""MultiPoint"",""coordinates"":[]}"
20150119,0,2015-01-19,"{""type"":""MultiPoint"",""coordinates"":[]}"
20150120,0,2015-01-20,"{""type"":""MultiPoint"",""coordinates"":[]}"
20150121,0,2015-01-21,"{""type"":""MultiPoint"",""coordinates"":[]}"
20150122,0,2015-01-22,"{""type"":""MultiPoint"",""coordinates"":[]}"
20150123,0,2015-01-23,"{""type"":""MultiPoint"",""coordinates"":[]}"
20150124,0,2015-01-24,"{""type"":""MultiPoint"",""coordinates"":[]}"
20150125,0.003240695,2015-01-25,"{""type"":""MultiPoint"",""coordinates"":[]}"
20150126,0.006990479,2015-01-26,"{""type"":""MultiPoint"",""coordinates"":[]}"
20150127,0,2015-01-27,"{""type"":""MultiPoint"",""coordinates"":[]}"
20150128,0,2015-01-28,"{""type"":""MultiPoint"",""coordinates"":[]}"
20150129,0,2015-01-29,"{""type"":""MultiPoint"",""coordinates"":[]}"
20150130,0,2015-01-30,"{""type"":""MultiPoint"",""coordinates"":[]}"
20150131,0,2015-01-31,"{""type"":""MultiPoint"",""coordinates"":[]}"
20150201,0,2015-02-01,"{""type"":""MultiPoint"",""coordinates"":[]}"
20150202,0,2015-02-02,"{""type"":""MultiPoint"",""coordinates"":[]}"
20150203,0,2015-02-03,"{""type"":""MultiPoint"",""coordinates"":[]}"
20150204,0,2015-02-04,"{""type"":""MultiPoint"",""coordinates"":[]}"
20150205,0.061200581,2015-02-05,"{""type"":""MultiPoint"",""coordinates"":[]}"
20150206,0.079281143,2015-02-06,"{""type"":""MultiPoint"",""coordinates"":[]}"
20150207,0,2015-02-07,"{""type"":""MultiPoint"",""coordinates"":[]}"
20150208,0,2015-02-08,"{""type"":""MultiPoint"",""coordinates"":[]}"
20150209,0,2015-02-09,"{""type"":""MultiPoint"",""coordinates"":[]}"
20150210,0.033370721284065874,2015-02-10,"{""type"":""MultiPoint"",""coordinates"":[]}"
20150211,0,2015-02-11,"{""type"":""MultiPoint"",""coordinates"":[]}"
20150212,0,2015-02-12,"{""type"":""MultiPoint"",""coordinates"":[]}"
20150213,0,2015-02-13,"{""type"":""MultiPoint"",""coordinates"":[]}"
20150214,0,2015-02-14,"{""type"":""MultiPoint"",""coordinates"":[]}"
20150215,0,2015-02-15,"{""type"":""MultiPoint"",""coordinates"":[]}"
20150216,0,2015-02-16,"{""type"":""MultiPoint"",""coordinates"":[]}"
20150217,0,2015-02-17,"{""type"":""MultiPoint"",""coordinates"":[]}"
20150218,0,2015-02-18,"{""type"":""MultiPoint"",""coordinates"":[]}"
20150219,0.015336066395449481,2015-02-19,"{""type"":""MultiPoint"",""coordinates"":[]}"
20150220,0.004044433,2015-02-20,"{""type"":""MultiPoint"",""coordinates"":[]}"
20150221,0,2015-02-21,"{""type"":""MultiPoint"",""coordinates"":[]}"
20150222,0,2015-02-22,"{""type"":""MultiPoint"",""coordinates"":[]}"
20150223,0,2015-02-23,"{""type"":""MultiPoint"",""coordinates"":[]}"
20150224,0.007267793,2015-02-24,"{""type"":""MultiPoint"",""coordinates"":[]}"
20150225,0,2015-02-25,"{""type"":""MultiPoint"",""coordinates"":[]}"
20150226,0,2015-02-26,"{""type"":""MultiPoint"",""coordinates"":[]}"
20150227,0,2015-02-27,"{""type"":""MultiPoint"",""coordinates"":[]}"
20150228,0,2015-02-28,"{""type"":""MultiPoint"",""coordinates"":[]}"
20150301,0,2015-03-01,"{""type"":""MultiPoint"",""coordinates"":[]}"
20150302,0,2015-03-02,"{""type"":""MultiPoint"",""coordinates"":[]}"
20150303,0,2015-03-03,"{""type"":""MultiPoint"",""coordinates"":[]}"
20150304,0,2015-03-04,"{""type"":""MultiPoint"",""coordinates"":[]}"
20150305,0,2015-03-05,"{""type"":""MultiPoint"",""coordinates"":[]}"
20150306,0,2015-03-06,"{""type"":""MultiPoint"",""coordinates"":[]}"
20150307,0,2015-03-07,"{""type"":""MultiPoint"",""coordinates"":[]}"
20150308,0,2015-03-08,"{""type"":""MultiPoint"",""coordinates"":[]}"
20150309,0,2015-03-09,"{""type"":""MultiPoint"",""coordinates"":[]}"
20150310,0.020561336596106487,2015-03-10,"{""type"":""MultiPoint"",""coordinates"":[]}"
20150311,0.062730712,2015-03-11,"{""type"":""MultiPoint"",""coordinates"":[]}"
20150312,0,2015-03-12,"{""type"":""MultiPoint"",""coordinates"":[]}"
20150313,0.001226685,2015-03-13,"{""type"":""MultiPoint"",""coordinates"":[]}"
20150314,0.006979776,2015-03-14,"{""type"":""MultiPoint"",""coordinates"":[]}"
20150315,0,2015-03-15,"{""type"":""MultiPoint"",""coordinates"":[]}"
20150316,0,2015-03-16,"{""type"":""MultiPoint"",""coordinates"":[]}"
20150317,0,2015-03-17,"{""type"":""MultiPoint"",""coordinates"":[]}"
20150318,0,2015-03-18,"{""type"":""MultiPoint"",""coordinates"":[]}"
20150319,0,2015-03-19,"{""type"":""MultiPoint"",""coordinates"":[]}"
20150320,0,2015-03-20,"{""type"":""MultiPoint"",""coordinates"":[]}"
20150321,0.002368516,2015-03-21,"{""type"":""MultiPoint"",""coordinates"":[]}"
20150322,0,2015-03-22,"{""type"":""MultiPoint"",""coordinates"":[]}"
20150323,9.829969902667532E-4,2015-03-23,"{""type"":""MultiPoint"",""coordinates"":[]}"
20150324,0,2015-03-24,"{""type"":""MultiPoint"",""coordinates"":[]}"
20150325,0,2015-03-25,"{""type"":""MultiPoint"",""coordinates"":[]}"
20150326,0.664115844,2015-03-26,"{""type"":""MultiPoint"",""coordinates"":[]}"
20150327,0.42156964039063766,2015-03-27,"{""type"":""MultiPoint"",""coordinates"":[]}"
20150328,1.411719364921212,2015-03-28,"{""type"":""MultiPoint"",""coordinates"":[]}"
20150329,0.5019619738745084,2015-03-29,"{""type"":""MultiPoint"",""coordinates"":[]}"
20150330,0.009708282,2015-03-30,"{""type"":""MultiPoint"",""coordinates"":[]}"
20150331,0,2015-03-31,"{""type"":""MultiPoint"",""coordinates"":[]}"
20150401,0,2015-04-01,"{""type"":""MultiPoint"",""coordinates"":[]}"
20150402,0,2015-04-02,"{""type"":""MultiPoint"",""coordinates"":[]}"
20150403,0,2015-04-03,"{""type"":""MultiPoint"",""coordinates"":[]}"
20150404,0,2015-04-04,"{""type"":""MultiPoint"",""coordinates"":[]}"
20150405,0,2015-04-05,"{""type"":""MultiPoint"",""coordinates"":[]}"
20150406,0,2015-04-06,"{""type"":""MultiPoint"",""coordinates"":[]}"
20150407,0,2015-04-07,"{""type"":""MultiPoint"",""coordinates"":[]}"
20150408,0,2015-04-08,"{""type"":""MultiPoint"",""coordinates"":[]}"
20150409,0,2015-04-09,"{""type"":""MultiPoint"",""coordinates"":[]}"
20150410,0.074371351,2015-04-10,"{""type"":""MultiPoint"",""coordinates"":[]}"
20150411,0.46232263696620235,2015-04-11,"{""type"":""MultiPoint"",""coordinates"":[]}"
20150412,0,2015-04-12,"{""type"":""MultiPoint"",""coordinates"":[]}"
20150413,1.007942094,2015-04-13,"{""type"":""MultiPoint"",""coordinates"":[]}"
20150414,0.055661493,2015-04-14,"{""type"":""MultiPoint"",""coordinates"":[]}"
20150415,0,2015-04-15,"{""type"":""MultiPoint"",""coordinates"":[]}"
20150416,0.24528969427354774,2015-04-16,"{""type"":""MultiPoint"",""coordinates"":[]}"
20150417,0.012730844093423753,2015-04-17,"{""type"":""MultiPoint"",""coordinates"":[]}"
20150418,0,2015-04-18,"{""type"":""MultiPoint"",""coordinates"":[]}"
20150419,0,2015-04-19,"{""type"":""MultiPoint"",""coordinates"":[]}"
20150420,2.158050678118296,2015-04-20,"{""type"":""MultiPoint"",""coordinates"":[]}"
20150421,2.4596237375716266,2015-04-21,"{""type"":""MultiPoint"",""coordinates"":[]}"
20150422,0.2661450832404655,2015-04-22,"{""type"":""MultiPoint"",""coordinates"":[]}"
20150423,0.031526082,2015-04-23,"{""type"":""MultiPoint"",""coordinates"":[]}"
20150424,0,2015-04-24,"{""type"":""MultiPoint"",""coordinates"":[]}"
20150425,0,2015-04-25,"{""type"":""MultiPoint"",""coordinates"":[]}"
20150426,0.031608031801754345,2015-04-26,"{""type"":""MultiPoint"",""coordinates"":[]}"
20150427,0,2015-04-27,"{""type"":""MultiPoint"",""coordinates"":[]}"
20150428,7.87862838721681E-4,2015-04-28,"{""type"":""MultiPoint"",""coordinates"":[]}"
20150429,0,2015-04-29,"{""type"":""MultiPoint"",""coordinates"":[]}"
20150430,0,2015-04-30,"{""type"":""MultiPoint"",""coordinates"":[]}"
20150501,0,2015-05-01,"{""type"":""MultiPoint"",""coordinates"":[]}"
20150502,0,2015-05-02,"{""type"":""MultiPoint"",""coordinates"":[]}"
20150503,0,2015-05-03,"{""type"":""MultiPoint"",""coordinates"":[]}"
20150504,0,2015-05-04,"{""type"":""MultiPoint"",""coordinates"":[]}"
20150505,7.9569256207315755,2015-05-05,"{""type"":""MultiPoint"",""coordinates"":[]}"
20150506,0,2015-05-06,"{""type"":""MultiPoint"",""coordinates"":[]}"
20150507,0,2015-05-07,"{""type"":""MultiPoint"",""coordinates"":[]}"
20150508,0.010026914,2015-05-08,"{""type"":""MultiPoint"",""coordinates"":[]}"
20150509,8.278768317270679,2015-05-09,"{""type"":""MultiPoint"",""coordinates"":[]}"
20150510,0,2015-05-10,"{""type"":""MultiPoint"",""coordinates"":[]}"
20150511,0.5310787676501344,2015-05-11,"{""type"":""MultiPoint"",""coordinates"":[]}"
20150512,0.003889851,2015-05-12,"{""type"":""MultiPoint"",""coordinates"":[]}"
20150513,2.464617689622477,2015-05-13,"{""type"":""MultiPoint"",""coordinates"":[]}"
20150514,0.021561304593418876,2015-05-14,"{""type"":""MultiPoint"",""coordinates"":[]}"
20150515,3.324219575280465,2015-05-15,"{""type"":""MultiPoint"",""coordinates"":[]}"
20150516,1.2464630147585718,2015-05-16,"{""type"":""MultiPoint"",""coordinates"":[]}"
20150517,0,2015-05-17,"{""type"":""MultiPoint"",""coordinates"":[]}"
20150518,0,2015-05-18,"{""type"":""MultiPoint"",""coordinates"":[]}"
20150519,0,2015-05-19,"{""type"":""MultiPoint"",""coordinates"":[]}"
20150520,0,2015-05-20,"{""type"":""MultiPoint"",""coordinates"":[]}"
20150521,0,2015-05-21,"{""type"":""MultiPoint"",""coordinates"":[]}"
20150522,0,2015-05-22,"{""type"":""MultiPoint"",""coordinates"":[]}"
20150523,0,2015-05-23,"{""type"":""MultiPoint"",""coordinates"":[]}"
20150524,0,2015-05-24,"{""type"":""MultiPoint"",""coordinates"":[]}"
20150525,0,2015-05-25,"{""type"":""MultiPoint"",""coordinates"":[]}"
20150526,0,2015-05-26,"{""type"":""MultiPoint"",""coordinates"":[]}"
20150527,0,2015-05-27,"{""type"":""MultiPoint"",""coordinates"":[]}"
20150528,0.00590012,2015-05-28,"{""type"":""MultiPoint"",""coordinates"":[]}"
20150529,7.8972096045402616,2015-05-29,"{""type"":""MultiPoint"",""coordinates"":[]}"
20150530,1.038871253,2015-05-30,"{""type"":""MultiPoint"",""coordinates"":[]}"
20150531,1.8439514269462296,2015-05-31,"{""type"":""MultiPoint"",""coordinates"":[]}"
20150601,0.32105643676108647,2015-06-01,"{""type"":""MultiPoint"",""coordinates"":[]}"
20150602,0,2015-06-02,"{""type"":""MultiPoint"",""coordinates"":[]}"
20150603,0,2015-06-03,"{""type"":""MultiPoint"",""coordinates"":[]}"
20150604,1.5609631922590106,2015-06-04,"{""type"":""MultiPoint"",""coordinates"":[]}"
20150605,14.966650057431313,2015-06-05,"{""type"":""MultiPoint"",""coordinates"":[]}"
20150606,0.906370594,2015-06-06,"{""type"":""MultiPoint"",""coordinates"":[]}"
20150607,16.421187217806025,2015-06-07,"{""type"":""MultiPoint"",""coordinates"":[]}"
20150608,4.072199450631509,2015-06-08,"{""type"":""MultiPoint"",""coordinates"":[]}"
20150609,3.6623571010378084,2015-06-09,"{""type"":""MultiPoint"",""coordinates"":[]}"
20150610,0.5586285767814676,2015-06-10,"{""type"":""MultiPoint"",""coordinates"":[]}"
20150611,10.839200959863215,2015-06-11,"{""type"":""MultiPoint"",""coordinates"":[]}"
20150612,15.19614577826105,2015-06-12,"{""type"":""MultiPoint"",""coordinates"":[]}"
20150613,0.7117837250075593,2015-06-13,"{""type"":""MultiPoint"",""coordinates"":[]}"
20150614,0.5306684713539364,2015-06-14,"{""type"":""MultiPoint"",""coordinates"":[]}"
20150615,1.5015104252381157,2015-06-15,"{""type"":""MultiPoint"",""coordinates"":[]}"
20150616,1.3350499043459276,2015-06-16,"{""type"":""MultiPoint"",""coordinates"":[]}"
20150617,0.16035089391759608,2015-06-17,"{""type"":""MultiPoint"",""coordinates"":[]}"
20150618,0.634865729,2015-06-18,"{""type"":""MultiPoint"",""coordinates"":[]}"
20150619,3.3684612183501024,2015-06-19,"{""type"":""MultiPoint"",""coordinates"":[]}"
20150620,6.123449225448122,2015-06-20,"{""type"":""MultiPoint"",""coordinates"":[]}"
20150621,36.963433097073334,2015-06-21,"{""type"":""MultiPoint"",""coordinates"":[]}"
20150622,6.46583866,2015-06-22,"{""type"":""MultiPoint"",""coordinates"":[]}"
20150623,10.431225411887945,2015-06-23,"{""type"":""MultiPoint"",""coordinates"":[]}"
20150624,6.124267476385143,2015-06-24,"{""type"":""MultiPoint"",""coordinates"":[]}"
20150625,0,2015-06-25,"{""type"":""MultiPoint"",""coordinates"":[]}"
20150626,0,2015-06-26,"{""type"":""MultiPoint"",""coordinates"":[]}"
20150627,0,2015-06-27,"{""type"":""MultiPoint"",""coordinates"":[]}"
20150628,0.098350086,2015-06-28,"{""type"":""MultiPoint"",""coordinates"":[]}"
20150629,0.1076324920503394,2015-06-29,"{""type"":""MultiPoint"",""coordinates"":[]}"
20150630,0.041129743497515706,2015-06-30,"{""type"":""MultiPoint"",""coordinates"":[]}"
20150701,0.1254902648382784,2015-07-01,"{""type"":""MultiPoint"",""coordinates"":[]}"
20150702,0,2015-07-02,"{""type"":""MultiPoint"",""coordinates"":[]}"
20150703,0,2015-07-03,"{""type"":""MultiPoint"",""coordinates"":[]}"
20150704,0,2015-07-04,"{""type"":""MultiPoint"",""coordinates"":[]}"
20150705,0.1911167294305189,2015-07-05,"{""type"":""MultiPoint"",""coordinates"":[]}"
20150706,0,2015-07-06,"{""type"":""MultiPoint"",""coordinates"":[]}"
20150707,0.021508487447107066,2015-07-07,"{""type"":""MultiPoint"",""coordinates"":[]}"
20150708,0,2015-07-08,"{""type"":""MultiPoint"",""coordinates"":[]}"
20150709,0.15589224862849824,2015-07-09,"{""type"":""MultiPoint"",""coordinates"":[]}"
20150710,0.054353284,2015-07-10,"{""type"":""MultiPoint"",""coordinates"":[]}"
20150711,0.11628575109091012,2015-07-11,"{""type"":""MultiPoint"",""coordinates"":[]}"
20150712,0.006731502,2015-07-12,"{""type"":""MultiPoint"",""coordinates"":[]}"
20150713,0,2015-07-13,"{""type"":""MultiPoint"",""coordinates"":[]}"
20150714,0,2015-07-14,"{""type"":""MultiPoint"",""coordinates"":[]}"
20150715,0.1306080317772565,2015-07-15,"{""type"":""MultiPoint"",""coordinates"":[]}"
20150716,0,2015-07-16,"{""type"":""MultiPoint"",""coordinates"":[]}"
20150717,0,2015-07-17,"{""type"":""MultiPoint"",""coordinates"":[]}"
20150718,0,2015-07-18,"{""type"":""MultiPoint"",""coordinates"":[]}"
20150719,7.060798368823622,2015-07-19,"{""type"":""MultiPoint"",""coordinates"":[]}"
20150720,2.7838759272309948,2015-07-20,"{""type"":""MultiPoint"",""coordinates"":[]}"
20150721,8.870451907342758,2015-07-21,"{""type"":""MultiPoint"",""coordinates"":[]}"
20150722,7.776289286,2015-07-22,"{""type"":""MultiPoint"",""coordinates"":[]}"
20150723,0.2632949808151384,2015-07-23,"{""type"":""MultiPoint"",""coordinates"":[]}"
20150724,2.3205987507331898,2015-07-24,"{""type"":""MultiPoint"",""coordinates"":[]}"
20150725,13.69819150504193,2015-07-25,"{""type"":""MultiPoint"",""coordinates"":[]}"
20150726,19.366157604903723,2015-07-26,"{""type"":""MultiPoint"",""coordinates"":[]}"
20150727,15.74965831367104,2015-07-27,"{""type"":""MultiPoint"",""coordinates"":[]}"
20150728,3.8835504840573916,2015-07-28,"{""type"":""MultiPoint"",""coordinates"":[]}"
20150729,0.7216914041915862,2015-07-29,"{""type"":""MultiPoint"",""coordinates"":[]}"
20150730,0.3035383443779819,2015-07-30,"{""type"":""MultiPoint"",""coordinates"":[]}"
20150731,0.18740668307539368,2015-07-31,"{""type"":""MultiPoint"",""coordinates"":[]}"
20150801,0,2015-08-01,"{""type"":""MultiPoint"",""coordinates"":[]}"
20150802,0,2015-08-02,"{""type"":""MultiPoint"",""coordinates"":[]}"
20150803,0,2015-08-03,"{""type"":""MultiPoint"",""coordinates"":[]}"
20150804,31.395872387222738,2015-08-04,"{""type"":""MultiPoint"",""coordinates"":[]}"
20150805,17.797845743066997,2015-08-05,"{""type"":""MultiPoint"",""coordinates"":[]}"
20150806,0.5628865497672929,2015-08-06,"{""type"":""MultiPoint"",""coordinates"":[]}"
20150807,0,2015-08-07,"{""type"":""MultiPoint"",""coordinates"":[]}"
20150808,0,2015-08-08,"{""type"":""MultiPoint"",""coordinates"":[]}"
20150809,0,2015-08-09,"{""type"":""MultiPoint"",""coordinates"":[]}"
20150810,0.5281062823547231,2015-08-10,"{""type"":""MultiPoint"",""coordinates"":[]}"
20150811,3.2654850504978645,2015-08-11,"{""type"":""MultiPoint"",""coordinates"":[]}"
20150812,1.1751732804381685,2015-08-12,"{""type"":""MultiPoint"",""coordinates"":[]}"
20150813,1.8737370741964284E-4,2015-08-13,"{""type"":""MultiPoint"",""coordinates"":[]}"
20150814,0,2015-08-14,"{""type"":""MultiPoint"",""coordinates"":[]}"
20150815,0,2015-08-15,"{""type"":""MultiPoint"",""coordinates"":[]}"
20150816,0,2015-08-16,"{""type"":""MultiPoint"",""coordinates"":[]}"
20150817,0.07303359,2015-08-17,"{""type"":""MultiPoint"",""coordinates"":[]}"
20150818,0.47279821170310643,2015-08-18,"{""type"":""MultiPoint"",""coordinates"":[]}"
20150819,4.529987102316133,2015-08-19,"{""type"":""MultiPoint"",""coordinates"":[]}"
20150820,0.043212288,2015-08-20,"{""type"":""MultiPoint"",""coordinates"":[]}"
20150821,0,2015-08-21,"{""type"":""MultiPoint"",""coordinates"":[]}"
20150822,0.087381543,2015-08-22,"{""type"":""MultiPoint"",""coordinates"":[]}"
20150823,0,2015-08-23,"{""type"":""MultiPoint"",""coordinates"":[]}"
20150824,0,2015-08-24,"{""type"":""MultiPoint"",""coordinates"":[]}"
20150825,0,2015-08-25,"{""type"":""MultiPoint"",""coordinates"":[]}"
20150826,0.086735442,2015-08-26,"{""type"":""MultiPoint"",""coordinates"":[]}"
20150827,0.18162377274559216,2015-08-27,"{""type"":""MultiPoint"",""coordinates"":[]}"
20150828,0.5512893749347677,2015-08-28,"{""type"":""MultiPoint"",""coordinates"":[]}"
20150829,0.18121860201756737,2015-08-29,"{""type"":""MultiPoint"",""coordinates"":[]}"
20150830,13.316271824498465,2015-08-30,"{""type"":""MultiPoint"",""coordinates"":[]}"
20150831,5.426781499316432,2015-08-31,"{""type"":""MultiPoint"",""coordinates"":[]}"
20150901,0,2015-09-01,"{""type"":""MultiPoint"",""coordinates"":[]}"
20150902,0,2015-09-02,"{""type"":""MultiPoint"",""coordinates"":[]}"
20150903,0,2015-09-03,"{""type"":""MultiPoint"",""coordinates"":[]}"
20150904,1.444142938740726,2015-09-04,"{""type"":""MultiPoint"",""coordinates"":[]}"
20150905,9.859129158049985,2015-09-05,"{""type"":""MultiPoint"",""coordinates"":[]}"
20150906,11.02006571014164,2015-09-06,"{""type"":""MultiPoint"",""coordinates"":[]}"
20150907,2.4166516295734084,2015-09-07,"{""type"":""MultiPoint"",""coordinates"":[]}"
20150908,5.843918837044207,2015-09-08,"{""type"":""MultiPoint"",""coordinates"":[]}"
20150909,24.816147259233098,2015-09-09,"{""type"":""MultiPoint"",""coordinates"":[]}"
20150910,19.982312222344905,2015-09-10,"{""type"":""MultiPoint"",""coordinates"":[]}"
20150911,1.976640723904581,2015-09-11,"{""type"":""MultiPoint"",""coordinates"":[]}"
20150912,11.82353176739144,2015-09-12,"{""type"":""MultiPoint"",""coordinates"":[]}"
20150913,12.372547738208254,2015-09-13,"{""type"":""MultiPoint"",""coordinates"":[]}"
20150914,23.234465343192912,2015-09-14,"{""type"":""MultiPoint"",""coordinates"":[]}"
20150915,20.053536551042477,2015-09-15,"{""type"":""MultiPoint"",""coordinates"":[]}"
20150916,31.688931434018052,2015-09-16,"{""type"":""MultiPoint"",""coordinates"":[]}"
20150917,29.388101553406397,2015-09-17,"{""type"":""MultiPoint"",""coordinates"":[]}"
20150918,50.016484926660205,2015-09-18,"{""type"":""MultiPoint"",""coordinates"":[]}"
20150919,0,2015-09-19,"{""type"":""MultiPoint"",""coordinates"":[]}"
20150920,0,2015-09-20,"{""type"":""MultiPoint"",""coordinates"":[]}"
20150921,0.035588342245556466,2015-09-21,"{""type"":""MultiPoint"",""coordinates"":[]}"
20150922,0.9509668892050223,2015-09-22,"{""type"":""MultiPoint"",""coordinates"":[]}"
20150923,0,2015-09-23,"{""type"":""MultiPoint"",""coordinates"":[]}"
20150924,0,2015-09-24,"{""type"":""MultiPoint"",""coordinates"":[]}"
20150925,0.00107677,2015-09-25,"{""type"":""MultiPoint"",""coordinates"":[]}"
20150926,0,2015-09-26,"{""type"":""MultiPoint"",""coordinates"":[]}"
20150927,0,2015-09-27,"{""type"":""MultiPoint"",""coordinates"":[]}"
20150928,0,2015-09-28,"{""type"":""MultiPoint"",""coordinates"":[]}"
20150929,0,2015-09-29,"{""type"":""MultiPoint"",""coordinates"":[]}"
20150930,0.060293133,2015-09-30,"{""type"":""MultiPoint"",""coordinates"":[]}"
20151001,9.610425839752063,2015-10-01,"{""type"":""MultiPoint"",""coordinates"":[]}"
20151002,21.397760624562558,2015-10-02,"{""type"":""MultiPoint"",""coordinates"":[]}"
20151003,13.870273415533479,2015-10-03,"{""type"":""MultiPoint"",""coordinates"":[]}"
20151004,16.67401964426023,2015-10-04,"{""type"":""MultiPoint"",""coordinates"":[]}"
20151005,1.5242330857883237,2015-10-05,"{""type"":""MultiPoint"",""coordinates"":[]}"
20151006,0,2015-10-06,"{""type"":""MultiPoint"",""coordinates"":[]}"
20151007,0,2015-10-07,"{""type"":""MultiPoint"",""coordinates"":[]}"
20151008,0,2015-10-08,"{""type"":""MultiPoint"",""coordinates"":[]}"
20151009,0.038780532432406235,2015-10-09,"{""type"":""MultiPoint"",""coordinates"":[]}"
20151010,0.5726498717891998,2015-10-10,"{""type"":""MultiPoint"",""coordinates"":[]}"
20151011,10.397309859180197,2015-10-11,"{""type"":""MultiPoint"",""coordinates"":[]}"
20151012,0.22951759936441576,2015-10-12,"{""type"":""MultiPoint"",""coordinates"":[]}"
20151013,0.5627110516536297,2015-10-13,"{""type"":""MultiPoint"",""coordinates"":[]}"
20151014,0,2015-10-14,"{""type"":""MultiPoint"",""coordinates"":[]}"
20151015,0,2015-10-15,"{""type"":""MultiPoint"",""coordinates"":[]}"
20151016,0,2015-10-16,"{""type"":""MultiPoint"",""coordinates"":[]}"
20151017,0,2015-10-17,"{""type"":""MultiPoint"",""coordinates"":[]}"
20151018,0,2015-10-18,"{""type"":""MultiPoint"",""coordinates"":[]}"
20151019,0,2015-10-19,"{""type"":""MultiPoint"",""coordinates"":[]}"
20151020,0,2015-10-20,"{""type"":""MultiPoint"",""coordinates"":[]}"
20151021,0,2015-10-21,"{""type"":""MultiPoint"",""coordinates"":[]}"
20151022,0,2015-10-22,"{""type"":""MultiPoint"",""coordinates"":[]}"
20151023,0,2015-10-23,"{""type"":""MultiPoint"",""coordinates"":[]}"
20151024,0,2015-10-24,"{""type"":""MultiPoint"",""coordinates"":[]}"
20151025,0.21048923885368623,2015-10-25,"{""type"":""MultiPoint"",""coordinates"":[]}"
20151026,0.24325619400797532,2015-10-26,"{""type"":""MultiPoint"",""coordinates"":[]}"
20151027,0,2015-10-27,"{""type"":""MultiPoint"",""coordinates"":[]}"
20151028,0.33184197972446655,2015-10-28,"{""type"":""MultiPoint"",""coordinates"":[]}"
20151029,0.7566527474497053,2015-10-29,"{""type"":""MultiPoint"",""coordinates"":[]}"
20151030,0,2015-10-30,"{""type"":""MultiPoint"",""coordinates"":[]}"
20151031,0,2015-10-31,"{""type"":""MultiPoint"",""coordinates"":[]}"
20151101,0,2015-11-01,"{""type"":""MultiPoint"",""coordinates"":[]}"
20151102,0.002860012,2015-11-02,"{""type"":""MultiPoint"",""coordinates"":[]}"
20151103,0.014514869,2015-11-03,"{""type"":""MultiPoint"",""coordinates"":[]}"
20151104,0,2015-11-04,"{""type"":""MultiPoint"",""coordinates"":[]}"
20151105,0.047612535071132445,2015-11-05,"{""type"":""MultiPoint"",""coordinates"":[]}"
20151106,0.023646197349048357,2015-11-06,"{""type"":""MultiPoint"",""coordinates"":[]}"
20151107,0.1431459231437586,2015-11-07,"{""type"":""MultiPoint"",""coordinates"":[]}"
20151108,0,2015-11-08,"{""type"":""MultiPoint"",""coordinates"":[]}"
20151109,3.250515604,2015-11-09,"{""type"":""MultiPoint"",""coordinates"":[]}"
20151110,7.023095362013503,2015-11-10,"{""type"":""MultiPoint"",""coordinates"":[]}"
20151111,0,2015-11-11,"{""type"":""MultiPoint"",""coordinates"":[]}"
20151112,0,2015-11-12,"{""type"":""MultiPoint"",""coordinates"":[]}"
20151113,0,2015-11-13,"{""type"":""MultiPoint"",""coordinates"":[]}"
20151114,0,2015-11-14,"{""type"":""MultiPoint"",""coordinates"":[]}"
20151115,0,2015-11-15,"{""type"":""MultiPoint"",""coordinates"":[]}"
20151116,0,2015-11-16,"{""type"":""MultiPoint"",""coordinates"":[]}"
20151117,0,2015-11-17,"{""type"":""MultiPoint"",""coordinates"":[]}"
20151118,0,2015-11-18,"{""type"":""MultiPoint"",""coordinates"":[]}"
20151119,0,2015-11-19,"{""type"":""MultiPoint"",""coordinates"":[]}"
20151120,0,2015-11-20,"{""type"":""MultiPoint"",""coordinates"":[]}"
20151121,1.3837403733128497,2015-11-21,"{""type"":""MultiPoint"",""coordinates"":[]}"
20151122,4.333033925264128,2015-11-22,"{""type"":""MultiPoint"",""coordinates"":[]}"
20151123,16.542832482495694,2015-11-23,"{""type"":""MultiPoint"",""coordinates"":[]}"
20151124,0,2015-11-24,"{""type"":""MultiPoint"",""coordinates"":[]}"
20151125,1.6196776314354635,2015-11-25,"{""type"":""MultiPoint"",""coordinates"":[]}"
20151126,0.005235555,2015-11-26,"{""type"":""MultiPoint"",""coordinates"":[]}"
20151127,0.054080014,2015-11-27,"{""type"":""MultiPoint"",""coordinates"":[]}"
20151128,0,2015-11-28,"{""type"":""MultiPoint"",""coordinates"":[]}"
20151129,0,2015-11-29,"{""type"":""MultiPoint"",""coordinates"":[]}"
20151130,0.023304958,2015-11-30,"{""type"":""MultiPoint"",""coordinates"":[]}"
20151201,0,2015-12-01,"{""type"":""MultiPoint"",""coordinates"":[]}"
20151202,0.14219626782375072,2015-12-02,"{""type"":""MultiPoint"",""coordinates"":[]}"
20151203,0.34928929527143227,2015-12-03,"{""type"":""MultiPoint"",""coordinates"":[]}"
20151204,0.15877442545200607,2015-12-04,"{""type"":""MultiPoint"",""coordinates"":[]}"
20151205,0,2015-12-05,"{""type"":""MultiPoint"",""coordinates"":[]}"
20151206,3.9929248730647456E-4,2015-12-06,"{""type"":""MultiPoint"",""coordinates"":[]}"
20151207,0,2015-12-07,"{""type"":""MultiPoint"",""coordinates"":[]}"
20151208,0.052130702,2015-12-08,"{""type"":""MultiPoint"",""coordinates"":[]}"
20151209,0,2015-12-09,"{""type"":""MultiPoint"",""coordinates"":[]}"
20151210,0.33554295749181356,2015-12-10,"{""type"":""MultiPoint"",""coordinates"":[]}"
20151211,0,2015-12-11,"{""type"":""MultiPoint"",""coordinates"":[]}"
20151212,0,2015-12-12,"{""type"":""MultiPoint"",""coordinates"":[]}"
20151213,0.046511014,2015-12-13,"{""type"":""MultiPoint"",""coordinates"":[]}"
20151214,0,2015-12-14,"{""type"":""MultiPoint"",""coordinates"":[]}"
20151215,0,2015-12-15,"{""type"":""MultiPoint"",""coordinates"":[]}"
20151216,0,2015-12-16,"{""type"":""MultiPoint"",""coordinates"":[]}"
20151217,0,2015-12-17,"{""type"":""MultiPoint"",""coordinates"":[]}"
20151218,0.015902678985147595,2015-12-18,"{""type"":""MultiPoint"",""coordinates"":[]}"
20151219,0.021001113559767803,2015-12-19,"{""type"":""MultiPoint"",""coordinates"":[]}"
20151220,0,2015-12-20,"{""type"":""MultiPoint"",""coordinates"":[]}"
20151221,0,2015-12-21,"{""type"":""MultiPoint"",""coordinates"":[]}"
20151222,0,2015-12-22,"{""type"":""MultiPoint"",""coordinates"":[]}"
20151223,0,2015-12-23,"{""type"":""MultiPoint"",""coordinates"":[]}"
20151224,9.518878904182173E-5,2015-12-24,"{""type"":""MultiPoint"",""coordinates"":[]}"
20151225,0,2015-12-25,"{""type"":""MultiPoint"",""coordinates"":[]}"
20151226,0,2015-12-26,"{""type"":""MultiPoint"",""coordinates"":[]}"
20151227,0,2015-12-27,"{""type"":""MultiPoint"",""coordinates"":[]}"
20151228,0,2015-12-28,"{""type"":""MultiPoint"",""coordinates"":[]}"
20151229,0,2015-12-29,"{""type"":""MultiPoint"",""coordinates"":[]}"
20151230,0,2015-12-30,"{""type"":""MultiPoint"",""coordinates"":[]}"
20151231,0,2015-12-31,"{""type"":""MultiPoint"",""coordinates"":[]}"
20160101,0,2016-01-01,"{""type"":""MultiPoint"",""coordinates"":[]}"
20160102,0,2016-01-02,"{""type"":""MultiPoint"",""coordinates"":[]}"
20160103,0,2016-01-03,"{""type"":""MultiPoint"",""coordinates"":[]}"
20160104,0,2016-01-04,"{""type"":""MultiPoint"",""coordinates"":[]}"
20160105,0,2016-01-05,"{""type"":""MultiPoint"",""coordinates"":[]}"
20160106,0.1419371,2016-01-06,"{""type"":""MultiPoint"",""coordinates"":[]}"
20160107,0,2016-01-07,"{""type"":""MultiPoint"",""coordinates"":[]}"
20160108,0,2016-01-08,"{""type"":""MultiPoint"",""coordinates"":[]}"
20160109,0,2016-01-09,"{""type"":""MultiPoint"",""coordinates"":[]}"
20160110,0,2016-01-10,"{""type"":""MultiPoint"",""coordinates"":[]}"
20160111,0,2016-01-11,"{""type"":""MultiPoint"",""coordinates"":[]}"
20160112,0,2016-01-12,"{""type"":""MultiPoint"",""coordinates"":[]}"
20160113,4.2758074389755504E-4,2016-01-13,"{""type"":""MultiPoint"",""coordinates"":[]}"
20160114,0,2016-01-14,"{""type"":""MultiPoint"",""coordinates"":[]}"
20160115,0,2016-01-15,"{""type"":""MultiPoint"",""coordinates"":[]}"
20160116,0,2016-01-16,"{""type"":""MultiPoint"",""coordinates"":[]}"
20160117,0,2016-01-17,"{""type"":""MultiPoint"",""coordinates"":[]}"
20160118,0,2016-01-18,"{""type"":""MultiPoint"",""coordinates"":[]}"
20160119,0,2016-01-19,"{""type"":""MultiPoint"",""coordinates"":[]}"
20160120,0,2016-01-20,"{""type"":""MultiPoint"",""coordinates"":[]}"
20160121,0,2016-01-21,"{""type"":""MultiPoint"",""coordinates"":[]}"
20160122,0,2016-01-22,"{""type"":""MultiPoint"",""coordinates"":[]}"
20160123,0,2016-01-23,"{""type"":""MultiPoint"",""coordinates"":[]}"
20160124,0,2016-01-24,"{""type"":""MultiPoint"",""coordinates"":[]}"
20160125,0,2016-01-25,"{""type"":""MultiPoint"",""coordinates"":[]}"
20160126,0,2016-01-26,"{""type"":""MultiPoint"",""coordinates"":[]}"
20160127,4.5940418577399407E-4,2016-01-27,"{""type"":""MultiPoint"",""coordinates"":[]}"
20160128,0,2016-01-28,"{""type"":""MultiPoint"",""coordinates"":[]}"
20160129,0,2016-01-29,"{""type"":""MultiPoint"",""coordinates"":[]}"
20160130,0,2016-01-30,"{""type"":""MultiPoint"",""coordinates"":[]}"
20160131,0,2016-01-31,"{""type"":""MultiPoint"",""coordinates"":[]}"
20160201,0,2016-02-01,"{""type"":""MultiPoint"",""coordinates"":[]}"
20160202,0,2016-02-02,"{""type"":""MultiPoint"",""coordinates"":[]}"
20160203,0,2016-02-03,"{""type"":""MultiPoint"",""coordinates"":[]}"
20160204,0.003288962,2016-02-04,"{""type"":""MultiPoint"",""coordinates"":[]}"
20160205,0,2016-02-05,"{""type"":""MultiPoint"",""coordinates"":[]}"
20160206,0,2016-02-06,"{""type"":""MultiPoint"",""coordinates"":[]}"
20160207,0,2016-02-07,"{""type"":""MultiPoint"",""coordinates"":[]}"
20160208,0,2016-02-08,"{""type"":""MultiPoint"",""coordinates"":[]}"
20160209,0,2016-02-09,"{""type"":""MultiPoint"",""coordinates"":[]}"
20160210,0,2016-02-10,"{""type"":""MultiPoint"",""coordinates"":[]}"
20160211,0,2016-02-11,"{""type"":""MultiPoint"",""coordinates"":[]}"
20160212,0,2016-02-12,"{""type"":""MultiPoint"",""coordinates"":[]}"
20160213,0,2016-02-13,"{""type"":""MultiPoint"",""coordinates"":[]}"
20160214,0,2016-02-14,"{""type"":""MultiPoint"",""coordinates"":[]}"
20160215,0.00292929,2016-02-15,"{""type"":""MultiPoint"",""coordinates"":[]}"
20160216,0,2016-02-16,"{""type"":""MultiPoint"",""coordinates"":[]}"
20160217,0,2016-02-17,"{""type"":""MultiPoint"",""coordinates"":[]}"
20160218,0.054576499,2016-02-18,"{""type"":""MultiPoint"",""coordinates"":[]}"
20160219,0,2016-02-19,"{""type"":""MultiPoint"",""coordinates"":[]}"
20160220,0.061028013,2016-02-20,"{""type"":""MultiPoint"",""coordinates"":[]}"
20160221,0.094858184,2016-02-21,"{""type"":""MultiPoint"",""coordinates"":[]}"
20160222,0.012204846417836757,2016-02-22,"{""type"":""MultiPoint"",""coordinates"":[]}"
20160223,0,2016-02-23,"{""type"":""MultiPoint"",""coordinates"":[]}"
20160224,0,2016-02-24,"{""type"":""MultiPoint"",""coordinates"":[]}"
20160225,0.057604781347770036,2016-02-25,"{""type"":""MultiPoint"",""coordinates"":[]}"
20160226,0.015849183,2016-02-26,"{""type"":""MultiPoint"",""coordinates"":[]}"
20160227,0,2016-02-27,"{""type"":""MultiPoint"",""coordinates"":[]}"
20160228,0.12838840855806066,2016-02-28,"{""type"":""MultiPoint"",""coordinates"":[]}"
20160229,0.357385443,2016-02-29,"{""type"":""MultiPoint"",""coordinates"":[]}"
20160301,0.948436918,2016-03-01,"{""type"":""MultiPoint"",""coordinates"":[]}"
20160302,0.13379795559815952,2016-03-02,"{""type"":""MultiPoint"",""coordinates"":[]}"
20160303,0.1582827081800225,2016-03-03,"{""type"":""MultiPoint"",""coordinates"":[]}"
20160304,0,2016-03-04,"{""type"":""MultiPoint"",""coordinates"":[]}"
20160305,0,2016-03-05,"{""type"":""MultiPoint"",""coordinates"":[]}"
20160306,0,2016-03-06,"{""type"":""MultiPoint"",""coordinates"":[]}"
20160307,0,2016-03-07,"{""type"":""MultiPoint"",""coordinates"":[]}"
20160308,0,2016-03-08,"{""type"":""MultiPoint"",""coordinates"":[]}"
20160309,0,2016-03-09,"{""type"":""MultiPoint"",""coordinates"":[]}"
20160310,0,2016-03-10,"{""type"":""MultiPoint"",""coordinates"":[]}"
20160311,0,2016-03-11,"{""type"":""MultiPoint"",""coordinates"":[]}"
20160312,0,2016-03-12,"{""type"":""MultiPoint"",""coordinates"":[]}"
20160313,0,2016-03-13,"{""type"":""MultiPoint"",""coordinates"":[]}"
20160314,0,2016-03-14,"{""type"":""MultiPoint"",""coordinates"":[]}"
20160315,0,2016-03-15,"{""type"":""MultiPoint"",""coordinates"":[]}"
20160316,0,2016-03-16,"{""type"":""MultiPoint"",""coordinates"":[]}"
20160317,0,2016-03-17,"{""type"":""MultiPoint"",""coordinates"":[]}"
20160318,0,2016-03-18,"{""type"":""MultiPoint"",""coordinates"":[]}"
20160319,0,2016-03-19,"{""type"":""MultiPoint"",""coordinates"":[]}"
20160320,0,2016-03-20,"{""type"":""MultiPoint"",""coordinates"":[]}"
20160321,0,2016-03-21,"{""type"":""MultiPoint"",""coordinates"":[]}"
20160322,0,2016-03-22,"{""type"":""MultiPoint"",""coordinates"":[]}"
20160323,0,2016-03-23,"{""type"":""MultiPoint"",""coordinates"":[]}"
20160324,0,2016-03-24,"{""type"":""MultiPoint"",""coordinates"":[]}"
20160325,1.2983773743193772E-4,2016-03-25,"{""type"":""MultiPoint"",""coordinates"":[]}"
20160326,0,2016-03-26,"{""type"":""MultiPoint"",""coordinates"":[]}"
20160327,0.834994907,2016-03-27,"{""type"":""MultiPoint"",""coordinates"":[]}"
20160328,4.336775203629894E-4,2016-03-28,"{""type"":""MultiPoint"",""coordinates"":[]}"
20160329,0,2016-03-29,"{""type"":""MultiPoint"",""coordinates"":[]}"
20160330,0,2016-03-30,"{""type"":""MultiPoint"",""coordinates"":[]}"
20160331,0,2016-03-31,"{""type"":""MultiPoint"",""coordinates"":[]}"
20160401,0,2016-04-01,"{""type"":""MultiPoint"",""coordinates"":[]}"
20160402,0,2016-04-02,"{""type"":""MultiPoint"",""coordinates"":[]}"
20160403,0,2016-04-03,"{""type"":""MultiPoint"",""coordinates"":[]}"
20160404,0,2016-04-04,"{""type"":""MultiPoint"",""coordinates"":[]}"
20160405,0,2016-04-05,"{""type"":""MultiPoint"",""coordinates"":[]}"
20160406,0.37898977792667143,2016-04-06,"{""type"":""MultiPoint"",""coordinates"":[]}"
20160407,0,2016-04-07,"{""type"":""MultiPoint"",""coordinates"":[]}"
20160408,0,2016-04-08,"{""type"":""MultiPoint"",""coordinates"":[]}"
20160409,0,2016-04-09,"{""type"":""MultiPoint"",""coordinates"":[]}"
20160410,0,2016-04-10,"{""type"":""MultiPoint"",""coordinates"":[]}"
20160411,0,2016-04-11,"{""type"":""MultiPoint"",""coordinates"":[]}"
20160412,0.10579802633381778,2016-04-12,"{""type"":""MultiPoint"",""coordinates"":[]}"
20160413,0,2016-04-13,"{""type"":""MultiPoint"",""coordinates"":[]}"
20160414,0,2016-04-14,"{""type"":""MultiPoint"",""coordinates"":[]}"
20160415,3.939057416360202E-4,2016-04-15,"{""type"":""MultiPoint"",""coordinates"":[]}"
20160416,4.7311153212772406E-4,2016-04-16,"{""type"":""MultiPoint"",""coordinates"":[]}"
20160417,0,2016-04-17,"{""type"":""MultiPoint"",""coordinates"":[]}"
20160418,0.089418394,2016-04-18,"{""type"":""MultiPoint"",""coordinates"":[]}"
20160419,1.1471166276211149,2016-04-19,"{""type"":""MultiPoint"",""coordinates"":[]}"
20160420,0,2016-04-20,"{""type"":""MultiPoint"",""coordinates"":[]}"
20160421,0,2016-04-21,"{""type"":""MultiPoint"",""coordinates"":[]}"
20160422,0,2016-04-22,"{""type"":""MultiPoint"",""coordinates"":[]}"
20160423,0.090977776,2016-04-23,"{""type"":""MultiPoint"",""coordinates"":[]}"
20160424,0,2016-04-24,"{""type"":""MultiPoint"",""coordinates"":[]}"
20160425,0,2016-04-25,"{""type"":""MultiPoint"",""coordinates"":[]}"
20160426,0,2016-04-26,"{""type"":""MultiPoint"",""coordinates"":[]}"
20160427,0.029524881,2016-04-27,"{""type"":""MultiPoint"",""coordinates"":[]}"
20160428,0.3543631177171732,2016-04-28,"{""type"":""MultiPoint"",""coordinates"":[]}"
20160429,0.23581183398669972,2016-04-29,"{""type"":""MultiPoint"",""coordinates"":[]}"
20160430,0.068290306,2016-04-30,"{""type"":""MultiPoint"",""coordinates"":[]}"
20160501,0,2016-05-01,"{""type"":""MultiPoint"",""coordinates"":[]}"
20160502,0,2016-05-02,"{""type"":""MultiPoint"",""coordinates"":[]}"
20160503,0,2016-05-03,"{""type"":""MultiPoint"",""coordinates"":[]}"
20160504,0,2016-05-04,"{""type"":""MultiPoint"",""coordinates"":[]}"
20160505,0,2016-05-05,"{""type"":""MultiPoint"",""coordinates"":[]}"
20160506,0,2016-05-06,"{""type"":""MultiPoint"",""coordinates"":[]}"
20160507,0,2016-05-07,"{""type"":""MultiPoint"",""coordinates"":[]}"
20160508,0.37393488416794984,2016-05-08,"{""type"":""MultiPoint"",""coordinates"":[]}"
20160509,0.13328014449485626,2016-05-09,"{""type"":""MultiPoint"",""coordinates"":[]}"
20160510,0,2016-05-10,"{""type"":""MultiPoint"",""coordinates"":[]}"
20160511,1.1198886877337126,2016-05-11,"{""type"":""MultiPoint"",""coordinates"":[]}"
20160512,0,2016-05-12,"{""type"":""MultiPoint"",""coordinates"":[]}"
20160513,3.068470798338454,2016-05-13,"{""type"":""MultiPoint"",""coordinates"":[]}"
20160514,0,2016-05-14,"{""type"":""MultiPoint"",""coordinates"":[]}"
20160515,0.019828644,2016-05-15,"{""type"":""MultiPoint"",""coordinates"":[]}"
20160516,0.26354018396791906,2016-05-16,"{""type"":""MultiPoint"",""coordinates"":[]}"
20160517,0.1709210671321299,2016-05-17,"{""type"":""MultiPoint"",""coordinates"":[]}"
20160518,2.4473129662743163,2016-05-18,"{""type"":""MultiPoint"",""coordinates"":[]}"
20160519,1.6564960638196544,2016-05-19,"{""type"":""MultiPoint"",""coordinates"":[]}"
20160520,0.2574831728314069,2016-05-20,"{""type"":""MultiPoint"",""coordinates"":[]}"
20160521,0,2016-05-21,"{""type"":""MultiPoint"",""coordinates"":[]}"
20160522,0,2016-05-22,"{""type"":""MultiPoint"",""coordinates"":[]}"
20160523,0,2016-05-23,"{""type"":""MultiPoint"",""coordinates"":[]}"
20160524,0,2016-05-24,"{""type"":""MultiPoint"",""coordinates"":[]}"
20160525,0,2016-05-25,"{""type"":""MultiPoint"",""coordinates"":[]}"
20160526,0,2016-05-26,"{""type"":""MultiPoint"",""coordinates"":[]}"
20160527,0,2016-05-27,"{""type"":""MultiPoint"",""coordinates"":[]}"
20160528,0,2016-05-28,"{""type"":""MultiPoint"",""coordinates"":[]}"
20160529,0,2016-05-29,"{""type"":""MultiPoint"",""coordinates"":[]}"
20160530,0,2016-05-30,"{""type"":""MultiPoint"",""coordinates"":[]}"
20160531,0.025399188,2016-05-31,"{""type"":""MultiPoint"",""coordinates"":[]}"
20160601,0.15805159816229689,2016-06-01,"{""type"":""MultiPoint"",""coordinates"":[]}"
20160602,4.166164390110522,2016-06-02,"{""type"":""MultiPoint"",""coordinates"":[]}"
20160603,7.863872100096583,2016-06-03,"{""type"":""MultiPoint"",""coordinates"":[]}"
20160604,14.799561189989198,2016-06-04,"{""type"":""MultiPoint"",""coordinates"":[]}"
20160605,12.760484939637855,2016-06-05,"{""type"":""MultiPoint"",""coordinates"":[]}"
20160606,0.030779686403239696,2016-06-06,"{""type"":""MultiPoint"",""coordinates"":[]}"
20160607,0,2016-06-07,"{""type"":""MultiPoint"",""coordinates"":[]}"
20160608,1.5466918315061091,2016-06-08,"{""type"":""MultiPoint"",""coordinates"":[]}"
20160609,8.584469903595966,2016-06-09,"{""type"":""MultiPoint"",""coordinates"":[]}"
20160610,0.3168366699046145,2016-06-10,"{""type"":""MultiPoint"",""coordinates"":[]}"
20160611,0,2016-06-11,"{""type"":""MultiPoint"",""coordinates"":[]}"
20160612,1.3975593130888562,2016-06-12,"{""type"":""MultiPoint"",""coordinates"":[]}"
20160613,0,2016-06-13,"{""type"":""MultiPoint"",""coordinates"":[]}"
20160614,0,2016-06-14,"{""type"":""MultiPoint"",""coordinates"":[]}"
20160615,0,2016-06-15,"{""type"":""MultiPoint"",""coordinates"":[]}"
20160616,0,2016-06-16,"{""type"":""MultiPoint"",""coordinates"":[]}"
20160617,0.011714085626876569,2016-06-17,"{""type"":""MultiPoint"",""coordinates"":[]}"
20160618,2.2392403851126423,2016-06-18,"{""type"":""MultiPoint"",""coordinates"":[]}"
20160619,22.575007928775094,2016-06-19,"{""type"":""MultiPoint"",""coordinates"":[]}"
20160620,9.065624870070264,2016-06-20,"{""type"":""MultiPoint"",""coordinates"":[]}"
20160621,1.6246026154539366,2016-06-21,"{""type"":""MultiPoint"",""coordinates"":[]}"
20160622,4.511620888998781,2016-06-22,"{""type"":""MultiPoint"",""coordinates"":[]}"
20160623,6.103420019158132,2016-06-23,"{""type"":""MultiPoint"",""coordinates"":[]}"
20160624,10.392369803533672,2016-06-24,"{""type"":""MultiPoint"",""coordinates"":[]}"
20160625,9.460794034076146,2016-06-25,"{""type"":""MultiPoint"",""coordinates"":[]}"
20160626,0.037322474,2016-06-26,"{""type"":""MultiPoint"",""coordinates"":[]}"
20160627,0,2016-06-27,"{""type"":""MultiPoint"",""coordinates"":[]}"
20160628,7.376875929119228,2016-06-28,"{""type"":""MultiPoint"",""coordinates"":[]}"
20160629,3.892469720865801,2016-06-29,"{""type"":""MultiPoint"",""coordinates"":[]}"
20160630,0.6933299415095914,2016-06-30,"{""type"":""MultiPoint"",""coordinates"":[]}"
20160701,11.731457710690211,2016-07-01,"{""type"":""MultiPoint"",""coordinates"":[]}"
20160702,25.098284374874606,2016-07-02,"{""type"":""MultiPoint"",""coordinates"":[]}"
20160703,45.71037190546627,2016-07-03,"{""type"":""MultiPoint"",""coordinates"":[]}"
20160704,6.884985300171942,2016-07-04,"{""type"":""MultiPoint"",""coordinates"":[]}"
20160705,12.166638363672414,2016-07-05,"{""type"":""MultiPoint"",""coordinates"":[]}"
20160706,1.2951154094391621,2016-07-06,"{""type"":""MultiPoint"",""coordinates"":[]}"
20160707,0.3115696828820763,2016-07-07,"{""type"":""MultiPoint"",""coordinates"":[]}"
20160708,30.398128504401967,2016-07-08,"{""type"":""MultiPoint"",""coordinates"":[]}"
20160709,18.33688714119961,2016-07-09,"{""type"":""MultiPoint"",""coordinates"":[]}"
20160710,38.03709393,2016-07-10,"{""type"":""MultiPoint"",""coordinates"":[]}"
20160711,37.69505894611489,2016-07-11,"{""type"":""MultiPoint"",""coordinates"":[]}"
20160712,10.370540584407506,2016-07-12,"{""type"":""MultiPoint"",""coordinates"":[]}"
20160713,0,2016-07-13,"{""type"":""MultiPoint"",""coordinates"":[]}"
20160714,0,2016-07-14,"{""type"":""MultiPoint"",""coordinates"":[]}"
20160715,0,2016-07-15,"{""type"":""MultiPoint"",""coordinates"":[]}"
20160716,0,2016-07-16,"{""type"":""MultiPoint"",""coordinates"":[]}"
20160717,1.4625824835882288,2016-07-17,"{""type"":""MultiPoint"",""coordinates"":[]}"
20160718,25.757916886361862,2016-07-18,"{""type"":""MultiPoint"",""coordinates"":[]}"
20160719,2.6427767061156913,2016-07-19,"{""type"":""MultiPoint"",""coordinates"":[]}"
20160720,0.029681866454550072,2016-07-20,"{""type"":""MultiPoint"",""coordinates"":[]}"
20160721,14.224144760245423,2016-07-21,"{""type"":""MultiPoint"",""coordinates"":[]}"
20160722,13.778032844036936,2016-07-22,"{""type"":""MultiPoint"",""coordinates"":[]}"
20160723,0.5441672112839836,2016-07-23,"{""type"":""MultiPoint"",""coordinates"":[]}"
20160724,5.361495305403529,2016-07-24,"{""type"":""MultiPoint"",""coordinates"":[]}"
20160725,18.721968864333654,2016-07-25,"{""type"":""MultiPoint"",""coordinates"":[]}"
20160726,31.57793014891458,2016-07-26,"{""type"":""MultiPoint"",""coordinates"":[]}"
20160727,11.79883446563528,2016-07-27,"{""type"":""MultiPoint"",""coordinates"":[]}"
20160728,4.402655543393067,2016-07-28,"{""type"":""MultiPoint"",""coordinates"":[]}"
20160729,0.012058104,2016-07-29,"{""type"":""MultiPoint"",""coordinates"":[]}"
20160730,1.9845547105166712,2016-07-30,"{""type"":""MultiPoint"",""coordinates"":[]}"
20160731,1.6912702532627968,2016-07-31,"{""type"":""MultiPoint"",""coordinates"":[]}"
20160801,7.641491156765283,2016-08-01,"{""type"":""MultiPoint"",""coordinates"":[]}"
20160802,53.22720915,2016-08-02,"{""type"":""MultiPoint"",""coordinates"":[]}"
20160803,2.6242265234848774,2016-08-03,"{""type"":""MultiPoint"",""coordinates"":[]}"
20160804,0,2016-08-04,"{""type"":""MultiPoint"",""coordinates"":[]}"
20160805,2.0013714009438504,2016-08-05,"{""type"":""MultiPoint"",""coordinates"":[]}"
20160806,1.9902044000148027,2016-08-06,"{""type"":""MultiPoint"",""coordinates"":[]}"
20160807,0,2016-08-07,"{""type"":""MultiPoint"",""coordinates"":[]}"
20160808,0,2016-08-08,"{""type"":""MultiPoint"",""coordinates"":[]}"
20160809,0,2016-08-09,"{""type"":""MultiPoint"",""coordinates"":[]}"
20160810,0,2016-08-10,"{""type"":""MultiPoint"",""coordinates"":[]}"
20160811,0,2016-08-11,"{""type"":""MultiPoint"",""coordinates"":[]}"
20160812,1.0214729998210224,2016-08-12,"{""type"":""MultiPoint"",""coordinates"":[]}"
20160813,0,2016-08-13,"{""type"":""MultiPoint"",""coordinates"":[]}"
20160814,0,2016-08-14,"{""type"":""MultiPoint"",""coordinates"":[]}"
20160815,0.1293757414372065,2016-08-15,"{""type"":""MultiPoint"",""coordinates"":[]}"
20160816,0,2016-08-16,"{""type"":""MultiPoint"",""coordinates"":[]}"
20160817,0,2016-08-17,"{""type"":""MultiPoint"",""coordinates"":[]}"
20160818,0,2016-08-18,"{""type"":""MultiPoint"",""coordinates"":[]}"
20160819,0.5292885818081401,2016-08-19,"{""type"":""MultiPoint"",""coordinates"":[]}"
20160820,0,2016-08-20,"{""type"":""MultiPoint"",""coordinates"":[]}"
20160821,0,2016-08-21,"{""type"":""MultiPoint"",""coordinates"":[]}"
20160822,1.6776200201138511,2016-08-22,"{""type"":""MultiPoint"",""coordinates"":[]}"
20160823,0,2016-08-23,"{""type"":""MultiPoint"",""coordinates"":[]}"
20160824,0.1859519124593895,2016-08-24,"{""type"":""MultiPoint"",""coordinates"":[]}"
20160825,0,2016-08-25,"{""type"":""MultiPoint"",""coordinates"":[]}"
20160826,0.046425437,2016-08-26,"{""type"":""MultiPoint"",""coordinates"":[]}"
20160827,0,2016-08-27,"{""type"":""MultiPoint"",""coordinates"":[]}"
20160828,1.2690406473613898,2016-08-28,"{""type"":""MultiPoint"",""coordinates"":[]}"
20160829,7.750204753029778,2016-08-29,"{""type"":""MultiPoint"",""coordinates"":[]}"
20160830,6.551555331545366,2016-08-30,"{""type"":""MultiPoint"",""coordinates"":[]}"
20160831,9.762085153476125,2016-08-31,"{""type"":""MultiPoint"",""coordinates"":[]}"
20160901,0.86476581,2016-09-01,"{""type"":""MultiPoint"",""coordinates"":[]}"
20160902,0,2016-09-02,"{""type"":""MultiPoint"",""coordinates"":[]}"
20160903,0,2016-09-03,"{""type"":""MultiPoint"",""coordinates"":[]}"
20160904,0.2037058307853172,2016-09-04,"{""type"":""MultiPoint"",""coordinates"":[]}"
20160905,0,2016-09-05,"{""type"":""MultiPoint"",""coordinates"":[]}"
20160906,0,2016-09-06,"{""type"":""MultiPoint"",""coordinates"":[]}"
20160907,0,2016-09-07,"{""type"":""MultiPoint"",""coordinates"":[]}"
20160908,0,2016-09-08,"{""type"":""MultiPoint"",""coordinates"":[]}"
20160909,0,2016-09-09,"{""type"":""MultiPoint"",""coordinates"":[]}"
20160910,0.013901484860804995,2016-09-10,"{""type"":""MultiPoint"",""coordinates"":[]}"
20160911,0.25805982778500375,2016-09-11,"{""type"":""MultiPoint"",""coordinates"":[]}"
20160912,0.5226891816245555,2016-09-12,"{""type"":""MultiPoint"",""coordinates"":[]}"
20160913,2.8936392046629953,2016-09-13,"{""type"":""MultiPoint"",""coordinates"":[]}"
20160914,28.939577313388902,2016-09-14,"{""type"":""MultiPoint"",""coordinates"":[]}"
20160915,40.11586170094396,2016-09-15,"{""type"":""MultiPoint"",""coordinates"":[]}"
20160916,51.52282624669725,2016-09-16,"{""type"":""MultiPoint"",""coordinates"":[]}"
20160917,35.19329552621651,2016-09-17,"{""type"":""MultiPoint"",""coordinates"":[]}"
20160918,4.060629840868341,2016-09-18,"{""type"":""MultiPoint"",""coordinates"":[]}"
20160919,0,2016-09-19,"{""type"":""MultiPoint"",""coordinates"":[]}"
20160920,6.359599031206231,2016-09-20,"{""type"":""MultiPoint"",""coordinates"":[]}"
20160921,15.404958408714261,2016-09-21,"{""type"":""MultiPoint"",""coordinates"":[]}"
20160922,27.64629444471812,2016-09-22,"{""type"":""MultiPoint"",""coordinates"":[]}"
20160923,32.75540488377617,2016-09-23,"{""type"":""MultiPoint"",""coordinates"":[]}"
20160924,17.726900146181496,2016-09-24,"{""type"":""MultiPoint"",""coordinates"":[]}"
20160925,3.173032050160023,2016-09-25,"{""type"":""MultiPoint"",""coordinates"":[]}"
20160926,8.005736649025668,2016-09-26,"{""type"":""MultiPoint"",""coordinates"":[]}"
20160927,0.806026582,2016-09-27,"{""type"":""MultiPoint"",""coordinates"":[]}"
20160928,0.044234845,2016-09-28,"{""type"":""MultiPoint"",""coordinates"":[]}"
20160929,0,2016-09-29,"{""type"":""MultiPoint"",""coordinates"":[]}"
20160930,0,2016-09-30,"{""type"":""MultiPoint"",""coordinates"":[]}"
20161001,23.121389220310576,2016-10-01,"{""type"":""MultiPoint"",""coordinates"":[]}"
20161002,27.892827004436345,2016-10-02,"{""type"":""MultiPoint"",""coordinates"":[]}"
20161003,7.960444532590981,2016-10-03,"{""type"":""MultiPoint"",""coordinates"":[]}"
20161004,0,2016-10-04,"{""type"":""MultiPoint"",""coordinates"":[]}"
20161005,0,2016-10-05,"{""type"":""MultiPoint"",""coordinates"":[]}"
20161006,0,2016-10-06,"{""type"":""MultiPoint"",""coordinates"":[]}"
20161007,0,2016-10-07,"{""type"":""MultiPoint"",""coordinates"":[]}"
20161008,2.0435920178172533,2016-10-08,"{""type"":""MultiPoint"",""coordinates"":[]}"
20161009,1.6828087051998615,2016-10-09,"{""type"":""MultiPoint"",""coordinates"":[]}"
20161010,0.035144331,2016-10-10,"{""type"":""MultiPoint"",""coordinates"":[]}"
20161011,0,2016-10-11,"{""type"":""MultiPoint"",""coordinates"":[]}"
20161012,0,2016-10-12,"{""type"":""MultiPoint"",""coordinates"":[]}"
20161013,0,2016-10-13,"{""type"":""MultiPoint"",""coordinates"":[]}"
20161014,0,2016-10-14,"{""type"":""MultiPoint"",""coordinates"":[]}"
20161015,0,2016-10-15,"{""type"":""MultiPoint"",""coordinates"":[]}"
20161016,0.1287604332776033,2016-10-16,"{""type"":""MultiPoint"",""coordinates"":[]}"
20161017,0,2016-10-17,"{""type"":""MultiPoint"",""coordinates"":[]}"
20161018,0,2016-10-18,"{""type"":""MultiPoint"",""coordinates"":[]}"
20161019,0.22779905124101565,2016-10-19,"{""type"":""MultiPoint"",""coordinates"":[]}"
20161020,0,2016-10-20,"{""type"":""MultiPoint"",""coordinates"":[]}"
20161021,0.6727306330273398,2016-10-21,"{""type"":""MultiPoint"",""coordinates"":[]}"
20161022,0,2016-10-22,"{""type"":""MultiPoint"",""coordinates"":[]}"
20161023,0.001533244,2016-10-23,"{""type"":""MultiPoint"",""coordinates"":[]}"
20161024,0,2016-10-24,"{""type"":""MultiPoint"",""coordinates"":[]}"
20161025,0,2016-10-25,"{""type"":""MultiPoint"",""coordinates"":[]}"
20161026,0,2016-10-26,"{""type"":""MultiPoint"",""coordinates"":[]}"
20161027,0,2016-10-27,"{""type"":""MultiPoint"",""coordinates"":[]}"
20161028,0,2016-10-28,"{""type"":""MultiPoint"",""coordinates"":[]}"
20161029,0,2016-10-29,"{""type"":""MultiPoint"",""coordinates"":[]}"
20161030,0.11938897302684429,2016-10-30,"{""type"":""MultiPoint"",""coordinates"":[]}"
20161031,0.7321618302868552,2016-10-31,"{""type"":""MultiPoint"",""coordinates"":[]}"
20161101,0.001943895,2016-11-01,"{""type"":""MultiPoint"",""coordinates"":[]}"
20161102,0.013962217,2016-11-02,"{""type"":""MultiPoint"",""coordinates"":[]}"
20161103,0,2016-11-03,"{""type"":""MultiPoint"",""coordinates"":[]}"
20161104,0,2016-11-04,"{""type"":""MultiPoint"",""coordinates"":[]}"
20161105,0,2016-11-05,"{""type"":""MultiPoint"",""coordinates"":[]}"
20161106,0,2016-11-06,"{""type"":""MultiPoint"",""coordinates"":[]}"
20161107,0,2016-11-07,"{""type"":""MultiPoint"",""coordinates"":[]}"
20161108,0,2016-11-08,"{""type"":""MultiPoint"",""coordinates"":[]}"
20161109,0.054726607,2016-11-09,"{""type"":""MultiPoint"",""coordinates"":[]}"
20161110,0.25392769869878823,2016-11-10,"{""type"":""MultiPoint"",""coordinates"":[]}"
20161111,0,2016-11-11,"{""type"":""MultiPoint"",""coordinates"":[]}"
20161112,0,2016-11-12,"{""type"":""MultiPoint"",""coordinates"":[]}"
20161113,0,2016-11-13,"{""type"":""MultiPoint"",""coordinates"":[]}"
20161114,0,2016-11-14,"{""type"":""MultiPoint"",""coordinates"":[]}"
20161115,3.7265359467054455E-4,2016-11-15,"{""type"":""MultiPoint"",""coordinates"":[]}"
20161116,0.9650358278394802,2016-11-16,"{""type"":""MultiPoint"",""coordinates"":[]}"
20161117,0,2016-11-17,"{""type"":""MultiPoint"",""coordinates"":[]}"
20161118,7.152782618119913,2016-11-18,"{""type"":""MultiPoint"",""coordinates"":[]}"
20161119,0,2016-11-19,"{""type"":""MultiPoint"",""coordinates"":[]}"
20161120,0.24715822100058404,2016-11-20,"{""type"":""MultiPoint"",""coordinates"":[]}"
20161121,0.009098652,2016-11-21,"{""type"":""MultiPoint"",""coordinates"":[]}"
20161122,0,2016-11-22,"{""type"":""MultiPoint"",""coordinates"":[]}"
20161123,0,2016-11-23,"{""type"":""MultiPoint"",""coordinates"":[]}"
20161124,0,2016-11-24,"{""type"":""MultiPoint"",""coordinates"":[]}"
20161125,0,2016-11-25,"{""type"":""MultiPoint"",""coordinates"":[]}"
20161126,0,2016-11-26,"{""type"":""MultiPoint"",""coordinates"":[]}"
20161127,0,2016-11-27,"{""type"":""MultiPoint"",""coordinates"":[]}"
20161128,0.3738986306065808,2016-11-28,"{""type"":""MultiPoint"",""coordinates"":[]}"
20161129,0,2016-11-29,"{""type"":""MultiPoint"",""coordinates"":[]}"
20161130,0,2016-11-30,"{""type"":""MultiPoint"",""coordinates"":[]}"
20161201,0.010152158474031133,2016-12-01,"{""type"":""MultiPoint"",""coordinates"":[]}"
20161202,0,2016-12-02,"{""type"":""MultiPoint"",""coordinates"":[]}"
20161203,0.008848928,2016-12-03,"{""type"":""MultiPoint"",""coordinates"":[]}"
20161204,0.6399640797987234,2016-12-04,"{""type"":""MultiPoint"",""coordinates"":[]}"
20161205,0,2016-12-05,"{""type"":""MultiPoint"",""coordinates"":[]}"
20161206,0,2016-12-06,"{""type"":""MultiPoint"",""coordinates"":[]}"
20161207,0,2016-12-07,"{""type"":""MultiPoint"",""coordinates"":[]}"
20161208,0,2016-12-08,"{""type"":""MultiPoint"",""coordinates"":[]}"
20161209,0.2483318190391814,2016-12-09,"{""type"":""MultiPoint"",""coordinates"":[]}"
20161210,0.056805181,2016-12-10,"{""type"":""MultiPoint"",""coordinates"":[]}"
20161211,0,2016-12-11,"{""type"":""MultiPoint"",""coordinates"":[]}"
20161212,0,2016-12-12,"{""type"":""MultiPoint"",""coordinates"":[]}"
20161213,0,2016-12-13,"{""type"":""MultiPoint"",""coordinates"":[]}"
20161214,0.1321703854453049,2016-12-14,"{""type"":""MultiPoint"",""coordinates"":[]}"
20161215,0,2016-12-15,"{""type"":""MultiPoint"",""coordinates"":[]}"
20161216,0.004801273,2016-12-16,"{""type"":""MultiPoint"",""coordinates"":[]}"
20161217,0.005944653,2016-12-17,"{""type"":""MultiPoint"",""coordinates"":[]}"
20161218,0,2016-12-18,"{""type"":""MultiPoint"",""coordinates"":[]}"
20161219,6.45290704131449E-5,2016-12-19,"{""type"":""MultiPoint"",""coordinates"":[]}"
20161220,0,2016-12-20,"{""type"":""MultiPoint"",""coordinates"":[]}"
20161221,0,2016-12-21,"{""type"":""MultiPoint"",""coordinates"":[]}"
20161222,0,2016-12-22,"{""type"":""MultiPoint"",""coordinates"":[]}"
20161223,0,2016-12-23,"{""type"":""MultiPoint"",""coordinates"":[]}"
20161224,0,2016-12-24,"{""type"":""MultiPoint"",""coordinates"":[]}"
20161225,0.024913083,2016-12-25,"{""type"":""MultiPoint"",""coordinates"":[]}"
20161226,0,2016-12-26,"{""type"":""MultiPoint"",""coordinates"":[]}"
20161227,0,2016-12-27,"{""type"":""MultiPoint"",""coordinates"":[]}"
20161228,0,2016-12-28,"{""type"":""MultiPoint"",""coordinates"":[]}"
20161229,0,2016-12-29,"{""type"":""MultiPoint"",""coordinates"":[]}"
20161230,0,2016-12-30,"{""type"":""MultiPoint"",""coordinates"":[]}"
20161231,0,2016-12-31,"{""type"":""MultiPoint"",""coordinates"":[]}"
20170101,0,2017-01-01,"{""type"":""MultiPoint"",""coordinates"":[]}"
20170102,0,2017-01-02,"{""type"":""MultiPoint"",""coordinates"":[]}"
20170103,0,2017-01-03,"{""type"":""MultiPoint"",""coordinates"":[]}"
20170104,0,2017-01-04,"{""type"":""MultiPoint"",""coordinates"":[]}"
20170105,0,2017-01-05,"{""type"":""MultiPoint"",""coordinates"":[]}"
20170106,0,2017-01-06,"{""type"":""MultiPoint"",""coordinates"":[]}"
20170107,0,2017-01-07,"{""type"":""MultiPoint"",""coordinates"":[]}"
20170108,0,2017-01-08,"{""type"":""MultiPoint"",""coordinates"":[]}"
20170109,4.3672384369750533E-4,2017-01-09,"{""type"":""MultiPoint"",""coordinates"":[]}"
20170110,0,2017-01-10,"{""type"":""MultiPoint"",""coordinates"":[]}"
20170111,0,2017-01-11,"{""type"":""MultiPoint"",""coordinates"":[]}"
20170112,0,2017-01-12,"{""type"":""MultiPoint"",""coordinates"":[]}"
20170113,0,2017-01-13,"{""type"":""MultiPoint"",""coordinates"":[]}"
20170114,0,2017-01-14,"{""type"":""MultiPoint"",""coordinates"":[]}"
20170115,0,2017-01-15,"{""type"":""MultiPoint"",""coordinates"":[]}"
20170116,0,2017-01-16,"{""type"":""MultiPoint"",""coordinates"":[]}"
20170117,0,2017-01-17,"{""type"":""MultiPoint"",""coordinates"":[]}"
20170118,0,2017-01-18,"{""type"":""MultiPoint"",""coordinates"":[]}"
20170119,0,2017-01-19,"{""type"":""MultiPoint"",""coordinates"":[]}"
20170120,4.672172568739445E-4,2017-01-20,"{""type"":""MultiPoint"",""coordinates"":[]}"
20170121,0,2017-01-21,"{""type"":""MultiPoint"",""coordinates"":[]}"
20170122,0,2017-01-22,"{""type"":""MultiPoint"",""coordinates"":[]}"
20170123,0,2017-01-23,"{""type"":""MultiPoint"",""coordinates"":[]}"
20170124,0,2017-01-24,"{""type"":""MultiPoint"",""coordinates"":[]}"
20170125,0,2017-01-25,"{""type"":""MultiPoint"",""coordinates"":[]}"
20170126,4.5026091870717437E-4,2017-01-26,"{""type"":""MultiPoint"",""coordinates"":[]}"
20170127,0,2017-01-27,"{""type"":""MultiPoint"",""coordinates"":[]}"
20170128,0,2017-01-28,"{""type"":""MultiPoint"",""coordinates"":[]}"
20170129,0,2017-01-29,"{""type"":""MultiPoint"",""coordinates"":[]}"
20170130,0,2017-01-30,"{""type"":""MultiPoint"",""coordinates"":[]}"
20170131,0,2017-01-31,"{""type"":""MultiPoint"",""coordinates"":[]}"
20170201,0,2017-02-01,"{""type"":""MultiPoint"",""coordinates"":[]}"
20170202,0,2017-02-02,"{""type"":""MultiPoint"",""coordinates"":[]}"
20170203,0,2017-02-03,"{""type"":""MultiPoint"",""coordinates"":[]}"
20170204,0,2017-02-04,"{""type"":""MultiPoint"",""coordinates"":[]}"
20170205,0,2017-02-05,"{""type"":""MultiPoint"",""coordinates"":[]}"
20170206,0.00131348,2017-02-06,"{""type"":""MultiPoint"",""coordinates"":[]}"
20170207,0,2017-02-07,"{""type"":""MultiPoint"",""coordinates"":[]}"
20170208,0,2017-02-08,"{""type"":""MultiPoint"",""coordinates"":[]}"
20170209,0,2017-02-09,"{""type"":""MultiPoint"",""coordinates"":[]}"
20170210,0.019001081255136436,2017-02-10,"{""type"":""MultiPoint"",""coordinates"":[]}"
20170211,0.026363591744555746,2017-02-11,"{""type"":""MultiPoint"",""coordinates"":[]}"
20170212,0,2017-02-12,"{""type"":""MultiPoint"",""coordinates"":[]}"
20170213,0.001380029,2017-02-13,"{""type"":""MultiPoint"",""coordinates"":[]}"
20170214,0,2017-02-14,"{""type"":""MultiPoint"",""coordinates"":[]}"
20170215,0,2017-02-15,"{""type"":""MultiPoint"",""coordinates"":[]}"
20170216,0,2017-02-16,"{""type"":""MultiPoint"",""coordinates"":[]}"
20170217,0,2017-02-17,"{""type"":""MultiPoint"",""coordinates"":[]}"
20170218,0,2017-02-18,"{""type"":""MultiPoint"",""coordinates"":[]}"
20170219,0,2017-02-19,"{""type"":""MultiPoint"",""coordinates"":[]}"
20170220,0,2017-02-20,"{""type"":""MultiPoint"",""coordinates"":[]}"
20170221,0,2017-02-21,"{""type"":""MultiPoint"",""coordinates"":[]}"
20170222,0.003033163,2017-02-22,"{""type"":""MultiPoint"",""coordinates"":[]}"
20170223,0,2017-02-23,"{""type"":""MultiPoint"",""coordinates"":[]}"
20170224,0,2017-02-24,"{""type"":""MultiPoint"",""coordinates"":[]}"
20170225,0,2017-02-25,"{""type"":""MultiPoint"",""coordinates"":[]}"
20170226,0,2017-02-26,"{""type"":""MultiPoint"",""coordinates"":[]}"
20170227,0,2017-02-27,"{""type"":""MultiPoint"",""coordinates"":[]}"
20170228,0,2017-02-28,"{""type"":""MultiPoint"",""coordinates"":[]}"
20170301,0,2017-03-01,"{""type"":""MultiPoint"",""coordinates"":[]}"
20170302,0,2017-03-02,"{""type"":""MultiPoint"",""coordinates"":[]}"
20170303,0,2017-03-03,"{""type"":""MultiPoint"",""coordinates"":[]}"
20170304,0,2017-03-04,"{""type"":""MultiPoint"",""coordinates"":[]}"
20170305,0,2017-03-05,"{""type"":""MultiPoint"",""coordinates"":[]}"
20170306,0,2017-03-06,"{""type"":""MultiPoint"",""coordinates"":[]}"
20170307,0,2017-03-07,"{""type"":""MultiPoint"",""coordinates"":[]}"
20170308,0,2017-03-08,"{""type"":""MultiPoint"",""coordinates"":[]}"
20170309,0,2017-03-09,"{""type"":""MultiPoint"",""coordinates"":[]}"
20170310,0,2017-03-10,"{""type"":""MultiPoint"",""coordinates"":[]}"
20170311,0,2017-03-11,"{""type"":""MultiPoint"",""coordinates"":[]}"
20170312,0,2017-03-12,"{""type"":""MultiPoint"",""coordinates"":[]}"
20170313,0,2017-03-13,"{""type"":""MultiPoint"",""coordinates"":[]}"
20170314,0,2017-03-14,"{""type"":""MultiPoint"",""coordinates"":[]}"
20170315,0,2017-03-15,"{""type"":""MultiPoint"",""coordinates"":[]}"
20170316,0,2017-03-16,"{""type"":""MultiPoint"",""coordinates"":[]}"
20170317,0,2017-03-17,"{""type"":""MultiPoint"",""coordinates"":[]}"
20170318,0,2017-03-18,"{""type"":""MultiPoint"",""coordinates"":[]}"
20170319,0,2017-03-19,"{""type"":""MultiPoint"",""coordinates"":[]}"
20170320,0,2017-03-20,"{""type"":""MultiPoint"",""coordinates"":[]}"
20170321,0,2017-03-21,"{""type"":""MultiPoint"",""coordinates"":[]}"
20170322,0,2017-03-22,"{""type"":""MultiPoint"",""coordinates"":[]}"
20170323,0,2017-03-23,"{""type"":""MultiPoint"",""coordinates"":[]}"
20170324,0,2017-03-24,"{""type"":""MultiPoint"",""coordinates"":[]}"
20170325,0,2017-03-25,"{""type"":""MultiPoint"",""coordinates"":[]}"
20170326,0,2017-03-26,"{""type"":""MultiPoint"",""coordinates"":[]}"
20170327,0,2017-03-27,"{""type"":""MultiPoint"",""coordinates"":[]}"
20170328,0,2017-03-28,"{""type"":""MultiPoint"",""coordinates"":[]}"
20170329,0,2017-03-29,"{""type"":""MultiPoint"",""coordinates"":[]}"
20170330,0,2017-03-30,"{""type"":""MultiPoint"",""coordinates"":[]}"
20170331,0.15281535287391057,2017-03-31,"{""type"":""MultiPoint"",""coordinates"":[]}"
20170401,0.005128764,2017-04-01,"{""type"":""MultiPoint"",""coordinates"":[]}"
20170402,0,2017-04-02,"{""type"":""MultiPoint"",""coordinates"":[]}"
20170403,0.035897131209311144,2017-04-03,"{""type"":""MultiPoint"",""coordinates"":[]}"
20170404,0,2017-04-04,"{""type"":""MultiPoint"",""coordinates"":[]}"
20170405,0,2017-04-05,"{""type"":""MultiPoint"",""coordinates"":[]}"
20170406,0,2017-04-06,"{""type"":""MultiPoint"",""coordinates"":[]}"
20170407,0.006525102,2017-04-07,"{""type"":""MultiPoint"",""coordinates"":[]}"
20170408,0,2017-04-08,"{""type"":""MultiPoint"",""coordinates"":[]}"
20170409,0,2017-04-09,"{""type"":""MultiPoint"",""coordinates"":[]}"
20170410,3.80603182010451E-4,2017-04-10,"{""type"":""MultiPoint"",""coordinates"":[]}"
20170411,0.26534894674298154,2017-04-11,"{""type"":""MultiPoint"",""coordinates"":[]}"
20170412,0.003646561,2017-04-12,"{""type"":""MultiPoint"",""coordinates"":[]}"
20170413,0,2017-04-13,"{""type"":""MultiPoint"",""coordinates"":[]}"
20170414,0,2017-04-14,"{""type"":""MultiPoint"",""coordinates"":[]}"
20170415,0,2017-04-15,"{""type"":""MultiPoint"",""coordinates"":[]}"
20170416,0.20683970194351672,2017-04-16,"{""type"":""MultiPoint"",""coordinates"":[]}"
20170417,0.26877766639453615,2017-04-17,"{""type"":""MultiPoint"",""coordinates"":[]}"
20170418,0,2017-04-18,"{""type"":""MultiPoint"",""coordinates"":[]}"
20170419,0.035934417849966815,2017-04-19,"{""type"":""MultiPoint"",""coordinates"":[]}"
20170420,0.045546281,2017-04-20,"{""type"":""MultiPoint"",""coordinates"":[]}"
20170421,0.10178781910643245,2017-04-21,"{""type"":""MultiPoint"",""coordinates"":[]}"
20170422,0,2017-04-22,"{""type"":""MultiPoint"",""coordinates"":[]}"
20170423,0.036692107,2017-04-23,"{""type"":""MultiPoint"",""coordinates"":[]}"
20170424,0,2017-04-24,"{""type"":""MultiPoint"",""coordinates"":[]}"
20170425,0,2017-04-25,"{""type"":""MultiPoint"",""coordinates"":[]}"
20170426,0,2017-04-26,"{""type"":""MultiPoint"",""coordinates"":[]}"
20170427,0,2017-04-27,"{""type"":""MultiPoint"",""coordinates"":[]}"
20170428,0.5506748992268289,2017-04-28,"{""type"":""MultiPoint"",""coordinates"":[]}"
20170429,0.010037048256784437,2017-04-29,"{""type"":""MultiPoint"",""coordinates"":[]}"
20170430,0.18716096445497352,2017-04-30,"{""type"":""MultiPoint"",""coordinates"":[]}"
20170501,0,2017-05-01,"{""type"":""MultiPoint"",""coordinates"":[]}"
20170502,0,2017-05-02,"{""type"":""MultiPoint"",""coordinates"":[]}"
20170503,0,2017-05-03,"{""type"":""MultiPoint"",""coordinates"":[]}"
20170504,0.8590378230419226,2017-05-04,"{""type"":""MultiPoint"",""coordinates"":[]}"
20170505,1.3208967720326072,2017-05-05,"{""type"":""MultiPoint"",""coordinates"":[]}"
20170506,0.014497414039225987,2017-05-06,"{""type"":""MultiPoint"",""coordinates"":[]}"
20170507,1.398395319964069,2017-05-07,"{""type"":""MultiPoint"",""coordinates"":[]}"
20170508,0.10785751047688674,2017-05-08,"{""type"":""MultiPoint"",""coordinates"":[]}"
20170509,0,2017-05-09,"{""type"":""MultiPoint"",""coordinates"":[]}"
20170510,0,2017-05-10,"{""type"":""MultiPoint"",""coordinates"":[]}"
20170511,0,2017-05-11,"{""type"":""MultiPoint"",""coordinates"":[]}"
20170512,4.043769677525326,2017-05-12,"{""type"":""MultiPoint"",""coordinates"":[]}"
20170513,3.71281851,2017-05-13,"{""type"":""MultiPoint"",""coordinates"":[]}"
20170514,0,2017-05-14,"{""type"":""MultiPoint"",""coordinates"":[]}"
20170515,0,2017-05-15,"{""type"":""MultiPoint"",""coordinates"":[]}"
20170516,0,2017-05-16,"{""type"":""MultiPoint"",""coordinates"":[]}"
20170517,0,2017-05-17,"{""type"":""MultiPoint"",""coordinates"":[]}"
20170518,0,2017-05-18,"{""type"":""MultiPoint"",""coordinates"":[]}"
20170519,0,2017-05-19,"{""type"":""MultiPoint"",""coordinates"":[]}"
20170520,0,2017-05-20,"{""type"":""MultiPoint"",""coordinates"":[]}"
20170521,0,2017-05-21,"{""type"":""MultiPoint"",""coordinates"":[]}"
20170522,0,2017-05-22,"{""type"":""MultiPoint"",""coordinates"":[]}"
20170523,0.14218598352893677,2017-05-23,"{""type"":""MultiPoint"",""coordinates"":[]}"
20170524,0,2017-05-24,"{""type"":""MultiPoint"",""coordinates"":[]}"
20170525,0.6356131142618268,2017-05-25,"{""type"":""MultiPoint"",""coordinates"":[]}"
20170526,0,2017-05-26,"{""type"":""MultiPoint"",""coordinates"":[]}"
20170527,0,2017-05-27,"{""type"":""MultiPoint"",""coordinates"":[]}"
20170528,0,2017-05-28,"{""type"":""MultiPoint"",""coordinates"":[]}"
20170529,0,2017-05-29,"{""type"":""MultiPoint"",""coordinates"":[]}"
20170530,0,2017-05-30,"{""type"":""MultiPoint"",""coordinates"":[]}"
20170531,0,2017-05-31,"{""type"":""MultiPoint"",""coordinates"":[]}"
20170601,13.01239863723889,2017-06-01,"{""type"":""MultiPoint"",""coordinates"":[]}"
20170602,2.2451654988991554,2017-06-02,"{""type"":""MultiPoint"",""coordinates"":[]}"
20170603,15.651659182507467,2017-06-03,"{""type"":""MultiPoint"",""coordinates"":[]}"
20170604,1.4398407836255367,2017-06-04,"{""type"":""MultiPoint"",""coordinates"":[]}"
20170605,4.727920896,2017-06-05,"{""type"":""MultiPoint"",""coordinates"":[]}"
20170606,2.143263605447671,2017-06-06,"{""type"":""MultiPoint"",""coordinates"":[]}"
20170607,3.216154045935204,2017-06-07,"{""type"":""MultiPoint"",""coordinates"":[]}"
20170608,0.3220924827911425,2017-06-08,"{""type"":""MultiPoint"",""coordinates"":[]}"
20170609,14.19194641260539,2017-06-09,"{""type"":""MultiPoint"",""coordinates"":[]}"
20170610,8.656608970577386,2017-06-10,"{""type"":""MultiPoint"",""coordinates"":[]}"
20170611,12.574240920323053,2017-06-11,"{""type"":""MultiPoint"",""coordinates"":[]}"
20170612,30.32580529,2017-06-12,"{""type"":""MultiPoint"",""coordinates"":[]}"
20170613,3.8421755370106574,2017-06-13,"{""type"":""MultiPoint"",""coordinates"":[]}"
20170614,12.543110319689411,2017-06-14,"{""type"":""MultiPoint"",""coordinates"":[]}"
20170615,18.71860169604452,2017-06-15,"{""type"":""MultiPoint"",""coordinates"":[]}"
20170616,12.361833468523434,2017-06-16,"{""type"":""MultiPoint"",""coordinates"":[]}"
20170617,7.546670097419381,2017-06-17,"{""type"":""MultiPoint"",""coordinates"":[]}"
20170618,3.9064862880430056,2017-06-18,"{""type"":""MultiPoint"",""coordinates"":[]}"
20170619,7.681750653806728E-4,2017-06-19,"{""type"":""MultiPoint"",""coordinates"":[]}"
20170620,0,2017-06-20,"{""type"":""MultiPoint"",""coordinates"":[]}"
20170621,0.051954138759062254,2017-06-21,"{""type"":""MultiPoint"",""coordinates"":[]}"
20170622,0,2017-06-22,"{""type"":""MultiPoint"",""coordinates"":[]}"
20170623,0,2017-06-23,"{""type"":""MultiPoint"",""coordinates"":[]}"
20170624,5.3905337152969945,2017-06-24,"{""type"":""MultiPoint"",""coordinates"":[]}"
20170625,16.379405586257462,2017-06-25,"{""type"":""MultiPoint"",""coordinates"":[]}"
20170626,0.1738351964094334,2017-06-26,"{""type"":""MultiPoint"",""coordinates"":[]}"
20170627,0.6416128923162011,2017-06-27,"{""type"":""MultiPoint"",""coordinates"":[]}"
20170628,2.4832094977935846,2017-06-28,"{""type"":""MultiPoint"",""coordinates"":[]}"
20170629,4.180896074662275,2017-06-29,"{""type"":""MultiPoint"",""coordinates"":[]}"
20170630,4.946232923176638,2017-06-30,"{""type"":""MultiPoint"",""coordinates"":[]}"
20170701,4.746834584523455,2017-07-01,"{""type"":""MultiPoint"",""coordinates"":[]}"
20170702,0.18589803974044689,2017-07-02,"{""type"":""MultiPoint"",""coordinates"":[]}"
20170703,0,2017-07-03,"{""type"":""MultiPoint"",""coordinates"":[]}"
20170704,0,2017-07-04,"{""type"":""MultiPoint"",""coordinates"":[]}"
20170705,0,2017-07-05,"{""type"":""MultiPoint"",""coordinates"":[]}"
20170706,0,2017-07-06,"{""type"":""MultiPoint"",""coordinates"":[]}"
20170707,0,2017-07-07,"{""type"":""MultiPoint"",""coordinates"":[]}"
20170708,0,2017-07-08,"{""type"":""MultiPoint"",""coordinates"":[]}"
20170709,0.001181203,2017-07-09,"{""type"":""MultiPoint"",""coordinates"":[]}"
20170710,0.9208315974051644,2017-07-10,"{""type"":""MultiPoint"",""coordinates"":[]}"
20170711,0.021580485,2017-07-11,"{""type"":""MultiPoint"",""coordinates"":[]}"
20170712,9.283104755,2017-07-12,"{""type"":""MultiPoint"",""coordinates"":[]}"
20170713,26.218266844499308,2017-07-13,"{""type"":""MultiPoint"",""coordinates"":[]}"
20170714,7.251135243734945,2017-07-14,"{""type"":""MultiPoint"",""coordinates"":[]}"
20170715,0.060047114,2017-07-15,"{""type"":""MultiPoint"",""coordinates"":[]}"
20170716,0.8643655372417174,2017-07-16,"{""type"":""MultiPoint"",""coordinates"":[]}"
20170717,0.4744020956648782,2017-07-17,"{""type"":""MultiPoint"",""coordinates"":[]}"
20170718,9.712817667604787,2017-07-18,"{""type"":""MultiPoint"",""coordinates"":[]}"
20170719,24.928108318662023,2017-07-19,"{""type"":""MultiPoint"",""coordinates"":[]}"
20170720,18.08981141696792,2017-07-20,"{""type"":""MultiPoint"",""coordinates"":[]}"
20170721,13.134852380158874,2017-07-21,"{""type"":""MultiPoint"",""coordinates"":[]}"
20170722,7.3212424797787525,2017-07-22,"{""type"":""MultiPoint"",""coordinates"":[]}"
20170723,0,2017-07-23,"{""type"":""MultiPoint"",""coordinates"":[]}"
20170724,0,2017-07-24,"{""type"":""MultiPoint"",""coordinates"":[]}"
20170725,0,2017-07-25,"{""type"":""MultiPoint"",""coordinates"":[]}"
20170726,0,2017-07-26,"{""type"":""MultiPoint"",""coordinates"":[]}"
20170727,0.006099259,2017-07-27,"{""type"":""MultiPoint"",""coordinates"":[]}"
20170728,18.18315216396288,2017-07-28,"{""type"":""MultiPoint"",""coordinates"":[]}"
20170729,0.012155278,2017-07-29,"{""type"":""MultiPoint"",""coordinates"":[]}"
20170730,0.2001947662290079,2017-07-30,"{""type"":""MultiPoint"",""coordinates"":[]}"
20170731,0,2017-07-31,"{""type"":""MultiPoint"",""coordinates"":[]}"
20170801,0,2017-08-01,"{""type"":""MultiPoint"",""coordinates"":[]}"
20170802,0,2017-08-02,"{""type"":""MultiPoint"",""coordinates"":[]}"
20170803,0,2017-08-03,"{""type"":""MultiPoint"",""coordinates"":[]}"
20170804,0,2017-08-04,"{""type"":""MultiPoint"",""coordinates"":[]}"
20170805,0,2017-08-05,"{""type"":""MultiPoint"",""coordinates"":[]}"
20170806,0,2017-08-06,"{""type"":""MultiPoint"",""coordinates"":[]}"
20170807,0,2017-08-07,"{""type"":""MultiPoint"",""coordinates"":[]}"
20170808,0.25682097053957953,2017-08-08,"{""type"":""MultiPoint"",""coordinates"":[]}"
20170809,0.27309417198023855,2017-08-09,"{""type"":""MultiPoint"",""coordinates"":[]}"
20170810,0,2017-08-10,"{""type"":""MultiPoint"",""coordinates"":[]}"
20170811,0.033488771,2017-08-11,"{""type"":""MultiPoint"",""coordinates"":[]}"
20170812,0.051416182,2017-08-12,"{""type"":""MultiPoint"",""coordinates"":[]}"
20170813,0.001893655,2017-08-13,"{""type"":""MultiPoint"",""coordinates"":[]}"
20170814,0.045555933,2017-08-14,"{""type"":""MultiPoint"",""coordinates"":[]}"
20170815,3.5762465628574196,2017-08-15,"{""type"":""MultiPoint"",""coordinates"":[]}"
20170816,0.017489547,2017-08-16,"{""type"":""MultiPoint"",""coordinates"":[]}"
20170817,1.767599771492793,2017-08-17,"{""type"":""MultiPoint"",""coordinates"":[]}"
20170818,0.5086258470934695,2017-08-18,"{""type"":""MultiPoint"",""coordinates"":[]}"
20170819,19.56731233101025,2017-08-19,"{""type"":""MultiPoint"",""coordinates"":[]}"
20170820,55.66798288834724,2017-08-20,"{""type"":""MultiPoint"",""coordinates"":[]}"
20170821,36.61079426058001,2017-08-21,"{""type"":""MultiPoint"",""coordinates"":[]}"
20170822,0,2017-08-22,"{""type"":""MultiPoint"",""coordinates"":[]}"
20170823,0,2017-08-23,"{""type"":""MultiPoint"",""coordinates"":[]}"
20170824,0,2017-08-24,"{""type"":""MultiPoint"",""coordinates"":[]}"
20170825,8.309059601260754,2017-08-25,"{""type"":""MultiPoint"",""coordinates"":[]}"
20170826,3.5453621565395945,2017-08-26,"{""type"":""MultiPoint"",""coordinates"":[]}"
20170827,29.489621483128616,2017-08-27,"{""type"":""MultiPoint"",""coordinates"":[]}"
20170828,42.73840232549813,2017-08-28,"{""type"":""MultiPoint"",""coordinates"":[]}"
20170829,8.758297179799222,2017-08-29,"{""type"":""MultiPoint"",""coordinates"":[]}"
20170830,0,2017-08-30,"{""type"":""MultiPoint"",""coordinates"":[]}"
20170831,0,2017-08-31,"{""type"":""MultiPoint"",""coordinates"":[]}"
20170901,0,2017-09-01,"{""type"":""MultiPoint"",""coordinates"":[]}"
20170902,0,2017-09-02,"{""type"":""MultiPoint"",""coordinates"":[]}"
20170903,1.313921515116337,2017-09-03,"{""type"":""MultiPoint"",""coordinates"":[]}"
20170904,1.2304279936241722,2017-09-04,"{""type"":""MultiPoint"",""coordinates"":[]}"
20170905,0.049603003,2017-09-05,"{""type"":""MultiPoint"",""coordinates"":[]}"
20170906,0.9746988814353448,2017-09-06,"{""type"":""MultiPoint"",""coordinates"":[]}"
20170907,24.805186663783033,2017-09-07,"{""type"":""MultiPoint"",""coordinates"":[]}"
20170908,20.098902436442522,2017-09-08,"{""type"":""MultiPoint"",""coordinates"":[]}"
20170909,6.413887176789499,2017-09-09,"{""type"":""MultiPoint"",""coordinates"":[]}"
20170910,12.663665430329333,2017-09-10,"{""type"":""MultiPoint"",""coordinates"":[]}"
20170911,29.52251058711101,2017-09-11,"{""type"":""MultiPoint"",""coordinates"":[]}"
20170912,27.376903031982813,2017-09-12,"{""type"":""MultiPoint"",""coordinates"":[]}"
20170913,35.07970573715015,2017-09-13,"{""type"":""MultiPoint"",""coordinates"":[]}"
20170914,35.61966747612657,2017-09-14,"{""type"":""MultiPoint"",""coordinates"":[]}"
20170915,3.9661528455753094,2017-09-15,"{""type"":""MultiPoint"",""coordinates"":[]}"
20170916,3.167189754363077,2017-09-16,"{""type"":""MultiPoint"",""coordinates"":[]}"
20170917,0.14795773666975803,2017-09-17,"{""type"":""MultiPoint"",""coordinates"":[]}"
20170918,1.7446382192320198,2017-09-18,"{""type"":""MultiPoint"",""coordinates"":[]}"
20170919,5.032119249732224,2017-09-19,"{""type"":""MultiPoint"",""coordinates"":[]}"
20170920,46.98756424,2017-09-20,"{""type"":""MultiPoint"",""coordinates"":[]}"
20170921,65.95823109203714,2017-09-21,"{""type"":""MultiPoint"",""coordinates"":[]}"
20170922,0.059151867303125084,2017-09-22,"{""type"":""MultiPoint"",""coordinates"":[]}"
20170923,1.2234787343305085,2017-09-23,"{""type"":""MultiPoint"",""coordinates"":[]}"
20170924,0.42620593069464885,2017-09-24,"{""type"":""MultiPoint"",""coordinates"":[]}"
20170925,0,2017-09-25,"{""type"":""MultiPoint"",""coordinates"":[]}"
20170926,0.44638241901045767,2017-09-26,"{""type"":""MultiPoint"",""coordinates"":[]}"
20170927,0.7688818416985322,2017-09-27,"{""type"":""MultiPoint"",""coordinates"":[]}"
20170928,7.448452040026025,2017-09-28,"{""type"":""MultiPoint"",""coordinates"":[]}"
20170929,8.609079162291359,2017-09-29,"{""type"":""MultiPoint"",""coordinates"":[]}"
20170930,0.32888208088253806,2017-09-30,"{""type"":""MultiPoint"",""coordinates"":[]}"
20171001,0.11722846121524366,2017-10-01,"{""type"":""MultiPoint"",""coordinates"":[]}"
20171002,2.852380497,2017-10-02,"{""type"":""MultiPoint"",""coordinates"":[]}"
20171003,0.8718200971576429,2017-10-03,"{""type"":""MultiPoint"",""coordinates"":[]}"
20171004,0,2017-10-04,"{""type"":""MultiPoint"",""coordinates"":[]}"
20171005,0,2017-10-05,"{""type"":""MultiPoint"",""coordinates"":[]}"
20171006,12.705123004006195,2017-10-06,"{""type"":""MultiPoint"",""coordinates"":[]}"
20171007,13.532363225916578,2017-10-07,"{""type"":""MultiPoint"",""coordinates"":[]}"
20171008,15.148940887299858,2017-10-08,"{""type"":""MultiPoint"",""coordinates"":[]}"
20171009,19.04421155397209,2017-10-09,"{""type"":""MultiPoint"",""coordinates"":[]}"
20171010,19.451089018074597,2017-10-10,"{""type"":""MultiPoint"",""coordinates"":[]}"
20171011,3.3843263233639655,2017-10-11,"{""type"":""MultiPoint"",""coordinates"":[]}"
20171012,1.2728074509290002,2017-10-12,"{""type"":""MultiPoint"",""coordinates"":[]}"
20171013,22.41253982,2017-10-13,"{""type"":""MultiPoint"",""coordinates"":[]}"
20171014,13.67476757006486,2017-10-14,"{""type"":""MultiPoint"",""coordinates"":[]}"
20171015,13.716560458610846,2017-10-15,"{""type"":""MultiPoint"",""coordinates"":[]}"
20171016,0.024340572,2017-10-16,"{""type"":""MultiPoint"",""coordinates"":[]}"
20171017,0,2017-10-17,"{""type"":""MultiPoint"",""coordinates"":[]}"
20171018,2.741701638617712,2017-10-18,"{""type"":""MultiPoint"",""coordinates"":[]}"
20171019,0,2017-10-19,"{""type"":""MultiPoint"",""coordinates"":[]}"
20171020,0,2017-10-20,"{""type"":""MultiPoint"",""coordinates"":[]}"
20171021,0,2017-10-21,"{""type"":""MultiPoint"",""coordinates"":[]}"
20171022,0.032934308245832586,2017-10-22,"{""type"":""MultiPoint"",""coordinates"":[]}"
20171023,0,2017-10-23,"{""type"":""MultiPoint"",""coordinates"":[]}"
20171024,0,2017-10-24,"{""type"":""MultiPoint"",""coordinates"":[]}"
20171025,0,2017-10-25,"{""type"":""MultiPoint"",""coordinates"":[]}"
20171026,0,2017-10-26,"{""type"":""MultiPoint"",""coordinates"":[]}"
20171027,0,2017-10-27,"{""type"":""MultiPoint"",""coordinates"":[]}"
20171028,0,2017-10-28,"{""type"":""MultiPoint"",""coordinates"":[]}"
20171029,0,2017-10-29,"{""type"":""MultiPoint"",""coordinates"":[]}"
20171030,0,2017-10-30,"{""type"":""MultiPoint"",""coordinates"":[]}"
20171031,0,2017-10-31,"{""type"":""MultiPoint"",""coordinates"":[]}"
20171101,0.053878431633143285,2017-11-01,"{""type"":""MultiPoint"",""coordinates"":[]}"
20171102,7.883537608804714E-5,2017-11-02,"{""type"":""MultiPoint"",""coordinates"":[]}"
20171103,0.008320023,2017-11-03,"{""type"":""MultiPoint"",""coordinates"":[]}"
20171104,0,2017-11-04,"{""type"":""MultiPoint"",""coordinates"":[]}"
20171105,0.004830585,2017-11-05,"{""type"":""MultiPoint"",""coordinates"":[]}"
20171106,0,2017-11-06,"{""type"":""MultiPoint"",""coordinates"":[]}"
20171107,0,2017-11-07,"{""type"":""MultiPoint"",""coordinates"":[]}"
20171108,0,2017-11-08,"{""type"":""MultiPoint"",""coordinates"":[]}"
20171109,0.014447640312513846,2017-11-09,"{""type"":""MultiPoint"",""coordinates"":[]}"
20171110,0,2017-11-10,"{""type"":""MultiPoint"",""coordinates"":[]}"
20171111,0,2017-11-11,"{""type"":""MultiPoint"",""coordinates"":[]}"
20171112,0,2017-11-12,"{""type"":""MultiPoint"",""coordinates"":[]}"
20171113,0,2017-11-13,"{""type"":""MultiPoint"",""coordinates"":[]}"
20171114,0.001731244,2017-11-14,"{""type"":""MultiPoint"",""coordinates"":[]}"
20171115,0,2017-11-15,"{""type"":""MultiPoint"",""coordinates"":[]}"
20171116,0,2017-11-16,"{""type"":""MultiPoint"",""coordinates"":[]}"
20171117,0,2017-11-17,"{""type"":""MultiPoint"",""coordinates"":[]}"
20171118,0,2017-11-18,"{""type"":""MultiPoint"",""coordinates"":[]}"
20171119,0,2017-11-19,"{""type"":""MultiPoint"",""coordinates"":[]}"
20171120,3.1944018438696618,2017-11-20,"{""type"":""MultiPoint"",""coordinates"":[]}"
20171121,3.2658807353557013,2017-11-21,"{""type"":""MultiPoint"",""coordinates"":[]}"
20171122,1.1254103646769282,2017-11-22,"{""type"":""MultiPoint"",""coordinates"":[]}"
20171123,0,2017-11-23,"{""type"":""MultiPoint"",""coordinates"":[]}"
20171124,0,2017-11-24,"{""type"":""MultiPoint"",""coordinates"":[]}"
20171125,0,2017-11-25,"{""type"":""MultiPoint"",""coordinates"":[]}"
20171126,0,2017-11-26,"{""type"":""MultiPoint"",""coordinates"":[]}"
20171127,0,2017-11-27,"{""type"":""MultiPoint"",""coordinates"":[]}"
20171128,0.8868740747398479,2017-11-28,"{""type"":""MultiPoint"",""coordinates"":[]}"
20171129,0,2017-11-29,"{""type"":""MultiPoint"",""coordinates"":[]}"
20171130,0.8329689143008652,2017-11-30,"{""type"":""MultiPoint"",""coordinates"":[]}"
20171201,1.5881511843229468,2017-12-01,"{""type"":""MultiPoint"",""coordinates"":[]}"
20171202,0,2017-12-02,"{""type"":""MultiPoint"",""coordinates"":[]}"
20171203,0.053405263,2017-12-03,"{""type"":""MultiPoint"",""coordinates"":[]}"
20171204,1.635626224237484,2017-12-04,"{""type"":""MultiPoint"",""coordinates"":[]}"
20171205,5.5942085686498935,2017-12-05,"{""type"":""MultiPoint"",""coordinates"":[]}"
20171206,0.00341802,2017-12-06,"{""type"":""MultiPoint"",""coordinates"":[]}"
20171207,0.002452291,2017-12-07,"{""type"":""MultiPoint"",""coordinates"":[]}"
20171208,0,2017-12-08,"{""type"":""MultiPoint"",""coordinates"":[]}"
20171209,0,2017-12-09,"{""type"":""MultiPoint"",""coordinates"":[]}"
20171210,0,2017-12-10,"{""type"":""MultiPoint"",""coordinates"":[]}"
20171211,0,2017-12-11,"{""type"":""MultiPoint"",""coordinates"":[]}"
20171212,0,2017-12-12,"{""type"":""MultiPoint"",""coordinates"":[]}"
20171213,0,2017-12-13,"{""type"":""MultiPoint"",""coordinates"":[]}"
20171214,0,2017-12-14,"{""type"":""MultiPoint"",""coordinates"":[]}"
20171215,0.017101144617251294,2017-12-15,"{""type"":""MultiPoint"",""coordinates"":[]}"
20171216,0.089259235,2017-12-16,"{""type"":""MultiPoint"",""coordinates"":[]}"
20171217,0.11229857151118273,2017-12-17,"{""type"":""MultiPoint"",""coordinates"":[]}"
20171218,0.9020199219406165,2017-12-18,"{""type"":""MultiPoint"",""coordinates"":[]}"
20171219,0,2017-12-19,"{""type"":""MultiPoint"",""coordinates"":[]}"
20171220,0.016235628,2017-12-20,"{""type"":""MultiPoint"",""coordinates"":[]}"
20171221,0,2017-12-21,"{""type"":""MultiPoint"",""coordinates"":[]}"
20171222,0.004159387,2017-12-22,"{""type"":""MultiPoint"",""coordinates"":[]}"
20171223,0,2017-12-23,"{""type"":""MultiPoint"",""coordinates"":[]}"
20171224,0,2017-12-24,"{""type"":""MultiPoint"",""coordinates"":[]}"
20171225,0,2017-12-25,"{""type"":""MultiPoint"",""coordinates"":[]}"
20171226,0,2017-12-26,"{""type"":""MultiPoint"",""coordinates"":[]}"
20171227,0,2017-12-27,"{""type"":""MultiPoint"",""coordinates"":[]}"
20171228,0,2017-12-28,"{""type"":""MultiPoint"",""coordinates"":[]}"
20171229,0,2017-12-29,"{""type"":""MultiPoint"",""coordinates"":[]}"
20171230,0,2017-12-30,"{""type"":""MultiPoint"",""coordinates"":[]}"
20171231,0,2017-12-31,"{""type"":""MultiPoint"",""coordinates"":[]}"
20180101,0,2018-01-01,"{""type"":""MultiPoint"",""coordinates"":[]}"
20180102,0,2018-01-02,"{""type"":""MultiPoint"",""coordinates"":[]}"
20180103,0,2018-01-03,"{""type"":""MultiPoint"",""coordinates"":[]}"
20180104,0,2018-01-04,"{""type"":""MultiPoint"",""coordinates"":[]}"
20180105,0,2018-01-05,"{""type"":""MultiPoint"",""coordinates"":[]}"
20180106,0,2018-01-06,"{""type"":""MultiPoint"",""coordinates"":[]}"
20180107,0,2018-01-07,"{""type"":""MultiPoint"",""coordinates"":[]}"
20180108,0,2018-01-08,"{""type"":""MultiPoint"",""coordinates"":[]}"
20180109,0,2018-01-09,"{""type"":""MultiPoint"",""coordinates"":[]}"
20180110,0,2018-01-10,"{""type"":""MultiPoint"",""coordinates"":[]}"
20180111,0,2018-01-11,"{""type"":""MultiPoint"",""coordinates"":[]}"
20180112,4.5034810656286356E-4,2018-01-12,"{""type"":""MultiPoint"",""coordinates"":[]}"
20180113,0,2018-01-13,"{""type"":""MultiPoint"",""coordinates"":[]}"
20180114,0,2018-01-14,"{""type"":""MultiPoint"",""coordinates"":[]}"
20180115,0,2018-01-15,"{""type"":""MultiPoint"",""coordinates"":[]}"
20180116,0,2018-01-16,"{""type"":""MultiPoint"",""coordinates"":[]}"
20180117,0,2018-01-17,"{""type"":""MultiPoint"",""coordinates"":[]}"
20180118,0,2018-01-18,"{""type"":""MultiPoint"",""coordinates"":[]}"
20180119,0,2018-01-19,"{""type"":""MultiPoint"",""coordinates"":[]}"
20180120,0,2018-01-20,"{""type"":""MultiPoint"",""coordinates"":[]}"
20180121,0,2018-01-21,"{""type"":""MultiPoint"",""coordinates"":[]}"
20180122,0,2018-01-22,"{""type"":""MultiPoint"",""coordinates"":[]}"
20180123,0,2018-01-23,"{""type"":""MultiPoint"",""coordinates"":[]}"
20180124,0,2018-01-24,"{""type"":""MultiPoint"",""coordinates"":[]}"
20180125,4.366371994591417E-4,2018-01-25,"{""type"":""MultiPoint"",""coordinates"":[]}"
20180126,0,2018-01-26,"{""type"":""MultiPoint"",""coordinates"":[]}"
20180127,0,2018-01-27,"{""type"":""MultiPoint"",""coordinates"":[]}"
20180128,0,2018-01-28,"{""type"":""MultiPoint"",""coordinates"":[]}"
20180129,0,2018-01-29,"{""type"":""MultiPoint"",""coordinates"":[]}"
20180130,0,2018-01-30,"{""type"":""MultiPoint"",""coordinates"":[]}"
20180131,0,2018-01-31,"{""type"":""MultiPoint"",""coordinates"":[]}"
20180201,0,2018-02-01,"{""type"":""MultiPoint"",""coordinates"":[]}"
20180202,0,2018-02-02,"{""type"":""MultiPoint"",""coordinates"":[]}"
20180203,0,2018-02-03,"{""type"":""MultiPoint"",""coordinates"":[]}"
20180204,0,2018-02-04,"{""type"":""MultiPoint"",""coordinates"":[]}"
20180205,0,2018-02-05,"{""type"":""MultiPoint"",""coordinates"":[]}"
20180206,0.039924407,2018-02-06,"{""type"":""MultiPoint"",""coordinates"":[]}"
20180207,0.6370081066567351,2018-02-07,"{""type"":""MultiPoint"",""coordinates"":[]}"
20180208,0,2018-02-08,"{""type"":""MultiPoint"",""coordinates"":[]}"
20180209,0.3256064579185888,2018-02-09,"{""type"":""MultiPoint"",""coordinates"":[]}"
20180210,1.2383235420479122,2018-02-10,"{""type"":""MultiPoint"",""coordinates"":[]}"
20180211,0,2018-02-11,"{""type"":""MultiPoint"",""coordinates"":[]}"
20180212,0,2018-02-12,"{""type"":""MultiPoint"",""coordinates"":[]}"
20180213,0,2018-02-13,"{""type"":""MultiPoint"",""coordinates"":[]}"
20180214,0,2018-02-14,"{""type"":""MultiPoint"",""coordinates"":[]}"
20180215,0,2018-02-15,"{""type"":""MultiPoint"",""coordinates"":[]}"
20180216,0,2018-02-16,"{""type"":""MultiPoint"",""coordinates"":[]}"
20180217,0,2018-02-17,"{""type"":""MultiPoint"",""coordinates"":[]}"
20180218,0,2018-02-18,"{""type"":""MultiPoint"",""coordinates"":[]}"
20180219,0,2018-02-19,"{""type"":""MultiPoint"",""coordinates"":[]}"
20180220,0,2018-02-20,"{""type"":""MultiPoint"",""coordinates"":[]}"
20180221,0,2018-02-21,"{""type"":""MultiPoint"",""coordinates"":[]}"
20180222,0,2018-02-22,"{""type"":""MultiPoint"",""coordinates"":[]}"
20180223,0,2018-02-23,"{""type"":""MultiPoint"",""coordinates"":[]}"
20180224,0,2018-02-24,"{""type"":""MultiPoint"",""coordinates"":[]}"
20180225,0,2018-02-25,"{""type"":""MultiPoint"",""coordinates"":[]}"
20180226,0,2018-02-26,"{""type"":""MultiPoint"",""coordinates"":[]}"
20180227,0,2018-02-27,"{""type"":""MultiPoint"",""coordinates"":[]}"
20180228,0,2018-02-28,"{""type"":""MultiPoint"",""coordinates"":[]}"
20180301,0,2018-03-01,"{""type"":""MultiPoint"",""coordinates"":[]}"
20180302,0,2018-03-02,"{""type"":""MultiPoint"",""coordinates"":[]}"
20180303,0,2018-03-03,"{""type"":""MultiPoint"",""coordinates"":[]}"
20180304,0,2018-03-04,"{""type"":""MultiPoint"",""coordinates"":[]}"
20180305,0,2018-03-05,"{""type"":""MultiPoint"",""coordinates"":[]}"
20180306,0,2018-03-06,"{""type"":""MultiPoint"",""coordinates"":[]}"
20180307,0,2018-03-07,"{""type"":""MultiPoint"",""coordinates"":[]}"
20180308,0,2018-03-08,"{""type"":""MultiPoint"",""coordinates"":[]}"
20180309,0,2018-03-09,"{""type"":""MultiPoint"",""coordinates"":[]}"
20180310,0,2018-03-10,"{""type"":""MultiPoint"",""coordinates"":[]}"
20180311,0,2018-03-11,"{""type"":""MultiPoint"",""coordinates"":[]}"
20180312,0,2018-03-12,"{""type"":""MultiPoint"",""coordinates"":[]}"
20180313,0,2018-03-13,"{""type"":""MultiPoint"",""coordinates"":[]}"
20180314,0,2018-03-14,"{""type"":""MultiPoint"",""coordinates"":[]}"
20180315,0,2018-03-15,"{""type"":""MultiPoint"",""coordinates"":[]}"
20180316,0,2018-03-16,"{""type"":""MultiPoint"",""coordinates"":[]}"
20180317,0,2018-03-17,"{""type"":""MultiPoint"",""coordinates"":[]}"
20180318,0.001430163,2018-03-18,"{""type"":""MultiPoint"",""coordinates"":[]}"
20180319,0,2018-03-19,"{""type"":""MultiPoint"",""coordinates"":[]}"
20180320,0,2018-03-20,"{""type"":""MultiPoint"",""coordinates"":[]}"
20180321,0,2018-03-21,"{""type"":""MultiPoint"",""coordinates"":[]}"
20180322,0,2018-03-22,"{""type"":""MultiPoint"",""coordinates"":[]}"
20180323,0,2018-03-23,"{""type"":""MultiPoint"",""coordinates"":[]}"
20180324,0,2018-03-24,"{""type"":""MultiPoint"",""coordinates"":[]}"
20180325,0,2018-03-25,"{""type"":""MultiPoint"",""coordinates"":[]}"
20180326,0,2018-03-26,"{""type"":""MultiPoint"",""coordinates"":[]}"
20180327,0.024898515234230565,2018-03-27,"{""type"":""MultiPoint"",""coordinates"":[]}"
20180328,0,2018-03-28,"{""type"":""MultiPoint"",""coordinates"":[]}"
20180329,0,2018-03-29,"{""type"":""MultiPoint"",""coordinates"":[]}"
20180330,0.5421511086222047,2018-03-30,"{""type"":""MultiPoint"",""coordinates"":[]}"
20180331,0.085874875,2018-03-31,"{""type"":""MultiPoint"",""coordinates"":[]}"
20180401,0,2018-04-01,"{""type"":""MultiPoint"",""coordinates"":[]}"
20180402,0,2018-04-02,"{""type"":""MultiPoint"",""coordinates"":[]}"
20180403,0,2018-04-03,"{""type"":""MultiPoint"",""coordinates"":[]}"
20180404,0,2018-04-04,"{""type"":""MultiPoint"",""coordinates"":[]}"
20180405,0,2018-04-05,"{""type"":""MultiPoint"",""coordinates"":[]}"
20180406,0.8939744957652019,2018-04-06,"{""type"":""MultiPoint"",""coordinates"":[]}"
20180407,0.16343196374420424,2018-04-07,"{""type"":""MultiPoint"",""coordinates"":[]}"
20180408,0.071477311,2018-04-08,"{""type"":""MultiPoint"",""coordinates"":[]}"
20180409,0,2018-04-09,"{""type"":""MultiPoint"",""coordinates"":[]}"
20180410,0,2018-04-10,"{""type"":""MultiPoint"",""coordinates"":[]}"
20180411,0,2018-04-11,"{""type"":""MultiPoint"",""coordinates"":[]}"
20180412,0,2018-04-12,"{""type"":""MultiPoint"",""coordinates"":[]}"
20180413,0,2018-04-13,"{""type"":""MultiPoint"",""coordinates"":[]}"
20180414,0,2018-04-14,"{""type"":""MultiPoint"",""coordinates"":[]}"
20180415,0,2018-04-15,"{""type"":""MultiPoint"",""coordinates"":[]}"
20180416,0.003698876,2018-04-16,"{""type"":""MultiPoint"",""coordinates"":[]}"
20180417,7.351756374012886,2018-04-17,"{""type"":""MultiPoint"",""coordinates"":[]}"
20180418,0,2018-04-18,"{""type"":""MultiPoint"",""coordinates"":[]}"
20180419,0,2018-04-19,"{""type"":""MultiPoint"",""coordinates"":[]}"
20180420,0,2018-04-20,"{""type"":""MultiPoint"",""coordinates"":[]}"
20180421,0,2018-04-21,"{""type"":""MultiPoint"",""coordinates"":[]}"
20180422,0,2018-04-22,"{""type"":""MultiPoint"",""coordinates"":[]}"
20180423,0,2018-04-23,"{""type"":""MultiPoint"",""coordinates"":[]}"
20180424,0,2018-04-24,"{""type"":""MultiPoint"",""coordinates"":[]}"
20180425,0,2018-04-25,"{""type"":""MultiPoint"",""coordinates"":[]}"
20180426,0,2018-04-26,"{""type"":""MultiPoint"",""coordinates"":[]}"
20180427,0,2018-04-27,"{""type"":""MultiPoint"",""coordinates"":[]}"
20180428,0,2018-04-28,"{""type"":""MultiPoint"",""coordinates"":[]}"
20180429,0,2018-04-29,"{""type"":""MultiPoint"",""coordinates"":[]}"
20180430,0,2018-04-30,"{""type"":""MultiPoint"",""coordinates"":[]}"
20180501,0,2018-05-01,"{""type"":""MultiPoint"",""coordinates"":[]}"
20180502,0,2018-05-02,"{""type"":""MultiPoint"",""coordinates"":[]}"
20180503,0,2018-05-03,"{""type"":""MultiPoint"",""coordinates"":[]}"
20180504,0,2018-05-04,"{""type"":""MultiPoint"",""coordinates"":[]}"
20180505,0,2018-05-05,"{""type"":""MultiPoint"",""coordinates"":[]}"
20180506,0.04446335,2018-05-06,"{""type"":""MultiPoint"",""coordinates"":[]}"
20180507,0,2018-05-07,"{""type"":""MultiPoint"",""coordinates"":[]}"
20180508,0,2018-05-08,"{""type"":""MultiPoint"",""coordinates"":[]}"
20180509,0,2018-05-09,"{""type"":""MultiPoint"",""coordinates"":[]}"
20180510,0.8643660124762507,2018-05-10,"{""type"":""MultiPoint"",""coordinates"":[]}"
20180511,0,2018-05-11,"{""type"":""MultiPoint"",""coordinates"":[]}"
20180512,0,2018-05-12,"{""type"":""MultiPoint"",""coordinates"":[]}"
20180513,0.064008901,2018-05-13,"{""type"":""MultiPoint"",""coordinates"":[]}"
20180514,0,2018-05-14,"{""type"":""MultiPoint"",""coordinates"":[]}"
20180515,0,2018-05-15,"{""type"":""MultiPoint"",""coordinates"":[]}"
20180516,0,2018-05-16,"{""type"":""MultiPoint"",""coordinates"":[]}"
20180517,2.640305819256156,2018-05-17,"{""type"":""MultiPoint"",""coordinates"":[]}"
20180518,0.25212735281536874,2018-05-18,"{""type"":""MultiPoint"",""coordinates"":[]}"
20180519,0,2018-05-19,"{""type"":""MultiPoint"",""coordinates"":[]}"
20180520,0,2018-05-20,"{""type"":""MultiPoint"",""coordinates"":[]}"
20180521,0.003074246,2018-05-21,"{""type"":""MultiPoint"",""coordinates"":[]}"
20180522,0,2018-05-22,"{""type"":""MultiPoint"",""coordinates"":[]}"
20180523,0,2018-05-23,"{""type"":""MultiPoint"",""coordinates"":[]}"
20180524,0,2018-05-24,"{""type"":""MultiPoint"",""coordinates"":[]}"
20180525,0,2018-05-25,"{""type"":""MultiPoint"",""coordinates"":[]}"
20180526,6.565040762024515E-4,2018-05-26,"{""type"":""MultiPoint"",""coordinates"":[]}"
20180527,2.7687143982673375,2018-05-27,"{""type"":""MultiPoint"",""coordinates"":[]}"
20180528,2.8968238959574357,2018-05-28,"{""type"":""MultiPoint"",""coordinates"":[]}"
20180529,0.6977682015006345,2018-05-29,"{""type"":""MultiPoint"",""coordinates"":[]}"
20180530,0.47274999964026726,2018-05-30,"{""type"":""MultiPoint"",""coordinates"":[]}"
20180531,1.5920882901306161,2018-05-31,"{""type"":""MultiPoint"",""coordinates"":[]}"
20180601,9.600953774762127,2018-06-01,"{""type"":""MultiPoint"",""coordinates"":[]}"
20180602,8.88560496,2018-06-02,"{""type"":""MultiPoint"",""coordinates"":[]}"
20180603,4.497692331059654,2018-06-03,"{""type"":""MultiPoint"",""coordinates"":[]}"
20180604,9.582160882910916,2018-06-04,"{""type"":""MultiPoint"",""coordinates"":[]}"
20180605,4.7882481739177845,2018-06-05,"{""type"":""MultiPoint"",""coordinates"":[]}"
20180606,15.213014181957032,2018-06-06,"{""type"":""MultiPoint"",""coordinates"":[]}"
20180607,3.838145912145076,2018-06-07,"{""type"":""MultiPoint"",""coordinates"":[]}"
20180608,14.045075503957632,2018-06-08,"{""type"":""MultiPoint"",""coordinates"":[]}"
20180609,2.1353958208459782,2018-06-09,"{""type"":""MultiPoint"",""coordinates"":[]}"
20180610,2.189892731098575,2018-06-10,"{""type"":""MultiPoint"",""coordinates"":[]}"
20180611,1.5334241551571846,2018-06-11,"{""type"":""MultiPoint"",""coordinates"":[]}"
20180612,0.6058967225794227,2018-06-12,"{""type"":""MultiPoint"",""coordinates"":[]}"
20180613,0,2018-06-13,"{""type"":""MultiPoint"",""coordinates"":[]}"
20180614,0.006328371,2018-06-14,"{""type"":""MultiPoint"",""coordinates"":[]}"
20180615,0,2018-06-15,"{""type"":""MultiPoint"",""coordinates"":[]}"
20180616,0,2018-06-16,"{""type"":""MultiPoint"",""coordinates"":[]}"
20180617,0,2018-06-17,"{""type"":""MultiPoint"",""coordinates"":[]}"
20180618,6.522786253586624E-4,2018-06-18,"{""type"":""MultiPoint"",""coordinates"":[]}"
20180619,14.922754549014627,2018-06-19,"{""type"":""MultiPoint"",""coordinates"":[]}"
20180620,9.226578793634017,2018-06-20,"{""type"":""MultiPoint"",""coordinates"":[]}"
20180621,34.27253012543104,2018-06-21,"{""type"":""MultiPoint"",""coordinates"":[]}"
20180622,24.549285325520817,2018-06-22,"{""type"":""MultiPoint"",""coordinates"":[]}"
20180623,12.840664018157392,2018-06-23,"{""type"":""MultiPoint"",""coordinates"":[]}"
20180624,0,2018-06-24,"{""type"":""MultiPoint"",""coordinates"":[]}"
20180625,3.9846285264532093,2018-06-25,"{""type"":""MultiPoint"",""coordinates"":[]}"
20180626,0.2991122494121103,2018-06-26,"{""type"":""MultiPoint"",""coordinates"":[]}"
20180627,5.203434793024384,2018-06-27,"{""type"":""MultiPoint"",""coordinates"":[]}"
20180628,4.970369600834346,2018-06-28,"{""type"":""MultiPoint"",""coordinates"":[]}"
20180629,1.1734941509383485,2018-06-29,"{""type"":""MultiPoint"",""coordinates"":[]}"
20180630,1.4426347023251038,2018-06-30,"{""type"":""MultiPoint"",""coordinates"":[]}"
20180701,0.47825396546206805,2018-07-01,"{""type"":""MultiPoint"",""coordinates"":[]}"
20180702,9.585903870399111,2018-07-02,"{""type"":""MultiPoint"",""coordinates"":[]}"
20180703,5.873209308236637E-4,2018-07-03,"{""type"":""MultiPoint"",""coordinates"":[]}"
20180704,0.5997212259378705,2018-07-04,"{""type"":""MultiPoint"",""coordinates"":[]}"
20180705,14.438510481408857,2018-07-05,"{""type"":""MultiPoint"",""coordinates"":[]}"
20180706,1.1887248637183967,2018-07-06,"{""type"":""MultiPoint"",""coordinates"":[]}"
20180707,0.25055265057038095,2018-07-07,"{""type"":""MultiPoint"",""coordinates"":[]}"
20180708,5.2455324138611035,2018-07-08,"{""type"":""MultiPoint"",""coordinates"":[]}"
20180709,42.96790397997951,2018-07-09,"{""type"":""MultiPoint"",""coordinates"":[]}"
20180710,7.292593115237435,2018-07-10,"{""type"":""MultiPoint"",""coordinates"":[]}"
20180711,3.3379129860557577,2018-07-11,"{""type"":""MultiPoint"",""coordinates"":[]}"
20180712,36.63483065455957,2018-07-12,"{""type"":""MultiPoint"",""coordinates"":[]}"
20180713,0.040235966,2018-07-13,"{""type"":""MultiPoint"",""coordinates"":[]}"
20180714,0.8697658915059745,2018-07-14,"{""type"":""MultiPoint"",""coordinates"":[]}"
20180715,21.50310165244253,2018-07-15,"{""type"":""MultiPoint"",""coordinates"":[]}"
20180716,24.001440966672426,2018-07-16,"{""type"":""MultiPoint"",""coordinates"":[]}"
20180717,2.1203168654914686,2018-07-17,"{""type"":""MultiPoint"",""coordinates"":[]}"
20180718,0,2018-07-18,"{""type"":""MultiPoint"",""coordinates"":[]}"
20180719,0,2018-07-19,"{""type"":""MultiPoint"",""coordinates"":[]}"
20180720,0,2018-07-20,"{""type"":""MultiPoint"",""coordinates"":[]}"
20180721,0,2018-07-21,"{""type"":""MultiPoint"",""coordinates"":[]}"
20180722,0.005311145,2018-07-22,"{""type"":""MultiPoint"",""coordinates"":[]}"
20180723,8.062918126149636,2018-07-23,"{""type"":""MultiPoint"",""coordinates"":[]}"
20180724,0,2018-07-24,"{""type"":""MultiPoint"",""coordinates"":[]}"
20180725,2.35294762,2018-07-25,"{""type"":""MultiPoint"",""coordinates"":[]}"
20180726,1.9823170710082856,2018-07-26,"{""type"":""MultiPoint"",""coordinates"":[]}"
20180727,0.012219665,2018-07-27,"{""type"":""MultiPoint"",""coordinates"":[]}"
20180728,0,2018-07-28,"{""type"":""MultiPoint"",""coordinates"":[]}"
20180729,0,2018-07-29,"{""type"":""MultiPoint"",""coordinates"":[]}"
20180730,0,2018-07-30,"{""type"":""MultiPoint"",""coordinates"":[]}"
20180731,0,2018-07-31,"{""type"":""MultiPoint"",""coordinates"":[]}"
20180801,0.1716620590355472,2018-08-01,"{""type"":""MultiPoint"",""coordinates"":[]}"
20180802,0,2018-08-02,"{""type"":""MultiPoint"",""coordinates"":[]}"
20180803,0,2018-08-03,"{""type"":""MultiPoint"",""coordinates"":[]}"
20180804,0,2018-08-04,"{""type"":""MultiPoint"",""coordinates"":[]}"
20180805,0,2018-08-05,"{""type"":""MultiPoint"",""coordinates"":[]}"
20180806,0,2018-08-06,"{""type"":""MultiPoint"",""coordinates"":[]}"
20180807,0,2018-08-07,"{""type"":""MultiPoint"",""coordinates"":[]}"
20180808,0,2018-08-08,"{""type"":""MultiPoint"",""coordinates"":[]}"
20180809,0,2018-08-09,"{""type"":""MultiPoint"",""coordinates"":[]}"
20180810,0,2018-08-10,"{""type"":""MultiPoint"",""coordinates"":[]}"
20180811,0.719783251,2018-08-11,"{""type"":""MultiPoint"",""coordinates"":[]}"
20180812,10.831878433880233,2018-08-12,"{""type"":""MultiPoint"",""coordinates"":[]}"
20180813,0.815001646,2018-08-13,"{""type"":""MultiPoint"",""coordinates"":[]}"
20180814,0.2592303928861089,2018-08-14,"{""type"":""MultiPoint"",""coordinates"":[]}"
20180815,2.9939327857155846,2018-08-15,"{""type"":""MultiPoint"",""coordinates"":[]}"
20180816,35.881487072947436,2018-08-16,"{""type"":""MultiPoint"",""coordinates"":[]}"
20180817,7.407573157083093,2018-08-17,"{""type"":""MultiPoint"",""coordinates"":[]}"
20180818,5.7811602962314135,2018-08-18,"{""type"":""MultiPoint"",""coordinates"":[]}"
20180819,5.324483335830316,2018-08-19,"{""type"":""MultiPoint"",""coordinates"":[]}"
20180820,9.866298407204109,2018-08-20,"{""type"":""MultiPoint"",""coordinates"":[]}"
20180821,34.543299768640466,2018-08-21,"{""type"":""MultiPoint"",""coordinates"":[]}"
20180822,0,2018-08-22,"{""type"":""MultiPoint"",""coordinates"":[]}"
20180823,0,2018-08-23,"{""type"":""MultiPoint"",""coordinates"":[]}"
20180824,0,2018-08-24,"{""type"":""MultiPoint"",""coordinates"":[]}"
20180825,0.3890192611211187,2018-08-25,"{""type"":""MultiPoint"",""coordinates"":[]}"
20180826,0,2018-08-26,"{""type"":""MultiPoint"",""coordinates"":[]}"
20180827,15.683629975021821,2018-08-27,"{""type"":""MultiPoint"",""coordinates"":[]}"
20180828,1.705322975527744,2018-08-28,"{""type"":""MultiPoint"",""coordinates"":[]}"
20180829,0.027999917889290505,2018-08-29,"{""type"":""MultiPoint"",""coordinates"":[]}"
20180830,0,2018-08-30,"{""type"":""MultiPoint"",""coordinates"":[]}"
20180831,0.8981033563464699,2018-08-31,"{""type"":""MultiPoint"",""coordinates"":[]}"
20180901,0.1625024779641873,2018-09-01,"{""type"":""MultiPoint"",""coordinates"":[]}"
20180902,0.2970006334233279,2018-09-02,"{""type"":""MultiPoint"",""coordinates"":[]}"
20180903,0,2018-09-03,"{""type"":""MultiPoint"",""coordinates"":[]}"
20180904,0,2018-09-04,"{""type"":""MultiPoint"",""coordinates"":[]}"
20180905,0,2018-09-05,"{""type"":""MultiPoint"",""coordinates"":[]}"
20180906,0,2018-09-06,"{""type"":""MultiPoint"",""coordinates"":[]}"
20180907,0,2018-09-07,"{""type"":""MultiPoint"",""coordinates"":[]}"
20180908,0,2018-09-08,"{""type"":""MultiPoint"",""coordinates"":[]}"
20180909,0,2018-09-09,"{""type"":""MultiPoint"",""coordinates"":[]}"
20180910,0,2018-09-10,"{""type"":""MultiPoint"",""coordinates"":[]}"
20180911,0,2018-09-11,"{""type"":""MultiPoint"",""coordinates"":[]}"
20180912,0,2018-09-12,"{""type"":""MultiPoint"",""coordinates"":[]}"
20180913,0,2018-09-13,"{""type"":""MultiPoint"",""coordinates"":[]}"
20180914,0,2018-09-14,"{""type"":""MultiPoint"",""coordinates"":[]}"
20180915,0,2018-09-15,"{""type"":""MultiPoint"",""coordinates"":[]}"
20180916,0,2018-09-16,"{""type"":""MultiPoint"",""coordinates"":[]}"
20180917,0,2018-09-17,"{""type"":""MultiPoint"",""coordinates"":[]}"
20180918,0,2018-09-18,"{""type"":""MultiPoint"",""coordinates"":[]}"
20180919,0.3772799963087219,2018-09-19,"{""type"":""MultiPoint"",""coordinates"":[]}"
20180920,8.658509095157717,2018-09-20,"{""type"":""MultiPoint"",""coordinates"":[]}"
20180921,11.884613610167483,2018-09-21,"{""type"":""MultiPoint"",""coordinates"":[]}"
20180922,12.864953161971926,2018-09-22,"{""type"":""MultiPoint"",""coordinates"":[]}"
20180923,0.011917428047408042,2018-09-23,"{""type"":""MultiPoint"",""coordinates"":[]}"
20180924,0.023704338964991616,2018-09-24,"{""type"":""MultiPoint"",""coordinates"":[]}"
20180925,1.7964348148818376,2018-09-25,"{""type"":""MultiPoint"",""coordinates"":[]}"
20180926,9.012634402098946,2018-09-26,"{""type"":""MultiPoint"",""coordinates"":[]}"
20180927,11.713519290008149,2018-09-27,"{""type"":""MultiPoint"",""coordinates"":[]}"
20180928,12.702168683112522,2018-09-28,"{""type"":""MultiPoint"",""coordinates"":[]}"
20180929,3.294205825816585,2018-09-29,"{""type"":""MultiPoint"",""coordinates"":[]}"
20180930,3.3496562207029226,2018-09-30,"{""type"":""MultiPoint"",""coordinates"":[]}"
20181001,1.9116466982631837,2018-10-01,"{""type"":""MultiPoint"",""coordinates"":[]}"
20181002,3.504314950794431,2018-10-02,"{""type"":""MultiPoint"",""coordinates"":[]}"
20181003,4.686328542,2018-10-03,"{""type"":""MultiPoint"",""coordinates"":[]}"
20181004,9.472689056586793,2018-10-04,"{""type"":""MultiPoint"",""coordinates"":[]}"
20181005,0.7003760327386702,2018-10-05,"{""type"":""MultiPoint"",""coordinates"":[]}"
20181006,0,2018-10-06,"{""type"":""MultiPoint"",""coordinates"":[]}"
20181007,0,2018-10-07,"{""type"":""MultiPoint"",""coordinates"":[]}"
20181008,0,2018-10-08,"{""type"":""MultiPoint"",""coordinates"":[]}"
20181009,1.8768688999468876E-4,2018-10-09,"{""type"":""MultiPoint"",""coordinates"":[]}"
20181010,0.016852529108333306,2018-10-10,"{""type"":""MultiPoint"",""coordinates"":[]}"
20181011,0,2018-10-11,"{""type"":""MultiPoint"",""coordinates"":[]}"
20181012,0,2018-10-12,"{""type"":""MultiPoint"",""coordinates"":[]}"
20181013,0,2018-10-13,"{""type"":""MultiPoint"",""coordinates"":[]}"
20181014,0,2018-10-14,"{""type"":""MultiPoint"",""coordinates"":[]}"
20181015,0,2018-10-15,"{""type"":""MultiPoint"",""coordinates"":[]}"
20181016,4.5054363151310355,2018-10-16,"{""type"":""MultiPoint"",""coordinates"":[]}"
20181017,15.432359323388386,2018-10-17,"{""type"":""MultiPoint"",""coordinates"":[]}"
20181018,14.075077115746856,2018-10-18,"{""type"":""MultiPoint"",""coordinates"":[]}"
20181019,3.4177475568723255,2018-10-19,"{""type"":""MultiPoint"",""coordinates"":[]}"
20181020,0,2018-10-20,"{""type"":""MultiPoint"",""coordinates"":[]}"
20181021,0,2018-10-21,"{""type"":""MultiPoint"",""coordinates"":[]}"
20181022,0,2018-10-22,"{""type"":""MultiPoint"",""coordinates"":[]}"
20181023,0,2018-10-23,"{""type"":""MultiPoint"",""coordinates"":[]}"
20181024,0,2018-10-24,"{""type"":""MultiPoint"",""coordinates"":[]}"
20181025,0.12459141492790499,2018-10-25,"{""type"":""MultiPoint"",""coordinates"":[]}"
20181026,0,2018-10-26,"{""type"":""MultiPoint"",""coordinates"":[]}"
20181027,0,2018-10-27,"{""type"":""MultiPoint"",""coordinates"":[]}"
20181028,0,2018-10-28,"{""type"":""MultiPoint"",""coordinates"":[]}"
20181029,0,2018-10-29,"{""type"":""MultiPoint"",""coordinates"":[]}"
20181030,0,2018-10-30,"{""type"":""MultiPoint"",""coordinates"":[]}"
20181031,0,2018-10-31,"{""type"":""MultiPoint"",""coordinates"":[]}"
20181101,0,2018-11-01,"{""type"":""MultiPoint"",""coordinates"":[]}"
20181102,0,2018-11-02,"{""type"":""MultiPoint"",""coordinates"":[]}"
20181103,5.2820148451003215,2018-11-03,"{""type"":""MultiPoint"",""coordinates"":[]}"
20181104,6.524999954,2018-11-04,"{""type"":""MultiPoint"",""coordinates"":[]}"
20181105,3.2790075568045527,2018-11-05,"{""type"":""MultiPoint"",""coordinates"":[]}"
20181106,1.0105059690419445,2018-11-06,"{""type"":""MultiPoint"",""coordinates"":[]}"
20181107,0,2018-11-07,"{""type"":""MultiPoint"",""coordinates"":[]}"
20181108,0,2018-11-08,"{""type"":""MultiPoint"",""coordinates"":[]}"
20181109,0,2018-11-09,"{""type"":""MultiPoint"",""coordinates"":[]}"
20181110,0,2018-11-10,"{""type"":""MultiPoint"",""coordinates"":[]}"
20181111,0,2018-11-11,"{""type"":""MultiPoint"",""coordinates"":[]}"
20181112,0,2018-11-12,"{""type"":""MultiPoint"",""coordinates"":[]}"
20181113,0,2018-11-13,"{""type"":""MultiPoint"",""coordinates"":[]}"
20181114,0,2018-11-14,"{""type"":""MultiPoint"",""coordinates"":[]}"
20181115,0,2018-11-15,"{""type"":""MultiPoint"",""coordinates"":[]}"
20181116,0,2018-11-16,"{""type"":""MultiPoint"",""coordinates"":[]}"
20181117,0,2018-11-17,"{""type"":""MultiPoint"",""coordinates"":[]}"
20181118,0.023380288230585976,2018-11-18,"{""type"":""MultiPoint"",""coordinates"":[]}"
20181119,0.8798210234979056,2018-11-19,"{""type"":""MultiPoint"",""coordinates"":[]}"
20181120,0.5712355308150344,2018-11-20,"{""type"":""MultiPoint"",""coordinates"":[]}"
20181121,1.0674265116512496,2018-11-21,"{""type"":""MultiPoint"",""coordinates"":[]}"
20181122,0,2018-11-22,"{""type"":""MultiPoint"",""coordinates"":[]}"
20181123,0,2018-11-23,"{""type"":""MultiPoint"",""coordinates"":[]}"
20181124,0,2018-11-24,"{""type"":""MultiPoint"",""coordinates"":[]}"
20181125,0.054744508,2018-11-25,"{""type"":""MultiPoint"",""coordinates"":[]}"
20181126,0,2018-11-26,"{""type"":""MultiPoint"",""coordinates"":[]}"
20181127,0,2018-11-27,"{""type"":""MultiPoint"",""coordinates"":[]}"
20181128,0,2018-11-28,"{""type"":""MultiPoint"",""coordinates"":[]}"
20181129,0,2018-11-29,"{""type"":""MultiPoint"",""coordinates"":[]}"
20181130,0.012244275961428729,2018-11-30,"{""type"":""MultiPoint"",""coordinates"":[]}"
20181201,0.16535347969158717,2018-12-01,"{""type"":""MultiPoint"",""coordinates"":[]}"
20181202,0,2018-12-02,"{""type"":""MultiPoint"",""coordinates"":[]}"
20181203,0.01037003,2018-12-03,"{""type"":""MultiPoint"",""coordinates"":[]}"
20181204,0,2018-12-04,"{""type"":""MultiPoint"",""coordinates"":[]}"
20181205,0.5748610817323024,2018-12-05,"{""type"":""MultiPoint"",""coordinates"":[]}"
20181206,0.2597272332127279,2018-12-06,"{""type"":""MultiPoint"",""coordinates"":[]}"
20181207,0,2018-12-07,"{""type"":""MultiPoint"",""coordinates"":[]}"
20181208,0,2018-12-08,"{""type"":""MultiPoint"",""coordinates"":[]}"
20181209,0.00899471,2018-12-09,"{""type"":""MultiPoint"",""coordinates"":[]}"
20181210,0,2018-12-10,"{""type"":""MultiPoint"",""coordinates"":[]}"
20181211,0,2018-12-11,"{""type"":""MultiPoint"",""coordinates"":[]}"
20181212,0,2018-12-12,"{""type"":""MultiPoint"",""coordinates"":[]}"
20181213,0,2018-12-13,"{""type"":""MultiPoint"",""coordinates"":[]}"
20181214,0.053482412,2018-12-14,"{""type"":""MultiPoint"",""coordinates"":[]}"
20181215,0,2018-12-15,"{""type"":""MultiPoint"",""coordinates"":[]}"
20181216,0,2018-12-16,"{""type"":""MultiPoint"",""coordinates"":[]}"
20181217,0.055064934,2018-12-17,"{""type"":""MultiPoint"",""coordinates"":[]}"
20181218,0,2018-12-18,"{""type"":""MultiPoint"",""coordinates"":[]}"
20181219,0,2018-12-19,"{""type"":""MultiPoint"",""coordinates"":[]}"
20181220,0,2018-12-20,"{""type"":""MultiPoint"",""coordinates"":[]}"
20181221,0.41432329669107193,2018-12-21,"{""type"":""MultiPoint"",""coordinates"":[]}"
20181222,0.7094817527562158,2018-12-22,"{""type"":""MultiPoint"",""coordinates"":[]}"
20181223,0.048976933,2018-12-23,"{""type"":""MultiPoint"",""coordinates"":[]}"
20181224,0.098138604,2018-12-24,"{""type"":""MultiPoint"",""coordinates"":[]}"
20181225,0.7004139120230604,2018-12-25,"{""type"":""MultiPoint"",""coordinates"":[]}"
20181226,0,2018-12-26,"{""type"":""MultiPoint"",""coordinates"":[]}"
20181227,0,2018-12-27,"{""type"":""MultiPoint"",""coordinates"":[]}"
20181228,6.850287012798106E-4,2018-12-28,"{""type"":""MultiPoint"",""coordinates"":[]}"
20181229,0,2018-12-29,"{""type"":""MultiPoint"",""coordinates"":[]}"
20181230,0,2018-12-30,"{""type"":""MultiPoint"",""coordinates"":[]}"
20181231,0.13066251744163013,2018-12-31,"{""type"":""MultiPoint"",""coordinates"":[]}"
20190101,0,2019-01-01,"{""type"":""MultiPoint"",""coordinates"":[]}"
20190102,0,2019-01-02,"{""type"":""MultiPoint"",""coordinates"":[]}"
20190103,0,2019-01-03,"{""type"":""MultiPoint"",""coordinates"":[]}"
20190104,0,2019-01-04,"{""type"":""MultiPoint"",""coordinates"":[]}"
20190105,0,2019-01-05,"{""type"":""MultiPoint"",""coordinates"":[]}"
20190106,0,2019-01-06,"{""type"":""MultiPoint"",""coordinates"":[]}"
20190107,0,2019-01-07,"{""type"":""MultiPoint"",""coordinates"":[]}"
20190108,3.953656884630679E-4,2019-01-08,"{""type"":""MultiPoint"",""coordinates"":[]}"
20190109,0,2019-01-09,"{""type"":""MultiPoint"",""coordinates"":[]}"
20190110,0,2019-01-10,"{""type"":""MultiPoint"",""coordinates"":[]}"
20190111,0,2019-01-11,"{""type"":""MultiPoint"",""coordinates"":[]}"
20190112,0,2019-01-12,"{""type"":""MultiPoint"",""coordinates"":[]}"
20190113,0,2019-01-13,"{""type"":""MultiPoint"",""coordinates"":[]}"
20190114,0,2019-01-14,"{""type"":""MultiPoint"",""coordinates"":[]}"
20190115,0,2019-01-15,"{""type"":""MultiPoint"",""coordinates"":[]}"
20190116,0,2019-01-16,"{""type"":""MultiPoint"",""coordinates"":[]}"
20190117,0,2019-01-17,"{""type"":""MultiPoint"",""coordinates"":[]}"
20190118,0,2019-01-18,"{""type"":""MultiPoint"",""coordinates"":[]}"
20190119,0,2019-01-19,"{""type"":""MultiPoint"",""coordinates"":[]}"
20190120,0,2019-01-20,"{""type"":""MultiPoint"",""coordinates"":[]}"
20190121,0,2019-01-21,"{""type"":""MultiPoint"",""coordinates"":[]}"
20190122,0,2019-01-22,"{""type"":""MultiPoint"",""coordinates"":[]}"
20190123,0,2019-01-23,"{""type"":""MultiPoint"",""coordinates"":[]}"
20190124,0,2019-01-24,"{""type"":""MultiPoint"",""coordinates"":[]}"
20190125,0,2019-01-25,"{""type"":""MultiPoint"",""coordinates"":[]}"
20190126,0,2019-01-26,"{""type"":""MultiPoint"",""coordinates"":[]}"
20190127,0,2019-01-27,"{""type"":""MultiPoint"",""coordinates"":[]}"
20190128,0,2019-01-28,"{""type"":""MultiPoint"",""coordinates"":[]}"
20190129,0,2019-01-29,"{""type"":""MultiPoint"",""coordinates"":[]}"
20190130,4.916199102759589E-4,2019-01-30,"{""type"":""MultiPoint"",""coordinates"":[]}"
20190131,0,2019-01-31,"{""type"":""MultiPoint"",""coordinates"":[]}"
20190201,0,2019-02-01,"{""type"":""MultiPoint"",""coordinates"":[]}"
20190202,0,2019-02-02,"{""type"":""MultiPoint"",""coordinates"":[]}"
20190203,0,2019-02-03,"{""type"":""MultiPoint"",""coordinates"":[]}"
20190204,0.017563363203640426,2019-02-04,"{""type"":""MultiPoint"",""coordinates"":[]}"
20190205,0.012018362109161415,2019-02-05,"{""type"":""MultiPoint"",""coordinates"":[]}"
20190206,0,2019-02-06,"{""type"":""MultiPoint"",""coordinates"":[]}"
20190207,0,2019-02-07,"{""type"":""MultiPoint"",""coordinates"":[]}"
20190208,0,2019-02-08,"{""type"":""MultiPoint"",""coordinates"":[]}"
20190209,0,2019-02-09,"{""type"":""MultiPoint"",""coordinates"":[]}"
20190210,0.001538765,2019-02-10,"{""type"":""MultiPoint"",""coordinates"":[]}"
20190211,0.001812326,2019-02-11,"{""type"":""MultiPoint"",""coordinates"":[]}"
20190212,0,2019-02-12,"{""type"":""MultiPoint"",""coordinates"":[]}"
20190213,0.00835596,2019-02-13,"{""type"":""MultiPoint"",""coordinates"":[]}"
20190214,0,2019-02-14,"{""type"":""MultiPoint"",""coordinates"":[]}"
20190215,0,2019-02-15,"{""type"":""MultiPoint"",""coordinates"":[]}"
20190216,0,2019-02-16,"{""type"":""MultiPoint"",""coordinates"":[]}"
20190217,0,2019-02-17,"{""type"":""MultiPoint"",""coordinates"":[]}"
20190218,0.016406177,2019-02-18,"{""type"":""MultiPoint"",""coordinates"":[]}"
20190219,0,2019-02-19,"{""type"":""MultiPoint"",""coordinates"":[]}"
20190220,0,2019-02-20,"{""type"":""MultiPoint"",""coordinates"":[]}"
20190221,0,2019-02-21,"{""type"":""MultiPoint"",""coordinates"":[]}"
20190222,0,2019-02-22,"{""type"":""MultiPoint"",""coordinates"":[]}"
20190223,0,2019-02-23,"{""type"":""MultiPoint"",""coordinates"":[]}"
20190224,0.001154741,2019-02-24,"{""type"":""MultiPoint"",""coordinates"":[]}"
20190225,0,2019-02-25,"{""type"":""MultiPoint"",""coordinates"":[]}"
20190226,0,2019-02-26,"{""type"":""MultiPoint"",""coordinates"":[]}"
20190227,0,2019-02-27,"{""type"":""MultiPoint"",""coordinates"":[]}"
20190228,0,2019-02-28,"{""type"":""MultiPoint"",""coordinates"":[]}"
20190301,0,2019-03-01,"{""type"":""MultiPoint"",""coordinates"":[]}"
20190302,0,2019-03-02,"{""type"":""MultiPoint"",""coordinates"":[]}"
20190303,0,2019-03-03,"{""type"":""MultiPoint"",""coordinates"":[]}"
20190304,0,2019-03-04,"{""type"":""MultiPoint"",""coordinates"":[]}"
20190305,0,2019-03-05,"{""type"":""MultiPoint"",""coordinates"":[]}"
20190306,0,2019-03-06,"{""type"":""MultiPoint"",""coordinates"":[]}"
20190307,0,2019-03-07,"{""type"":""MultiPoint"",""coordinates"":[]}"
20190308,0,2019-03-08,"{""type"":""MultiPoint"",""coordinates"":[]}"
20190309,0,2019-03-09,"{""type"":""MultiPoint"",""coordinates"":[]}"
20190310,0,2019-03-10,"{""type"":""MultiPoint"",""coordinates"":[]}"
20190311,0,2019-03-11,"{""type"":""MultiPoint"",""coordinates"":[]}"
20190312,0,2019-03-12,"{""type"":""MultiPoint"",""coordinates"":[]}"
20190313,0,2019-03-13,"{""type"":""MultiPoint"",""coordinates"":[]}"
20190314,0,2019-03-14,"{""type"":""MultiPoint"",""coordinates"":[]}"
20190315,0,2019-03-15,"{""type"":""MultiPoint"",""coordinates"":[]}"
20190316,0,2019-03-16,"{""type"":""MultiPoint"",""coordinates"":[]}"
20190317,0,2019-03-17,"{""type"":""MultiPoint"",""coordinates"":[]}"
20190318,0,2019-03-18,"{""type"":""MultiPoint"",""coordinates"":[]}"
20190319,0,2019-03-19,"{""type"":""MultiPoint"",""coordinates"":[]}"
20190320,0,2019-03-20,"{""type"":""MultiPoint"",""coordinates"":[]}"
20190321,0,2019-03-21,"{""type"":""MultiPoint"",""coordinates"":[]}"
20190322,0,2019-03-22,"{""type"":""MultiPoint"",""coordinates"":[]}"
20190323,0,2019-03-23,"{""type"":""MultiPoint"",""coordinates"":[]}"
20190324,0,2019-03-24,"{""type"":""MultiPoint"",""coordinates"":[]}"
20190325,0,2019-03-25,"{""type"":""MultiPoint"",""coordinates"":[]}"
20190326,0,2019-03-26,"{""type"":""MultiPoint"",""coordinates"":[]}"
20190327,0,2019-03-27,"{""type"":""MultiPoint"",""coordinates"":[]}"
20190328,0,2019-03-28,"{""type"":""MultiPoint"",""coordinates"":[]}"
20190329,0,2019-03-29,"{""type"":""MultiPoint"",""coordinates"":[]}"
20190330,0,2019-03-30,"{""type"":""MultiPoint"",""coordinates"":[]}"
20190331,0,2019-03-31,"{""type"":""MultiPoint"",""coordinates"":[]}"
20190401,0,2019-04-01,"{""type"":""MultiPoint"",""coordinates"":[]}"
20190402,0,2019-04-02,"{""type"":""MultiPoint"",""coordinates"":[]}"
20190403,0,2019-04-03,"{""type"":""MultiPoint"",""coordinates"":[]}"
20190404,0.015143016479752169,2019-04-04,"{""type"":""MultiPoint"",""coordinates"":[]}"
20190405,9.425996873507201E-4,2019-04-05,"{""type"":""MultiPoint"",""coordinates"":[]}"
20190406,0,2019-04-06,"{""type"":""MultiPoint"",""coordinates"":[]}"
20190407,0,2019-04-07,"{""type"":""MultiPoint"",""coordinates"":[]}"
20190408,0,2019-04-08,"{""type"":""MultiPoint"",""coordinates"":[]}"
20190409,0,2019-04-09,"{""type"":""MultiPoint"",""coordinates"":[]}"
20190410,0,2019-04-10,"{""type"":""MultiPoint"",""coordinates"":[]}"
20190411,0,2019-04-11,"{""type"":""MultiPoint"",""coordinates"":[]}"
20190412,0,2019-04-12,"{""type"":""MultiPoint"",""coordinates"":[]}"
20190413,2.279009485496708,2019-04-13,"{""type"":""MultiPoint"",""coordinates"":[]}"
20190414,1.9536346381235625,2019-04-14,"{""type"":""MultiPoint"",""coordinates"":[]}"
20190415,1.4173326243123383,2019-04-15,"{""type"":""MultiPoint"",""coordinates"":[]}"
20190416,0.2025753734697852,2019-04-16,"{""type"":""MultiPoint"",""coordinates"":[]}"
20190417,0,2019-04-17,"{""type"":""MultiPoint"",""coordinates"":[]}"
20190418,0,2019-04-18,"{""type"":""MultiPoint"",""coordinates"":[]}"
20190419,0,2019-04-19,"{""type"":""MultiPoint"",""coordinates"":[]}"
20190420,0,2019-04-20,"{""type"":""MultiPoint"",""coordinates"":[]}"
20190421,0.18109198566833593,2019-04-21,"{""type"":""MultiPoint"",""coordinates"":[]}"
20190422,0.5164096594511887,2019-04-22,"{""type"":""MultiPoint"",""coordinates"":[]}"
20190423,0.42503256971743597,2019-04-23,"{""type"":""MultiPoint"",""coordinates"":[]}"
20190424,7.023261219558759E-4,2019-04-24,"{""type"":""MultiPoint"",""coordinates"":[]}"
20190425,0.22597645006525172,2019-04-25,"{""type"":""MultiPoint"",""coordinates"":[]}"
20190426,0,2019-04-26,"{""type"":""MultiPoint"",""coordinates"":[]}"
20190427,0.19984902351208572,2019-04-27,"{""type"":""MultiPoint"",""coordinates"":[]}"
20190428,0,2019-04-28,"{""type"":""MultiPoint"",""coordinates"":[]}"
20190429,0,2019-04-29,"{""type"":""MultiPoint"",""coordinates"":[]}"
20190430,0,2019-04-30,"{""type"":""MultiPoint"",""coordinates"":[]}"
20190501,0,2019-05-01,"{""type"":""MultiPoint"",""coordinates"":[]}"
20190502,0,2019-05-02,"{""type"":""MultiPoint"",""coordinates"":[]}"
20190503,0,2019-05-03,"{""type"":""MultiPoint"",""coordinates"":[]}"
20190504,0,2019-05-04,"{""type"":""MultiPoint"",""coordinates"":[]}"
20190505,0,2019-05-05,"{""type"":""MultiPoint"",""coordinates"":[]}"
20190506,0.011069040613590429,2019-05-06,"{""type"":""MultiPoint"",""coordinates"":[]}"
20190507,0,2019-05-07,"{""type"":""MultiPoint"",""coordinates"":[]}"
20190508,0,2019-05-08,"{""type"":""MultiPoint"",""coordinates"":[]}"
20190509,0.03087586,2019-05-09,"{""type"":""MultiPoint"",""coordinates"":[]}"
20190510,0,2019-05-10,"{""type"":""MultiPoint"",""coordinates"":[]}"
20190511,0.00485941,2019-05-11,"{""type"":""MultiPoint"",""coordinates"":[]}"
20190512,0,2019-05-12,"{""type"":""MultiPoint"",""coordinates"":[]}"
20190513,0.002149879,2019-05-13,"{""type"":""MultiPoint"",""coordinates"":[]}"
20190514,0,2019-05-14,"{""type"":""MultiPoint"",""coordinates"":[]}"
20190515,0,2019-05-15,"{""type"":""MultiPoint"",""coordinates"":[]}"
20190516,0,2019-05-16,"{""type"":""MultiPoint"",""coordinates"":[]}"
20190517,0,2019-05-17,"{""type"":""MultiPoint"",""coordinates"":[]}"
20190518,0.002139424,2019-05-18,"{""type"":""MultiPoint"",""coordinates"":[]}"
20190519,0,2019-05-19,"{""type"":""MultiPoint"",""coordinates"":[]}"
20190520,0.014194358,2019-05-20,"{""type"":""MultiPoint"",""coordinates"":[]}"
20190521,0.019470514,2019-05-21,"{""type"":""MultiPoint"",""coordinates"":[]}"
20190522,0.006101651,2019-05-22,"{""type"":""MultiPoint"",""coordinates"":[]}"
20190523,0,2019-05-23,"{""type"":""MultiPoint"",""coordinates"":[]}"
20190524,0.007102105,2019-05-24,"{""type"":""MultiPoint"",""coordinates"":[]}"
20190525,0,2019-05-25,"{""type"":""MultiPoint"",""coordinates"":[]}"
20190526,0,2019-05-26,"{""type"":""MultiPoint"",""coordinates"":[]}"
20190527,0,2019-05-27,"{""type"":""MultiPoint"",""coordinates"":[]}"
20190528,0,2019-05-28,"{""type"":""MultiPoint"",""coordinates"":[]}"
20190529,0,2019-05-29,"{""type"":""MultiPoint"",""coordinates"":[]}"
20190530,0,2019-05-30,"{""type"":""MultiPoint"",""coordinates"":[]}"
20190531,0.004528964,2019-05-31,"{""type"":""MultiPoint"",""coordinates"":[]}"
20190601,0.036431709883140186,2019-06-01,"{""type"":""MultiPoint"",""coordinates"":[]}"
20190602,3.629684584652837,2019-06-02,"{""type"":""MultiPoint"",""coordinates"":[]}"
20190603,6.396828795758385,2019-06-03,"{""type"":""MultiPoint"",""coordinates"":[]}"
20190604,1.601909408807304,2019-06-04,"{""type"":""MultiPoint"",""coordinates"":[]}"
20190605,0.001576087,2019-06-05,"{""type"":""MultiPoint"",""coordinates"":[]}"
20190606,0.14607837266772034,2019-06-06,"{""type"":""MultiPoint"",""coordinates"":[]}"
20190607,7.085095044120383,2019-06-07,"{""type"":""MultiPoint"",""coordinates"":[]}"
20190608,1.3780464258744765,2019-06-08,"{""type"":""MultiPoint"",""coordinates"":[]}"
20190609,14.538777945752257,2019-06-09,"{""type"":""MultiPoint"",""coordinates"":[]}"
20190610,10.934284819289921,2019-06-10,"{""type"":""MultiPoint"",""coordinates"":[]}"
20190611,8.981905819,2019-06-11,"{""type"":""MultiPoint"",""coordinates"":[]}"
20190612,3.0219287217323205,2019-06-12,"{""type"":""MultiPoint"",""coordinates"":[]}"
20190613,1.6258538692114264,2019-06-13,"{""type"":""MultiPoint"",""coordinates"":[]}"
20190614,1.3127166444168774,2019-06-14,"{""type"":""MultiPoint"",""coordinates"":[]}"
20190615,1.5093547262936673,2019-06-15,"{""type"":""MultiPoint"",""coordinates"":[]}"
20190616,0,2019-06-16,"{""type"":""MultiPoint"",""coordinates"":[]}"
20190617,0,2019-06-17,"{""type"":""MultiPoint"",""coordinates"":[]}"
20190618,0,2019-06-18,"{""type"":""MultiPoint"",""coordinates"":[]}"
20190619,3.4535411554754982,2019-06-19,"{""type"":""MultiPoint"",""coordinates"":[]}"
20190620,0,2019-06-20,"{""type"":""MultiPoint"",""coordinates"":[]}"
20190621,7.297846060721957E-4,2019-06-21,"{""type"":""MultiPoint"",""coordinates"":[]}"
20190622,9.840197374168735,2019-06-22,"{""type"":""MultiPoint"",""coordinates"":[]}"
20190623,2.648265111042678,2019-06-23,"{""type"":""MultiPoint"",""coordinates"":[]}"
20190624,6.195024039322683,2019-06-24,"{""type"":""MultiPoint"",""coordinates"":[]}"
20190625,1.6198046845191123,2019-06-25,"{""type"":""MultiPoint"",""coordinates"":[]}"
20190626,12.954013964115907,2019-06-26,"{""type"":""MultiPoint"",""coordinates"":[]}"
20190627,14.484763617914437,2019-06-27,"{""type"":""MultiPoint"",""coordinates"":[]}"
20190628,41.485405558630475,2019-06-28,"{""type"":""MultiPoint"",""coordinates"":[]}"
20190629,9.848807077732292,2019-06-29,"{""type"":""MultiPoint"",""coordinates"":[]}"
20190630,0.062900246,2019-06-30,"{""type"":""MultiPoint"",""coordinates"":[]}"
20190701,11.568008187445919,2019-07-01,"{""type"":""MultiPoint"",""coordinates"":[]}"
20190702,7.011682184392174,2019-07-02,"{""type"":""MultiPoint"",""coordinates"":[]}"
20190703,29.332698859048374,2019-07-03,"{""type"":""MultiPoint"",""coordinates"":[]}"
20190704,0,2019-07-04,"{""type"":""MultiPoint"",""coordinates"":[]}"
20190705,27.093383541414358,2019-07-05,"{""type"":""MultiPoint"",""coordinates"":[]}"
20190706,7.236102524321316,2019-07-06,"{""type"":""MultiPoint"",""coordinates"":[]}"
20190707,1.895894838543244,2019-07-07,"{""type"":""MultiPoint"",""coordinates"":[]}"
20190708,11.127405145539216,2019-07-08,"{""type"":""MultiPoint"",""coordinates"":[]}"
20190709,0,2019-07-09,"{""type"":""MultiPoint"",""coordinates"":[]}"
20190710,7.473972606736066,2019-07-10,"{""type"":""MultiPoint"",""coordinates"":[]}"
20190711,0.59505224,2019-07-11,"{""type"":""MultiPoint"",""coordinates"":[]}"
20190712,0.7898211002807013,2019-07-12,"{""type"":""MultiPoint"",""coordinates"":[]}"
20190713,0.47631900583313885,2019-07-13,"{""type"":""MultiPoint"",""coordinates"":[]}"
20190714,0,2019-07-14,"{""type"":""MultiPoint"",""coordinates"":[]}"
20190715,0,2019-07-15,"{""type"":""MultiPoint"",""coordinates"":[]}"
20190716,0,2019-07-16,"{""type"":""MultiPoint"",""coordinates"":[]}"
20190717,0.048756624,2019-07-17,"{""type"":""MultiPoint"",""coordinates"":[]}"
20190718,0,2019-07-18,"{""type"":""MultiPoint"",""coordinates"":[]}"
20190719,8.706589888050107,2019-07-19,"{""type"":""MultiPoint"",""coordinates"":[]}"
20190720,19.344699421356314,2019-07-20,"{""type"":""MultiPoint"",""coordinates"":[]}"
20190721,1.682809018005351,2019-07-21,"{""type"":""MultiPoint"",""coordinates"":[]}"
20190722,1.332102882680582,2019-07-22,"{""type"":""MultiPoint"",""coordinates"":[]}"
20190723,0.39280033853581603,2019-07-23,"{""type"":""MultiPoint"",""coordinates"":[]}"
20190724,0.9708304024397717,2019-07-24,"{""type"":""MultiPoint"",""coordinates"":[]}"
20190725,47.95851610723944,2019-07-25,"{""type"":""MultiPoint"",""coordinates"":[]}"
20190726,5.224599630036139,2019-07-26,"{""type"":""MultiPoint"",""coordinates"":[]}"
20190727,2.991990017285321,2019-07-27,"{""type"":""MultiPoint"",""coordinates"":[]}"
20190728,47.95307968547011,2019-07-28,"{""type"":""MultiPoint"",""coordinates"":[]}"
20190729,48.497596717650936,2019-07-29,"{""type"":""MultiPoint"",""coordinates"":[]}"
20190730,27.007654964534357,2019-07-30,"{""type"":""MultiPoint"",""coordinates"":[]}"
20190731,28.787828313051747,2019-07-31,"{""type"":""MultiPoint"",""coordinates"":[]}"
20190801,0,2019-08-01,"{""type"":""MultiPoint"",""coordinates"":[]}"
20190802,4.278163485851938,2019-08-02,"{""type"":""MultiPoint"",""coordinates"":[]}"
20190803,2.5477800416276533,2019-08-03,"{""type"":""MultiPoint"",""coordinates"":[]}"
20190804,29.639406727280228,2019-08-04,"{""type"":""MultiPoint"",""coordinates"":[]}"
20190805,0,2019-08-05,"{""type"":""MultiPoint"",""coordinates"":[]}"
20190806,0.027516537,2019-08-06,"{""type"":""MultiPoint"",""coordinates"":[]}"
20190807,1.2639234710320357,2019-08-07,"{""type"":""MultiPoint"",""coordinates"":[]}"
20190808,37.894665954506486,2019-08-08,"{""type"":""MultiPoint"",""coordinates"":[]}"
20190809,14.216426725872763,2019-08-09,"{""type"":""MultiPoint"",""coordinates"":[]}"
20190810,0,2019-08-10,"{""type"":""MultiPoint"",""coordinates"":[]}"
20190811,0,2019-08-11,"{""type"":""MultiPoint"",""coordinates"":[]}"
20190812,0,2019-08-12,"{""type"":""MultiPoint"",""coordinates"":[]}"
20190813,0,2019-08-13,"{""type"":""MultiPoint"",""coordinates"":[]}"
20190814,0.1082847758284783,2019-08-14,"{""type"":""MultiPoint"",""coordinates"":[]}"
20190815,0.6558404649154048,2019-08-15,"{""type"":""MultiPoint"",""coordinates"":[]}"
20190816,0,2019-08-16,"{""type"":""MultiPoint"",""coordinates"":[]}"
20190817,0.10485684705536885,2019-08-17,"{""type"":""MultiPoint"",""coordinates"":[]}"
20190818,0,2019-08-18,"{""type"":""MultiPoint"",""coordinates"":[]}"
20190819,0,2019-08-19,"{""type"":""MultiPoint"",""coordinates"":[]}"
20190820,0.3201385233122285,2019-08-20,"{""type"":""MultiPoint"",""coordinates"":[]}"
20190821,0.388517109,2019-08-21,"{""type"":""MultiPoint"",""coordinates"":[]}"
20190822,0,2019-08-22,"{""type"":""MultiPoint"",""coordinates"":[]}"
20190823,0,2019-08-23,"{""type"":""MultiPoint"",""coordinates"":[]}"
20190824,0.020661355,2019-08-24,"{""type"":""MultiPoint"",""coordinates"":[]}"
20190825,0,2019-08-25,"{""type"":""MultiPoint"",""coordinates"":[]}"
20190826,0,2019-08-26,"{""type"":""MultiPoint"",""coordinates"":[]}"
20190827,0,2019-08-27,"{""type"":""MultiPoint"",""coordinates"":[]}"
20190828,0,2019-08-28,"{""type"":""MultiPoint"",""coordinates"":[]}"
20190829,7.482514546779785,2019-08-29,"{""type"":""MultiPoint"",""coordinates"":[]}"
20190830,25.417966048346745,2019-08-30,"{""type"":""MultiPoint"",""coordinates"":[]}"
20190831,4.796033139167134,2019-08-31,"{""type"":""MultiPoint"",""coordinates"":[]}"
20190901,0.3934239812693848,2019-09-01,"{""type"":""MultiPoint"",""coordinates"":[]}"
20190902,0,2019-09-02,"{""type"":""MultiPoint"",""coordinates"":[]}"
20190903,1.6135699189732164,2019-09-03,"{""type"":""MultiPoint"",""coordinates"":[]}"
20190904,4.718588721435991,2019-09-04,"{""type"":""MultiPoint"",""coordinates"":[]}"
20190905,0.005499314,2019-09-05,"{""type"":""MultiPoint"",""coordinates"":[]}"
20190906,12.053222656213812,2019-09-06,"{""type"":""MultiPoint"",""coordinates"":[]}"
20190907,0,2019-09-07,"{""type"":""MultiPoint"",""coordinates"":[]}"
20190908,7.898644041232586,2019-09-08,"{""type"":""MultiPoint"",""coordinates"":[]}"
20190909,1.6247626235189783,2019-09-09,"{""type"":""MultiPoint"",""coordinates"":[]}"
20190910,0,2019-09-10,"{""type"":""MultiPoint"",""coordinates"":[]}"
20190911,9.309659297802073,2019-09-11,"{""type"":""MultiPoint"",""coordinates"":[]}"
20190912,0.7789890464204489,2019-09-12,"{""type"":""MultiPoint"",""coordinates"":[]}"
20190913,4.811856268869551,2019-09-13,"{""type"":""MultiPoint"",""coordinates"":[]}"
20190914,0,2019-09-14,"{""type"":""MultiPoint"",""coordinates"":[]}"
20190915,0,2019-09-15,"{""type"":""MultiPoint"",""coordinates"":[]}"
20190916,0,2019-09-16,"{""type"":""MultiPoint"",""coordinates"":[]}"
20190917,7.511031911992761,2019-09-17,"{""type"":""MultiPoint"",""coordinates"":[]}"
20190918,29.925430580287973,2019-09-18,"{""type"":""MultiPoint"",""coordinates"":[]}"
20190919,54.4920087,2019-09-19,"{""type"":""MultiPoint"",""coordinates"":[]}"
20190920,1.3541463991259741,2019-09-20,"{""type"":""MultiPoint"",""coordinates"":[]}"
20190921,0,2019-09-21,"{""type"":""MultiPoint"",""coordinates"":[]}"
20190922,0.3435570258275441,2019-09-22,"{""type"":""MultiPoint"",""coordinates"":[]}"
20190923,29.578297918153947,2019-09-23,"{""type"":""MultiPoint"",""coordinates"":[]}"
20190924,59.72739222198846,2019-09-24,"{""type"":""MultiPoint"",""coordinates"":[]}"
20190925,60.857958676328465,2019-09-25,"{""type"":""MultiPoint"",""coordinates"":[]}"
20190926,43.117918211268474,2019-09-26,"{""type"":""MultiPoint"",""coordinates"":[]}"
20190927,1.2200757562252948,2019-09-27,"{""type"":""MultiPoint"",""coordinates"":[]}"
20190928,1.9876677158322398,2019-09-28,"{""type"":""MultiPoint"",""coordinates"":[]}"
20190929,0.036742646,2019-09-29,"{""type"":""MultiPoint"",""coordinates"":[]}"
20190930,0.9956004020128608,2019-09-30,"{""type"":""MultiPoint"",""coordinates"":[]}"
20191001,0.073409576,2019-10-01,"{""type"":""MultiPoint"",""coordinates"":[]}"
20191002,0,2019-10-02,"{""type"":""MultiPoint"",""coordinates"":[]}"
20191003,8.149084569223922,2019-10-03,"{""type"":""MultiPoint"",""coordinates"":[]}"
20191004,15.760807575936091,2019-10-04,"{""type"":""MultiPoint"",""coordinates"":[]}"
20191005,10.168863982227654,2019-10-05,"{""type"":""MultiPoint"",""coordinates"":[]}"
20191006,2.1328307864282334,2019-10-06,"{""type"":""MultiPoint"",""coordinates"":[]}"
20191007,0.7619120156704619,2019-10-07,"{""type"":""MultiPoint"",""coordinates"":[]}"
20191008,6.5211694318409075,2019-10-08,"{""type"":""MultiPoint"",""coordinates"":[]}"
20191009,6.915236124694971,2019-10-09,"{""type"":""MultiPoint"",""coordinates"":[]}"
20191010,9.628775547143201,2019-10-10,"{""type"":""MultiPoint"",""coordinates"":[]}"
20191011,1.7406717869102053,2019-10-11,"{""type"":""MultiPoint"",""coordinates"":[]}"
20191012,5.330398366626196,2019-10-12,"{""type"":""MultiPoint"",""coordinates"":[]}"
20191013,5.3906702101411135,2019-10-13,"{""type"":""MultiPoint"",""coordinates"":[]}"
20191014,0,2019-10-14,"{""type"":""MultiPoint"",""coordinates"":[]}"
20191015,0,2019-10-15,"{""type"":""MultiPoint"",""coordinates"":[]}"
20191016,0,2019-10-16,"{""type"":""MultiPoint"",""coordinates"":[]}"
20191017,0,2019-10-17,"{""type"":""MultiPoint"",""coordinates"":[]}"
20191018,11.715115287072031,2019-10-18,"{""type"":""MultiPoint"",""coordinates"":[]}"
20191019,16.065769217203346,2019-10-19,"{""type"":""MultiPoint"",""coordinates"":[]}"
20191020,19.678342472001724,2019-10-20,"{""type"":""MultiPoint"",""coordinates"":[]}"
20191021,21.30106537943279,2019-10-21,"{""type"":""MultiPoint"",""coordinates"":[]}"
20191022,26.029292534551132,2019-10-22,"{""type"":""MultiPoint"",""coordinates"":[]}"
20191023,5.596525200121375,2019-10-23,"{""type"":""MultiPoint"",""coordinates"":[]}"
20191024,5.932638313099115,2019-10-24,"{""type"":""MultiPoint"",""coordinates"":[]}"
20191025,8.190261493578806,2019-10-25,"{""type"":""MultiPoint"",""coordinates"":[]}"
20191026,6.673249033630564,2019-10-26,"{""type"":""MultiPoint"",""coordinates"":[]}"
20191027,0,2019-10-27,"{""type"":""MultiPoint"",""coordinates"":[]}"
20191028,0.8068203797370044,2019-10-28,"{""type"":""MultiPoint"",""coordinates"":[]}"
20191029,0.8679088481234662,2019-10-29,"{""type"":""MultiPoint"",""coordinates"":[]}"
20191030,1.512857013020164,2019-10-30,"{""type"":""MultiPoint"",""coordinates"":[]}"
20191031,0.021823595200755986,2019-10-31,"{""type"":""MultiPoint"",""coordinates"":[]}"
20191101,11.809481048325267,2019-11-01,"{""type"":""MultiPoint"",""coordinates"":[]}"
20191102,0.706011943,2019-11-02,"{""type"":""MultiPoint"",""coordinates"":[]}"
20191103,7.3368481855442615,2019-11-03,"{""type"":""MultiPoint"",""coordinates"":[]}"
20191104,4.6068285807076235,2019-11-04,"{""type"":""MultiPoint"",""coordinates"":[]}"
20191105,12.555246281265354,2019-11-05,"{""type"":""MultiPoint"",""coordinates"":[]}"
20191106,1.6204919790512802,2019-11-06,"{""type"":""MultiPoint"",""coordinates"":[]}"
20191107,0.008909144,2019-11-07,"{""type"":""MultiPoint"",""coordinates"":[]}"
20191108,0,2019-11-08,"{""type"":""MultiPoint"",""coordinates"":[]}"
20191109,0,2019-11-09,"{""type"":""MultiPoint"",""coordinates"":[]}"
20191110,0,2019-11-10,"{""type"":""MultiPoint"",""coordinates"":[]}"
20191111,0.016618278,2019-11-11,"{""type"":""MultiPoint"",""coordinates"":[]}"
20191112,0.2647909616398162,2019-11-12,"{""type"":""MultiPoint"",""coordinates"":[]}"
20191113,0.12962510662273122,2019-11-13,"{""type"":""MultiPoint"",""coordinates"":[]}"
20191114,0.05799441,2019-11-14,"{""type"":""MultiPoint"",""coordinates"":[]}"
20191115,0.6397445628799261,2019-11-15,"{""type"":""MultiPoint"",""coordinates"":[]}"
20191116,0.12193753641663746,2019-11-16,"{""type"":""MultiPoint"",""coordinates"":[]}"
20191117,0,2019-11-17,"{""type"":""MultiPoint"",""coordinates"":[]}"
20191118,0,2019-11-18,"{""type"":""MultiPoint"",""coordinates"":[]}"
20191119,0,2019-11-19,"{""type"":""MultiPoint"",""coordinates"":[]}"
20191120,0,2019-11-20,"{""type"":""MultiPoint"",""coordinates"":[]}"
20191121,0.2866381489157902,2019-11-21,"{""type"":""MultiPoint"",""coordinates"":[]}"
20191122,0,2019-11-22,"{""type"":""MultiPoint"",""coordinates"":[]}"
20191123,0,2019-11-23,"{""type"":""MultiPoint"",""coordinates"":[]}"
20191124,0,2019-11-24,"{""type"":""MultiPoint"",""coordinates"":[]}"
20191125,0,2019-11-25,"{""type"":""MultiPoint"",""coordinates"":[]}"
20191126,0,2019-11-26,"{""type"":""MultiPoint"",""coordinates"":[]}"
20191127,0,2019-11-27,"{""type"":""MultiPoint"",""coordinates"":[]}"
20191128,0,2019-11-28,"{""type"":""MultiPoint"",""coordinates"":[]}"
20191129,9.8484855504543E-4,2019-11-29,"{""type"":""MultiPoint"",""coordinates"":[]}"
20191130,0.002303079,2019-11-30,"{""type"":""MultiPoint"",""coordinates"":[]}"
20191201,0.14014209774833228,2019-12-01,"{""type"":""MultiPoint"",""coordinates"":[]}"
20191202,0.046694534,2019-12-02,"{""type"":""MultiPoint"",""coordinates"":[]}"
20191203,0.1456662162453216,2019-12-03,"{""type"":""MultiPoint"",""coordinates"":[]}"
20191204,0.306299559,2019-12-04,"{""type"":""MultiPoint"",""coordinates"":[]}"
20191205,0,2019-12-05,"{""type"":""MultiPoint"",""coordinates"":[]}"
20191206,0.2956656140268394,2019-12-06,"{""type"":""MultiPoint"",""coordinates"":[]}"
20191207,0,2019-12-07,"{""type"":""MultiPoint"",""coordinates"":[]}"
20191208,0.21026416688399693,2019-12-08,"{""type"":""MultiPoint"",""coordinates"":[]}"
20191209,0.042667246061915284,2019-12-09,"{""type"":""MultiPoint"",""coordinates"":[]}"
20191210,0,2019-12-10,"{""type"":""MultiPoint"",""coordinates"":[]}"
20191211,0,2019-12-11,"{""type"":""MultiPoint"",""coordinates"":[]}"
20191212,0.47870089154720896,2019-12-12,"{""type"":""MultiPoint"",""coordinates"":[]}"
20191213,0,2019-12-13,"{""type"":""MultiPoint"",""coordinates"":[]}"
20191214,0,2019-12-14,"{""type"":""MultiPoint"",""coordinates"":[]}"
20191215,0,2019-12-15,"{""type"":""MultiPoint"",""coordinates"":[]}"
20191216,0.5450718979441046,2019-12-16,"{""type"":""MultiPoint"",""coordinates"":[]}"
20191217,0.079667411,2019-12-17,"{""type"":""MultiPoint"",""coordinates"":[]}"
20191218,0,2019-12-18,"{""type"":""MultiPoint"",""coordinates"":[]}"
20191219,0.3008398356056741,2019-12-19,"{""type"":""MultiPoint"",""coordinates"":[]}"
20191220,0.21587989567129745,2019-12-20,"{""type"":""MultiPoint"",""coordinates"":[]}"
20191221,0,2019-12-21,"{""type"":""MultiPoint"",""coordinates"":[]}"
20191222,0.10181115894521363,2019-12-22,"{""type"":""MultiPoint"",""coordinates"":[]}"
20191223,0,2019-12-23,"{""type"":""MultiPoint"",""coordinates"":[]}"
20191224,0,2019-12-24,"{""type"":""MultiPoint"",""coordinates"":[]}"
20191225,0,2019-12-25,"{""type"":""MultiPoint"",""coordinates"":[]}"
20191226,0.15232027971052178,2019-12-26,"{""type"":""MultiPoint"",""coordinates"":[]}"
20191227,0,2019-12-27,"{""type"":""MultiPoint"",""coordinates"":[]}"
20191228,0,2019-12-28,"{""type"":""MultiPoint"",""coordinates"":[]}"
20191229,0,2019-12-29,"{""type"":""MultiPoint"",""coordinates"":[]}"
20191230,0,2019-12-30,"{""type"":""MultiPoint"",""coordinates"":[]}"
20191231,0,2019-12-31,"{""type"":""MultiPoint"",""coordinates"":[]}"
20200101,0,2020-01-01,"{""type"":""MultiPoint"",""coordinates"":[]}"
20200102,0,2020-01-02,"{""type"":""MultiPoint"",""coordinates"":[]}"
20200103,0,2020-01-03,"{""type"":""MultiPoint"",""coordinates"":[]}"
20200104,0,2020-01-04,"{""type"":""MultiPoint"",""coordinates"":[]}"
20200105,0,2020-01-05,"{""type"":""MultiPoint"",""coordinates"":[]}"
20200106,0,2020-01-06,"{""type"":""MultiPoint"",""coordinates"":[]}"
20200107,0,2020-01-07,"{""type"":""MultiPoint"",""coordinates"":[]}"
20200108,0,2020-01-08,"{""type"":""MultiPoint"",""coordinates"":[]}"
20200109,0,2020-01-09,"{""type"":""MultiPoint"",""coordinates"":[]}"
20200110,0,2020-01-10,"{""type"":""MultiPoint"",""coordinates"":[]}"
20200111,0,2020-01-11,"{""type"":""MultiPoint"",""coordinates"":[]}"
20200112,0,2020-01-12,"{""type"":""MultiPoint"",""coordinates"":[]}"
20200113,0,2020-01-13,"{""type"":""MultiPoint"",""coordinates"":[]}"
20200114,3.7834239554406527E-4,2020-01-14,"{""type"":""MultiPoint"",""coordinates"":[]}"
20200115,0,2020-01-15,"{""type"":""MultiPoint"",""coordinates"":[]}"
20200116,0,2020-01-16,"{""type"":""MultiPoint"",""coordinates"":[]}"
20200117,0,2020-01-17,"{""type"":""MultiPoint"",""coordinates"":[]}"
20200118,0,2020-01-18,"{""type"":""MultiPoint"",""coordinates"":[]}"
20200119,0,2020-01-19,"{""type"":""MultiPoint"",""coordinates"":[]}"
20200120,0,2020-01-20,"{""type"":""MultiPoint"",""coordinates"":[]}"
20200121,0,2020-01-21,"{""type"":""MultiPoint"",""coordinates"":[]}"
20200122,0,2020-01-22,"{""type"":""MultiPoint"",""coordinates"":[]}"
20200123,0,2020-01-23,"{""type"":""MultiPoint"",""coordinates"":[]}"
20200124,0,2020-01-24,"{""type"":""MultiPoint"",""coordinates"":[]}"
20200125,0,2020-01-25,"{""type"":""MultiPoint"",""coordinates"":[]}"
20200126,0,2020-01-26,"{""type"":""MultiPoint"",""coordinates"":[]}"
20200127,0,2020-01-27,"{""type"":""MultiPoint"",""coordinates"":[]}"
20200128,0,2020-01-28,"{""type"":""MultiPoint"",""coordinates"":[]}"
20200129,5.086450431305253E-4,2020-01-29,"{""type"":""MultiPoint"",""coordinates"":[]}"
20200130,0,2020-01-30,"{""type"":""MultiPoint"",""coordinates"":[]}"
20200131,0,2020-01-31,"{""type"":""MultiPoint"",""coordinates"":[]}"
20200201,0,2020-02-01,"{""type"":""MultiPoint"",""coordinates"":[]}"
20200202,0,2020-02-02,"{""type"":""MultiPoint"",""coordinates"":[]}"
20200203,0,2020-02-03,"{""type"":""MultiPoint"",""coordinates"":[]}"
20200204,0,2020-02-04,"{""type"":""MultiPoint"",""coordinates"":[]}"
20200205,0,2020-02-05,"{""type"":""MultiPoint"",""coordinates"":[]}"
20200206,0,2020-02-06,"{""type"":""MultiPoint"",""coordinates"":[]}"
20200207,0,2020-02-07,"{""type"":""MultiPoint"",""coordinates"":[]}"
20200208,0,2020-02-08,"{""type"":""MultiPoint"",""coordinates"":[]}"
20200209,0,2020-02-09,"{""type"":""MultiPoint"",""coordinates"":[]}"
20200210,0.018059012,2020-02-10,"{""type"":""MultiPoint"",""coordinates"":[]}"
20200211,0,2020-02-11,"{""type"":""MultiPoint"",""coordinates"":[]}"
20200212,0.018983357,2020-02-12,"{""type"":""MultiPoint"",""coordinates"":[]}"
20200213,0,2020-02-13,"{""type"":""MultiPoint"",""coordinates"":[]}"
20200214,0,2020-02-14,"{""type"":""MultiPoint"",""coordinates"":[]}"
20200215,0,2020-02-15,"{""type"":""MultiPoint"",""coordinates"":[]}"
20200216,0,2020-02-16,"{""type"":""MultiPoint"",""coordinates"":[]}"
20200217,0,2020-02-17,"{""type"":""MultiPoint"",""coordinates"":[]}"
20200218,0,2020-02-18,"{""type"":""MultiPoint"",""coordinates"":[]}"
20200219,0,2020-02-19,"{""type"":""MultiPoint"",""coordinates"":[]}"
20200220,0,2020-02-20,"{""type"":""MultiPoint"",""coordinates"":[]}"
20200221,0.014442118179852586,2020-02-21,"{""type"":""MultiPoint"",""coordinates"":[]}"
20200222,0,2020-02-22,"{""type"":""MultiPoint"",""coordinates"":[]}"
20200223,0.010307992365415446,2020-02-23,"{""type"":""MultiPoint"",""coordinates"":[]}"
20200224,0,2020-02-24,"{""type"":""MultiPoint"",""coordinates"":[]}"
20200225,0.021932804402077722,2020-02-25,"{""type"":""MultiPoint"",""coordinates"":[]}"
20200226,0,2020-02-26,"{""type"":""MultiPoint"",""coordinates"":[]}"
20200227,0,2020-02-27,"{""type"":""MultiPoint"",""coordinates"":[]}"
20200228,0,2020-02-28,"{""type"":""MultiPoint"",""coordinates"":[]}"
20200229,0,2020-02-29,"{""type"":""MultiPoint"",""coordinates"":[]}"
20200301,0,2020-03-01,"{""type"":""MultiPoint"",""coordinates"":[]}"
20200302,0,2020-03-02,"{""type"":""MultiPoint"",""coordinates"":[]}"
20200303,0,2020-03-03,"{""type"":""MultiPoint"",""coordinates"":[]}"
20200304,0,2020-03-04,"{""type"":""MultiPoint"",""coordinates"":[]}"
20200305,0,2020-03-05,"{""type"":""MultiPoint"",""coordinates"":[]}"
20200306,0,2020-03-06,"{""type"":""MultiPoint"",""coordinates"":[]}"
20200307,0,2020-03-07,"{""type"":""MultiPoint"",""coordinates"":[]}"
20200308,0,2020-03-08,"{""type"":""MultiPoint"",""coordinates"":[]}"
20200309,0,2020-03-09,"{""type"":""MultiPoint"",""coordinates"":[]}"
20200310,0,2020-03-10,"{""type"":""MultiPoint"",""coordinates"":[]}"
20200311,0,2020-03-11,"{""type"":""MultiPoint"",""coordinates"":[]}"
20200312,0,2020-03-12,"{""type"":""MultiPoint"",""coordinates"":[]}"
20200313,0.16584567325449726,2020-03-13,"{""type"":""MultiPoint"",""coordinates"":[]}"
20200314,0,2020-03-14,"{""type"":""MultiPoint"",""coordinates"":[]}"
20200315,0,2020-03-15,"{""type"":""MultiPoint"",""coordinates"":[]}"
20200316,0,2020-03-16,"{""type"":""MultiPoint"",""coordinates"":[]}"
20200317,0,2020-03-17,"{""type"":""MultiPoint"",""coordinates"":[]}"
20200318,0,2020-03-18,"{""type"":""MultiPoint"",""coordinates"":[]}"
20200319,0,2020-03-19,"{""type"":""MultiPoint"",""coordinates"":[]}"
20200320,0,2020-03-20,"{""type"":""MultiPoint"",""coordinates"":[]}"
20200321,0,2020-03-21,"{""type"":""MultiPoint"",""coordinates"":[]}"
20200322,0,2020-03-22,"{""type"":""MultiPoint"",""coordinates"":[]}"
20200323,0,2020-03-23,"{""type"":""MultiPoint"",""coordinates"":[]}"
20200324,0.08829094,2020-03-24,"{""type"":""MultiPoint"",""coordinates"":[]}"
20200325,0.9677153446973887,2020-03-25,"{""type"":""MultiPoint"",""coordinates"":[]}"
20200326,0,2020-03-26,"{""type"":""MultiPoint"",""coordinates"":[]}"
20200327,0,2020-03-27,"{""type"":""MultiPoint"",""coordinates"":[]}"
20200328,0,2020-03-28,"{""type"":""MultiPoint"",""coordinates"":[]}"
20200329,0,2020-03-29,"{""type"":""MultiPoint"",""coordinates"":[]}"
20200330,0,2020-03-30,"{""type"":""MultiPoint"",""coordinates"":[]}"
20200331,0,2020-03-31,"{""type"":""MultiPoint"",""coordinates"":[]}"
20200401,0,2020-04-01,"{""type"":""MultiPoint"",""coordinates"":[]}"
20200402,0,2020-04-02,"{""type"":""MultiPoint"",""coordinates"":[]}"
20200403,0,2020-04-03,"{""type"":""MultiPoint"",""coordinates"":[]}"
20200404,0,2020-04-04,"{""type"":""MultiPoint"",""coordinates"":[]}"
20200405,0,2020-04-05,"{""type"":""MultiPoint"",""coordinates"":[]}"
20200406,0,2020-04-06,"{""type"":""MultiPoint"",""coordinates"":[]}"
20200407,0,2020-04-07,"{""type"":""MultiPoint"",""coordinates"":[]}"
20200408,0,2020-04-08,"{""type"":""MultiPoint"",""coordinates"":[]}"
20200409,0,2020-04-09,"{""type"":""MultiPoint"",""coordinates"":[]}"
20200410,0.093420198,2020-04-10,"{""type"":""MultiPoint"",""coordinates"":[]}"
20200411,2.628886491194259,2020-04-11,"{""type"":""MultiPoint"",""coordinates"":[]}"
20200412,0.4150864033823245,2020-04-12,"{""type"":""MultiPoint"",""coordinates"":[]}"
20200413,0,2020-04-13,"{""type"":""MultiPoint"",""coordinates"":[]}"
20200414,0.026875251,2020-04-14,"{""type"":""MultiPoint"",""coordinates"":[]}"
20200415,0.003238653,2020-04-15,"{""type"":""MultiPoint"",""coordinates"":[]}"
20200416,0.15423171694449214,2020-04-16,"{""type"":""MultiPoint"",""coordinates"":[]}"
20200417,0,2020-04-17,"{""type"":""MultiPoint"",""coordinates"":[]}"
20200418,0.006940961,2020-04-18,"{""type"":""MultiPoint"",""coordinates"":[]}"
20200419,1.901280548309349,2020-04-19,"{""type"":""MultiPoint"",""coordinates"":[]}"
20200420,0,2020-04-20,"{""type"":""MultiPoint"",""coordinates"":[]}"
20200421,0,2020-04-21,"{""type"":""MultiPoint"",""coordinates"":[]}"
20200422,0,2020-04-22,"{""type"":""MultiPoint"",""coordinates"":[]}"
20200423,0.021787740591499582,2020-04-23,"{""type"":""MultiPoint"",""coordinates"":[]}"
20200424,0,2020-04-24,"{""type"":""MultiPoint"",""coordinates"":[]}"
20200425,0,2020-04-25,"{""type"":""MultiPoint"",""coordinates"":[]}"
20200426,0,2020-04-26,"{""type"":""MultiPoint"",""coordinates"":[]}"
20200427,0,2020-04-27,"{""type"":""MultiPoint"",""coordinates"":[]}"
20200428,0,2020-04-28,"{""type"":""MultiPoint"",""coordinates"":[]}"
20200429,3.403687136864897,2020-04-29,"{""type"":""MultiPoint"",""coordinates"":[]}"
20200430,0.9894907253028782,2020-04-30,"{""type"":""MultiPoint"",""coordinates"":[]}"
20200501,0.6979335681627212,2020-05-01,"{""type"":""MultiPoint"",""coordinates"":[]}"
20200502,0.055174405,2020-05-02,"{""type"":""MultiPoint"",""coordinates"":[]}"
20200503,0,2020-05-03,"{""type"":""MultiPoint"",""coordinates"":[]}"
20200504,0,2020-05-04,"{""type"":""MultiPoint"",""coordinates"":[]}"
20200505,0.007809839,2020-05-05,"{""type"":""MultiPoint"",""coordinates"":[]}"
20200506,0,2020-05-06,"{""type"":""MultiPoint"",""coordinates"":[]}"
20200507,0,2020-05-07,"{""type"":""MultiPoint"",""coordinates"":[]}"
20200508,0,2020-05-08,"{""type"":""MultiPoint"",""coordinates"":[]}"
20200509,0,2020-05-09,"{""type"":""MultiPoint"",""coordinates"":[]}"
20200510,1.0910943571825706,2020-05-10,"{""type"":""MultiPoint"",""coordinates"":[]}"
20200511,0.4062563704636802,2020-05-11,"{""type"":""MultiPoint"",""coordinates"":[]}"
20200512,0,2020-05-12,"{""type"":""MultiPoint"",""coordinates"":[]}"
20200513,0.9959918513420818,2020-05-13,"{""type"":""MultiPoint"",""coordinates"":[]}"
20200514,4.493222249246358,2020-05-14,"{""type"":""MultiPoint"",""coordinates"":[]}"
20200515,0.098930695,2020-05-15,"{""type"":""MultiPoint"",""coordinates"":[]}"
20200516,2.3190153552828563,2020-05-16,"{""type"":""MultiPoint"",""coordinates"":[]}"
20200517,0.4217758015295864,2020-05-17,"{""type"":""MultiPoint"",""coordinates"":[]}"
20200518,0,2020-05-18,"{""type"":""MultiPoint"",""coordinates"":[]}"
20200519,0,2020-05-19,"{""type"":""MultiPoint"",""coordinates"":[]}"
20200520,0,2020-05-20,"{""type"":""MultiPoint"",""coordinates"":[]}"
20200521,0.01560489,2020-05-21,"{""type"":""MultiPoint"",""coordinates"":[]}"
20200522,0.025268387184218456,2020-05-22,"{""type"":""MultiPoint"",""coordinates"":[]}"
20200523,0.38059383582714085,2020-05-23,"{""type"":""MultiPoint"",""coordinates"":[]}"
20200524,0.17249268982718116,2020-05-24,"{""type"":""MultiPoint"",""coordinates"":[]}"
20200525,0.073078064,2020-05-25,"{""type"":""MultiPoint"",""coordinates"":[]}"
20200526,0,2020-05-26,"{""type"":""MultiPoint"",""coordinates"":[]}"
20200527,0,2020-05-27,"{""type"":""MultiPoint"",""coordinates"":[]}"
20200528,0,2020-05-28,"{""type"":""MultiPoint"",""coordinates"":[]}"
20200529,0,2020-05-29,"{""type"":""MultiPoint"",""coordinates"":[]}"
20200530,0,2020-05-30,"{""type"":""MultiPoint"",""coordinates"":[]}"
20200531,4.995521674821927,2020-05-31,"{""type"":""MultiPoint"",""coordinates"":[]}"
20200601,4.573623415704873,2020-06-01,"{""type"":""MultiPoint"",""coordinates"":[]}"
20200602,23.33396349089322,2020-06-02,"{""type"":""MultiPoint"",""coordinates"":[]}"
20200603,16.716661650470755,2020-06-03,"{""type"":""MultiPoint"",""coordinates"":[]}"
20200604,18.18469471955943,2020-06-04,"{""type"":""MultiPoint"",""coordinates"":[]}"
20200605,7.156245255075865,2020-06-05,"{""type"":""MultiPoint"",""coordinates"":[]}"
20200606,0.19006652,2020-06-06,"{""type"":""MultiPoint"",""coordinates"":[]}"
20200607,0,2020-06-07,"{""type"":""MultiPoint"",""coordinates"":[]}"
20200608,0,2020-06-08,"{""type"":""MultiPoint"",""coordinates"":[]}"
20200609,0.016756763,2020-06-09,"{""type"":""MultiPoint"",""coordinates"":[]}"
20200610,18.096778938220055,2020-06-10,"{""type"":""MultiPoint"",""coordinates"":[]}"
20200611,8.491288114234068,2020-06-11,"{""type"":""MultiPoint"",""coordinates"":[]}"
20200612,12.467179599081724,2020-06-12,"{""type"":""MultiPoint"",""coordinates"":[]}"
20200613,21.630815802079844,2020-06-13,"{""type"":""MultiPoint"",""coordinates"":[]}"
20200614,10.889914958275975,2020-06-14,"{""type"":""MultiPoint"",""coordinates"":[]}"
20200615,17.17923224008825,2020-06-15,"{""type"":""MultiPoint"",""coordinates"":[]}"
20200616,15.786547600228754,2020-06-16,"{""type"":""MultiPoint"",""coordinates"":[]}"
20200617,0.12163438954047087,2020-06-17,"{""type"":""MultiPoint"",""coordinates"":[]}"
20200618,0.8314607616270053,2020-06-18,"{""type"":""MultiPoint"",""coordinates"":[]}"
20200619,4.691362682975673,2020-06-19,"{""type"":""MultiPoint"",""coordinates"":[]}"
20200620,0.16806071900419958,2020-06-20,"{""type"":""MultiPoint"",""coordinates"":[]}"
20200621,0,2020-06-21,"{""type"":""MultiPoint"",""coordinates"":[]}"
20200622,0.054125188,2020-06-22,"{""type"":""MultiPoint"",""coordinates"":[]}"
20200623,0,2020-06-23,"{""type"":""MultiPoint"",""coordinates"":[]}"
20200624,0.4716298515962364,2020-06-24,"{""type"":""MultiPoint"",""coordinates"":[]}"
20200625,13.60567965737057,2020-06-25,"{""type"":""MultiPoint"",""coordinates"":[]}"
20200626,8.863496242743324,2020-06-26,"{""type"":""MultiPoint"",""coordinates"":[]}"
20200627,17.104338389600372,2020-06-27,"{""type"":""MultiPoint"",""coordinates"":[]}"
20200628,19.675840355381663,2020-06-28,"{""type"":""MultiPoint"",""coordinates"":[]}"
20200629,23.43242187106851,2020-06-29,"{""type"":""MultiPoint"",""coordinates"":[]}"
20200630,11.529614738297425,2020-06-30,"{""type"":""MultiPoint"",""coordinates"":[]}"
20200701,9.588996019279415,2020-07-01,"{""type"":""MultiPoint"",""coordinates"":[]}"
20200702,0,2020-07-02,"{""type"":""MultiPoint"",""coordinates"":[]}"
20200703,4.318503855183535,2020-07-03,"{""type"":""MultiPoint"",""coordinates"":[]}"
20200704,3.535477177322968,2020-07-04,"{""type"":""MultiPoint"",""coordinates"":[]}"
20200705,0.683181653,2020-07-05,"{""type"":""MultiPoint"",""coordinates"":[]}"
20200706,1.778750411,2020-07-06,"{""type"":""MultiPoint"",""coordinates"":[]}"
20200707,6.896494906540596,2020-07-07,"{""type"":""MultiPoint"",""coordinates"":[]}"
20200708,7.634648864,2020-07-08,"{""type"":""MultiPoint"",""coordinates"":[]}"
20200709,15.62068947209736,2020-07-09,"{""type"":""MultiPoint"",""coordinates"":[]}"
20200710,1.369476827613473,2020-07-10,"{""type"":""MultiPoint"",""coordinates"":[]}"
20200711,0.013492597208594206,2020-07-11,"{""type"":""MultiPoint"",""coordinates"":[]}"
20200712,0.38471809419649977,2020-07-12,"{""type"":""MultiPoint"",""coordinates"":[]}"
20200713,12.262584421619184,2020-07-13,"{""type"":""MultiPoint"",""coordinates"":[]}"
20200714,27.743937455905936,2020-07-14,"{""type"":""MultiPoint"",""coordinates"":[]}"
20200715,8.428240988485985,2020-07-15,"{""type"":""MultiPoint"",""coordinates"":[]}"
20200716,8.436914807958058,2020-07-16,"{""type"":""MultiPoint"",""coordinates"":[]}"
20200717,5.692568069891286,2020-07-17,"{""type"":""MultiPoint"",""coordinates"":[]}"
20200718,4.338946276926687,2020-07-18,"{""type"":""MultiPoint"",""coordinates"":[]}"
20200719,9.330207784743468,2020-07-19,"{""type"":""MultiPoint"",""coordinates"":[]}"
20200720,10.94717873868544,2020-07-20,"{""type"":""MultiPoint"",""coordinates"":[]}"
20200721,10.129090340720444,2020-07-21,"{""type"":""MultiPoint"",""coordinates"":[]}"
20200722,20.351042090781252,2020-07-22,"{""type"":""MultiPoint"",""coordinates"":[]}"
20200723,25.857241828473875,2020-07-23,"{""type"":""MultiPoint"",""coordinates"":[]}"
20200724,5.971568595260782,2020-07-24,"{""type"":""MultiPoint"",""coordinates"":[]}"
20200725,1.6476123160935394,2020-07-25,"{""type"":""MultiPoint"",""coordinates"":[]}"
20200726,0.40360956140695015,2020-07-26,"{""type"":""MultiPoint"",""coordinates"":[]}"
20200727,0.050915381,2020-07-27,"{""type"":""MultiPoint"",""coordinates"":[]}"
20200728,28.15571171788586,2020-07-28,"{""type"":""MultiPoint"",""coordinates"":[]}"
20200729,11.724626419603096,2020-07-29,"{""type"":""MultiPoint"",""coordinates"":[]}"
20200730,11.897187403010332,2020-07-30,"{""type"":""MultiPoint"",""coordinates"":[]}"
20200731,28.000999446796293,2020-07-31,"{""type"":""MultiPoint"",""coordinates"":[]}"
20200801,1.6742534198305266,2020-08-01,"{""type"":""MultiPoint"",""coordinates"":[]}"
20200802,0.027901254884641374,2020-08-02,"{""type"":""MultiPoint"",""coordinates"":[]}"
20200803,1.9271654519425216,2020-08-03,"{""type"":""MultiPoint"",""coordinates"":[]}"
20200804,0.6093853918722036,2020-08-04,"{""type"":""MultiPoint"",""coordinates"":[]}"
20200805,3.4673359859228223,2020-08-05,"{""type"":""MultiPoint"",""coordinates"":[]}"
20200806,1.0356305045880267,2020-08-06,"{""type"":""MultiPoint"",""coordinates"":[]}"
20200807,0,2020-08-07,"{""type"":""MultiPoint"",""coordinates"":[]}"
20200808,0,2020-08-08,"{""type"":""MultiPoint"",""coordinates"":[]}"
20200809,0.296360161,2020-08-09,"{""type"":""MultiPoint"",""coordinates"":[]}"
20200810,10.137547315184179,2020-08-10,"{""type"":""MultiPoint"",""coordinates"":[]}"
20200811,1.289764707000292,2020-08-11,"{""type"":""MultiPoint"",""coordinates"":[]}"
20200812,7.139446638567055,2020-08-12,"{""type"":""MultiPoint"",""coordinates"":[]}"
20200813,38.305598812927094,2020-08-13,"{""type"":""MultiPoint"",""coordinates"":[]}"
20200814,48.61541944047776,2020-08-14,"{""type"":""MultiPoint"",""coordinates"":[]}"
20200815,0.7375729588479889,2020-08-15,"{""type"":""MultiPoint"",""coordinates"":[]}"
20200816,8.805656093865203,2020-08-16,"{""type"":""MultiPoint"",""coordinates"":[]}"
20200817,18.90280476789061,2020-08-17,"{""type"":""MultiPoint"",""coordinates"":[]}"
20200818,0.00488772,2020-08-18,"{""type"":""MultiPoint"",""coordinates"":[]}"
20200819,0.5799896691419795,2020-08-19,"{""type"":""MultiPoint"",""coordinates"":[]}"
20200820,5.894699670993594,2020-08-20,"{""type"":""MultiPoint"",""coordinates"":[]}"
20200821,1.853306636574951,2020-08-21,"{""type"":""MultiPoint"",""coordinates"":[]}"
20200822,14.97402662280526,2020-08-22,"{""type"":""MultiPoint"",""coordinates"":[]}"
20200823,0.043990237,2020-08-23,"{""type"":""MultiPoint"",""coordinates"":[]}"
20200824,0,2020-08-24,"{""type"":""MultiPoint"",""coordinates"":[]}"
20200825,0.008798451,2020-08-25,"{""type"":""MultiPoint"",""coordinates"":[]}"
20200826,3.749640585504802,2020-08-26,"{""type"":""MultiPoint"",""coordinates"":[]}"
20200827,0.015010508418011971,2020-08-27,"{""type"":""MultiPoint"",""coordinates"":[]}"
20200828,4.293362876853572,2020-08-28,"{""type"":""MultiPoint"",""coordinates"":[]}"
20200829,7.164344284119766,2020-08-29,"{""type"":""MultiPoint"",""coordinates"":[]}"
20200830,10.188124487223917,2020-08-30,"{""type"":""MultiPoint"",""coordinates"":[]}"
20200831,0,2020-08-31,"{""type"":""MultiPoint"",""coordinates"":[]}"
20200901,0.048644486,2020-09-01,"{""type"":""MultiPoint"",""coordinates"":[]}"
20200902,1.419849283,2020-09-02,"{""type"":""MultiPoint"",""coordinates"":[]}"
20200903,5.392186371,2020-09-03,"{""type"":""MultiPoint"",""coordinates"":[]}"
20200904,0.20508878606800016,2020-09-04,"{""type"":""MultiPoint"",""coordinates"":[]}"
20200905,3.366059029243088,2020-09-05,"{""type"":""MultiPoint"",""coordinates"":[]}"
20200906,21.74969177220752,2020-09-06,"{""type"":""MultiPoint"",""coordinates"":[]}"
20200907,14.099712319150433,2020-09-07,"{""type"":""MultiPoint"",""coordinates"":[]}"
20200908,8.122925606,2020-09-08,"{""type"":""MultiPoint"",""coordinates"":[]}"
20200909,17.662933970138784,2020-09-09,"{""type"":""MultiPoint"",""coordinates"":[]}"
20200910,11.801885568207846,2020-09-10,"{""type"":""MultiPoint"",""coordinates"":[]}"
20200911,12.857748673539652,2020-09-11,"{""type"":""MultiPoint"",""coordinates"":[]}"
20200912,0.6010118102610988,2020-09-12,"{""type"":""MultiPoint"",""coordinates"":[]}"
20200913,11.81772788185702,2020-09-13,"{""type"":""MultiPoint"",""coordinates"":[]}"
20200914,17.879984062735446,2020-09-14,"{""type"":""MultiPoint"",""coordinates"":[]}"
20200915,21.919794268014176,2020-09-15,"{""type"":""MultiPoint"",""coordinates"":[]}"
20200916,14.460392440753692,2020-09-16,"{""type"":""MultiPoint"",""coordinates"":[]}"
20200917,16.857416842901767,2020-09-17,"{""type"":""MultiPoint"",""coordinates"":[]}"
20200918,21.899779516191632,2020-09-18,"{""type"":""MultiPoint"",""coordinates"":[]}"
20200919,24.202338166029282,2020-09-19,"{""type"":""MultiPoint"",""coordinates"":[]}"
20200920,15.702726439969199,2020-09-20,"{""type"":""MultiPoint"",""coordinates"":[]}"
20200921,15.639620321953327,2020-09-21,"{""type"":""MultiPoint"",""coordinates"":[]}"
20200922,9.504937524800518,2020-09-22,"{""type"":""MultiPoint"",""coordinates"":[]}"
20200923,4.567990461637585,2020-09-23,"{""type"":""MultiPoint"",""coordinates"":[]}"
20200924,0.1370284078498167,2020-09-24,"{""type"":""MultiPoint"",""coordinates"":[]}"
20200925,54.11823712092438,2020-09-25,"{""type"":""MultiPoint"",""coordinates"":[]}"
20200926,6.475518315146807,2020-09-26,"{""type"":""MultiPoint"",""coordinates"":[]}"
20200927,0,2020-09-27,"{""type"":""MultiPoint"",""coordinates"":[]}"
20200928,0,2020-09-28,"{""type"":""MultiPoint"",""coordinates"":[]}"
20200929,0.2136092877991063,2020-09-29,"{""type"":""MultiPoint"",""coordinates"":[]}"
20200930,0,2020-09-30,"{""type"":""MultiPoint"",""coordinates"":[]}"
20201001,0.091450559,2020-10-01,"{""type"":""MultiPoint"",""coordinates"":[]}"
20201002,0.2524918837013763,2020-10-02,"{""type"":""MultiPoint"",""coordinates"":[]}"
20201003,0.10534685410514098,2020-10-03,"{""type"":""MultiPoint"",""coordinates"":[]}"
20201004,0.26183677007635764,2020-10-04,"{""type"":""MultiPoint"",""coordinates"":[]}"
20201005,0,2020-10-05,"{""type"":""MultiPoint"",""coordinates"":[]}"
20201006,0,2020-10-06,"{""type"":""MultiPoint"",""coordinates"":[]}"
20201007,0,2020-10-07,"{""type"":""MultiPoint"",""coordinates"":[]}"
20201008,0,2020-10-08,"{""type"":""MultiPoint"",""coordinates"":[]}"
20201009,3.142760463609258,2020-10-09,"{""type"":""MultiPoint"",""coordinates"":[]}"
20201010,24.99686072422637,2020-10-10,"{""type"":""MultiPoint"",""coordinates"":[]}"
20201011,30.85660309548708,2020-10-11,"{""type"":""MultiPoint"",""coordinates"":[]}"
20201012,16.092200018904933,2020-10-12,"{""type"":""MultiPoint"",""coordinates"":[]}"
20201013,14.076381466034325,2020-10-13,"{""type"":""MultiPoint"",""coordinates"":[]}"
20201014,63.23523585440521,2020-10-14,"{""type"":""MultiPoint"",""coordinates"":[]}"
20201015,1.2487121265258292,2020-10-15,"{""type"":""MultiPoint"",""coordinates"":[]}"
20201016,0,2020-10-16,"{""type"":""MultiPoint"",""coordinates"":[]}"
20201017,0.15134425359310322,2020-10-17,"{""type"":""MultiPoint"",""coordinates"":[]}"
20201018,31.324823194312568,2020-10-18,"{""type"":""MultiPoint"",""coordinates"":[]}"
20201019,2.567910589,2020-10-19,"{""type"":""MultiPoint"",""coordinates"":[]}"
20201020,9.880980178052127,2020-10-20,"{""type"":""MultiPoint"",""coordinates"":[]}"
20201021,3.527138994914179,2020-10-21,"{""type"":""MultiPoint"",""coordinates"":[]}"
20201022,4.142669248584091,2020-10-22,"{""type"":""MultiPoint"",""coordinates"":[]}"
20201023,1.012841793603519,2020-10-23,"{""type"":""MultiPoint"",""coordinates"":[]}"
20201024,0.5496889750142032,2020-10-24,"{""type"":""MultiPoint"",""coordinates"":[]}"
20201025,2.0329714201363465,2020-10-25,"{""type"":""MultiPoint"",""coordinates"":[]}"
20201026,2.3218016668151127,2020-10-26,"{""type"":""MultiPoint"",""coordinates"":[]}"
20201027,0.6354594048625978,2020-10-27,"{""type"":""MultiPoint"",""coordinates"":[]}"
20201028,0.9696493756189696,2020-10-28,"{""type"":""MultiPoint"",""coordinates"":[]}"
20201029,0.4425263978719315,2020-10-29,"{""type"":""MultiPoint"",""coordinates"":[]}"
20201030,0.013912458370633195,2020-10-30,"{""type"":""MultiPoint"",""coordinates"":[]}"
20201031,2.69553751626198E-6,2020-10-31,"{""type"":""MultiPoint"",""coordinates"":[]}"
20201101,0.22515639199317306,2020-11-01,"{""type"":""MultiPoint"",""coordinates"":[]}"
20201102,0,2020-11-02,"{""type"":""MultiPoint"",""coordinates"":[]}"
20201103,0,2020-11-03,"{""type"":""MultiPoint"",""coordinates"":[]}"
20201104,0,2020-11-04,"{""type"":""MultiPoint"",""coordinates"":[]}"
20201105,0,2020-11-05,"{""type"":""MultiPoint"",""coordinates"":[]}"
20201106,0,2020-11-06,"{""type"":""MultiPoint"",""coordinates"":[]}"
20201107,0,2020-11-07,"{""type"":""MultiPoint"",""coordinates"":[]}"
20201108,0.16295881892063652,2020-11-08,"{""type"":""MultiPoint"",""coordinates"":[]}"
20201109,0,2020-11-09,"{""type"":""MultiPoint"",""coordinates"":[]}"
20201110,0,2020-11-10,"{""type"":""MultiPoint"",""coordinates"":[]}"
20201111,0,2020-11-11,"{""type"":""MultiPoint"",""coordinates"":[]}"
20201112,0,2020-11-12,"{""type"":""MultiPoint"",""coordinates"":[]}"
20201113,0.016071894716415402,2020-11-13,"{""type"":""MultiPoint"",""coordinates"":[]}"
20201114,0,2020-11-14,"{""type"":""MultiPoint"",""coordinates"":[]}"
20201115,0,2020-11-15,"{""type"":""MultiPoint"",""coordinates"":[]}"
20201116,0.008820145,2020-11-16,"{""type"":""MultiPoint"",""coordinates"":[]}"
20201117,0,2020-11-17,"{""type"":""MultiPoint"",""coordinates"":[]}"
20201118,2.4835662523423836,2020-11-18,"{""type"":""MultiPoint"",""coordinates"":[]}"
20201119,0.4370106276204036,2020-11-19,"{""type"":""MultiPoint"",""coordinates"":[]}"
20201120,1.378799201736415,2020-11-20,"{""type"":""MultiPoint"",""coordinates"":[]}"
20201121,1.5786470789750584,2020-11-21,"{""type"":""MultiPoint"",""coordinates"":[]}"
20201122,0.052102676,2020-11-22,"{""type"":""MultiPoint"",""coordinates"":[]}"
20201123,0,2020-11-23,"{""type"":""MultiPoint"",""coordinates"":[]}"
20201124,0.044915771,2020-11-24,"{""type"":""MultiPoint"",""coordinates"":[]}"
20201125,0,2020-11-25,"{""type"":""MultiPoint"",""coordinates"":[]}"
20201126,0,2020-11-26,"{""type"":""MultiPoint"",""coordinates"":[]}"
20201127,0,2020-11-27,"{""type"":""MultiPoint"",""coordinates"":[]}"
20201128,0.4167702247624884,2020-11-28,"{""type"":""MultiPoint"",""coordinates"":[]}"
20201129,0,2020-11-29,"{""type"":""MultiPoint"",""coordinates"":[]}"
20201130,0,2020-11-30,"{""type"":""MultiPoint"",""coordinates"":[]}"
20201201,1.312225706174865,2020-12-01,"{""type"":""MultiPoint"",""coordinates"":[]}"
20201202,0,2020-12-02,"{""type"":""MultiPoint"",""coordinates"":[]}"
20201203,0,2020-12-03,"{""type"":""MultiPoint"",""coordinates"":[]}"
20201204,0,2020-12-04,"{""type"":""MultiPoint"",""coordinates"":[]}"
20201205,0.30815083617879374,2020-12-05,"{""type"":""MultiPoint"",""coordinates"":[]}"
20201206,0,2020-12-06,"{""type"":""MultiPoint"",""coordinates"":[]}"
20201207,0.4389321210690575,2020-12-07,"{""type"":""MultiPoint"",""coordinates"":[]}"
20201208,8.825698053744817E-4,2020-12-08,"{""type"":""MultiPoint"",""coordinates"":[]}"
20201209,0.7110197278690013,2020-12-09,"{""type"":""MultiPoint"",""coordinates"":[]}"
20201210,0.356331355,2020-12-10,"{""type"":""MultiPoint"",""coordinates"":[]}"
20201211,2.9280002484768306,2020-12-11,"{""type"":""MultiPoint"",""coordinates"":[]}"
20201212,0,2020-12-12,"{""type"":""MultiPoint"",""coordinates"":[]}"
20201213,1.6870152990262512,2020-12-13,"{""type"":""MultiPoint"",""coordinates"":[]}"
20201214,0.074120861,2020-12-14,"{""type"":""MultiPoint"",""coordinates"":[]}"
20201215,0,2020-12-15,"{""type"":""MultiPoint"",""coordinates"":[]}"
20201216,0,2020-12-16,"{""type"":""MultiPoint"",""coordinates"":[]}"
20201217,0,2020-12-17,"{""type"":""MultiPoint"",""coordinates"":[]}"
20201218,0,2020-12-18,"{""type"":""MultiPoint"",""coordinates"":[]}"
20201219,0.026285785,2020-12-19,"{""type"":""MultiPoint"",""coordinates"":[]}"
20201220,0.015176113,2020-12-20,"{""type"":""MultiPoint"",""coordinates"":[]}"
20201221,0.052054121,2020-12-21,"{""type"":""MultiPoint"",""coordinates"":[]}"
20201222,0,2020-12-22,"{""type"":""MultiPoint"",""coordinates"":[]}"
20201223,0,2020-12-23,"{""type"":""MultiPoint"",""coordinates"":[]}"
20201224,0,2020-12-24,"{""type"":""MultiPoint"",""coordinates"":[]}"
20201225,0.1253041944787413,2020-12-25,"{""type"":""MultiPoint"",""coordinates"":[]}"
20201226,0,2020-12-26,"{""type"":""MultiPoint"",""coordinates"":[]}"
20201227,0,2020-12-27,"{""type"":""MultiPoint"",""coordinates"":[]}"
20201228,0,2020-12-28,"{""type"":""MultiPoint"",""coordinates"":[]}"
20201229,0,2020-12-29,"{""type"":""MultiPoint"",""coordinates"":[]}"
20201230,0,2020-12-30,"{""type"":""MultiPoint"",""coordinates"":[]}"