system:index,date,temperature,.geo
2010_01_15,2010-01-15,289.3057737530124,"{""type"":""MultiPoint"",""coordinates"":[]}"
2010_01_16,2010-01-16,307.0332630473774,"{""type"":""MultiPoint"",""coordinates"":[]}"
2010_01_17,2010-01-17,304.03055146810664,"{""type"":""MultiPoint"",""coordinates"":[]}"
2010_01_18,2010-01-18,306.7876977893759,"{""type"":""MultiPoint"",""coordinates"":[]}"
2010_01_19,2010-01-19,,"{""type"":""MultiPoint"",""coordinates"":[]}"
2010_01_20,2010-01-20,309.36267465768407,"{""type"":""MultiPoint"",""coordinates"":[]}"
2010_01_21,2010-01-21,308.8728124589878,"{""type"":""MultiPoint"",""coordinates"":[]}"
2010_01_22,2010-01-22,307.25790104554017,"{""type"":""MultiPoint"",""coordinates"":[]}"
2010_01_23,2010-01-23,308.3667535762719,"{""type"":""MultiPoint"",""coordinates"":[]}"
2010_01_24,2010-01-24,305.1133571022355,"{""type"":""MultiPoint"",""coordinates"":[]}"
2010_01_25,2010-01-25,308.51650203421,"{""type"":""MultiPoint"",""coordinates"":[]}"
2010_01_26,2010-01-26,,"{""type"":""MultiPoint"",""coordinates"":[]}"
2010_01_27,2010-01-27,304.1165512497134,"{""type"":""MultiPoint"",""coordinates"":[]}"
2010_01_28,2010-01-28,,"{""type"":""MultiPoint"",""coordinates"":[]}"
2010_01_29,2010-01-29,304.63453714672517,"{""type"":""MultiPoint"",""coordinates"":[]}"
2010_01_30,2010-01-30,308.6132853580646,"{""type"":""MultiPoint"",""coordinates"":[]}"
2010_01_31,2010-01-31,307.4566044008924,"{""type"":""MultiPoint"",""coordinates"":[]}"
2010_02_01,2010-02-01,308.61558642110333,"{""type"":""MultiPoint"",""coordinates"":[]}"
2010_02_02,2010-02-02,305.3414375082025,"{""type"":""MultiPoint"",""coordinates"":[]}"
2010_02_03,2010-02-03,310.81214095104787,"{""type"":""MultiPoint"",""coordinates"":[]}"
2010_02_04,2010-02-04,,"{""type"":""MultiPoint"",""coordinates"":[]}"
2010_02_05,2010-02-05,310.351614681307,"{""type"":""MultiPoint"",""coordinates"":[]}"
2010_02_06,2010-02-06,304.99467519922723,"{""type"":""MultiPoint"",""coordinates"":[]}"
2010_02_07,2010-02-07,308.5363629165291,"{""type"":""MultiPoint"",""coordinates"":[]}"
2010_02_08,2010-02-08,311.947681438383,"{""type"":""MultiPoint"",""coordinates"":[]}"
2010_02_09,2010-02-09,309.9763887309155,"{""type"":""MultiPoint"",""coordinates"":[]}"
2010_02_10,2010-02-10,312.56460693818616,"{""type"":""MultiPoint"",""coordinates"":[]}"
2010_02_11,2010-02-11,,"{""type"":""MultiPoint"",""coordinates"":[]}"
2010_02_12,2010-02-12,312.12029835075884,"{""type"":""MultiPoint"",""coordinates"":[]}"
2010_02_13,2010-02-13,310.5761319392799,"{""type"":""MultiPoint"",""coordinates"":[]}"
2010_02_14,2010-02-14,312.99628942648405,"{""type"":""MultiPoint"",""coordinates"":[]}"
2010_02_15,2010-02-15,312.5493989238374,"{""type"":""MultiPoint"",""coordinates"":[]}"
2010_02_16,2010-02-16,,"{""type"":""MultiPoint"",""coordinates"":[]}"
2010_02_17,2010-02-17,312.3722170698629,"{""type"":""MultiPoint"",""coordinates"":[]}"
2010_02_18,2010-02-18,300.82632282712507,"{""type"":""MultiPoint"",""coordinates"":[]}"
2010_02_19,2010-02-19,311.3353563006254,"{""type"":""MultiPoint"",""coordinates"":[]}"
2010_02_20,2010-02-20,,"{""type"":""MultiPoint"",""coordinates"":[]}"
2010_02_21,2010-02-21,301.5418391406864,"{""type"":""MultiPoint"",""coordinates"":[]}"
2010_02_22,2010-02-22,311.30489071400183,"{""type"":""MultiPoint"",""coordinates"":[]}"
2010_02_23,2010-02-23,311.56043265234706,"{""type"":""MultiPoint"",""coordinates"":[]}"
2010_02_24,2010-02-24,312.83336585152455,"{""type"":""MultiPoint"",""coordinates"":[]}"
2010_02_25,2010-02-25,307.97546430947625,"{""type"":""MultiPoint"",""coordinates"":[]}"
2010_02_26,2010-02-26,315.41339603657195,"{""type"":""MultiPoint"",""coordinates"":[]}"
2010_02_27,2010-02-27,,"{""type"":""MultiPoint"",""coordinates"":[]}"
2010_02_28,2010-02-28,318.35397961415634,"{""type"":""MultiPoint"",""coordinates"":[]}"
2010_03_01,2010-03-01,314.46012511483434,"{""type"":""MultiPoint"",""coordinates"":[]}"
2010_03_02,2010-03-02,314.6613465155958,"{""type"":""MultiPoint"",""coordinates"":[]}"
2010_03_03,2010-03-03,314.7930434402206,"{""type"":""MultiPoint"",""coordinates"":[]}"
2010_03_04,2010-03-04,312.5486670458024,"{""type"":""MultiPoint"",""coordinates"":[]}"
2010_03_05,2010-03-05,316.16150137801316,"{""type"":""MultiPoint"",""coordinates"":[]}"
2010_03_06,2010-03-06,311.54443807690643,"{""type"":""MultiPoint"",""coordinates"":[]}"
2010_03_07,2010-03-07,317.84390559355955,"{""type"":""MultiPoint"",""coordinates"":[]}"
2010_03_08,2010-03-08,,"{""type"":""MultiPoint"",""coordinates"":[]}"
2010_03_09,2010-03-09,315.26679520537255,"{""type"":""MultiPoint"",""coordinates"":[]}"
2010_03_10,2010-03-10,310.99879633749396,"{""type"":""MultiPoint"",""coordinates"":[]}"
2010_03_11,2010-03-11,314.128548492935,"{""type"":""MultiPoint"",""coordinates"":[]}"
2010_03_12,2010-03-12,316.1410039809264,"{""type"":""MultiPoint"",""coordinates"":[]}"
2010_03_13,2010-03-13,,"{""type"":""MultiPoint"",""coordinates"":[]}"
2010_03_14,2010-03-14,317.64572289554155,"{""type"":""MultiPoint"",""coordinates"":[]}"
2010_03_15,2010-03-15,,"{""type"":""MultiPoint"",""coordinates"":[]}"
2010_03_16,2010-03-16,314.0359798504317,"{""type"":""MultiPoint"",""coordinates"":[]}"
2010_03_17,2010-03-17,306.86,"{""type"":""MultiPoint"",""coordinates"":[]}"
2010_03_18,2010-03-18,308.23737796237486,"{""type"":""MultiPoint"",""coordinates"":[]}"
2010_03_19,2010-03-19,314.6480401592372,"{""type"":""MultiPoint"",""coordinates"":[]}"
2010_03_20,2010-03-20,310.3859223063767,"{""type"":""MultiPoint"",""coordinates"":[]}"
2010_03_21,2010-03-21,317.2109204252156,"{""type"":""MultiPoint"",""coordinates"":[]}"
2010_03_22,2010-03-22,314.46136313924484,"{""type"":""MultiPoint"",""coordinates"":[]}"
2010_03_23,2010-03-23,319.8994864167286,"{""type"":""MultiPoint"",""coordinates"":[]}"
2010_03_24,2010-03-24,,"{""type"":""MultiPoint"",""coordinates"":[]}"
2010_03_25,2010-03-25,318.6369876197559,"{""type"":""MultiPoint"",""coordinates"":[]}"
2010_03_26,2010-03-26,313.27475480117243,"{""type"":""MultiPoint"",""coordinates"":[]}"
2010_03_27,2010-03-27,312.9453825626668,"{""type"":""MultiPoint"",""coordinates"":[]}"
2010_03_28,2010-03-28,315.31267509514856,"{""type"":""MultiPoint"",""coordinates"":[]}"
2010_03_29,2010-03-29,309.9159070223344,"{""type"":""MultiPoint"",""coordinates"":[]}"
2010_03_30,2010-03-30,312.34266757246377,"{""type"":""MultiPoint"",""coordinates"":[]}"
2010_03_31,2010-03-31,,"{""type"":""MultiPoint"",""coordinates"":[]}"
2010_04_01,2010-04-01,321.3684518132901,"{""type"":""MultiPoint"",""coordinates"":[]}"
2010_04_02,2010-04-02,315.3961008793035,"{""type"":""MultiPoint"",""coordinates"":[]}"
2010_04_03,2010-04-03,320.3886985432434,"{""type"":""MultiPoint"",""coordinates"":[]}"
2010_04_04,2010-04-04,312.9245432598709,"{""type"":""MultiPoint"",""coordinates"":[]}"
2010_04_05,2010-04-05,317.603540837307,"{""type"":""MultiPoint"",""coordinates"":[]}"
2010_04_06,2010-04-06,319.52166770293593,"{""type"":""MultiPoint"",""coordinates"":[]}"
2010_04_07,2010-04-07,,"{""type"":""MultiPoint"",""coordinates"":[]}"
2010_04_08,2010-04-08,312.92030769230774,"{""type"":""MultiPoint"",""coordinates"":[]}"
2010_04_09,2010-04-09,,"{""type"":""MultiPoint"",""coordinates"":[]}"
2010_04_10,2010-04-10,316.77930012387174,"{""type"":""MultiPoint"",""coordinates"":[]}"
2010_04_11,2010-04-11,317.0126134126602,"{""type"":""MultiPoint"",""coordinates"":[]}"
2010_04_12,2010-04-12,310.9961071327879,"{""type"":""MultiPoint"",""coordinates"":[]}"
2010_04_13,2010-04-13,314.8611719420187,"{""type"":""MultiPoint"",""coordinates"":[]}"
2010_04_14,2010-04-14,314.6722006082214,"{""type"":""MultiPoint"",""coordinates"":[]}"
2010_04_15,2010-04-15,321.9242600288729,"{""type"":""MultiPoint"",""coordinates"":[]}"
2010_04_16,2010-04-16,,"{""type"":""MultiPoint"",""coordinates"":[]}"
2010_04_17,2010-04-17,319.99301832466557,"{""type"":""MultiPoint"",""coordinates"":[]}"
2010_04_18,2010-04-18,312.3088787093202,"{""type"":""MultiPoint"",""coordinates"":[]}"
2010_04_19,2010-04-19,319.4258786473599,"{""type"":""MultiPoint"",""coordinates"":[]}"
2010_04_20,2010-04-20,318.04601397982674,"{""type"":""MultiPoint"",""coordinates"":[]}"
2010_04_21,2010-04-21,319.42018329760697,"{""type"":""MultiPoint"",""coordinates"":[]}"
2010_04_22,2010-04-22,321.31902059035906,"{""type"":""MultiPoint"",""coordinates"":[]}"
2010_04_23,2010-04-23,316.72992415885267,"{""type"":""MultiPoint"",""coordinates"":[]}"
2010_04_24,2010-04-24,323.14043396474034,"{""type"":""MultiPoint"",""coordinates"":[]}"
2010_04_25,2010-04-25,,"{""type"":""MultiPoint"",""coordinates"":[]}"
2010_04_26,2010-04-26,,"{""type"":""MultiPoint"",""coordinates"":[]}"
2010_04_27,2010-04-27,317.65006433260373,"{""type"":""MultiPoint"",""coordinates"":[]}"
2010_04_28,2010-04-28,319.52195100692677,"{""type"":""MultiPoint"",""coordinates"":[]}"
2010_04_29,2010-04-29,315.1623060884067,"{""type"":""MultiPoint"",""coordinates"":[]}"
2010_04_30,2010-04-30,,"{""type"":""MultiPoint"",""coordinates"":[]}"
2010_05_01,2010-05-01,,"{""type"":""MultiPoint"",""coordinates"":[]}"
2010_05_02,2010-05-02,,"{""type"":""MultiPoint"",""coordinates"":[]}"
2010_05_03,2010-05-03,,"{""type"":""MultiPoint"",""coordinates"":[]}"
2010_05_04,2010-05-04,313.43544301314336,"{""type"":""MultiPoint"",""coordinates"":[]}"
2010_05_05,2010-05-05,317.98385143707077,"{""type"":""MultiPoint"",""coordinates"":[]}"
2010_05_06,2010-05-06,309.90463571408867,"{""type"":""MultiPoint"",""coordinates"":[]}"
2010_05_07,2010-05-07,312.27859402151194,"{""type"":""MultiPoint"",""coordinates"":[]}"
2010_05_08,2010-05-08,315.91844568878776,"{""type"":""MultiPoint"",""coordinates"":[]}"
2010_05_09,2010-05-09,313.1637779430421,"{""type"":""MultiPoint"",""coordinates"":[]}"
2010_05_10,2010-05-10,322.78024347367494,"{""type"":""MultiPoint"",""coordinates"":[]}"
2010_05_11,2010-05-11,,"{""type"":""MultiPoint"",""coordinates"":[]}"
2010_05_12,2010-05-12,322.5368687639558,"{""type"":""MultiPoint"",""coordinates"":[]}"
2010_05_13,2010-05-13,316.69396335974056,"{""type"":""MultiPoint"",""coordinates"":[]}"
2010_05_14,2010-05-14,319.64186534844055,"{""type"":""MultiPoint"",""coordinates"":[]}"
2010_05_15,2010-05-15,316.6649849008708,"{""type"":""MultiPoint"",""coordinates"":[]}"
2010_05_16,2010-05-16,314.0223205683745,"{""type"":""MultiPoint"",""coordinates"":[]}"
2010_05_17,2010-05-17,315.59925255266586,"{""type"":""MultiPoint"",""coordinates"":[]}"
2010_05_18,2010-05-18,,"{""type"":""MultiPoint"",""coordinates"":[]}"
2010_05_19,2010-05-19,,"{""type"":""MultiPoint"",""coordinates"":[]}"
2010_05_20,2010-05-20,,"{""type"":""MultiPoint"",""coordinates"":[]}"
2010_05_21,2010-05-21,,"{""type"":""MultiPoint"",""coordinates"":[]}"
2010_05_22,2010-05-22,309.674682219021,"{""type"":""MultiPoint"",""coordinates"":[]}"
2010_05_23,2010-05-23,,"{""type"":""MultiPoint"",""coordinates"":[]}"
2010_05_24,2010-05-24,310.1197703005003,"{""type"":""MultiPoint"",""coordinates"":[]}"
2010_05_25,2010-05-25,307.9715624506552,"{""type"":""MultiPoint"",""coordinates"":[]}"
2010_05_26,2010-05-26,321.4462789273372,"{""type"":""MultiPoint"",""coordinates"":[]}"
2010_05_27,2010-05-27,,"{""type"":""MultiPoint"",""coordinates"":[]}"
2010_05_28,2010-05-28,321.2927394024235,"{""type"":""MultiPoint"",""coordinates"":[]}"
2010_05_29,2010-05-29,315.22361876690934,"{""type"":""MultiPoint"",""coordinates"":[]}"
2010_05_30,2010-05-30,317.07374647887303,"{""type"":""MultiPoint"",""coordinates"":[]}"
2010_05_31,2010-05-31,317.10748737570356,"{""type"":""MultiPoint"",""coordinates"":[]}"
2010_06_01,2010-06-01,313.3876286210764,"{""type"":""MultiPoint"",""coordinates"":[]}"
2010_06_02,2010-06-02,314.1042620770786,"{""type"":""MultiPoint"",""coordinates"":[]}"
2010_06_03,2010-06-03,,"{""type"":""MultiPoint"",""coordinates"":[]}"
2010_06_04,2010-06-04,319.8046679717573,"{""type"":""MultiPoint"",""coordinates"":[]}"
2010_06_05,2010-06-05,,"{""type"":""MultiPoint"",""coordinates"":[]}"
2010_06_06,2010-06-06,,"{""type"":""MultiPoint"",""coordinates"":[]}"
2010_06_07,2010-06-07,313.4014606809644,"{""type"":""MultiPoint"",""coordinates"":[]}"
2010_06_08,2010-06-08,315.77934424078046,"{""type"":""MultiPoint"",""coordinates"":[]}"
2010_06_09,2010-06-09,,"{""type"":""MultiPoint"",""coordinates"":[]}"
2010_06_10,2010-06-10,,"{""type"":""MultiPoint"",""coordinates"":[]}"
2010_06_11,2010-06-11,,"{""type"":""MultiPoint"",""coordinates"":[]}"
2010_06_12,2010-06-12,,"{""type"":""MultiPoint"",""coordinates"":[]}"
2010_06_13,2010-06-13,,"{""type"":""MultiPoint"",""coordinates"":[]}"
2010_06_14,2010-06-14,,"{""type"":""MultiPoint"",""coordinates"":[]}"
2010_06_15,2010-06-15,305.2160508938637,"{""type"":""MultiPoint"",""coordinates"":[]}"
2010_06_16,2010-06-16,,"{""type"":""MultiPoint"",""coordinates"":[]}"
2010_06_17,2010-06-17,,"{""type"":""MultiPoint"",""coordinates"":[]}"
2010_06_18,2010-06-18,311.2003142743302,"{""type"":""MultiPoint"",""coordinates"":[]}"
2010_06_19,2010-06-19,,"{""type"":""MultiPoint"",""coordinates"":[]}"
2010_06_20,2010-06-20,,"{""type"":""MultiPoint"",""coordinates"":[]}"
2010_06_21,2010-06-21,,"{""type"":""MultiPoint"",""coordinates"":[]}"
2010_06_22,2010-06-22,,"{""type"":""MultiPoint"",""coordinates"":[]}"
2010_06_23,2010-06-23,,"{""type"":""MultiPoint"",""coordinates"":[]}"
2010_06_24,2010-06-24,,"{""type"":""MultiPoint"",""coordinates"":[]}"
2010_06_25,2010-06-25,,"{""type"":""MultiPoint"",""coordinates"":[]}"
2010_06_26,2010-06-26,,"{""type"":""MultiPoint"",""coordinates"":[]}"
2010_06_27,2010-06-27,,"{""type"":""MultiPoint"",""coordinates"":[]}"
2010_06_28,2010-06-28,,"{""type"":""MultiPoint"",""coordinates"":[]}"
2010_06_29,2010-06-29,308.16791829639294,"{""type"":""MultiPoint"",""coordinates"":[]}"
2010_06_30,2010-06-30,,"{""type"":""MultiPoint"",""coordinates"":[]}"
2010_07_01,2010-07-01,,"{""type"":""MultiPoint"",""coordinates"":[]}"
2010_07_02,2010-07-02,,"{""type"":""MultiPoint"",""coordinates"":[]}"
2010_07_03,2010-07-03,,"{""type"":""MultiPoint"",""coordinates"":[]}"
2010_07_04,2010-07-04,,"{""type"":""MultiPoint"",""coordinates"":[]}"
2010_07_05,2010-07-05,,"{""type"":""MultiPoint"",""coordinates"":[]}"
2010_07_06,2010-07-06,,"{""type"":""MultiPoint"",""coordinates"":[]}"
2010_07_07,2010-07-07,,"{""type"":""MultiPoint"",""coordinates"":[]}"
2010_07_08,2010-07-08,,"{""type"":""MultiPoint"",""coordinates"":[]}"
2010_07_09,2010-07-09,,"{""type"":""MultiPoint"",""coordinates"":[]}"
2010_07_10,2010-07-10,306.78185417672626,"{""type"":""MultiPoint"",""coordinates"":[]}"
2010_07_11,2010-07-11,,"{""type"":""MultiPoint"",""coordinates"":[]}"
2010_07_12,2010-07-12,,"{""type"":""MultiPoint"",""coordinates"":[]}"
2010_07_13,2010-07-13,,"{""type"":""MultiPoint"",""coordinates"":[]}"
2010_07_14,2010-07-14,,"{""type"":""MultiPoint"",""coordinates"":[]}"
2010_07_15,2010-07-15,,"{""type"":""MultiPoint"",""coordinates"":[]}"
2010_07_16,2010-07-16,,"{""type"":""MultiPoint"",""coordinates"":[]}"
2010_07_17,2010-07-17,,"{""type"":""MultiPoint"",""coordinates"":[]}"
2010_07_18,2010-07-18,,"{""type"":""MultiPoint"",""coordinates"":[]}"
2010_07_19,2010-07-19,,"{""type"":""MultiPoint"",""coordinates"":[]}"
2010_07_20,2010-07-20,,"{""type"":""MultiPoint"",""coordinates"":[]}"
2010_07_21,2010-07-21,,"{""type"":""MultiPoint"",""coordinates"":[]}"
2010_07_22,2010-07-22,,"{""type"":""MultiPoint"",""coordinates"":[]}"
2010_07_23,2010-07-23,,"{""type"":""MultiPoint"",""coordinates"":[]}"
2010_07_24,2010-07-24,,"{""type"":""MultiPoint"",""coordinates"":[]}"
2010_07_25,2010-07-25,,"{""type"":""MultiPoint"",""coordinates"":[]}"
2010_07_26,2010-07-26,,"{""type"":""MultiPoint"",""coordinates"":[]}"
2010_07_27,2010-07-27,,"{""type"":""MultiPoint"",""coordinates"":[]}"
2010_07_28,2010-07-28,,"{""type"":""MultiPoint"",""coordinates"":[]}"
2010_07_29,2010-07-29,,"{""type"":""MultiPoint"",""coordinates"":[]}"
2010_07_30,2010-07-30,,"{""type"":""MultiPoint"",""coordinates"":[]}"
2010_07_31,2010-07-31,,"{""type"":""MultiPoint"",""coordinates"":[]}"
2010_08_01,2010-08-01,,"{""type"":""MultiPoint"",""coordinates"":[]}"
2010_08_02,2010-08-02,,"{""type"":""MultiPoint"",""coordinates"":[]}"
2010_08_03,2010-08-03,,"{""type"":""MultiPoint"",""coordinates"":[]}"
2010_08_04,2010-08-04,,"{""type"":""MultiPoint"",""coordinates"":[]}"
2010_08_05,2010-08-05,,"{""type"":""MultiPoint"",""coordinates"":[]}"
2010_08_06,2010-08-06,,"{""type"":""MultiPoint"",""coordinates"":[]}"
2010_08_07,2010-08-07,303.81736172080787,"{""type"":""MultiPoint"",""coordinates"":[]}"
2010_08_08,2010-08-08,,"{""type"":""MultiPoint"",""coordinates"":[]}"
2010_08_09,2010-08-09,306.71315213197005,"{""type"":""MultiPoint"",""coordinates"":[]}"
2010_08_10,2010-08-10,,"{""type"":""MultiPoint"",""coordinates"":[]}"
2010_08_11,2010-08-11,,"{""type"":""MultiPoint"",""coordinates"":[]}"
2010_08_12,2010-08-12,,"{""type"":""MultiPoint"",""coordinates"":[]}"
2010_08_13,2010-08-13,,"{""type"":""MultiPoint"",""coordinates"":[]}"
2010_08_14,2010-08-14,,"{""type"":""MultiPoint"",""coordinates"":[]}"
2010_08_15,2010-08-15,,"{""type"":""MultiPoint"",""coordinates"":[]}"
2010_08_16,2010-08-16,308.9327715298107,"{""type"":""MultiPoint"",""coordinates"":[]}"
2010_08_17,2010-08-17,296.4872939217319,"{""type"":""MultiPoint"",""coordinates"":[]}"
2010_08_18,2010-08-18,,"{""type"":""MultiPoint"",""coordinates"":[]}"
2010_08_19,2010-08-19,300.78000000000003,"{""type"":""MultiPoint"",""coordinates"":[]}"
2010_08_20,2010-08-20,,"{""type"":""MultiPoint"",""coordinates"":[]}"
2010_08_21,2010-08-21,,"{""type"":""MultiPoint"",""coordinates"":[]}"
2010_08_22,2010-08-22,,"{""type"":""MultiPoint"",""coordinates"":[]}"
2010_08_23,2010-08-23,307.95350463737276,"{""type"":""MultiPoint"",""coordinates"":[]}"
2010_08_24,2010-08-24,,"{""type"":""MultiPoint"",""coordinates"":[]}"
2010_08_25,2010-08-25,,"{""type"":""MultiPoint"",""coordinates"":[]}"
2010_08_26,2010-08-26,,"{""type"":""MultiPoint"",""coordinates"":[]}"
2010_08_27,2010-08-27,,"{""type"":""MultiPoint"",""coordinates"":[]}"
2010_08_28,2010-08-28,,"{""type"":""MultiPoint"",""coordinates"":[]}"
2010_08_29,2010-08-29,,"{""type"":""MultiPoint"",""coordinates"":[]}"
2010_08_30,2010-08-30,,"{""type"":""MultiPoint"",""coordinates"":[]}"
2010_08_31,2010-08-31,,"{""type"":""MultiPoint"",""coordinates"":[]}"
2010_09_01,2010-09-01,,"{""type"":""MultiPoint"",""coordinates"":[]}"
2010_09_02,2010-09-02,,"{""type"":""MultiPoint"",""coordinates"":[]}"
2010_09_03,2010-09-03,,"{""type"":""MultiPoint"",""coordinates"":[]}"
2010_09_04,2010-09-04,,"{""type"":""MultiPoint"",""coordinates"":[]}"
2010_09_05,2010-09-05,,"{""type"":""MultiPoint"",""coordinates"":[]}"
2010_09_06,2010-09-06,,"{""type"":""MultiPoint"",""coordinates"":[]}"
2010_09_07,2010-09-07,,"{""type"":""MultiPoint"",""coordinates"":[]}"
2010_09_08,2010-09-08,,"{""type"":""MultiPoint"",""coordinates"":[]}"
2010_09_09,2010-09-09,,"{""type"":""MultiPoint"",""coordinates"":[]}"
2010_09_10,2010-09-10,,"{""type"":""MultiPoint"",""coordinates"":[]}"
2010_09_11,2010-09-11,302.98,"{""type"":""MultiPoint"",""coordinates"":[]}"
2010_09_12,2010-09-12,,"{""type"":""MultiPoint"",""coordinates"":[]}"
2010_09_13,2010-09-13,,"{""type"":""MultiPoint"",""coordinates"":[]}"
2010_09_14,2010-09-14,,"{""type"":""MultiPoint"",""coordinates"":[]}"
2010_09_15,2010-09-15,,"{""type"":""MultiPoint"",""coordinates"":[]}"
2010_09_16,2010-09-16,,"{""type"":""MultiPoint"",""coordinates"":[]}"
2010_09_17,2010-09-17,,"{""type"":""MultiPoint"",""coordinates"":[]}"
2010_09_18,2010-09-18,,"{""type"":""MultiPoint"",""coordinates"":[]}"
2010_09_19,2010-09-19,,"{""type"":""MultiPoint"",""coordinates"":[]}"
2010_09_20,2010-09-20,,"{""type"":""MultiPoint"",""coordinates"":[]}"
2010_09_21,2010-09-21,302.8606060606061,"{""type"":""MultiPoint"",""coordinates"":[]}"
2010_09_22,2010-09-22,306.92564636891973,"{""type"":""MultiPoint"",""coordinates"":[]}"
2010_09_23,2010-09-23,,"{""type"":""MultiPoint"",""coordinates"":[]}"
2010_09_24,2010-09-24,,"{""type"":""MultiPoint"",""coordinates"":[]}"
2010_09_25,2010-09-25,,"{""type"":""MultiPoint"",""coordinates"":[]}"
2010_09_26,2010-09-26,305.8956460674158,"{""type"":""MultiPoint"",""coordinates"":[]}"
2010_09_27,2010-09-27,304.2299393270822,"{""type"":""MultiPoint"",""coordinates"":[]}"
2010_09_28,2010-09-28,300.28608173076924,"{""type"":""MultiPoint"",""coordinates"":[]}"
2010_09_29,2010-09-29,309.5523181818183,"{""type"":""MultiPoint"",""coordinates"":[]}"
2010_09_30,2010-09-30,,"{""type"":""MultiPoint"",""coordinates"":[]}"
2010_10_01,2010-10-01,306.4982553563621,"{""type"":""MultiPoint"",""coordinates"":[]}"
2010_10_02,2010-10-02,,"{""type"":""MultiPoint"",""coordinates"":[]}"
2010_10_03,2010-10-03,303.1045719489981,"{""type"":""MultiPoint"",""coordinates"":[]}"
2010_10_04,2010-10-04,,"{""type"":""MultiPoint"",""coordinates"":[]}"
2010_10_05,2010-10-05,,"{""type"":""MultiPoint"",""coordinates"":[]}"
2010_10_06,2010-10-06,,"{""type"":""MultiPoint"",""coordinates"":[]}"
2010_10_07,2010-10-07,,"{""type"":""MultiPoint"",""coordinates"":[]}"
2010_10_08,2010-10-08,,"{""type"":""MultiPoint"",""coordinates"":[]}"
2010_10_09,2010-10-09,,"{""type"":""MultiPoint"",""coordinates"":[]}"
2010_10_10,2010-10-10,307.2259887218045,"{""type"":""MultiPoint"",""coordinates"":[]}"
2010_10_11,2010-10-11,304.44662465868515,"{""type"":""MultiPoint"",""coordinates"":[]}"
2010_10_12,2010-10-12,307.5820622136483,"{""type"":""MultiPoint"",""coordinates"":[]}"
2010_10_13,2010-10-13,310.29399755019915,"{""type"":""MultiPoint"",""coordinates"":[]}"
2010_10_14,2010-10-14,307.49746412536314,"{""type"":""MultiPoint"",""coordinates"":[]}"
2010_10_15,2010-10-15,,"{""type"":""MultiPoint"",""coordinates"":[]}"
2010_10_16,2010-10-16,,"{""type"":""MultiPoint"",""coordinates"":[]}"
2010_10_17,2010-10-17,,"{""type"":""MultiPoint"",""coordinates"":[]}"
2010_10_18,2010-10-18,,"{""type"":""MultiPoint"",""coordinates"":[]}"
2010_10_19,2010-10-19,,"{""type"":""MultiPoint"",""coordinates"":[]}"
2010_10_20,2010-10-20,,"{""type"":""MultiPoint"",""coordinates"":[]}"
2010_10_21,2010-10-21,305.1409982235007,"{""type"":""MultiPoint"",""coordinates"":[]}"
2010_10_22,2010-10-22,,"{""type"":""MultiPoint"",""coordinates"":[]}"
2010_10_23,2010-10-23,,"{""type"":""MultiPoint"",""coordinates"":[]}"
2010_10_24,2010-10-24,,"{""type"":""MultiPoint"",""coordinates"":[]}"
2010_10_25,2010-10-25,,"{""type"":""MultiPoint"",""coordinates"":[]}"
2010_10_26,2010-10-26,308.9276683144496,"{""type"":""MultiPoint"",""coordinates"":[]}"
2010_10_27,2010-10-27,307.50856642897753,"{""type"":""MultiPoint"",""coordinates"":[]}"
2010_10_28,2010-10-28,306.1663143619581,"{""type"":""MultiPoint"",""coordinates"":[]}"
2010_10_29,2010-10-29,,"{""type"":""MultiPoint"",""coordinates"":[]}"
2010_10_30,2010-10-30,,"{""type"":""MultiPoint"",""coordinates"":[]}"
2010_10_31,2010-10-31,,"{""type"":""MultiPoint"",""coordinates"":[]}"
2010_11_01,2010-11-01,,"{""type"":""MultiPoint"",""coordinates"":[]}"
2010_11_02,2010-11-02,,"{""type"":""MultiPoint"",""coordinates"":[]}"
2010_11_03,2010-11-03,,"{""type"":""MultiPoint"",""coordinates"":[]}"
2010_11_04,2010-11-04,304.00526842134184,"{""type"":""MultiPoint"",""coordinates"":[]}"
2010_11_05,2010-11-05,,"{""type"":""MultiPoint"",""coordinates"":[]}"
2010_11_06,2010-11-06,,"{""type"":""MultiPoint"",""coordinates"":[]}"
2010_11_07,2010-11-07,,"{""type"":""MultiPoint"",""coordinates"":[]}"
2010_11_08,2010-11-08,,"{""type"":""MultiPoint"",""coordinates"":[]}"
2010_11_09,2010-11-09,300.7162019440011,"{""type"":""MultiPoint"",""coordinates"":[]}"
2010_11_10,2010-11-10,,"{""type"":""MultiPoint"",""coordinates"":[]}"
2010_11_11,2010-11-11,307.0687455787156,"{""type"":""MultiPoint"",""coordinates"":[]}"
2010_11_12,2010-11-12,,"{""type"":""MultiPoint"",""coordinates"":[]}"
2010_11_13,2010-11-13,303.755783986016,"{""type"":""MultiPoint"",""coordinates"":[]}"
2010_11_14,2010-11-14,,"{""type"":""MultiPoint"",""coordinates"":[]}"
2010_11_15,2010-11-15,301.3320150719099,"{""type"":""MultiPoint"",""coordinates"":[]}"
2010_11_16,2010-11-16,303.36515394275307,"{""type"":""MultiPoint"",""coordinates"":[]}"
2010_11_17,2010-11-17,,"{""type"":""MultiPoint"",""coordinates"":[]}"
2010_11_18,2010-11-18,303.21818301731236,"{""type"":""MultiPoint"",""coordinates"":[]}"
2010_11_19,2010-11-19,,"{""type"":""MultiPoint"",""coordinates"":[]}"
2010_11_20,2010-11-20,303.63078654661024,"{""type"":""MultiPoint"",""coordinates"":[]}"
2010_11_21,2010-11-21,,"{""type"":""MultiPoint"",""coordinates"":[]}"
2010_11_22,2010-11-22,301.8820086665567,"{""type"":""MultiPoint"",""coordinates"":[]}"
2010_11_23,2010-11-23,307.64260028828033,"{""type"":""MultiPoint"",""coordinates"":[]}"
2010_11_24,2010-11-24,292.8172631578948,"{""type"":""MultiPoint"",""coordinates"":[]}"
2010_11_25,2010-11-25,307.42890261595966,"{""type"":""MultiPoint"",""coordinates"":[]}"
2010_11_26,2010-11-26,,"{""type"":""MultiPoint"",""coordinates"":[]}"
2010_11_27,2010-11-27,307.41092394032023,"{""type"":""MultiPoint"",""coordinates"":[]}"
2010_11_28,2010-11-28,,"{""type"":""MultiPoint"",""coordinates"":[]}"
2010_11_29,2010-11-29,304.37827241715405,"{""type"":""MultiPoint"",""coordinates"":[]}"
2010_11_30,2010-11-30,303.3927479977202,"{""type"":""MultiPoint"",""coordinates"":[]}"
2010_12_01,2010-12-01,302.2074068872241,"{""type"":""MultiPoint"",""coordinates"":[]}"
2010_12_02,2010-12-02,304.83862074074074,"{""type"":""MultiPoint"",""coordinates"":[]}"
2010_12_03,2010-12-03,301.66357673214804,"{""type"":""MultiPoint"",""coordinates"":[]}"
2010_12_04,2010-12-04,304.82669793791064,"{""type"":""MultiPoint"",""coordinates"":[]}"
2010_12_05,2010-12-05,,"{""type"":""MultiPoint"",""coordinates"":[]}"
2010_12_06,2010-12-06,,"{""type"":""MultiPoint"",""coordinates"":[]}"
2010_12_07,2010-12-07,,"{""type"":""MultiPoint"",""coordinates"":[]}"
2010_12_08,2010-12-08,,"{""type"":""MultiPoint"",""coordinates"":[]}"
2010_12_09,2010-12-09,,"{""type"":""MultiPoint"",""coordinates"":[]}"
2010_12_10,2010-12-10,298.51959643074434,"{""type"":""MultiPoint"",""coordinates"":[]}"
2010_12_11,2010-12-11,303.4340938089023,"{""type"":""MultiPoint"",""coordinates"":[]}"
2010_12_12,2010-12-12,,"{""type"":""MultiPoint"",""coordinates"":[]}"
2010_12_13,2010-12-13,305.941038978083,"{""type"":""MultiPoint"",""coordinates"":[]}"
2010_12_14,2010-12-14,,"{""type"":""MultiPoint"",""coordinates"":[]}"
2010_12_15,2010-12-15,303.90129576971873,"{""type"":""MultiPoint"",""coordinates"":[]}"
2010_12_16,2010-12-16,303.58279043280186,"{""type"":""MultiPoint"",""coordinates"":[]}"
2010_12_17,2010-12-17,302.42832669845586,"{""type"":""MultiPoint"",""coordinates"":[]}"
2010_12_18,2010-12-18,306.05928737040136,"{""type"":""MultiPoint"",""coordinates"":[]}"
2010_12_19,2010-12-19,302.48515289382743,"{""type"":""MultiPoint"",""coordinates"":[]}"
2010_12_20,2010-12-20,306.60949079137333,"{""type"":""MultiPoint"",""coordinates"":[]}"
2010_12_21,2010-12-21,,"{""type"":""MultiPoint"",""coordinates"":[]}"
2010_12_22,2010-12-22,303.4644407016929,"{""type"":""MultiPoint"",""coordinates"":[]}"
2010_12_23,2010-12-23,299.22182245701924,"{""type"":""MultiPoint"",""coordinates"":[]}"
2010_12_24,2010-12-24,305.77288901526754,"{""type"":""MultiPoint"",""coordinates"":[]}"
2010_12_25,2010-12-25,307.4297742683406,"{""type"":""MultiPoint"",""coordinates"":[]}"
2010_12_26,2010-12-26,302.34190165799015,"{""type"":""MultiPoint"",""coordinates"":[]}"
2010_12_27,2010-12-27,305.93533400411206,"{""type"":""MultiPoint"",""coordinates"":[]}"
2010_12_28,2010-12-28,,"{""type"":""MultiPoint"",""coordinates"":[]}"
2010_12_29,2010-12-29,,"{""type"":""MultiPoint"",""coordinates"":[]}"
2010_12_30,2010-12-30,305.258813532147,"{""type"":""MultiPoint"",""coordinates"":[]}"
2010_12_31,2010-12-31,304.79581585700373,"{""type"":""MultiPoint"",""coordinates"":[]}"
2011_01_01,2011-01-01,,"{""type"":""MultiPoint"",""coordinates"":[]}"
2011_01_02,2011-01-02,303.199345655275,"{""type"":""MultiPoint"",""coordinates"":[]}"
2011_01_03,2011-01-03,303.57439267886843,"{""type"":""MultiPoint"",""coordinates"":[]}"
2011_01_04,2011-01-04,,"{""type"":""MultiPoint"",""coordinates"":[]}"
2011_01_05,2011-01-05,306.23752701343017,"{""type"":""MultiPoint"",""coordinates"":[]}"
2011_01_06,2011-01-06,,"{""type"":""MultiPoint"",""coordinates"":[]}"
2011_01_07,2011-01-07,306.26225337941287,"{""type"":""MultiPoint"",""coordinates"":[]}"
2011_01_08,2011-01-08,304.8305918894089,"{""type"":""MultiPoint"",""coordinates"":[]}"
2011_01_09,2011-01-09,306.0879981626493,"{""type"":""MultiPoint"",""coordinates"":[]}"
2011_01_10,2011-01-10,306.9248799160069,"{""type"":""MultiPoint"",""coordinates"":[]}"
2011_01_11,2011-01-11,304.762501859224,"{""type"":""MultiPoint"",""coordinates"":[]}"
2011_01_12,2011-01-12,308.61182597663947,"{""type"":""MultiPoint"",""coordinates"":[]}"
2011_01_13,2011-01-13,,"{""type"":""MultiPoint"",""coordinates"":[]}"
2011_01_14,2011-01-14,309.9527499015705,"{""type"":""MultiPoint"",""coordinates"":[]}"
2011_01_15,2011-01-15,307.86182335185276,"{""type"":""MultiPoint"",""coordinates"":[]}"
2011_01_16,2011-01-16,308.6658764600379,"{""type"":""MultiPoint"",""coordinates"":[]}"
2011_01_17,2011-01-17,307.3737875672603,"{""type"":""MultiPoint"",""coordinates"":[]}"
2011_01_18,2011-01-18,306.8348479811015,"{""type"":""MultiPoint"",""coordinates"":[]}"
2011_01_19,2011-01-19,310.8308858655235,"{""type"":""MultiPoint"",""coordinates"":[]}"
2011_01_20,2011-01-20,306.78829782580164,"{""type"":""MultiPoint"",""coordinates"":[]}"
2011_01_21,2011-01-21,310.45133120433985,"{""type"":""MultiPoint"",""coordinates"":[]}"
2011_01_22,2011-01-22,,"{""type"":""MultiPoint"",""coordinates"":[]}"
2011_01_23,2011-01-23,309.8960812088953,"{""type"":""MultiPoint"",""coordinates"":[]}"
2011_01_24,2011-01-24,308.9737136357672,"{""type"":""MultiPoint"",""coordinates"":[]}"
2011_01_25,2011-01-25,308.3493048689793,"{""type"":""MultiPoint"",""coordinates"":[]}"
2011_01_26,2011-01-26,310.3118251017105,"{""type"":""MultiPoint"",""coordinates"":[]}"
2011_01_27,2011-01-27,308.78548842906525,"{""type"":""MultiPoint"",""coordinates"":[]}"
2011_01_28,2011-01-28,312.1096014698808,"{""type"":""MultiPoint"",""coordinates"":[]}"
2011_01_29,2011-01-29,,"{""type"":""MultiPoint"",""coordinates"":[]}"
2011_01_30,2011-01-30,311.85290782623923,"{""type"":""MultiPoint"",""coordinates"":[]}"
2011_01_31,2011-01-31,307.4142945885647,"{""type"":""MultiPoint"",""coordinates"":[]}"
2011_02_01,2011-02-01,310.05773043440206,"{""type"":""MultiPoint"",""coordinates"":[]}"
2011_02_02,2011-02-02,309.43409379237943,"{""type"":""MultiPoint"",""coordinates"":[]}"
2011_02_03,2011-02-03,308.4436650772122,"{""type"":""MultiPoint"",""coordinates"":[]}"
2011_02_04,2011-02-04,312.05397742683425,"{""type"":""MultiPoint"",""coordinates"":[]}"
2011_02_05,2011-02-05,308.2290979482916,"{""type"":""MultiPoint"",""coordinates"":[]}"
2011_02_06,2011-02-06,312.5615123146247,"{""type"":""MultiPoint"",""coordinates"":[]}"
2011_02_07,2011-02-07,,"{""type"":""MultiPoint"",""coordinates"":[]}"
2011_02_08,2011-02-08,313.9365882147076,"{""type"":""MultiPoint"",""coordinates"":[]}"
2011_02_09,2011-02-09,312.14030710004823,"{""type"":""MultiPoint"",""coordinates"":[]}"
2011_02_10,2011-02-10,310.56378406754453,"{""type"":""MultiPoint"",""coordinates"":[]}"
2011_02_11,2011-02-11,312.34387418522226,"{""type"":""MultiPoint"",""coordinates"":[]}"
2011_02_12,2011-02-12,309.11265453431895,"{""type"":""MultiPoint"",""coordinates"":[]}"
2011_02_13,2011-02-13,313.6923224987971,"{""type"":""MultiPoint"",""coordinates"":[]}"
2011_02_14,2011-02-14,,"{""type"":""MultiPoint"",""coordinates"":[]}"
2011_02_15,2011-02-15,315.4132302375431,"{""type"":""MultiPoint"",""coordinates"":[]}"
2011_02_16,2011-02-16,306.28929726351964,"{""type"":""MultiPoint"",""coordinates"":[]}"
2011_02_17,2011-02-17,307.5426678017744,"{""type"":""MultiPoint"",""coordinates"":[]}"
2011_02_18,2011-02-18,306.46398465219903,"{""type"":""MultiPoint"",""coordinates"":[]}"
2011_02_19,2011-02-19,304.87539501517506,"{""type"":""MultiPoint"",""coordinates"":[]}"
2011_02_20,2011-02-20,306.285313835031,"{""type"":""MultiPoint"",""coordinates"":[]}"
2011_02_21,2011-02-21,,"{""type"":""MultiPoint"",""coordinates"":[]}"
2011_02_22,2011-02-22,310.19300026836027,"{""type"":""MultiPoint"",""coordinates"":[]}"
2011_02_23,2011-02-23,,"{""type"":""MultiPoint"",""coordinates"":[]}"
2011_02_24,2011-02-24,311.152428263165,"{""type"":""MultiPoint"",""coordinates"":[]}"
2011_02_25,2011-02-25,304.81950406642784,"{""type"":""MultiPoint"",""coordinates"":[]}"
2011_02_26,2011-02-26,301.2452010814465,"{""type"":""MultiPoint"",""coordinates"":[]}"
2011_02_27,2011-02-27,308.2908467544054,"{""type"":""MultiPoint"",""coordinates"":[]}"
2011_02_28,2011-02-28,307.4803945929394,"{""type"":""MultiPoint"",""coordinates"":[]}"
2011_03_01,2011-03-01,312.4754420578329,"{""type"":""MultiPoint"",""coordinates"":[]}"
2011_03_02,2011-03-02,,"{""type"":""MultiPoint"",""coordinates"":[]}"
2011_03_03,2011-03-03,314.29759744520777,"{""type"":""MultiPoint"",""coordinates"":[]}"
2011_03_04,2011-03-04,312.37565422809416,"{""type"":""MultiPoint"",""coordinates"":[]}"
2011_03_05,2011-03-05,315.3085336191436,"{""type"":""MultiPoint"",""coordinates"":[]}"
2011_03_06,2011-03-06,316.6184111290958,"{""type"":""MultiPoint"",""coordinates"":[]}"
2011_03_07,2011-03-07,314.72903495340995,"{""type"":""MultiPoint"",""coordinates"":[]}"
2011_03_08,2011-03-08,316.3306268865655,"{""type"":""MultiPoint"",""coordinates"":[]}"
2011_03_09,2011-03-09,310.88391180716576,"{""type"":""MultiPoint"",""coordinates"":[]}"
2011_03_10,2011-03-10,317.1392151859754,"{""type"":""MultiPoint"",""coordinates"":[]}"
2011_03_11,2011-03-11,,"{""type"":""MultiPoint"",""coordinates"":[]}"
2011_03_12,2011-03-12,316.45199352552606,"{""type"":""MultiPoint"",""coordinates"":[]}"
2011_03_13,2011-03-13,313.1969797453958,"{""type"":""MultiPoint"",""coordinates"":[]}"
2011_03_14,2011-03-14,314.2505980139115,"{""type"":""MultiPoint"",""coordinates"":[]}"
2011_03_15,2011-03-15,315.0020731440572,"{""type"":""MultiPoint"",""coordinates"":[]}"
2011_03_16,2011-03-16,312.91817839800507,"{""type"":""MultiPoint"",""coordinates"":[]}"
2011_03_17,2011-03-17,318.5487055426746,"{""type"":""MultiPoint"",""coordinates"":[]}"
2011_03_18,2011-03-18,,"{""type"":""MultiPoint"",""coordinates"":[]}"
2011_03_19,2011-03-19,319.4218321011418,"{""type"":""MultiPoint"",""coordinates"":[]}"
2011_03_20,2011-03-20,314.6007904982721,"{""type"":""MultiPoint"",""coordinates"":[]}"
2011_03_21,2011-03-21,317.4044288901526,"{""type"":""MultiPoint"",""coordinates"":[]}"
2011_03_22,2011-03-22,311.49008221245845,"{""type"":""MultiPoint"",""coordinates"":[]}"
2011_03_23,2011-03-23,309.49162103298073,"{""type"":""MultiPoint"",""coordinates"":[]}"
2011_03_24,2011-03-24,316.5109777330591,"{""type"":""MultiPoint"",""coordinates"":[]}"
2011_03_25,2011-03-25,309.64279640771525,"{""type"":""MultiPoint"",""coordinates"":[]}"
2011_03_26,2011-03-26,,"{""type"":""MultiPoint"",""coordinates"":[]}"
2011_03_27,2011-03-27,,"{""type"":""MultiPoint"",""coordinates"":[]}"
2011_03_28,2011-03-28,318.5756572903453,"{""type"":""MultiPoint"",""coordinates"":[]}"
2011_03_29,2011-03-29,314.7138243142744,"{""type"":""MultiPoint"",""coordinates"":[]}"
2011_03_30,2011-03-30,317.12080012249,"{""type"":""MultiPoint"",""coordinates"":[]}"
2011_03_31,2011-03-31,317.17630386281127,"{""type"":""MultiPoint"",""coordinates"":[]}"
2011_04_01,2011-04-01,312.8398477623693,"{""type"":""MultiPoint"",""coordinates"":[]}"
2011_04_02,2011-04-02,319.984445513802,"{""type"":""MultiPoint"",""coordinates"":[]}"
2011_04_03,2011-04-03,,"{""type"":""MultiPoint"",""coordinates"":[]}"
2011_04_04,2011-04-04,320.12070694256096,"{""type"":""MultiPoint"",""coordinates"":[]}"
2011_04_05,2011-04-05,314.2269036265803,"{""type"":""MultiPoint"",""coordinates"":[]}"
2011_04_06,2011-04-06,312.4898449164126,"{""type"":""MultiPoint"",""coordinates"":[]}"
2011_04_07,2011-04-07,313.8612537731311,"{""type"":""MultiPoint"",""coordinates"":[]}"
2011_04_08,2011-04-08,311.82000089142434,"{""type"":""MultiPoint"",""coordinates"":[]}"
2011_04_09,2011-04-09,310.34621861683,"{""type"":""MultiPoint"",""coordinates"":[]}"
2011_04_10,2011-04-10,311.20663108622415,"{""type"":""MultiPoint"",""coordinates"":[]}"
2011_04_11,2011-04-11,319.93796928999507,"{""type"":""MultiPoint"",""coordinates"":[]}"
2011_04_12,2011-04-12,,"{""type"":""MultiPoint"",""coordinates"":[]}"
2011_04_13,2011-04-13,319.0933247298657,"{""type"":""MultiPoint"",""coordinates"":[]}"
2011_04_14,2011-04-14,312.1876759267125,"{""type"":""MultiPoint"",""coordinates"":[]}"
2011_04_15,2011-04-15,312.0284324007772,"{""type"":""MultiPoint"",""coordinates"":[]}"
2011_04_16,2011-04-16,307.7352228256185,"{""type"":""MultiPoint"",""coordinates"":[]}"
2011_04_17,2011-04-17,312.3459057701563,"{""type"":""MultiPoint"",""coordinates"":[]}"
2011_04_18,2011-04-18,319.047159543287,"{""type"":""MultiPoint"",""coordinates"":[]}"
2011_04_19,2011-04-19,,"{""type"":""MultiPoint"",""coordinates"":[]}"
2011_04_20,2011-04-20,,"{""type"":""MultiPoint"",""coordinates"":[]}"
2011_04_21,2011-04-21,,"{""type"":""MultiPoint"",""coordinates"":[]}"
2011_04_22,2011-04-22,310.83763083063087,"{""type"":""MultiPoint"",""coordinates"":[]}"
2011_04_23,2011-04-23,314.30492072121024,"{""type"":""MultiPoint"",""coordinates"":[]}"
2011_04_24,2011-04-24,311.1819794310836,"{""type"":""MultiPoint"",""coordinates"":[]}"
2011_04_25,2011-04-25,318.53452257880025,"{""type"":""MultiPoint"",""coordinates"":[]}"
2011_04_26,2011-04-26,311.35660746314363,"{""type"":""MultiPoint"",""coordinates"":[]}"
2011_04_27,2011-04-27,319.80210289163995,"{""type"":""MultiPoint"",""coordinates"":[]}"
2011_04_28,2011-04-28,,"{""type"":""MultiPoint"",""coordinates"":[]}"
2011_04_29,2011-04-29,314.79493658011245,"{""type"":""MultiPoint"",""coordinates"":[]}"
2011_04_30,2011-04-30,309.587887619363,"{""type"":""MultiPoint"",""coordinates"":[]}"
2011_05_01,2011-05-01,312.2348204709722,"{""type"":""MultiPoint"",""coordinates"":[]}"
2011_05_02,2011-05-02,317.3181261173769,"{""type"":""MultiPoint"",""coordinates"":[]}"
2011_05_03,2011-05-03,314.4375948204208,"{""type"":""MultiPoint"",""coordinates"":[]}"
2011_05_04,2011-05-04,322.24413447657383,"{""type"":""MultiPoint"",""coordinates"":[]}"
2011_05_05,2011-05-05,,"{""type"":""MultiPoint"",""coordinates"":[]}"
2011_05_06,2011-05-06,322.6438159207289,"{""type"":""MultiPoint"",""coordinates"":[]}"
2011_05_07,2011-05-07,312.7631001033809,"{""type"":""MultiPoint"",""coordinates"":[]}"
2011_05_08,2011-05-08,317.12973562634517,"{""type"":""MultiPoint"",""coordinates"":[]}"
2011_05_09,2011-05-09,312.72487386152983,"{""type"":""MultiPoint"",""coordinates"":[]}"
2011_05_10,2011-05-10,,"{""type"":""MultiPoint"",""coordinates"":[]}"
2011_05_11,2011-05-11,318.00297644206194,"{""type"":""MultiPoint"",""coordinates"":[]}"
2011_05_12,2011-05-12,312.68086705455175,"{""type"":""MultiPoint"",""coordinates"":[]}"
2011_05_13,2011-05-13,320.2754863392897,"{""type"":""MultiPoint"",""coordinates"":[]}"
2011_05_14,2011-05-14,,"{""type"":""MultiPoint"",""coordinates"":[]}"
2011_05_15,2011-05-15,320.8111247991431,"{""type"":""MultiPoint"",""coordinates"":[]}"
2011_05_16,2011-05-16,,"{""type"":""MultiPoint"",""coordinates"":[]}"
2011_05_17,2011-05-17,312.97245865834634,"{""type"":""MultiPoint"",""coordinates"":[]}"
2011_05_18,2011-05-18,,"{""type"":""MultiPoint"",""coordinates"":[]}"
2011_05_19,2011-05-19,313.39858130276934,"{""type"":""MultiPoint"",""coordinates"":[]}"
2011_05_20,2011-05-20,315.534680789441,"{""type"":""MultiPoint"",""coordinates"":[]}"
2011_05_21,2011-05-21,,"{""type"":""MultiPoint"",""coordinates"":[]}"
2011_05_22,2011-05-22,320.76039065575935,"{""type"":""MultiPoint"",""coordinates"":[]}"
2011_05_23,2011-05-23,308.63143112701255,"{""type"":""MultiPoint"",""coordinates"":[]}"
2011_05_24,2011-05-24,312.88585912172124,"{""type"":""MultiPoint"",""coordinates"":[]}"
2011_05_25,2011-05-25,314.8213897908129,"{""type"":""MultiPoint"",""coordinates"":[]}"
2011_05_26,2011-05-26,,"{""type"":""MultiPoint"",""coordinates"":[]}"
2011_05_27,2011-05-27,314.45215531736005,"{""type"":""MultiPoint"",""coordinates"":[]}"
2011_05_28,2011-05-28,,"{""type"":""MultiPoint"",""coordinates"":[]}"
2011_05_29,2011-05-29,318.12001531159086,"{""type"":""MultiPoint"",""coordinates"":[]}"
2011_05_30,2011-05-30,,"{""type"":""MultiPoint"",""coordinates"":[]}"
2011_05_31,2011-05-31,314.5016164859285,"{""type"":""MultiPoint"",""coordinates"":[]}"
2011_06_01,2011-06-01,,"{""type"":""MultiPoint"",""coordinates"":[]}"
2011_06_02,2011-06-02,313.16337590381494,"{""type"":""MultiPoint"",""coordinates"":[]}"
2011_06_03,2011-06-03,,"{""type"":""MultiPoint"",""coordinates"":[]}"
2011_06_04,2011-06-04,,"{""type"":""MultiPoint"",""coordinates"":[]}"
2011_06_05,2011-06-05,315.7392128801431,"{""type"":""MultiPoint"",""coordinates"":[]}"
2011_06_06,2011-06-06,,"{""type"":""MultiPoint"",""coordinates"":[]}"
2011_06_07,2011-06-07,,"{""type"":""MultiPoint"",""coordinates"":[]}"
2011_06_08,2011-06-08,,"{""type"":""MultiPoint"",""coordinates"":[]}"
2011_06_09,2011-06-09,,"{""type"":""MultiPoint"",""coordinates"":[]}"
2011_06_10,2011-06-10,,"{""type"":""MultiPoint"",""coordinates"":[]}"
2011_06_11,2011-06-11,305.6111202908129,"{""type"":""MultiPoint"",""coordinates"":[]}"
2011_06_12,2011-06-12,,"{""type"":""MultiPoint"",""coordinates"":[]}"
2011_06_13,2011-06-13,,"{""type"":""MultiPoint"",""coordinates"":[]}"
2011_06_14,2011-06-14,313.6769944415034,"{""type"":""MultiPoint"",""coordinates"":[]}"
2011_06_15,2011-06-15,,"{""type"":""MultiPoint"",""coordinates"":[]}"
2011_06_16,2011-06-16,309.8356615535477,"{""type"":""MultiPoint"",""coordinates"":[]}"
2011_06_17,2011-06-17,,"{""type"":""MultiPoint"",""coordinates"":[]}"
2011_06_18,2011-06-18,307.2532790408327,"{""type"":""MultiPoint"",""coordinates"":[]}"
2011_06_19,2011-06-19,,"{""type"":""MultiPoint"",""coordinates"":[]}"
2011_06_20,2011-06-20,,"{""type"":""MultiPoint"",""coordinates"":[]}"
2011_06_21,2011-06-21,,"{""type"":""MultiPoint"",""coordinates"":[]}"
2011_06_22,2011-06-22,,"{""type"":""MultiPoint"",""coordinates"":[]}"
2011_06_23,2011-06-23,308.7258511161372,"{""type"":""MultiPoint"",""coordinates"":[]}"
2011_06_24,2011-06-24,,"{""type"":""MultiPoint"",""coordinates"":[]}"
2011_06_25,2011-06-25,,"{""type"":""MultiPoint"",""coordinates"":[]}"
2011_06_26,2011-06-26,,"{""type"":""MultiPoint"",""coordinates"":[]}"
2011_06_27,2011-06-27,,"{""type"":""MultiPoint"",""coordinates"":[]}"
2011_06_28,2011-06-28,,"{""type"":""MultiPoint"",""coordinates"":[]}"
2011_06_29,2011-06-29,,"{""type"":""MultiPoint"",""coordinates"":[]}"
2011_06_30,2011-06-30,,"{""type"":""MultiPoint"",""coordinates"":[]}"
2011_07_01,2011-07-01,,"{""type"":""MultiPoint"",""coordinates"":[]}"
2011_07_02,2011-07-02,,"{""type"":""MultiPoint"",""coordinates"":[]}"
2011_07_03,2011-07-03,,"{""type"":""MultiPoint"",""coordinates"":[]}"
2011_07_04,2011-07-04,,"{""type"":""MultiPoint"",""coordinates"":[]}"
2011_07_05,2011-07-05,,"{""type"":""MultiPoint"",""coordinates"":[]}"
2011_07_06,2011-07-06,,"{""type"":""MultiPoint"",""coordinates"":[]}"
2011_07_07,2011-07-07,,"{""type"":""MultiPoint"",""coordinates"":[]}"
2011_07_08,2011-07-08,,"{""type"":""MultiPoint"",""coordinates"":[]}"
2011_07_09,2011-07-09,310.96871983704153,"{""type"":""MultiPoint"",""coordinates"":[]}"
2011_07_10,2011-07-10,,"{""type"":""MultiPoint"",""coordinates"":[]}"
2011_07_11,2011-07-11,308.74334310850446,"{""type"":""MultiPoint"",""coordinates"":[]}"
2011_07_12,2011-07-12,,"{""type"":""MultiPoint"",""coordinates"":[]}"
2011_07_13,2011-07-13,,"{""type"":""MultiPoint"",""coordinates"":[]}"
2011_07_14,2011-07-14,,"{""type"":""MultiPoint"",""coordinates"":[]}"
2011_07_15,2011-07-15,,"{""type"":""MultiPoint"",""coordinates"":[]}"
2011_07_16,2011-07-16,,"{""type"":""MultiPoint"",""coordinates"":[]}"
2011_07_17,2011-07-17,,"{""type"":""MultiPoint"",""coordinates"":[]}"
2011_07_18,2011-07-18,,"{""type"":""MultiPoint"",""coordinates"":[]}"
2011_07_19,2011-07-19,,"{""type"":""MultiPoint"",""coordinates"":[]}"
2011_07_20,2011-07-20,,"{""type"":""MultiPoint"",""coordinates"":[]}"
2011_07_21,2011-07-21,,"{""type"":""MultiPoint"",""coordinates"":[]}"
2011_07_22,2011-07-22,,"{""type"":""MultiPoint"",""coordinates"":[]}"
2011_07_23,2011-07-23,307.0661346332914,"{""type"":""MultiPoint"",""coordinates"":[]}"
2011_07_24,2011-07-24,,"{""type"":""MultiPoint"",""coordinates"":[]}"
2011_07_25,2011-07-25,,"{""type"":""MultiPoint"",""coordinates"":[]}"
2011_07_26,2011-07-26,,"{""type"":""MultiPoint"",""coordinates"":[]}"
2011_07_27,2011-07-27,,"{""type"":""MultiPoint"",""coordinates"":[]}"
2011_07_28,2011-07-28,296.92217907227615,"{""type"":""MultiPoint"",""coordinates"":[]}"
2011_07_29,2011-07-29,300.12249650675363,"{""type"":""MultiPoint"",""coordinates"":[]}"
2011_07_30,2011-07-30,303.8955555555556,"{""type"":""MultiPoint"",""coordinates"":[]}"
2011_07_31,2011-07-31,,"{""type"":""MultiPoint"",""coordinates"":[]}"
2011_08_01,2011-08-01,,"{""type"":""MultiPoint"",""coordinates"":[]}"
2011_08_02,2011-08-02,,"{""type"":""MultiPoint"",""coordinates"":[]}"
2011_08_03,2011-08-03,,"{""type"":""MultiPoint"",""coordinates"":[]}"
2011_08_04,2011-08-04,,"{""type"":""MultiPoint"",""coordinates"":[]}"
2011_08_05,2011-08-05,,"{""type"":""MultiPoint"",""coordinates"":[]}"
2011_08_06,2011-08-06,,"{""type"":""MultiPoint"",""coordinates"":[]}"
2011_08_07,2011-08-07,,"{""type"":""MultiPoint"",""coordinates"":[]}"
2011_08_08,2011-08-08,307.5152153606643,"{""type"":""MultiPoint"",""coordinates"":[]}"
2011_08_09,2011-08-09,,"{""type"":""MultiPoint"",""coordinates"":[]}"
2011_08_10,2011-08-10,,"{""type"":""MultiPoint"",""coordinates"":[]}"
2011_08_11,2011-08-11,,"{""type"":""MultiPoint"",""coordinates"":[]}"
2011_08_12,2011-08-12,,"{""type"":""MultiPoint"",""coordinates"":[]}"
2011_08_13,2011-08-13,,"{""type"":""MultiPoint"",""coordinates"":[]}"
2011_08_14,2011-08-14,,"{""type"":""MultiPoint"",""coordinates"":[]}"
2011_08_15,2011-08-15,,"{""type"":""MultiPoint"",""coordinates"":[]}"
2011_08_16,2011-08-16,,"{""type"":""MultiPoint"",""coordinates"":[]}"
2011_08_17,2011-08-17,,"{""type"":""MultiPoint"",""coordinates"":[]}"
2011_08_18,2011-08-18,,"{""type"":""MultiPoint"",""coordinates"":[]}"
2011_08_19,2011-08-19,,"{""type"":""MultiPoint"",""coordinates"":[]}"
2011_08_20,2011-08-20,,"{""type"":""MultiPoint"",""coordinates"":[]}"
2011_08_21,2011-08-21,,"{""type"":""MultiPoint"",""coordinates"":[]}"
2011_08_22,2011-08-22,,"{""type"":""MultiPoint"",""coordinates"":[]}"
2011_08_23,2011-08-23,,"{""type"":""MultiPoint"",""coordinates"":[]}"
2011_08_24,2011-08-24,,"{""type"":""MultiPoint"",""coordinates"":[]}"
2011_08_25,2011-08-25,,"{""type"":""MultiPoint"",""coordinates"":[]}"
2011_08_26,2011-08-26,,"{""type"":""MultiPoint"",""coordinates"":[]}"
2011_08_27,2011-08-27,,"{""type"":""MultiPoint"",""coordinates"":[]}"
2011_08_28,2011-08-28,,"{""type"":""MultiPoint"",""coordinates"":[]}"
2011_08_29,2011-08-29,302.0966789215686,"{""type"":""MultiPoint"",""coordinates"":[]}"
2011_08_30,2011-08-30,,"{""type"":""MultiPoint"",""coordinates"":[]}"
2011_08_31,2011-08-31,,"{""type"":""MultiPoint"",""coordinates"":[]}"
2011_09_01,2011-09-01,,"{""type"":""MultiPoint"",""coordinates"":[]}"
2011_09_02,2011-09-02,,"{""type"":""MultiPoint"",""coordinates"":[]}"
2011_09_03,2011-09-03,,"{""type"":""MultiPoint"",""coordinates"":[]}"
2011_09_04,2011-09-04,,"{""type"":""MultiPoint"",""coordinates"":[]}"
2011_09_05,2011-09-05,,"{""type"":""MultiPoint"",""coordinates"":[]}"
2011_09_06,2011-09-06,,"{""type"":""MultiPoint"",""coordinates"":[]}"
2011_09_07,2011-09-07,,"{""type"":""MultiPoint"",""coordinates"":[]}"
2011_09_08,2011-09-08,,"{""type"":""MultiPoint"",""coordinates"":[]}"
2011_09_09,2011-09-09,,"{""type"":""MultiPoint"",""coordinates"":[]}"
2011_09_10,2011-09-10,,"{""type"":""MultiPoint"",""coordinates"":[]}"
2011_09_11,2011-09-11,305.18257754903317,"{""type"":""MultiPoint"",""coordinates"":[]}"
2011_09_12,2011-09-12,,"{""type"":""MultiPoint"",""coordinates"":[]}"
2011_09_13,2011-09-13,,"{""type"":""MultiPoint"",""coordinates"":[]}"
2011_09_14,2011-09-14,,"{""type"":""MultiPoint"",""coordinates"":[]}"
2011_09_15,2011-09-15,,"{""type"":""MultiPoint"",""coordinates"":[]}"
2011_09_16,2011-09-16,,"{""type"":""MultiPoint"",""coordinates"":[]}"
2011_09_17,2011-09-17,,"{""type"":""MultiPoint"",""coordinates"":[]}"
2011_09_18,2011-09-18,,"{""type"":""MultiPoint"",""coordinates"":[]}"
2011_09_19,2011-09-19,,"{""type"":""MultiPoint"",""coordinates"":[]}"
2011_09_20,2011-09-20,,"{""type"":""MultiPoint"",""coordinates"":[]}"
2011_09_21,2011-09-21,,"{""type"":""MultiPoint"",""coordinates"":[]}"
2011_09_22,2011-09-22,,"{""type"":""MultiPoint"",""coordinates"":[]}"
2011_09_23,2011-09-23,,"{""type"":""MultiPoint"",""coordinates"":[]}"
2011_09_24,2011-09-24,303.64,"{""type"":""MultiPoint"",""coordinates"":[]}"
2011_09_25,2011-09-25,310.4326643075549,"{""type"":""MultiPoint"",""coordinates"":[]}"
2011_09_26,2011-09-26,,"{""type"":""MultiPoint"",""coordinates"":[]}"
2011_09_27,2011-09-27,311.81011740116514,"{""type"":""MultiPoint"",""coordinates"":[]}"
2011_09_28,2011-09-28,,"{""type"":""MultiPoint"",""coordinates"":[]}"
2011_09_29,2011-09-29,,"{""type"":""MultiPoint"",""coordinates"":[]}"
2011_09_30,2011-09-30,,"{""type"":""MultiPoint"",""coordinates"":[]}"
2011_10_01,2011-10-01,305.39784412319284,"{""type"":""MultiPoint"",""coordinates"":[]}"
2011_10_02,2011-10-02,310.0135142183037,"{""type"":""MultiPoint"",""coordinates"":[]}"
2011_10_03,2011-10-03,,"{""type"":""MultiPoint"",""coordinates"":[]}"
2011_10_04,2011-10-04,,"{""type"":""MultiPoint"",""coordinates"":[]}"
2011_10_05,2011-10-05,,"{""type"":""MultiPoint"",""coordinates"":[]}"
2011_10_06,2011-10-06,308.95100201106106,"{""type"":""MultiPoint"",""coordinates"":[]}"
2011_10_07,2011-10-07,,"{""type"":""MultiPoint"",""coordinates"":[]}"
2011_10_08,2011-10-08,307.550827843025,"{""type"":""MultiPoint"",""coordinates"":[]}"
2011_10_09,2011-10-09,310.60725162360103,"{""type"":""MultiPoint"",""coordinates"":[]}"
2011_10_10,2011-10-10,,"{""type"":""MultiPoint"",""coordinates"":[]}"
2011_10_11,2011-10-11,,"{""type"":""MultiPoint"",""coordinates"":[]}"
2011_10_12,2011-10-12,,"{""type"":""MultiPoint"",""coordinates"":[]}"
2011_10_13,2011-10-13,,"{""type"":""MultiPoint"",""coordinates"":[]}"
2011_10_14,2011-10-14,307.49215300546456,"{""type"":""MultiPoint"",""coordinates"":[]}"
2011_10_15,2011-10-15,305.5565896705473,"{""type"":""MultiPoint"",""coordinates"":[]}"
2011_10_16,2011-10-16,309.4633903202502,"{""type"":""MultiPoint"",""coordinates"":[]}"
2011_10_17,2011-10-17,306.4658096828048,"{""type"":""MultiPoint"",""coordinates"":[]}"
2011_10_18,2011-10-18,309.7783025694205,"{""type"":""MultiPoint"",""coordinates"":[]}"
2011_10_19,2011-10-19,305.2172712418297,"{""type"":""MultiPoint"",""coordinates"":[]}"
2011_10_20,2011-10-20,309.6940561051631,"{""type"":""MultiPoint"",""coordinates"":[]}"
2011_10_21,2011-10-21,,"{""type"":""MultiPoint"",""coordinates"":[]}"
2011_10_22,2011-10-22,308.7716206047657,"{""type"":""MultiPoint"",""coordinates"":[]}"
2011_10_23,2011-10-23,,"{""type"":""MultiPoint"",""coordinates"":[]}"
2011_10_24,2011-10-24,309.3309544024812,"{""type"":""MultiPoint"",""coordinates"":[]}"
2011_10_25,2011-10-25,309.91008468424855,"{""type"":""MultiPoint"",""coordinates"":[]}"
2011_10_26,2011-10-26,,"{""type"":""MultiPoint"",""coordinates"":[]}"
2011_10_27,2011-10-27,,"{""type"":""MultiPoint"",""coordinates"":[]}"
2011_10_28,2011-10-28,,"{""type"":""MultiPoint"",""coordinates"":[]}"
2011_10_29,2011-10-29,307.9904325913483,"{""type"":""MultiPoint"",""coordinates"":[]}"
2011_10_30,2011-10-30,,"{""type"":""MultiPoint"",""coordinates"":[]}"
2011_10_31,2011-10-31,306.25273644456433,"{""type"":""MultiPoint"",""coordinates"":[]}"
2011_11_01,2011-11-01,308.4931984695897,"{""type"":""MultiPoint"",""coordinates"":[]}"
2011_11_02,2011-11-02,,"{""type"":""MultiPoint"",""coordinates"":[]}"
2011_11_03,2011-11-03,,"{""type"":""MultiPoint"",""coordinates"":[]}"
2011_11_04,2011-11-04,302.4390783749566,"{""type"":""MultiPoint"",""coordinates"":[]}"
2011_11_05,2011-11-05,309.85404698368234,"{""type"":""MultiPoint"",""coordinates"":[]}"
2011_11_06,2011-11-06,,"{""type"":""MultiPoint"",""coordinates"":[]}"
2011_11_07,2011-11-07,310.25954153725024,"{""type"":""MultiPoint"",""coordinates"":[]}"
2011_11_08,2011-11-08,308.3081521501378,"{""type"":""MultiPoint"",""coordinates"":[]}"
2011_11_09,2011-11-09,308.12628898901966,"{""type"":""MultiPoint"",""coordinates"":[]}"
2011_11_10,2011-11-10,309.75432389868325,"{""type"":""MultiPoint"",""coordinates"":[]}"
2011_11_11,2011-11-11,307.08658077781195,"{""type"":""MultiPoint"",""coordinates"":[]}"
2011_11_12,2011-11-12,309.73541099785626,"{""type"":""MultiPoint"",""coordinates"":[]}"
2011_11_13,2011-11-13,,"{""type"":""MultiPoint"",""coordinates"":[]}"
2011_11_14,2011-11-14,307.7354583098059,"{""type"":""MultiPoint"",""coordinates"":[]}"
2011_11_15,2011-11-15,,"{""type"":""MultiPoint"",""coordinates"":[]}"
2011_11_16,2011-11-16,308.4625587296032,"{""type"":""MultiPoint"",""coordinates"":[]}"
2011_11_17,2011-11-17,308.9503980926552,"{""type"":""MultiPoint"",""coordinates"":[]}"
2011_11_18,2011-11-18,308.11763769193755,"{""type"":""MultiPoint"",""coordinates"":[]}"
2011_11_19,2011-11-19,310.1071591058227,"{""type"":""MultiPoint"",""coordinates"":[]}"
2011_11_20,2011-11-20,306.2622406929436,"{""type"":""MultiPoint"",""coordinates"":[]}"
2011_11_21,2011-11-21,308.444984272925,"{""type"":""MultiPoint"",""coordinates"":[]}"
2011_11_22,2011-11-22,,"{""type"":""MultiPoint"",""coordinates"":[]}"
2011_11_23,2011-11-23,306.1297591395905,"{""type"":""MultiPoint"",""coordinates"":[]}"
2011_11_24,2011-11-24,305.5946340609826,"{""type"":""MultiPoint"",""coordinates"":[]}"
2011_11_25,2011-11-25,,"{""type"":""MultiPoint"",""coordinates"":[]}"
2011_11_26,2011-11-26,,"{""type"":""MultiPoint"",""coordinates"":[]}"
2011_11_27,2011-11-27,,"{""type"":""MultiPoint"",""coordinates"":[]}"
2011_11_28,2011-11-28,305.6610902944078,"{""type"":""MultiPoint"",""coordinates"":[]}"
2011_11_29,2011-11-29,,"{""type"":""MultiPoint"",""coordinates"":[]}"
2011_11_30,2011-11-30,309.026877378713,"{""type"":""MultiPoint"",""coordinates"":[]}"
2011_12_01,2011-12-01,305.43211224020394,"{""type"":""MultiPoint"",""coordinates"":[]}"
2011_12_02,2011-12-02,307.81506190122064,"{""type"":""MultiPoint"",""coordinates"":[]}"
2011_12_03,2011-12-03,306.55577059363924,"{""type"":""MultiPoint"",""coordinates"":[]}"
2011_12_04,2011-12-04,307.06477492453723,"{""type"":""MultiPoint"",""coordinates"":[]}"
2011_12_05,2011-12-05,310.0157268471936,"{""type"":""MultiPoint"",""coordinates"":[]}"
2011_12_06,2011-12-06,305.04418873695187,"{""type"":""MultiPoint"",""coordinates"":[]}"
2011_12_07,2011-12-07,308.28196071569175,"{""type"":""MultiPoint"",""coordinates"":[]}"
2011_12_08,2011-12-08,,"{""type"":""MultiPoint"",""coordinates"":[]}"
2011_12_09,2011-12-09,308.92816789885825,"{""type"":""MultiPoint"",""coordinates"":[]}"
2011_12_10,2011-12-10,306.160285607575,"{""type"":""MultiPoint"",""coordinates"":[]}"
2011_12_11,2011-12-11,305.6475280323827,"{""type"":""MultiPoint"",""coordinates"":[]}"
2011_12_12,2011-12-12,303.9929499748617,"{""type"":""MultiPoint"",""coordinates"":[]}"
2011_12_13,2011-12-13,304.3594594474449,"{""type"":""MultiPoint"",""coordinates"":[]}"
2011_12_14,2011-12-14,308.68225337941305,"{""type"":""MultiPoint"",""coordinates"":[]}"
2011_12_15,2011-12-15,,"{""type"":""MultiPoint"",""coordinates"":[]}"
2011_12_16,2011-12-16,307.5616523032505,"{""type"":""MultiPoint"",""coordinates"":[]}"
2011_12_17,2011-12-17,306.52103197865165,"{""type"":""MultiPoint"",""coordinates"":[]}"
2011_12_18,2011-12-18,306.5556450413406,"{""type"":""MultiPoint"",""coordinates"":[]}"
2011_12_19,2011-12-19,306.27407279408555,"{""type"":""MultiPoint"",""coordinates"":[]}"
2011_12_20,2011-12-20,302.7412311521005,"{""type"":""MultiPoint"",""coordinates"":[]}"
2011_12_21,2011-12-21,307.3132796710267,"{""type"":""MultiPoint"",""coordinates"":[]}"
2011_12_22,2011-12-22,300.6975101419878,"{""type"":""MultiPoint"",""coordinates"":[]}"
2011_12_23,2011-12-23,308.6291119471545,"{""type"":""MultiPoint"",""coordinates"":[]}"
2011_12_24,2011-12-24,,"{""type"":""MultiPoint"",""coordinates"":[]}"
2011_12_25,2011-12-25,308.69699243186477,"{""type"":""MultiPoint"",""coordinates"":[]}"
2011_12_26,2011-12-26,307.81354521195135,"{""type"":""MultiPoint"",""coordinates"":[]}"
2011_12_27,2011-12-27,,"{""type"":""MultiPoint"",""coordinates"":[]}"
2011_12_28,2011-12-28,306.7549293368535,"{""type"":""MultiPoint"",""coordinates"":[]}"
2011_12_29,2011-12-29,301.2921020710059,"{""type"":""MultiPoint"",""coordinates"":[]}"
2011_12_30,2011-12-30,305.30734509642986,"{""type"":""MultiPoint"",""coordinates"":[]}"
2011_12_31,2011-12-31,,"{""type"":""MultiPoint"",""coordinates"":[]}"
2012_01_01,2012-01-01,302.4164398000909,"{""type"":""MultiPoint"",""coordinates"":[]}"
2012_01_02,2012-01-02,,"{""type"":""MultiPoint"",""coordinates"":[]}"
2012_01_03,2012-01-03,305.43165218882154,"{""type"":""MultiPoint"",""coordinates"":[]}"
2012_01_04,2012-01-04,306.4119314075161,"{""type"":""MultiPoint"",""coordinates"":[]}"
2012_01_05,2012-01-05,307.86898125689083,"{""type"":""MultiPoint"",""coordinates"":[]}"
2012_01_06,2012-01-06,311.42550724003684,"{""type"":""MultiPoint"",""coordinates"":[]}"
2012_01_07,2012-01-07,306.58030928737037,"{""type"":""MultiPoint"",""coordinates"":[]}"
2012_01_08,2012-01-08,311.41941029791315,"{""type"":""MultiPoint"",""coordinates"":[]}"
2012_01_09,2012-01-09,,"{""type"":""MultiPoint"",""coordinates"":[]}"
2012_01_10,2012-01-10,305.8594693223443,"{""type"":""MultiPoint"",""coordinates"":[]}"
2012_01_11,2012-01-11,,"{""type"":""MultiPoint"",""coordinates"":[]}"
2012_01_12,2012-01-12,305.63674351458957,"{""type"":""MultiPoint"",""coordinates"":[]}"
2012_01_13,2012-01-13,306.0597202120406,"{""type"":""MultiPoint"",""coordinates"":[]}"
2012_01_14,2012-01-14,304.91296513408287,"{""type"":""MultiPoint"",""coordinates"":[]}"
2012_01_15,2012-01-15,309.25950741502237,"{""type"":""MultiPoint"",""coordinates"":[]}"
2012_01_16,2012-01-16,,"{""type"":""MultiPoint"",""coordinates"":[]}"
2012_01_17,2012-01-17,311.3132236755764,"{""type"":""MultiPoint"",""coordinates"":[]}"
2012_01_18,2012-01-18,307.98578852968205,"{""type"":""MultiPoint"",""coordinates"":[]}"
2012_01_19,2012-01-19,309.39821820727065,"{""type"":""MultiPoint"",""coordinates"":[]}"
2012_01_20,2012-01-20,307.2599755019905,"{""type"":""MultiPoint"",""coordinates"":[]}"
2012_01_21,2012-01-21,306.12882560371395,"{""type"":""MultiPoint"",""coordinates"":[]}"
2012_01_22,2012-01-22,308.6902322936261,"{""type"":""MultiPoint"",""coordinates"":[]}"
2012_01_23,2012-01-23,304.8578896714642,"{""type"":""MultiPoint"",""coordinates"":[]}"
2012_01_24,2012-01-24,310.668398442627,"{""type"":""MultiPoint"",""coordinates"":[]}"
2012_01_25,2012-01-25,,"{""type"":""MultiPoint"",""coordinates"":[]}"
2012_01_26,2012-01-26,310.8988385318694,"{""type"":""MultiPoint"",""coordinates"":[]}"
2012_01_27,2012-01-27,309.89367338903673,"{""type"":""MultiPoint"",""coordinates"":[]}"
2012_01_28,2012-01-28,308.69941554748675,"{""type"":""MultiPoint"",""coordinates"":[]}"
2012_01_29,2012-01-29,307.76364626624076,"{""type"":""MultiPoint"",""coordinates"":[]}"
2012_01_30,2012-01-30,305.11500240605466,"{""type"":""MultiPoint"",""coordinates"":[]}"
2012_01_31,2012-01-31,311.0368369883201,"{""type"":""MultiPoint"",""coordinates"":[]}"
2012_02_01,2012-02-01,,"{""type"":""MultiPoint"",""coordinates"":[]}"
2012_02_02,2012-02-02,308.91336713000817,"{""type"":""MultiPoint"",""coordinates"":[]}"
2012_02_03,2012-02-03,307.9261743733324,"{""type"":""MultiPoint"",""coordinates"":[]}"
2012_02_04,2012-02-04,310.5555772343498,"{""type"":""MultiPoint"",""coordinates"":[]}"
2012_02_05,2012-02-05,310.9090594514194,"{""type"":""MultiPoint"",""coordinates"":[]}"
2012_02_06,2012-02-06,311.2881678988581,"{""type"":""MultiPoint"",""coordinates"":[]}"
2012_02_07,2012-02-07,310.27158638845555,"{""type"":""MultiPoint"",""coordinates"":[]}"
2012_02_08,2012-02-08,305.44081806515004,"{""type"":""MultiPoint"",""coordinates"":[]}"
2012_02_09,2012-02-09,306.1719383016872,"{""type"":""MultiPoint"",""coordinates"":[]}"
2012_02_10,2012-02-10,,"{""type"":""MultiPoint"",""coordinates"":[]}"
2012_02_11,2012-02-11,309.8645098210769,"{""type"":""MultiPoint"",""coordinates"":[]}"
2012_02_12,2012-02-12,307.77373174811254,"{""type"":""MultiPoint"",""coordinates"":[]}"
2012_02_13,2012-02-13,311.0260527582134,"{""type"":""MultiPoint"",""coordinates"":[]}"
2012_02_14,2012-02-14,314.0133009602553,"{""type"":""MultiPoint"",""coordinates"":[]}"
2012_02_15,2012-02-15,311.2827394024238,"{""type"":""MultiPoint"",""coordinates"":[]}"
2012_02_16,2012-02-16,313.19404792760355,"{""type"":""MultiPoint"",""coordinates"":[]}"
2012_02_17,2012-02-17,,"{""type"":""MultiPoint"",""coordinates"":[]}"
2012_02_18,2012-02-18,314.173294767173,"{""type"":""MultiPoint"",""coordinates"":[]}"
2012_02_19,2012-02-19,311.7867955728596,"{""type"":""MultiPoint"",""coordinates"":[]}"
2012_02_20,2012-02-20,313.48326042259055,"{""type"":""MultiPoint"",""coordinates"":[]}"
2012_02_21,2012-02-21,315.745438120653,"{""type"":""MultiPoint"",""coordinates"":[]}"
2012_02_22,2012-02-22,314.1425530425652,"{""type"":""MultiPoint"",""coordinates"":[]}"
2012_02_23,2012-02-23,315.5190314536944,"{""type"":""MultiPoint"",""coordinates"":[]}"
2012_02_24,2012-02-24,,"{""type"":""MultiPoint"",""coordinates"":[]}"
2012_02_25,2012-02-25,317.0085603677715,"{""type"":""MultiPoint"",""coordinates"":[]}"
2012_02_26,2012-02-26,,"{""type"":""MultiPoint"",""coordinates"":[]}"
2012_02_27,2012-02-27,315.71136576403154,"{""type"":""MultiPoint"",""coordinates"":[]}"
2012_02_28,2012-02-28,314.515241699112,"{""type"":""MultiPoint"",""coordinates"":[]}"
2012_02_29,2012-02-29,315.22871122971264,"{""type"":""MultiPoint"",""coordinates"":[]}"
2012_03_01,2012-03-01,316.8665816527408,"{""type"":""MultiPoint"",""coordinates"":[]}"
2012_03_02,2012-03-02,316.1775781967718,"{""type"":""MultiPoint"",""coordinates"":[]}"
2012_03_03,2012-03-03,318.55528011789795,"{""type"":""MultiPoint"",""coordinates"":[]}"
2012_03_04,2012-03-04,,"{""type"":""MultiPoint"",""coordinates"":[]}"
2012_03_05,2012-03-05,317.6492138559546,"{""type"":""MultiPoint"",""coordinates"":[]}"
2012_03_06,2012-03-06,311.4938899980258,"{""type"":""MultiPoint"",""coordinates"":[]}"
2012_03_07,2012-03-07,317.18138063782305,"{""type"":""MultiPoint"",""coordinates"":[]}"
2012_03_08,2012-03-08,310.21179063083065,"{""type"":""MultiPoint"",""coordinates"":[]}"
2012_03_09,2012-03-09,313.261265147207,"{""type"":""MultiPoint"",""coordinates"":[]}"
2012_03_10,2012-03-10,317.1117739183692,"{""type"":""MultiPoint"",""coordinates"":[]}"
2012_03_11,2012-03-11,309.75560085743024,"{""type"":""MultiPoint"",""coordinates"":[]}"
2012_03_12,2012-03-12,318.766382056273,"{""type"":""MultiPoint"",""coordinates"":[]}"
2012_03_13,2012-03-13,,"{""type"":""MultiPoint"",""coordinates"":[]}"
2012_03_14,2012-03-14,316.8096150312788,"{""type"":""MultiPoint"",""coordinates"":[]}"
2012_03_15,2012-03-15,313.7611605932017,"{""type"":""MultiPoint"",""coordinates"":[]}"
2012_03_16,2012-03-16,315.8633470405531,"{""type"":""MultiPoint"",""coordinates"":[]}"
2012_03_17,2012-03-17,317.49067107047546,"{""type"":""MultiPoint"",""coordinates"":[]}"
2012_03_18,2012-03-18,314.0184903101624,"{""type"":""MultiPoint"",""coordinates"":[]}"
2012_03_19,2012-03-19,320.3100380594077,"{""type"":""MultiPoint"",""coordinates"":[]}"
2012_03_20,2012-03-20,,"{""type"":""MultiPoint"",""coordinates"":[]}"
2012_03_21,2012-03-21,318.6857312218383,"{""type"":""MultiPoint"",""coordinates"":[]}"
2012_03_22,2012-03-22,311.10940281107713,"{""type"":""MultiPoint"",""coordinates"":[]}"
2012_03_23,2012-03-23,318.5611679827551,"{""type"":""MultiPoint"",""coordinates"":[]}"
2012_03_24,2012-03-24,317.6990638260639,"{""type"":""MultiPoint"",""coordinates"":[]}"
2012_03_25,2012-03-25,316.01278227394033,"{""type"":""MultiPoint"",""coordinates"":[]}"
2012_03_26,2012-03-26,318.52315980576583,"{""type"":""MultiPoint"",""coordinates"":[]}"
2012_03_27,2012-03-27,305.2,"{""type"":""MultiPoint"",""coordinates"":[]}"
2012_03_28,2012-03-28,319.5250549017892,"{""type"":""MultiPoint"",""coordinates"":[]}"
2012_03_29,2012-03-29,,"{""type"":""MultiPoint"",""coordinates"":[]}"
2012_03_30,2012-03-30,318.3139328054596,"{""type"":""MultiPoint"",""coordinates"":[]}"
2012_03_31,2012-03-31,312.95277786331735,"{""type"":""MultiPoint"",""coordinates"":[]}"
2012_04_01,2012-04-01,315.9790625136708,"{""type"":""MultiPoint"",""coordinates"":[]}"
2012_04_02,2012-04-02,319.43713329541987,"{""type"":""MultiPoint"",""coordinates"":[]}"
2012_04_03,2012-04-03,312.67247736121465,"{""type"":""MultiPoint"",""coordinates"":[]}"
2012_04_04,2012-04-04,320.30972372530914,"{""type"":""MultiPoint"",""coordinates"":[]}"
2012_04_05,2012-04-05,,"{""type"":""MultiPoint"",""coordinates"":[]}"
2012_04_06,2012-04-06,319.00430761017094,"{""type"":""MultiPoint"",""coordinates"":[]}"
2012_04_07,2012-04-07,,"{""type"":""MultiPoint"",""coordinates"":[]}"
2012_04_08,2012-04-08,314.71408838444813,"{""type"":""MultiPoint"",""coordinates"":[]}"
2012_04_09,2012-04-09,313.7504966456147,"{""type"":""MultiPoint"",""coordinates"":[]}"
2012_04_10,2012-04-10,314.55154424952997,"{""type"":""MultiPoint"",""coordinates"":[]}"
2012_04_11,2012-04-11,312.18990541922284,"{""type"":""MultiPoint"",""coordinates"":[]}"
2012_04_12,2012-04-12,,"{""type"":""MultiPoint"",""coordinates"":[]}"
2012_04_13,2012-04-13,314.54538616605794,"{""type"":""MultiPoint"",""coordinates"":[]}"
2012_04_14,2012-04-14,,"{""type"":""MultiPoint"",""coordinates"":[]}"
2012_04_15,2012-04-15,317.49208145588165,"{""type"":""MultiPoint"",""coordinates"":[]}"
2012_04_16,2012-04-16,314.12305835697936,"{""type"":""MultiPoint"",""coordinates"":[]}"
2012_04_17,2012-04-17,315.71892969109695,"{""type"":""MultiPoint"",""coordinates"":[]}"
2012_04_18,2012-04-18,,"{""type"":""MultiPoint"",""coordinates"":[]}"
2012_04_19,2012-04-19,307.757966528436,"{""type"":""MultiPoint"",""coordinates"":[]}"
2012_04_20,2012-04-20,317.53646152863007,"{""type"":""MultiPoint"",""coordinates"":[]}"
2012_04_21,2012-04-21,,"{""type"":""MultiPoint"",""coordinates"":[]}"
2012_04_22,2012-04-22,320.7864030090402,"{""type"":""MultiPoint"",""coordinates"":[]}"
2012_04_23,2012-04-23,,"{""type"":""MultiPoint"",""coordinates"":[]}"
2012_04_24,2012-04-24,317.06431908657424,"{""type"":""MultiPoint"",""coordinates"":[]}"
2012_04_25,2012-04-25,,"{""type"":""MultiPoint"",""coordinates"":[]}"
2012_04_26,2012-04-26,,"{""type"":""MultiPoint"",""coordinates"":[]}"
2012_04_27,2012-04-27,316.40336657539746,"{""type"":""MultiPoint"",""coordinates"":[]}"
2012_04_28,2012-04-28,,"{""type"":""MultiPoint"",""coordinates"":[]}"
2012_04_29,2012-04-29,320.8724703617832,"{""type"":""MultiPoint"",""coordinates"":[]}"
2012_04_30,2012-04-30,,"{""type"":""MultiPoint"",""coordinates"":[]}"
2012_05_01,2012-05-01,316.07731591286756,"{""type"":""MultiPoint"",""coordinates"":[]}"
2012_05_02,2012-05-02,315.28672732840465,"{""type"":""MultiPoint"",""coordinates"":[]}"
2012_05_03,2012-05-03,315.9485122102282,"{""type"":""MultiPoint"",""coordinates"":[]}"
2012_05_04,2012-05-04,317.7747777162885,"{""type"":""MultiPoint"",""coordinates"":[]}"
2012_05_05,2012-05-05,313.568080405967,"{""type"":""MultiPoint"",""coordinates"":[]}"
2012_05_06,2012-05-06,320.46240657900665,"{""type"":""MultiPoint"",""coordinates"":[]}"
2012_05_07,2012-05-07,,"{""type"":""MultiPoint"",""coordinates"":[]}"
2012_05_08,2012-05-08,312.4283243823846,"{""type"":""MultiPoint"",""coordinates"":[]}"
2012_05_09,2012-05-09,314.38357398568,"{""type"":""MultiPoint"",""coordinates"":[]}"
2012_05_10,2012-05-10,315.7736671978147,"{""type"":""MultiPoint"",""coordinates"":[]}"
2012_05_11,2012-05-11,314.7999714053185,"{""type"":""MultiPoint"",""coordinates"":[]}"
2012_05_12,2012-05-12,314.27036491212635,"{""type"":""MultiPoint"",""coordinates"":[]}"
2012_05_13,2012-05-13,314.59126220631254,"{""type"":""MultiPoint"",""coordinates"":[]}"
2012_05_14,2012-05-14,311.59273521098294,"{""type"":""MultiPoint"",""coordinates"":[]}"
2012_05_15,2012-05-15,319.5092796993195,"{""type"":""MultiPoint"",""coordinates"":[]}"
2012_05_16,2012-05-16,,"{""type"":""MultiPoint"",""coordinates"":[]}"
2012_05_17,2012-05-17,322.2349337241351,"{""type"":""MultiPoint"",""coordinates"":[]}"
2012_05_18,2012-05-18,316.89595651603304,"{""type"":""MultiPoint"",""coordinates"":[]}"
2012_05_19,2012-05-19,318.36157180979046,"{""type"":""MultiPoint"",""coordinates"":[]}"
2012_05_20,2012-05-20,316.5896772551127,"{""type"":""MultiPoint"",""coordinates"":[]}"
2012_05_21,2012-05-21,310.5426635345138,"{""type"":""MultiPoint"",""coordinates"":[]}"
2012_05_22,2012-05-22,312.242698816181,"{""type"":""MultiPoint"",""coordinates"":[]}"
2012_05_23,2012-05-23,,"{""type"":""MultiPoint"",""coordinates"":[]}"
2012_05_24,2012-05-24,320.68035019022386,"{""type"":""MultiPoint"",""coordinates"":[]}"
2012_05_25,2012-05-25,,"{""type"":""MultiPoint"",""coordinates"":[]}"
2012_05_26,2012-05-26,314.5410212618842,"{""type"":""MultiPoint"",""coordinates"":[]}"
2012_05_27,2012-05-27,313.15224565102795,"{""type"":""MultiPoint"",""coordinates"":[]}"
2012_05_28,2012-05-28,312.8504077168729,"{""type"":""MultiPoint"",""coordinates"":[]}"
2012_05_29,2012-05-29,,"{""type"":""MultiPoint"",""coordinates"":[]}"
2012_05_30,2012-05-30,,"{""type"":""MultiPoint"",""coordinates"":[]}"
2012_05_31,2012-05-31,317.7235390827805,"{""type"":""MultiPoint"",""coordinates"":[]}"
2012_06_01,2012-06-01,,"{""type"":""MultiPoint"",""coordinates"":[]}"
2012_06_02,2012-06-02,318.9474297780613,"{""type"":""MultiPoint"",""coordinates"":[]}"
2012_06_03,2012-06-03,314.20746981061535,"{""type"":""MultiPoint"",""coordinates"":[]}"
2012_06_04,2012-06-04,317.8840626443481,"{""type"":""MultiPoint"",""coordinates"":[]}"
2012_06_05,2012-06-05,314.51425223214284,"{""type"":""MultiPoint"",""coordinates"":[]}"
2012_06_06,2012-06-06,312.48968798665175,"{""type"":""MultiPoint"",""coordinates"":[]}"
2012_06_07,2012-06-07,315.8597003817716,"{""type"":""MultiPoint"",""coordinates"":[]}"
2012_06_08,2012-06-08,,"{""type"":""MultiPoint"",""coordinates"":[]}"
2012_06_09,2012-06-09,317.1178340583213,"{""type"":""MultiPoint"",""coordinates"":[]}"
2012_06_10,2012-06-10,,"{""type"":""MultiPoint"",""coordinates"":[]}"
2012_06_11,2012-06-11,314.5036831392062,"{""type"":""MultiPoint"",""coordinates"":[]}"
2012_06_12,2012-06-12,,"{""type"":""MultiPoint"",""coordinates"":[]}"
2012_06_13,2012-06-13,,"{""type"":""MultiPoint"",""coordinates"":[]}"
2012_06_14,2012-06-14,316.0197973154764,"{""type"":""MultiPoint"",""coordinates"":[]}"
2012_06_15,2012-06-15,,"{""type"":""MultiPoint"",""coordinates"":[]}"
2012_06_16,2012-06-16,,"{""type"":""MultiPoint"",""coordinates"":[]}"
2012_06_17,2012-06-17,,"{""type"":""MultiPoint"",""coordinates"":[]}"
2012_06_18,2012-06-18,,"{""type"":""MultiPoint"",""coordinates"":[]}"
2012_06_19,2012-06-19,,"{""type"":""MultiPoint"",""coordinates"":[]}"
2012_06_20,2012-06-20,,"{""type"":""MultiPoint"",""coordinates"":[]}"
2012_06_21,2012-06-21,,"{""type"":""MultiPoint"",""coordinates"":[]}"
2012_06_22,2012-06-22,,"{""type"":""MultiPoint"",""coordinates"":[]}"
2012_06_23,2012-06-23,,"{""type"":""MultiPoint"",""coordinates"":[]}"
2012_06_24,2012-06-24,,"{""type"":""MultiPoint"",""coordinates"":[]}"
2012_06_25,2012-06-25,313.6460282783182,"{""type"":""MultiPoint"",""coordinates"":[]}"
2012_06_26,2012-06-26,,"{""type"":""MultiPoint"",""coordinates"":[]}"
2012_06_27,2012-06-27,,"{""type"":""MultiPoint"",""coordinates"":[]}"
2012_06_28,2012-06-28,,"{""type"":""MultiPoint"",""coordinates"":[]}"
2012_06_29,2012-06-29,,"{""type"":""MultiPoint"",""coordinates"":[]}"
2012_06_30,2012-06-30,311.84153846153845,"{""type"":""MultiPoint"",""coordinates"":[]}"
2012_07_01,2012-07-01,,"{""type"":""MultiPoint"",""coordinates"":[]}"
2012_07_02,2012-07-02,,"{""type"":""MultiPoint"",""coordinates"":[]}"
2012_07_03,2012-07-03,,"{""type"":""MultiPoint"",""coordinates"":[]}"
2012_07_04,2012-07-04,,"{""type"":""MultiPoint"",""coordinates"":[]}"
2012_07_05,2012-07-05,,"{""type"":""MultiPoint"",""coordinates"":[]}"
2012_07_06,2012-07-06,,"{""type"":""MultiPoint"",""coordinates"":[]}"
2012_07_07,2012-07-07,,"{""type"":""MultiPoint"",""coordinates"":[]}"
2012_07_08,2012-07-08,,"{""type"":""MultiPoint"",""coordinates"":[]}"
2012_07_09,2012-07-09,,"{""type"":""MultiPoint"",""coordinates"":[]}"
2012_07_10,2012-07-10,,"{""type"":""MultiPoint"",""coordinates"":[]}"
2012_07_11,2012-07-11,309.98640444974166,"{""type"":""MultiPoint"",""coordinates"":[]}"
2012_07_12,2012-07-12,,"{""type"":""MultiPoint"",""coordinates"":[]}"
2012_07_13,2012-07-13,,"{""type"":""MultiPoint"",""coordinates"":[]}"
2012_07_14,2012-07-14,,"{""type"":""MultiPoint"",""coordinates"":[]}"
2012_07_15,2012-07-15,,"{""type"":""MultiPoint"",""coordinates"":[]}"
2012_07_16,2012-07-16,,"{""type"":""MultiPoint"",""coordinates"":[]}"
2012_07_17,2012-07-17,,"{""type"":""MultiPoint"",""coordinates"":[]}"
2012_07_18,2012-07-18,,"{""type"":""MultiPoint"",""coordinates"":[]}"
2012_07_19,2012-07-19,,"{""type"":""MultiPoint"",""coordinates"":[]}"
2012_07_20,2012-07-20,,"{""type"":""MultiPoint"",""coordinates"":[]}"
2012_07_21,2012-07-21,,"{""type"":""MultiPoint"",""coordinates"":[]}"
2012_07_22,2012-07-22,,"{""type"":""MultiPoint"",""coordinates"":[]}"
2012_07_23,2012-07-23,,"{""type"":""MultiPoint"",""coordinates"":[]}"
2012_07_24,2012-07-24,,"{""type"":""MultiPoint"",""coordinates"":[]}"
2012_07_25,2012-07-25,,"{""type"":""MultiPoint"",""coordinates"":[]}"
2012_07_26,2012-07-26,,"{""type"":""MultiPoint"",""coordinates"":[]}"
2012_07_27,2012-07-27,,"{""type"":""MultiPoint"",""coordinates"":[]}"
2012_07_28,2012-07-28,,"{""type"":""MultiPoint"",""coordinates"":[]}"
2012_07_29,2012-07-29,,"{""type"":""MultiPoint"",""coordinates"":[]}"
2012_07_30,2012-07-30,,"{""type"":""MultiPoint"",""coordinates"":[]}"
2012_07_31,2012-07-31,,"{""type"":""MultiPoint"",""coordinates"":[]}"
2012_08_01,2012-08-01,,"{""type"":""MultiPoint"",""coordinates"":[]}"
2012_08_02,2012-08-02,,"{""type"":""MultiPoint"",""coordinates"":[]}"
2012_08_03,2012-08-03,,"{""type"":""MultiPoint"",""coordinates"":[]}"
2012_08_04,2012-08-04,,"{""type"":""MultiPoint"",""coordinates"":[]}"
2012_08_05,2012-08-05,,"{""type"":""MultiPoint"",""coordinates"":[]}"
2012_08_06,2012-08-06,,"{""type"":""MultiPoint"",""coordinates"":[]}"
2012_08_07,2012-08-07,,"{""type"":""MultiPoint"",""coordinates"":[]}"
2012_08_08,2012-08-08,,"{""type"":""MultiPoint"",""coordinates"":[]}"
2012_08_09,2012-08-09,,"{""type"":""MultiPoint"",""coordinates"":[]}"
2012_08_10,2012-08-10,,"{""type"":""MultiPoint"",""coordinates"":[]}"
2012_08_11,2012-08-11,,"{""type"":""MultiPoint"",""coordinates"":[]}"
2012_08_12,2012-08-12,308.34611441798927,"{""type"":""MultiPoint"",""coordinates"":[]}"
2012_08_13,2012-08-13,,"{""type"":""MultiPoint"",""coordinates"":[]}"
2012_08_14,2012-08-14,,"{""type"":""MultiPoint"",""coordinates"":[]}"
2012_08_15,2012-08-15,,"{""type"":""MultiPoint"",""coordinates"":[]}"
2012_08_16,2012-08-16,,"{""type"":""MultiPoint"",""coordinates"":[]}"
2012_08_17,2012-08-17,,"{""type"":""MultiPoint"",""coordinates"":[]}"
2012_08_18,2012-08-18,,"{""type"":""MultiPoint"",""coordinates"":[]}"
2012_08_19,2012-08-19,,"{""type"":""MultiPoint"",""coordinates"":[]}"
2012_08_20,2012-08-20,,"{""type"":""MultiPoint"",""coordinates"":[]}"
2012_08_21,2012-08-21,,"{""type"":""MultiPoint"",""coordinates"":[]}"
2012_08_22,2012-08-22,,"{""type"":""MultiPoint"",""coordinates"":[]}"
2012_08_23,2012-08-23,,"{""type"":""MultiPoint"",""coordinates"":[]}"
2012_08_24,2012-08-24,,"{""type"":""MultiPoint"",""coordinates"":[]}"
2012_08_25,2012-08-25,,"{""type"":""MultiPoint"",""coordinates"":[]}"
2012_08_26,2012-08-26,,"{""type"":""MultiPoint"",""coordinates"":[]}"
2012_08_27,2012-08-27,,"{""type"":""MultiPoint"",""coordinates"":[]}"
2012_08_28,2012-08-28,303.3920948616601,"{""type"":""MultiPoint"",""coordinates"":[]}"
2012_08_29,2012-08-29,,"{""type"":""MultiPoint"",""coordinates"":[]}"
2012_08_30,2012-08-30,,"{""type"":""MultiPoint"",""coordinates"":[]}"
2012_08_31,2012-08-31,,"{""type"":""MultiPoint"",""coordinates"":[]}"
2012_09_01,2012-09-01,304.02531598513013,"{""type"":""MultiPoint"",""coordinates"":[]}"
2012_09_02,2012-09-02,,"{""type"":""MultiPoint"",""coordinates"":[]}"
2012_09_03,2012-09-03,,"{""type"":""MultiPoint"",""coordinates"":[]}"
2012_09_04,2012-09-04,,"{""type"":""MultiPoint"",""coordinates"":[]}"
2012_09_05,2012-09-05,,"{""type"":""MultiPoint"",""coordinates"":[]}"
2012_09_06,2012-09-06,305.93385684503136,"{""type"":""MultiPoint"",""coordinates"":[]}"
2012_09_07,2012-09-07,,"{""type"":""MultiPoint"",""coordinates"":[]}"
2012_09_08,2012-09-08,,"{""type"":""MultiPoint"",""coordinates"":[]}"
2012_09_09,2012-09-09,,"{""type"":""MultiPoint"",""coordinates"":[]}"
2012_09_10,2012-09-10,,"{""type"":""MultiPoint"",""coordinates"":[]}"
2012_09_11,2012-09-11,,"{""type"":""MultiPoint"",""coordinates"":[]}"
2012_09_12,2012-09-12,,"{""type"":""MultiPoint"",""coordinates"":[]}"
2012_09_13,2012-09-13,308.49659433826696,"{""type"":""MultiPoint"",""coordinates"":[]}"
2012_09_14,2012-09-14,,"{""type"":""MultiPoint"",""coordinates"":[]}"
2012_09_15,2012-09-15,,"{""type"":""MultiPoint"",""coordinates"":[]}"
2012_09_16,2012-09-16,,"{""type"":""MultiPoint"",""coordinates"":[]}"
2012_09_17,2012-09-17,,"{""type"":""MultiPoint"",""coordinates"":[]}"
2012_09_18,2012-09-18,,"{""type"":""MultiPoint"",""coordinates"":[]}"
2012_09_19,2012-09-19,,"{""type"":""MultiPoint"",""coordinates"":[]}"
2012_09_20,2012-09-20,310.044096620549,"{""type"":""MultiPoint"",""coordinates"":[]}"
2012_09_21,2012-09-21,,"{""type"":""MultiPoint"",""coordinates"":[]}"
2012_09_22,2012-09-22,,"{""type"":""MultiPoint"",""coordinates"":[]}"
2012_09_23,2012-09-23,,"{""type"":""MultiPoint"",""coordinates"":[]}"
2012_09_24,2012-09-24,307.07791117939695,"{""type"":""MultiPoint"",""coordinates"":[]}"
2012_09_25,2012-09-25,310.53846600532313,"{""type"":""MultiPoint"",""coordinates"":[]}"
2012_09_26,2012-09-26,,"{""type"":""MultiPoint"",""coordinates"":[]}"
2012_09_27,2012-09-27,306.776569352708,"{""type"":""MultiPoint"",""coordinates"":[]}"
2012_09_28,2012-09-28,,"{""type"":""MultiPoint"",""coordinates"":[]}"
2012_09_29,2012-09-29,305.37312233009726,"{""type"":""MultiPoint"",""coordinates"":[]}"
2012_09_30,2012-09-30,,"{""type"":""MultiPoint"",""coordinates"":[]}"
2012_10_01,2012-10-01,,"{""type"":""MultiPoint"",""coordinates"":[]}"
2012_10_02,2012-10-02,,"{""type"":""MultiPoint"",""coordinates"":[]}"
2012_10_03,2012-10-03,,"{""type"":""MultiPoint"",""coordinates"":[]}"
2012_10_04,2012-10-04,,"{""type"":""MultiPoint"",""coordinates"":[]}"
2012_10_05,2012-10-05,,"{""type"":""MultiPoint"",""coordinates"":[]}"
2012_10_06,2012-10-06,306.4080341973426,"{""type"":""MultiPoint"",""coordinates"":[]}"
2012_10_07,2012-10-07,,"{""type"":""MultiPoint"",""coordinates"":[]}"
2012_10_08,2012-10-08,306.62568075910843,"{""type"":""MultiPoint"",""coordinates"":[]}"
2012_10_09,2012-10-09,306.8389540224855,"{""type"":""MultiPoint"",""coordinates"":[]}"
2012_10_10,2012-10-10,309.67917712935815,"{""type"":""MultiPoint"",""coordinates"":[]}"
2012_10_11,2012-10-11,308.88537877627795,"{""type"":""MultiPoint"",""coordinates"":[]}"
2012_10_12,2012-10-12,308.816058007787,"{""type"":""MultiPoint"",""coordinates"":[]}"
2012_10_13,2012-10-13,312.3037110109804,"{""type"":""MultiPoint"",""coordinates"":[]}"
2012_10_14,2012-10-14,,"{""type"":""MultiPoint"",""coordinates"":[]}"
2012_10_15,2012-10-15,305.16455181093534,"{""type"":""MultiPoint"",""coordinates"":[]}"
2012_10_16,2012-10-16,308.10431077474965,"{""type"":""MultiPoint"",""coordinates"":[]}"
2012_10_17,2012-10-17,310.09637998162634,"{""type"":""MultiPoint"",""coordinates"":[]}"
2012_10_18,2012-10-18,308.1734955900414,"{""type"":""MultiPoint"",""coordinates"":[]}"
2012_10_19,2012-10-19,,"{""type"":""MultiPoint"",""coordinates"":[]}"
2012_10_20,2012-10-20,,"{""type"":""MultiPoint"",""coordinates"":[]}"
2012_10_21,2012-10-21,,"{""type"":""MultiPoint"",""coordinates"":[]}"
2012_10_22,2012-10-22,304.42580305488366,"{""type"":""MultiPoint"",""coordinates"":[]}"
2012_10_23,2012-10-23,,"{""type"":""MultiPoint"",""coordinates"":[]}"
2012_10_24,2012-10-24,,"{""type"":""MultiPoint"",""coordinates"":[]}"
2012_10_25,2012-10-25,307.56613766101793,"{""type"":""MultiPoint"",""coordinates"":[]}"
2012_10_26,2012-10-26,305.45837597609676,"{""type"":""MultiPoint"",""coordinates"":[]}"
2012_10_27,2012-10-27,308.7177199352555,"{""type"":""MultiPoint"",""coordinates"":[]}"
2012_10_28,2012-10-28,305.20086486486485,"{""type"":""MultiPoint"",""coordinates"":[]}"
2012_10_29,2012-10-29,,"{""type"":""MultiPoint"",""coordinates"":[]}"
2012_10_30,2012-10-30,,"{""type"":""MultiPoint"",""coordinates"":[]}"
2012_10_31,2012-10-31,,"{""type"":""MultiPoint"",""coordinates"":[]}"
2012_11_01,2012-11-01,,"{""type"":""MultiPoint"",""coordinates"":[]}"
2012_11_02,2012-11-02,,"{""type"":""MultiPoint"",""coordinates"":[]}"
2012_11_03,2012-11-03,,"{""type"":""MultiPoint"",""coordinates"":[]}"
2012_11_04,2012-11-04,,"{""type"":""MultiPoint"",""coordinates"":[]}"
2012_11_05,2012-11-05,306.6048252294908,"{""type"":""MultiPoint"",""coordinates"":[]}"
2012_11_06,2012-11-06,303.5196373181899,"{""type"":""MultiPoint"",""coordinates"":[]}"
2012_11_07,2012-11-07,306.2999654923174,"{""type"":""MultiPoint"",""coordinates"":[]}"
2012_11_08,2012-11-08,,"{""type"":""MultiPoint"",""coordinates"":[]}"
2012_11_09,2012-11-09,,"{""type"":""MultiPoint"",""coordinates"":[]}"
2012_11_10,2012-11-10,,"{""type"":""MultiPoint"",""coordinates"":[]}"
2012_11_11,2012-11-11,304.00165235869093,"{""type"":""MultiPoint"",""coordinates"":[]}"
2012_11_12,2012-11-12,306.69405004593375,"{""type"":""MultiPoint"",""coordinates"":[]}"
2012_11_13,2012-11-13,304.7714471324206,"{""type"":""MultiPoint"",""coordinates"":[]}"
2012_11_14,2012-11-14,307.6733002318564,"{""type"":""MultiPoint"",""coordinates"":[]}"
2012_11_15,2012-11-15,,"{""type"":""MultiPoint"",""coordinates"":[]}"
2012_11_16,2012-11-16,304.42886040509205,"{""type"":""MultiPoint"",""coordinates"":[]}"
2012_11_17,2012-11-17,305.5456953497527,"{""type"":""MultiPoint"",""coordinates"":[]}"
2012_11_18,2012-11-18,306.6839301806727,"{""type"":""MultiPoint"",""coordinates"":[]}"
2012_11_19,2012-11-19,307.4383109497353,"{""type"":""MultiPoint"",""coordinates"":[]}"
2012_11_20,2012-11-20,306.80294326086,"{""type"":""MultiPoint"",""coordinates"":[]}"
2012_11_21,2012-11-21,305.3827293264369,"{""type"":""MultiPoint"",""coordinates"":[]}"
2012_11_22,2012-11-22,,"{""type"":""MultiPoint"",""coordinates"":[]}"
2012_11_23,2012-11-23,306.17022732012526,"{""type"":""MultiPoint"",""coordinates"":[]}"
2012_11_24,2012-11-24,,"{""type"":""MultiPoint"",""coordinates"":[]}"
2012_11_25,2012-11-25,304.5047221738372,"{""type"":""MultiPoint"",""coordinates"":[]}"
2012_11_26,2012-11-26,,"{""type"":""MultiPoint"",""coordinates"":[]}"
2012_11_27,2012-11-27,298.52180606464515,"{""type"":""MultiPoint"",""coordinates"":[]}"
2012_11_28,2012-11-28,307.18642591539447,"{""type"":""MultiPoint"",""coordinates"":[]}"
2012_11_29,2012-11-29,,"{""type"":""MultiPoint"",""coordinates"":[]}"
2012_11_30,2012-11-30,305.96832569782265,"{""type"":""MultiPoint"",""coordinates"":[]}"
2012_12_01,2012-12-01,,"{""type"":""MultiPoint"",""coordinates"":[]}"
2012_12_02,2012-12-02,308.13955291132606,"{""type"":""MultiPoint"",""coordinates"":[]}"
2012_12_03,2012-12-03,,"{""type"":""MultiPoint"",""coordinates"":[]}"
2012_12_04,2012-12-04,,"{""type"":""MultiPoint"",""coordinates"":[]}"
2012_12_05,2012-12-05,,"{""type"":""MultiPoint"",""coordinates"":[]}"
2012_12_06,2012-12-06,307.0949162639836,"{""type"":""MultiPoint"",""coordinates"":[]}"
2012_12_07,2012-12-07,306.67839128688115,"{""type"":""MultiPoint"",""coordinates"":[]}"
2012_12_08,2012-12-08,304.70753404865115,"{""type"":""MultiPoint"",""coordinates"":[]}"
2012_12_09,2012-12-09,311.36665033466016,"{""type"":""MultiPoint"",""coordinates"":[]}"
2012_12_10,2012-12-10,,"{""type"":""MultiPoint"",""coordinates"":[]}"
2012_12_11,2012-12-11,309.8373476530034,"{""type"":""MultiPoint"",""coordinates"":[]}"
2012_12_12,2012-12-12,308.78091386324854,"{""type"":""MultiPoint"",""coordinates"":[]}"
2012_12_13,2012-12-13,307.13721288267567,"{""type"":""MultiPoint"",""coordinates"":[]}"
2012_12_14,2012-12-14,307.47520713941987,"{""type"":""MultiPoint"",""coordinates"":[]}"
2012_12_15,2012-12-15,305.83613893871114,"{""type"":""MultiPoint"",""coordinates"":[]}"
2012_12_16,2012-12-16,306.86455320000897,"{""type"":""MultiPoint"",""coordinates"":[]}"
2012_12_17,2012-12-17,,"{""type"":""MultiPoint"",""coordinates"":[]}"
2012_12_18,2012-12-18,308.00897653036543,"{""type"":""MultiPoint"",""coordinates"":[]}"
2012_12_19,2012-12-19,305.6163878559866,"{""type"":""MultiPoint"",""coordinates"":[]}"
2012_12_20,2012-12-20,307.1629607594383,"{""type"":""MultiPoint"",""coordinates"":[]}"
2012_12_21,2012-12-21,302.56656928448166,"{""type"":""MultiPoint"",""coordinates"":[]}"
2012_12_22,2012-12-22,305.18837700686817,"{""type"":""MultiPoint"",""coordinates"":[]}"
2012_12_23,2012-12-23,305.54725937328186,"{""type"":""MultiPoint"",""coordinates"":[]}"
2012_12_24,2012-12-24,303.06260674552567,"{""type"":""MultiPoint"",""coordinates"":[]}"
2012_12_25,2012-12-25,303.4236609190131,"{""type"":""MultiPoint"",""coordinates"":[]}"
2012_12_26,2012-12-26,,"{""type"":""MultiPoint"",""coordinates"":[]}"
2012_12_27,2012-12-27,307.1968415066276,"{""type"":""MultiPoint"",""coordinates"":[]}"
2012_12_28,2012-12-28,304.04315108005886,"{""type"":""MultiPoint"",""coordinates"":[]}"
2012_12_29,2012-12-29,304.59804709027907,"{""type"":""MultiPoint"",""coordinates"":[]}"
2012_12_30,2012-12-30,302.7228456913828,"{""type"":""MultiPoint"",""coordinates"":[]}"
2012_12_31,2012-12-31,302.48107283174,"{""type"":""MultiPoint"",""coordinates"":[]}"
2013_01_01,2013-01-01,307.9055805003206,"{""type"":""MultiPoint"",""coordinates"":[]}"
2013_01_02,2013-01-02,,"{""type"":""MultiPoint"",""coordinates"":[]}"
2013_01_03,2013-01-03,310.448839406798,"{""type"":""MultiPoint"",""coordinates"":[]}"
2013_01_04,2013-01-04,,"{""type"":""MultiPoint"",""coordinates"":[]}"
2013_01_05,2013-01-05,308.53824124757045,"{""type"":""MultiPoint"",""coordinates"":[]}"
2013_01_06,2013-01-06,305.7431602336846,"{""type"":""MultiPoint"",""coordinates"":[]}"
2013_01_07,2013-01-07,305.66157834406147,"{""type"":""MultiPoint"",""coordinates"":[]}"
2013_01_08,2013-01-08,306.85663602361313,"{""type"":""MultiPoint"",""coordinates"":[]}"
2013_01_09,2013-01-09,304.98,"{""type"":""MultiPoint"",""coordinates"":[]}"
2013_01_10,2013-01-10,308.6820070869242,"{""type"":""MultiPoint"",""coordinates"":[]}"
2013_01_11,2013-01-11,,"{""type"":""MultiPoint"",""coordinates"":[]}"
2013_01_12,2013-01-12,308.9349892821209,"{""type"":""MultiPoint"",""coordinates"":[]}"
2013_01_13,2013-01-13,309.4385235574611,"{""type"":""MultiPoint"",""coordinates"":[]}"
2013_01_14,2013-01-14,310.0591438820594,"{""type"":""MultiPoint"",""coordinates"":[]}"
2013_01_15,2013-01-15,311.13024804234664,"{""type"":""MultiPoint"",""coordinates"":[]}"
2013_01_16,2013-01-16,308.32116365545284,"{""type"":""MultiPoint"",""coordinates"":[]}"
2013_01_17,2013-01-17,310.07999737521317,"{""type"":""MultiPoint"",""coordinates"":[]}"
2013_01_18,2013-01-18,,"{""type"":""MultiPoint"",""coordinates"":[]}"
2013_01_19,2013-01-19,309.6908793035565,"{""type"":""MultiPoint"",""coordinates"":[]}"
2013_01_20,2013-01-20,306.53762369307515,"{""type"":""MultiPoint"",""coordinates"":[]}"
2013_01_21,2013-01-21,307.1537718237214,"{""type"":""MultiPoint"",""coordinates"":[]}"
2013_01_22,2013-01-22,308.2294601688615,"{""type"":""MultiPoint"",""coordinates"":[]}"
2013_01_23,2013-01-23,306.2447233037315,"{""type"":""MultiPoint"",""coordinates"":[]}"
2013_01_24,2013-01-24,308.8792707467519,"{""type"":""MultiPoint"",""coordinates"":[]}"
2013_01_25,2013-01-25,304.3470227007458,"{""type"":""MultiPoint"",""coordinates"":[]}"
2013_01_26,2013-01-26,309.33227962728034,"{""type"":""MultiPoint"",""coordinates"":[]}"
2013_01_27,2013-01-27,,"{""type"":""MultiPoint"",""coordinates"":[]}"
2013_01_28,2013-01-28,307.5904614227571,"{""type"":""MultiPoint"",""coordinates"":[]}"
2013_01_29,2013-01-29,,"{""type"":""MultiPoint"",""coordinates"":[]}"
2013_01_30,2013-01-30,304.1053190371072,"{""type"":""MultiPoint"",""coordinates"":[]}"
2013_01_31,2013-01-31,306.16250036864096,"{""type"":""MultiPoint"",""coordinates"":[]}"
2013_02_01,2013-02-01,305.49471285809426,"{""type"":""MultiPoint"",""coordinates"":[]}"
2013_02_02,2013-02-02,,"{""type"":""MultiPoint"",""coordinates"":[]}"
2013_02_03,2013-02-03,,"{""type"":""MultiPoint"",""coordinates"":[]}"
2013_02_04,2013-02-04,310.5632394242967,"{""type"":""MultiPoint"",""coordinates"":[]}"
2013_02_05,2013-02-05,306.25641994789197,"{""type"":""MultiPoint"",""coordinates"":[]}"
2013_02_06,2013-02-06,309.6731935059236,"{""type"":""MultiPoint"",""coordinates"":[]}"
2013_02_07,2013-02-07,306.5930820148531,"{""type"":""MultiPoint"",""coordinates"":[]}"
2013_02_08,2013-02-08,304.43936293864516,"{""type"":""MultiPoint"",""coordinates"":[]}"
2013_02_09,2013-02-09,309.4519367397665,"{""type"":""MultiPoint"",""coordinates"":[]}"
2013_02_10,2013-02-10,305.188974583315,"{""type"":""MultiPoint"",""coordinates"":[]}"
2013_02_11,2013-02-11,312.63145588170977,"{""type"":""MultiPoint"",""coordinates"":[]}"
2013_02_12,2013-02-12,,"{""type"":""MultiPoint"",""coordinates"":[]}"
2013_02_13,2013-02-13,311.60178879216073,"{""type"":""MultiPoint"",""coordinates"":[]}"
2013_02_14,2013-02-14,312.57768712542116,"{""type"":""MultiPoint"",""coordinates"":[]}"
2013_02_15,2013-02-15,307.5973550181895,"{""type"":""MultiPoint"",""coordinates"":[]}"
2013_02_16,2013-02-16,,"{""type"":""MultiPoint"",""coordinates"":[]}"
2013_02_17,2013-02-17,307.0638579990375,"{""type"":""MultiPoint"",""coordinates"":[]}"
2013_02_18,2013-02-18,312.1288030972484,"{""type"":""MultiPoint"",""coordinates"":[]}"
2013_02_19,2013-02-19,,"{""type"":""MultiPoint"",""coordinates"":[]}"
2013_02_20,2013-02-20,312.62861892471244,"{""type"":""MultiPoint"",""coordinates"":[]}"
2013_02_21,2013-02-21,307.9222878018901,"{""type"":""MultiPoint"",""coordinates"":[]}"
2013_02_22,2013-02-22,311.69750645260063,"{""type"":""MultiPoint"",""coordinates"":[]}"
2013_02_23,2013-02-23,312.79814121352626,"{""type"":""MultiPoint"",""coordinates"":[]}"
2013_02_24,2013-02-24,311.82422065707163,"{""type"":""MultiPoint"",""coordinates"":[]}"
2013_02_25,2013-02-25,314.7002471674175,"{""type"":""MultiPoint"",""coordinates"":[]}"
2013_02_26,2013-02-26,310.3787396649022,"{""type"":""MultiPoint"",""coordinates"":[]}"
2013_02_27,2013-02-27,316.6949516601779,"{""type"":""MultiPoint"",""coordinates"":[]}"
2013_02_28,2013-02-28,,"{""type"":""MultiPoint"",""coordinates"":[]}"
2013_03_01,2013-03-01,315.31774837044475,"{""type"":""MultiPoint"",""coordinates"":[]}"
2013_03_02,2013-03-02,314.32912113390773,"{""type"":""MultiPoint"",""coordinates"":[]}"
2013_03_03,2013-03-03,315.592126077256,"{""type"":""MultiPoint"",""coordinates"":[]}"
2013_03_04,2013-03-04,316.60743558335884,"{""type"":""MultiPoint"",""coordinates"":[]}"
2013_03_05,2013-03-05,,"{""type"":""MultiPoint"",""coordinates"":[]}"
2013_03_06,2013-03-06,317.13798209533036,"{""type"":""MultiPoint"",""coordinates"":[]}"
2013_03_07,2013-03-07,,"{""type"":""MultiPoint"",""coordinates"":[]}"
2013_03_08,2013-03-08,316.7771999208147,"{""type"":""MultiPoint"",""coordinates"":[]}"
2013_03_09,2013-03-09,310.2587049924358,"{""type"":""MultiPoint"",""coordinates"":[]}"
2013_03_10,2013-03-10,314.1259112885341,"{""type"":""MultiPoint"",""coordinates"":[]}"
2013_03_11,2013-03-11,311.14256564551425,"{""type"":""MultiPoint"",""coordinates"":[]}"
2013_03_12,2013-03-12,307.6932567049809,"{""type"":""MultiPoint"",""coordinates"":[]}"
2013_03_13,2013-03-13,313.3789114353579,"{""type"":""MultiPoint"",""coordinates"":[]}"
2013_03_14,2013-03-14,307.58317448405256,"{""type"":""MultiPoint"",""coordinates"":[]}"
2013_03_15,2013-03-15,315.8948593551773,"{""type"":""MultiPoint"",""coordinates"":[]}"
2013_03_16,2013-03-16,,"{""type"":""MultiPoint"",""coordinates"":[]}"
2013_03_17,2013-03-17,317.03220744564516,"{""type"":""MultiPoint"",""coordinates"":[]}"
2013_03_18,2013-03-18,311.65379281683363,"{""type"":""MultiPoint"",""coordinates"":[]}"
2013_03_19,2013-03-19,311.95773136711847,"{""type"":""MultiPoint"",""coordinates"":[]}"
2013_03_20,2013-03-20,,"{""type"":""MultiPoint"",""coordinates"":[]}"
2013_03_21,2013-03-21,313.48774573616043,"{""type"":""MultiPoint"",""coordinates"":[]}"
2013_03_22,2013-03-22,313.42922791452827,"{""type"":""MultiPoint"",""coordinates"":[]}"
2013_03_23,2013-03-23,,"{""type"":""MultiPoint"",""coordinates"":[]}"
2013_03_24,2013-03-24,321.8004072794085,"{""type"":""MultiPoint"",""coordinates"":[]}"
2013_03_25,2013-03-25,312.5625143843497,"{""type"":""MultiPoint"",""coordinates"":[]}"
2013_03_26,2013-03-26,317.9302969131888,"{""type"":""MultiPoint"",""coordinates"":[]}"
2013_03_27,2013-03-27,317.47480657575693,"{""type"":""MultiPoint"",""coordinates"":[]}"
2013_03_28,2013-03-28,316.1890061426997,"{""type"":""MultiPoint"",""coordinates"":[]}"
2013_03_29,2013-03-29,319.6077454229974,"{""type"":""MultiPoint"",""coordinates"":[]}"
2013_03_30,2013-03-30,311.3705102087218,"{""type"":""MultiPoint"",""coordinates"":[]}"
2013_03_31,2013-03-31,317.3576091161187,"{""type"":""MultiPoint"",""coordinates"":[]}"
2013_04_01,2013-04-01,,"{""type"":""MultiPoint"",""coordinates"":[]}"
2013_04_02,2013-04-02,316.938317482106,"{""type"":""MultiPoint"",""coordinates"":[]}"
2013_04_03,2013-04-03,309.67475476966047,"{""type"":""MultiPoint"",""coordinates"":[]}"
2013_04_04,2013-04-04,314.87518919760635,"{""type"":""MultiPoint"",""coordinates"":[]}"
2013_04_05,2013-04-05,319.2140251104599,"{""type"":""MultiPoint"",""coordinates"":[]}"
2013_04_06,2013-04-06,312.0489408969933,"{""type"":""MultiPoint"",""coordinates"":[]}"
2013_04_07,2013-04-07,318.30669279741545,"{""type"":""MultiPoint"",""coordinates"":[]}"
2013_04_08,2013-04-08,,"{""type"":""MultiPoint"",""coordinates"":[]}"
2013_04_09,2013-04-09,316.91096232100836,"{""type"":""MultiPoint"",""coordinates"":[]}"
2013_04_10,2013-04-10,312.63111509689855,"{""type"":""MultiPoint"",""coordinates"":[]}"
2013_04_11,2013-04-11,319.750272540356,"{""type"":""MultiPoint"",""coordinates"":[]}"
2013_04_12,2013-04-12,317.27369438733103,"{""type"":""MultiPoint"",""coordinates"":[]}"
2013_04_13,2013-04-13,316.4351520188986,"{""type"":""MultiPoint"",""coordinates"":[]}"
2013_04_14,2013-04-14,318.96519576534394,"{""type"":""MultiPoint"",""coordinates"":[]}"
2013_04_15,2013-04-15,309.6098137635692,"{""type"":""MultiPoint"",""coordinates"":[]}"
2013_04_16,2013-04-16,322.89405442057824,"{""type"":""MultiPoint"",""coordinates"":[]}"
2013_04_17,2013-04-17,,"{""type"":""MultiPoint"",""coordinates"":[]}"
2013_04_18,2013-04-18,321.7983599457545,"{""type"":""MultiPoint"",""coordinates"":[]}"
2013_04_19,2013-04-19,,"{""type"":""MultiPoint"",""coordinates"":[]}"
2013_04_20,2013-04-20,314.58104367673,"{""type"":""MultiPoint"",""coordinates"":[]}"
2013_04_21,2013-04-21,,"{""type"":""MultiPoint"",""coordinates"":[]}"
2013_04_22,2013-04-22,309.90425191288995,"{""type"":""MultiPoint"",""coordinates"":[]}"
2013_04_23,2013-04-23,315.07669071445196,"{""type"":""MultiPoint"",""coordinates"":[]}"
2013_04_24,2013-04-24,,"{""type"":""MultiPoint"",""coordinates"":[]}"
2013_04_25,2013-04-25,315.3287317407583,"{""type"":""MultiPoint"",""coordinates"":[]}"
2013_04_26,2013-04-26,312.6853244367982,"{""type"":""MultiPoint"",""coordinates"":[]}"
2013_04_27,2013-04-27,315.8600311526481,"{""type"":""MultiPoint"",""coordinates"":[]}"
2013_04_28,2013-04-28,317.5680944048297,"{""type"":""MultiPoint"",""coordinates"":[]}"
2013_04_29,2013-04-29,316.62143930331587,"{""type"":""MultiPoint"",""coordinates"":[]}"
2013_04_30,2013-04-30,318.0269927081881,"{""type"":""MultiPoint"",""coordinates"":[]}"
2013_05_01,2013-05-01,313.7560279787958,"{""type"":""MultiPoint"",""coordinates"":[]}"
2013_05_02,2013-05-02,321.5696364076281,"{""type"":""MultiPoint"",""coordinates"":[]}"
2013_05_03,2013-05-03,,"{""type"":""MultiPoint"",""coordinates"":[]}"
2013_05_04,2013-05-04,323.56083205739503,"{""type"":""MultiPoint"",""coordinates"":[]}"
2013_05_05,2013-05-05,314.33863585118354,"{""type"":""MultiPoint"",""coordinates"":[]}"
2013_05_06,2013-05-06,314.0761658894069,"{""type"":""MultiPoint"",""coordinates"":[]}"
2013_05_07,2013-05-07,315.8997334994327,"{""type"":""MultiPoint"",""coordinates"":[]}"
2013_05_08,2013-05-08,313.39764566210033,"{""type"":""MultiPoint"",""coordinates"":[]}"
2013_05_09,2013-05-09,322.33089853287277,"{""type"":""MultiPoint"",""coordinates"":[]}"
2013_05_10,2013-05-10,,"{""type"":""MultiPoint"",""coordinates"":[]}"
2013_05_11,2013-05-11,321.3591270764304,"{""type"":""MultiPoint"",""coordinates"":[]}"
2013_05_12,2013-05-12,,"{""type"":""MultiPoint"",""coordinates"":[]}"
2013_05_13,2013-05-13,307.5560576621749,"{""type"":""MultiPoint"",""coordinates"":[]}"
2013_05_14,2013-05-14,311.2588473559194,"{""type"":""MultiPoint"",""coordinates"":[]}"
2013_05_15,2013-05-15,,"{""type"":""MultiPoint"",""coordinates"":[]}"
2013_05_16,2013-05-16,318.4239627950238,"{""type"":""MultiPoint"",""coordinates"":[]}"
2013_05_17,2013-05-17,,"{""type"":""MultiPoint"",""coordinates"":[]}"
2013_05_18,2013-05-18,321.74723575771236,"{""type"":""MultiPoint"",""coordinates"":[]}"
2013_05_19,2013-05-19,,"{""type"":""MultiPoint"",""coordinates"":[]}"
2013_05_20,2013-05-20,316.043421629603,"{""type"":""MultiPoint"",""coordinates"":[]}"
2013_05_21,2013-05-21,311.77065201432595,"{""type"":""MultiPoint"",""coordinates"":[]}"
2013_05_22,2013-05-22,319.1733798503872,"{""type"":""MultiPoint"",""coordinates"":[]}"
2013_05_23,2013-05-23,318.1577028741415,"{""type"":""MultiPoint"",""coordinates"":[]}"
2013_05_24,2013-05-24,316.30597182728906,"{""type"":""MultiPoint"",""coordinates"":[]}"
2013_05_25,2013-05-25,,"{""type"":""MultiPoint"",""coordinates"":[]}"
2013_05_26,2013-05-26,,"{""type"":""MultiPoint"",""coordinates"":[]}"
2013_05_27,2013-05-27,,"{""type"":""MultiPoint"",""coordinates"":[]}"
2013_05_28,2013-05-28,,"{""type"":""MultiPoint"",""coordinates"":[]}"
2013_05_29,2013-05-29,,"{""type"":""MultiPoint"",""coordinates"":[]}"
2013_05_30,2013-05-30,304.7437382250868,"{""type"":""MultiPoint"",""coordinates"":[]}"
2013_05_31,2013-05-31,,"{""type"":""MultiPoint"",""coordinates"":[]}"
2013_06_01,2013-06-01,311.74327458256033,"{""type"":""MultiPoint"",""coordinates"":[]}"
2013_06_02,2013-06-02,,"{""type"":""MultiPoint"",""coordinates"":[]}"
2013_06_03,2013-06-03,313.56263090738383,"{""type"":""MultiPoint"",""coordinates"":[]}"
2013_06_04,2013-06-04,,"{""type"":""MultiPoint"",""coordinates"":[]}"
2013_06_05,2013-06-05,,"{""type"":""MultiPoint"",""coordinates"":[]}"
2013_06_06,2013-06-06,,"{""type"":""MultiPoint"",""coordinates"":[]}"
2013_06_07,2013-06-07,,"{""type"":""MultiPoint"",""coordinates"":[]}"
2013_06_08,2013-06-08,,"{""type"":""MultiPoint"",""coordinates"":[]}"
2013_06_09,2013-06-09,,"{""type"":""MultiPoint"",""coordinates"":[]}"
2013_06_10,2013-06-10,,"{""type"":""MultiPoint"",""coordinates"":[]}"
2013_06_11,2013-06-11,,"{""type"":""MultiPoint"",""coordinates"":[]}"
2013_06_12,2013-06-12,,"{""type"":""MultiPoint"",""coordinates"":[]}"
2013_06_13,2013-06-13,,"{""type"":""MultiPoint"",""coordinates"":[]}"
2013_06_14,2013-06-14,,"{""type"":""MultiPoint"",""coordinates"":[]}"
2013_06_15,2013-06-15,,"{""type"":""MultiPoint"",""coordinates"":[]}"
2013_06_16,2013-06-16,,"{""type"":""MultiPoint"",""coordinates"":[]}"
2013_06_17,2013-06-17,,"{""type"":""MultiPoint"",""coordinates"":[]}"
2013_06_18,2013-06-18,,"{""type"":""MultiPoint"",""coordinates"":[]}"
2013_06_19,2013-06-19,,"{""type"":""MultiPoint"",""coordinates"":[]}"
2013_06_20,2013-06-20,,"{""type"":""MultiPoint"",""coordinates"":[]}"
2013_06_21,2013-06-21,,"{""type"":""MultiPoint"",""coordinates"":[]}"
2013_06_22,2013-06-22,,"{""type"":""MultiPoint"",""coordinates"":[]}"
2013_06_23,2013-06-23,,"{""type"":""MultiPoint"",""coordinates"":[]}"
2013_06_24,2013-06-24,,"{""type"":""MultiPoint"",""coordinates"":[]}"
2013_06_25,2013-06-25,,"{""type"":""MultiPoint"",""coordinates"":[]}"
2013_06_26,2013-06-26,303.7517375946173,"{""type"":""MultiPoint"",""coordinates"":[]}"
2013_06_27,2013-06-27,,"{""type"":""MultiPoint"",""coordinates"":[]}"
2013_06_28,2013-06-28,308.4015848719884,"{""type"":""MultiPoint"",""coordinates"":[]}"
2013_06_29,2013-06-29,,"{""type"":""MultiPoint"",""coordinates"":[]}"
2013_06_30,2013-06-30,,"{""type"":""MultiPoint"",""coordinates"":[]}"
2013_07_01,2013-07-01,,"{""type"":""MultiPoint"",""coordinates"":[]}"
2013_07_02,2013-07-02,,"{""type"":""MultiPoint"",""coordinates"":[]}"
2013_07_03,2013-07-03,,"{""type"":""MultiPoint"",""coordinates"":[]}"
2013_07_04,2013-07-04,,"{""type"":""MultiPoint"",""coordinates"":[]}"
2013_07_05,2013-07-05,,"{""type"":""MultiPoint"",""coordinates"":[]}"
2013_07_06,2013-07-06,,"{""type"":""MultiPoint"",""coordinates"":[]}"
2013_07_07,2013-07-07,,"{""type"":""MultiPoint"",""coordinates"":[]}"
2013_07_08,2013-07-08,,"{""type"":""MultiPoint"",""coordinates"":[]}"
2013_07_09,2013-07-09,,"{""type"":""MultiPoint"",""coordinates"":[]}"
2013_07_10,2013-07-10,,"{""type"":""MultiPoint"",""coordinates"":[]}"
2013_07_11,2013-07-11,,"{""type"":""MultiPoint"",""coordinates"":[]}"
2013_07_12,2013-07-12,,"{""type"":""MultiPoint"",""coordinates"":[]}"
2013_07_13,2013-07-13,,"{""type"":""MultiPoint"",""coordinates"":[]}"
2013_07_14,2013-07-14,,"{""type"":""MultiPoint"",""coordinates"":[]}"
2013_07_15,2013-07-15,,"{""type"":""MultiPoint"",""coordinates"":[]}"
2013_07_16,2013-07-16,,"{""type"":""MultiPoint"",""coordinates"":[]}"
2013_07_17,2013-07-17,,"{""type"":""MultiPoint"",""coordinates"":[]}"
2013_07_18,2013-07-18,,"{""type"":""MultiPoint"",""coordinates"":[]}"
2013_07_19,2013-07-19,,"{""type"":""MultiPoint"",""coordinates"":[]}"
2013_07_20,2013-07-20,,"{""type"":""MultiPoint"",""coordinates"":[]}"
2013_07_21,2013-07-21,,"{""type"":""MultiPoint"",""coordinates"":[]}"
2013_07_22,2013-07-22,,"{""type"":""MultiPoint"",""coordinates"":[]}"
2013_07_23,2013-07-23,,"{""type"":""MultiPoint"",""coordinates"":[]}"
2013_07_24,2013-07-24,,"{""type"":""MultiPoint"",""coordinates"":[]}"
2013_07_25,2013-07-25,,"{""type"":""MultiPoint"",""coordinates"":[]}"
2013_07_26,2013-07-26,,"{""type"":""MultiPoint"",""coordinates"":[]}"
2013_07_27,2013-07-27,,"{""type"":""MultiPoint"",""coordinates"":[]}"
2013_07_28,2013-07-28,,"{""type"":""MultiPoint"",""coordinates"":[]}"
2013_07_29,2013-07-29,,"{""type"":""MultiPoint"",""coordinates"":[]}"
2013_07_30,2013-07-30,,"{""type"":""MultiPoint"",""coordinates"":[]}"
2013_07_31,2013-07-31,,"{""type"":""MultiPoint"",""coordinates"":[]}"
2013_08_01,2013-08-01,,"{""type"":""MultiPoint"",""coordinates"":[]}"
2013_08_02,2013-08-02,,"{""type"":""MultiPoint"",""coordinates"":[]}"
2013_08_03,2013-08-03,,"{""type"":""MultiPoint"",""coordinates"":[]}"
2013_08_04,2013-08-04,,"{""type"":""MultiPoint"",""coordinates"":[]}"
2013_08_05,2013-08-05,,"{""type"":""MultiPoint"",""coordinates"":[]}"
2013_08_06,2013-08-06,,"{""type"":""MultiPoint"",""coordinates"":[]}"
2013_08_07,2013-08-07,,"{""type"":""MultiPoint"",""coordinates"":[]}"
2013_08_08,2013-08-08,,"{""type"":""MultiPoint"",""coordinates"":[]}"
2013_08_09,2013-08-09,,"{""type"":""MultiPoint"",""coordinates"":[]}"
2013_08_10,2013-08-10,,"{""type"":""MultiPoint"",""coordinates"":[]}"
2013_08_11,2013-08-11,,"{""type"":""MultiPoint"",""coordinates"":[]}"
2013_08_12,2013-08-12,,"{""type"":""MultiPoint"",""coordinates"":[]}"
2013_08_13,2013-08-13,,"{""type"":""MultiPoint"",""coordinates"":[]}"
2013_08_14,2013-08-14,,"{""type"":""MultiPoint"",""coordinates"":[]}"
2013_08_15,2013-08-15,,"{""type"":""MultiPoint"",""coordinates"":[]}"
2013_08_16,2013-08-16,,"{""type"":""MultiPoint"",""coordinates"":[]}"
2013_08_17,2013-08-17,,"{""type"":""MultiPoint"",""coordinates"":[]}"
2013_08_18,2013-08-18,,"{""type"":""MultiPoint"",""coordinates"":[]}"
2013_08_19,2013-08-19,,"{""type"":""MultiPoint"",""coordinates"":[]}"
2013_08_20,2013-08-20,,"{""type"":""MultiPoint"",""coordinates"":[]}"
2013_08_21,2013-08-21,,"{""type"":""MultiPoint"",""coordinates"":[]}"
2013_08_22,2013-08-22,,"{""type"":""MultiPoint"",""coordinates"":[]}"
2013_08_23,2013-08-23,,"{""type"":""MultiPoint"",""coordinates"":[]}"
2013_08_24,2013-08-24,309.93819809736993,"{""type"":""MultiPoint"",""coordinates"":[]}"
2013_08_25,2013-08-25,,"{""type"":""MultiPoint"",""coordinates"":[]}"
2013_08_26,2013-08-26,,"{""type"":""MultiPoint"",""coordinates"":[]}"
2013_08_27,2013-08-27,,"{""type"":""MultiPoint"",""coordinates"":[]}"
2013_08_28,2013-08-28,,"{""type"":""MultiPoint"",""coordinates"":[]}"
2013_08_29,2013-08-29,311.86532897806813,"{""type"":""MultiPoint"",""coordinates"":[]}"
2013_08_30,2013-08-30,,"{""type"":""MultiPoint"",""coordinates"":[]}"
2013_08_31,2013-08-31,,"{""type"":""MultiPoint"",""coordinates"":[]}"
2013_09_01,2013-09-01,,"{""type"":""MultiPoint"",""coordinates"":[]}"
2013_09_02,2013-09-02,,"{""type"":""MultiPoint"",""coordinates"":[]}"
2013_09_03,2013-09-03,,"{""type"":""MultiPoint"",""coordinates"":[]}"
2013_09_04,2013-09-04,,"{""type"":""MultiPoint"",""coordinates"":[]}"
2013_09_05,2013-09-05,310.41366487075487,"{""type"":""MultiPoint"",""coordinates"":[]}"
2013_09_06,2013-09-06,,"{""type"":""MultiPoint"",""coordinates"":[]}"
2013_09_07,2013-09-07,,"{""type"":""MultiPoint"",""coordinates"":[]}"
2013_09_08,2013-09-08,,"{""type"":""MultiPoint"",""coordinates"":[]}"
2013_09_09,2013-09-09,,"{""type"":""MultiPoint"",""coordinates"":[]}"
2013_09_10,2013-09-10,295.10991677175286,"{""type"":""MultiPoint"",""coordinates"":[]}"
2013_09_11,2013-09-11,307.0796520276825,"{""type"":""MultiPoint"",""coordinates"":[]}"
2013_09_12,2013-09-12,,"{""type"":""MultiPoint"",""coordinates"":[]}"
2013_09_13,2013-09-13,,"{""type"":""MultiPoint"",""coordinates"":[]}"
2013_09_14,2013-09-14,,"{""type"":""MultiPoint"",""coordinates"":[]}"
2013_09_15,2013-09-15,,"{""type"":""MultiPoint"",""coordinates"":[]}"
2013_09_16,2013-09-16,,"{""type"":""MultiPoint"",""coordinates"":[]}"
2013_09_17,2013-09-17,,"{""type"":""MultiPoint"",""coordinates"":[]}"
2013_09_18,2013-09-18,,"{""type"":""MultiPoint"",""coordinates"":[]}"
2013_09_19,2013-09-19,,"{""type"":""MultiPoint"",""coordinates"":[]}"
2013_09_20,2013-09-20,,"{""type"":""MultiPoint"",""coordinates"":[]}"
2013_09_21,2013-09-21,,"{""type"":""MultiPoint"",""coordinates"":[]}"
2013_09_22,2013-09-22,301.9759167378093,"{""type"":""MultiPoint"",""coordinates"":[]}"
2013_09_23,2013-09-23,307.09431123542294,"{""type"":""MultiPoint"",""coordinates"":[]}"
2013_09_24,2013-09-24,,"{""type"":""MultiPoint"",""coordinates"":[]}"
2013_09_25,2013-09-25,310.53109292606604,"{""type"":""MultiPoint"",""coordinates"":[]}"
2013_09_26,2013-09-26,,"{""type"":""MultiPoint"",""coordinates"":[]}"
2013_09_27,2013-09-27,308.4069834535427,"{""type"":""MultiPoint"",""coordinates"":[]}"
2013_09_28,2013-09-28,307.69104567586385,"{""type"":""MultiPoint"",""coordinates"":[]}"
2013_09_29,2013-09-29,,"{""type"":""MultiPoint"",""coordinates"":[]}"
2013_09_30,2013-09-30,,"{""type"":""MultiPoint"",""coordinates"":[]}"
2013_10_01,2013-10-01,,"{""type"":""MultiPoint"",""coordinates"":[]}"
2013_10_02,2013-10-02,,"{""type"":""MultiPoint"",""coordinates"":[]}"
2013_10_03,2013-10-03,,"{""type"":""MultiPoint"",""coordinates"":[]}"
2013_10_04,2013-10-04,,"{""type"":""MultiPoint"",""coordinates"":[]}"
2013_10_05,2013-10-05,,"{""type"":""MultiPoint"",""coordinates"":[]}"
2013_10_06,2013-10-06,304.1742175892644,"{""type"":""MultiPoint"",""coordinates"":[]}"
2013_10_07,2013-10-07,,"{""type"":""MultiPoint"",""coordinates"":[]}"
2013_10_08,2013-10-08,,"{""type"":""MultiPoint"",""coordinates"":[]}"
2013_10_09,2013-10-09,,"{""type"":""MultiPoint"",""coordinates"":[]}"
2013_10_10,2013-10-10,,"{""type"":""MultiPoint"",""coordinates"":[]}"
2013_10_11,2013-10-11,306.88814288835476,"{""type"":""MultiPoint"",""coordinates"":[]}"
2013_10_12,2013-10-12,,"{""type"":""MultiPoint"",""coordinates"":[]}"
2013_10_13,2013-10-13,305.2814281193967,"{""type"":""MultiPoint"",""coordinates"":[]}"
2013_10_14,2013-10-14,307.4447444317198,"{""type"":""MultiPoint"",""coordinates"":[]}"
2013_10_15,2013-10-15,,"{""type"":""MultiPoint"",""coordinates"":[]}"
2013_10_16,2013-10-16,307.3253587953677,"{""type"":""MultiPoint"",""coordinates"":[]}"
2013_10_17,2013-10-17,,"{""type"":""MultiPoint"",""coordinates"":[]}"
2013_10_18,2013-10-18,310.02871472942826,"{""type"":""MultiPoint"",""coordinates"":[]}"
2013_10_19,2013-10-19,308.3027936480161,"{""type"":""MultiPoint"",""coordinates"":[]}"
2013_10_20,2013-10-20,,"{""type"":""MultiPoint"",""coordinates"":[]}"
2013_10_21,2013-10-21,,"{""type"":""MultiPoint"",""coordinates"":[]}"
2013_10_22,2013-10-22,,"{""type"":""MultiPoint"",""coordinates"":[]}"
2013_10_23,2013-10-23,,"{""type"":""MultiPoint"",""coordinates"":[]}"
2013_10_24,2013-10-24,,"{""type"":""MultiPoint"",""coordinates"":[]}"
2013_10_25,2013-10-25,,"{""type"":""MultiPoint"",""coordinates"":[]}"
2013_10_26,2013-10-26,,"{""type"":""MultiPoint"",""coordinates"":[]}"
2013_10_27,2013-10-27,300.5780371352785,"{""type"":""MultiPoint"",""coordinates"":[]}"
2013_10_28,2013-10-28,,"{""type"":""MultiPoint"",""coordinates"":[]}"
2013_10_29,2013-10-29,307.3359250185922,"{""type"":""MultiPoint"",""coordinates"":[]}"
2013_10_30,2013-10-30,308.68001968590045,"{""type"":""MultiPoint"",""coordinates"":[]}"
2013_10_31,2013-10-31,304.1813192373723,"{""type"":""MultiPoint"",""coordinates"":[]}"
2013_11_01,2013-11-01,306.3598759231906,"{""type"":""MultiPoint"",""coordinates"":[]}"
2013_11_02,2013-11-02,,"{""type"":""MultiPoint"",""coordinates"":[]}"
2013_11_03,2013-11-03,306.2542252942457,"{""type"":""MultiPoint"",""coordinates"":[]}"
2013_11_04,2013-11-04,,"{""type"":""MultiPoint"",""coordinates"":[]}"
2013_11_05,2013-11-05,303.33147717099394,"{""type"":""MultiPoint"",""coordinates"":[]}"
2013_11_06,2013-11-06,305.5974704080057,"{""type"":""MultiPoint"",""coordinates"":[]}"
2013_11_07,2013-11-07,,"{""type"":""MultiPoint"",""coordinates"":[]}"
2013_11_08,2013-11-08,,"{""type"":""MultiPoint"",""coordinates"":[]}"
2013_11_09,2013-11-09,,"{""type"":""MultiPoint"",""coordinates"":[]}"
2013_11_10,2013-11-10,308.14470886740446,"{""type"":""MultiPoint"",""coordinates"":[]}"
2013_11_11,2013-11-11,,"{""type"":""MultiPoint"",""coordinates"":[]}"
2013_11_12,2013-11-12,307.9348090467651,"{""type"":""MultiPoint"",""coordinates"":[]}"
2013_11_13,2013-11-13,303.95098786401786,"{""type"":""MultiPoint"",""coordinates"":[]}"
2013_11_14,2013-11-14,305.8946104379019,"{""type"":""MultiPoint"",""coordinates"":[]}"
2013_11_15,2013-11-15,307.14006299488176,"{""type"":""MultiPoint"",""coordinates"":[]}"
2013_11_16,2013-11-16,303.24055374447386,"{""type"":""MultiPoint"",""coordinates"":[]}"
2013_11_17,2013-11-17,307.2112062369859,"{""type"":""MultiPoint"",""coordinates"":[]}"
2013_11_18,2013-11-18,,"{""type"":""MultiPoint"",""coordinates"":[]}"
2013_11_19,2013-11-19,307.5782164574129,"{""type"":""MultiPoint"",""coordinates"":[]}"
2013_11_20,2013-11-20,307.5472702217946,"{""type"":""MultiPoint"",""coordinates"":[]}"
2013_11_21,2013-11-21,308.42377225600416,"{""type"":""MultiPoint"",""coordinates"":[]}"
2013_11_22,2013-11-22,,"{""type"":""MultiPoint"",""coordinates"":[]}"
2013_11_23,2013-11-23,,"{""type"":""MultiPoint"",""coordinates"":[]}"
2013_11_24,2013-11-24,,"{""type"":""MultiPoint"",""coordinates"":[]}"
2013_11_25,2013-11-25,302.2443623773802,"{""type"":""MultiPoint"",""coordinates"":[]}"
2013_11_26,2013-11-26,306.92654621811977,"{""type"":""MultiPoint"",""coordinates"":[]}"
2013_11_27,2013-11-27,,"{""type"":""MultiPoint"",""coordinates"":[]}"
2013_11_28,2013-11-28,,"{""type"":""MultiPoint"",""coordinates"":[]}"
2013_11_29,2013-11-29,,"{""type"":""MultiPoint"",""coordinates"":[]}"
2013_11_30,2013-11-30,302.7900831074977,"{""type"":""MultiPoint"",""coordinates"":[]}"
2013_12_01,2013-12-01,305.348289740327,"{""type"":""MultiPoint"",""coordinates"":[]}"
2013_12_02,2013-12-02,300.7521219257636,"{""type"":""MultiPoint"",""coordinates"":[]}"
2013_12_03,2013-12-03,302.53077495550883,"{""type"":""MultiPoint"",""coordinates"":[]}"
2013_12_04,2013-12-04,,"{""type"":""MultiPoint"",""coordinates"":[]}"
2013_12_05,2013-12-05,305.4970099304431,"{""type"":""MultiPoint"",""coordinates"":[]}"
2013_12_06,2013-12-06,302.6204482117267,"{""type"":""MultiPoint"",""coordinates"":[]}"
2013_12_07,2013-12-07,296.9982330489448,"{""type"":""MultiPoint"",""coordinates"":[]}"
2013_12_08,2013-12-08,304.458990932454,"{""type"":""MultiPoint"",""coordinates"":[]}"
2013_12_09,2013-12-09,304.57535981451514,"{""type"":""MultiPoint"",""coordinates"":[]}"
2013_12_10,2013-12-10,308.4977724309902,"{""type"":""MultiPoint"",""coordinates"":[]}"
2013_12_11,2013-12-11,304.9585279321055,"{""type"":""MultiPoint"",""coordinates"":[]}"
2013_12_12,2013-12-12,307.8567667002057,"{""type"":""MultiPoint"",""coordinates"":[]}"
2013_12_13,2013-12-13,,"{""type"":""MultiPoint"",""coordinates"":[]}"
2013_12_14,2013-12-14,306.7128334572815,"{""type"":""MultiPoint"",""coordinates"":[]}"
2013_12_15,2013-12-15,307.0221702611661,"{""type"":""MultiPoint"",""coordinates"":[]}"
2013_12_16,2013-12-16,305.5668576928125,"{""type"":""MultiPoint"",""coordinates"":[]}"
2013_12_17,2013-12-17,306.64682182072704,"{""type"":""MultiPoint"",""coordinates"":[]}"
2013_12_18,2013-12-18,302.72602038584364,"{""type"":""MultiPoint"",""coordinates"":[]}"
2013_12_19,2013-12-19,306.1777899295683,"{""type"":""MultiPoint"",""coordinates"":[]}"
2013_12_20,2013-12-20,,"{""type"":""MultiPoint"",""coordinates"":[]}"
2013_12_21,2013-12-21,305.96174031630136,"{""type"":""MultiPoint"",""coordinates"":[]}"
2013_12_22,2013-12-22,304.1262444605085,"{""type"":""MultiPoint"",""coordinates"":[]}"
2013_12_23,2013-12-23,300.4429829901522,"{""type"":""MultiPoint"",""coordinates"":[]}"
2013_12_24,2013-12-24,302.27216456019397,"{""type"":""MultiPoint"",""coordinates"":[]}"
2013_12_25,2013-12-25,304.77825014217586,"{""type"":""MultiPoint"",""coordinates"":[]}"
2013_12_26,2013-12-26,305.3167636379545,"{""type"":""MultiPoint"",""coordinates"":[]}"
2013_12_27,2013-12-27,302.127904133735,"{""type"":""MultiPoint"",""coordinates"":[]}"
2013_12_28,2013-12-28,306.84357058489,"{""type"":""MultiPoint"",""coordinates"":[]}"
2013_12_29,2013-12-29,,"{""type"":""MultiPoint"",""coordinates"":[]}"
2013_12_30,2013-12-30,305.1141344765736,"{""type"":""MultiPoint"",""coordinates"":[]}"
2013_12_31,2013-12-31,301.4400905250454,"{""type"":""MultiPoint"",""coordinates"":[]}"
2014_01_01,2014-01-01,301.9913205345158,"{""type"":""MultiPoint"",""coordinates"":[]}"
2014_01_02,2014-01-02,306.19834288464057,"{""type"":""MultiPoint"",""coordinates"":[]}"
2014_01_03,2014-01-03,304.3459670151802,"{""type"":""MultiPoint"",""coordinates"":[]}"
2014_01_04,2014-01-04,305.3107170042434,"{""type"":""MultiPoint"",""coordinates"":[]}"
2014_01_05,2014-01-05,,"{""type"":""MultiPoint"",""coordinates"":[]}"
2014_01_06,2014-01-06,308.6079500415594,"{""type"":""MultiPoint"",""coordinates"":[]}"
2014_01_07,2014-01-07,305.5084338772475,"{""type"":""MultiPoint"",""coordinates"":[]}"
2014_01_08,2014-01-08,306.7947762369309,"{""type"":""MultiPoint"",""coordinates"":[]}"
2014_01_09,2014-01-09,305.8571484503882,"{""type"":""MultiPoint"",""coordinates"":[]}"
2014_01_10,2014-01-10,302.4443689113276,"{""type"":""MultiPoint"",""coordinates"":[]}"
2014_01_11,2014-01-11,303.92968596758976,"{""type"":""MultiPoint"",""coordinates"":[]}"
2014_01_12,2014-01-12,305.79713198302665,"{""type"":""MultiPoint"",""coordinates"":[]}"
2014_01_13,2014-01-13,307.5081578371755,"{""type"":""MultiPoint"",""coordinates"":[]}"
2014_01_14,2014-01-14,,"{""type"":""MultiPoint"",""coordinates"":[]}"
2014_01_15,2014-01-15,308.2716409291746,"{""type"":""MultiPoint"",""coordinates"":[]}"
2014_01_16,2014-01-16,305.48357571644834,"{""type"":""MultiPoint"",""coordinates"":[]}"
2014_01_17,2014-01-17,305.788460125115,"{""type"":""MultiPoint"",""coordinates"":[]}"
2014_01_18,2014-01-18,303.2172293173952,"{""type"":""MultiPoint"",""coordinates"":[]}"
2014_01_19,2014-01-19,305.11098342009717,"{""type"":""MultiPoint"",""coordinates"":[]}"
2014_01_20,2014-01-20,305.94360859527626,"{""type"":""MultiPoint"",""coordinates"":[]}"
2014_01_21,2014-01-21,,"{""type"":""MultiPoint"",""coordinates"":[]}"
2014_01_22,2014-01-22,304.26194539025664,"{""type"":""MultiPoint"",""coordinates"":[]}"
2014_01_23,2014-01-23,,"{""type"":""MultiPoint"",""coordinates"":[]}"
2014_01_24,2014-01-24,307.5036884463236,"{""type"":""MultiPoint"",""coordinates"":[]}"
2014_01_25,2014-01-25,306.2268425574244,"{""type"":""MultiPoint"",""coordinates"":[]}"
2014_01_26,2014-01-26,303.87587307729524,"{""type"":""MultiPoint"",""coordinates"":[]}"
2014_01_27,2014-01-27,,"{""type"":""MultiPoint"",""coordinates"":[]}"
2014_01_28,2014-01-28,302.32889738449353,"{""type"":""MultiPoint"",""coordinates"":[]}"
2014_01_29,2014-01-29,306.24160586234,"{""type"":""MultiPoint"",""coordinates"":[]}"
2014_01_30,2014-01-30,,"{""type"":""MultiPoint"",""coordinates"":[]}"
2014_01_31,2014-01-31,307.40749639091814,"{""type"":""MultiPoint"",""coordinates"":[]}"
2014_02_01,2014-02-01,305.0988476871339,"{""type"":""MultiPoint"",""coordinates"":[]}"
2014_02_02,2014-02-02,307.0613242049085,"{""type"":""MultiPoint"",""coordinates"":[]}"
2014_02_03,2014-02-03,310.6221991338204,"{""type"":""MultiPoint"",""coordinates"":[]}"
2014_02_04,2014-02-04,309.44927424646755,"{""type"":""MultiPoint"",""coordinates"":[]}"
2014_02_05,2014-02-05,312.1577536200185,"{""type"":""MultiPoint"",""coordinates"":[]}"
2014_02_06,2014-02-06,,"{""type"":""MultiPoint"",""coordinates"":[]}"
2014_02_07,2014-02-07,313.05899164442883,"{""type"":""MultiPoint"",""coordinates"":[]}"
2014_02_08,2014-02-08,310.0455352377618,"{""type"":""MultiPoint"",""coordinates"":[]}"
2014_02_09,2014-02-09,312.263239424297,"{""type"":""MultiPoint"",""coordinates"":[]}"
2014_02_10,2014-02-10,310.9798114528197,"{""type"":""MultiPoint"",""coordinates"":[]}"
2014_02_11,2014-02-11,309.28083468218193,"{""type"":""MultiPoint"",""coordinates"":[]}"
2014_02_12,2014-02-12,308.91718618151833,"{""type"":""MultiPoint"",""coordinates"":[]}"
2014_02_13,2014-02-13,305.5739245389158,"{""type"":""MultiPoint"",""coordinates"":[]}"
2014_02_14,2014-02-14,306.88442083282155,"{""type"":""MultiPoint"",""coordinates"":[]}"
2014_02_15,2014-02-15,,"{""type"":""MultiPoint"",""coordinates"":[]}"
2014_02_16,2014-02-16,308.6651988376051,"{""type"":""MultiPoint"",""coordinates"":[]}"
2014_02_17,2014-02-17,308.11485235574617,"{""type"":""MultiPoint"",""coordinates"":[]}"
2014_02_18,2014-02-18,309.355330066932,"{""type"":""MultiPoint"",""coordinates"":[]}"
2014_02_19,2014-02-19,310.1969015942827,"{""type"":""MultiPoint"",""coordinates"":[]}"
2014_02_20,2014-02-20,307.8226418478498,"{""type"":""MultiPoint"",""coordinates"":[]}"
2014_02_21,2014-02-21,307.894903859083,"{""type"":""MultiPoint"",""coordinates"":[]}"
2014_02_22,2014-02-22,,"{""type"":""MultiPoint"",""coordinates"":[]}"
2014_02_23,2014-02-23,311.6528846406231,"{""type"":""MultiPoint"",""coordinates"":[]}"
2014_02_24,2014-02-24,307.68983901308025,"{""type"":""MultiPoint"",""coordinates"":[]}"
2014_02_25,2014-02-25,310.8497348965398,"{""type"":""MultiPoint"",""coordinates"":[]}"
2014_02_26,2014-02-26,313.125942954635,"{""type"":""MultiPoint"",""coordinates"":[]}"
2014_02_27,2014-02-27,310.6103123496216,"{""type"":""MultiPoint"",""coordinates"":[]}"
2014_02_28,2014-02-28,310.20161738690916,"{""type"":""MultiPoint"",""coordinates"":[]}"
2014_03_01,2014-03-01,,"{""type"":""MultiPoint"",""coordinates"":[]}"
2014_03_02,2014-03-02,308.6135592838644,"{""type"":""MultiPoint"",""coordinates"":[]}"
2014_03_03,2014-03-03,,"{""type"":""MultiPoint"",""coordinates"":[]}"
2014_03_04,2014-03-04,303.8085619285121,"{""type"":""MultiPoint"",""coordinates"":[]}"
2014_03_05,2014-03-05,,"{""type"":""MultiPoint"",""coordinates"":[]}"
2014_03_06,2014-03-06,,"{""type"":""MultiPoint"",""coordinates"":[]}"
2014_03_07,2014-03-07,306.40822743751204,"{""type"":""MultiPoint"",""coordinates"":[]}"
2014_03_08,2014-03-08,,"{""type"":""MultiPoint"",""coordinates"":[]}"
2014_03_09,2014-03-09,298.9048343777976,"{""type"":""MultiPoint"",""coordinates"":[]}"
2014_03_10,2014-03-10,,"{""type"":""MultiPoint"",""coordinates"":[]}"
2014_03_11,2014-03-11,313.7220372719716,"{""type"":""MultiPoint"",""coordinates"":[]}"
2014_03_12,2014-03-12,,"{""type"":""MultiPoint"",""coordinates"":[]}"
2014_03_13,2014-03-13,313.919034078481,"{""type"":""MultiPoint"",""coordinates"":[]}"
2014_03_14,2014-03-14,312.76216326173505,"{""type"":""MultiPoint"",""coordinates"":[]}"
2014_03_15,2014-03-15,313.87096898377007,"{""type"":""MultiPoint"",""coordinates"":[]}"
2014_03_16,2014-03-16,316.2011815914957,"{""type"":""MultiPoint"",""coordinates"":[]}"
2014_03_17,2014-03-17,312.97391224462996,"{""type"":""MultiPoint"",""coordinates"":[]}"
2014_03_18,2014-03-18,319.1277947416773,"{""type"":""MultiPoint"",""coordinates"":[]}"
2014_03_19,2014-03-19,,"{""type"":""MultiPoint"",""coordinates"":[]}"
2014_03_20,2014-03-20,316.09464752604447,"{""type"":""MultiPoint"",""coordinates"":[]}"
2014_03_21,2014-03-21,315.3025079837263,"{""type"":""MultiPoint"",""coordinates"":[]}"
2014_03_22,2014-03-22,315.11634454700555,"{""type"":""MultiPoint"",""coordinates"":[]}"
2014_03_23,2014-03-23,313.5854524533089,"{""type"":""MultiPoint"",""coordinates"":[]}"
2014_03_24,2014-03-24,312.6772903451596,"{""type"":""MultiPoint"",""coordinates"":[]}"
2014_03_25,2014-03-25,313.61867622126283,"{""type"":""MultiPoint"",""coordinates"":[]}"
2014_03_26,2014-03-26,,"{""type"":""MultiPoint"",""coordinates"":[]}"
2014_03_27,2014-03-27,319.7854980532833,"{""type"":""MultiPoint"",""coordinates"":[]}"
2014_03_28,2014-03-28,312.28213519177837,"{""type"":""MultiPoint"",""coordinates"":[]}"
2014_03_29,2014-03-29,316.9515852759091,"{""type"":""MultiPoint"",""coordinates"":[]}"
2014_03_30,2014-03-30,313.52359928260336,"{""type"":""MultiPoint"",""coordinates"":[]}"
2014_03_31,2014-03-31,315.238682794523,"{""type"":""MultiPoint"",""coordinates"":[]}"
2014_04_01,2014-04-01,315.5553742508422,"{""type"":""MultiPoint"",""coordinates"":[]}"
2014_04_02,2014-04-02,311.0163003630953,"{""type"":""MultiPoint"",""coordinates"":[]}"
2014_04_03,2014-04-03,318.8315487319359,"{""type"":""MultiPoint"",""coordinates"":[]}"
2014_04_04,2014-04-04,,"{""type"":""MultiPoint"",""coordinates"":[]}"
2014_04_05,2014-04-05,319.1368493809881,"{""type"":""MultiPoint"",""coordinates"":[]}"
2014_04_06,2014-04-06,317.50380637823196,"{""type"":""MultiPoint"",""coordinates"":[]}"
2014_04_07,2014-04-07,316.8135609606719,"{""type"":""MultiPoint"",""coordinates"":[]}"
2014_04_08,2014-04-08,315.36502451925736,"{""type"":""MultiPoint"",""coordinates"":[]}"
2014_04_09,2014-04-09,,"{""type"":""MultiPoint"",""coordinates"":[]}"
2014_04_10,2014-04-10,319.23466247278,"{""type"":""MultiPoint"",""coordinates"":[]}"
2014_04_11,2014-04-11,,"{""type"":""MultiPoint"",""coordinates"":[]}"
2014_04_12,2014-04-12,319.95117065488427,"{""type"":""MultiPoint"",""coordinates"":[]}"
2014_04_13,2014-04-13,,"{""type"":""MultiPoint"",""coordinates"":[]}"
2014_04_14,2014-04-14,313.9213601252608,"{""type"":""MultiPoint"",""coordinates"":[]}"
2014_04_15,2014-04-15,312.30599085775754,"{""type"":""MultiPoint"",""coordinates"":[]}"
2014_04_16,2014-04-16,314.05498836749916,"{""type"":""MultiPoint"",""coordinates"":[]}"
2014_04_17,2014-04-17,316.30500552560943,"{""type"":""MultiPoint"",""coordinates"":[]}"
2014_04_18,2014-04-18,,"{""type"":""MultiPoint"",""coordinates"":[]}"
2014_04_19,2014-04-19,313.90470044614426,"{""type"":""MultiPoint"",""coordinates"":[]}"
2014_04_20,2014-04-20,,"{""type"":""MultiPoint"",""coordinates"":[]}"
2014_04_21,2014-04-21,318.11235952098986,"{""type"":""MultiPoint"",""coordinates"":[]}"
2014_04_22,2014-04-22,314.30785613347325,"{""type"":""MultiPoint"",""coordinates"":[]}"
2014_04_23,2014-04-23,315.7533408076678,"{""type"":""MultiPoint"",""coordinates"":[]}"
2014_04_24,2014-04-24,312.6742547486032,"{""type"":""MultiPoint"",""coordinates"":[]}"
2014_04_25,2014-04-25,311.6582053287449,"{""type"":""MultiPoint"",""coordinates"":[]}"
2014_04_26,2014-04-26,318.6915591594098,"{""type"":""MultiPoint"",""coordinates"":[]}"
2014_04_27,2014-04-27,,"{""type"":""MultiPoint"",""coordinates"":[]}"
2014_04_28,2014-04-28,321.4396806509471,"{""type"":""MultiPoint"",""coordinates"":[]}"
2014_04_29,2014-04-29,311.2331113513515,"{""type"":""MultiPoint"",""coordinates"":[]}"
2014_04_30,2014-04-30,311.31347944328905,"{""type"":""MultiPoint"",""coordinates"":[]}"
2014_05_01,2014-05-01,317.7785751554176,"{""type"":""MultiPoint"",""coordinates"":[]}"
2014_05_02,2014-05-02,316.7995569112932,"{""type"":""MultiPoint"",""coordinates"":[]}"
2014_05_03,2014-05-03,314.05767988712967,"{""type"":""MultiPoint"",""coordinates"":[]}"
2014_05_04,2014-05-04,312.7041772517963,"{""type"":""MultiPoint"",""coordinates"":[]}"
2014_05_05,2014-05-05,320.38556460949314,"{""type"":""MultiPoint"",""coordinates"":[]}"
2014_05_06,2014-05-06,,"{""type"":""MultiPoint"",""coordinates"":[]}"
2014_05_07,2014-05-07,317.41515215710984,"{""type"":""MultiPoint"",""coordinates"":[]}"
2014_05_08,2014-05-08,,"{""type"":""MultiPoint"",""coordinates"":[]}"
2014_05_09,2014-05-09,,"{""type"":""MultiPoint"",""coordinates"":[]}"
2014_05_10,2014-05-10,310.3260860856302,"{""type"":""MultiPoint"",""coordinates"":[]}"
2014_05_11,2014-05-11,311.0825860899704,"{""type"":""MultiPoint"",""coordinates"":[]}"
2014_05_12,2014-05-12,319.8550875951162,"{""type"":""MultiPoint"",""coordinates"":[]}"
2014_05_13,2014-05-13,,"{""type"":""MultiPoint"",""coordinates"":[]}"
2014_05_14,2014-05-14,320.71655365848216,"{""type"":""MultiPoint"",""coordinates"":[]}"
2014_05_15,2014-05-15,315.04163742945866,"{""type"":""MultiPoint"",""coordinates"":[]}"
2014_05_16,2014-05-16,316.3219241032553,"{""type"":""MultiPoint"",""coordinates"":[]}"
2014_05_17,2014-05-17,310.5676042278332,"{""type"":""MultiPoint"",""coordinates"":[]}"
2014_05_18,2014-05-18,311.8656371737747,"{""type"":""MultiPoint"",""coordinates"":[]}"
2014_05_19,2014-05-19,,"{""type"":""MultiPoint"",""coordinates"":[]}"
2014_05_20,2014-05-20,,"{""type"":""MultiPoint"",""coordinates"":[]}"
2014_05_21,2014-05-21,,"{""type"":""MultiPoint"",""coordinates"":[]}"
2014_05_22,2014-05-22,,"{""type"":""MultiPoint"",""coordinates"":[]}"
2014_05_23,2014-05-23,320.97886941028975,"{""type"":""MultiPoint"",""coordinates"":[]}"
2014_05_24,2014-05-24,313.26413841807914,"{""type"":""MultiPoint"",""coordinates"":[]}"
2014_05_25,2014-05-25,314.6746695275175,"{""type"":""MultiPoint"",""coordinates"":[]}"
2014_05_26,2014-05-26,,"{""type"":""MultiPoint"",""coordinates"":[]}"
2014_05_27,2014-05-27,,"{""type"":""MultiPoint"",""coordinates"":[]}"
2014_05_28,2014-05-28,314.6416796353934,"{""type"":""MultiPoint"",""coordinates"":[]}"
2014_05_29,2014-05-29,,"{""type"":""MultiPoint"",""coordinates"":[]}"
2014_05_30,2014-05-30,316.03521634087406,"{""type"":""MultiPoint"",""coordinates"":[]}"
2014_05_31,2014-05-31,310.4176730171075,"{""type"":""MultiPoint"",""coordinates"":[]}"
2014_06_01,2014-06-01,318.25720372719735,"{""type"":""MultiPoint"",""coordinates"":[]}"
2014_06_02,2014-06-02,312.0941226650336,"{""type"":""MultiPoint"",""coordinates"":[]}"
2014_06_03,2014-06-03,,"{""type"":""MultiPoint"",""coordinates"":[]}"
2014_06_04,2014-06-04,312.4573791504439,"{""type"":""MultiPoint"",""coordinates"":[]}"
2014_06_05,2014-06-05,310.7571260145614,"{""type"":""MultiPoint"",""coordinates"":[]}"
2014_06_06,2014-06-06,316.6252815083774,"{""type"":""MultiPoint"",""coordinates"":[]}"
2014_06_07,2014-06-07,,"{""type"":""MultiPoint"",""coordinates"":[]}"
2014_06_08,2014-06-08,309.060288139145,"{""type"":""MultiPoint"",""coordinates"":[]}"
2014_06_09,2014-06-09,,"{""type"":""MultiPoint"",""coordinates"":[]}"
2014_06_10,2014-06-10,311.0742262178184,"{""type"":""MultiPoint"",""coordinates"":[]}"
2014_06_11,2014-06-11,311.85252994507306,"{""type"":""MultiPoint"",""coordinates"":[]}"
2014_06_12,2014-06-12,309.81666666666666,"{""type"":""MultiPoint"",""coordinates"":[]}"
2014_06_13,2014-06-13,315.63856650937373,"{""type"":""MultiPoint"",""coordinates"":[]}"
2014_06_14,2014-06-14,,"{""type"":""MultiPoint"",""coordinates"":[]}"
2014_06_15,2014-06-15,310.9068212516883,"{""type"":""MultiPoint"",""coordinates"":[]}"
2014_06_16,2014-06-16,,"{""type"":""MultiPoint"",""coordinates"":[]}"
2014_06_17,2014-06-17,311.4535062185762,"{""type"":""MultiPoint"",""coordinates"":[]}"
2014_06_18,2014-06-18,,"{""type"":""MultiPoint"",""coordinates"":[]}"
2014_06_19,2014-06-19,,"{""type"":""MultiPoint"",""coordinates"":[]}"
2014_06_20,2014-06-20,,"{""type"":""MultiPoint"",""coordinates"":[]}"
2014_06_21,2014-06-21,,"{""type"":""MultiPoint"",""coordinates"":[]}"
2014_06_22,2014-06-22,,"{""type"":""MultiPoint"",""coordinates"":[]}"
2014_06_23,2014-06-23,,"{""type"":""MultiPoint"",""coordinates"":[]}"
2014_06_24,2014-06-24,315.31011242836524,"{""type"":""MultiPoint"",""coordinates"":[]}"
2014_06_25,2014-06-25,,"{""type"":""MultiPoint"",""coordinates"":[]}"
2014_06_26,2014-06-26,,"{""type"":""MultiPoint"",""coordinates"":[]}"
2014_06_27,2014-06-27,,"{""type"":""MultiPoint"",""coordinates"":[]}"
2014_06_28,2014-06-28,,"{""type"":""MultiPoint"",""coordinates"":[]}"
2014_06_29,2014-06-29,,"{""type"":""MultiPoint"",""coordinates"":[]}"
2014_06_30,2014-06-30,,"{""type"":""MultiPoint"",""coordinates"":[]}"
2014_07_01,2014-07-01,315.87359052658576,"{""type"":""MultiPoint"",""coordinates"":[]}"
2014_07_02,2014-07-02,,"{""type"":""MultiPoint"",""coordinates"":[]}"
2014_07_03,2014-07-03,,"{""type"":""MultiPoint"",""coordinates"":[]}"
2014_07_04,2014-07-04,,"{""type"":""MultiPoint"",""coordinates"":[]}"
2014_07_05,2014-07-05,,"{""type"":""MultiPoint"",""coordinates"":[]}"
2014_07_06,2014-07-06,,"{""type"":""MultiPoint"",""coordinates"":[]}"
2014_07_07,2014-07-07,,"{""type"":""MultiPoint"",""coordinates"":[]}"
2014_07_08,2014-07-08,310.2939106356933,"{""type"":""MultiPoint"",""coordinates"":[]}"
2014_07_09,2014-07-09,,"{""type"":""MultiPoint"",""coordinates"":[]}"
2014_07_10,2014-07-10,,"{""type"":""MultiPoint"",""coordinates"":[]}"
2014_07_11,2014-07-11,,"{""type"":""MultiPoint"",""coordinates"":[]}"
2014_07_12,2014-07-12,,"{""type"":""MultiPoint"",""coordinates"":[]}"
2014_07_13,2014-07-13,,"{""type"":""MultiPoint"",""coordinates"":[]}"
2014_07_14,2014-07-14,,"{""type"":""MultiPoint"",""coordinates"":[]}"
2014_07_15,2014-07-15,,"{""type"":""MultiPoint"",""coordinates"":[]}"
2014_07_16,2014-07-16,,"{""type"":""MultiPoint"",""coordinates"":[]}"
2014_07_17,2014-07-17,,"{""type"":""MultiPoint"",""coordinates"":[]}"
2014_07_18,2014-07-18,,"{""type"":""MultiPoint"",""coordinates"":[]}"
2014_07_19,2014-07-19,,"{""type"":""MultiPoint"",""coordinates"":[]}"
2014_07_20,2014-07-20,,"{""type"":""MultiPoint"",""coordinates"":[]}"
2014_07_21,2014-07-21,,"{""type"":""MultiPoint"",""coordinates"":[]}"
2014_07_22,2014-07-22,,"{""type"":""MultiPoint"",""coordinates"":[]}"
2014_07_23,2014-07-23,,"{""type"":""MultiPoint"",""coordinates"":[]}"
2014_07_24,2014-07-24,309.3678799924285,"{""type"":""MultiPoint"",""coordinates"":[]}"
2014_07_25,2014-07-25,,"{""type"":""MultiPoint"",""coordinates"":[]}"
2014_07_26,2014-07-26,,"{""type"":""MultiPoint"",""coordinates"":[]}"
2014_07_27,2014-07-27,,"{""type"":""MultiPoint"",""coordinates"":[]}"
2014_07_28,2014-07-28,,"{""type"":""MultiPoint"",""coordinates"":[]}"
2014_07_29,2014-07-29,,"{""type"":""MultiPoint"",""coordinates"":[]}"
2014_07_30,2014-07-30,,"{""type"":""MultiPoint"",""coordinates"":[]}"
2014_07_31,2014-07-31,,"{""type"":""MultiPoint"",""coordinates"":[]}"
2014_08_01,2014-08-01,,"{""type"":""MultiPoint"",""coordinates"":[]}"
2014_08_02,2014-08-02,,"{""type"":""MultiPoint"",""coordinates"":[]}"
2014_08_03,2014-08-03,,"{""type"":""MultiPoint"",""coordinates"":[]}"
2014_08_04,2014-08-04,,"{""type"":""MultiPoint"",""coordinates"":[]}"
2014_08_05,2014-08-05,,"{""type"":""MultiPoint"",""coordinates"":[]}"
2014_08_06,2014-08-06,,"{""type"":""MultiPoint"",""coordinates"":[]}"
2014_08_07,2014-08-07,310.21093167701866,"{""type"":""MultiPoint"",""coordinates"":[]}"
2014_08_08,2014-08-08,,"{""type"":""MultiPoint"",""coordinates"":[]}"
2014_08_09,2014-08-09,309.3659142231211,"{""type"":""MultiPoint"",""coordinates"":[]}"
2014_08_10,2014-08-10,,"{""type"":""MultiPoint"",""coordinates"":[]}"
2014_08_11,2014-08-11,,"{""type"":""MultiPoint"",""coordinates"":[]}"
2014_08_12,2014-08-12,,"{""type"":""MultiPoint"",""coordinates"":[]}"
2014_08_13,2014-08-13,,"{""type"":""MultiPoint"",""coordinates"":[]}"
2014_08_14,2014-08-14,,"{""type"":""MultiPoint"",""coordinates"":[]}"
2014_08_15,2014-08-15,,"{""type"":""MultiPoint"",""coordinates"":[]}"
2014_08_16,2014-08-16,,"{""type"":""MultiPoint"",""coordinates"":[]}"
2014_08_17,2014-08-17,,"{""type"":""MultiPoint"",""coordinates"":[]}"
2014_08_18,2014-08-18,,"{""type"":""MultiPoint"",""coordinates"":[]}"
2014_08_19,2014-08-19,,"{""type"":""MultiPoint"",""coordinates"":[]}"
2014_08_20,2014-08-20,310.3655169366717,"{""type"":""MultiPoint"",""coordinates"":[]}"
2014_08_21,2014-08-21,,"{""type"":""MultiPoint"",""coordinates"":[]}"
2014_08_22,2014-08-22,,"{""type"":""MultiPoint"",""coordinates"":[]}"
2014_08_23,2014-08-23,311.65474433081386,"{""type"":""MultiPoint"",""coordinates"":[]}"
2014_08_24,2014-08-24,,"{""type"":""MultiPoint"",""coordinates"":[]}"
2014_08_25,2014-08-25,311.8518446230386,"{""type"":""MultiPoint"",""coordinates"":[]}"
2014_08_26,2014-08-26,,"{""type"":""MultiPoint"",""coordinates"":[]}"
2014_08_27,2014-08-27,,"{""type"":""MultiPoint"",""coordinates"":[]}"
2014_08_28,2014-08-28,,"{""type"":""MultiPoint"",""coordinates"":[]}"
2014_08_29,2014-08-29,,"{""type"":""MultiPoint"",""coordinates"":[]}"
2014_08_30,2014-08-30,,"{""type"":""MultiPoint"",""coordinates"":[]}"
2014_08_31,2014-08-31,,"{""type"":""MultiPoint"",""coordinates"":[]}"
2014_09_01,2014-09-01,,"{""type"":""MultiPoint"",""coordinates"":[]}"
2014_09_02,2014-09-02,,"{""type"":""MultiPoint"",""coordinates"":[]}"
2014_09_03,2014-09-03,,"{""type"":""MultiPoint"",""coordinates"":[]}"
2014_09_04,2014-09-04,,"{""type"":""MultiPoint"",""coordinates"":[]}"
2014_09_05,2014-09-05,,"{""type"":""MultiPoint"",""coordinates"":[]}"
2014_09_06,2014-09-06,,"{""type"":""MultiPoint"",""coordinates"":[]}"
2014_09_07,2014-09-07,,"{""type"":""MultiPoint"",""coordinates"":[]}"
2014_09_08,2014-09-08,304.40000000000003,"{""type"":""MultiPoint"",""coordinates"":[]}"
2014_09_09,2014-09-09,,"{""type"":""MultiPoint"",""coordinates"":[]}"
2014_09_10,2014-09-10,,"{""type"":""MultiPoint"",""coordinates"":[]}"
2014_09_11,2014-09-11,,"{""type"":""MultiPoint"",""coordinates"":[]}"
2014_09_12,2014-09-12,,"{""type"":""MultiPoint"",""coordinates"":[]}"
2014_09_13,2014-09-13,,"{""type"":""MultiPoint"",""coordinates"":[]}"
2014_09_14,2014-09-14,306.54,"{""type"":""MultiPoint"",""coordinates"":[]}"
2014_09_15,2014-09-15,,"{""type"":""MultiPoint"",""coordinates"":[]}"
2014_09_16,2014-09-16,,"{""type"":""MultiPoint"",""coordinates"":[]}"
2014_09_17,2014-09-17,,"{""type"":""MultiPoint"",""coordinates"":[]}"
2014_09_18,2014-09-18,,"{""type"":""MultiPoint"",""coordinates"":[]}"
2014_09_19,2014-09-19,,"{""type"":""MultiPoint"",""coordinates"":[]}"
2014_09_20,2014-09-20,,"{""type"":""MultiPoint"",""coordinates"":[]}"
2014_09_21,2014-09-21,,"{""type"":""MultiPoint"",""coordinates"":[]}"
2014_09_22,2014-09-22,,"{""type"":""MultiPoint"",""coordinates"":[]}"
2014_09_23,2014-09-23,,"{""type"":""MultiPoint"",""coordinates"":[]}"
2014_09_24,2014-09-24,307.78041081407645,"{""type"":""MultiPoint"",""coordinates"":[]}"
2014_09_25,2014-09-25,305.0518912890085,"{""type"":""MultiPoint"",""coordinates"":[]}"
2014_09_26,2014-09-26,309.7526697786477,"{""type"":""MultiPoint"",""coordinates"":[]}"
2014_09_27,2014-09-27,,"{""type"":""MultiPoint"",""coordinates"":[]}"
2014_09_28,2014-09-28,309.15751554192803,"{""type"":""MultiPoint"",""coordinates"":[]}"
2014_09_29,2014-09-29,,"{""type"":""MultiPoint"",""coordinates"":[]}"
2014_09_30,2014-09-30,,"{""type"":""MultiPoint"",""coordinates"":[]}"
2014_10_01,2014-10-01,311.21636418029493,"{""type"":""MultiPoint"",""coordinates"":[]}"
2014_10_02,2014-10-02,306.48447438252714,"{""type"":""MultiPoint"",""coordinates"":[]}"
2014_10_03,2014-10-03,313.1537623410123,"{""type"":""MultiPoint"",""coordinates"":[]}"
2014_10_04,2014-10-04,,"{""type"":""MultiPoint"",""coordinates"":[]}"
2014_10_05,2014-10-05,312.8136835933975,"{""type"":""MultiPoint"",""coordinates"":[]}"
2014_10_06,2014-10-06,,"{""type"":""MultiPoint"",""coordinates"":[]}"
2014_10_07,2014-10-07,308.35354949538333,"{""type"":""MultiPoint"",""coordinates"":[]}"
2014_10_08,2014-10-08,,"{""type"":""MultiPoint"",""coordinates"":[]}"
2014_10_09,2014-10-09,,"{""type"":""MultiPoint"",""coordinates"":[]}"
2014_10_10,2014-10-10,309.9872163941022,"{""type"":""MultiPoint"",""coordinates"":[]}"
2014_10_11,2014-10-11,302.83143295019164,"{""type"":""MultiPoint"",""coordinates"":[]}"
2014_10_12,2014-10-12,,"{""type"":""MultiPoint"",""coordinates"":[]}"
2014_10_13,2014-10-13,,"{""type"":""MultiPoint"",""coordinates"":[]}"
2014_10_14,2014-10-14,310.12172499606226,"{""type"":""MultiPoint"",""coordinates"":[]}"
2014_10_15,2014-10-15,309.5607826847397,"{""type"":""MultiPoint"",""coordinates"":[]}"
2014_10_16,2014-10-16,,"{""type"":""MultiPoint"",""coordinates"":[]}"
2014_10_17,2014-10-17,309.19387922779913,"{""type"":""MultiPoint"",""coordinates"":[]}"
2014_10_18,2014-10-18,303.5811441647598,"{""type"":""MultiPoint"",""coordinates"":[]}"
2014_10_19,2014-10-19,311.08703962384743,"{""type"":""MultiPoint"",""coordinates"":[]}"
2014_10_20,2014-10-20,,"{""type"":""MultiPoint"",""coordinates"":[]}"
2014_10_21,2014-10-21,310.4515045235148,"{""type"":""MultiPoint"",""coordinates"":[]}"
2014_10_22,2014-10-22,,"{""type"":""MultiPoint"",""coordinates"":[]}"
2014_10_23,2014-10-23,307.87795018338113,"{""type"":""MultiPoint"",""coordinates"":[]}"
2014_10_24,2014-10-24,309.3313277044256,"{""type"":""MultiPoint"",""coordinates"":[]}"
2014_10_25,2014-10-25,,"{""type"":""MultiPoint"",""coordinates"":[]}"
2014_10_26,2014-10-26,,"{""type"":""MultiPoint"",""coordinates"":[]}"
2014_10_27,2014-10-27,,"{""type"":""MultiPoint"",""coordinates"":[]}"
2014_10_28,2014-10-28,308.3422581915219,"{""type"":""MultiPoint"",""coordinates"":[]}"
2014_10_29,2014-10-29,,"{""type"":""MultiPoint"",""coordinates"":[]}"
2014_10_30,2014-10-30,301.2995988180474,"{""type"":""MultiPoint"",""coordinates"":[]}"
2014_10_31,2014-10-31,309.54367513889497,"{""type"":""MultiPoint"",""coordinates"":[]}"
2014_11_01,2014-11-01,302.7148571428571,"{""type"":""MultiPoint"",""coordinates"":[]}"
2014_11_02,2014-11-02,310.7551244586378,"{""type"":""MultiPoint"",""coordinates"":[]}"
2014_11_03,2014-11-03,306.9347749188795,"{""type"":""MultiPoint"",""coordinates"":[]}"
2014_11_04,2014-11-04,309.55625153216835,"{""type"":""MultiPoint"",""coordinates"":[]}"
2014_11_05,2014-11-05,,"{""type"":""MultiPoint"",""coordinates"":[]}"
2014_11_06,2014-11-06,310.0024041528274,"{""type"":""MultiPoint"",""coordinates"":[]}"
2014_11_07,2014-11-07,304.088220288187,"{""type"":""MultiPoint"",""coordinates"":[]}"
2014_11_08,2014-11-08,298.33126436781606,"{""type"":""MultiPoint"",""coordinates"":[]}"
2014_11_09,2014-11-09,,"{""type"":""MultiPoint"",""coordinates"":[]}"
2014_11_10,2014-11-10,,"{""type"":""MultiPoint"",""coordinates"":[]}"
2014_11_11,2014-11-11,307.07105375469956,"{""type"":""MultiPoint"",""coordinates"":[]}"
2014_11_12,2014-11-12,,"{""type"":""MultiPoint"",""coordinates"":[]}"
2014_11_13,2014-11-13,,"{""type"":""MultiPoint"",""coordinates"":[]}"
2014_11_14,2014-11-14,,"{""type"":""MultiPoint"",""coordinates"":[]}"
2014_11_15,2014-11-15,306.12534258896244,"{""type"":""MultiPoint"",""coordinates"":[]}"
2014_11_16,2014-11-16,,"{""type"":""MultiPoint"",""coordinates"":[]}"
2014_11_17,2014-11-17,307.22707335263675,"{""type"":""MultiPoint"",""coordinates"":[]}"
2014_11_18,2014-11-18,304.80960563380285,"{""type"":""MultiPoint"",""coordinates"":[]}"
2014_11_19,2014-11-19,306.2485371188593,"{""type"":""MultiPoint"",""coordinates"":[]}"
2014_11_20,2014-11-20,301.75854286598565,"{""type"":""MultiPoint"",""coordinates"":[]}"
2014_11_21,2014-11-21,,"{""type"":""MultiPoint"",""coordinates"":[]}"
2014_11_22,2014-11-22,308.0375510739755,"{""type"":""MultiPoint"",""coordinates"":[]}"
2014_11_23,2014-11-23,305.78440761529106,"{""type"":""MultiPoint"",""coordinates"":[]}"
2014_11_24,2014-11-24,306.3308153883378,"{""type"":""MultiPoint"",""coordinates"":[]}"
2014_11_25,2014-11-25,303.49135857582263,"{""type"":""MultiPoint"",""coordinates"":[]}"
2014_11_26,2014-11-26,299.5109028680355,"{""type"":""MultiPoint"",""coordinates"":[]}"
2014_11_27,2014-11-27,307.2983482960586,"{""type"":""MultiPoint"",""coordinates"":[]}"
2014_11_28,2014-11-28,298.78956650428563,"{""type"":""MultiPoint"",""coordinates"":[]}"
2014_11_29,2014-11-29,309.22409685463066,"{""type"":""MultiPoint"",""coordinates"":[]}"
2014_11_30,2014-11-30,,"{""type"":""MultiPoint"",""coordinates"":[]}"
2014_12_01,2014-12-01,307.705285883022,"{""type"":""MultiPoint"",""coordinates"":[]}"
2014_12_02,2014-12-02,307.7433632267379,"{""type"":""MultiPoint"",""coordinates"":[]}"
2014_12_03,2014-12-03,307.58925499803155,"{""type"":""MultiPoint"",""coordinates"":[]}"
2014_12_04,2014-12-04,308.80386718579126,"{""type"":""MultiPoint"",""coordinates"":[]}"
2014_12_05,2014-12-05,303.2787620702549,"{""type"":""MultiPoint"",""coordinates"":[]}"
2014_12_06,2014-12-06,308.466583840063,"{""type"":""MultiPoint"",""coordinates"":[]}"
2014_12_07,2014-12-07,,"{""type"":""MultiPoint"",""coordinates"":[]}"
2014_12_08,2014-12-08,308.7495139769895,"{""type"":""MultiPoint"",""coordinates"":[]}"
2014_12_09,2014-12-09,305.80493967260134,"{""type"":""MultiPoint"",""coordinates"":[]}"
2014_12_10,2014-12-10,,"{""type"":""MultiPoint"",""coordinates"":[]}"
2014_12_11,2014-12-11,,"{""type"":""MultiPoint"",""coordinates"":[]}"
2014_12_12,2014-12-12,,"{""type"":""MultiPoint"",""coordinates"":[]}"
2014_12_13,2014-12-13,,"{""type"":""MultiPoint"",""coordinates"":[]}"
2014_12_14,2014-12-14,303.4284922739727,"{""type"":""MultiPoint"",""coordinates"":[]}"
2014_12_15,2014-12-15,307.547253017336,"{""type"":""MultiPoint"",""coordinates"":[]}"
2014_12_16,2014-12-16,,"{""type"":""MultiPoint"",""coordinates"":[]}"
2014_12_17,2014-12-17,303.1474284563582,"{""type"":""MultiPoint"",""coordinates"":[]}"
2014_12_18,2014-12-18,303.6660334641229,"{""type"":""MultiPoint"",""coordinates"":[]}"
2014_12_19,2014-12-19,303.5988057220351,"{""type"":""MultiPoint"",""coordinates"":[]}"
2014_12_20,2014-12-20,,"{""type"":""MultiPoint"",""coordinates"":[]}"
2014_12_21,2014-12-21,303.5943873310293,"{""type"":""MultiPoint"",""coordinates"":[]}"
2014_12_22,2014-12-22,306.62780874053993,"{""type"":""MultiPoint"",""coordinates"":[]}"
2014_12_23,2014-12-23,,"{""type"":""MultiPoint"",""coordinates"":[]}"
2014_12_24,2014-12-24,305.32285139332413,"{""type"":""MultiPoint"",""coordinates"":[]}"
2014_12_25,2014-12-25,304.74466687081696,"{""type"":""MultiPoint"",""coordinates"":[]}"
2014_12_26,2014-12-26,302.51655405906354,"{""type"":""MultiPoint"",""coordinates"":[]}"
2014_12_27,2014-12-27,305.6952731965527,"{""type"":""MultiPoint"",""coordinates"":[]}"
2014_12_28,2014-12-28,304.01456406666955,"{""type"":""MultiPoint"",""coordinates"":[]}"
2014_12_29,2014-12-29,306.47571536610525,"{""type"":""MultiPoint"",""coordinates"":[]}"
2014_12_30,2014-12-30,301.56760520199794,"{""type"":""MultiPoint"",""coordinates"":[]}"
2014_12_31,2014-12-31,307.25041162760004,"{""type"":""MultiPoint"",""coordinates"":[]}"
2015_01_01,2015-01-01,,"{""type"":""MultiPoint"",""coordinates"":[]}"
2015_01_02,2015-01-02,300.83203325662527,"{""type"":""MultiPoint"",""coordinates"":[]}"
2015_01_03,2015-01-03,,"{""type"":""MultiPoint"",""coordinates"":[]}"
2015_01_04,2015-01-04,305.33799306986305,"{""type"":""MultiPoint"",""coordinates"":[]}"
2015_01_05,2015-01-05,306.42859801488845,"{""type"":""MultiPoint"",""coordinates"":[]}"
2015_01_06,2015-01-06,305.0652902576668,"{""type"":""MultiPoint"",""coordinates"":[]}"
2015_01_07,2015-01-07,308.69682313312063,"{""type"":""MultiPoint"",""coordinates"":[]}"
2015_01_08,2015-01-08,,"{""type"":""MultiPoint"",""coordinates"":[]}"
2015_01_09,2015-01-09,308.1167811365327,"{""type"":""MultiPoint"",""coordinates"":[]}"
2015_01_10,2015-01-10,306.729242311562,"{""type"":""MultiPoint"",""coordinates"":[]}"
2015_01_11,2015-01-11,307.09058314011986,"{""type"":""MultiPoint"",""coordinates"":[]}"
2015_01_12,2015-01-12,307.2902344809485,"{""type"":""MultiPoint"",""coordinates"":[]}"
2015_01_13,2015-01-13,305.7366271490443,"{""type"":""MultiPoint"",""coordinates"":[]}"
2015_01_14,2015-01-14,308.58405923268737,"{""type"":""MultiPoint"",""coordinates"":[]}"
2015_01_15,2015-01-15,,"{""type"":""MultiPoint"",""coordinates"":[]}"
2015_01_16,2015-01-16,308.925917144232,"{""type"":""MultiPoint"",""coordinates"":[]}"
2015_01_17,2015-01-17,,"{""type"":""MultiPoint"",""coordinates"":[]}"
2015_01_18,2015-01-18,307.9046856817882,"{""type"":""MultiPoint"",""coordinates"":[]}"
2015_01_19,2015-01-19,306.07767137670066,"{""type"":""MultiPoint"",""coordinates"":[]}"
2015_01_20,2015-01-20,304.41564638876605,"{""type"":""MultiPoint"",""coordinates"":[]}"
2015_01_21,2015-01-21,303.69003554616194,"{""type"":""MultiPoint"",""coordinates"":[]}"
2015_01_22,2015-01-22,305.2951100223106,"{""type"":""MultiPoint"",""coordinates"":[]}"
2015_01_23,2015-01-23,309.68113478279923,"{""type"":""MultiPoint"",""coordinates"":[]}"
2015_01_24,2015-01-24,,"{""type"":""MultiPoint"",""coordinates"":[]}"
2015_01_25,2015-01-25,309.4903171617305,"{""type"":""MultiPoint"",""coordinates"":[]}"
2015_01_26,2015-01-26,303.9033399629655,"{""type"":""MultiPoint"",""coordinates"":[]}"
2015_01_27,2015-01-27,308.91556586027383,"{""type"":""MultiPoint"",""coordinates"":[]}"
2015_01_28,2015-01-28,308.7678249267246,"{""type"":""MultiPoint"",""coordinates"":[]}"
2015_01_29,2015-01-29,307.3308648672295,"{""type"":""MultiPoint"",""coordinates"":[]}"
2015_01_30,2015-01-30,309.16714685681785,"{""type"":""MultiPoint"",""coordinates"":[]}"
2015_01_31,2015-01-31,303.40852858726123,"{""type"":""MultiPoint"",""coordinates"":[]}"
2015_02_01,2015-02-01,311.19368651297094,"{""type"":""MultiPoint"",""coordinates"":[]}"
2015_02_02,2015-02-02,,"{""type"":""MultiPoint"",""coordinates"":[]}"
2015_02_03,2015-02-03,309.2303998425127,"{""type"":""MultiPoint"",""coordinates"":[]}"
2015_02_04,2015-02-04,306.868513022818,"{""type"":""MultiPoint"",""coordinates"":[]}"
2015_02_05,2015-02-05,307.46975808215586,"{""type"":""MultiPoint"",""coordinates"":[]}"
2015_02_06,2015-02-06,312.10738658734005,"{""type"":""MultiPoint"",""coordinates"":[]}"
2015_02_07,2015-02-07,,"{""type"":""MultiPoint"",""coordinates"":[]}"
2015_02_08,2015-02-08,310.9651778293012,"{""type"":""MultiPoint"",""coordinates"":[]}"
2015_02_09,2015-02-09,,"{""type"":""MultiPoint"",""coordinates"":[]}"
2015_02_10,2015-02-10,311.91707948729163,"{""type"":""MultiPoint"",""coordinates"":[]}"
2015_02_11,2015-02-11,307.4174771424821,"{""type"":""MultiPoint"",""coordinates"":[]}"
2015_02_12,2015-02-12,312.7461175029531,"{""type"":""MultiPoint"",""coordinates"":[]}"
2015_02_13,2015-02-13,312.27793429283884,"{""type"":""MultiPoint"",""coordinates"":[]}"
2015_02_14,2015-02-14,308.20805234356413,"{""type"":""MultiPoint"",""coordinates"":[]}"
2015_02_15,2015-02-15,313.9929248873528,"{""type"":""MultiPoint"",""coordinates"":[]}"
2015_02_16,2015-02-16,309.7517787304781,"{""type"":""MultiPoint"",""coordinates"":[]}"
2015_02_17,2015-02-17,316.9899133820379,"{""type"":""MultiPoint"",""coordinates"":[]}"
2015_02_18,2015-02-18,,"{""type"":""MultiPoint"",""coordinates"":[]}"
2015_02_19,2015-02-19,313.5763011679829,"{""type"":""MultiPoint"",""coordinates"":[]}"
2015_02_20,2015-02-20,310.2602910411836,"{""type"":""MultiPoint"",""coordinates"":[]}"
2015_02_21,2015-02-21,311.85654709304885,"{""type"":""MultiPoint"",""coordinates"":[]}"
2015_02_22,2015-02-22,314.1976941248523,"{""type"":""MultiPoint"",""coordinates"":[]}"
2015_02_23,2015-02-23,311.3192046896189,"{""type"":""MultiPoint"",""coordinates"":[]}"
2015_02_24,2015-02-24,316.6003259110195,"{""type"":""MultiPoint"",""coordinates"":[]}"
2015_02_25,2015-02-25,,"{""type"":""MultiPoint"",""coordinates"":[]}"
2015_02_26,2015-02-26,317.63919769018753,"{""type"":""MultiPoint"",""coordinates"":[]}"
2015_02_27,2015-02-27,311.8519764644124,"{""type"":""MultiPoint"",""coordinates"":[]}"
2015_02_28,2015-02-28,313.5587429715048,"{""type"":""MultiPoint"",""coordinates"":[]}"
2015_03_01,2015-03-01,,"{""type"":""MultiPoint"",""coordinates"":[]}"
2015_03_02,2015-03-02,305.9748376489931,"{""type"":""MultiPoint"",""coordinates"":[]}"
2015_03_03,2015-03-03,311.5199950742226,"{""type"":""MultiPoint"",""coordinates"":[]}"
2015_03_04,2015-03-04,307.8114743857642,"{""type"":""MultiPoint"",""coordinates"":[]}"
2015_03_05,2015-03-05,311.5247763145151,"{""type"":""MultiPoint"",""coordinates"":[]}"
2015_03_06,2015-03-06,,"{""type"":""MultiPoint"",""coordinates"":[]}"
2015_03_07,2015-03-07,310.4789235180307,"{""type"":""MultiPoint"",""coordinates"":[]}"
2015_03_08,2015-03-08,,"{""type"":""MultiPoint"",""coordinates"":[]}"
2015_03_09,2015-03-09,,"{""type"":""MultiPoint"",""coordinates"":[]}"
2015_03_10,2015-03-10,,"{""type"":""MultiPoint"",""coordinates"":[]}"
2015_03_11,2015-03-11,309.87528763287986,"{""type"":""MultiPoint"",""coordinates"":[]}"
2015_03_12,2015-03-12,315.33215451244587,"{""type"":""MultiPoint"",""coordinates"":[]}"
2015_03_13,2015-03-13,,"{""type"":""MultiPoint"",""coordinates"":[]}"
2015_03_14,2015-03-14,317.9446209370487,"{""type"":""MultiPoint"",""coordinates"":[]}"
2015_03_15,2015-03-15,312.75696274043855,"{""type"":""MultiPoint"",""coordinates"":[]}"
2015_03_16,2015-03-16,316.3313084561881,"{""type"":""MultiPoint"",""coordinates"":[]}"
2015_03_17,2015-03-17,314.7393582396431,"{""type"":""MultiPoint"",""coordinates"":[]}"
2015_03_18,2015-03-18,312.60490453848666,"{""type"":""MultiPoint"",""coordinates"":[]}"
2015_03_19,2015-03-19,311.55397025870855,"{""type"":""MultiPoint"",""coordinates"":[]}"
2015_03_20,2015-03-20,311.24384503447106,"{""type"":""MultiPoint"",""coordinates"":[]}"
2015_03_21,2015-03-21,319.5178787348529,"{""type"":""MultiPoint"",""coordinates"":[]}"
2015_03_22,2015-03-22,,"{""type"":""MultiPoint"",""coordinates"":[]}"
2015_03_23,2015-03-23,314.7054465270122,"{""type"":""MultiPoint"",""coordinates"":[]}"
2015_03_24,2015-03-24,313.53962965875115,"{""type"":""MultiPoint"",""coordinates"":[]}"
2015_03_25,2015-03-25,316.2365886521722,"{""type"":""MultiPoint"",""coordinates"":[]}"
2015_03_26,2015-03-26,314.5629712585852,"{""type"":""MultiPoint"",""coordinates"":[]}"
2015_03_27,2015-03-27,310.34130931704874,"{""type"":""MultiPoint"",""coordinates"":[]}"
2015_03_28,2015-03-28,320.71799860011373,"{""type"":""MultiPoint"",""coordinates"":[]}"
2015_03_29,2015-03-29,,"{""type"":""MultiPoint"",""coordinates"":[]}"
2015_03_30,2015-03-30,308.199554347826,"{""type"":""MultiPoint"",""coordinates"":[]}"
2015_03_31,2015-03-31,,"{""type"":""MultiPoint"",""coordinates"":[]}"
2015_04_01,2015-04-01,312.96118124904547,"{""type"":""MultiPoint"",""coordinates"":[]}"
2015_04_02,2015-04-02,313.9780667927488,"{""type"":""MultiPoint"",""coordinates"":[]}"
2015_04_03,2015-04-03,316.081919594033,"{""type"":""MultiPoint"",""coordinates"":[]}"
2015_04_04,2015-04-04,320.98629511352215,"{""type"":""MultiPoint"",""coordinates"":[]}"
2015_04_05,2015-04-05,315.05428977645573,"{""type"":""MultiPoint"",""coordinates"":[]}"
2015_04_06,2015-04-06,315.7472174196704,"{""type"":""MultiPoint"",""coordinates"":[]}"
2015_04_07,2015-04-07,,"{""type"":""MultiPoint"",""coordinates"":[]}"
2015_04_08,2015-04-08,317.2309086509908,"{""type"":""MultiPoint"",""coordinates"":[]}"
2015_04_09,2015-04-09,,"{""type"":""MultiPoint"",""coordinates"":[]}"
2015_04_10,2015-04-10,312.9763766725575,"{""type"":""MultiPoint"",""coordinates"":[]}"
2015_04_11,2015-04-11,309.1894349634774,"{""type"":""MultiPoint"",""coordinates"":[]}"
2015_04_12,2015-04-12,,"{""type"":""MultiPoint"",""coordinates"":[]}"
2015_04_13,2015-04-13,308.06214554151023,"{""type"":""MultiPoint"",""coordinates"":[]}"
2015_04_14,2015-04-14,,"{""type"":""MultiPoint"",""coordinates"":[]}"
2015_04_15,2015-04-15,310.84649693208263,"{""type"":""MultiPoint"",""coordinates"":[]}"
2015_04_16,2015-04-16,,"{""type"":""MultiPoint"",""coordinates"":[]}"
2015_04_17,2015-04-17,307.7203536818278,"{""type"":""MultiPoint"",""coordinates"":[]}"
2015_04_18,2015-04-18,314.6163900433089,"{""type"":""MultiPoint"",""coordinates"":[]}"
2015_04_19,2015-04-19,312.76162168073836,"{""type"":""MultiPoint"",""coordinates"":[]}"
2015_04_20,2015-04-20,319.5555273634018,"{""type"":""MultiPoint"",""coordinates"":[]}"
2015_04_21,2015-04-21,313.75328360820686,"{""type"":""MultiPoint"",""coordinates"":[]}"
2015_04_22,2015-04-22,316.32807965642405,"{""type"":""MultiPoint"",""coordinates"":[]}"
2015_04_23,2015-04-23,,"{""type"":""MultiPoint"",""coordinates"":[]}"
2015_04_24,2015-04-24,315.3104001055803,"{""type"":""MultiPoint"",""coordinates"":[]}"
2015_04_25,2015-04-25,312.3771439777742,"{""type"":""MultiPoint"",""coordinates"":[]}"
2015_04_26,2015-04-26,311.53585522657016,"{""type"":""MultiPoint"",""coordinates"":[]}"
2015_04_27,2015-04-27,313.39767503244383,"{""type"":""MultiPoint"",""coordinates"":[]}"
2015_04_28,2015-04-28,311.0122441926594,"{""type"":""MultiPoint"",""coordinates"":[]}"
2015_04_29,2015-04-29,321.4816457412836,"{""type"":""MultiPoint"",""coordinates"":[]}"
2015_04_30,2015-04-30,,"{""type"":""MultiPoint"",""coordinates"":[]}"
2015_05_01,2015-05-01,319.59029804456355,"{""type"":""MultiPoint"",""coordinates"":[]}"
2015_05_02,2015-05-02,310.4444514071187,"{""type"":""MultiPoint"",""coordinates"":[]}"
2015_05_03,2015-05-03,311.6248098657875,"{""type"":""MultiPoint"",""coordinates"":[]}"
2015_05_04,2015-05-04,310.42620654168,"{""type"":""MultiPoint"",""coordinates"":[]}"
2015_05_05,2015-05-05,311.28324515562144,"{""type"":""MultiPoint"",""coordinates"":[]}"
2015_05_06,2015-05-06,316.09040196078433,"{""type"":""MultiPoint"",""coordinates"":[]}"
2015_05_07,2015-05-07,310.06866154895175,"{""type"":""MultiPoint"",""coordinates"":[]}"
2015_05_08,2015-05-08,320.9578647359901,"{""type"":""MultiPoint"",""coordinates"":[]}"
2015_05_09,2015-05-09,,"{""type"":""MultiPoint"",""coordinates"":[]}"
2015_05_10,2015-05-10,,"{""type"":""MultiPoint"",""coordinates"":[]}"
2015_05_11,2015-05-11,,"{""type"":""MultiPoint"",""coordinates"":[]}"
2015_05_12,2015-05-12,315.4410818495996,"{""type"":""MultiPoint"",""coordinates"":[]}"
2015_05_13,2015-05-13,,"{""type"":""MultiPoint"",""coordinates"":[]}"
2015_05_14,2015-05-14,,"{""type"":""MultiPoint"",""coordinates"":[]}"
2015_05_15,2015-05-15,316.8444296457372,"{""type"":""MultiPoint"",""coordinates"":[]}"
2015_05_16,2015-05-16,,"{""type"":""MultiPoint"",""coordinates"":[]}"
2015_05_17,2015-05-17,318.63043133995365,"{""type"":""MultiPoint"",""coordinates"":[]}"
2015_05_18,2015-05-18,,"{""type"":""MultiPoint"",""coordinates"":[]}"
2015_05_19,2015-05-19,317.457355964828,"{""type"":""MultiPoint"",""coordinates"":[]}"
2015_05_20,2015-05-20,312.9814296338424,"{""type"":""MultiPoint"",""coordinates"":[]}"
2015_05_21,2015-05-21,317.8410691631305,"{""type"":""MultiPoint"",""coordinates"":[]}"
2015_05_22,2015-05-22,321.6083074500198,"{""type"":""MultiPoint"",""coordinates"":[]}"
2015_05_23,2015-05-23,313.44415110022294,"{""type"":""MultiPoint"",""coordinates"":[]}"
2015_05_24,2015-05-24,321.0913692637474,"{""type"":""MultiPoint"",""coordinates"":[]}"
2015_05_25,2015-05-25,,"{""type"":""MultiPoint"",""coordinates"":[]}"
2015_05_26,2015-05-26,320.83567347652996,"{""type"":""MultiPoint"",""coordinates"":[]}"
2015_05_27,2015-05-27,312.8601233626265,"{""type"":""MultiPoint"",""coordinates"":[]}"
2015_05_28,2015-05-28,316.7956809134257,"{""type"":""MultiPoint"",""coordinates"":[]}"
2015_05_29,2015-05-29,318.04911242603526,"{""type"":""MultiPoint"",""coordinates"":[]}"
2015_05_30,2015-05-30,312.12640797935154,"{""type"":""MultiPoint"",""coordinates"":[]}"
2015_05_31,2015-05-31,319.88992763346016,"{""type"":""MultiPoint"",""coordinates"":[]}"
2015_06_01,2015-06-01,,"{""type"":""MultiPoint"",""coordinates"":[]}"
2015_06_02,2015-06-02,316.99014588494356,"{""type"":""MultiPoint"",""coordinates"":[]}"
2015_06_03,2015-06-03,,"{""type"":""MultiPoint"",""coordinates"":[]}"
2015_06_04,2015-06-04,313.57245200870767,"{""type"":""MultiPoint"",""coordinates"":[]}"
2015_06_05,2015-06-05,310.84319570153843,"{""type"":""MultiPoint"",""coordinates"":[]}"
2015_06_06,2015-06-06,,"{""type"":""MultiPoint"",""coordinates"":[]}"
2015_06_07,2015-06-07,,"{""type"":""MultiPoint"",""coordinates"":[]}"
2015_06_08,2015-06-08,,"{""type"":""MultiPoint"",""coordinates"":[]}"
2015_06_09,2015-06-09,315.14448857681845,"{""type"":""MultiPoint"",""coordinates"":[]}"
2015_06_10,2015-06-10,,"{""type"":""MultiPoint"",""coordinates"":[]}"
2015_06_11,2015-06-11,314.31805458599956,"{""type"":""MultiPoint"",""coordinates"":[]}"
2015_06_12,2015-06-12,,"{""type"":""MultiPoint"",""coordinates"":[]}"
2015_06_13,2015-06-13,,"{""type"":""MultiPoint"",""coordinates"":[]}"
2015_06_14,2015-06-14,,"{""type"":""MultiPoint"",""coordinates"":[]}"
2015_06_15,2015-06-15,,"{""type"":""MultiPoint"",""coordinates"":[]}"
2015_06_16,2015-06-16,,"{""type"":""MultiPoint"",""coordinates"":[]}"
2015_06_17,2015-06-17,,"{""type"":""MultiPoint"",""coordinates"":[]}"
2015_06_18,2015-06-18,,"{""type"":""MultiPoint"",""coordinates"":[]}"
2015_06_19,2015-06-19,,"{""type"":""MultiPoint"",""coordinates"":[]}"
2015_06_20,2015-06-20,,"{""type"":""MultiPoint"",""coordinates"":[]}"
2015_06_21,2015-06-21,,"{""type"":""MultiPoint"",""coordinates"":[]}"
2015_06_22,2015-06-22,,"{""type"":""MultiPoint"",""coordinates"":[]}"
2015_06_23,2015-06-23,,"{""type"":""MultiPoint"",""coordinates"":[]}"
2015_06_24,2015-06-24,,"{""type"":""MultiPoint"",""coordinates"":[]}"
2015_06_25,2015-06-25,306.4516430664063,"{""type"":""MultiPoint"",""coordinates"":[]}"
2015_06_26,2015-06-26,,"{""type"":""MultiPoint"",""coordinates"":[]}"
2015_06_27,2015-06-27,,"{""type"":""MultiPoint"",""coordinates"":[]}"
2015_06_28,2015-06-28,,"{""type"":""MultiPoint"",""coordinates"":[]}"
2015_06_29,2015-06-29,,"{""type"":""MultiPoint"",""coordinates"":[]}"
2015_06_30,2015-06-30,311.32963815789475,"{""type"":""MultiPoint"",""coordinates"":[]}"
2015_07_01,2015-07-01,,"{""type"":""MultiPoint"",""coordinates"":[]}"
2015_07_02,2015-07-02,,"{""type"":""MultiPoint"",""coordinates"":[]}"
2015_07_03,2015-07-03,,"{""type"":""MultiPoint"",""coordinates"":[]}"
2015_07_04,2015-07-04,312.3336678177859,"{""type"":""MultiPoint"",""coordinates"":[]}"
2015_07_05,2015-07-05,,"{""type"":""MultiPoint"",""coordinates"":[]}"
2015_07_06,2015-07-06,306.2245505581726,"{""type"":""MultiPoint"",""coordinates"":[]}"
2015_07_07,2015-07-07,,"{""type"":""MultiPoint"",""coordinates"":[]}"
2015_07_08,2015-07-08,,"{""type"":""MultiPoint"",""coordinates"":[]}"
2015_07_09,2015-07-09,,"{""type"":""MultiPoint"",""coordinates"":[]}"
2015_07_10,2015-07-10,,"{""type"":""MultiPoint"",""coordinates"":[]}"
2015_07_11,2015-07-11,,"{""type"":""MultiPoint"",""coordinates"":[]}"
2015_07_12,2015-07-12,,"{""type"":""MultiPoint"",""coordinates"":[]}"
2015_07_13,2015-07-13,311.7357443457718,"{""type"":""MultiPoint"",""coordinates"":[]}"
2015_07_14,2015-07-14,,"{""type"":""MultiPoint"",""coordinates"":[]}"
2015_07_15,2015-07-15,,"{""type"":""MultiPoint"",""coordinates"":[]}"
2015_07_16,2015-07-16,,"{""type"":""MultiPoint"",""coordinates"":[]}"
2015_07_17,2015-07-17,,"{""type"":""MultiPoint"",""coordinates"":[]}"
2015_07_18,2015-07-18,,"{""type"":""MultiPoint"",""coordinates"":[]}"
2015_07_19,2015-07-19,,"{""type"":""MultiPoint"",""coordinates"":[]}"
2015_07_20,2015-07-20,,"{""type"":""MultiPoint"",""coordinates"":[]}"
2015_07_21,2015-07-21,,"{""type"":""MultiPoint"",""coordinates"":[]}"
2015_07_22,2015-07-22,,"{""type"":""MultiPoint"",""coordinates"":[]}"
2015_07_23,2015-07-23,,"{""type"":""MultiPoint"",""coordinates"":[]}"
2015_07_24,2015-07-24,,"{""type"":""MultiPoint"",""coordinates"":[]}"
2015_07_25,2015-07-25,,"{""type"":""MultiPoint"",""coordinates"":[]}"
2015_07_26,2015-07-26,,"{""type"":""MultiPoint"",""coordinates"":[]}"
2015_07_27,2015-07-27,312.5580438670807,"{""type"":""MultiPoint"",""coordinates"":[]}"
2015_07_28,2015-07-28,,"{""type"":""MultiPoint"",""coordinates"":[]}"
2015_07_29,2015-07-29,309.473991717907,"{""type"":""MultiPoint"",""coordinates"":[]}"
2015_07_30,2015-07-30,,"{""type"":""MultiPoint"",""coordinates"":[]}"
2015_07_31,2015-07-31,,"{""type"":""MultiPoint"",""coordinates"":[]}"
2015_08_01,2015-08-01,,"{""type"":""MultiPoint"",""coordinates"":[]}"
2015_08_02,2015-08-02,,"{""type"":""MultiPoint"",""coordinates"":[]}"
2015_08_03,2015-08-03,309.9571625344352,"{""type"":""MultiPoint"",""coordinates"":[]}"
2015_08_04,2015-08-04,,"{""type"":""MultiPoint"",""coordinates"":[]}"
2015_08_05,2015-08-05,,"{""type"":""MultiPoint"",""coordinates"":[]}"
2015_08_06,2015-08-06,,"{""type"":""MultiPoint"",""coordinates"":[]}"
2015_08_07,2015-08-07,,"{""type"":""MultiPoint"",""coordinates"":[]}"
2015_08_08,2015-08-08,,"{""type"":""MultiPoint"",""coordinates"":[]}"
2015_08_09,2015-08-09,,"{""type"":""MultiPoint"",""coordinates"":[]}"
2015_08_10,2015-08-10,302.66681299190776,"{""type"":""MultiPoint"",""coordinates"":[]}"
2015_08_11,2015-08-11,,"{""type"":""MultiPoint"",""coordinates"":[]}"
2015_08_12,2015-08-12,,"{""type"":""MultiPoint"",""coordinates"":[]}"
2015_08_13,2015-08-13,,"{""type"":""MultiPoint"",""coordinates"":[]}"
2015_08_14,2015-08-14,,"{""type"":""MultiPoint"",""coordinates"":[]}"
2015_08_15,2015-08-15,,"{""type"":""MultiPoint"",""coordinates"":[]}"
2015_08_16,2015-08-16,,"{""type"":""MultiPoint"",""coordinates"":[]}"
2015_08_17,2015-08-17,,"{""type"":""MultiPoint"",""coordinates"":[]}"
2015_08_18,2015-08-18,,"{""type"":""MultiPoint"",""coordinates"":[]}"
2015_08_19,2015-08-19,311.5444498716263,"{""type"":""MultiPoint"",""coordinates"":[]}"
2015_08_20,2015-08-20,,"{""type"":""MultiPoint"",""coordinates"":[]}"
2015_08_21,2015-08-21,307.30223462630084,"{""type"":""MultiPoint"",""coordinates"":[]}"
2015_08_22,2015-08-22,,"{""type"":""MultiPoint"",""coordinates"":[]}"
2015_08_23,2015-08-23,,"{""type"":""MultiPoint"",""coordinates"":[]}"
2015_08_24,2015-08-24,306.564104278075,"{""type"":""MultiPoint"",""coordinates"":[]}"
2015_08_25,2015-08-25,306.62131376659687,"{""type"":""MultiPoint"",""coordinates"":[]}"
2015_08_26,2015-08-26,307.37455082742326,"{""type"":""MultiPoint"",""coordinates"":[]}"
2015_08_27,2015-08-27,,"{""type"":""MultiPoint"",""coordinates"":[]}"
2015_08_28,2015-08-28,,"{""type"":""MultiPoint"",""coordinates"":[]}"
2015_08_29,2015-08-29,,"{""type"":""MultiPoint"",""coordinates"":[]}"
2015_08_30,2015-08-30,,"{""type"":""MultiPoint"",""coordinates"":[]}"
2015_08_31,2015-08-31,,"{""type"":""MultiPoint"",""coordinates"":[]}"
2015_09_01,2015-09-01,,"{""type"":""MultiPoint"",""coordinates"":[]}"
2015_09_02,2015-09-02,308.08336942257216,"{""type"":""MultiPoint"",""coordinates"":[]}"
2015_09_03,2015-09-03,,"{""type"":""MultiPoint"",""coordinates"":[]}"
2015_09_04,2015-09-04,307.8798039215686,"{""type"":""MultiPoint"",""coordinates"":[]}"
2015_09_05,2015-09-05,,"{""type"":""MultiPoint"",""coordinates"":[]}"
2015_09_06,2015-09-06,,"{""type"":""MultiPoint"",""coordinates"":[]}"
2015_09_07,2015-09-07,,"{""type"":""MultiPoint"",""coordinates"":[]}"
2015_09_08,2015-09-08,309.1268402165318,"{""type"":""MultiPoint"",""coordinates"":[]}"
2015_09_09,2015-09-09,,"{""type"":""MultiPoint"",""coordinates"":[]}"
2015_09_10,2015-09-10,,"{""type"":""MultiPoint"",""coordinates"":[]}"
2015_09_11,2015-09-11,,"{""type"":""MultiPoint"",""coordinates"":[]}"
2015_09_12,2015-09-12,,"{""type"":""MultiPoint"",""coordinates"":[]}"
2015_09_13,2015-09-13,,"{""type"":""MultiPoint"",""coordinates"":[]}"
2015_09_14,2015-09-14,,"{""type"":""MultiPoint"",""coordinates"":[]}"
2015_09_15,2015-09-15,300.49810317206027,"{""type"":""MultiPoint"",""coordinates"":[]}"
2015_09_16,2015-09-16,,"{""type"":""MultiPoint"",""coordinates"":[]}"
2015_09_17,2015-09-17,,"{""type"":""MultiPoint"",""coordinates"":[]}"
2015_09_18,2015-09-18,,"{""type"":""MultiPoint"",""coordinates"":[]}"
2015_09_19,2015-09-19,,"{""type"":""MultiPoint"",""coordinates"":[]}"
2015_09_20,2015-09-20,,"{""type"":""MultiPoint"",""coordinates"":[]}"
2015_09_21,2015-09-21,,"{""type"":""MultiPoint"",""coordinates"":[]}"
2015_09_22,2015-09-22,307.8454168937329,"{""type"":""MultiPoint"",""coordinates"":[]}"
2015_09_23,2015-09-23,,"{""type"":""MultiPoint"",""coordinates"":[]}"
2015_09_24,2015-09-24,309.30066964427124,"{""type"":""MultiPoint"",""coordinates"":[]}"
2015_09_25,2015-09-25,,"{""type"":""MultiPoint"",""coordinates"":[]}"
2015_09_26,2015-09-26,,"{""type"":""MultiPoint"",""coordinates"":[]}"
2015_09_27,2015-09-27,312.53472461612483,"{""type"":""MultiPoint"",""coordinates"":[]}"
2015_09_28,2015-09-28,,"{""type"":""MultiPoint"",""coordinates"":[]}"
2015_09_29,2015-09-29,309.72116273626324,"{""type"":""MultiPoint"",""coordinates"":[]}"
2015_09_30,2015-09-30,,"{""type"":""MultiPoint"",""coordinates"":[]}"
2015_10_01,2015-10-01,,"{""type"":""MultiPoint"",""coordinates"":[]}"
2015_10_02,2015-10-02,,"{""type"":""MultiPoint"",""coordinates"":[]}"
2015_10_03,2015-10-03,300.19273322422254,"{""type"":""MultiPoint"",""coordinates"":[]}"
2015_10_04,2015-10-04,,"{""type"":""MultiPoint"",""coordinates"":[]}"
2015_10_05,2015-10-05,304.7088756542141,"{""type"":""MultiPoint"",""coordinates"":[]}"
2015_10_06,2015-10-06,312.37773874622684,"{""type"":""MultiPoint"",""coordinates"":[]}"
2015_10_07,2015-10-07,,"{""type"":""MultiPoint"",""coordinates"":[]}"
2015_10_08,2015-10-08,302.70512942576613,"{""type"":""MultiPoint"",""coordinates"":[]}"
2015_10_09,2015-10-09,,"{""type"":""MultiPoint"",""coordinates"":[]}"
2015_10_10,2015-10-10,308.1373894192372,"{""type"":""MultiPoint"",""coordinates"":[]}"
2015_10_11,2015-10-11,,"{""type"":""MultiPoint"",""coordinates"":[]}"
2015_10_12,2015-10-12,307.6878516120566,"{""type"":""MultiPoint"",""coordinates"":[]}"
2015_10_13,2015-10-13,310.57165083887315,"{""type"":""MultiPoint"",""coordinates"":[]}"
2015_10_14,2015-10-14,306.8120740189859,"{""type"":""MultiPoint"",""coordinates"":[]}"
2015_10_15,2015-10-15,309.55006300963686,"{""type"":""MultiPoint"",""coordinates"":[]}"
2015_10_16,2015-10-16,,"{""type"":""MultiPoint"",""coordinates"":[]}"
2015_10_17,2015-10-17,306.9344994268246,"{""type"":""MultiPoint"",""coordinates"":[]}"
2015_10_18,2015-10-18,308.7672022675072,"{""type"":""MultiPoint"",""coordinates"":[]}"
2015_10_19,2015-10-19,309.31965786488115,"{""type"":""MultiPoint"",""coordinates"":[]}"
2015_10_20,2015-10-20,310.7766709757944,"{""type"":""MultiPoint"",""coordinates"":[]}"
2015_10_21,2015-10-21,308.4352316374296,"{""type"":""MultiPoint"",""coordinates"":[]}"
2015_10_22,2015-10-22,313.4417778555494,"{""type"":""MultiPoint"",""coordinates"":[]}"
2015_10_23,2015-10-23,,"{""type"":""MultiPoint"",""coordinates"":[]}"
2015_10_24,2015-10-24,311.3460838181895,"{""type"":""MultiPoint"",""coordinates"":[]}"
2015_10_25,2015-10-25,,"{""type"":""MultiPoint"",""coordinates"":[]}"
2015_10_26,2015-10-26,307.22672085925535,"{""type"":""MultiPoint"",""coordinates"":[]}"
2015_10_27,2015-10-27,305.3627819548872,"{""type"":""MultiPoint"",""coordinates"":[]}"
2015_10_28,2015-10-28,305.54293658867425,"{""type"":""MultiPoint"",""coordinates"":[]}"
2015_10_29,2015-10-29,307.2055271084337,"{""type"":""MultiPoint"",""coordinates"":[]}"
2015_10_30,2015-10-30,,"{""type"":""MultiPoint"",""coordinates"":[]}"
2015_10_31,2015-10-31,308.69061341460645,"{""type"":""MultiPoint"",""coordinates"":[]}"
2015_11_01,2015-11-01,,"{""type"":""MultiPoint"",""coordinates"":[]}"
2015_11_02,2015-11-02,311.2344577628068,"{""type"":""MultiPoint"",""coordinates"":[]}"
2015_11_03,2015-11-03,,"{""type"":""MultiPoint"",""coordinates"":[]}"
2015_11_04,2015-11-04,306.1533110337243,"{""type"":""MultiPoint"",""coordinates"":[]}"
2015_11_05,2015-11-05,307.9607890759367,"{""type"":""MultiPoint"",""coordinates"":[]}"
2015_11_06,2015-11-06,304.56408121169267,"{""type"":""MultiPoint"",""coordinates"":[]}"
2015_11_07,2015-11-07,308.5661427390734,"{""type"":""MultiPoint"",""coordinates"":[]}"
2015_11_08,2015-11-08,,"{""type"":""MultiPoint"",""coordinates"":[]}"
2015_11_09,2015-11-09,,"{""type"":""MultiPoint"",""coordinates"":[]}"
2015_11_10,2015-11-10,,"{""type"":""MultiPoint"",""coordinates"":[]}"
2015_11_11,2015-11-11,307.03387812240237,"{""type"":""MultiPoint"",""coordinates"":[]}"
2015_11_12,2015-11-12,309.1824397392713,"{""type"":""MultiPoint"",""coordinates"":[]}"
2015_11_13,2015-11-13,308.79391311955897,"{""type"":""MultiPoint"",""coordinates"":[]}"
2015_11_14,2015-11-14,,"{""type"":""MultiPoint"",""coordinates"":[]}"
2015_11_15,2015-11-15,299.5344268774704,"{""type"":""MultiPoint"",""coordinates"":[]}"
2015_11_16,2015-11-16,,"{""type"":""MultiPoint"",""coordinates"":[]}"
2015_11_17,2015-11-17,,"{""type"":""MultiPoint"",""coordinates"":[]}"
2015_11_18,2015-11-18,307.2834283413125,"{""type"":""MultiPoint"",""coordinates"":[]}"
2015_11_19,2015-11-19,,"{""type"":""MultiPoint"",""coordinates"":[]}"
2015_11_20,2015-11-20,,"{""type"":""MultiPoint"",""coordinates"":[]}"
2015_11_21,2015-11-21,,"{""type"":""MultiPoint"",""coordinates"":[]}"
2015_11_22,2015-11-22,,"{""type"":""MultiPoint"",""coordinates"":[]}"
2015_11_23,2015-11-23,309.18548405442067,"{""type"":""MultiPoint"",""coordinates"":[]}"
2015_11_24,2015-11-24,,"{""type"":""MultiPoint"",""coordinates"":[]}"
2015_11_25,2015-11-25,309.0247342403429,"{""type"":""MultiPoint"",""coordinates"":[]}"
2015_11_26,2015-11-26,307.9690100179362,"{""type"":""MultiPoint"",""coordinates"":[]}"
2015_11_27,2015-11-27,309.549118509121,"{""type"":""MultiPoint"",""coordinates"":[]}"
2015_11_28,2015-11-28,308.5880195984076,"{""type"":""MultiPoint"",""coordinates"":[]}"
2015_11_29,2015-11-29,306.9789872697843,"{""type"":""MultiPoint"",""coordinates"":[]}"
2015_11_30,2015-11-30,,"{""type"":""MultiPoint"",""coordinates"":[]}"
2015_12_01,2015-12-01,304.82097179614055,"{""type"":""MultiPoint"",""coordinates"":[]}"
2015_12_02,2015-12-02,,"{""type"":""MultiPoint"",""coordinates"":[]}"
2015_12_03,2015-12-03,,"{""type"":""MultiPoint"",""coordinates"":[]}"
2015_12_04,2015-12-04,308.193492694095,"{""type"":""MultiPoint"",""coordinates"":[]}"
2015_12_05,2015-12-05,307.46538868716914,"{""type"":""MultiPoint"",""coordinates"":[]}"
2015_12_06,2015-12-06,298.54470588235296,"{""type"":""MultiPoint"",""coordinates"":[]}"
2015_12_07,2015-12-07,,"{""type"":""MultiPoint"",""coordinates"":[]}"
2015_12_08,2015-12-08,302.2783637468218,"{""type"":""MultiPoint"",""coordinates"":[]}"
2015_12_09,2015-12-09,,"{""type"":""MultiPoint"",""coordinates"":[]}"
2015_12_10,2015-12-10,,"{""type"":""MultiPoint"",""coordinates"":[]}"
2015_12_11,2015-12-11,,"{""type"":""MultiPoint"",""coordinates"":[]}"
2015_12_12,2015-12-12,,"{""type"":""MultiPoint"",""coordinates"":[]}"
2015_12_13,2015-12-13,308.04546028499664,"{""type"":""MultiPoint"",""coordinates"":[]}"
2015_12_14,2015-12-14,309.69829257622825,"{""type"":""MultiPoint"",""coordinates"":[]}"
2015_12_15,2015-12-15,307.92022398180154,"{""type"":""MultiPoint"",""coordinates"":[]}"
2015_12_16,2015-12-16,311.7367614506323,"{""type"":""MultiPoint"",""coordinates"":[]}"
2015_12_17,2015-12-17,304.6313806378234,"{""type"":""MultiPoint"",""coordinates"":[]}"
2015_12_18,2015-12-18,310.5041279146069,"{""type"":""MultiPoint"",""coordinates"":[]}"
2015_12_19,2015-12-19,,"{""type"":""MultiPoint"",""coordinates"":[]}"
2015_12_20,2015-12-20,307.98054945780086,"{""type"":""MultiPoint"",""coordinates"":[]}"
2015_12_21,2015-12-21,,"{""type"":""MultiPoint"",""coordinates"":[]}"
2015_12_22,2015-12-22,305.8372640955363,"{""type"":""MultiPoint"",""coordinates"":[]}"
2015_12_23,2015-12-23,305.89482571522507,"{""type"":""MultiPoint"",""coordinates"":[]}"
2015_12_24,2015-12-24,306.6702292313749,"{""type"":""MultiPoint"",""coordinates"":[]}"
2015_12_25,2015-12-25,306.537258429932,"{""type"":""MultiPoint"",""coordinates"":[]}"
2015_12_26,2015-12-26,,"{""type"":""MultiPoint"",""coordinates"":[]}"
2015_12_27,2015-12-27,298.583406278403,"{""type"":""MultiPoint"",""coordinates"":[]}"
2015_12_28,2015-12-28,306.7555133645391,"{""type"":""MultiPoint"",""coordinates"":[]}"
2015_12_29,2015-12-29,310.15658558992067,"{""type"":""MultiPoint"",""coordinates"":[]}"
2015_12_30,2015-12-30,309.9158287764119,"{""type"":""MultiPoint"",""coordinates"":[]}"
2015_12_31,2015-12-31,308.4886464849733,"{""type"":""MultiPoint"",""coordinates"":[]}"
2016_01_01,2016-01-01,310.3966897064616,"{""type"":""MultiPoint"",""coordinates"":[]}"
2016_01_02,2016-01-02,306.6743064001052,"{""type"":""MultiPoint"",""coordinates"":[]}"
2016_01_03,2016-01-03,307.6308510309166,"{""type"":""MultiPoint"",""coordinates"":[]}"
2016_01_04,2016-01-04,,"{""type"":""MultiPoint"",""coordinates"":[]}"
2016_01_05,2016-01-05,308.0722175073276,"{""type"":""MultiPoint"",""coordinates"":[]}"
2016_01_06,2016-01-06,307.2001229275124,"{""type"":""MultiPoint"",""coordinates"":[]}"
2016_01_07,2016-01-07,307.7458419003456,"{""type"":""MultiPoint"",""coordinates"":[]}"
2016_01_08,2016-01-08,304.2376043722484,"{""type"":""MultiPoint"",""coordinates"":[]}"
2016_01_09,2016-01-09,304.3448624174286,"{""type"":""MultiPoint"",""coordinates"":[]}"
2016_01_10,2016-01-10,309.7786416728644,"{""type"":""MultiPoint"",""coordinates"":[]}"
2016_01_11,2016-01-11,,"{""type"":""MultiPoint"",""coordinates"":[]}"
2016_01_12,2016-01-12,299.20011833132776,"{""type"":""MultiPoint"",""coordinates"":[]}"
2016_01_13,2016-01-13,,"{""type"":""MultiPoint"",""coordinates"":[]}"
2016_01_14,2016-01-14,304.6934632558345,"{""type"":""MultiPoint"",""coordinates"":[]}"
2016_01_15,2016-01-15,305.7405446432477,"{""type"":""MultiPoint"",""coordinates"":[]}"
2016_01_16,2016-01-16,303.25344400605445,"{""type"":""MultiPoint"",""coordinates"":[]}"
2016_01_17,2016-01-17,309.68005949516595,"{""type"":""MultiPoint"",""coordinates"":[]}"
2016_01_18,2016-01-18,305.56091955028654,"{""type"":""MultiPoint"",""coordinates"":[]}"
2016_01_19,2016-01-19,,"{""type"":""MultiPoint"",""coordinates"":[]}"
2016_01_20,2016-01-20,,"{""type"":""MultiPoint"",""coordinates"":[]}"
2016_01_21,2016-01-21,307.1498167023929,"{""type"":""MultiPoint"",""coordinates"":[]}"
2016_01_22,2016-01-22,302.0114073938506,"{""type"":""MultiPoint"",""coordinates"":[]}"
2016_01_23,2016-01-23,302.22642374616174,"{""type"":""MultiPoint"",""coordinates"":[]}"
2016_01_24,2016-01-24,307.50610018536105,"{""type"":""MultiPoint"",""coordinates"":[]}"
2016_01_25,2016-01-25,,"{""type"":""MultiPoint"",""coordinates"":[]}"
2016_01_26,2016-01-26,307.5299520856822,"{""type"":""MultiPoint"",""coordinates"":[]}"
2016_01_27,2016-01-27,,"{""type"":""MultiPoint"",""coordinates"":[]}"
2016_01_28,2016-01-28,312.10232074893923,"{""type"":""MultiPoint"",""coordinates"":[]}"
2016_01_29,2016-01-29,309.29994750426545,"{""type"":""MultiPoint"",""coordinates"":[]}"
2016_01_30,2016-01-30,312.15708779911654,"{""type"":""MultiPoint"",""coordinates"":[]}"
2016_01_31,2016-01-31,311.2805096460912,"{""type"":""MultiPoint"",""coordinates"":[]}"
2016_02_01,2016-02-01,309.0786971397901,"{""type"":""MultiPoint"",""coordinates"":[]}"
2016_02_02,2016-02-02,314.2762714904415,"{""type"":""MultiPoint"",""coordinates"":[]}"
2016_02_03,2016-02-03,306.16870942415443,"{""type"":""MultiPoint"",""coordinates"":[]}"
2016_02_04,2016-02-04,313.1192418740976,"{""type"":""MultiPoint"",""coordinates"":[]}"
2016_02_05,2016-02-05,,"{""type"":""MultiPoint"",""coordinates"":[]}"
2016_02_06,2016-02-06,313.0931724922347,"{""type"":""MultiPoint"",""coordinates"":[]}"
2016_02_07,2016-02-07,310.1573402161075,"{""type"":""MultiPoint"",""coordinates"":[]}"
2016_02_08,2016-02-08,308.4881571164509,"{""type"":""MultiPoint"",""coordinates"":[]}"
2016_02_09,2016-02-09,311.98010805372076,"{""type"":""MultiPoint"",""coordinates"":[]}"
2016_02_10,2016-02-10,309.4285904895223,"{""type"":""MultiPoint"",""coordinates"":[]}"
2016_02_11,2016-02-11,310.48560554156177,"{""type"":""MultiPoint"",""coordinates"":[]}"
2016_02_12,2016-02-12,,"{""type"":""MultiPoint"",""coordinates"":[]}"
2016_02_13,2016-02-13,312.4175722516058,"{""type"":""MultiPoint"",""coordinates"":[]}"
2016_02_14,2016-02-14,307.9281731295254,"{""type"":""MultiPoint"",""coordinates"":[]}"
2016_02_15,2016-02-15,312.63248961021924,"{""type"":""MultiPoint"",""coordinates"":[]}"
2016_02_16,2016-02-16,311.2465324530409,"{""type"":""MultiPoint"",""coordinates"":[]}"
2016_02_17,2016-02-17,312.151416947373,"{""type"":""MultiPoint"",""coordinates"":[]}"
2016_02_18,2016-02-18,315.9428264578503,"{""type"":""MultiPoint"",""coordinates"":[]}"
2016_02_19,2016-02-19,311.0670576296787,"{""type"":""MultiPoint"",""coordinates"":[]}"
2016_02_20,2016-02-20,307.90685056143263,"{""type"":""MultiPoint"",""coordinates"":[]}"
2016_02_21,2016-02-21,,"{""type"":""MultiPoint"",""coordinates"":[]}"
2016_02_22,2016-02-22,311.3468970325747,"{""type"":""MultiPoint"",""coordinates"":[]}"
2016_02_23,2016-02-23,311.37077307827315,"{""type"":""MultiPoint"",""coordinates"":[]}"
2016_02_24,2016-02-24,313.5724856730391,"{""type"":""MultiPoint"",""coordinates"":[]}"
2016_02_25,2016-02-25,311.3638383647203,"{""type"":""MultiPoint"",""coordinates"":[]}"
2016_02_26,2016-02-26,,"{""type"":""MultiPoint"",""coordinates"":[]}"
2016_02_27,2016-02-27,313.0496042533314,"{""type"":""MultiPoint"",""coordinates"":[]}"
2016_02_28,2016-02-28,,"{""type"":""MultiPoint"",""coordinates"":[]}"
2016_02_29,2016-02-29,310.0943630732341,"{""type"":""MultiPoint"",""coordinates"":[]}"
2016_03_01,2016-03-01,312.06,"{""type"":""MultiPoint"",""coordinates"":[]}"
2016_03_02,2016-03-02,312.13816855643176,"{""type"":""MultiPoint"",""coordinates"":[]}"
2016_03_03,2016-03-03,,"{""type"":""MultiPoint"",""coordinates"":[]}"
2016_03_04,2016-03-04,,"{""type"":""MultiPoint"",""coordinates"":[]}"
2016_03_05,2016-03-05,315.65357338012853,"{""type"":""MultiPoint"",""coordinates"":[]}"
2016_03_06,2016-03-06,313.3491508814909,"{""type"":""MultiPoint"",""coordinates"":[]}"
2016_03_07,2016-03-07,320.0078507371277,"{""type"":""MultiPoint"",""coordinates"":[]}"
2016_03_08,2016-03-08,,"{""type"":""MultiPoint"",""coordinates"":[]}"
2016_03_09,2016-03-09,,"{""type"":""MultiPoint"",""coordinates"":[]}"
2016_03_10,2016-03-10,317.3713001443632,"{""type"":""MultiPoint"",""coordinates"":[]}"
2016_03_11,2016-03-11,316.45333347997286,"{""type"":""MultiPoint"",""coordinates"":[]}"
2016_03_12,2016-03-12,317.82840894177366,"{""type"":""MultiPoint"",""coordinates"":[]}"
2016_03_13,2016-03-13,313.1568449068473,"{""type"":""MultiPoint"",""coordinates"":[]}"
2016_03_14,2016-03-14,315.7652620231444,"{""type"":""MultiPoint"",""coordinates"":[]}"
2016_03_15,2016-03-15,,"{""type"":""MultiPoint"",""coordinates"":[]}"
2016_03_16,2016-03-16,318.6020779508053,"{""type"":""MultiPoint"",""coordinates"":[]}"
2016_03_17,2016-03-17,312.74478266978906,"{""type"":""MultiPoint"",""coordinates"":[]}"
2016_03_18,2016-03-18,319.88551161468126,"{""type"":""MultiPoint"",""coordinates"":[]}"
2016_03_19,2016-03-19,312.99110019957544,"{""type"":""MultiPoint"",""coordinates"":[]}"
2016_03_20,2016-03-20,314.87367207664374,"{""type"":""MultiPoint"",""coordinates"":[]}"
2016_03_21,2016-03-21,320.82833807253155,"{""type"":""MultiPoint"",""coordinates"":[]}"
2016_03_22,2016-03-22,315.7084211907783,"{""type"":""MultiPoint"",""coordinates"":[]}"
2016_03_23,2016-03-23,321.74501198777017,"{""type"":""MultiPoint"",""coordinates"":[]}"
2016_03_24,2016-03-24,,"{""type"":""MultiPoint"",""coordinates"":[]}"
2016_03_25,2016-03-25,319.62133076687513,"{""type"":""MultiPoint"",""coordinates"":[]}"
2016_03_26,2016-03-26,317.1351362701783,"{""type"":""MultiPoint"",""coordinates"":[]}"
2016_03_27,2016-03-27,317.20169298744463,"{""type"":""MultiPoint"",""coordinates"":[]}"
2016_03_28,2016-03-28,315.5439470890109,"{""type"":""MultiPoint"",""coordinates"":[]}"
2016_03_29,2016-03-29,313.28840281931906,"{""type"":""MultiPoint"",""coordinates"":[]}"
2016_03_30,2016-03-30,318.20313730994167,"{""type"":""MultiPoint"",""coordinates"":[]}"
2016_03_31,2016-03-31,,"{""type"":""MultiPoint"",""coordinates"":[]}"
2016_04_01,2016-04-01,320.9082050833369,"{""type"":""MultiPoint"",""coordinates"":[]}"
2016_04_02,2016-04-02,312.03847245731254,"{""type"":""MultiPoint"",""coordinates"":[]}"
2016_04_03,2016-04-03,315.6770887189549,"{""type"":""MultiPoint"",""coordinates"":[]}"
2016_04_04,2016-04-04,317.5588390233124,"{""type"":""MultiPoint"",""coordinates"":[]}"
2016_04_05,2016-04-05,317.449772162199,"{""type"":""MultiPoint"",""coordinates"":[]}"
2016_04_06,2016-04-06,322.4388363445469,"{""type"":""MultiPoint"",""coordinates"":[]}"
2016_04_07,2016-04-07,317.23229275121395,"{""type"":""MultiPoint"",""coordinates"":[]}"
2016_04_08,2016-04-08,323.96701124283635,"{""type"":""MultiPoint"",""coordinates"":[]}"
2016_04_09,2016-04-09,,"{""type"":""MultiPoint"",""coordinates"":[]}"
2016_04_10,2016-04-10,323.4941528500807,"{""type"":""MultiPoint"",""coordinates"":[]}"
2016_04_11,2016-04-11,319.09339909882306,"{""type"":""MultiPoint"",""coordinates"":[]}"
2016_04_12,2016-04-12,322.04713941992213,"{""type"":""MultiPoint"",""coordinates"":[]}"
2016_04_13,2016-04-13,321.14575265759646,"{""type"":""MultiPoint"",""coordinates"":[]}"
2016_04_14,2016-04-14,313.72513187131693,"{""type"":""MultiPoint"",""coordinates"":[]}"
2016_04_15,2016-04-15,324.1260943173366,"{""type"":""MultiPoint"",""coordinates"":[]}"
2016_04_16,2016-04-16,,"{""type"":""MultiPoint"",""coordinates"":[]}"
2016_04_17,2016-04-17,319.31216409642155,"{""type"":""MultiPoint"",""coordinates"":[]}"
2016_04_18,2016-04-18,312.0359313189127,"{""type"":""MultiPoint"",""coordinates"":[]}"
2016_04_19,2016-04-19,321.7483748195459,"{""type"":""MultiPoint"",""coordinates"":[]}"
2016_04_20,2016-04-20,319.97943829563854,"{""type"":""MultiPoint"",""coordinates"":[]}"
2016_04_21,2016-04-21,319.7974823920557,"{""type"":""MultiPoint"",""coordinates"":[]}"
2016_04_22,2016-04-22,320.4756472430483,"{""type"":""MultiPoint"",""coordinates"":[]}"
2016_04_23,2016-04-23,316.89167461393765,"{""type"":""MultiPoint"",""coordinates"":[]}"
2016_04_24,2016-04-24,326.2168498184523,"{""type"":""MultiPoint"",""coordinates"":[]}"
2016_04_25,2016-04-25,,"{""type"":""MultiPoint"",""coordinates"":[]}"
2016_04_26,2016-04-26,310.6272666418743,"{""type"":""MultiPoint"",""coordinates"":[]}"
2016_04_27,2016-04-27,317.18339253685656,"{""type"":""MultiPoint"",""coordinates"":[]}"
2016_04_28,2016-04-28,320.96004243405207,"{""type"":""MultiPoint"",""coordinates"":[]}"
2016_04_29,2016-04-29,322.02448718510414,"{""type"":""MultiPoint"",""coordinates"":[]}"
2016_04_30,2016-04-30,317.37063403471564,"{""type"":""MultiPoint"",""coordinates"":[]}"
2016_05_01,2016-05-01,322.7386094907021,"{""type"":""MultiPoint"",""coordinates"":[]}"
2016_05_02,2016-05-02,,"{""type"":""MultiPoint"",""coordinates"":[]}"
2016_05_03,2016-05-03,322.7220853930619,"{""type"":""MultiPoint"",""coordinates"":[]}"
2016_05_04,2016-05-04,313.0006815731494,"{""type"":""MultiPoint"",""coordinates"":[]}"
2016_05_05,2016-05-05,314.3695585268591,"{""type"":""MultiPoint"",""coordinates"":[]}"
2016_05_06,2016-05-06,307.46050644158163,"{""type"":""MultiPoint"",""coordinates"":[]}"
2016_05_07,2016-05-07,313.2553661411195,"{""type"":""MultiPoint"",""coordinates"":[]}"
2016_05_08,2016-05-08,315.3825296302847,"{""type"":""MultiPoint"",""coordinates"":[]}"
2016_05_09,2016-05-09,311.461351765169,"{""type"":""MultiPoint"",""coordinates"":[]}"
2016_05_10,2016-05-10,312.1748255521516,"{""type"":""MultiPoint"",""coordinates"":[]}"
2016_05_11,2016-05-11,,"{""type"":""MultiPoint"",""coordinates"":[]}"
2016_05_12,2016-05-12,317.0233859748893,"{""type"":""MultiPoint"",""coordinates"":[]}"
2016_05_13,2016-05-13,311.8911026914637,"{""type"":""MultiPoint"",""coordinates"":[]}"
2016_05_14,2016-05-14,315.9857802178569,"{""type"":""MultiPoint"",""coordinates"":[]}"
2016_05_15,2016-05-15,,"{""type"":""MultiPoint"",""coordinates"":[]}"
2016_05_16,2016-05-16,,"{""type"":""MultiPoint"",""coordinates"":[]}"
2016_05_17,2016-05-17,311.90732629238465,"{""type"":""MultiPoint"",""coordinates"":[]}"
2016_05_18,2016-05-18,,"{""type"":""MultiPoint"",""coordinates"":[]}"
2016_05_19,2016-05-19,,"{""type"":""MultiPoint"",""coordinates"":[]}"
2016_05_20,2016-05-20,,"{""type"":""MultiPoint"",""coordinates"":[]}"
2016_05_21,2016-05-21,308.1880035303702,"{""type"":""MultiPoint"",""coordinates"":[]}"
2016_05_22,2016-05-22,316.1631895533489,"{""type"":""MultiPoint"",""coordinates"":[]}"
2016_05_23,2016-05-23,311.7263320651213,"{""type"":""MultiPoint"",""coordinates"":[]}"
2016_05_24,2016-05-24,317.3444030797496,"{""type"":""MultiPoint"",""coordinates"":[]}"
2016_05_25,2016-05-25,310.5085152456362,"{""type"":""MultiPoint"",""coordinates"":[]}"
2016_05_26,2016-05-26,317.48707706600584,"{""type"":""MultiPoint"",""coordinates"":[]}"
2016_05_27,2016-05-27,,"{""type"":""MultiPoint"",""coordinates"":[]}"
2016_05_28,2016-05-28,318.0773090205223,"{""type"":""MultiPoint"",""coordinates"":[]}"
2016_05_29,2016-05-29,312.4582663283606,"{""type"":""MultiPoint"",""coordinates"":[]}"
2016_05_30,2016-05-30,312.99980446489246,"{""type"":""MultiPoint"",""coordinates"":[]}"
2016_05_31,2016-05-31,313.6069199445114,"{""type"":""MultiPoint"",""coordinates"":[]}"
2016_06_01,2016-06-01,,"{""type"":""MultiPoint"",""coordinates"":[]}"
2016_06_02,2016-06-02,312.05953125,"{""type"":""MultiPoint"",""coordinates"":[]}"
2016_06_03,2016-06-03,,"{""type"":""MultiPoint"",""coordinates"":[]}"
2016_06_04,2016-06-04,,"{""type"":""MultiPoint"",""coordinates"":[]}"
2016_06_05,2016-06-05,,"{""type"":""MultiPoint"",""coordinates"":[]}"
2016_06_06,2016-06-06,,"{""type"":""MultiPoint"",""coordinates"":[]}"
2016_06_07,2016-06-07,,"{""type"":""MultiPoint"",""coordinates"":[]}"
2016_06_08,2016-06-08,,"{""type"":""MultiPoint"",""coordinates"":[]}"
2016_06_09,2016-06-09,314.5494513745911,"{""type"":""MultiPoint"",""coordinates"":[]}"
2016_06_10,2016-06-10,,"{""type"":""MultiPoint"",""coordinates"":[]}"
2016_06_11,2016-06-11,307.94000000000005,"{""type"":""MultiPoint"",""coordinates"":[]}"
2016_06_12,2016-06-12,,"{""type"":""MultiPoint"",""coordinates"":[]}"
2016_06_13,2016-06-13,,"{""type"":""MultiPoint"",""coordinates"":[]}"
2016_06_14,2016-06-14,,"{""type"":""MultiPoint"",""coordinates"":[]}"
2016_06_15,2016-06-15,309.29796796663567,"{""type"":""MultiPoint"",""coordinates"":[]}"
2016_06_16,2016-06-16,307.33858458155834,"{""type"":""MultiPoint"",""coordinates"":[]}"
2016_06_17,2016-06-17,,"{""type"":""MultiPoint"",""coordinates"":[]}"
2016_06_18,2016-06-18,,"{""type"":""MultiPoint"",""coordinates"":[]}"
2016_06_19,2016-06-19,,"{""type"":""MultiPoint"",""coordinates"":[]}"
2016_06_20,2016-06-20,,"{""type"":""MultiPoint"",""coordinates"":[]}"
2016_06_21,2016-06-21,,"{""type"":""MultiPoint"",""coordinates"":[]}"
2016_06_22,2016-06-22,308.34221987821826,"{""type"":""MultiPoint"",""coordinates"":[]}"
2016_06_23,2016-06-23,,"{""type"":""MultiPoint"",""coordinates"":[]}"
2016_06_24,2016-06-24,,"{""type"":""MultiPoint"",""coordinates"":[]}"
2016_06_25,2016-06-25,,"{""type"":""MultiPoint"",""coordinates"":[]}"
2016_06_26,2016-06-26,,"{""type"":""MultiPoint"",""coordinates"":[]}"
2016_06_27,2016-06-27,,"{""type"":""MultiPoint"",""coordinates"":[]}"
2016_06_28,2016-06-28,,"{""type"":""MultiPoint"",""coordinates"":[]}"
2016_06_29,2016-06-29,,"{""type"":""MultiPoint"",""coordinates"":[]}"
2016_06_30,2016-06-30,,"{""type"":""MultiPoint"",""coordinates"":[]}"
2016_07_01,2016-07-01,,"{""type"":""MultiPoint"",""coordinates"":[]}"
2016_07_02,2016-07-02,,"{""type"":""MultiPoint"",""coordinates"":[]}"
2016_07_03,2016-07-03,,"{""type"":""MultiPoint"",""coordinates"":[]}"
2016_07_04,2016-07-04,,"{""type"":""MultiPoint"",""coordinates"":[]}"
2016_07_05,2016-07-05,,"{""type"":""MultiPoint"",""coordinates"":[]}"
2016_07_06,2016-07-06,,"{""type"":""MultiPoint"",""coordinates"":[]}"
2016_07_07,2016-07-07,,"{""type"":""MultiPoint"",""coordinates"":[]}"
2016_07_08,2016-07-08,,"{""type"":""MultiPoint"",""coordinates"":[]}"
2016_07_09,2016-07-09,,"{""type"":""MultiPoint"",""coordinates"":[]}"
2016_07_10,2016-07-10,,"{""type"":""MultiPoint"",""coordinates"":[]}"
2016_07_11,2016-07-11,,"{""type"":""MultiPoint"",""coordinates"":[]}"
2016_07_12,2016-07-12,,"{""type"":""MultiPoint"",""coordinates"":[]}"
2016_07_13,2016-07-13,306.53360436196675,"{""type"":""MultiPoint"",""coordinates"":[]}"
2016_07_14,2016-07-14,,"{""type"":""MultiPoint"",""coordinates"":[]}"
2016_07_15,2016-07-15,,"{""type"":""MultiPoint"",""coordinates"":[]}"
2016_07_16,2016-07-16,,"{""type"":""MultiPoint"",""coordinates"":[]}"
2016_07_17,2016-07-17,,"{""type"":""MultiPoint"",""coordinates"":[]}"
2016_07_18,2016-07-18,,"{""type"":""MultiPoint"",""coordinates"":[]}"
2016_07_19,2016-07-19,,"{""type"":""MultiPoint"",""coordinates"":[]}"
2016_07_20,2016-07-20,,"{""type"":""MultiPoint"",""coordinates"":[]}"
2016_07_21,2016-07-21,,"{""type"":""MultiPoint"",""coordinates"":[]}"
2016_07_22,2016-07-22,,"{""type"":""MultiPoint"",""coordinates"":[]}"
2016_07_23,2016-07-23,,"{""type"":""MultiPoint"",""coordinates"":[]}"
2016_07_24,2016-07-24,,"{""type"":""MultiPoint"",""coordinates"":[]}"
2016_07_25,2016-07-25,,"{""type"":""MultiPoint"",""coordinates"":[]}"
2016_07_26,2016-07-26,,"{""type"":""MultiPoint"",""coordinates"":[]}"
2016_07_27,2016-07-27,,"{""type"":""MultiPoint"",""coordinates"":[]}"
2016_07_28,2016-07-28,,"{""type"":""MultiPoint"",""coordinates"":[]}"
2016_07_29,2016-07-29,,"{""type"":""MultiPoint"",""coordinates"":[]}"
2016_07_30,2016-07-30,,"{""type"":""MultiPoint"",""coordinates"":[]}"
2016_07_31,2016-07-31,,"{""type"":""MultiPoint"",""coordinates"":[]}"
2016_08_01,2016-08-01,,"{""type"":""MultiPoint"",""coordinates"":[]}"
2016_08_02,2016-08-02,,"{""type"":""MultiPoint"",""coordinates"":[]}"
2016_08_03,2016-08-03,,"{""type"":""MultiPoint"",""coordinates"":[]}"
2016_08_04,2016-08-04,,"{""type"":""MultiPoint"",""coordinates"":[]}"
2016_08_05,2016-08-05,,"{""type"":""MultiPoint"",""coordinates"":[]}"
2016_08_06,2016-08-06,,"{""type"":""MultiPoint"",""coordinates"":[]}"
2016_08_07,2016-08-07,306.0901195568718,"{""type"":""MultiPoint"",""coordinates"":[]}"
2016_08_08,2016-08-08,,"{""type"":""MultiPoint"",""coordinates"":[]}"
2016_08_09,2016-08-09,308.9018750000001,"{""type"":""MultiPoint"",""coordinates"":[]}"
2016_08_10,2016-08-10,,"{""type"":""MultiPoint"",""coordinates"":[]}"
2016_08_11,2016-08-11,,"{""type"":""MultiPoint"",""coordinates"":[]}"
2016_08_12,2016-08-12,309.9163461538462,"{""type"":""MultiPoint"",""coordinates"":[]}"
2016_08_13,2016-08-13,,"{""type"":""MultiPoint"",""coordinates"":[]}"
2016_08_14,2016-08-14,,"{""type"":""MultiPoint"",""coordinates"":[]}"
2016_08_15,2016-08-15,,"{""type"":""MultiPoint"",""coordinates"":[]}"
2016_08_16,2016-08-16,,"{""type"":""MultiPoint"",""coordinates"":[]}"
2016_08_17,2016-08-17,,"{""type"":""MultiPoint"",""coordinates"":[]}"
2016_08_18,2016-08-18,,"{""type"":""MultiPoint"",""coordinates"":[]}"
2016_08_19,2016-08-19,307.0699408284023,"{""type"":""MultiPoint"",""coordinates"":[]}"
2016_08_20,2016-08-20,303.61256589240566,"{""type"":""MultiPoint"",""coordinates"":[]}"
2016_08_21,2016-08-21,312.054930317751,"{""type"":""MultiPoint"",""coordinates"":[]}"
2016_08_22,2016-08-22,,"{""type"":""MultiPoint"",""coordinates"":[]}"
2016_08_23,2016-08-23,309.4320732056049,"{""type"":""MultiPoint"",""coordinates"":[]}"
2016_08_24,2016-08-24,,"{""type"":""MultiPoint"",""coordinates"":[]}"
2016_08_25,2016-08-25,,"{""type"":""MultiPoint"",""coordinates"":[]}"
2016_08_26,2016-08-26,,"{""type"":""MultiPoint"",""coordinates"":[]}"
2016_08_27,2016-08-27,,"{""type"":""MultiPoint"",""coordinates"":[]}"
2016_08_28,2016-08-28,,"{""type"":""MultiPoint"",""coordinates"":[]}"
2016_08_29,2016-08-29,,"{""type"":""MultiPoint"",""coordinates"":[]}"
2016_08_30,2016-08-30,,"{""type"":""MultiPoint"",""coordinates"":[]}"
2016_08_31,2016-08-31,,"{""type"":""MultiPoint"",""coordinates"":[]}"
2016_09_01,2016-09-01,,"{""type"":""MultiPoint"",""coordinates"":[]}"
2016_09_02,2016-09-02,,"{""type"":""MultiPoint"",""coordinates"":[]}"
2016_09_03,2016-09-03,302.4336538951661,"{""type"":""MultiPoint"",""coordinates"":[]}"
2016_09_04,2016-09-04,,"{""type"":""MultiPoint"",""coordinates"":[]}"
2016_09_05,2016-09-05,,"{""type"":""MultiPoint"",""coordinates"":[]}"
2016_09_06,2016-09-06,309.457209028459,"{""type"":""MultiPoint"",""coordinates"":[]}"
2016_09_07,2016-09-07,,"{""type"":""MultiPoint"",""coordinates"":[]}"
2016_09_08,2016-09-08,310.1821023807369,"{""type"":""MultiPoint"",""coordinates"":[]}"
2016_09_09,2016-09-09,,"{""type"":""MultiPoint"",""coordinates"":[]}"
2016_09_10,2016-09-10,,"{""type"":""MultiPoint"",""coordinates"":[]}"
2016_09_11,2016-09-11,,"{""type"":""MultiPoint"",""coordinates"":[]}"
2016_09_12,2016-09-12,,"{""type"":""MultiPoint"",""coordinates"":[]}"
2016_09_13,2016-09-13,,"{""type"":""MultiPoint"",""coordinates"":[]}"
2016_09_14,2016-09-14,,"{""type"":""MultiPoint"",""coordinates"":[]}"
2016_09_15,2016-09-15,,"{""type"":""MultiPoint"",""coordinates"":[]}"
2016_09_16,2016-09-16,,"{""type"":""MultiPoint"",""coordinates"":[]}"
2016_09_17,2016-09-17,,"{""type"":""MultiPoint"",""coordinates"":[]}"
2016_09_18,2016-09-18,,"{""type"":""MultiPoint"",""coordinates"":[]}"
2016_09_19,2016-09-19,,"{""type"":""MultiPoint"",""coordinates"":[]}"
2016_09_20,2016-09-20,,"{""type"":""MultiPoint"",""coordinates"":[]}"
2016_09_21,2016-09-21,,"{""type"":""MultiPoint"",""coordinates"":[]}"
2016_09_22,2016-09-22,,"{""type"":""MultiPoint"",""coordinates"":[]}"
2016_09_23,2016-09-23,,"{""type"":""MultiPoint"",""coordinates"":[]}"
2016_09_24,2016-09-24,,"{""type"":""MultiPoint"",""coordinates"":[]}"
2016_09_25,2016-09-25,,"{""type"":""MultiPoint"",""coordinates"":[]}"
2016_09_26,2016-09-26,,"{""type"":""MultiPoint"",""coordinates"":[]}"
2016_09_27,2016-09-27,,"{""type"":""MultiPoint"",""coordinates"":[]}"
2016_09_28,2016-09-28,304.36386957460604,"{""type"":""MultiPoint"",""coordinates"":[]}"
2016_09_29,2016-09-29,307.53563817728417,"{""type"":""MultiPoint"",""coordinates"":[]}"
2016_09_30,2016-09-30,,"{""type"":""MultiPoint"",""coordinates"":[]}"
2016_10_01,2016-10-01,,"{""type"":""MultiPoint"",""coordinates"":[]}"
2016_10_02,2016-10-02,,"{""type"":""MultiPoint"",""coordinates"":[]}"
2016_10_03,2016-10-03,306.49659523691156,"{""type"":""MultiPoint"",""coordinates"":[]}"
2016_10_04,2016-10-04,,"{""type"":""MultiPoint"",""coordinates"":[]}"
2016_10_05,2016-10-05,,"{""type"":""MultiPoint"",""coordinates"":[]}"
2016_10_06,2016-10-06,306.56,"{""type"":""MultiPoint"",""coordinates"":[]}"
2016_10_07,2016-10-07,,"{""type"":""MultiPoint"",""coordinates"":[]}"
2016_10_08,2016-10-08,,"{""type"":""MultiPoint"",""coordinates"":[]}"
2016_10_09,2016-10-09,,"{""type"":""MultiPoint"",""coordinates"":[]}"
2016_10_10,2016-10-10,304.4420863930885,"{""type"":""MultiPoint"",""coordinates"":[]}"
2016_10_11,2016-10-11,,"{""type"":""MultiPoint"",""coordinates"":[]}"
2016_10_12,2016-10-12,310.185883459469,"{""type"":""MultiPoint"",""coordinates"":[]}"
2016_10_13,2016-10-13,306.4996510976555,"{""type"":""MultiPoint"",""coordinates"":[]}"
2016_10_14,2016-10-14,304.80687914872067,"{""type"":""MultiPoint"",""coordinates"":[]}"
2016_10_15,2016-10-15,311.71275296382163,"{""type"":""MultiPoint"",""coordinates"":[]}"
2016_10_16,2016-10-16,305.80252385178596,"{""type"":""MultiPoint"",""coordinates"":[]}"
2016_10_17,2016-10-17,312.24035172142254,"{""type"":""MultiPoint"",""coordinates"":[]}"
2016_10_18,2016-10-18,,"{""type"":""MultiPoint"",""coordinates"":[]}"
2016_10_19,2016-10-19,310.4868576928123,"{""type"":""MultiPoint"",""coordinates"":[]}"
2016_10_20,2016-10-20,,"{""type"":""MultiPoint"",""coordinates"":[]}"
2016_10_21,2016-10-21,308.53221488254064,"{""type"":""MultiPoint"",""coordinates"":[]}"
2016_10_22,2016-10-22,311.04137845050076,"{""type"":""MultiPoint"",""coordinates"":[]}"
2016_10_23,2016-10-23,306.72922608656745,"{""type"":""MultiPoint"",""coordinates"":[]}"
2016_10_24,2016-10-24,,"{""type"":""MultiPoint"",""coordinates"":[]}"
2016_10_25,2016-10-25,,"{""type"":""MultiPoint"",""coordinates"":[]}"
2016_10_26,2016-10-26,308.6593576358167,"{""type"":""MultiPoint"",""coordinates"":[]}"
2016_10_27,2016-10-27,306.1,"{""type"":""MultiPoint"",""coordinates"":[]}"
2016_10_28,2016-10-28,306.8180478238269,"{""type"":""MultiPoint"",""coordinates"":[]}"
2016_10_29,2016-10-29,,"{""type"":""MultiPoint"",""coordinates"":[]}"
2016_10_30,2016-10-30,,"{""type"":""MultiPoint"",""coordinates"":[]}"
2016_10_31,2016-10-31,307.30235084306094,"{""type"":""MultiPoint"",""coordinates"":[]}"
2016_11_01,2016-11-01,305.91356270959074,"{""type"":""MultiPoint"",""coordinates"":[]}"
2016_11_02,2016-11-02,309.87140951047775,"{""type"":""MultiPoint"",""coordinates"":[]}"
2016_11_03,2016-11-03,,"{""type"":""MultiPoint"",""coordinates"":[]}"
2016_11_04,2016-11-04,310.11914300713056,"{""type"":""MultiPoint"",""coordinates"":[]}"
2016_11_05,2016-11-05,304.9264884854598,"{""type"":""MultiPoint"",""coordinates"":[]}"
2016_11_06,2016-11-06,304.9715109282736,"{""type"":""MultiPoint"",""coordinates"":[]}"
2016_11_07,2016-11-07,309.06578021785737,"{""type"":""MultiPoint"",""coordinates"":[]}"
2016_11_08,2016-11-08,306.03711754669945,"{""type"":""MultiPoint"",""coordinates"":[]}"
2016_11_09,2016-11-09,310.0551170217419,"{""type"":""MultiPoint"",""coordinates"":[]}"
2016_11_10,2016-11-10,,"{""type"":""MultiPoint"",""coordinates"":[]}"
2016_11_11,2016-11-11,308.7103451594557,"{""type"":""MultiPoint"",""coordinates"":[]}"
2016_11_12,2016-11-12,305.6506957214218,"{""type"":""MultiPoint"",""coordinates"":[]}"
2016_11_13,2016-11-13,306.5841436633276,"{""type"":""MultiPoint"",""coordinates"":[]}"
2016_11_14,2016-11-14,,"{""type"":""MultiPoint"",""coordinates"":[]}"
2016_11_15,2016-11-15,,"{""type"":""MultiPoint"",""coordinates"":[]}"
2016_11_16,2016-11-16,307.41294125438793,"{""type"":""MultiPoint"",""coordinates"":[]}"
2016_11_17,2016-11-17,,"{""type"":""MultiPoint"",""coordinates"":[]}"
2016_11_18,2016-11-18,299.91224066181985,"{""type"":""MultiPoint"",""coordinates"":[]}"
2016_11_19,2016-11-19,,"{""type"":""MultiPoint"",""coordinates"":[]}"
2016_11_20,2016-11-20,301.4925451432131,"{""type"":""MultiPoint"",""coordinates"":[]}"
2016_11_21,2016-11-21,308.45523251235846,"{""type"":""MultiPoint"",""coordinates"":[]}"
2016_11_22,2016-11-22,308.4988039721772,"{""type"":""MultiPoint"",""coordinates"":[]}"
2016_11_23,2016-11-23,309.1421693862375,"{""type"":""MultiPoint"",""coordinates"":[]}"
2016_11_24,2016-11-24,306.6135027778994,"{""type"":""MultiPoint"",""coordinates"":[]}"
2016_11_25,2016-11-25,310.04400979920376,"{""type"":""MultiPoint"",""coordinates"":[]}"
2016_11_26,2016-11-26,,"{""type"":""MultiPoint"",""coordinates"":[]}"
2016_11_27,2016-11-27,310.7600301850474,"{""type"":""MultiPoint"",""coordinates"":[]}"
2016_11_28,2016-11-28,304.5011177937511,"{""type"":""MultiPoint"",""coordinates"":[]}"
2016_11_29,2016-11-29,299.86040899795506,"{""type"":""MultiPoint"",""coordinates"":[]}"
2016_11_30,2016-11-30,,"{""type"":""MultiPoint"",""coordinates"":[]}"
2016_12_01,2016-12-01,,"{""type"":""MultiPoint"",""coordinates"":[]}"
2016_12_02,2016-12-02,,"{""type"":""MultiPoint"",""coordinates"":[]}"
2016_12_03,2016-12-03,,"{""type"":""MultiPoint"",""coordinates"":[]}"
2016_12_04,2016-12-04,303.2536525636822,"{""type"":""MultiPoint"",""coordinates"":[]}"
2016_12_05,2016-12-05,,"{""type"":""MultiPoint"",""coordinates"":[]}"
2016_12_06,2016-12-06,306.4158790848244,"{""type"":""MultiPoint"",""coordinates"":[]}"
2016_12_07,2016-12-07,306.95783236362035,"{""type"":""MultiPoint"",""coordinates"":[]}"
2016_12_08,2016-12-08,306.34087536637674,"{""type"":""MultiPoint"",""coordinates"":[]}"
2016_12_09,2016-12-09,307.2198197646439,"{""type"":""MultiPoint"",""coordinates"":[]}"
2016_12_10,2016-12-10,,"{""type"":""MultiPoint"",""coordinates"":[]}"
2016_12_11,2016-12-11,302.7632132309509,"{""type"":""MultiPoint"",""coordinates"":[]}"
2016_12_12,2016-12-12,,"{""type"":""MultiPoint"",""coordinates"":[]}"
2016_12_13,2016-12-13,303.4557635220127,"{""type"":""MultiPoint"",""coordinates"":[]}"
2016_12_14,2016-12-14,,"{""type"":""MultiPoint"",""coordinates"":[]}"
2016_12_15,2016-12-15,304.74891101643317,"{""type"":""MultiPoint"",""coordinates"":[]}"
2016_12_16,2016-12-16,305.59478921207653,"{""type"":""MultiPoint"",""coordinates"":[]}"
2016_12_17,2016-12-17,306.2224603001008,"{""type"":""MultiPoint"",""coordinates"":[]}"
2016_12_18,2016-12-18,305.95855286757967,"{""type"":""MultiPoint"",""coordinates"":[]}"
2016_12_19,2016-12-19,305.0381254648058,"{""type"":""MultiPoint"",""coordinates"":[]}"
2016_12_20,2016-12-20,306.43973008443066,"{""type"":""MultiPoint"",""coordinates"":[]}"
2016_12_21,2016-12-21,,"{""type"":""MultiPoint"",""coordinates"":[]}"
2016_12_22,2016-12-22,308.7373235924581,"{""type"":""MultiPoint"",""coordinates"":[]}"
2016_12_23,2016-12-23,308.37598232643586,"{""type"":""MultiPoint"",""coordinates"":[]}"
2016_12_24,2016-12-24,306.55693337416335,"{""type"":""MultiPoint"",""coordinates"":[]}"
2016_12_25,2016-12-25,308.9647583008882,"{""type"":""MultiPoint"",""coordinates"":[]}"
2016_12_26,2016-12-26,306.5628863904805,"{""type"":""MultiPoint"",""coordinates"":[]}"
2016_12_27,2016-12-27,308.609443545212,"{""type"":""MultiPoint"",""coordinates"":[]}"
2016_12_28,2016-12-28,,"{""type"":""MultiPoint"",""coordinates"":[]}"
2016_12_29,2016-12-29,306.4409493894886,"{""type"":""MultiPoint"",""coordinates"":[]}"
2016_12_30,2016-12-30,305.53649765956504,"{""type"":""MultiPoint"",""coordinates"":[]}"
2016_12_31,2016-12-31,307.24053808128076,"{""type"":""MultiPoint"",""coordinates"":[]}"
2017_01_01,2017-01-01,307.2450470274291,"{""type"":""MultiPoint"",""coordinates"":[]}"
2017_01_02,2017-01-02,305.86888359070804,"{""type"":""MultiPoint"",""coordinates"":[]}"
2017_01_03,2017-01-03,307.97810184172545,"{""type"":""MultiPoint"",""coordinates"":[]}"
2017_01_04,2017-01-04,303.68821864473523,"{""type"":""MultiPoint"",""coordinates"":[]}"
2017_01_05,2017-01-05,308.5220315849338,"{""type"":""MultiPoint"",""coordinates"":[]}"
2017_01_06,2017-01-06,,"{""type"":""MultiPoint"",""coordinates"":[]}"
2017_01_07,2017-01-07,308.33870904239035,"{""type"":""MultiPoint"",""coordinates"":[]}"
2017_01_08,2017-01-08,305.598353254241,"{""type"":""MultiPoint"",""coordinates"":[]}"
2017_01_09,2017-01-09,305.19914790327795,"{""type"":""MultiPoint"",""coordinates"":[]}"
2017_01_10,2017-01-10,304.21568753706686,"{""type"":""MultiPoint"",""coordinates"":[]}"
2017_01_11,2017-01-11,303.76890462939537,"{""type"":""MultiPoint"",""coordinates"":[]}"
2017_01_12,2017-01-12,307.04634542193446,"{""type"":""MultiPoint"",""coordinates"":[]}"
2017_01_13,2017-01-13,,"{""type"":""MultiPoint"",""coordinates"":[]}"
2017_01_14,2017-01-14,305.6838619362178,"{""type"":""MultiPoint"",""coordinates"":[]}"
2017_01_15,2017-01-15,304.74101816847127,"{""type"":""MultiPoint"",""coordinates"":[]}"
2017_01_16,2017-01-16,308.017790804497,"{""type"":""MultiPoint"",""coordinates"":[]}"
2017_01_17,2017-01-17,307.09020210857864,"{""type"":""MultiPoint"",""coordinates"":[]}"
2017_01_18,2017-01-18,305.9588595301631,"{""type"":""MultiPoint"",""coordinates"":[]}"
2017_01_19,2017-01-19,305.5069605514951,"{""type"":""MultiPoint"",""coordinates"":[]}"
2017_01_20,2017-01-20,304.39839275558865,"{""type"":""MultiPoint"",""coordinates"":[]}"
2017_01_21,2017-01-21,309.5150457150356,"{""type"":""MultiPoint"",""coordinates"":[]}"
2017_01_22,2017-01-22,,"{""type"":""MultiPoint"",""coordinates"":[]}"
2017_01_23,2017-01-23,308.10652172011004,"{""type"":""MultiPoint"",""coordinates"":[]}"
2017_01_24,2017-01-24,307.9951279583534,"{""type"":""MultiPoint"",""coordinates"":[]}"
2017_01_25,2017-01-25,308.01601294894795,"{""type"":""MultiPoint"",""coordinates"":[]}"
2017_01_26,2017-01-26,,"{""type"":""MultiPoint"",""coordinates"":[]}"
2017_01_27,2017-01-27,,"{""type"":""MultiPoint"",""coordinates"":[]}"
2017_01_28,2017-01-28,308.7347775493243,"{""type"":""MultiPoint"",""coordinates"":[]}"
2017_01_29,2017-01-29,,"{""type"":""MultiPoint"",""coordinates"":[]}"
2017_01_30,2017-01-30,313.0777068113217,"{""type"":""MultiPoint"",""coordinates"":[]}"
2017_01_31,2017-01-31,309.58090598888845,"{""type"":""MultiPoint"",""coordinates"":[]}"
2017_02_01,2017-02-01,310.99413272671586,"{""type"":""MultiPoint"",""coordinates"":[]}"
2017_02_02,2017-02-02,309.5531978651734,"{""type"":""MultiPoint"",""coordinates"":[]}"
2017_02_03,2017-02-03,308.9885043090249,"{""type"":""MultiPoint"",""coordinates"":[]}"
2017_02_04,2017-02-04,311.67410254166856,"{""type"":""MultiPoint"",""coordinates"":[]}"
2017_02_05,2017-02-05,308.51896627149057,"{""type"":""MultiPoint"",""coordinates"":[]}"
2017_02_06,2017-02-06,312.9578004287153,"{""type"":""MultiPoint"",""coordinates"":[]}"
2017_02_07,2017-02-07,,"{""type"":""MultiPoint"",""coordinates"":[]}"
2017_02_08,2017-02-08,312.5049254123104,"{""type"":""MultiPoint"",""coordinates"":[]}"
2017_02_09,2017-02-09,310.47469093136186,"{""type"":""MultiPoint"",""coordinates"":[]}"
2017_02_10,2017-02-10,310.9536130189422,"{""type"":""MultiPoint"",""coordinates"":[]}"
2017_02_11,2017-02-11,311.96788442189046,"{""type"":""MultiPoint"",""coordinates"":[]}"
2017_02_12,2017-02-12,306.71699461918735,"{""type"":""MultiPoint"",""coordinates"":[]}"
2017_02_13,2017-02-13,311.4149362944613,"{""type"":""MultiPoint"",""coordinates"":[]}"
2017_02_14,2017-02-14,,"{""type"":""MultiPoint"",""coordinates"":[]}"
2017_02_15,2017-02-15,311.87719552163304,"{""type"":""MultiPoint"",""coordinates"":[]}"
2017_02_16,2017-02-16,309.9735775843214,"{""type"":""MultiPoint"",""coordinates"":[]}"
2017_02_17,2017-02-17,311.83814077606195,"{""type"":""MultiPoint"",""coordinates"":[]}"
2017_02_18,2017-02-18,312.3869679338553,"{""type"":""MultiPoint"",""coordinates"":[]}"
2017_02_19,2017-02-19,312.9786565466556,"{""type"":""MultiPoint"",""coordinates"":[]}"
2017_02_20,2017-02-20,318.14712935823957,"{""type"":""MultiPoint"",""coordinates"":[]}"
2017_02_21,2017-02-21,312.2087991600686,"{""type"":""MultiPoint"",""coordinates"":[]}"
2017_02_22,2017-02-22,317.43878166149,"{""type"":""MultiPoint"",""coordinates"":[]}"
2017_02_23,2017-02-23,,"{""type"":""MultiPoint"",""coordinates"":[]}"
2017_02_24,2017-02-24,317.596528282077,"{""type"":""MultiPoint"",""coordinates"":[]}"
2017_02_25,2017-02-25,312.66816177435567,"{""type"":""MultiPoint"",""coordinates"":[]}"
2017_02_26,2017-02-26,314.54112778336736,"{""type"":""MultiPoint"",""coordinates"":[]}"
2017_02_27,2017-02-27,315.62510346034384,"{""type"":""MultiPoint"",""coordinates"":[]}"
2017_02_28,2017-02-28,312.37393805503297,"{""type"":""MultiPoint"",""coordinates"":[]}"
2017_03_01,2017-03-01,309.57024518016834,"{""type"":""MultiPoint"",""coordinates"":[]}"
2017_03_02,2017-03-02,,"{""type"":""MultiPoint"",""coordinates"":[]}"
2017_03_03,2017-03-03,318.77370023004784,"{""type"":""MultiPoint"",""coordinates"":[]}"
2017_03_04,2017-03-04,312.86354783673835,"{""type"":""MultiPoint"",""coordinates"":[]}"
2017_03_05,2017-03-05,313.3277003263677,"{""type"":""MultiPoint"",""coordinates"":[]}"
2017_03_06,2017-03-06,310.53342236092465,"{""type"":""MultiPoint"",""coordinates"":[]}"
2017_03_07,2017-03-07,309.59494521548567,"{""type"":""MultiPoint"",""coordinates"":[]}"
2017_03_08,2017-03-08,316.78628767662633,"{""type"":""MultiPoint"",""coordinates"":[]}"
2017_03_09,2017-03-09,307.5268882994059,"{""type"":""MultiPoint"",""coordinates"":[]}"
2017_03_10,2017-03-10,315.2632081801473,"{""type"":""MultiPoint"",""coordinates"":[]}"
2017_03_11,2017-03-11,,"{""type"":""MultiPoint"",""coordinates"":[]}"
2017_03_12,2017-03-12,311.85352383952466,"{""type"":""MultiPoint"",""coordinates"":[]}"
2017_03_13,2017-03-13,312.6040220482087,"{""type"":""MultiPoint"",""coordinates"":[]}"
2017_03_14,2017-03-14,309.687768077579,"{""type"":""MultiPoint"",""coordinates"":[]}"
2017_03_15,2017-03-15,310.19835772677465,"{""type"":""MultiPoint"",""coordinates"":[]}"
2017_03_16,2017-03-16,310.26,"{""type"":""MultiPoint"",""coordinates"":[]}"
2017_03_17,2017-03-17,314.65479074500126,"{""type"":""MultiPoint"",""coordinates"":[]}"
2017_03_18,2017-03-18,,"{""type"":""MultiPoint"",""coordinates"":[]}"
2017_03_19,2017-03-19,317.5467758869592,"{""type"":""MultiPoint"",""coordinates"":[]}"
2017_03_20,2017-03-20,312.6148156087317,"{""type"":""MultiPoint"",""coordinates"":[]}"
2017_03_21,2017-03-21,316.8349153506279,"{""type"":""MultiPoint"",""coordinates"":[]}"
2017_03_22,2017-03-22,316.46451507065063,"{""type"":""MultiPoint"",""coordinates"":[]}"
2017_03_23,2017-03-23,316.4326663458594,"{""type"":""MultiPoint"",""coordinates"":[]}"
2017_03_24,2017-03-24,320.39358239643036,"{""type"":""MultiPoint"",""coordinates"":[]}"
2017_03_25,2017-03-25,313.32082418303526,"{""type"":""MultiPoint"",""coordinates"":[]}"
2017_03_26,2017-03-26,316.12805232410454,"{""type"":""MultiPoint"",""coordinates"":[]}"
2017_03_27,2017-03-27,,"{""type"":""MultiPoint"",""coordinates"":[]}"
2017_03_28,2017-03-28,318.72980445338834,"{""type"":""MultiPoint"",""coordinates"":[]}"
2017_03_29,2017-03-29,315.56873572772173,"{""type"":""MultiPoint"",""coordinates"":[]}"
2017_03_30,2017-03-30,317.32874447701124,"{""type"":""MultiPoint"",""coordinates"":[]}"
2017_03_31,2017-03-31,319.2951577088624,"{""type"":""MultiPoint"",""coordinates"":[]}"
2017_04_01,2017-04-01,315.1082645785031,"{""type"":""MultiPoint"",""coordinates"":[]}"
2017_04_02,2017-04-02,318.2513491403822,"{""type"":""MultiPoint"",""coordinates"":[]}"
2017_04_03,2017-04-03,,"{""type"":""MultiPoint"",""coordinates"":[]}"
2017_04_04,2017-04-04,316.2905427017273,"{""type"":""MultiPoint"",""coordinates"":[]}"
2017_04_05,2017-04-05,,"{""type"":""MultiPoint"",""coordinates"":[]}"
2017_04_06,2017-04-06,317.20833544774496,"{""type"":""MultiPoint"",""coordinates"":[]}"
2017_04_07,2017-04-07,,"{""type"":""MultiPoint"",""coordinates"":[]}"
2017_04_08,2017-04-08,313.38788885242315,"{""type"":""MultiPoint"",""coordinates"":[]}"
2017_04_09,2017-04-09,316.23206418638915,"{""type"":""MultiPoint"",""coordinates"":[]}"
2017_04_10,2017-04-10,311.3579951003984,"{""type"":""MultiPoint"",""coordinates"":[]}"
2017_04_11,2017-04-11,322.4564390393281,"{""type"":""MultiPoint"",""coordinates"":[]}"
2017_04_12,2017-04-12,,"{""type"":""MultiPoint"",""coordinates"":[]}"
2017_04_13,2017-04-13,320.1439888009103,"{""type"":""MultiPoint"",""coordinates"":[]}"
2017_04_14,2017-04-14,314.19280242700034,"{""type"":""MultiPoint"",""coordinates"":[]}"
2017_04_15,2017-04-15,318.6548672295378,"{""type"":""MultiPoint"",""coordinates"":[]}"
2017_04_16,2017-04-16,319.47441751607704,"{""type"":""MultiPoint"",""coordinates"":[]}"
2017_04_17,2017-04-17,316.09436720766445,"{""type"":""MultiPoint"",""coordinates"":[]}"
2017_04_18,2017-04-18,322.307834988407,"{""type"":""MultiPoint"",""coordinates"":[]}"
2017_04_19,2017-04-19,,"{""type"":""MultiPoint"",""coordinates"":[]}"
2017_04_20,2017-04-20,323.05662189947066,"{""type"":""MultiPoint"",""coordinates"":[]}"
2017_04_21,2017-04-21,316.1745036965747,"{""type"":""MultiPoint"",""coordinates"":[]}"
2017_04_22,2017-04-22,320.71576096942107,"{""type"":""MultiPoint"",""coordinates"":[]}"
2017_04_23,2017-04-23,317.6640832932325,"{""type"":""MultiPoint"",""coordinates"":[]}"
2017_04_24,2017-04-24,317.6224572378491,"{""type"":""MultiPoint"",""coordinates"":[]}"
2017_04_25,2017-04-25,322.91231156218544,"{""type"":""MultiPoint"",""coordinates"":[]}"
2017_04_26,2017-04-26,317.16191696924625,"{""type"":""MultiPoint"",""coordinates"":[]}"
2017_04_27,2017-04-27,317.41222176759385,"{""type"":""MultiPoint"",""coordinates"":[]}"
2017_04_28,2017-04-28,,"{""type"":""MultiPoint"",""coordinates"":[]}"
2017_04_29,2017-04-29,319.25079461571875,"{""type"":""MultiPoint"",""coordinates"":[]}"
2017_04_30,2017-04-30,314.48685788443356,"{""type"":""MultiPoint"",""coordinates"":[]}"
2017_05_01,2017-05-01,316.95804629527055,"{""type"":""MultiPoint"",""coordinates"":[]}"
2017_05_02,2017-05-02,316.2329935463976,"{""type"":""MultiPoint"",""coordinates"":[]}"
2017_05_03,2017-05-03,312.5640105886372,"{""type"":""MultiPoint"",""coordinates"":[]}"
2017_05_04,2017-05-04,318.6229851831652,"{""type"":""MultiPoint"",""coordinates"":[]}"
2017_05_05,2017-05-05,,"{""type"":""MultiPoint"",""coordinates"":[]}"
2017_05_06,2017-05-06,316.6172957821676,"{""type"":""MultiPoint"",""coordinates"":[]}"
2017_05_07,2017-05-07,311.61214209865796,"{""type"":""MultiPoint"",""coordinates"":[]}"
2017_05_08,2017-05-08,318.1159962373118,"{""type"":""MultiPoint"",""coordinates"":[]}"
2017_05_09,2017-05-09,316.6215183518825,"{""type"":""MultiPoint"",""coordinates"":[]}"
2017_05_10,2017-05-10,309.9527709336791,"{""type"":""MultiPoint"",""coordinates"":[]}"
2017_05_11,2017-05-11,317.79938152539364,"{""type"":""MultiPoint"",""coordinates"":[]}"
2017_05_12,2017-05-12,312.54244105166464,"{""type"":""MultiPoint"",""coordinates"":[]}"
2017_05_13,2017-05-13,319.90114794852053,"{""type"":""MultiPoint"",""coordinates"":[]}"
2017_05_14,2017-05-14,,"{""type"":""MultiPoint"",""coordinates"":[]}"
2017_05_15,2017-05-15,308.7205235084946,"{""type"":""MultiPoint"",""coordinates"":[]}"
2017_05_16,2017-05-16,314.2603381600245,"{""type"":""MultiPoint"",""coordinates"":[]}"
2017_05_17,2017-05-17,312.12643228474013,"{""type"":""MultiPoint"",""coordinates"":[]}"
2017_05_18,2017-05-18,318.79704287002596,"{""type"":""MultiPoint"",""coordinates"":[]}"
2017_05_19,2017-05-19,315.365529550724,"{""type"":""MultiPoint"",""coordinates"":[]}"
2017_05_20,2017-05-20,322.73154157166755,"{""type"":""MultiPoint"",""coordinates"":[]}"
2017_05_21,2017-05-21,,"{""type"":""MultiPoint"",""coordinates"":[]}"
2017_05_22,2017-05-22,321.66264435381794,"{""type"":""MultiPoint"",""coordinates"":[]}"
2017_05_23,2017-05-23,315.6333333333333,"{""type"":""MultiPoint"",""coordinates"":[]}"
2017_05_24,2017-05-24,319.6034739052453,"{""type"":""MultiPoint"",""coordinates"":[]}"
2017_05_25,2017-05-25,314.35026375529486,"{""type"":""MultiPoint"",""coordinates"":[]}"
2017_05_26,2017-05-26,313.66436539675857,"{""type"":""MultiPoint"",""coordinates"":[]}"
2017_05_27,2017-05-27,312.61886572438164,"{""type"":""MultiPoint"",""coordinates"":[]}"
2017_05_28,2017-05-28,,"{""type"":""MultiPoint"",""coordinates"":[]}"
2017_05_29,2017-05-29,317.09584365308075,"{""type"":""MultiPoint"",""coordinates"":[]}"
2017_05_30,2017-05-30,,"{""type"":""MultiPoint"",""coordinates"":[]}"
2017_05_31,2017-05-31,318.6112944670702,"{""type"":""MultiPoint"",""coordinates"":[]}"
2017_06_01,2017-06-01,310.7789861710169,"{""type"":""MultiPoint"",""coordinates"":[]}"
2017_06_02,2017-06-02,314.6265124070185,"{""type"":""MultiPoint"",""coordinates"":[]}"
2017_06_03,2017-06-03,316.3520714793743,"{""type"":""MultiPoint"",""coordinates"":[]}"
2017_06_04,2017-06-04,,"{""type"":""MultiPoint"",""coordinates"":[]}"
2017_06_05,2017-06-05,312.06309185502545,"{""type"":""MultiPoint"",""coordinates"":[]}"
2017_06_06,2017-06-06,,"{""type"":""MultiPoint"",""coordinates"":[]}"
2017_06_07,2017-06-07,,"{""type"":""MultiPoint"",""coordinates"":[]}"
2017_06_08,2017-06-08,,"{""type"":""MultiPoint"",""coordinates"":[]}"
2017_06_09,2017-06-09,,"{""type"":""MultiPoint"",""coordinates"":[]}"
2017_06_10,2017-06-10,,"{""type"":""MultiPoint"",""coordinates"":[]}"
2017_06_11,2017-06-11,,"{""type"":""MultiPoint"",""coordinates"":[]}"
2017_06_12,2017-06-12,,"{""type"":""MultiPoint"",""coordinates"":[]}"
2017_06_13,2017-06-13,,"{""type"":""MultiPoint"",""coordinates"":[]}"
2017_06_14,2017-06-14,,"{""type"":""MultiPoint"",""coordinates"":[]}"
2017_06_15,2017-06-15,,"{""type"":""MultiPoint"",""coordinates"":[]}"
2017_06_16,2017-06-16,,"{""type"":""MultiPoint"",""coordinates"":[]}"
2017_06_17,2017-06-17,,"{""type"":""MultiPoint"",""coordinates"":[]}"
2017_06_18,2017-06-18,,"{""type"":""MultiPoint"",""coordinates"":[]}"
2017_06_19,2017-06-19,,"{""type"":""MultiPoint"",""coordinates"":[]}"
2017_06_20,2017-06-20,,"{""type"":""MultiPoint"",""coordinates"":[]}"
2017_06_21,2017-06-21,,"{""type"":""MultiPoint"",""coordinates"":[]}"
2017_06_22,2017-06-22,,"{""type"":""MultiPoint"",""coordinates"":[]}"
2017_06_23,2017-06-23,,"{""type"":""MultiPoint"",""coordinates"":[]}"
2017_06_24,2017-06-24,,"{""type"":""MultiPoint"",""coordinates"":[]}"
2017_06_25,2017-06-25,,"{""type"":""MultiPoint"",""coordinates"":[]}"
2017_06_26,2017-06-26,,"{""type"":""MultiPoint"",""coordinates"":[]}"
2017_06_27,2017-06-27,,"{""type"":""MultiPoint"",""coordinates"":[]}"
2017_06_28,2017-06-28,,"{""type"":""MultiPoint"",""coordinates"":[]}"
2017_06_29,2017-06-29,,"{""type"":""MultiPoint"",""coordinates"":[]}"
2017_06_30,2017-06-30,,"{""type"":""MultiPoint"",""coordinates"":[]}"
2017_07_01,2017-07-01,,"{""type"":""MultiPoint"",""coordinates"":[]}"
2017_07_02,2017-07-02,,"{""type"":""MultiPoint"",""coordinates"":[]}"
2017_07_03,2017-07-03,,"{""type"":""MultiPoint"",""coordinates"":[]}"
2017_07_04,2017-07-04,,"{""type"":""MultiPoint"",""coordinates"":[]}"
2017_07_05,2017-07-05,,"{""type"":""MultiPoint"",""coordinates"":[]}"
2017_07_06,2017-07-06,,"{""type"":""MultiPoint"",""coordinates"":[]}"
2017_07_07,2017-07-07,,"{""type"":""MultiPoint"",""coordinates"":[]}"
2017_07_08,2017-07-08,,"{""type"":""MultiPoint"",""coordinates"":[]}"
2017_07_09,2017-07-09,,"{""type"":""MultiPoint"",""coordinates"":[]}"
2017_07_10,2017-07-10,,"{""type"":""MultiPoint"",""coordinates"":[]}"
2017_07_11,2017-07-11,,"{""type"":""MultiPoint"",""coordinates"":[]}"
2017_07_12,2017-07-12,,"{""type"":""MultiPoint"",""coordinates"":[]}"
2017_07_13,2017-07-13,,"{""type"":""MultiPoint"",""coordinates"":[]}"
2017_07_14,2017-07-14,,"{""type"":""MultiPoint"",""coordinates"":[]}"
2017_07_15,2017-07-15,,"{""type"":""MultiPoint"",""coordinates"":[]}"
2017_07_16,2017-07-16,,"{""type"":""MultiPoint"",""coordinates"":[]}"
2017_07_17,2017-07-17,,"{""type"":""MultiPoint"",""coordinates"":[]}"
2017_07_18,2017-07-18,,"{""type"":""MultiPoint"",""coordinates"":[]}"
2017_07_19,2017-07-19,,"{""type"":""MultiPoint"",""coordinates"":[]}"
2017_07_20,2017-07-20,,"{""type"":""MultiPoint"",""coordinates"":[]}"
2017_07_21,2017-07-21,,"{""type"":""MultiPoint"",""coordinates"":[]}"
2017_07_22,2017-07-22,,"{""type"":""MultiPoint"",""coordinates"":[]}"
2017_07_23,2017-07-23,,"{""type"":""MultiPoint"",""coordinates"":[]}"
2017_07_24,2017-07-24,,"{""type"":""MultiPoint"",""coordinates"":[]}"
2017_07_25,2017-07-25,308.2220337094302,"{""type"":""MultiPoint"",""coordinates"":[]}"
2017_07_26,2017-07-26,,"{""type"":""MultiPoint"",""coordinates"":[]}"
2017_07_27,2017-07-27,,"{""type"":""MultiPoint"",""coordinates"":[]}"
2017_07_28,2017-07-28,,"{""type"":""MultiPoint"",""coordinates"":[]}"
2017_07_29,2017-07-29,,"{""type"":""MultiPoint"",""coordinates"":[]}"
2017_07_30,2017-07-30,,"{""type"":""MultiPoint"",""coordinates"":[]}"
2017_07_31,2017-07-31,,"{""type"":""MultiPoint"",""coordinates"":[]}"
2017_08_01,2017-08-01,,"{""type"":""MultiPoint"",""coordinates"":[]}"
2017_08_02,2017-08-02,,"{""type"":""MultiPoint"",""coordinates"":[]}"
2017_08_03,2017-08-03,312.14,"{""type"":""MultiPoint"",""coordinates"":[]}"
2017_08_04,2017-08-04,,"{""type"":""MultiPoint"",""coordinates"":[]}"
2017_08_05,2017-08-05,,"{""type"":""MultiPoint"",""coordinates"":[]}"
2017_08_06,2017-08-06,,"{""type"":""MultiPoint"",""coordinates"":[]}"
2017_08_07,2017-08-07,,"{""type"":""MultiPoint"",""coordinates"":[]}"
2017_08_08,2017-08-08,,"{""type"":""MultiPoint"",""coordinates"":[]}"
2017_08_09,2017-08-09,,"{""type"":""MultiPoint"",""coordinates"":[]}"
2017_08_10,2017-08-10,,"{""type"":""MultiPoint"",""coordinates"":[]}"
2017_08_11,2017-08-11,,"{""type"":""MultiPoint"",""coordinates"":[]}"
2017_08_12,2017-08-12,,"{""type"":""MultiPoint"",""coordinates"":[]}"
2017_08_13,2017-08-13,,"{""type"":""MultiPoint"",""coordinates"":[]}"
2017_08_14,2017-08-14,,"{""type"":""MultiPoint"",""coordinates"":[]}"
2017_08_15,2017-08-15,,"{""type"":""MultiPoint"",""coordinates"":[]}"
2017_08_16,2017-08-16,,"{""type"":""MultiPoint"",""coordinates"":[]}"
2017_08_17,2017-08-17,,"{""type"":""MultiPoint"",""coordinates"":[]}"
2017_08_18,2017-08-18,,"{""type"":""MultiPoint"",""coordinates"":[]}"
2017_08_19,2017-08-19,,"{""type"":""MultiPoint"",""coordinates"":[]}"
2017_08_20,2017-08-20,,"{""type"":""MultiPoint"",""coordinates"":[]}"
2017_08_21,2017-08-21,,"{""type"":""MultiPoint"",""coordinates"":[]}"
2017_08_22,2017-08-22,303.73275210928085,"{""type"":""MultiPoint"",""coordinates"":[]}"
2017_08_23,2017-08-23,304.95568495854724,"{""type"":""MultiPoint"",""coordinates"":[]}"
2017_08_24,2017-08-24,,"{""type"":""MultiPoint"",""coordinates"":[]}"
2017_08_25,2017-08-25,,"{""type"":""MultiPoint"",""coordinates"":[]}"
2017_08_26,2017-08-26,,"{""type"":""MultiPoint"",""coordinates"":[]}"
2017_08_27,2017-08-27,,"{""type"":""MultiPoint"",""coordinates"":[]}"
2017_08_28,2017-08-28,,"{""type"":""MultiPoint"",""coordinates"":[]}"
2017_08_29,2017-08-29,,"{""type"":""MultiPoint"",""coordinates"":[]}"
2017_08_30,2017-08-30,302.79141361256546,"{""type"":""MultiPoint"",""coordinates"":[]}"
2017_08_31,2017-08-31,,"{""type"":""MultiPoint"",""coordinates"":[]}"
2017_09_01,2017-09-01,,"{""type"":""MultiPoint"",""coordinates"":[]}"
2017_09_02,2017-09-02,,"{""type"":""MultiPoint"",""coordinates"":[]}"
2017_09_03,2017-09-03,,"{""type"":""MultiPoint"",""coordinates"":[]}"
2017_09_04,2017-09-04,,"{""type"":""MultiPoint"",""coordinates"":[]}"
2017_09_05,2017-09-05,,"{""type"":""MultiPoint"",""coordinates"":[]}"
2017_09_06,2017-09-06,,"{""type"":""MultiPoint"",""coordinates"":[]}"
2017_09_07,2017-09-07,,"{""type"":""MultiPoint"",""coordinates"":[]}"
2017_09_08,2017-09-08,,"{""type"":""MultiPoint"",""coordinates"":[]}"
2017_09_09,2017-09-09,309.48323802645825,"{""type"":""MultiPoint"",""coordinates"":[]}"
2017_09_10,2017-09-10,,"{""type"":""MultiPoint"",""coordinates"":[]}"
2017_09_11,2017-09-11,,"{""type"":""MultiPoint"",""coordinates"":[]}"
2017_09_12,2017-09-12,,"{""type"":""MultiPoint"",""coordinates"":[]}"
2017_09_13,2017-09-13,,"{""type"":""MultiPoint"",""coordinates"":[]}"
2017_09_14,2017-09-14,,"{""type"":""MultiPoint"",""coordinates"":[]}"
2017_09_15,2017-09-15,305.7208473760231,"{""type"":""MultiPoint"",""coordinates"":[]}"
2017_09_16,2017-09-16,,"{""type"":""MultiPoint"",""coordinates"":[]}"
2017_09_17,2017-09-17,,"{""type"":""MultiPoint"",""coordinates"":[]}"
2017_09_18,2017-09-18,,"{""type"":""MultiPoint"",""coordinates"":[]}"
2017_09_19,2017-09-19,,"{""type"":""MultiPoint"",""coordinates"":[]}"
2017_09_20,2017-09-20,,"{""type"":""MultiPoint"",""coordinates"":[]}"
2017_09_21,2017-09-21,,"{""type"":""MultiPoint"",""coordinates"":[]}"
2017_09_22,2017-09-22,,"{""type"":""MultiPoint"",""coordinates"":[]}"
2017_09_23,2017-09-23,305.74,"{""type"":""MultiPoint"",""coordinates"":[]}"
2017_09_24,2017-09-24,,"{""type"":""MultiPoint"",""coordinates"":[]}"
2017_09_25,2017-09-25,,"{""type"":""MultiPoint"",""coordinates"":[]}"
2017_09_26,2017-09-26,,"{""type"":""MultiPoint"",""coordinates"":[]}"
2017_09_27,2017-09-27,301.63410294716834,"{""type"":""MultiPoint"",""coordinates"":[]}"
2017_09_28,2017-09-28,,"{""type"":""MultiPoint"",""coordinates"":[]}"
2017_09_29,2017-09-29,,"{""type"":""MultiPoint"",""coordinates"":[]}"
2017_09_30,2017-09-30,,"{""type"":""MultiPoint"",""coordinates"":[]}"
2017_10_01,2017-10-01,,"{""type"":""MultiPoint"",""coordinates"":[]}"
2017_10_02,2017-10-02,,"{""type"":""MultiPoint"",""coordinates"":[]}"
2017_10_03,2017-10-03,,"{""type"":""MultiPoint"",""coordinates"":[]}"
2017_10_04,2017-10-04,,"{""type"":""MultiPoint"",""coordinates"":[]}"
2017_10_05,2017-10-05,,"{""type"":""MultiPoint"",""coordinates"":[]}"
2017_10_06,2017-10-06,,"{""type"":""MultiPoint"",""coordinates"":[]}"
2017_10_07,2017-10-07,,"{""type"":""MultiPoint"",""coordinates"":[]}"
2017_10_08,2017-10-08,,"{""type"":""MultiPoint"",""coordinates"":[]}"
2017_10_09,2017-10-09,,"{""type"":""MultiPoint"",""coordinates"":[]}"
2017_10_10,2017-10-10,301.3985903614458,"{""type"":""MultiPoint"",""coordinates"":[]}"
2017_10_11,2017-10-11,308.7457971778208,"{""type"":""MultiPoint"",""coordinates"":[]}"
2017_10_12,2017-10-12,,"{""type"":""MultiPoint"",""coordinates"":[]}"
2017_10_13,2017-10-13,302.40000000000003,"{""type"":""MultiPoint"",""coordinates"":[]}"
2017_10_14,2017-10-14,,"{""type"":""MultiPoint"",""coordinates"":[]}"
2017_10_15,2017-10-15,,"{""type"":""MultiPoint"",""coordinates"":[]}"
2017_10_16,2017-10-16,,"{""type"":""MultiPoint"",""coordinates"":[]}"
2017_10_17,2017-10-17,304.9590455906413,"{""type"":""MultiPoint"",""coordinates"":[]}"
2017_10_18,2017-10-18,305.0507060609894,"{""type"":""MultiPoint"",""coordinates"":[]}"
2017_10_19,2017-10-19,302.1881107195885,"{""type"":""MultiPoint"",""coordinates"":[]}"
2017_10_20,2017-10-20,309.1136049907088,"{""type"":""MultiPoint"",""coordinates"":[]}"
2017_10_21,2017-10-21,,"{""type"":""MultiPoint"",""coordinates"":[]}"
2017_10_22,2017-10-22,,"{""type"":""MultiPoint"",""coordinates"":[]}"
2017_10_23,2017-10-23,,"{""type"":""MultiPoint"",""coordinates"":[]}"
2017_10_24,2017-10-24,303.40741668530535,"{""type"":""MultiPoint"",""coordinates"":[]}"
2017_10_25,2017-10-25,308.7173717135484,"{""type"":""MultiPoint"",""coordinates"":[]}"
2017_10_26,2017-10-26,301.7729278830176,"{""type"":""MultiPoint"",""coordinates"":[]}"
2017_10_27,2017-10-27,309.132886942832,"{""type"":""MultiPoint"",""coordinates"":[]}"
2017_10_28,2017-10-28,,"{""type"":""MultiPoint"",""coordinates"":[]}"
2017_10_29,2017-10-29,307.3516389358485,"{""type"":""MultiPoint"",""coordinates"":[]}"
2017_10_30,2017-10-30,306.9489325867274,"{""type"":""MultiPoint"",""coordinates"":[]}"
2017_10_31,2017-10-31,308.13563104247766,"{""type"":""MultiPoint"",""coordinates"":[]}"
2017_11_01,2017-11-01,305.56,"{""type"":""MultiPoint"",""coordinates"":[]}"
2017_11_02,2017-11-02,306.221352640098,"{""type"":""MultiPoint"",""coordinates"":[]}"
2017_11_03,2017-11-03,,"{""type"":""MultiPoint"",""coordinates"":[]}"
2017_11_04,2017-11-04,303.6372649722211,"{""type"":""MultiPoint"",""coordinates"":[]}"
2017_11_05,2017-11-05,306.7097172187634,"{""type"":""MultiPoint"",""coordinates"":[]}"
2017_11_06,2017-11-06,,"{""type"":""MultiPoint"",""coordinates"":[]}"
2017_11_07,2017-11-07,307.42663290803375,"{""type"":""MultiPoint"",""coordinates"":[]}"
2017_11_08,2017-11-08,307.7401137407585,"{""type"":""MultiPoint"",""coordinates"":[]}"
2017_11_09,2017-11-09,308.0765046589963,"{""type"":""MultiPoint"",""coordinates"":[]}"
2017_11_10,2017-11-10,309.45353864998464,"{""type"":""MultiPoint"",""coordinates"":[]}"
2017_11_11,2017-11-11,298.6785943840286,"{""type"":""MultiPoint"",""coordinates"":[]}"
2017_11_12,2017-11-12,,"{""type"":""MultiPoint"",""coordinates"":[]}"
2017_11_13,2017-11-13,,"{""type"":""MultiPoint"",""coordinates"":[]}"
2017_11_14,2017-11-14,,"{""type"":""MultiPoint"",""coordinates"":[]}"
2017_11_15,2017-11-15,,"{""type"":""MultiPoint"",""coordinates"":[]}"
2017_11_16,2017-11-16,307.1926712422787,"{""type"":""MultiPoint"",""coordinates"":[]}"
2017_11_17,2017-11-17,306.21714629741115,"{""type"":""MultiPoint"",""coordinates"":[]}"
2017_11_18,2017-11-18,305.5076879834839,"{""type"":""MultiPoint"",""coordinates"":[]}"
2017_11_19,2017-11-19,,"{""type"":""MultiPoint"",""coordinates"":[]}"
2017_11_20,2017-11-20,304.19272265277596,"{""type"":""MultiPoint"",""coordinates"":[]}"
2017_11_21,2017-11-21,305.88665480427045,"{""type"":""MultiPoint"",""coordinates"":[]}"
2017_11_22,2017-11-22,,"{""type"":""MultiPoint"",""coordinates"":[]}"
2017_11_23,2017-11-23,305.51740002515095,"{""type"":""MultiPoint"",""coordinates"":[]}"
2017_11_24,2017-11-24,,"{""type"":""MultiPoint"",""coordinates"":[]}"
2017_11_25,2017-11-25,298.1806765543947,"{""type"":""MultiPoint"",""coordinates"":[]}"
2017_11_26,2017-11-26,306.79821995712837,"{""type"":""MultiPoint"",""coordinates"":[]}"
2017_11_27,2017-11-27,304.56151631982465,"{""type"":""MultiPoint"",""coordinates"":[]}"
2017_11_28,2017-11-28,308.8831593683013,"{""type"":""MultiPoint"",""coordinates"":[]}"
2017_11_29,2017-11-29,,"{""type"":""MultiPoint"",""coordinates"":[]}"
2017_11_30,2017-11-30,307.29644691368827,"{""type"":""MultiPoint"",""coordinates"":[]}"
2017_12_01,2017-12-01,,"{""type"":""MultiPoint"",""coordinates"":[]}"
2017_12_02,2017-12-02,,"{""type"":""MultiPoint"",""coordinates"":[]}"
2017_12_03,2017-12-03,306.9340434839672,"{""type"":""MultiPoint"",""coordinates"":[]}"
2017_12_04,2017-12-04,304.2912196509032,"{""type"":""MultiPoint"",""coordinates"":[]}"
2017_12_05,2017-12-05,306.2109497353341,"{""type"":""MultiPoint"",""coordinates"":[]}"
2017_12_06,2017-12-06,303.3747406116918,"{""type"":""MultiPoint"",""coordinates"":[]}"
2017_12_07,2017-12-07,301.0645152992553,"{""type"":""MultiPoint"",""coordinates"":[]}"
2017_12_08,2017-12-08,,"{""type"":""MultiPoint"",""coordinates"":[]}"
2017_12_09,2017-12-09,307.37062513670776,"{""type"":""MultiPoint"",""coordinates"":[]}"
2017_12_10,2017-12-10,307.65494641060434,"{""type"":""MultiPoint"",""coordinates"":[]}"
2017_12_11,2017-12-11,307.02473817752286,"{""type"":""MultiPoint"",""coordinates"":[]}"
2017_12_12,2017-12-12,308.37183691325083,"{""type"":""MultiPoint"",""coordinates"":[]}"
2017_12_13,2017-12-13,305.35218732228,"{""type"":""MultiPoint"",""coordinates"":[]}"
2017_12_14,2017-12-14,308.08025985388684,"{""type"":""MultiPoint"",""coordinates"":[]}"
2017_12_15,2017-12-15,,"{""type"":""MultiPoint"",""coordinates"":[]}"
2017_12_16,2017-12-16,307.0784316899252,"{""type"":""MultiPoint"",""coordinates"":[]}"
2017_12_17,2017-12-17,302.0332634705834,"{""type"":""MultiPoint"",""coordinates"":[]}"
2017_12_18,2017-12-18,304.412116633592,"{""type"":""MultiPoint"",""coordinates"":[]}"
2017_12_19,2017-12-19,307.22678113653234,"{""type"":""MultiPoint"",""coordinates"":[]}"
2017_12_20,2017-12-20,305.3468060720067,"{""type"":""MultiPoint"",""coordinates"":[]}"
2017_12_21,2017-12-21,307.3320114615686,"{""type"":""MultiPoint"",""coordinates"":[]}"
2017_12_22,2017-12-22,304.0260374469573,"{""type"":""MultiPoint"",""coordinates"":[]}"
2017_12_23,2017-12-23,307.4911684675619,"{""type"":""MultiPoint"",""coordinates"":[]}"
2017_12_24,2017-12-24,,"{""type"":""MultiPoint"",""coordinates"":[]}"
2017_12_25,2017-12-25,308.094086792948,"{""type"":""MultiPoint"",""coordinates"":[]}"
2017_12_26,2017-12-26,306.25403692199995,"{""type"":""MultiPoint"",""coordinates"":[]}"
2017_12_27,2017-12-27,306.03390786998557,"{""type"":""MultiPoint"",""coordinates"":[]}"
2017_12_28,2017-12-28,307.60083555711077,"{""type"":""MultiPoint"",""coordinates"":[]}"
2017_12_29,2017-12-29,304.2423513714509,"{""type"":""MultiPoint"",""coordinates"":[]}"
2017_12_30,2017-12-30,302.24478107670984,"{""type"":""MultiPoint"",""coordinates"":[]}"
2017_12_31,2017-12-31,,"{""type"":""MultiPoint"",""coordinates"":[]}"
2018_01_01,2018-01-01,308.78238461874986,"{""type"":""MultiPoint"",""coordinates"":[]}"
2018_01_02,2018-01-02,,"{""type"":""MultiPoint"",""coordinates"":[]}"
2018_01_03,2018-01-03,305.25048632954235,"{""type"":""MultiPoint"",""coordinates"":[]}"
2018_01_04,2018-01-04,304.99390612012786,"{""type"":""MultiPoint"",""coordinates"":[]}"
2018_01_05,2018-01-05,304.5960566953934,"{""type"":""MultiPoint"",""coordinates"":[]}"
2018_01_06,2018-01-06,307.11117502952897,"{""type"":""MultiPoint"",""coordinates"":[]}"
2018_01_07,2018-01-07,303.33751038978085,"{""type"":""MultiPoint"",""coordinates"":[]}"
2018_01_08,2018-01-08,306.20842950260294,"{""type"":""MultiPoint"",""coordinates"":[]}"
2018_01_09,2018-01-09,,"{""type"":""MultiPoint"",""coordinates"":[]}"
2018_01_10,2018-01-10,306.6416724266155,"{""type"":""MultiPoint"",""coordinates"":[]}"
2018_01_11,2018-01-11,305.31422446406054,"{""type"":""MultiPoint"",""coordinates"":[]}"
2018_01_12,2018-01-12,308.23634498446967,"{""type"":""MultiPoint"",""coordinates"":[]}"
2018_01_13,2018-01-13,309.0742136576403,"{""type"":""MultiPoint"",""coordinates"":[]}"
2018_01_14,2018-01-14,306.14917864793836,"{""type"":""MultiPoint"",""coordinates"":[]}"
2018_01_15,2018-01-15,309.47509427359023,"{""type"":""MultiPoint"",""coordinates"":[]}"
2018_01_16,2018-01-16,,"{""type"":""MultiPoint"",""coordinates"":[]}"
2018_01_17,2018-01-17,308.908038409379,"{""type"":""MultiPoint"",""coordinates"":[]}"
2018_01_18,2018-01-18,306.42470930486894,"{""type"":""MultiPoint"",""coordinates"":[]}"
2018_01_19,2018-01-19,309.0491150094057,"{""type"":""MultiPoint"",""coordinates"":[]}"
2018_01_20,2018-01-20,308.9790651384577,"{""type"":""MultiPoint"",""coordinates"":[]}"
2018_01_21,2018-01-21,306.2739411172842,"{""type"":""MultiPoint"",""coordinates"":[]}"
2018_01_22,2018-01-22,308.556459162693,"{""type"":""MultiPoint"",""coordinates"":[]}"
2018_01_23,2018-01-23,304.9764578502996,"{""type"":""MultiPoint"",""coordinates"":[]}"
2018_01_24,2018-01-24,308.15206510056805,"{""type"":""MultiPoint"",""coordinates"":[]}"
2018_01_25,2018-01-25,,"{""type"":""MultiPoint"",""coordinates"":[]}"
2018_01_26,2018-01-26,308.89777374338325,"{""type"":""MultiPoint"",""coordinates"":[]}"
2018_01_27,2018-01-27,304.0273743352602,"{""type"":""MultiPoint"",""coordinates"":[]}"
2018_01_28,2018-01-28,307.40950610262945,"{""type"":""MultiPoint"",""coordinates"":[]}"
2018_01_29,2018-01-29,308.81707073800277,"{""type"":""MultiPoint"",""coordinates"":[]}"
2018_01_30,2018-01-30,307.16093923618695,"{""type"":""MultiPoint"",""coordinates"":[]}"
2018_01_31,2018-01-31,312.262000087493,"{""type"":""MultiPoint"",""coordinates"":[]}"
2018_02_01,2018-02-01,,"{""type"":""MultiPoint"",""coordinates"":[]}"
2018_02_02,2018-02-02,312.6422026335363,"{""type"":""MultiPoint"",""coordinates"":[]}"
2018_02_03,2018-02-03,309.3326379106697,"{""type"":""MultiPoint"",""coordinates"":[]}"
2018_02_04,2018-02-04,310.31922568791293,"{""type"":""MultiPoint"",""coordinates"":[]}"
2018_02_05,2018-02-05,307.75350728326987,"{""type"":""MultiPoint"",""coordinates"":[]}"
2018_02_06,2018-02-06,303.9549099099098,"{""type"":""MultiPoint"",""coordinates"":[]}"
2018_02_07,2018-02-07,,"{""type"":""MultiPoint"",""coordinates"":[]}"
2018_02_08,2018-02-08,308.3287436020823,"{""type"":""MultiPoint"",""coordinates"":[]}"
2018_02_09,2018-02-09,309.2859173970326,"{""type"":""MultiPoint"",""coordinates"":[]}"
2018_02_10,2018-02-10,,"{""type"":""MultiPoint"",""coordinates"":[]}"
2018_02_11,2018-02-11,299.51364104520314,"{""type"":""MultiPoint"",""coordinates"":[]}"
2018_02_12,2018-02-12,308.0,"{""type"":""MultiPoint"",""coordinates"":[]}"
2018_02_13,2018-02-13,305.3413452786445,"{""type"":""MultiPoint"",""coordinates"":[]}"
2018_02_14,2018-02-14,309.77249704711494,"{""type"":""MultiPoint"",""coordinates"":[]}"
2018_02_15,2018-02-15,305.1491497366443,"{""type"":""MultiPoint"",""coordinates"":[]}"
2018_02_16,2018-02-16,313.1787619755897,"{""type"":""MultiPoint"",""coordinates"":[]}"
2018_02_17,2018-02-17,,"{""type"":""MultiPoint"",""coordinates"":[]}"
2018_02_18,2018-02-18,314.42143050877127,"{""type"":""MultiPoint"",""coordinates"":[]}"
2018_02_19,2018-02-19,308.1429161841986,"{""type"":""MultiPoint"",""coordinates"":[]}"
2018_02_20,2018-02-20,312.9051900783063,"{""type"":""MultiPoint"",""coordinates"":[]}"
2018_02_21,2018-02-21,310.8153956866004,"{""type"":""MultiPoint"",""coordinates"":[]}"
2018_02_22,2018-02-22,309.91926505971395,"{""type"":""MultiPoint"",""coordinates"":[]}"
2018_02_23,2018-02-23,313.99101054289355,"{""type"":""MultiPoint"",""coordinates"":[]}"
2018_02_24,2018-02-24,309.3012297125858,"{""type"":""MultiPoint"",""coordinates"":[]}"
2018_02_25,2018-02-25,316.24090095242275,"{""type"":""MultiPoint"",""coordinates"":[]}"
2018_02_26,2018-02-26,,"{""type"":""MultiPoint"",""coordinates"":[]}"
2018_02_27,2018-02-27,315.27286845443814,"{""type"":""MultiPoint"",""coordinates"":[]}"
2018_02_28,2018-02-28,312.5584330023189,"{""type"":""MultiPoint"",""coordinates"":[]}"
2018_03_01,2018-03-01,314.67383000131224,"{""type"":""MultiPoint"",""coordinates"":[]}"
2018_03_02,2018-03-02,315.2762321186402,"{""type"":""MultiPoint"",""coordinates"":[]}"
2018_03_03,2018-03-03,312.6932337372589,"{""type"":""MultiPoint"",""coordinates"":[]}"
2018_03_04,2018-03-04,316.9278914213219,"{""type"":""MultiPoint"",""coordinates"":[]}"
2018_03_05,2018-03-05,,"{""type"":""MultiPoint"",""coordinates"":[]}"
2018_03_06,2018-03-06,316.7730250667132,"{""type"":""MultiPoint"",""coordinates"":[]}"
2018_03_07,2018-03-07,312.8432945448181,"{""type"":""MultiPoint"",""coordinates"":[]}"
2018_03_08,2018-03-08,315.61616693643657,"{""type"":""MultiPoint"",""coordinates"":[]}"
2018_03_09,2018-03-09,314.3417708561179,"{""type"":""MultiPoint"",""coordinates"":[]}"
2018_03_10,2018-03-10,313.46525351065225,"{""type"":""MultiPoint"",""coordinates"":[]}"
2018_03_11,2018-03-11,314.94001443632703,"{""type"":""MultiPoint"",""coordinates"":[]}"
2018_03_12,2018-03-12,308.1490508786499,"{""type"":""MultiPoint"",""coordinates"":[]}"
2018_03_13,2018-03-13,318.1100174985784,"{""type"":""MultiPoint"",""coordinates"":[]}"
2018_03_14,2018-03-14,,"{""type"":""MultiPoint"",""coordinates"":[]}"
2018_03_15,2018-03-15,,"{""type"":""MultiPoint"",""coordinates"":[]}"
2018_03_16,2018-03-16,,"{""type"":""MultiPoint"",""coordinates"":[]}"
2018_03_17,2018-03-17,309.56290832795355,"{""type"":""MultiPoint"",""coordinates"":[]}"
2018_03_18,2018-03-18,313.56670007659477,"{""type"":""MultiPoint"",""coordinates"":[]}"
2018_03_19,2018-03-19,313.1730150050308,"{""type"":""MultiPoint"",""coordinates"":[]}"
2018_03_20,2018-03-20,316.736417306381,"{""type"":""MultiPoint"",""coordinates"":[]}"
2018_03_21,2018-03-21,,"{""type"":""MultiPoint"",""coordinates"":[]}"
2018_03_22,2018-03-22,310.5606834413801,"{""type"":""MultiPoint"",""coordinates"":[]}"
2018_03_23,2018-03-23,312.4019471542937,"{""type"":""MultiPoint"",""coordinates"":[]}"
2018_03_24,2018-03-24,318.3410249792205,"{""type"":""MultiPoint"",""coordinates"":[]}"
2018_03_25,2018-03-25,311.96272441325914,"{""type"":""MultiPoint"",""coordinates"":[]}"
2018_03_26,2018-03-26,313.1229380112864,"{""type"":""MultiPoint"",""coordinates"":[]}"
2018_03_27,2018-03-27,317.6515783717576,"{""type"":""MultiPoint"",""coordinates"":[]}"
2018_03_28,2018-03-28,313.6771534187848,"{""type"":""MultiPoint"",""coordinates"":[]}"
2018_03_29,2018-03-29,318.38341023113156,"{""type"":""MultiPoint"",""coordinates"":[]}"
2018_03_30,2018-03-30,,"{""type"":""MultiPoint"",""coordinates"":[]}"
2018_03_31,2018-03-31,316.0810782901591,"{""type"":""MultiPoint"",""coordinates"":[]}"
2018_04_01,2018-04-01,310.27401173579415,"{""type"":""MultiPoint"",""coordinates"":[]}"
2018_04_02,2018-04-02,310.4373820423335,"{""type"":""MultiPoint"",""coordinates"":[]}"
2018_04_03,2018-04-03,313.4480495605306,"{""type"":""MultiPoint"",""coordinates"":[]}"
2018_04_04,2018-04-04,310.80442709255,"{""type"":""MultiPoint"",""coordinates"":[]}"
2018_04_05,2018-04-05,313.1186293739029,"{""type"":""MultiPoint"",""coordinates"":[]}"
2018_04_06,2018-04-06,,"{""type"":""MultiPoint"",""coordinates"":[]}"
2018_04_07,2018-04-07,312.34196687416136,"{""type"":""MultiPoint"",""coordinates"":[]}"
2018_04_08,2018-04-08,306.94539757442107,"{""type"":""MultiPoint"",""coordinates"":[]}"
2018_04_09,2018-04-09,312.4018212612455,"{""type"":""MultiPoint"",""coordinates"":[]}"
2018_04_10,2018-04-10,312.4189343365853,"{""type"":""MultiPoint"",""coordinates"":[]}"
2018_04_11,2018-04-11,313.5643195240387,"{""type"":""MultiPoint"",""coordinates"":[]}"
2018_04_12,2018-04-12,315.9304224566622,"{""type"":""MultiPoint"",""coordinates"":[]}"
2018_04_13,2018-04-13,312.62633623518093,"{""type"":""MultiPoint"",""coordinates"":[]}"
2018_04_14,2018-04-14,319.74091692549985,"{""type"":""MultiPoint"",""coordinates"":[]}"
2018_04_15,2018-04-15,,"{""type"":""MultiPoint"",""coordinates"":[]}"
2018_04_16,2018-04-16,318.91755063651084,"{""type"":""MultiPoint"",""coordinates"":[]}"
2018_04_17,2018-04-17,314.86618312262124,"{""type"":""MultiPoint"",""coordinates"":[]}"
2018_04_18,2018-04-18,317.0253751257711,"{""type"":""MultiPoint"",""coordinates"":[]}"
2018_04_19,2018-04-19,310.1827817909585,"{""type"":""MultiPoint"",""coordinates"":[]}"
2018_04_20,2018-04-20,313.5821794479198,"{""type"":""MultiPoint"",""coordinates"":[]}"
2018_04_21,2018-04-21,322.16167592633093,"{""type"":""MultiPoint"",""coordinates"":[]}"
2018_04_22,2018-04-22,,"{""type"":""MultiPoint"",""coordinates"":[]}"
2018_04_23,2018-04-23,322.15608119340317,"{""type"":""MultiPoint"",""coordinates"":[]}"
2018_04_24,2018-04-24,313.17319449541293,"{""type"":""MultiPoint"",""coordinates"":[]}"
2018_04_25,2018-04-25,317.97781086917394,"{""type"":""MultiPoint"",""coordinates"":[]}"
2018_04_26,2018-04-26,313.3304931927743,"{""type"":""MultiPoint"",""coordinates"":[]}"
2018_04_27,2018-04-27,315.09317424209286,"{""type"":""MultiPoint"",""coordinates"":[]}"
2018_04_28,2018-04-28,318.49442757775904,"{""type"":""MultiPoint"",""coordinates"":[]}"
2018_04_29,2018-04-29,311.346107343742,"{""type"":""MultiPoint"",""coordinates"":[]}"
2018_04_30,2018-04-30,322.93873039614624,"{""type"":""MultiPoint"",""coordinates"":[]}"
2018_05_01,2018-05-01,,"{""type"":""MultiPoint"",""coordinates"":[]}"
2018_05_02,2018-05-02,318.44657377838064,"{""type"":""MultiPoint"",""coordinates"":[]}"
2018_05_03,2018-05-03,,"{""type"":""MultiPoint"",""coordinates"":[]}"
2018_05_04,2018-05-04,,"{""type"":""MultiPoint"",""coordinates"":[]}"
2018_05_05,2018-05-05,315.63239686775455,"{""type"":""MultiPoint"",""coordinates"":[]}"
2018_05_06,2018-05-06,311.4250274287737,"{""type"":""MultiPoint"",""coordinates"":[]}"
2018_05_07,2018-05-07,319.51739621537706,"{""type"":""MultiPoint"",""coordinates"":[]}"
2018_05_08,2018-05-08,,"{""type"":""MultiPoint"",""coordinates"":[]}"
2018_05_09,2018-05-09,315.2525617292581,"{""type"":""MultiPoint"",""coordinates"":[]}"
2018_05_10,2018-05-10,306.9862259447602,"{""type"":""MultiPoint"",""coordinates"":[]}"
2018_05_11,2018-05-11,318.6365129708212,"{""type"":""MultiPoint"",""coordinates"":[]}"
2018_05_12,2018-05-12,313.87894253198544,"{""type"":""MultiPoint"",""coordinates"":[]}"
2018_05_13,2018-05-13,,"{""type"":""MultiPoint"",""coordinates"":[]}"
2018_05_14,2018-05-14,,"{""type"":""MultiPoint"",""coordinates"":[]}"
2018_05_15,2018-05-15,308.5258312421581,"{""type"":""MultiPoint"",""coordinates"":[]}"
2018_05_16,2018-05-16,315.0331924140656,"{""type"":""MultiPoint"",""coordinates"":[]}"
2018_05_17,2018-05-17,,"{""type"":""MultiPoint"",""coordinates"":[]}"
2018_05_18,2018-05-18,311.32804180577733,"{""type"":""MultiPoint"",""coordinates"":[]}"
2018_05_19,2018-05-19,307.2747327187857,"{""type"":""MultiPoint"",""coordinates"":[]}"
2018_05_20,2018-05-20,313.34028522682513,"{""type"":""MultiPoint"",""coordinates"":[]}"
2018_05_21,2018-05-21,309.7341031986068,"{""type"":""MultiPoint"",""coordinates"":[]}"
2018_05_22,2018-05-22,308.1033701731618,"{""type"":""MultiPoint"",""coordinates"":[]}"
2018_05_23,2018-05-23,314.33843235704313,"{""type"":""MultiPoint"",""coordinates"":[]}"
2018_05_24,2018-05-24,,"{""type"":""MultiPoint"",""coordinates"":[]}"
2018_05_25,2018-05-25,314.1142114703182,"{""type"":""MultiPoint"",""coordinates"":[]}"
2018_05_26,2018-05-26,,"{""type"":""MultiPoint"",""coordinates"":[]}"
2018_05_27,2018-05-27,315.1899592975394,"{""type"":""MultiPoint"",""coordinates"":[]}"
2018_05_28,2018-05-28,310.32831143773234,"{""type"":""MultiPoint"",""coordinates"":[]}"
2018_05_29,2018-05-29,313.6357600944922,"{""type"":""MultiPoint"",""coordinates"":[]}"
2018_05_30,2018-05-30,,"{""type"":""MultiPoint"",""coordinates"":[]}"
2018_05_31,2018-05-31,,"{""type"":""MultiPoint"",""coordinates"":[]}"
2018_06_01,2018-06-01,312.91553042565306,"{""type"":""MultiPoint"",""coordinates"":[]}"
2018_06_02,2018-06-02,,"{""type"":""MultiPoint"",""coordinates"":[]}"
2018_06_03,2018-06-03,312.1666418883672,"{""type"":""MultiPoint"",""coordinates"":[]}"
2018_06_04,2018-06-04,308.7732999443518,"{""type"":""MultiPoint"",""coordinates"":[]}"
2018_06_05,2018-06-05,310.9080758603366,"{""type"":""MultiPoint"",""coordinates"":[]}"
2018_06_06,2018-06-06,,"{""type"":""MultiPoint"",""coordinates"":[]}"
2018_06_07,2018-06-07,,"{""type"":""MultiPoint"",""coordinates"":[]}"
2018_06_08,2018-06-08,,"{""type"":""MultiPoint"",""coordinates"":[]}"
2018_06_09,2018-06-09,,"{""type"":""MultiPoint"",""coordinates"":[]}"
2018_06_10,2018-06-10,,"{""type"":""MultiPoint"",""coordinates"":[]}"
2018_06_11,2018-06-11,,"{""type"":""MultiPoint"",""coordinates"":[]}"
2018_06_12,2018-06-12,,"{""type"":""MultiPoint"",""coordinates"":[]}"
2018_06_13,2018-06-13,303.4134673188083,"{""type"":""MultiPoint"",""coordinates"":[]}"
2018_06_14,2018-06-14,,"{""type"":""MultiPoint"",""coordinates"":[]}"
2018_06_15,2018-06-15,310.7956049071425,"{""type"":""MultiPoint"",""coordinates"":[]}"
2018_06_16,2018-06-16,,"{""type"":""MultiPoint"",""coordinates"":[]}"
2018_06_17,2018-06-17,313.84536104100425,"{""type"":""MultiPoint"",""coordinates"":[]}"
2018_06_18,2018-06-18,,"{""type"":""MultiPoint"",""coordinates"":[]}"
2018_06_19,2018-06-19,313.5900517091475,"{""type"":""MultiPoint"",""coordinates"":[]}"
2018_06_20,2018-06-20,,"{""type"":""MultiPoint"",""coordinates"":[]}"
2018_06_21,2018-06-21,311.71520077594573,"{""type"":""MultiPoint"",""coordinates"":[]}"
2018_06_22,2018-06-22,,"{""type"":""MultiPoint"",""coordinates"":[]}"
2018_06_23,2018-06-23,,"{""type"":""MultiPoint"",""coordinates"":[]}"
2018_06_24,2018-06-24,,"{""type"":""MultiPoint"",""coordinates"":[]}"
2018_06_25,2018-06-25,,"{""type"":""MultiPoint"",""coordinates"":[]}"
2018_06_26,2018-06-26,,"{""type"":""MultiPoint"",""coordinates"":[]}"
2018_06_27,2018-06-27,,"{""type"":""MultiPoint"",""coordinates"":[]}"
2018_06_28,2018-06-28,,"{""type"":""MultiPoint"",""coordinates"":[]}"
2018_06_29,2018-06-29,,"{""type"":""MultiPoint"",""coordinates"":[]}"
2018_06_30,2018-06-30,309.0455520995335,"{""type"":""MultiPoint"",""coordinates"":[]}"
2018_07_01,2018-07-01,,"{""type"":""MultiPoint"",""coordinates"":[]}"
2018_07_02,2018-07-02,,"{""type"":""MultiPoint"",""coordinates"":[]}"
2018_07_03,2018-07-03,,"{""type"":""MultiPoint"",""coordinates"":[]}"
2018_07_04,2018-07-04,,"{""type"":""MultiPoint"",""coordinates"":[]}"
2018_07_05,2018-07-05,,"{""type"":""MultiPoint"",""coordinates"":[]}"
2018_07_06,2018-07-06,,"{""type"":""MultiPoint"",""coordinates"":[]}"
2018_07_07,2018-07-07,,"{""type"":""MultiPoint"",""coordinates"":[]}"
2018_07_08,2018-07-08,,"{""type"":""MultiPoint"",""coordinates"":[]}"
2018_07_09,2018-07-09,,"{""type"":""MultiPoint"",""coordinates"":[]}"
2018_07_10,2018-07-10,,"{""type"":""MultiPoint"",""coordinates"":[]}"
2018_07_11,2018-07-11,,"{""type"":""MultiPoint"",""coordinates"":[]}"
2018_07_12,2018-07-12,,"{""type"":""MultiPoint"",""coordinates"":[]}"
2018_07_13,2018-07-13,,"{""type"":""MultiPoint"",""coordinates"":[]}"
2018_07_14,2018-07-14,,"{""type"":""MultiPoint"",""coordinates"":[]}"
2018_07_15,2018-07-15,,"{""type"":""MultiPoint"",""coordinates"":[]}"
2018_07_16,2018-07-16,,"{""type"":""MultiPoint"",""coordinates"":[]}"
2018_07_17,2018-07-17,,"{""type"":""MultiPoint"",""coordinates"":[]}"
2018_07_18,2018-07-18,,"{""type"":""MultiPoint"",""coordinates"":[]}"
2018_07_19,2018-07-19,,"{""type"":""MultiPoint"",""coordinates"":[]}"
2018_07_20,2018-07-20,,"{""type"":""MultiPoint"",""coordinates"":[]}"
2018_07_21,2018-07-21,,"{""type"":""MultiPoint"",""coordinates"":[]}"
2018_07_22,2018-07-22,,"{""type"":""MultiPoint"",""coordinates"":[]}"
2018_07_23,2018-07-23,,"{""type"":""MultiPoint"",""coordinates"":[]}"
2018_07_24,2018-07-24,,"{""type"":""MultiPoint"",""coordinates"":[]}"
2018_07_25,2018-07-25,,"{""type"":""MultiPoint"",""coordinates"":[]}"
2018_07_26,2018-07-26,,"{""type"":""MultiPoint"",""coordinates"":[]}"
2018_07_27,2018-07-27,,"{""type"":""MultiPoint"",""coordinates"":[]}"
2018_07_28,2018-07-28,304.1929847571784,"{""type"":""MultiPoint"",""coordinates"":[]}"
2018_07_29,2018-07-29,,"{""type"":""MultiPoint"",""coordinates"":[]}"
2018_07_30,2018-07-30,307.6233069891104,"{""type"":""MultiPoint"",""coordinates"":[]}"
2018_07_31,2018-07-31,,"{""type"":""MultiPoint"",""coordinates"":[]}"
2018_08_01,2018-08-01,,"{""type"":""MultiPoint"",""coordinates"":[]}"
2018_08_02,2018-08-02,,"{""type"":""MultiPoint"",""coordinates"":[]}"
2018_08_03,2018-08-03,,"{""type"":""MultiPoint"",""coordinates"":[]}"
2018_08_04,2018-08-04,305.6995985705193,"{""type"":""MultiPoint"",""coordinates"":[]}"
2018_08_05,2018-08-05,,"{""type"":""MultiPoint"",""coordinates"":[]}"
2018_08_06,2018-08-06,,"{""type"":""MultiPoint"",""coordinates"":[]}"
2018_08_07,2018-08-07,,"{""type"":""MultiPoint"",""coordinates"":[]}"
2018_08_08,2018-08-08,,"{""type"":""MultiPoint"",""coordinates"":[]}"
2018_08_09,2018-08-09,,"{""type"":""MultiPoint"",""coordinates"":[]}"
2018_08_10,2018-08-10,,"{""type"":""MultiPoint"",""coordinates"":[]}"
2018_08_11,2018-08-11,,"{""type"":""MultiPoint"",""coordinates"":[]}"
2018_08_12,2018-08-12,,"{""type"":""MultiPoint"",""coordinates"":[]}"
2018_08_13,2018-08-13,,"{""type"":""MultiPoint"",""coordinates"":[]}"
2018_08_14,2018-08-14,,"{""type"":""MultiPoint"",""coordinates"":[]}"
2018_08_15,2018-08-15,,"{""type"":""MultiPoint"",""coordinates"":[]}"
2018_08_16,2018-08-16,,"{""type"":""MultiPoint"",""coordinates"":[]}"
2018_08_17,2018-08-17,,"{""type"":""MultiPoint"",""coordinates"":[]}"
2018_08_18,2018-08-18,,"{""type"":""MultiPoint"",""coordinates"":[]}"
2018_08_19,2018-08-19,,"{""type"":""MultiPoint"",""coordinates"":[]}"
2018_08_20,2018-08-20,,"{""type"":""MultiPoint"",""coordinates"":[]}"
2018_08_21,2018-08-21,,"{""type"":""MultiPoint"",""coordinates"":[]}"
2018_08_22,2018-08-22,,"{""type"":""MultiPoint"",""coordinates"":[]}"
2018_08_23,2018-08-23,,"{""type"":""MultiPoint"",""coordinates"":[]}"
2018_08_24,2018-08-24,,"{""type"":""MultiPoint"",""coordinates"":[]}"
2018_08_25,2018-08-25,,"{""type"":""MultiPoint"",""coordinates"":[]}"
2018_08_26,2018-08-26,,"{""type"":""MultiPoint"",""coordinates"":[]}"
2018_08_27,2018-08-27,,"{""type"":""MultiPoint"",""coordinates"":[]}"
2018_08_28,2018-08-28,,"{""type"":""MultiPoint"",""coordinates"":[]}"
2018_08_29,2018-08-29,305.17830632514375,"{""type"":""MultiPoint"",""coordinates"":[]}"
2018_08_30,2018-08-30,,"{""type"":""MultiPoint"",""coordinates"":[]}"
2018_08_31,2018-08-31,,"{""type"":""MultiPoint"",""coordinates"":[]}"
2018_09_01,2018-09-01,,"{""type"":""MultiPoint"",""coordinates"":[]}"
2018_09_02,2018-09-02,,"{""type"":""MultiPoint"",""coordinates"":[]}"
2018_09_03,2018-09-03,,"{""type"":""MultiPoint"",""coordinates"":[]}"
2018_09_04,2018-09-04,,"{""type"":""MultiPoint"",""coordinates"":[]}"
2018_09_05,2018-09-05,,"{""type"":""MultiPoint"",""coordinates"":[]}"
2018_09_06,2018-09-06,,"{""type"":""MultiPoint"",""coordinates"":[]}"
2018_09_07,2018-09-07,,"{""type"":""MultiPoint"",""coordinates"":[]}"
2018_09_08,2018-09-08,308.9006703910615,"{""type"":""MultiPoint"",""coordinates"":[]}"
2018_09_09,2018-09-09,,"{""type"":""MultiPoint"",""coordinates"":[]}"
2018_09_10,2018-09-10,311.23809076074275,"{""type"":""MultiPoint"",""coordinates"":[]}"
2018_09_11,2018-09-11,309.8836439114392,"{""type"":""MultiPoint"",""coordinates"":[]}"
2018_09_12,2018-09-12,308.8418174883189,"{""type"":""MultiPoint"",""coordinates"":[]}"
2018_09_13,2018-09-13,,"{""type"":""MultiPoint"",""coordinates"":[]}"
2018_09_14,2018-09-14,307.9420179236734,"{""type"":""MultiPoint"",""coordinates"":[]}"
2018_09_15,2018-09-15,,"{""type"":""MultiPoint"",""coordinates"":[]}"
2018_09_16,2018-09-16,304.9336278945968,"{""type"":""MultiPoint"",""coordinates"":[]}"
2018_09_17,2018-09-17,,"{""type"":""MultiPoint"",""coordinates"":[]}"
2018_09_18,2018-09-18,,"{""type"":""MultiPoint"",""coordinates"":[]}"
2018_09_19,2018-09-19,,"{""type"":""MultiPoint"",""coordinates"":[]}"
2018_09_20,2018-09-20,,"{""type"":""MultiPoint"",""coordinates"":[]}"
2018_09_21,2018-09-21,,"{""type"":""MultiPoint"",""coordinates"":[]}"
2018_09_22,2018-09-22,,"{""type"":""MultiPoint"",""coordinates"":[]}"
2018_09_23,2018-09-23,307.0282519366791,"{""type"":""MultiPoint"",""coordinates"":[]}"
2018_09_24,2018-09-24,,"{""type"":""MultiPoint"",""coordinates"":[]}"
2018_09_25,2018-09-25,289.7440344403444,"{""type"":""MultiPoint"",""coordinates"":[]}"
2018_09_26,2018-09-26,,"{""type"":""MultiPoint"",""coordinates"":[]}"
2018_09_27,2018-09-27,,"{""type"":""MultiPoint"",""coordinates"":[]}"
2018_09_28,2018-09-28,309.01952912184885,"{""type"":""MultiPoint"",""coordinates"":[]}"
2018_09_29,2018-09-29,,"{""type"":""MultiPoint"",""coordinates"":[]}"
2018_09_30,2018-09-30,306.5147802508192,"{""type"":""MultiPoint"",""coordinates"":[]}"
2018_10_01,2018-10-01,,"{""type"":""MultiPoint"",""coordinates"":[]}"
2018_10_02,2018-10-02,308.27867080033343,"{""type"":""MultiPoint"",""coordinates"":[]}"
2018_10_03,2018-10-03,309.9725587925587,"{""type"":""MultiPoint"",""coordinates"":[]}"
2018_10_04,2018-10-04,308.4090447712947,"{""type"":""MultiPoint"",""coordinates"":[]}"
2018_10_05,2018-10-05,312.5241073537775,"{""type"":""MultiPoint"",""coordinates"":[]}"
2018_10_06,2018-10-06,304.893561417972,"{""type"":""MultiPoint"",""coordinates"":[]}"
2018_10_07,2018-10-07,309.88668589316967,"{""type"":""MultiPoint"",""coordinates"":[]}"
2018_10_08,2018-10-08,,"{""type"":""MultiPoint"",""coordinates"":[]}"
2018_10_09,2018-10-09,310.4377886756694,"{""type"":""MultiPoint"",""coordinates"":[]}"
2018_10_10,2018-10-10,,"{""type"":""MultiPoint"",""coordinates"":[]}"
2018_10_11,2018-10-11,,"{""type"":""MultiPoint"",""coordinates"":[]}"
2018_10_12,2018-10-12,,"{""type"":""MultiPoint"",""coordinates"":[]}"
2018_10_13,2018-10-13,,"{""type"":""MultiPoint"",""coordinates"":[]}"
2018_10_14,2018-10-14,308.7171756004685,"{""type"":""MultiPoint"",""coordinates"":[]}"
2018_10_15,2018-10-15,,"{""type"":""MultiPoint"",""coordinates"":[]}"
2018_10_16,2018-10-16,309.06962300598195,"{""type"":""MultiPoint"",""coordinates"":[]}"
2018_10_17,2018-10-17,,"{""type"":""MultiPoint"",""coordinates"":[]}"
2018_10_18,2018-10-18,,"{""type"":""MultiPoint"",""coordinates"":[]}"
2018_10_19,2018-10-19,308.6902163602451,"{""type"":""MultiPoint"",""coordinates"":[]}"
2018_10_20,2018-10-20,307.57677301536154,"{""type"":""MultiPoint"",""coordinates"":[]}"
2018_10_21,2018-10-21,311.1869777973181,"{""type"":""MultiPoint"",""coordinates"":[]}"
2018_10_22,2018-10-22,303.9423229233742,"{""type"":""MultiPoint"",""coordinates"":[]}"
2018_10_23,2018-10-23,309.54454287190094,"{""type"":""MultiPoint"",""coordinates"":[]}"
2018_10_24,2018-10-24,,"{""type"":""MultiPoint"",""coordinates"":[]}"
2018_10_25,2018-10-25,307.4988733247102,"{""type"":""MultiPoint"",""coordinates"":[]}"
2018_10_26,2018-10-26,308.8749547224286,"{""type"":""MultiPoint"",""coordinates"":[]}"
2018_10_27,2018-10-27,309.639312305875,"{""type"":""MultiPoint"",""coordinates"":[]}"
2018_10_28,2018-10-28,,"{""type"":""MultiPoint"",""coordinates"":[]}"
2018_10_29,2018-10-29,305.6575099523163,"{""type"":""MultiPoint"",""coordinates"":[]}"
2018_10_30,2018-10-30,311.40579377925553,"{""type"":""MultiPoint"",""coordinates"":[]}"
2018_10_31,2018-10-31,,"{""type"":""MultiPoint"",""coordinates"":[]}"
2018_11_01,2018-11-01,306.32,"{""type"":""MultiPoint"",""coordinates"":[]}"
2018_11_02,2018-11-02,,"{""type"":""MultiPoint"",""coordinates"":[]}"
2018_11_03,2018-11-03,304.208071850052,"{""type"":""MultiPoint"",""coordinates"":[]}"
2018_11_04,2018-11-04,308.00257274560647,"{""type"":""MultiPoint"",""coordinates"":[]}"
2018_11_05,2018-11-05,,"{""type"":""MultiPoint"",""coordinates"":[]}"
2018_11_06,2018-11-06,308.7307757478105,"{""type"":""MultiPoint"",""coordinates"":[]}"
2018_11_07,2018-11-07,303.1508597008851,"{""type"":""MultiPoint"",""coordinates"":[]}"
2018_11_08,2018-11-08,309.2264400900899,"{""type"":""MultiPoint"",""coordinates"":[]}"
2018_11_09,2018-11-09,,"{""type"":""MultiPoint"",""coordinates"":[]}"
2018_11_10,2018-11-10,311.02427534012867,"{""type"":""MultiPoint"",""coordinates"":[]}"
2018_11_11,2018-11-11,310.76138238768095,"{""type"":""MultiPoint"",""coordinates"":[]}"
2018_11_12,2018-11-12,309.3992834332209,"{""type"":""MultiPoint"",""coordinates"":[]}"
2018_11_13,2018-11-13,311.0214068856906,"{""type"":""MultiPoint"",""coordinates"":[]}"
2018_11_14,2018-11-14,308.0370151800165,"{""type"":""MultiPoint"",""coordinates"":[]}"
2018_11_15,2018-11-15,311.1909296119691,"{""type"":""MultiPoint"",""coordinates"":[]}"
2018_11_16,2018-11-16,,"{""type"":""MultiPoint"",""coordinates"":[]}"
2018_11_17,2018-11-17,308.91406391659115,"{""type"":""MultiPoint"",""coordinates"":[]}"
2018_11_18,2018-11-18,,"{""type"":""MultiPoint"",""coordinates"":[]}"
2018_11_19,2018-11-19,307.02402918120475,"{""type"":""MultiPoint"",""coordinates"":[]}"
2018_11_20,2018-11-20,305.41038194444457,"{""type"":""MultiPoint"",""coordinates"":[]}"
2018_11_21,2018-11-21,307.1084640622949,"{""type"":""MultiPoint"",""coordinates"":[]}"
2018_11_22,2018-11-22,302.49617635107677,"{""type"":""MultiPoint"",""coordinates"":[]}"
2018_11_23,2018-11-23,,"{""type"":""MultiPoint"",""coordinates"":[]}"
2018_11_24,2018-11-24,308.49728028347704,"{""type"":""MultiPoint"",""coordinates"":[]}"
2018_11_25,2018-11-25,,"{""type"":""MultiPoint"",""coordinates"":[]}"
2018_11_26,2018-11-26,308.7868664421016,"{""type"":""MultiPoint"",""coordinates"":[]}"
2018_11_27,2018-11-27,306.9348269828078,"{""type"":""MultiPoint"",""coordinates"":[]}"
2018_11_28,2018-11-28,306.3657815302506,"{""type"":""MultiPoint"",""coordinates"":[]}"
2018_11_29,2018-11-29,307.47364714116964,"{""type"":""MultiPoint"",""coordinates"":[]}"
2018_11_30,2018-11-30,305.2807388774664,"{""type"":""MultiPoint"",""coordinates"":[]}"
2018_12_01,2018-12-01,307.41598801347385,"{""type"":""MultiPoint"",""coordinates"":[]}"
2018_12_02,2018-12-02,,"{""type"":""MultiPoint"",""coordinates"":[]}"
2018_12_03,2018-12-03,302.1228348649401,"{""type"":""MultiPoint"",""coordinates"":[]}"
2018_12_04,2018-12-04,,"{""type"":""MultiPoint"",""coordinates"":[]}"
2018_12_05,2018-12-05,304.1823577235772,"{""type"":""MultiPoint"",""coordinates"":[]}"
2018_12_06,2018-12-06,305.3661008121167,"{""type"":""MultiPoint"",""coordinates"":[]}"
2018_12_07,2018-12-07,304.46710635326974,"{""type"":""MultiPoint"",""coordinates"":[]}"
2018_12_08,2018-12-08,305.2879460493772,"{""type"":""MultiPoint"",""coordinates"":[]}"
2018_12_09,2018-12-09,,"{""type"":""MultiPoint"",""coordinates"":[]}"
2018_12_10,2018-12-10,304.8339855710012,"{""type"":""MultiPoint"",""coordinates"":[]}"
2018_12_11,2018-12-11,,"{""type"":""MultiPoint"",""coordinates"":[]}"
2018_12_12,2018-12-12,305.97651024183034,"{""type"":""MultiPoint"",""coordinates"":[]}"
2018_12_13,2018-12-13,,"{""type"":""MultiPoint"",""coordinates"":[]}"
2018_12_14,2018-12-14,,"{""type"":""MultiPoint"",""coordinates"":[]}"
2018_12_15,2018-12-15,303.88149080754016,"{""type"":""MultiPoint"",""coordinates"":[]}"
2018_12_16,2018-12-16,,"{""type"":""MultiPoint"",""coordinates"":[]}"
2018_12_17,2018-12-17,,"{""type"":""MultiPoint"",""coordinates"":[]}"
2018_12_18,2018-12-18,,"{""type"":""MultiPoint"",""coordinates"":[]}"
2018_12_19,2018-12-19,296.24080321285146,"{""type"":""MultiPoint"",""coordinates"":[]}"
2018_12_20,2018-12-20,,"{""type"":""MultiPoint"",""coordinates"":[]}"
2018_12_21,2018-12-21,304.3849695331368,"{""type"":""MultiPoint"",""coordinates"":[]}"
2018_12_22,2018-12-22,305.20696924624883,"{""type"":""MultiPoint"",""coordinates"":[]}"
2018_12_23,2018-12-23,303.9264855158571,"{""type"":""MultiPoint"",""coordinates"":[]}"
2018_12_24,2018-12-24,306.15426921562624,"{""type"":""MultiPoint"",""coordinates"":[]}"
2018_12_25,2018-12-25,304.8734852793209,"{""type"":""MultiPoint"",""coordinates"":[]}"
2018_12_26,2018-12-26,307.01612165383204,"{""type"":""MultiPoint"",""coordinates"":[]}"
2018_12_27,2018-12-27,,"{""type"":""MultiPoint"",""coordinates"":[]}"
2018_12_28,2018-12-28,304.4696393228102,"{""type"":""MultiPoint"",""coordinates"":[]}"
2018_12_29,2018-12-29,304.86452775711984,"{""type"":""MultiPoint"",""coordinates"":[]}"
2018_12_30,2018-12-30,304.3813224550505,"{""type"":""MultiPoint"",""coordinates"":[]}"
2018_12_31,2018-12-31,306.1000402467299,"{""type"":""MultiPoint"",""coordinates"":[]}"
2019_01_01,2019-01-01,304.60666477098744,"{""type"":""MultiPoint"",""coordinates"":[]}"
2019_01_02,2019-01-02,308.7649227875234,"{""type"":""MultiPoint"",""coordinates"":[]}"
2019_01_03,2019-01-03,,"{""type"":""MultiPoint"",""coordinates"":[]}"
2019_01_04,2019-01-04,307.82432871079254,"{""type"":""MultiPoint"",""coordinates"":[]}"
2019_01_05,2019-01-05,306.8423920556454,"{""type"":""MultiPoint"",""coordinates"":[]}"
2019_01_06,2019-01-06,306.3293088061595,"{""type"":""MultiPoint"",""coordinates"":[]}"
2019_01_07,2019-01-07,306.7657863423596,"{""type"":""MultiPoint"",""coordinates"":[]}"
2019_01_08,2019-01-08,305.0070353033815,"{""type"":""MultiPoint"",""coordinates"":[]}"
2019_01_09,2019-01-09,307.8571538562494,"{""type"":""MultiPoint"",""coordinates"":[]}"
2019_01_10,2019-01-10,304.02617043615203,"{""type"":""MultiPoint"",""coordinates"":[]}"
2019_01_11,2019-01-11,308.3151830788748,"{""type"":""MultiPoint"",""coordinates"":[]}"
2019_01_12,2019-01-12,,"{""type"":""MultiPoint"",""coordinates"":[]}"
2019_01_13,2019-01-13,307.40802441051653,"{""type"":""MultiPoint"",""coordinates"":[]}"
2019_01_14,2019-01-14,307.2507756244804,"{""type"":""MultiPoint"",""coordinates"":[]}"
2019_01_15,2019-01-15,306.5061555623607,"{""type"":""MultiPoint"",""coordinates"":[]}"
2019_01_16,2019-01-16,308.05879959753275,"{""type"":""MultiPoint"",""coordinates"":[]}"
2019_01_17,2019-01-17,306.25587733496644,"{""type"":""MultiPoint"",""coordinates"":[]}"
2019_01_18,2019-01-18,305.2919244875457,"{""type"":""MultiPoint"",""coordinates"":[]}"
2019_01_19,2019-01-19,,"{""type"":""MultiPoint"",""coordinates"":[]}"
2019_01_20,2019-01-20,310.42669583096364,"{""type"":""MultiPoint"",""coordinates"":[]}"
2019_01_21,2019-01-21,308.4195918456625,"{""type"":""MultiPoint"",""coordinates"":[]}"
2019_01_22,2019-01-22,309.5374622686906,"{""type"":""MultiPoint"",""coordinates"":[]}"
2019_01_23,2019-01-23,307.26739008705533,"{""type"":""MultiPoint"",""coordinates"":[]}"
2019_01_24,2019-01-24,305.24005796175436,"{""type"":""MultiPoint"",""coordinates"":[]}"
2019_01_25,2019-01-25,307.5909447765187,"{""type"":""MultiPoint"",""coordinates"":[]}"
2019_01_26,2019-01-26,,"{""type"":""MultiPoint"",""coordinates"":[]}"
2019_01_27,2019-01-27,,"{""type"":""MultiPoint"",""coordinates"":[]}"
2019_01_28,2019-01-28,,"{""type"":""MultiPoint"",""coordinates"":[]}"
2019_01_29,2019-01-29,304.3751213074371,"{""type"":""MultiPoint"",""coordinates"":[]}"
2019_01_30,2019-01-30,306.4509930443154,"{""type"":""MultiPoint"",""coordinates"":[]}"
2019_01_31,2019-01-31,305.3166783323856,"{""type"":""MultiPoint"",""coordinates"":[]}"
2019_02_01,2019-02-01,308.4017791679425,"{""type"":""MultiPoint"",""coordinates"":[]}"
2019_02_02,2019-02-02,305.23155562360546,"{""type"":""MultiPoint"",""coordinates"":[]}"
2019_02_03,2019-02-03,309.4746760575704,"{""type"":""MultiPoint"",""coordinates"":[]}"
2019_02_04,2019-02-04,,"{""type"":""MultiPoint"",""coordinates"":[]}"
2019_02_05,2019-02-05,310.7426584714992,"{""type"":""MultiPoint"",""coordinates"":[]}"
2019_02_06,2019-02-06,306.73335272759107,"{""type"":""MultiPoint"",""coordinates"":[]}"
2019_02_07,2019-02-07,306.7011675327437,"{""type"":""MultiPoint"",""coordinates"":[]}"
2019_02_08,2019-02-08,,"{""type"":""MultiPoint"",""coordinates"":[]}"
2019_02_09,2019-02-09,306.6771626055383,"{""type"":""MultiPoint"",""coordinates"":[]}"
2019_02_10,2019-02-10,310.7329100135613,"{""type"":""MultiPoint"",""coordinates"":[]}"
2019_02_11,2019-02-11,,"{""type"":""MultiPoint"",""coordinates"":[]}"
2019_02_12,2019-02-12,310.41131939279944,"{""type"":""MultiPoint"",""coordinates"":[]}"
2019_02_13,2019-02-13,,"{""type"":""MultiPoint"",""coordinates"":[]}"
2019_02_14,2019-02-14,311.941347827989,"{""type"":""MultiPoint"",""coordinates"":[]}"
2019_02_15,2019-02-15,310.40959097073363,"{""type"":""MultiPoint"",""coordinates"":[]}"
2019_02_16,2019-02-16,310.2727818364757,"{""type"":""MultiPoint"",""coordinates"":[]}"
2019_02_17,2019-02-17,311.00188372203036,"{""type"":""MultiPoint"",""coordinates"":[]}"
2019_02_18,2019-02-18,307.8408741815608,"{""type"":""MultiPoint"",""coordinates"":[]}"
2019_02_19,2019-02-19,313.846530906864,"{""type"":""MultiPoint"",""coordinates"":[]}"
2019_02_20,2019-02-20,,"{""type"":""MultiPoint"",""coordinates"":[]}"
2019_02_21,2019-02-21,315.2065335316508,"{""type"":""MultiPoint"",""coordinates"":[]}"
2019_02_22,2019-02-22,312.3076429415109,"{""type"":""MultiPoint"",""coordinates"":[]}"
2019_02_23,2019-02-23,314.37740102366683,"{""type"":""MultiPoint"",""coordinates"":[]}"
2019_02_24,2019-02-24,315.17649066013377,"{""type"":""MultiPoint"",""coordinates"":[]}"
2019_02_25,2019-02-25,312.64380156612276,"{""type"":""MultiPoint"",""coordinates"":[]}"
2019_02_26,2019-02-26,314.1469246248739,"{""type"":""MultiPoint"",""coordinates"":[]}"
2019_02_27,2019-02-27,,"{""type"":""MultiPoint"",""coordinates"":[]}"
2019_02_28,2019-02-28,314.5460982545169,"{""type"":""MultiPoint"",""coordinates"":[]}"
2019_03_01,2019-03-01,,"{""type"":""MultiPoint"",""coordinates"":[]}"
2019_03_02,2019-03-02,308.46502002224696,"{""type"":""MultiPoint"",""coordinates"":[]}"
2019_03_03,2019-03-03,308.14829897614663,"{""type"":""MultiPoint"",""coordinates"":[]}"
2019_03_04,2019-03-04,313.3693182215998,"{""type"":""MultiPoint"",""coordinates"":[]}"
2019_03_05,2019-03-05,313.89228225206705,"{""type"":""MultiPoint"",""coordinates"":[]}"
2019_03_06,2019-03-06,312.21792466862064,"{""type"":""MultiPoint"",""coordinates"":[]}"
2019_03_07,2019-03-07,317.19191959403304,"{""type"":""MultiPoint"",""coordinates"":[]}"
2019_03_08,2019-03-08,,"{""type"":""MultiPoint"",""coordinates"":[]}"
2019_03_09,2019-03-09,312.19634211268044,"{""type"":""MultiPoint"",""coordinates"":[]}"
2019_03_10,2019-03-10,309.21415208973156,"{""type"":""MultiPoint"",""coordinates"":[]}"
2019_03_11,2019-03-11,313.7915909192077,"{""type"":""MultiPoint"",""coordinates"":[]}"
2019_03_12,2019-03-12,312.37540172617724,"{""type"":""MultiPoint"",""coordinates"":[]}"
2019_03_13,2019-03-13,314.16972177260607,"{""type"":""MultiPoint"",""coordinates"":[]}"
2019_03_14,2019-03-14,318.0842014086356,"{""type"":""MultiPoint"",""coordinates"":[]}"
2019_03_15,2019-03-15,312.50081543374614,"{""type"":""MultiPoint"",""coordinates"":[]}"
2019_03_16,2019-03-16,319.4378481123409,"{""type"":""MultiPoint"",""coordinates"":[]}"
2019_03_17,2019-03-17,,"{""type"":""MultiPoint"",""coordinates"":[]}"
2019_03_18,2019-03-18,315.7312419615906,"{""type"":""MultiPoint"",""coordinates"":[]}"
2019_03_19,2019-03-19,313.5325075462618,"{""type"":""MultiPoint"",""coordinates"":[]}"
2019_03_20,2019-03-20,310.8846265875546,"{""type"":""MultiPoint"",""coordinates"":[]}"
2019_03_21,2019-03-21,314.46936105453983,"{""type"":""MultiPoint"",""coordinates"":[]}"
2019_03_22,2019-03-22,311.9430508771162,"{""type"":""MultiPoint"",""coordinates"":[]}"
2019_03_23,2019-03-23,318.3051052102018,"{""type"":""MultiPoint"",""coordinates"":[]}"
2019_03_24,2019-03-24,,"{""type"":""MultiPoint"",""coordinates"":[]}"
2019_03_25,2019-03-25,319.3377326217246,"{""type"":""MultiPoint"",""coordinates"":[]}"
2019_03_26,2019-03-26,311.9993921993019,"{""type"":""MultiPoint"",""coordinates"":[]}"
2019_03_27,2019-03-27,317.90960628198957,"{""type"":""MultiPoint"",""coordinates"":[]}"
2019_03_28,2019-03-28,316.0954538693732,"{""type"":""MultiPoint"",""coordinates"":[]}"
2019_03_29,2019-03-29,316.46230543768297,"{""type"":""MultiPoint"",""coordinates"":[]}"
2019_03_30,2019-03-30,319.71241524126157,"{""type"":""MultiPoint"",""coordinates"":[]}"
2019_03_31,2019-03-31,313.99611400323715,"{""type"":""MultiPoint"",""coordinates"":[]}"
2019_04_01,2019-04-01,320.13643991425687,"{""type"":""MultiPoint"",""coordinates"":[]}"
2019_04_02,2019-04-02,,"{""type"":""MultiPoint"",""coordinates"":[]}"
2019_04_03,2019-04-03,317.64895702271366,"{""type"":""MultiPoint"",""coordinates"":[]}"
2019_04_04,2019-04-04,313.85961991069644,"{""type"":""MultiPoint"",""coordinates"":[]}"
2019_04_05,2019-04-05,,"{""type"":""MultiPoint"",""coordinates"":[]}"
2019_04_06,2019-04-06,317.8606019510916,"{""type"":""MultiPoint"",""coordinates"":[]}"
2019_04_07,2019-04-07,312.945071376724,"{""type"":""MultiPoint"",""coordinates"":[]}"
2019_04_08,2019-04-08,319.16737489684147,"{""type"":""MultiPoint"",""coordinates"":[]}"
2019_04_09,2019-04-09,,"{""type"":""MultiPoint"",""coordinates"":[]}"
2019_04_10,2019-04-10,321.58178616737376,"{""type"":""MultiPoint"",""coordinates"":[]}"
2019_04_11,2019-04-11,316.09389706567316,"{""type"":""MultiPoint"",""coordinates"":[]}"
2019_04_12,2019-04-12,319.36442976508164,"{""type"":""MultiPoint"",""coordinates"":[]}"
2019_04_13,2019-04-13,316.94030097554605,"{""type"":""MultiPoint"",""coordinates"":[]}"
2019_04_14,2019-04-14,316.23695043527715,"{""type"":""MultiPoint"",""coordinates"":[]}"
2019_04_15,2019-04-15,318.9714845145576,"{""type"":""MultiPoint"",""coordinates"":[]}"
2019_04_16,2019-04-16,315.16293188678435,"{""type"":""MultiPoint"",""coordinates"":[]}"
2019_04_17,2019-04-17,316.5171787083037,"{""type"":""MultiPoint"",""coordinates"":[]}"
2019_04_18,2019-04-18,,"{""type"":""MultiPoint"",""coordinates"":[]}"
2019_04_19,2019-04-19,314.22878416353745,"{""type"":""MultiPoint"",""coordinates"":[]}"
2019_04_20,2019-04-20,,"{""type"":""MultiPoint"",""coordinates"":[]}"
2019_04_21,2019-04-21,315.75564950308245,"{""type"":""MultiPoint"",""coordinates"":[]}"
2019_04_22,2019-04-22,313.4377472267849,"{""type"":""MultiPoint"",""coordinates"":[]}"
2019_04_23,2019-04-23,313.9456179185444,"{""type"":""MultiPoint"",""coordinates"":[]}"
2019_04_24,2019-04-24,322.36258891465076,"{""type"":""MultiPoint"",""coordinates"":[]}"
2019_04_25,2019-04-25,,"{""type"":""MultiPoint"",""coordinates"":[]}"
2019_04_26,2019-04-26,321.1835565860274,"{""type"":""MultiPoint"",""coordinates"":[]}"
2019_04_27,2019-04-27,310.7140281176527,"{""type"":""MultiPoint"",""coordinates"":[]}"
2019_04_28,2019-04-28,314.69681199227193,"{""type"":""MultiPoint"",""coordinates"":[]}"
2019_04_29,2019-04-29,313.0169400561594,"{""type"":""MultiPoint"",""coordinates"":[]}"
2019_04_30,2019-04-30,,"{""type"":""MultiPoint"",""coordinates"":[]}"
2019_05_01,2019-05-01,314.42639613851935,"{""type"":""MultiPoint"",""coordinates"":[]}"
2019_05_02,2019-05-02,,"{""type"":""MultiPoint"",""coordinates"":[]}"
2019_05_03,2019-05-03,316.28121942786,"{""type"":""MultiPoint"",""coordinates"":[]}"
2019_05_04,2019-05-04,,"{""type"":""MultiPoint"",""coordinates"":[]}"
2019_05_05,2019-05-05,322.22254516820516,"{""type"":""MultiPoint"",""coordinates"":[]}"
2019_05_06,2019-05-06,313.9117056296804,"{""type"":""MultiPoint"",""coordinates"":[]}"
2019_05_07,2019-05-07,319.0588026490067,"{""type"":""MultiPoint"",""coordinates"":[]}"
2019_05_08,2019-05-08,308.7988579017265,"{""type"":""MultiPoint"",""coordinates"":[]}"
2019_05_09,2019-05-09,315.45219825889126,"{""type"":""MultiPoint"",""coordinates"":[]}"
2019_05_10,2019-05-10,322.6145640666694,"{""type"":""MultiPoint"",""coordinates"":[]}"
2019_05_11,2019-05-11,,"{""type"":""MultiPoint"",""coordinates"":[]}"
2019_05_12,2019-05-12,314.2210729797518,"{""type"":""MultiPoint"",""coordinates"":[]}"
2019_05_13,2019-05-13,312.67875076726665,"{""type"":""MultiPoint"",""coordinates"":[]}"
2019_05_14,2019-05-14,315.5015925916371,"{""type"":""MultiPoint"",""coordinates"":[]}"
2019_05_15,2019-05-15,316.6818647619048,"{""type"":""MultiPoint"",""coordinates"":[]}"
2019_05_16,2019-05-16,316.8510127302158,"{""type"":""MultiPoint"",""coordinates"":[]}"
2019_05_17,2019-05-17,319.996927522059,"{""type"":""MultiPoint"",""coordinates"":[]}"
2019_05_18,2019-05-18,312.8309286538293,"{""type"":""MultiPoint"",""coordinates"":[]}"
2019_05_19,2019-05-19,323.73968808784286,"{""type"":""MultiPoint"",""coordinates"":[]}"
2019_05_20,2019-05-20,,"{""type"":""MultiPoint"",""coordinates"":[]}"
2019_05_21,2019-05-21,319.1156500218372,"{""type"":""MultiPoint"",""coordinates"":[]}"
2019_05_22,2019-05-22,313.3131535898214,"{""type"":""MultiPoint"",""coordinates"":[]}"
2019_05_23,2019-05-23,315.97823892893933,"{""type"":""MultiPoint"",""coordinates"":[]}"
2019_05_24,2019-05-24,318.4628408941773,"{""type"":""MultiPoint"",""coordinates"":[]}"
2019_05_25,2019-05-25,315.14616562404314,"{""type"":""MultiPoint"",""coordinates"":[]}"
2019_05_26,2019-05-26,321.5379521365244,"{""type"":""MultiPoint"",""coordinates"":[]}"
2019_05_27,2019-05-27,,"{""type"":""MultiPoint"",""coordinates"":[]}"
2019_05_28,2019-05-28,323.60571372326,"{""type"":""MultiPoint"",""coordinates"":[]}"
2019_05_29,2019-05-29,313.92181730699826,"{""type"":""MultiPoint"",""coordinates"":[]}"
2019_05_30,2019-05-30,,"{""type"":""MultiPoint"",""coordinates"":[]}"
2019_05_31,2019-05-31,311.7360614176041,"{""type"":""MultiPoint"",""coordinates"":[]}"
2019_06_01,2019-06-01,,"{""type"":""MultiPoint"",""coordinates"":[]}"
2019_06_02,2019-06-02,319.24054023198477,"{""type"":""MultiPoint"",""coordinates"":[]}"
2019_06_03,2019-06-03,,"{""type"":""MultiPoint"",""coordinates"":[]}"
2019_06_04,2019-06-04,314.4455333348163,"{""type"":""MultiPoint"",""coordinates"":[]}"
2019_06_05,2019-06-05,,"{""type"":""MultiPoint"",""coordinates"":[]}"
2019_06_06,2019-06-06,316.1395549882254,"{""type"":""MultiPoint"",""coordinates"":[]}"
2019_06_07,2019-06-07,,"{""type"":""MultiPoint"",""coordinates"":[]}"
2019_06_08,2019-06-08,,"{""type"":""MultiPoint"",""coordinates"":[]}"
2019_06_09,2019-06-09,310.8192526158445,"{""type"":""MultiPoint"",""coordinates"":[]}"
2019_06_10,2019-06-10,,"{""type"":""MultiPoint"",""coordinates"":[]}"
2019_06_11,2019-06-11,319.1277851174593,"{""type"":""MultiPoint"",""coordinates"":[]}"
2019_06_12,2019-06-12,,"{""type"":""MultiPoint"",""coordinates"":[]}"
2019_06_13,2019-06-13,314.8480470588235,"{""type"":""MultiPoint"",""coordinates"":[]}"
2019_06_14,2019-06-14,,"{""type"":""MultiPoint"",""coordinates"":[]}"
2019_06_15,2019-06-15,316.7618961158861,"{""type"":""MultiPoint"",""coordinates"":[]}"
2019_06_16,2019-06-16,316.03888941176484,"{""type"":""MultiPoint"",""coordinates"":[]}"
2019_06_17,2019-06-17,,"{""type"":""MultiPoint"",""coordinates"":[]}"
2019_06_18,2019-06-18,316.23722809836187,"{""type"":""MultiPoint"",""coordinates"":[]}"
2019_06_19,2019-06-19,,"{""type"":""MultiPoint"",""coordinates"":[]}"
2019_06_20,2019-06-20,314.3533817628923,"{""type"":""MultiPoint"",""coordinates"":[]}"
2019_06_21,2019-06-21,,"{""type"":""MultiPoint"",""coordinates"":[]}"
2019_06_22,2019-06-22,,"{""type"":""MultiPoint"",""coordinates"":[]}"
2019_06_23,2019-06-23,,"{""type"":""MultiPoint"",""coordinates"":[]}"
2019_06_24,2019-06-24,307.7365695792881,"{""type"":""MultiPoint"",""coordinates"":[]}"
2019_06_25,2019-06-25,,"{""type"":""MultiPoint"",""coordinates"":[]}"
2019_06_26,2019-06-26,,"{""type"":""MultiPoint"",""coordinates"":[]}"
2019_06_27,2019-06-27,313.5323966900703,"{""type"":""MultiPoint"",""coordinates"":[]}"
2019_06_28,2019-06-28,,"{""type"":""MultiPoint"",""coordinates"":[]}"
2019_06_29,2019-06-29,,"{""type"":""MultiPoint"",""coordinates"":[]}"
2019_06_30,2019-06-30,,"{""type"":""MultiPoint"",""coordinates"":[]}"
2019_07_01,2019-07-01,,"{""type"":""MultiPoint"",""coordinates"":[]}"
2019_07_02,2019-07-02,,"{""type"":""MultiPoint"",""coordinates"":[]}"
2019_07_03,2019-07-03,,"{""type"":""MultiPoint"",""coordinates"":[]}"
2019_07_04,2019-07-04,,"{""type"":""MultiPoint"",""coordinates"":[]}"
2019_07_05,2019-07-05,,"{""type"":""MultiPoint"",""coordinates"":[]}"
2019_07_06,2019-07-06,,"{""type"":""MultiPoint"",""coordinates"":[]}"
2019_07_07,2019-07-07,,"{""type"":""MultiPoint"",""coordinates"":[]}"
2019_07_08,2019-07-08,,"{""type"":""MultiPoint"",""coordinates"":[]}"
2019_07_09,2019-07-09,,"{""type"":""MultiPoint"",""coordinates"":[]}"
2019_07_10,2019-07-10,,"{""type"":""MultiPoint"",""coordinates"":[]}"
2019_07_11,2019-07-11,,"{""type"":""MultiPoint"",""coordinates"":[]}"
2019_07_12,2019-07-12,,"{""type"":""MultiPoint"",""coordinates"":[]}"
2019_07_13,2019-07-13,,"{""type"":""MultiPoint"",""coordinates"":[]}"
2019_07_14,2019-07-14,,"{""type"":""MultiPoint"",""coordinates"":[]}"
2019_07_15,2019-07-15,312.7360269263821,"{""type"":""MultiPoint"",""coordinates"":[]}"
2019_07_16,2019-07-16,,"{""type"":""MultiPoint"",""coordinates"":[]}"
2019_07_17,2019-07-17,309.80359094144865,"{""type"":""MultiPoint"",""coordinates"":[]}"
2019_07_18,2019-07-18,,"{""type"":""MultiPoint"",""coordinates"":[]}"
2019_07_19,2019-07-19,,"{""type"":""MultiPoint"",""coordinates"":[]}"
2019_07_20,2019-07-20,,"{""type"":""MultiPoint"",""coordinates"":[]}"
2019_07_21,2019-07-21,,"{""type"":""MultiPoint"",""coordinates"":[]}"
2019_07_22,2019-07-22,310.2144339087445,"{""type"":""MultiPoint"",""coordinates"":[]}"
2019_07_23,2019-07-23,,"{""type"":""MultiPoint"",""coordinates"":[]}"
2019_07_24,2019-07-24,,"{""type"":""MultiPoint"",""coordinates"":[]}"
2019_07_25,2019-07-25,,"{""type"":""MultiPoint"",""coordinates"":[]}"
2019_07_26,2019-07-26,,"{""type"":""MultiPoint"",""coordinates"":[]}"
2019_07_27,2019-07-27,,"{""type"":""MultiPoint"",""coordinates"":[]}"
2019_07_28,2019-07-28,,"{""type"":""MultiPoint"",""coordinates"":[]}"
2019_07_29,2019-07-29,,"{""type"":""MultiPoint"",""coordinates"":[]}"
2019_07_30,2019-07-30,,"{""type"":""MultiPoint"",""coordinates"":[]}"
2019_07_31,2019-07-31,304.9482280209906,"{""type"":""MultiPoint"",""coordinates"":[]}"
2019_08_01,2019-08-01,,"{""type"":""MultiPoint"",""coordinates"":[]}"
2019_08_02,2019-08-02,,"{""type"":""MultiPoint"",""coordinates"":[]}"
2019_08_03,2019-08-03,,"{""type"":""MultiPoint"",""coordinates"":[]}"
2019_08_04,2019-08-04,,"{""type"":""MultiPoint"",""coordinates"":[]}"
2019_08_05,2019-08-05,,"{""type"":""MultiPoint"",""coordinates"":[]}"
2019_08_06,2019-08-06,,"{""type"":""MultiPoint"",""coordinates"":[]}"
2019_08_07,2019-08-07,,"{""type"":""MultiPoint"",""coordinates"":[]}"
2019_08_08,2019-08-08,,"{""type"":""MultiPoint"",""coordinates"":[]}"
2019_08_09,2019-08-09,,"{""type"":""MultiPoint"",""coordinates"":[]}"
2019_08_10,2019-08-10,,"{""type"":""MultiPoint"",""coordinates"":[]}"
2019_08_11,2019-08-11,,"{""type"":""MultiPoint"",""coordinates"":[]}"
2019_08_12,2019-08-12,,"{""type"":""MultiPoint"",""coordinates"":[]}"
2019_08_13,2019-08-13,,"{""type"":""MultiPoint"",""coordinates"":[]}"
2019_08_14,2019-08-14,,"{""type"":""MultiPoint"",""coordinates"":[]}"
2019_08_15,2019-08-15,,"{""type"":""MultiPoint"",""coordinates"":[]}"
2019_08_16,2019-08-16,311.54035256410253,"{""type"":""MultiPoint"",""coordinates"":[]}"
2019_08_17,2019-08-17,,"{""type"":""MultiPoint"",""coordinates"":[]}"
2019_08_18,2019-08-18,,"{""type"":""MultiPoint"",""coordinates"":[]}"
2019_08_19,2019-08-19,,"{""type"":""MultiPoint"",""coordinates"":[]}"
2019_08_20,2019-08-20,,"{""type"":""MultiPoint"",""coordinates"":[]}"
2019_08_21,2019-08-21,,"{""type"":""MultiPoint"",""coordinates"":[]}"
2019_08_22,2019-08-22,,"{""type"":""MultiPoint"",""coordinates"":[]}"
2019_08_23,2019-08-23,,"{""type"":""MultiPoint"",""coordinates"":[]}"
2019_08_24,2019-08-24,,"{""type"":""MultiPoint"",""coordinates"":[]}"
2019_08_25,2019-08-25,,"{""type"":""MultiPoint"",""coordinates"":[]}"
2019_08_26,2019-08-26,,"{""type"":""MultiPoint"",""coordinates"":[]}"
2019_08_27,2019-08-27,309.6806042309293,"{""type"":""MultiPoint"",""coordinates"":[]}"
2019_08_28,2019-08-28,,"{""type"":""MultiPoint"",""coordinates"":[]}"
2019_08_29,2019-08-29,,"{""type"":""MultiPoint"",""coordinates"":[]}"
2019_08_30,2019-08-30,,"{""type"":""MultiPoint"",""coordinates"":[]}"
2019_08_31,2019-08-31,,"{""type"":""MultiPoint"",""coordinates"":[]}"
2019_09_01,2019-09-01,,"{""type"":""MultiPoint"",""coordinates"":[]}"
2019_09_02,2019-09-02,,"{""type"":""MultiPoint"",""coordinates"":[]}"
2019_09_03,2019-09-03,,"{""type"":""MultiPoint"",""coordinates"":[]}"
2019_09_04,2019-09-04,,"{""type"":""MultiPoint"",""coordinates"":[]}"
2019_09_05,2019-09-05,,"{""type"":""MultiPoint"",""coordinates"":[]}"
2019_09_06,2019-09-06,,"{""type"":""MultiPoint"",""coordinates"":[]}"
2019_09_07,2019-09-07,,"{""type"":""MultiPoint"",""coordinates"":[]}"
2019_09_08,2019-09-08,,"{""type"":""MultiPoint"",""coordinates"":[]}"
2019_09_09,2019-09-09,,"{""type"":""MultiPoint"",""coordinates"":[]}"
2019_09_10,2019-09-10,,"{""type"":""MultiPoint"",""coordinates"":[]}"
2019_09_11,2019-09-11,,"{""type"":""MultiPoint"",""coordinates"":[]}"
2019_09_12,2019-09-12,,"{""type"":""MultiPoint"",""coordinates"":[]}"
2019_09_13,2019-09-13,,"{""type"":""MultiPoint"",""coordinates"":[]}"
2019_09_14,2019-09-14,,"{""type"":""MultiPoint"",""coordinates"":[]}"
2019_09_15,2019-09-15,,"{""type"":""MultiPoint"",""coordinates"":[]}"
2019_09_16,2019-09-16,,"{""type"":""MultiPoint"",""coordinates"":[]}"
2019_09_17,2019-09-17,308.50253262675,"{""type"":""MultiPoint"",""coordinates"":[]}"
2019_09_18,2019-09-18,,"{""type"":""MultiPoint"",""coordinates"":[]}"
2019_09_19,2019-09-19,,"{""type"":""MultiPoint"",""coordinates"":[]}"
2019_09_20,2019-09-20,,"{""type"":""MultiPoint"",""coordinates"":[]}"
2019_09_21,2019-09-21,,"{""type"":""MultiPoint"",""coordinates"":[]}"
2019_09_22,2019-09-22,,"{""type"":""MultiPoint"",""coordinates"":[]}"
2019_09_23,2019-09-23,,"{""type"":""MultiPoint"",""coordinates"":[]}"
2019_09_24,2019-09-24,,"{""type"":""MultiPoint"",""coordinates"":[]}"
2019_09_25,2019-09-25,,"{""type"":""MultiPoint"",""coordinates"":[]}"
2019_09_26,2019-09-26,,"{""type"":""MultiPoint"",""coordinates"":[]}"
2019_09_27,2019-09-27,,"{""type"":""MultiPoint"",""coordinates"":[]}"
2019_09_28,2019-09-28,,"{""type"":""MultiPoint"",""coordinates"":[]}"
2019_09_29,2019-09-29,,"{""type"":""MultiPoint"",""coordinates"":[]}"
2019_09_30,2019-09-30,,"{""type"":""MultiPoint"",""coordinates"":[]}"
2019_10_01,2019-10-01,307.60924750356645,"{""type"":""MultiPoint"",""coordinates"":[]}"
2019_10_02,2019-10-02,,"{""type"":""MultiPoint"",""coordinates"":[]}"
2019_10_03,2019-10-03,307.6119992233513,"{""type"":""MultiPoint"",""coordinates"":[]}"
2019_10_04,2019-10-04,,"{""type"":""MultiPoint"",""coordinates"":[]}"
2019_10_05,2019-10-05,303.43543085444475,"{""type"":""MultiPoint"",""coordinates"":[]}"
2019_10_06,2019-10-06,,"{""type"":""MultiPoint"",""coordinates"":[]}"
2019_10_07,2019-10-07,304.34000000000003,"{""type"":""MultiPoint"",""coordinates"":[]}"
2019_10_08,2019-10-08,,"{""type"":""MultiPoint"",""coordinates"":[]}"
2019_10_09,2019-10-09,,"{""type"":""MultiPoint"",""coordinates"":[]}"
2019_10_10,2019-10-10,,"{""type"":""MultiPoint"",""coordinates"":[]}"
2019_10_11,2019-10-11,,"{""type"":""MultiPoint"",""coordinates"":[]}"
2019_10_12,2019-10-12,305.94720334261814,"{""type"":""MultiPoint"",""coordinates"":[]}"
2019_10_13,2019-10-13,,"{""type"":""MultiPoint"",""coordinates"":[]}"
2019_10_14,2019-10-14,301.6618695652174,"{""type"":""MultiPoint"",""coordinates"":[]}"
2019_10_15,2019-10-15,305.32593616274977,"{""type"":""MultiPoint"",""coordinates"":[]}"
2019_10_16,2019-10-16,,"{""type"":""MultiPoint"",""coordinates"":[]}"
2019_10_17,2019-10-17,306.3562320104666,"{""type"":""MultiPoint"",""coordinates"":[]}"
2019_10_18,2019-10-18,,"{""type"":""MultiPoint"",""coordinates"":[]}"
2019_10_19,2019-10-19,,"{""type"":""MultiPoint"",""coordinates"":[]}"
2019_10_20,2019-10-20,,"{""type"":""MultiPoint"",""coordinates"":[]}"
2019_10_21,2019-10-21,,"{""type"":""MultiPoint"",""coordinates"":[]}"
2019_10_22,2019-10-22,,"{""type"":""MultiPoint"",""coordinates"":[]}"
2019_10_23,2019-10-23,,"{""type"":""MultiPoint"",""coordinates"":[]}"
2019_10_24,2019-10-24,,"{""type"":""MultiPoint"",""coordinates"":[]}"
2019_10_25,2019-10-25,,"{""type"":""MultiPoint"",""coordinates"":[]}"
2019_10_26,2019-10-26,304.90406542056076,"{""type"":""MultiPoint"",""coordinates"":[]}"
2019_10_27,2019-10-27,,"{""type"":""MultiPoint"",""coordinates"":[]}"
2019_10_28,2019-10-28,305.7222294646977,"{""type"":""MultiPoint"",""coordinates"":[]}"
2019_10_29,2019-10-29,,"{""type"":""MultiPoint"",""coordinates"":[]}"
2019_10_30,2019-10-30,,"{""type"":""MultiPoint"",""coordinates"":[]}"
2019_10_31,2019-10-31,,"{""type"":""MultiPoint"",""coordinates"":[]}"
2019_11_01,2019-11-01,,"{""type"":""MultiPoint"",""coordinates"":[]}"
2019_11_02,2019-11-02,305.8869059171117,"{""type"":""MultiPoint"",""coordinates"":[]}"
2019_11_03,2019-11-03,,"{""type"":""MultiPoint"",""coordinates"":[]}"
2019_11_04,2019-11-04,310.2036055820465,"{""type"":""MultiPoint"",""coordinates"":[]}"
2019_11_05,2019-11-05,,"{""type"":""MultiPoint"",""coordinates"":[]}"
2019_11_06,2019-11-06,304.96796802019776,"{""type"":""MultiPoint"",""coordinates"":[]}"
2019_11_07,2019-11-07,303.19610447458996,"{""type"":""MultiPoint"",""coordinates"":[]}"
2019_11_08,2019-11-08,,"{""type"":""MultiPoint"",""coordinates"":[]}"
2019_11_09,2019-11-09,306.6300143450733,"{""type"":""MultiPoint"",""coordinates"":[]}"
2019_11_10,2019-11-10,306.18964127914586,"{""type"":""MultiPoint"",""coordinates"":[]}"
2019_11_11,2019-11-11,306.7501479849569,"{""type"":""MultiPoint"",""coordinates"":[]}"
2019_11_12,2019-11-12,,"{""type"":""MultiPoint"",""coordinates"":[]}"
2019_11_13,2019-11-13,306.49532787960965,"{""type"":""MultiPoint"",""coordinates"":[]}"
2019_11_14,2019-11-14,,"{""type"":""MultiPoint"",""coordinates"":[]}"
2019_11_15,2019-11-15,,"{""type"":""MultiPoint"",""coordinates"":[]}"
2019_11_16,2019-11-16,307.74920387668715,"{""type"":""MultiPoint"",""coordinates"":[]}"
2019_11_17,2019-11-17,306.60215582483914,"{""type"":""MultiPoint"",""coordinates"":[]}"
2019_11_18,2019-11-18,309.38083380725317,"{""type"":""MultiPoint"",""coordinates"":[]}"
2019_11_19,2019-11-19,,"{""type"":""MultiPoint"",""coordinates"":[]}"
2019_11_20,2019-11-20,304.8711696452067,"{""type"":""MultiPoint"",""coordinates"":[]}"
2019_11_21,2019-11-21,304.62,"{""type"":""MultiPoint"",""coordinates"":[]}"
2019_11_22,2019-11-22,306.7729082637035,"{""type"":""MultiPoint"",""coordinates"":[]}"
2019_11_23,2019-11-23,307.74110153550026,"{""type"":""MultiPoint"",""coordinates"":[]}"
2019_11_24,2019-11-24,305.60072706592604,"{""type"":""MultiPoint"",""coordinates"":[]}"
2019_11_25,2019-11-25,307.6600914300714,"{""type"":""MultiPoint"",""coordinates"":[]}"
2019_11_26,2019-11-26,303.9406443851437,"{""type"":""MultiPoint"",""coordinates"":[]}"
2019_11_27,2019-11-27,307.4650330285663,"{""type"":""MultiPoint"",""coordinates"":[]}"
2019_11_28,2019-11-28,,"{""type"":""MultiPoint"",""coordinates"":[]}"
2019_11_29,2019-11-29,306.29549892821217,"{""type"":""MultiPoint"",""coordinates"":[]}"
2019_11_30,2019-11-30,,"{""type"":""MultiPoint"",""coordinates"":[]}"
2019_12_01,2019-12-01,,"{""type"":""MultiPoint"",""coordinates"":[]}"
2019_12_02,2019-12-02,,"{""type"":""MultiPoint"",""coordinates"":[]}"
2019_12_03,2019-12-03,,"{""type"":""MultiPoint"",""coordinates"":[]}"
2019_12_04,2019-12-04,302.2714671787213,"{""type"":""MultiPoint"",""coordinates"":[]}"
2019_12_05,2019-12-05,,"{""type"":""MultiPoint"",""coordinates"":[]}"
2019_12_06,2019-12-06,302.6150249651387,"{""type"":""MultiPoint"",""coordinates"":[]}"
2019_12_07,2019-12-07,,"{""type"":""MultiPoint"",""coordinates"":[]}"
2019_12_08,2019-12-08,300.8311324153159,"{""type"":""MultiPoint"",""coordinates"":[]}"
2019_12_09,2019-12-09,,"{""type"":""MultiPoint"",""coordinates"":[]}"
2019_12_10,2019-12-10,304.75994247748156,"{""type"":""MultiPoint"",""coordinates"":[]}"
2019_12_11,2019-12-11,304.5781747917718,"{""type"":""MultiPoint"",""coordinates"":[]}"
2019_12_12,2019-12-12,303.1354630561267,"{""type"":""MultiPoint"",""coordinates"":[]}"
2019_12_13,2019-12-13,,"{""type"":""MultiPoint"",""coordinates"":[]}"
2019_12_14,2019-12-14,,"{""type"":""MultiPoint"",""coordinates"":[]}"
2019_12_15,2019-12-15,305.12035697099657,"{""type"":""MultiPoint"",""coordinates"":[]}"
2019_12_16,2019-12-16,302.84627082934304,"{""type"":""MultiPoint"",""coordinates"":[]}"
2019_12_17,2019-12-17,302.38531561014963,"{""type"":""MultiPoint"",""coordinates"":[]}"
2019_12_18,2019-12-18,303.50040242751186,"{""type"":""MultiPoint"",""coordinates"":[]}"
2019_12_19,2019-12-19,,"{""type"":""MultiPoint"",""coordinates"":[]}"
2019_12_20,2019-12-20,295.947791944364,"{""type"":""MultiPoint"",""coordinates"":[]}"
2019_12_21,2019-12-21,,"{""type"":""MultiPoint"",""coordinates"":[]}"
2019_12_22,2019-12-22,300.06053448850383,"{""type"":""MultiPoint"",""coordinates"":[]}"
2019_12_23,2019-12-23,,"{""type"":""MultiPoint"",""coordinates"":[]}"
2019_12_24,2019-12-24,304.0828100619414,"{""type"":""MultiPoint"",""coordinates"":[]}"
2019_12_25,2019-12-25,305.4565822530107,"{""type"":""MultiPoint"",""coordinates"":[]}"
2019_12_26,2019-12-26,,"{""type"":""MultiPoint"",""coordinates"":[]}"
2019_12_27,2019-12-27,,"{""type"":""MultiPoint"",""coordinates"":[]}"
2019_12_28,2019-12-28,,"{""type"":""MultiPoint"",""coordinates"":[]}"
2019_12_29,2019-12-29,305.1876490660135,"{""type"":""MultiPoint"",""coordinates"":[]}"
2019_12_30,2019-12-30,,"{""type"":""MultiPoint"",""coordinates"":[]}"
2019_12_31,2019-12-31,298.70858588865724,"{""type"":""MultiPoint"",""coordinates"":[]}"
2020_01_01,2020-01-01,,"{""type"":""MultiPoint"",""coordinates"":[]}"
2020_01_02,2020-01-02,302.47543302851,"{""type"":""MultiPoint"",""coordinates"":[]}"
2020_01_03,2020-01-03,302.5298187559204,"{""type"":""MultiPoint"",""coordinates"":[]}"
2020_01_04,2020-01-04,,"{""type"":""MultiPoint"",""coordinates"":[]}"
2020_01_05,2020-01-05,306.00845006343235,"{""type"":""MultiPoint"",""coordinates"":[]}"
2020_01_06,2020-01-06,,"{""type"":""MultiPoint"",""coordinates"":[]}"
2020_01_07,2020-01-07,299.91090128755366,"{""type"":""MultiPoint"",""coordinates"":[]}"
2020_01_08,2020-01-08,,"{""type"":""MultiPoint"",""coordinates"":[]}"
2020_01_09,2020-01-09,,"{""type"":""MultiPoint"",""coordinates"":[]}"
2020_01_10,2020-01-10,304.8765850477795,"{""type"":""MultiPoint"",""coordinates"":[]}"
2020_01_11,2020-01-11,302.7279743265023,"{""type"":""MultiPoint"",""coordinates"":[]}"
2020_01_12,2020-01-12,308.4071997900173,"{""type"":""MultiPoint"",""coordinates"":[]}"
2020_01_13,2020-01-13,305.0591412572728,"{""type"":""MultiPoint"",""coordinates"":[]}"
2020_01_14,2020-01-14,308.50310905988914,"{""type"":""MultiPoint"",""coordinates"":[]}"
2020_01_15,2020-01-15,,"{""type"":""MultiPoint"",""coordinates"":[]}"
2020_01_16,2020-01-16,307.8188289076513,"{""type"":""MultiPoint"",""coordinates"":[]}"
2020_01_17,2020-01-17,302.91264964216003,"{""type"":""MultiPoint"",""coordinates"":[]}"
2020_01_18,2020-01-18,304.48822841039356,"{""type"":""MultiPoint"",""coordinates"":[]}"
2020_01_19,2020-01-19,306.54358550446545,"{""type"":""MultiPoint"",""coordinates"":[]}"
2020_01_20,2020-01-20,304.62289884037074,"{""type"":""MultiPoint"",""coordinates"":[]}"
2020_01_21,2020-01-21,309.4665304693993,"{""type"":""MultiPoint"",""coordinates"":[]}"
2020_01_22,2020-01-22,,"{""type"":""MultiPoint"",""coordinates"":[]}"
2020_01_23,2020-01-23,309.92623955553603,"{""type"":""MultiPoint"",""coordinates"":[]}"
2020_01_24,2020-01-24,308.61388905901396,"{""type"":""MultiPoint"",""coordinates"":[]}"
2020_01_25,2020-01-25,308.59497309593615,"{""type"":""MultiPoint"",""coordinates"":[]}"
2020_01_26,2020-01-26,307.58661664989717,"{""type"":""MultiPoint"",""coordinates"":[]}"
2020_01_27,2020-01-27,309.11299969377484,"{""type"":""MultiPoint"",""coordinates"":[]}"
2020_01_28,2020-01-28,308.14355416057697,"{""type"":""MultiPoint"",""coordinates"":[]}"
2020_01_29,2020-01-29,305.1766829745596,"{""type"":""MultiPoint"",""coordinates"":[]}"
2020_01_30,2020-01-30,309.41848112340864,"{""type"":""MultiPoint"",""coordinates"":[]}"
2020_01_31,2020-01-31,,"{""type"":""MultiPoint"",""coordinates"":[]}"
2020_02_01,2020-02-01,306.4237740718197,"{""type"":""MultiPoint"",""coordinates"":[]}"
2020_02_02,2020-02-02,,"{""type"":""MultiPoint"",""coordinates"":[]}"
2020_02_03,2020-02-03,307.77558642110347,"{""type"":""MultiPoint"",""coordinates"":[]}"
2020_02_04,2020-02-04,311.4637613193929,"{""type"":""MultiPoint"",""coordinates"":[]}"
2020_02_05,2020-02-05,304.82866511458315,"{""type"":""MultiPoint"",""coordinates"":[]}"
2020_02_06,2020-02-06,308.5193906625088,"{""type"":""MultiPoint"",""coordinates"":[]}"
2020_02_07,2020-02-07,,"{""type"":""MultiPoint"",""coordinates"":[]}"
2020_02_08,2020-02-08,309.0713915298185,"{""type"":""MultiPoint"",""coordinates"":[]}"
2020_02_09,2020-02-09,,"{""type"":""MultiPoint"",""coordinates"":[]}"
2020_02_10,2020-02-10,304.86,"{""type"":""MultiPoint"",""coordinates"":[]}"
2020_02_11,2020-02-11,305.03316056002393,"{""type"":""MultiPoint"",""coordinates"":[]}"
2020_02_12,2020-02-12,304.2577889447238,"{""type"":""MultiPoint"",""coordinates"":[]}"
2020_02_13,2020-02-13,312.5075060151363,"{""type"":""MultiPoint"",""coordinates"":[]}"
2020_02_14,2020-02-14,308.63717966665206,"{""type"":""MultiPoint"",""coordinates"":[]}"
2020_02_15,2020-02-15,314.18731834288485,"{""type"":""MultiPoint"",""coordinates"":[]}"
2020_02_16,2020-02-16,,"{""type"":""MultiPoint"",""coordinates"":[]}"
2020_02_17,2020-02-17,312.87588345946904,"{""type"":""MultiPoint"",""coordinates"":[]}"
2020_02_18,2020-02-18,305.4794953373559,"{""type"":""MultiPoint"",""coordinates"":[]}"
2020_02_19,2020-02-19,311.3501106785073,"{""type"":""MultiPoint"",""coordinates"":[]}"
2020_02_20,2020-02-20,310.6031160593201,"{""type"":""MultiPoint"",""coordinates"":[]}"
2020_02_21,2020-02-21,308.4581057789056,"{""type"":""MultiPoint"",""coordinates"":[]}"
2020_02_22,2020-02-22,314.804825670414,"{""type"":""MultiPoint"",""coordinates"":[]}"
2020_02_23,2020-02-23,,"{""type"":""MultiPoint"",""coordinates"":[]}"
2020_02_24,2020-02-24,315.2352631348703,"{""type"":""MultiPoint"",""coordinates"":[]}"
2020_02_25,2020-02-25,,"{""type"":""MultiPoint"",""coordinates"":[]}"
2020_02_26,2020-02-26,310.3932678594864,"{""type"":""MultiPoint"",""coordinates"":[]}"
2020_02_27,2020-02-27,311.07314624436754,"{""type"":""MultiPoint"",""coordinates"":[]}"
2020_02_28,2020-02-28,309.97816439914254,"{""type"":""MultiPoint"",""coordinates"":[]}"
2020_02_29,2020-02-29,311.80234085213044,"{""type"":""MultiPoint"",""coordinates"":[]}"
2020_03_01,2020-03-01,308.39108709917326,"{""type"":""MultiPoint"",""coordinates"":[]}"
2020_03_02,2020-03-02,313.97303037635004,"{""type"":""MultiPoint"",""coordinates"":[]}"
2020_03_03,2020-03-03,,"{""type"":""MultiPoint"",""coordinates"":[]}"
2020_03_04,2020-03-04,312.7496107073131,"{""type"":""MultiPoint"",""coordinates"":[]}"
2020_03_05,2020-03-05,311.13208583052625,"{""type"":""MultiPoint"",""coordinates"":[]}"
2020_03_06,2020-03-06,306.5137287659694,"{""type"":""MultiPoint"",""coordinates"":[]}"
2020_03_07,2020-03-07,308.7654330851642,"{""type"":""MultiPoint"",""coordinates"":[]}"
2020_03_08,2020-03-08,,"{""type"":""MultiPoint"",""coordinates"":[]}"
2020_03_09,2020-03-09,307.8911773778921,"{""type"":""MultiPoint"",""coordinates"":[]}"
2020_03_10,2020-03-10,,"{""type"":""MultiPoint"",""coordinates"":[]}"
2020_03_11,2020-03-11,308.89419657762943,"{""type"":""MultiPoint"",""coordinates"":[]}"
2020_03_12,2020-03-12,,"{""type"":""MultiPoint"",""coordinates"":[]}"
2020_03_13,2020-03-13,313.44122706753564,"{""type"":""MultiPoint"",""coordinates"":[]}"
2020_03_14,2020-03-14,,"{""type"":""MultiPoint"",""coordinates"":[]}"
2020_03_15,2020-03-15,312.0879430421279,"{""type"":""MultiPoint"",""coordinates"":[]}"
2020_03_16,2020-03-16,316.59671507939976,"{""type"":""MultiPoint"",""coordinates"":[]}"
2020_03_17,2020-03-17,312.0879242311564,"{""type"":""MultiPoint"",""coordinates"":[]}"
2020_03_18,2020-03-18,318.9083940679821,"{""type"":""MultiPoint"",""coordinates"":[]}"
2020_03_19,2020-03-19,,"{""type"":""MultiPoint"",""coordinates"":[]}"
2020_03_20,2020-03-20,313.54461159635747,"{""type"":""MultiPoint"",""coordinates"":[]}"
2020_03_21,2020-03-21,311.5098840719192,"{""type"":""MultiPoint"",""coordinates"":[]}"
2020_03_22,2020-03-22,315.56915438120666,"{""type"":""MultiPoint"",""coordinates"":[]}"
2020_03_23,2020-03-23,313.8980867863564,"{""type"":""MultiPoint"",""coordinates"":[]}"
2020_03_24,2020-03-24,310.83676495034774,"{""type"":""MultiPoint"",""coordinates"":[]}"
2020_03_25,2020-03-25,317.7639393674266,"{""type"":""MultiPoint"",""coordinates"":[]}"
2020_03_26,2020-03-26,,"{""type"":""MultiPoint"",""coordinates"":[]}"
2020_03_27,2020-03-27,319.8454114353209,"{""type"":""MultiPoint"",""coordinates"":[]}"
2020_03_28,2020-03-28,314.05684806859415,"{""type"":""MultiPoint"",""coordinates"":[]}"
2020_03_29,2020-03-29,317.49459835828515,"{""type"":""MultiPoint"",""coordinates"":[]}"
2020_03_30,2020-03-30,316.2777050614639,"{""type"":""MultiPoint"",""coordinates"":[]}"
2020_03_31,2020-03-31,314.4040820007481,"{""type"":""MultiPoint"",""coordinates"":[]}"
2020_04_01,2020-04-01,317.3582392496904,"{""type"":""MultiPoint"",""coordinates"":[]}"
2020_04_02,2020-04-02,,"{""type"":""MultiPoint"",""coordinates"":[]}"
2020_04_03,2020-04-03,314.3328184885718,"{""type"":""MultiPoint"",""coordinates"":[]}"
2020_04_04,2020-04-04,,"{""type"":""MultiPoint"",""coordinates"":[]}"
2020_04_05,2020-04-05,315.97808733944936,"{""type"":""MultiPoint"",""coordinates"":[]}"
2020_04_06,2020-04-06,,"{""type"":""MultiPoint"",""coordinates"":[]}"
2020_04_07,2020-04-07,309.12398209337033,"{""type"":""MultiPoint"",""coordinates"":[]}"
2020_04_08,2020-04-08,310.8757009708738,"{""type"":""MultiPoint"",""coordinates"":[]}"
2020_04_09,2020-04-09,312.92183210114166,"{""type"":""MultiPoint"",""coordinates"":[]}"
2020_04_10,2020-04-10,319.27721903845304,"{""type"":""MultiPoint"",""coordinates"":[]}"
2020_04_11,2020-04-11,,"{""type"":""MultiPoint"",""coordinates"":[]}"
2020_04_12,2020-04-12,319.3678223256633,"{""type"":""MultiPoint"",""coordinates"":[]}"
2020_04_13,2020-04-13,311.0864010507879,"{""type"":""MultiPoint"",""coordinates"":[]}"
2020_04_14,2020-04-14,317.5058211910214,"{""type"":""MultiPoint"",""coordinates"":[]}"
2020_04_15,2020-04-15,318.3663980231895,"{""type"":""MultiPoint"",""coordinates"":[]}"
2020_04_16,2020-04-16,315.67500940548587,"{""type"":""MultiPoint"",""coordinates"":[]}"
2020_04_17,2020-04-17,316.56465045592716,"{""type"":""MultiPoint"",""coordinates"":[]}"
2020_04_18,2020-04-18,310.15188157987694,"{""type"":""MultiPoint"",""coordinates"":[]}"
2020_04_19,2020-04-19,319.33590839494286,"{""type"":""MultiPoint"",""coordinates"":[]}"
2020_04_20,2020-04-20,,"{""type"":""MultiPoint"",""coordinates"":[]}"
2020_04_21,2020-04-21,319.3839361535885,"{""type"":""MultiPoint"",""coordinates"":[]}"
2020_04_22,2020-04-22,313.59059544969796,"{""type"":""MultiPoint"",""coordinates"":[]}"
2020_04_23,2020-04-23,311.8258075353973,"{""type"":""MultiPoint"",""coordinates"":[]}"
2020_04_24,2020-04-24,317.49223797033073,"{""type"":""MultiPoint"",""coordinates"":[]}"
2020_04_25,2020-04-25,313.409673573534,"{""type"":""MultiPoint"",""coordinates"":[]}"
2020_04_26,2020-04-26,319.63580101876914,"{""type"":""MultiPoint"",""coordinates"":[]}"
2020_04_27,2020-04-27,,"{""type"":""MultiPoint"",""coordinates"":[]}"
2020_04_28,2020-04-28,316.75803572620276,"{""type"":""MultiPoint"",""coordinates"":[]}"
2020_04_29,2020-04-29,313.39256169675957,"{""type"":""MultiPoint"",""coordinates"":[]}"
2020_04_30,2020-04-30,318.8054519997289,"{""type"":""MultiPoint"",""coordinates"":[]}"
2020_05_01,2020-05-01,,"{""type"":""MultiPoint"",""coordinates"":[]}"
2020_05_02,2020-05-02,,"{""type"":""MultiPoint"",""coordinates"":[]}"
2020_05_03,2020-05-03,320.8311479067326,"{""type"":""MultiPoint"",""coordinates"":[]}"
2020_05_04,2020-05-04,312.0403454750281,"{""type"":""MultiPoint"",""coordinates"":[]}"
2020_05_05,2020-05-05,321.70162299313193,"{""type"":""MultiPoint"",""coordinates"":[]}"
2020_05_06,2020-05-06,,"{""type"":""MultiPoint"",""coordinates"":[]}"
2020_05_07,2020-05-07,314.6578275087314,"{""type"":""MultiPoint"",""coordinates"":[]}"
2020_05_08,2020-05-08,311.28936708860755,"{""type"":""MultiPoint"",""coordinates"":[]}"
2020_05_09,2020-05-09,316.3362337776606,"{""type"":""MultiPoint"",""coordinates"":[]}"
2020_05_10,2020-05-10,,"{""type"":""MultiPoint"",""coordinates"":[]}"
2020_05_11,2020-05-11,312.9187234787174,"{""type"":""MultiPoint"",""coordinates"":[]}"
2020_05_12,2020-05-12,315.8134033419192,"{""type"":""MultiPoint"",""coordinates"":[]}"
2020_05_13,2020-05-13,,"{""type"":""MultiPoint"",""coordinates"":[]}"
2020_05_14,2020-05-14,315.5508438623996,"{""type"":""MultiPoint"",""coordinates"":[]}"
2020_05_15,2020-05-15,,"{""type"":""MultiPoint"",""coordinates"":[]}"
2020_05_16,2020-05-16,,"{""type"":""MultiPoint"",""coordinates"":[]}"
2020_05_17,2020-05-17,,"{""type"":""MultiPoint"",""coordinates"":[]}"
2020_05_18,2020-05-18,315.0469206349207,"{""type"":""MultiPoint"",""coordinates"":[]}"
2020_05_19,2020-05-19,,"{""type"":""MultiPoint"",""coordinates"":[]}"
2020_05_20,2020-05-20,,"{""type"":""MultiPoint"",""coordinates"":[]}"
2020_05_21,2020-05-21,317.17286232993575,"{""type"":""MultiPoint"",""coordinates"":[]}"
2020_05_22,2020-05-22,,"{""type"":""MultiPoint"",""coordinates"":[]}"
2020_05_23,2020-05-23,321.8475047027427,"{""type"":""MultiPoint"",""coordinates"":[]}"
2020_05_24,2020-05-24,315.7190705408717,"{""type"":""MultiPoint"",""coordinates"":[]}"
2020_05_25,2020-05-25,316.9249782988052,"{""type"":""MultiPoint"",""coordinates"":[]}"
2020_05_26,2020-05-26,317.2644468551753,"{""type"":""MultiPoint"",""coordinates"":[]}"
2020_05_27,2020-05-27,312.1014514091351,"{""type"":""MultiPoint"",""coordinates"":[]}"
2020_05_28,2020-05-28,323.07282952010155,"{""type"":""MultiPoint"",""coordinates"":[]}"
2020_05_29,2020-05-29,,"{""type"":""MultiPoint"",""coordinates"":[]}"
2020_05_30,2020-05-30,318.792126952185,"{""type"":""MultiPoint"",""coordinates"":[]}"
2020_05_31,2020-05-31,,"{""type"":""MultiPoint"",""coordinates"":[]}"
2020_06_01,2020-06-01,,"{""type"":""MultiPoint"",""coordinates"":[]}"
2020_06_02,2020-06-02,,"{""type"":""MultiPoint"",""coordinates"":[]}"
2020_06_03,2020-06-03,,"{""type"":""MultiPoint"",""coordinates"":[]}"
2020_06_04,2020-06-04,,"{""type"":""MultiPoint"",""coordinates"":[]}"
2020_06_05,2020-06-05,,"{""type"":""MultiPoint"",""coordinates"":[]}"
2020_06_06,2020-06-06,314.232046143925,"{""type"":""MultiPoint"",""coordinates"":[]}"
2020_06_07,2020-06-07,,"{""type"":""MultiPoint"",""coordinates"":[]}"
2020_06_08,2020-06-08,,"{""type"":""MultiPoint"",""coordinates"":[]}"
2020_06_09,2020-06-09,,"{""type"":""MultiPoint"",""coordinates"":[]}"
2020_06_10,2020-06-10,,"{""type"":""MultiPoint"",""coordinates"":[]}"
2020_06_11,2020-06-11,,"{""type"":""MultiPoint"",""coordinates"":[]}"
2020_06_12,2020-06-12,,"{""type"":""MultiPoint"",""coordinates"":[]}"
2020_06_13,2020-06-13,,"{""type"":""MultiPoint"",""coordinates"":[]}"
2020_06_14,2020-06-14,,"{""type"":""MultiPoint"",""coordinates"":[]}"
2020_06_15,2020-06-15,,"{""type"":""MultiPoint"",""coordinates"":[]}"
2020_06_16,2020-06-16,,"{""type"":""MultiPoint"",""coordinates"":[]}"
2020_06_17,2020-06-17,,"{""type"":""MultiPoint"",""coordinates"":[]}"
2020_06_18,2020-06-18,,"{""type"":""MultiPoint"",""coordinates"":[]}"
2020_06_19,2020-06-19,,"{""type"":""MultiPoint"",""coordinates"":[]}"
2020_06_20,2020-06-20,,"{""type"":""MultiPoint"",""coordinates"":[]}"
2020_06_21,2020-06-21,,"{""type"":""MultiPoint"",""coordinates"":[]}"
2020_06_22,2020-06-22,,"{""type"":""MultiPoint"",""coordinates"":[]}"
2020_06_23,2020-06-23,,"{""type"":""MultiPoint"",""coordinates"":[]}"
2020_06_24,2020-06-24,312.2375444421387,"{""type"":""MultiPoint"",""coordinates"":[]}"
2020_06_25,2020-06-25,,"{""type"":""MultiPoint"",""coordinates"":[]}"
2020_06_26,2020-06-26,,"{""type"":""MultiPoint"",""coordinates"":[]}"
2020_06_27,2020-06-27,,"{""type"":""MultiPoint"",""coordinates"":[]}"
2020_06_28,2020-06-28,,"{""type"":""MultiPoint"",""coordinates"":[]}"
2020_06_29,2020-06-29,,"{""type"":""MultiPoint"",""coordinates"":[]}"
2020_06_30,2020-06-30,,"{""type"":""MultiPoint"",""coordinates"":[]}"
2020_07_01,2020-07-01,311.9543121982164,"{""type"":""MultiPoint"",""coordinates"":[]}"
2020_07_02,2020-07-02,,"{""type"":""MultiPoint"",""coordinates"":[]}"
2020_07_03,2020-07-03,,"{""type"":""MultiPoint"",""coordinates"":[]}"
2020_07_04,2020-07-04,,"{""type"":""MultiPoint"",""coordinates"":[]}"
2020_07_05,2020-07-05,,"{""type"":""MultiPoint"",""coordinates"":[]}"
2020_07_06,2020-07-06,,"{""type"":""MultiPoint"",""coordinates"":[]}"
2020_07_07,2020-07-07,,"{""type"":""MultiPoint"",""coordinates"":[]}"
2020_07_08,2020-07-08,,"{""type"":""MultiPoint"",""coordinates"":[]}"
2020_07_09,2020-07-09,,"{""type"":""MultiPoint"",""coordinates"":[]}"
2020_07_10,2020-07-10,,"{""type"":""MultiPoint"",""coordinates"":[]}"
2020_07_11,2020-07-11,,"{""type"":""MultiPoint"",""coordinates"":[]}"
2020_07_12,2020-07-12,,"{""type"":""MultiPoint"",""coordinates"":[]}"
2020_07_13,2020-07-13,,"{""type"":""MultiPoint"",""coordinates"":[]}"
2020_07_14,2020-07-14,,"{""type"":""MultiPoint"",""coordinates"":[]}"
2020_07_15,2020-07-15,,"{""type"":""MultiPoint"",""coordinates"":[]}"
2020_07_16,2020-07-16,,"{""type"":""MultiPoint"",""coordinates"":[]}"
2020_07_17,2020-07-17,,"{""type"":""MultiPoint"",""coordinates"":[]}"
2020_07_18,2020-07-18,,"{""type"":""MultiPoint"",""coordinates"":[]}"
2020_07_19,2020-07-19,,"{""type"":""MultiPoint"",""coordinates"":[]}"
2020_07_20,2020-07-20,,"{""type"":""MultiPoint"",""coordinates"":[]}"
2020_07_21,2020-07-21,,"{""type"":""MultiPoint"",""coordinates"":[]}"
2020_07_22,2020-07-22,,"{""type"":""MultiPoint"",""coordinates"":[]}"
2020_07_23,2020-07-23,,"{""type"":""MultiPoint"",""coordinates"":[]}"
2020_07_24,2020-07-24,,"{""type"":""MultiPoint"",""coordinates"":[]}"
2020_07_25,2020-07-25,,"{""type"":""MultiPoint"",""coordinates"":[]}"
2020_07_26,2020-07-26,309.6519465066348,"{""type"":""MultiPoint"",""coordinates"":[]}"
2020_07_27,2020-07-27,,"{""type"":""MultiPoint"",""coordinates"":[]}"
2020_07_28,2020-07-28,,"{""type"":""MultiPoint"",""coordinates"":[]}"
2020_07_29,2020-07-29,,"{""type"":""MultiPoint"",""coordinates"":[]}"
2020_07_30,2020-07-30,,"{""type"":""MultiPoint"",""coordinates"":[]}"
2020_07_31,2020-07-31,,"{""type"":""MultiPoint"",""coordinates"":[]}"
2020_08_01,2020-08-01,,"{""type"":""MultiPoint"",""coordinates"":[]}"
2020_08_02,2020-08-02,309.6674828726104,"{""type"":""MultiPoint"",""coordinates"":[]}"
2020_08_03,2020-08-03,,"{""type"":""MultiPoint"",""coordinates"":[]}"
2020_08_04,2020-08-04,,"{""type"":""MultiPoint"",""coordinates"":[]}"
2020_08_05,2020-08-05,,"{""type"":""MultiPoint"",""coordinates"":[]}"
2020_08_06,2020-08-06,,"{""type"":""MultiPoint"",""coordinates"":[]}"
2020_08_07,2020-08-07,,"{""type"":""MultiPoint"",""coordinates"":[]}"
2020_08_08,2020-08-08,,"{""type"":""MultiPoint"",""coordinates"":[]}"
2020_08_09,2020-08-09,,"{""type"":""MultiPoint"",""coordinates"":[]}"
2020_08_10,2020-08-10,,"{""type"":""MultiPoint"",""coordinates"":[]}"
2020_08_11,2020-08-11,,"{""type"":""MultiPoint"",""coordinates"":[]}"
2020_08_12,2020-08-12,,"{""type"":""MultiPoint"",""coordinates"":[]}"
2020_08_13,2020-08-13,,"{""type"":""MultiPoint"",""coordinates"":[]}"
2020_08_14,2020-08-14,,"{""type"":""MultiPoint"",""coordinates"":[]}"
2020_08_15,2020-08-15,,"{""type"":""MultiPoint"",""coordinates"":[]}"
2020_08_16,2020-08-16,,"{""type"":""MultiPoint"",""coordinates"":[]}"
2020_08_17,2020-08-17,,"{""type"":""MultiPoint"",""coordinates"":[]}"
2020_08_18,2020-08-18,,"{""type"":""MultiPoint"",""coordinates"":[]}"
2020_08_19,2020-08-19,,"{""type"":""MultiPoint"",""coordinates"":[]}"
2020_08_20,2020-08-20,,"{""type"":""MultiPoint"",""coordinates"":[]}"
2020_08_21,2020-08-21,,"{""type"":""MultiPoint"",""coordinates"":[]}"
2020_08_22,2020-08-22,,"{""type"":""MultiPoint"",""coordinates"":[]}"
2020_08_23,2020-08-23,,"{""type"":""MultiPoint"",""coordinates"":[]}"
2020_08_24,2020-08-24,,"{""type"":""MultiPoint"",""coordinates"":[]}"
2020_08_25,2020-08-25,,"{""type"":""MultiPoint"",""coordinates"":[]}"
2020_08_26,2020-08-26,,"{""type"":""MultiPoint"",""coordinates"":[]}"
2020_08_27,2020-08-27,,"{""type"":""MultiPoint"",""coordinates"":[]}"
2020_08_28,2020-08-28,,"{""type"":""MultiPoint"",""coordinates"":[]}"
2020_08_29,2020-08-29,,"{""type"":""MultiPoint"",""coordinates"":[]}"
2020_08_30,2020-08-30,,"{""type"":""MultiPoint"",""coordinates"":[]}"
2020_08_31,2020-08-31,,"{""type"":""MultiPoint"",""coordinates"":[]}"
2020_09_01,2020-09-01,,"{""type"":""MultiPoint"",""coordinates"":[]}"
2020_09_02,2020-09-02,,"{""type"":""MultiPoint"",""coordinates"":[]}"
2020_09_03,2020-09-03,308.21875386797325,"{""type"":""MultiPoint"",""coordinates"":[]}"
2020_09_04,2020-09-04,,"{""type"":""MultiPoint"",""coordinates"":[]}"
2020_09_05,2020-09-05,,"{""type"":""MultiPoint"",""coordinates"":[]}"
2020_09_06,2020-09-06,,"{""type"":""MultiPoint"",""coordinates"":[]}"
2020_09_07,2020-09-07,,"{""type"":""MultiPoint"",""coordinates"":[]}"
2020_09_08,2020-09-08,312.9440179068241,"{""type"":""MultiPoint"",""coordinates"":[]}"
2020_09_09,2020-09-09,,"{""type"":""MultiPoint"",""coordinates"":[]}"
2020_09_10,2020-09-10,,"{""type"":""MultiPoint"",""coordinates"":[]}"
2020_09_11,2020-09-11,,"{""type"":""MultiPoint"",""coordinates"":[]}"
2020_09_12,2020-09-12,,"{""type"":""MultiPoint"",""coordinates"":[]}"
2020_09_13,2020-09-13,,"{""type"":""MultiPoint"",""coordinates"":[]}"
2020_09_14,2020-09-14,,"{""type"":""MultiPoint"",""coordinates"":[]}"
2020_09_15,2020-09-15,,"{""type"":""MultiPoint"",""coordinates"":[]}"
2020_09_16,2020-09-16,,"{""type"":""MultiPoint"",""coordinates"":[]}"
2020_09_17,2020-09-17,,"{""type"":""MultiPoint"",""coordinates"":[]}"
2020_09_18,2020-09-18,,"{""type"":""MultiPoint"",""coordinates"":[]}"
2020_09_19,2020-09-19,,"{""type"":""MultiPoint"",""coordinates"":[]}"
2020_09_20,2020-09-20,,"{""type"":""MultiPoint"",""coordinates"":[]}"
2020_09_21,2020-09-21,,"{""type"":""MultiPoint"",""coordinates"":[]}"
2020_09_22,2020-09-22,300.86,"{""type"":""MultiPoint"",""coordinates"":[]}"
2020_09_23,2020-09-23,,"{""type"":""MultiPoint"",""coordinates"":[]}"
2020_09_24,2020-09-24,,"{""type"":""MultiPoint"",""coordinates"":[]}"
2020_09_25,2020-09-25,,"{""type"":""MultiPoint"",""coordinates"":[]}"
2020_09_26,2020-09-26,,"{""type"":""MultiPoint"",""coordinates"":[]}"
2020_09_27,2020-09-27,,"{""type"":""MultiPoint"",""coordinates"":[]}"
2020_09_28,2020-09-28,302.1181375876895,"{""type"":""MultiPoint"",""coordinates"":[]}"
2020_09_29,2020-09-29,,"{""type"":""MultiPoint"",""coordinates"":[]}"
2020_09_30,2020-09-30,,"{""type"":""MultiPoint"",""coordinates"":[]}"
2020_10_01,2020-10-01,,"{""type"":""MultiPoint"",""coordinates"":[]}"
2020_10_02,2020-10-02,307.27184430337456,"{""type"":""MultiPoint"",""coordinates"":[]}"
2020_10_03,2020-10-03,303.7642370173103,"{""type"":""MultiPoint"",""coordinates"":[]}"
2020_10_04,2020-10-04,,"{""type"":""MultiPoint"",""coordinates"":[]}"
2020_10_05,2020-10-05,305.5996219913328,"{""type"":""MultiPoint"",""coordinates"":[]}"
2020_10_06,2020-10-06,,"{""type"":""MultiPoint"",""coordinates"":[]}"
2020_10_07,2020-10-07,,"{""type"":""MultiPoint"",""coordinates"":[]}"
2020_10_08,2020-10-08,,"{""type"":""MultiPoint"",""coordinates"":[]}"
2020_10_09,2020-10-09,,"{""type"":""MultiPoint"",""coordinates"":[]}"
2020_10_10,2020-10-10,,"{""type"":""MultiPoint"",""coordinates"":[]}"
2020_10_11,2020-10-11,,"{""type"":""MultiPoint"",""coordinates"":[]}"
2020_10_12,2020-10-12,,"{""type"":""MultiPoint"",""coordinates"":[]}"
2020_10_13,2020-10-13,,"{""type"":""MultiPoint"",""coordinates"":[]}"
2020_10_14,2020-10-14,,"{""type"":""MultiPoint"",""coordinates"":[]}"
2020_10_15,2020-10-15,,"{""type"":""MultiPoint"",""coordinates"":[]}"
2020_10_16,2020-10-16,,"{""type"":""MultiPoint"",""coordinates"":[]}"
2020_10_17,2020-10-17,308.5372650152698,"{""type"":""MultiPoint"",""coordinates"":[]}"
2020_10_18,2020-10-18,,"{""type"":""MultiPoint"",""coordinates"":[]}"
2020_10_19,2020-10-19,305.0380983803239,"{""type"":""MultiPoint"",""coordinates"":[]}"
2020_10_20,2020-10-20,,"{""type"":""MultiPoint"",""coordinates"":[]}"
2020_10_21,2020-10-21,,"{""type"":""MultiPoint"",""coordinates"":[]}"
2020_10_22,2020-10-22,,"{""type"":""MultiPoint"",""coordinates"":[]}"
2020_10_23,2020-10-23,299.2534883720931,"{""type"":""MultiPoint"",""coordinates"":[]}"
2020_10_24,2020-10-24,,"{""type"":""MultiPoint"",""coordinates"":[]}"
2020_10_25,2020-10-25,305.94259735682823,"{""type"":""MultiPoint"",""coordinates"":[]}"
2020_10_26,2020-10-26,307.60642737371626,"{""type"":""MultiPoint"",""coordinates"":[]}"
2020_10_27,2020-10-27,,"{""type"":""MultiPoint"",""coordinates"":[]}"
2020_10_28,2020-10-28,304.03074489166073,"{""type"":""MultiPoint"",""coordinates"":[]}"
2020_10_29,2020-10-29,,"{""type"":""MultiPoint"",""coordinates"":[]}"
2020_10_30,2020-10-30,305.8679282540727,"{""type"":""MultiPoint"",""coordinates"":[]}"
2020_10_31,2020-10-31,,"{""type"":""MultiPoint"",""coordinates"":[]}"
2020_11_01,2020-11-01,308.0632179885383,"{""type"":""MultiPoint"",""coordinates"":[]}"
2020_11_02,2020-11-02,309.0525053589396,"{""type"":""MultiPoint"",""coordinates"":[]}"
2020_11_03,2020-11-03,,"{""type"":""MultiPoint"",""coordinates"":[]}"
2020_11_04,2020-11-04,308.88091298831955,"{""type"":""MultiPoint"",""coordinates"":[]}"
2020_11_05,2020-11-05,,"{""type"":""MultiPoint"",""coordinates"":[]}"
2020_11_06,2020-11-06,304.0090190872888,"{""type"":""MultiPoint"",""coordinates"":[]}"
2020_11_07,2020-11-07,,"{""type"":""MultiPoint"",""coordinates"":[]}"
2020_11_08,2020-11-08,308.52365020342097,"{""type"":""MultiPoint"",""coordinates"":[]}"
2020_11_09,2020-11-09,308.36852443239013,"{""type"":""MultiPoint"",""coordinates"":[]}"
2020_11_10,2020-11-10,306.1571416072445,"{""type"":""MultiPoint"",""coordinates"":[]}"
2020_11_11,2020-11-11,309.529910757251,"{""type"":""MultiPoint"",""coordinates"":[]}"
2020_11_12,2020-11-12,,"{""type"":""MultiPoint"",""coordinates"":[]}"
2020_11_13,2020-11-13,,"{""type"":""MultiPoint"",""coordinates"":[]}"
2020_11_14,2020-11-14,,"{""type"":""MultiPoint"",""coordinates"":[]}"
2020_11_15,2020-11-15,308.1421842600287,"{""type"":""MultiPoint"",""coordinates"":[]}"
2020_11_16,2020-11-16,,"{""type"":""MultiPoint"",""coordinates"":[]}"
2020_11_17,2020-11-17,307.25838925587294,"{""type"":""MultiPoint"",""coordinates"":[]}"
2020_11_18,2020-11-18,,"{""type"":""MultiPoint"",""coordinates"":[]}"
2020_11_19,2020-11-19,304.39241655129956,"{""type"":""MultiPoint"",""coordinates"":[]}"
2020_11_20,2020-11-20,306.6232457740751,"{""type"":""MultiPoint"",""coordinates"":[]}"
2020_11_21,2020-11-21,,"{""type"":""MultiPoint"",""coordinates"":[]}"
2020_11_22,2020-11-22,,"{""type"":""MultiPoint"",""coordinates"":[]}"
2020_11_23,2020-11-23,,"{""type"":""MultiPoint"",""coordinates"":[]}"
2020_11_24,2020-11-24,,"{""type"":""MultiPoint"",""coordinates"":[]}"
2020_11_25,2020-11-25,301.81027399540574,"{""type"":""MultiPoint"",""coordinates"":[]}"
2020_11_26,2020-11-26,,"{""type"":""MultiPoint"",""coordinates"":[]}"
2020_11_27,2020-11-27,,"{""type"":""MultiPoint"",""coordinates"":[]}"
2020_11_28,2020-11-28,,"{""type"":""MultiPoint"",""coordinates"":[]}"
2020_11_29,2020-11-29,300.85543048532224,"{""type"":""MultiPoint"",""coordinates"":[]}"
2020_11_30,2020-11-30,,"{""type"":""MultiPoint"",""coordinates"":[]}"
2020_12_01,2020-12-01,306.61405967015173,"{""type"":""MultiPoint"",""coordinates"":[]}"
2020_12_02,2020-12-02,306.54063738571244,"{""type"":""MultiPoint"",""coordinates"":[]}"
2020_12_03,2020-12-03,298.9398502288171,"{""type"":""MultiPoint"",""coordinates"":[]}"
2020_12_04,2020-12-04,,"{""type"":""MultiPoint"",""coordinates"":[]}"
2020_12_05,2020-12-05,305.31294867707993,"{""type"":""MultiPoint"",""coordinates"":[]}"
2020_12_06,2020-12-06,306.88809702961623,"{""type"":""MultiPoint"",""coordinates"":[]}"
2020_12_07,2020-12-07,,"{""type"":""MultiPoint"",""coordinates"":[]}"
2020_12_08,2020-12-08,308.3041231024981,"{""type"":""MultiPoint"",""coordinates"":[]}"
2020_12_09,2020-12-09,306.7508622424428,"{""type"":""MultiPoint"",""coordinates"":[]}"
2020_12_10,2020-12-10,307.1780878428626,"{""type"":""MultiPoint"",""coordinates"":[]}"
2020_12_11,2020-12-11,307.9754796797761,"{""type"":""MultiPoint"",""coordinates"":[]}"
2020_12_12,2020-12-12,305.6279089199002,"{""type"":""MultiPoint"",""coordinates"":[]}"
2020_12_13,2020-12-13,306.6919716523034,"{""type"":""MultiPoint"",""coordinates"":[]}"
2020_12_14,2020-12-14,304.4241532875453,"{""type"":""MultiPoint"",""coordinates"":[]}"
2020_12_15,2020-12-15,307.0464469136883,"{""type"":""MultiPoint"",""coordinates"":[]}"
2020_12_16,2020-12-16,,"{""type"":""MultiPoint"",""coordinates"":[]}"
2020_12_17,2020-12-17,306.43874622686906,"{""type"":""MultiPoint"",""coordinates"":[]}"
2020_12_18,2020-12-18,305.2075008823008,"{""type"":""MultiPoint"",""coordinates"":[]}"
2020_12_19,2020-12-19,302.68302613925516,"{""type"":""MultiPoint"",""coordinates"":[]}"
2020_12_20,2020-12-20,306.31106216369915,"{""type"":""MultiPoint"",""coordinates"":[]}"
2020_12_21,2020-12-21,304.50251410822864,"{""type"":""MultiPoint"",""coordinates"":[]}"
2020_12_22,2020-12-22,307.63452425740417,"{""type"":""MultiPoint"",""coordinates"":[]}"
2020_12_23,2020-12-23,,"{""type"":""MultiPoint"",""coordinates"":[]}"
2020_12_24,2020-12-24,306.00788573428423,"{""type"":""MultiPoint"",""coordinates"":[]}"
2020_12_25,2020-12-25,,"{""type"":""MultiPoint"",""coordinates"":[]}"
2020_12_26,2020-12-26,305.2894999781267,"{""type"":""MultiPoint"",""coordinates"":[]}"
2020_12_27,2020-12-27,306.8317879172315,"{""type"":""MultiPoint"",""coordinates"":[]}"
2020_12_28,2020-12-28,304.7931624305527,"{""type"":""MultiPoint"",""coordinates"":[]}"
2020_12_29,2020-12-29,306.0924742989633,"{""type"":""MultiPoint"",""coordinates"":[]}"
2020_12_30,2020-12-30,,"{""type"":""MultiPoint"",""coordinates"":[]}"
2020_12_31,2020-12-31,302.08032551241564,"{""type"":""MultiPoint"",""coordinates"":[]}"
2021_01_01,2021-01-01,,"{""type"":""MultiPoint"",""coordinates"":[]}"
2021_01_02,2021-01-02,305.4610604138413,"{""type"":""MultiPoint"",""coordinates"":[]}"
2021_01_03,2021-01-03,,"{""type"":""MultiPoint"",""coordinates"":[]}"
2021_01_04,2021-01-04,304.91050789623324,"{""type"":""MultiPoint"",""coordinates"":[]}"
2021_01_05,2021-01-05,307.07776718141656,"{""type"":""MultiPoint"",""coordinates"":[]}"
2021_01_06,2021-01-06,,"{""type"":""MultiPoint"",""coordinates"":[]}"
2021_01_07,2021-01-07,,"{""type"":""MultiPoint"",""coordinates"":[]}"
2021_01_08,2021-01-08,,"{""type"":""MultiPoint"",""coordinates"":[]}"
2021_01_09,2021-01-09,307.1339065575924,"{""type"":""MultiPoint"",""coordinates"":[]}"
2021_01_10,2021-01-10,302.05626533709085,"{""type"":""MultiPoint"",""coordinates"":[]}"
2021_01_11,2021-01-11,303.72913004617914,"{""type"":""MultiPoint"",""coordinates"":[]}"
2021_01_12,2021-01-12,298.91087602459015,"{""type"":""MultiPoint"",""coordinates"":[]}"
2021_01_13,2021-01-13,303.27361818319724,"{""type"":""MultiPoint"",""coordinates"":[]}"
2021_01_14,2021-01-14,308.64009624218056,"{""type"":""MultiPoint"",""coordinates"":[]}"
2021_01_15,2021-01-15,304.2371248651497,"{""type"":""MultiPoint"",""coordinates"":[]}"
2021_01_16,2021-01-16,303.25696189462127,"{""type"":""MultiPoint"",""coordinates"":[]}"
2021_01_17,2021-01-17,,"{""type"":""MultiPoint"",""coordinates"":[]}"
2021_01_18,2021-01-18,307.3220053370663,"{""type"":""MultiPoint"",""coordinates"":[]}"
2021_01_19,2021-01-19,308.29155693599887,"{""type"":""MultiPoint"",""coordinates"":[]}"
2021_01_20,2021-01-20,308.94710267290804,"{""type"":""MultiPoint"",""coordinates"":[]}"
2021_01_21,2021-01-21,309.3750500896802,"{""type"":""MultiPoint"",""coordinates"":[]}"
2021_01_22,2021-01-22,303.56271862295625,"{""type"":""MultiPoint"",""coordinates"":[]}"
2021_01_23,2021-01-23,309.493426659084,"{""type"":""MultiPoint"",""coordinates"":[]}"
2021_01_24,2021-01-24,,"{""type"":""MultiPoint"",""coordinates"":[]}"
2021_01_25,2021-01-25,311.37414628811405,"{""type"":""MultiPoint"",""coordinates"":[]}"
2021_01_26,2021-01-26,307.7687576009449,"{""type"":""MultiPoint"",""coordinates"":[]}"
2021_01_27,2021-01-27,306.22235353155196,"{""type"":""MultiPoint"",""coordinates"":[]}"
2021_01_28,2021-01-28,306.0980492251596,"{""type"":""MultiPoint"",""coordinates"":[]}"
2021_01_29,2021-01-29,304.2719586051088,"{""type"":""MultiPoint"",""coordinates"":[]}"
2021_01_30,2021-01-30,308.6869259835518,"{""type"":""MultiPoint"",""coordinates"":[]}"
2021_01_31,2021-01-31,,"{""type"":""MultiPoint"",""coordinates"":[]}"
2021_02_01,2021-02-01,306.1834680435253,"{""type"":""MultiPoint"",""coordinates"":[]}"
2021_02_02,2021-02-02,,"{""type"":""MultiPoint"",""coordinates"":[]}"
2021_02_03,2021-02-03,309.469129008268,"{""type"":""MultiPoint"",""coordinates"":[]}"
2021_02_04,2021-02-04,307.96495515989346,"{""type"":""MultiPoint"",""coordinates"":[]}"
2021_02_05,2021-02-05,308.17526225994135,"{""type"":""MultiPoint"",""coordinates"":[]}"
2021_02_06,2021-02-06,309.00392668095714,"{""type"":""MultiPoint"",""coordinates"":[]}"
2021_02_07,2021-02-07,305.6487943479592,"{""type"":""MultiPoint"",""coordinates"":[]}"
2021_02_08,2021-02-08,310.7905218950961,"{""type"":""MultiPoint"",""coordinates"":[]}"
2021_02_09,2021-02-09,,"{""type"":""MultiPoint"",""coordinates"":[]}"
2021_02_10,2021-02-10,311.05020910800994,"{""type"":""MultiPoint"",""coordinates"":[]}"
2021_02_11,2021-02-11,307.74061901220546,"{""type"":""MultiPoint"",""coordinates"":[]}"
2021_02_12,2021-02-12,307.6208754371687,"{""type"":""MultiPoint"",""coordinates"":[]}"
2021_02_13,2021-02-13,311.2733693512404,"{""type"":""MultiPoint"",""coordinates"":[]}"
2021_02_14,2021-02-14,310.1025464805985,"{""type"":""MultiPoint"",""coordinates"":[]}"
2021_02_15,2021-02-15,311.22702392930563,"{""type"":""MultiPoint"",""coordinates"":[]}"
2021_02_16,2021-02-16,307.71769018767225,"{""type"":""MultiPoint"",""coordinates"":[]}"
2021_02_17,2021-02-17,311.82538387506,"{""type"":""MultiPoint"",""coordinates"":[]}"
2021_02_18,2021-02-18,,"{""type"":""MultiPoint"",""coordinates"":[]}"
2021_02_19,2021-02-19,,"{""type"":""MultiPoint"",""coordinates"":[]}"
2021_02_20,2021-02-20,305.63085961063894,"{""type"":""MultiPoint"",""coordinates"":[]}"
2021_02_21,2021-02-21,305.413955634956,"{""type"":""MultiPoint"",""coordinates"":[]}"
2021_02_22,2021-02-22,308.81727657935295,"{""type"":""MultiPoint"",""coordinates"":[]}"
2021_02_23,2021-02-23,309.0066818321012,"{""type"":""MultiPoint"",""coordinates"":[]}"
2021_02_24,2021-02-24,314.87505840150504,"{""type"":""MultiPoint"",""coordinates"":[]}"
2021_02_25,2021-02-25,,"{""type"":""MultiPoint"",""coordinates"":[]}"
2021_02_26,2021-02-26,315.06192790585754,"{""type"":""MultiPoint"",""coordinates"":[]}"
2021_02_27,2021-02-27,308.98133883009496,"{""type"":""MultiPoint"",""coordinates"":[]}"
2021_02_28,2021-02-28,314.6288771898781,"{""type"":""MultiPoint"",""coordinates"":[]}"
2021_03_01,2021-03-01,312.76392971038075,"{""type"":""MultiPoint"",""coordinates"":[]}"
2021_03_02,2021-03-02,308.45206895367596,"{""type"":""MultiPoint"",""coordinates"":[]}"
2021_03_03,2021-03-03,315.1483188240955,"{""type"":""MultiPoint"",""coordinates"":[]}"
2021_03_04,2021-03-04,310.8455028653923,"{""type"":""MultiPoint"",""coordinates"":[]}"
2021_03_05,2021-03-05,318.2121400761189,"{""type"":""MultiPoint"",""coordinates"":[]}"
2021_03_06,2021-03-06,,"{""type"":""MultiPoint"",""coordinates"":[]}"
2021_03_07,2021-03-07,316.2252412616475,"{""type"":""MultiPoint"",""coordinates"":[]}"
2021_03_08,2021-03-08,312.8424681744606,"{""type"":""MultiPoint"",""coordinates"":[]}"
2021_03_09,2021-03-09,313.6745036965747,"{""type"":""MultiPoint"",""coordinates"":[]}"
2021_03_10,2021-03-10,315.4265440307975,"{""type"":""MultiPoint"",""coordinates"":[]}"
2021_03_11,2021-03-11,313.84368476311306,"{""type"":""MultiPoint"",""coordinates"":[]}"
2021_03_12,2021-03-12,316.0676061852495,"{""type"":""MultiPoint"",""coordinates"":[]}"
2021_03_13,2021-03-13,,"{""type"":""MultiPoint"",""coordinates"":[]}"
2021_03_14,2021-03-14,318.7895467868235,"{""type"":""MultiPoint"",""coordinates"":[]}"
2021_03_15,2021-03-15,312.989034078481,"{""type"":""MultiPoint"",""coordinates"":[]}"
2021_03_16,2021-03-16,315.48060676320057,"{""type"":""MultiPoint"",""coordinates"":[]}"
2021_03_17,2021-03-17,312.9492808088943,"{""type"":""MultiPoint"",""coordinates"":[]}"
2021_03_18,2021-03-18,313.5911649436816,"{""type"":""MultiPoint"",""coordinates"":[]}"
2021_03_19,2021-03-19,314.01461980071684,"{""type"":""MultiPoint"",""coordinates"":[]}"
2021_03_20,2021-03-20,309.14080417042436,"{""type"":""MultiPoint"",""coordinates"":[]}"
2021_03_21,2021-03-21,316.2175318255392,"{""type"":""MultiPoint"",""coordinates"":[]}"
2021_03_22,2021-03-22,,"{""type"":""MultiPoint"",""coordinates"":[]}"
2021_03_23,2021-03-23,316.5479334179098,"{""type"":""MultiPoint"",""coordinates"":[]}"
2021_03_24,2021-03-24,313.52617699811873,"{""type"":""MultiPoint"",""coordinates"":[]}"
2021_03_25,2021-03-25,313.8392124558704,"{""type"":""MultiPoint"",""coordinates"":[]}"
2021_03_26,2021-03-26,313.3021523832746,"{""type"":""MultiPoint"",""coordinates"":[]}"
2021_03_27,2021-03-27,313.09968546305635,"{""type"":""MultiPoint"",""coordinates"":[]}"
2021_03_28,2021-03-28,317.3157522201322,"{""type"":""MultiPoint"",""coordinates"":[]}"
2021_03_29,2021-03-29,,"{""type"":""MultiPoint"",""coordinates"":[]}"
2021_03_30,2021-03-30,317.50170088759376,"{""type"":""MultiPoint"",""coordinates"":[]}"
2021_03_31,2021-03-31,317.13022048208586,"{""type"":""MultiPoint"",""coordinates"":[]}"
2021_04_01,2021-04-01,319.19630644700084,"{""type"":""MultiPoint"",""coordinates"":[]}"
2021_04_02,2021-04-02,316.6106190122054,"{""type"":""MultiPoint"",""coordinates"":[]}"
2021_04_03,2021-04-03,314.57978564241665,"{""type"":""MultiPoint"",""coordinates"":[]}"
2021_04_04,2021-04-04,315.9855606107005,"{""type"":""MultiPoint"",""coordinates"":[]}"
2021_04_05,2021-04-05,308.65793106951475,"{""type"":""MultiPoint"",""coordinates"":[]}"
2021_04_06,2021-04-06,319.4853281700369,"{""type"":""MultiPoint"",""coordinates"":[]}"
2021_04_07,2021-04-07,,"{""type"":""MultiPoint"",""coordinates"":[]}"
2021_04_08,2021-04-08,316.1782038147701,"{""type"":""MultiPoint"",""coordinates"":[]}"
2021_04_09,2021-04-09,308.6,"{""type"":""MultiPoint"",""coordinates"":[]}"
2021_04_10,2021-04-10,313.36562083452475,"{""type"":""MultiPoint"",""coordinates"":[]}"
2021_04_11,2021-04-11,314.4680025372939,"{""type"":""MultiPoint"",""coordinates"":[]}"
2021_04_12,2021-04-12,311.3248200312988,"{""type"":""MultiPoint"",""coordinates"":[]}"
2021_04_13,2021-04-13,318.12973842613104,"{""type"":""MultiPoint"",""coordinates"":[]}"
2021_04_14,2021-04-14,,"{""type"":""MultiPoint"",""coordinates"":[]}"
2021_04_15,2021-04-15,316.18014075352437,"{""type"":""MultiPoint"",""coordinates"":[]}"
2021_04_16,2021-04-16,307.1347959511568,"{""type"":""MultiPoint"",""coordinates"":[]}"
2021_04_17,2021-04-17,315.4812804381282,"{""type"":""MultiPoint"",""coordinates"":[]}"
2021_04_18,2021-04-18,302.36,"{""type"":""MultiPoint"",""coordinates"":[]}"
2021_04_19,2021-04-19,311.5436375394067,"{""type"":""MultiPoint"",""coordinates"":[]}"
2021_04_20,2021-04-20,316.1533565270937,"{""type"":""MultiPoint"",""coordinates"":[]}"
2021_04_21,2021-04-21,307.90736739326775,"{""type"":""MultiPoint"",""coordinates"":[]}"
2021_04_22,2021-04-22,317.4524764862854,"{""type"":""MultiPoint"",""coordinates"":[]}"
2021_04_23,2021-04-23,,"{""type"":""MultiPoint"",""coordinates"":[]}"
2021_04_24,2021-04-24,315.03204758172353,"{""type"":""MultiPoint"",""coordinates"":[]}"
2021_04_25,2021-04-25,311.46776051985074,"{""type"":""MultiPoint"",""coordinates"":[]}"
2021_04_26,2021-04-26,316.05646496597876,"{""type"":""MultiPoint"",""coordinates"":[]}"
2021_04_27,2021-04-27,311.86680340170085,"{""type"":""MultiPoint"",""coordinates"":[]}"
2021_04_28,2021-04-28,,"{""type"":""MultiPoint"",""coordinates"":[]}"
2021_04_29,2021-04-29,317.6344108395839,"{""type"":""MultiPoint"",""coordinates"":[]}"
2021_04_30,2021-04-30,,"{""type"":""MultiPoint"",""coordinates"":[]}"
2021_05_01,2021-05-01,317.66493764159856,"{""type"":""MultiPoint"",""coordinates"":[]}"
2021_05_02,2021-05-02,,"{""type"":""MultiPoint"",""coordinates"":[]}"
2021_05_03,2021-05-03,314.6786954411051,"{""type"":""MultiPoint"",""coordinates"":[]}"
2021_05_04,2021-05-04,309.5285714285714,"{""type"":""MultiPoint"",""coordinates"":[]}"
2021_05_05,2021-05-05,311.5023166671037,"{""type"":""MultiPoint"",""coordinates"":[]}"
2021_05_06,2021-05-06,313.54945083667127,"{""type"":""MultiPoint"",""coordinates"":[]}"
2021_05_07,2021-05-07,,"{""type"":""MultiPoint"",""coordinates"":[]}"
2021_05_08,2021-05-08,316.7382972058924,"{""type"":""MultiPoint"",""coordinates"":[]}"
2021_05_09,2021-05-09,,"{""type"":""MultiPoint"",""coordinates"":[]}"
2021_05_10,2021-05-10,312.22287147004494,"{""type"":""MultiPoint"",""coordinates"":[]}"
2021_05_11,2021-05-11,,"{""type"":""MultiPoint"",""coordinates"":[]}"
2021_05_12,2021-05-12,315.8534800297477,"{""type"":""MultiPoint"",""coordinates"":[]}"
2021_05_13,2021-05-13,,"{""type"":""MultiPoint"",""coordinates"":[]}"
2021_05_14,2021-05-14,,"{""type"":""MultiPoint"",""coordinates"":[]}"
2021_05_15,2021-05-15,,"{""type"":""MultiPoint"",""coordinates"":[]}"
2021_05_16,2021-05-16,,"{""type"":""MultiPoint"",""coordinates"":[]}"
2021_05_17,2021-05-17,312.32009036058446,"{""type"":""MultiPoint"",""coordinates"":[]}"
2021_05_18,2021-05-18,,"{""type"":""MultiPoint"",""coordinates"":[]}"
2021_05_19,2021-05-19,310.43570317580037,"{""type"":""MultiPoint"",""coordinates"":[]}"
2021_05_20,2021-05-20,,"{""type"":""MultiPoint"",""coordinates"":[]}"
2021_05_21,2021-05-21,,"{""type"":""MultiPoint"",""coordinates"":[]}"
2021_05_22,2021-05-22,314.65316755592556,"{""type"":""MultiPoint"",""coordinates"":[]}"
2021_05_23,2021-05-23,309.96646922468574,"{""type"":""MultiPoint"",""coordinates"":[]}"
2021_05_24,2021-05-24,,"{""type"":""MultiPoint"",""coordinates"":[]}"
2021_05_25,2021-05-25,,"{""type"":""MultiPoint"",""coordinates"":[]}"
2021_05_26,2021-05-26,310.1319566813509,"{""type"":""MultiPoint"",""coordinates"":[]}"
2021_05_27,2021-05-27,,"{""type"":""MultiPoint"",""coordinates"":[]}"
2021_05_28,2021-05-28,313.0994676806083,"{""type"":""MultiPoint"",""coordinates"":[]}"
2021_05_29,2021-05-29,314.0773220238296,"{""type"":""MultiPoint"",""coordinates"":[]}"
2021_05_30,2021-05-30,311.8790887615382,"{""type"":""MultiPoint"",""coordinates"":[]}"
2021_05_31,2021-05-31,316.31876702444276,"{""type"":""MultiPoint"",""coordinates"":[]}"
2021_06_01,2021-06-01,,"{""type"":""MultiPoint"",""coordinates"":[]}"
2021_06_02,2021-06-02,314.40000000000003,"{""type"":""MultiPoint"",""coordinates"":[]}"
2021_06_03,2021-06-03,,"{""type"":""MultiPoint"",""coordinates"":[]}"
2021_06_04,2021-06-04,,"{""type"":""MultiPoint"",""coordinates"":[]}"
2021_06_05,2021-06-05,,"{""type"":""MultiPoint"",""coordinates"":[]}"
2021_06_06,2021-06-06,307.6727331711274,"{""type"":""MultiPoint"",""coordinates"":[]}"
2021_06_07,2021-06-07,310.8081793874575,"{""type"":""MultiPoint"",""coordinates"":[]}"
2021_06_08,2021-06-08,,"{""type"":""MultiPoint"",""coordinates"":[]}"
2021_06_09,2021-06-09,,"{""type"":""MultiPoint"",""coordinates"":[]}"
2021_06_10,2021-06-10,,"{""type"":""MultiPoint"",""coordinates"":[]}"
2021_06_11,2021-06-11,,"{""type"":""MultiPoint"",""coordinates"":[]}"
2021_06_12,2021-06-12,,"{""type"":""MultiPoint"",""coordinates"":[]}"
2021_06_13,2021-06-13,,"{""type"":""MultiPoint"",""coordinates"":[]}"
2021_06_14,2021-06-14,,"{""type"":""MultiPoint"",""coordinates"":[]}"
2021_06_15,2021-06-15,,"{""type"":""MultiPoint"",""coordinates"":[]}"
2021_06_16,2021-06-16,,"{""type"":""MultiPoint"",""coordinates"":[]}"
2021_06_17,2021-06-17,,"{""type"":""MultiPoint"",""coordinates"":[]}"
2021_06_18,2021-06-18,,"{""type"":""MultiPoint"",""coordinates"":[]}"
2021_06_19,2021-06-19,,"{""type"":""MultiPoint"",""coordinates"":[]}"
2021_06_20,2021-06-20,308.13023181892913,"{""type"":""MultiPoint"",""coordinates"":[]}"
2021_06_21,2021-06-21,,"{""type"":""MultiPoint"",""coordinates"":[]}"
2021_06_22,2021-06-22,,"{""type"":""MultiPoint"",""coordinates"":[]}"
2021_06_23,2021-06-23,,"{""type"":""MultiPoint"",""coordinates"":[]}"
2021_06_24,2021-06-24,,"{""type"":""MultiPoint"",""coordinates"":[]}"
2021_06_25,2021-06-25,,"{""type"":""MultiPoint"",""coordinates"":[]}"
2021_06_26,2021-06-26,,"{""type"":""MultiPoint"",""coordinates"":[]}"
2021_06_27,2021-06-27,,"{""type"":""MultiPoint"",""coordinates"":[]}"
2021_06_28,2021-06-28,,"{""type"":""MultiPoint"",""coordinates"":[]}"
2021_06_29,2021-06-29,,"{""type"":""MultiPoint"",""coordinates"":[]}"
2021_06_30,2021-06-30,310.46568731671556,"{""type"":""MultiPoint"",""coordinates"":[]}"
2021_07_01,2021-07-01,,"{""type"":""MultiPoint"",""coordinates"":[]}"
2021_07_02,2021-07-02,,"{""type"":""MultiPoint"",""coordinates"":[]}"
2021_07_03,2021-07-03,,"{""type"":""MultiPoint"",""coordinates"":[]}"
2021_07_04,2021-07-04,309.9663332862457,"{""type"":""MultiPoint"",""coordinates"":[]}"
2021_07_05,2021-07-05,,"{""type"":""MultiPoint"",""coordinates"":[]}"
2021_07_06,2021-07-06,,"{""type"":""MultiPoint"",""coordinates"":[]}"
2021_07_07,2021-07-07,308.6238048411498,"{""type"":""MultiPoint"",""coordinates"":[]}"
2021_07_08,2021-07-08,,"{""type"":""MultiPoint"",""coordinates"":[]}"
2021_07_09,2021-07-09,,"{""type"":""MultiPoint"",""coordinates"":[]}"
2021_07_10,2021-07-10,,"{""type"":""MultiPoint"",""coordinates"":[]}"
2021_07_11,2021-07-11,,"{""type"":""MultiPoint"",""coordinates"":[]}"
2021_07_12,2021-07-12,,"{""type"":""MultiPoint"",""coordinates"":[]}"
2021_07_13,2021-07-13,,"{""type"":""MultiPoint"",""coordinates"":[]}"
2021_07_14,2021-07-14,,"{""type"":""MultiPoint"",""coordinates"":[]}"
2021_07_15,2021-07-15,,"{""type"":""MultiPoint"",""coordinates"":[]}"
2021_07_16,2021-07-16,,"{""type"":""MultiPoint"",""coordinates"":[]}"
2021_07_17,2021-07-17,,"{""type"":""MultiPoint"",""coordinates"":[]}"
2021_07_18,2021-07-18,,"{""type"":""MultiPoint"",""coordinates"":[]}"
2021_07_19,2021-07-19,,"{""type"":""MultiPoint"",""coordinates"":[]}"
2021_07_20,2021-07-20,,"{""type"":""MultiPoint"",""coordinates"":[]}"
2021_07_21,2021-07-21,,"{""type"":""MultiPoint"",""coordinates"":[]}"
2021_07_22,2021-07-22,,"{""type"":""MultiPoint"",""coordinates"":[]}"
2021_07_23,2021-07-23,,"{""type"":""MultiPoint"",""coordinates"":[]}"
2021_07_24,2021-07-24,,"{""type"":""MultiPoint"",""coordinates"":[]}"
2021_07_25,2021-07-25,,"{""type"":""MultiPoint"",""coordinates"":[]}"
2021_07_26,2021-07-26,,"{""type"":""MultiPoint"",""coordinates"":[]}"
2021_07_27,2021-07-27,,"{""type"":""MultiPoint"",""coordinates"":[]}"
2021_07_28,2021-07-28,,"{""type"":""MultiPoint"",""coordinates"":[]}"
2021_07_29,2021-07-29,,"{""type"":""MultiPoint"",""coordinates"":[]}"
2021_07_30,2021-07-30,,"{""type"":""MultiPoint"",""coordinates"":[]}"
2021_07_31,2021-07-31,,"{""type"":""MultiPoint"",""coordinates"":[]}"
2021_08_01,2021-08-01,,"{""type"":""MultiPoint"",""coordinates"":[]}"
2021_08_02,2021-08-02,,"{""type"":""MultiPoint"",""coordinates"":[]}"
2021_08_03,2021-08-03,,"{""type"":""MultiPoint"",""coordinates"":[]}"
2021_08_04,2021-08-04,,"{""type"":""MultiPoint"",""coordinates"":[]}"
2021_08_05,2021-08-05,,"{""type"":""MultiPoint"",""coordinates"":[]}"
2021_08_06,2021-08-06,,"{""type"":""MultiPoint"",""coordinates"":[]}"
2021_08_07,2021-08-07,309.1137769180232,"{""type"":""MultiPoint"",""coordinates"":[]}"
2021_08_08,2021-08-08,,"{""type"":""MultiPoint"",""coordinates"":[]}"
2021_08_09,2021-08-09,,"{""type"":""MultiPoint"",""coordinates"":[]}"
2021_08_10,2021-08-10,,"{""type"":""MultiPoint"",""coordinates"":[]}"
2021_08_11,2021-08-11,,"{""type"":""MultiPoint"",""coordinates"":[]}"
2021_08_12,2021-08-12,,"{""type"":""MultiPoint"",""coordinates"":[]}"
2021_08_13,2021-08-13,,"{""type"":""MultiPoint"",""coordinates"":[]}"
2021_08_14,2021-08-14,,"{""type"":""MultiPoint"",""coordinates"":[]}"
2021_08_15,2021-08-15,,"{""type"":""MultiPoint"",""coordinates"":[]}"
2021_08_16,2021-08-16,,"{""type"":""MultiPoint"",""coordinates"":[]}"
2021_08_17,2021-08-17,,"{""type"":""MultiPoint"",""coordinates"":[]}"
2021_08_18,2021-08-18,,"{""type"":""MultiPoint"",""coordinates"":[]}"
2021_08_19,2021-08-19,,"{""type"":""MultiPoint"",""coordinates"":[]}"
2021_08_20,2021-08-20,,"{""type"":""MultiPoint"",""coordinates"":[]}"
2021_08_21,2021-08-21,,"{""type"":""MultiPoint"",""coordinates"":[]}"
2021_08_22,2021-08-22,,"{""type"":""MultiPoint"",""coordinates"":[]}"
2021_08_23,2021-08-23,309.4605349614769,"{""type"":""MultiPoint"",""coordinates"":[]}"
2021_08_24,2021-08-24,,"{""type"":""MultiPoint"",""coordinates"":[]}"
2021_08_25,2021-08-25,300.1709771309772,"{""type"":""MultiPoint"",""coordinates"":[]}"
2021_08_26,2021-08-26,,"{""type"":""MultiPoint"",""coordinates"":[]}"
2021_08_27,2021-08-27,,"{""type"":""MultiPoint"",""coordinates"":[]}"
2021_08_28,2021-08-28,,"{""type"":""MultiPoint"",""coordinates"":[]}"
2021_08_29,2021-08-29,,"{""type"":""MultiPoint"",""coordinates"":[]}"
2021_08_30,2021-08-30,,"{""type"":""MultiPoint"",""coordinates"":[]}"
2021_08_31,2021-08-31,,"{""type"":""MultiPoint"",""coordinates"":[]}"
2021_09_01,2021-09-01,,"{""type"":""MultiPoint"",""coordinates"":[]}"
2021_09_02,2021-09-02,308.86,"{""type"":""MultiPoint"",""coordinates"":[]}"
2021_09_03,2021-09-03,,"{""type"":""MultiPoint"",""coordinates"":[]}"
2021_09_04,2021-09-04,,"{""type"":""MultiPoint"",""coordinates"":[]}"
2021_09_05,2021-09-05,,"{""type"":""MultiPoint"",""coordinates"":[]}"
2021_09_06,2021-09-06,,"{""type"":""MultiPoint"",""coordinates"":[]}"
2021_09_07,2021-09-07,,"{""type"":""MultiPoint"",""coordinates"":[]}"
2021_09_08,2021-09-08,,"{""type"":""MultiPoint"",""coordinates"":[]}"
2021_09_09,2021-09-09,,"{""type"":""MultiPoint"",""coordinates"":[]}"
2021_09_10,2021-09-10,,"{""type"":""MultiPoint"",""coordinates"":[]}"
2021_09_11,2021-09-11,,"{""type"":""MultiPoint"",""coordinates"":[]}"
2021_09_12,2021-09-12,,"{""type"":""MultiPoint"",""coordinates"":[]}"
2021_09_13,2021-09-13,,"{""type"":""MultiPoint"",""coordinates"":[]}"
2021_09_14,2021-09-14,,"{""type"":""MultiPoint"",""coordinates"":[]}"
2021_09_15,2021-09-15,306.1083179505535,"{""type"":""MultiPoint"",""coordinates"":[]}"
2021_09_16,2021-09-16,,"{""type"":""MultiPoint"",""coordinates"":[]}"
2021_09_17,2021-09-17,301.68,"{""type"":""MultiPoint"",""coordinates"":[]}"
2021_09_18,2021-09-18,,"{""type"":""MultiPoint"",""coordinates"":[]}"
2021_09_19,2021-09-19,,"{""type"":""MultiPoint"",""coordinates"":[]}"
2021_09_20,2021-09-20,,"{""type"":""MultiPoint"",""coordinates"":[]}"
2021_09_21,2021-09-21,,"{""type"":""MultiPoint"",""coordinates"":[]}"
2021_09_22,2021-09-22,,"{""type"":""MultiPoint"",""coordinates"":[]}"
2021_09_23,2021-09-23,,"{""type"":""MultiPoint"",""coordinates"":[]}"
2021_09_24,2021-09-24,,"{""type"":""MultiPoint"",""coordinates"":[]}"
2021_09_25,2021-09-25,,"{""type"":""MultiPoint"",""coordinates"":[]}"
2021_09_26,2021-09-26,,"{""type"":""MultiPoint"",""coordinates"":[]}"
2021_09_27,2021-09-27,,"{""type"":""MultiPoint"",""coordinates"":[]}"
2021_09_28,2021-09-28,,"{""type"":""MultiPoint"",""coordinates"":[]}"
2021_09_29,2021-09-29,,"{""type"":""MultiPoint"",""coordinates"":[]}"
2021_09_30,2021-09-30,,"{""type"":""MultiPoint"",""coordinates"":[]}"
2021_10_01,2021-10-01,309.4439586849389,"{""type"":""MultiPoint"",""coordinates"":[]}"
2021_10_02,2021-10-02,,"{""type"":""MultiPoint"",""coordinates"":[]}"
2021_10_03,2021-10-03,305.25121222212965,"{""type"":""MultiPoint"",""coordinates"":[]}"
2021_10_04,2021-10-04,,"{""type"":""MultiPoint"",""coordinates"":[]}"
2021_10_05,2021-10-05,,"{""type"":""MultiPoint"",""coordinates"":[]}"
2021_10_06,2021-10-06,308.7114194757398,"{""type"":""MultiPoint"",""coordinates"":[]}"
2021_10_07,2021-10-07,,"{""type"":""MultiPoint"",""coordinates"":[]}"
2021_10_08,2021-10-08,308.65785263456473,"{""type"":""MultiPoint"",""coordinates"":[]}"
2021_10_09,2021-10-09,,"{""type"":""MultiPoint"",""coordinates"":[]}"
2021_10_10,2021-10-10,302.28545521972933,"{""type"":""MultiPoint"",""coordinates"":[]}"
2021_10_11,2021-10-11,306.7473482493593,"{""type"":""MultiPoint"",""coordinates"":[]}"
2021_10_12,2021-10-12,,"{""type"":""MultiPoint"",""coordinates"":[]}"
2021_10_13,2021-10-13,,"{""type"":""MultiPoint"",""coordinates"":[]}"
2021_10_14,2021-10-14,,"{""type"":""MultiPoint"",""coordinates"":[]}"
2021_10_15,2021-10-15,,"{""type"":""MultiPoint"",""coordinates"":[]}"
2021_10_16,2021-10-16,,"{""type"":""MultiPoint"",""coordinates"":[]}"
2021_10_17,2021-10-17,,"{""type"":""MultiPoint"",""coordinates"":[]}"
2021_10_18,2021-10-18,,"{""type"":""MultiPoint"",""coordinates"":[]}"
2021_10_19,2021-10-19,,"{""type"":""MultiPoint"",""coordinates"":[]}"
2021_10_20,2021-10-20,307.749406286953,"{""type"":""MultiPoint"",""coordinates"":[]}"
2021_10_21,2021-10-21,307.68115140644846,"{""type"":""MultiPoint"",""coordinates"":[]}"
2021_10_22,2021-10-22,310.0015871210465,"{""type"":""MultiPoint"",""coordinates"":[]}"
2021_10_23,2021-10-23,,"{""type"":""MultiPoint"",""coordinates"":[]}"
2021_10_24,2021-10-24,308.4060704960836,"{""type"":""MultiPoint"",""coordinates"":[]}"
2021_10_25,2021-10-25,,"{""type"":""MultiPoint"",""coordinates"":[]}"
2021_10_26,2021-10-26,307.6091849843309,"{""type"":""MultiPoint"",""coordinates"":[]}"
2021_10_27,2021-10-27,307.9806010761623,"{""type"":""MultiPoint"",""coordinates"":[]}"
2021_10_28,2021-10-28,,"{""type"":""MultiPoint"",""coordinates"":[]}"
2021_10_29,2021-10-29,,"{""type"":""MultiPoint"",""coordinates"":[]}"
2021_10_30,2021-10-30,,"{""type"":""MultiPoint"",""coordinates"":[]}"
2021_10_31,2021-10-31,305.7398334310851,"{""type"":""MultiPoint"",""coordinates"":[]}"
2021_11_01,2021-11-01,,"{""type"":""MultiPoint"",""coordinates"":[]}"
2021_11_02,2021-11-02,,"{""type"":""MultiPoint"",""coordinates"":[]}"
2021_11_03,2021-11-03,,"{""type"":""MultiPoint"",""coordinates"":[]}"
2021_11_04,2021-11-04,,"{""type"":""MultiPoint"",""coordinates"":[]}"
2021_11_05,2021-11-05,305.92729216742646,"{""type"":""MultiPoint"",""coordinates"":[]}"
2021_11_06,2021-11-06,,"{""type"":""MultiPoint"",""coordinates"":[]}"
2021_11_07,2021-11-07,,"{""type"":""MultiPoint"",""coordinates"":[]}"
2021_11_08,2021-11-08,,"{""type"":""MultiPoint"",""coordinates"":[]}"
2021_11_09,2021-11-09,,"{""type"":""MultiPoint"",""coordinates"":[]}"
2021_11_10,2021-11-10,,"{""type"":""MultiPoint"",""coordinates"":[]}"
2021_11_11,2021-11-11,,"{""type"":""MultiPoint"",""coordinates"":[]}"
2021_11_12,2021-11-12,,"{""type"":""MultiPoint"",""coordinates"":[]}"
2021_11_13,2021-11-13,,"{""type"":""MultiPoint"",""coordinates"":[]}"
2021_11_14,2021-11-14,,"{""type"":""MultiPoint"",""coordinates"":[]}"
2021_11_15,2021-11-15,,"{""type"":""MultiPoint"",""coordinates"":[]}"
2021_11_16,2021-11-16,,"{""type"":""MultiPoint"",""coordinates"":[]}"
2021_11_17,2021-11-17,,"{""type"":""MultiPoint"",""coordinates"":[]}"
2021_11_18,2021-11-18,,"{""type"":""MultiPoint"",""coordinates"":[]}"
2021_11_19,2021-11-19,,"{""type"":""MultiPoint"",""coordinates"":[]}"
2021_11_20,2021-11-20,,"{""type"":""MultiPoint"",""coordinates"":[]}"
2021_11_21,2021-11-21,,"{""type"":""MultiPoint"",""coordinates"":[]}"
2021_11_22,2021-11-22,299.7345667273584,"{""type"":""MultiPoint"",""coordinates"":[]}"
2021_11_23,2021-11-23,306.63822131665046,"{""type"":""MultiPoint"",""coordinates"":[]}"
2021_11_24,2021-11-24,,"{""type"":""MultiPoint"",""coordinates"":[]}"
2021_11_25,2021-11-25,308.1551297082113,"{""type"":""MultiPoint"",""coordinates"":[]}"
2021_11_26,2021-11-26,,"{""type"":""MultiPoint"",""coordinates"":[]}"
2021_11_27,2021-11-27,297.63256424079066,"{""type"":""MultiPoint"",""coordinates"":[]}"
2021_11_28,2021-11-28,,"{""type"":""MultiPoint"",""coordinates"":[]}"
2021_11_29,2021-11-29,,"{""type"":""MultiPoint"",""coordinates"":[]}"
2021_11_30,2021-11-30,,"{""type"":""MultiPoint"",""coordinates"":[]}"
2021_12_01,2021-12-01,303.31457587821,"{""type"":""MultiPoint"",""coordinates"":[]}"
2021_12_02,2021-12-02,305.9759293928858,"{""type"":""MultiPoint"",""coordinates"":[]}"
2021_12_03,2021-12-03,,"{""type"":""MultiPoint"",""coordinates"":[]}"
2021_12_04,2021-12-04,303.83584037472434,"{""type"":""MultiPoint"",""coordinates"":[]}"
2021_12_05,2021-12-05,306.7019983376352,"{""type"":""MultiPoint"",""coordinates"":[]}"
2021_12_06,2021-12-06,303.77881969953586,"{""type"":""MultiPoint"",""coordinates"":[]}"
2021_12_07,2021-12-07,305.5527502515399,"{""type"":""MultiPoint"",""coordinates"":[]}"
2021_12_08,2021-12-08,,"{""type"":""MultiPoint"",""coordinates"":[]}"
2021_12_09,2021-12-09,305.84000000000003,"{""type"":""MultiPoint"",""coordinates"":[]}"
2021_12_10,2021-12-10,,"{""type"":""MultiPoint"",""coordinates"":[]}"
2021_12_11,2021-12-11,305.8373806251646,"{""type"":""MultiPoint"",""coordinates"":[]}"
2021_12_12,2021-12-12,,"{""type"":""MultiPoint"",""coordinates"":[]}"
2021_12_13,2021-12-13,303.4018214936248,"{""type"":""MultiPoint"",""coordinates"":[]}"
2021_12_14,2021-12-14,,"{""type"":""MultiPoint"",""coordinates"":[]}"
2021_12_15,2021-12-15,,"{""type"":""MultiPoint"",""coordinates"":[]}"
2021_12_16,2021-12-16,306.23709436108334,"{""type"":""MultiPoint"",""coordinates"":[]}"
2021_12_17,2021-12-17,303.6077076862503,"{""type"":""MultiPoint"",""coordinates"":[]}"
2021_12_18,2021-12-18,306.91933680388473,"{""type"":""MultiPoint"",""coordinates"":[]}"
2021_12_19,2021-12-19,,"{""type"":""MultiPoint"",""coordinates"":[]}"
2021_12_20,2021-12-20,304.7605564547881,"{""type"":""MultiPoint"",""coordinates"":[]}"
2021_12_21,2021-12-21,304.3740010499147,"{""type"":""MultiPoint"",""coordinates"":[]}"
2021_12_22,2021-12-22,305.44660790060806,"{""type"":""MultiPoint"",""coordinates"":[]}"
2021_12_23,2021-12-23,306.51950654009374,"{""type"":""MultiPoint"",""coordinates"":[]}"
2021_12_24,2021-12-24,305.0640019248437,"{""type"":""MultiPoint"",""coordinates"":[]}"
2021_12_25,2021-12-25,306.97849993438035,"{""type"":""MultiPoint"",""coordinates"":[]}"
2021_12_26,2021-12-26,,"{""type"":""MultiPoint"",""coordinates"":[]}"
2021_12_27,2021-12-27,305.69307887484143,"{""type"":""MultiPoint"",""coordinates"":[]}"
2021_12_28,2021-12-28,,"{""type"":""MultiPoint"",""coordinates"":[]}"
2021_12_29,2021-12-29,305.568262343856,"{""type"":""MultiPoint"",""coordinates"":[]}"
2021_12_30,2021-12-30,302.56504407923387,"{""type"":""MultiPoint"",""coordinates"":[]}"
2021_12_31,2021-12-31,303.45098980613443,"{""type"":""MultiPoint"",""coordinates"":[]}"
2022_01_01,2022-01-01,304.38416586608287,"{""type"":""MultiPoint"",""coordinates"":[]}"
2022_01_02,2022-01-02,,"{""type"":""MultiPoint"",""coordinates"":[]}"
2022_01_03,2022-01-03,306.85315236887,"{""type"":""MultiPoint"",""coordinates"":[]}"
2022_01_04,2022-01-04,,"{""type"":""MultiPoint"",""coordinates"":[]}"
2022_01_05,2022-01-05,306.58212957697197,"{""type"":""MultiPoint"",""coordinates"":[]}"
2022_01_06,2022-01-06,305.95160768187566,"{""type"":""MultiPoint"",""coordinates"":[]}"
2022_01_07,2022-01-07,303.4876747154012,"{""type"":""MultiPoint"",""coordinates"":[]}"
2022_01_08,2022-01-08,,"{""type"":""MultiPoint"",""coordinates"":[]}"
2022_01_09,2022-01-09,,"{""type"":""MultiPoint"",""coordinates"":[]}"
2022_01_10,2022-01-10,305.37700156665085,"{""type"":""MultiPoint"",""coordinates"":[]}"
2022_01_11,2022-01-11,,"{""type"":""MultiPoint"",""coordinates"":[]}"
2022_01_12,2022-01-12,304.83567193315844,"{""type"":""MultiPoint"",""coordinates"":[]}"
2022_01_13,2022-01-13,,"{""type"":""MultiPoint"",""coordinates"":[]}"
2022_01_14,2022-01-14,303.8966296058545,"{""type"":""MultiPoint"",""coordinates"":[]}"
2022_01_15,2022-01-15,305.71003625520933,"{""type"":""MultiPoint"",""coordinates"":[]}"
2022_01_16,2022-01-16,,"{""type"":""MultiPoint"",""coordinates"":[]}"
2022_01_17,2022-01-17,303.8395075392191,"{""type"":""MultiPoint"",""coordinates"":[]}"
2022_01_18,2022-01-18,303.8273047391496,"{""type"":""MultiPoint"",""coordinates"":[]}"
2022_01_19,2022-01-19,307.8476271927906,"{""type"":""MultiPoint"",""coordinates"":[]}"
2022_01_20,2022-01-20,,"{""type"":""MultiPoint"",""coordinates"":[]}"
2022_01_21,2022-01-21,309.2849411610308,"{""type"":""MultiPoint"",""coordinates"":[]}"
2022_01_22,2022-01-22,306.22650278334464,"{""type"":""MultiPoint"",""coordinates"":[]}"
2022_01_23,2022-01-23,305.9587558510872,"{""type"":""MultiPoint"",""coordinates"":[]}"
2022_01_24,2022-01-24,303.8036388293451,"{""type"":""MultiPoint"",""coordinates"":[]}"
2022_01_25,2022-01-25,297.9839899700323,"{""type"":""MultiPoint"",""coordinates"":[]}"
2022_01_26,2022-01-26,306.38605363314235,"{""type"":""MultiPoint"",""coordinates"":[]}"
2022_01_27,2022-01-27,,"{""type"":""MultiPoint"",""coordinates"":[]}"
2022_01_28,2022-01-28,308.2797558948334,"{""type"":""MultiPoint"",""coordinates"":[]}"
2022_01_29,2022-01-29,307.4316124939848,"{""type"":""MultiPoint"",""coordinates"":[]}"
2022_01_30,2022-01-30,309.09095148519197,"{""type"":""MultiPoint"",""coordinates"":[]}"
2022_01_31,2022-01-31,308.7189120258979,"{""type"":""MultiPoint"",""coordinates"":[]}"
2022_02_01,2022-02-01,308.3928785161205,"{""type"":""MultiPoint"",""coordinates"":[]}"
2022_02_02,2022-02-02,311.0792383743821,"{""type"":""MultiPoint"",""coordinates"":[]}"
2022_02_03,2022-02-03,305.19140863554827,"{""type"":""MultiPoint"",""coordinates"":[]}"
2022_02_04,2022-02-04,310.32637210726625,"{""type"":""MultiPoint"",""coordinates"":[]}"
2022_02_05,2022-02-05,,"{""type"":""MultiPoint"",""coordinates"":[]}"
2022_02_06,2022-02-06,309.51249485979275,"{""type"":""MultiPoint"",""coordinates"":[]}"
2022_02_07,2022-02-07,306.4809004552617,"{""type"":""MultiPoint"",""coordinates"":[]}"
2022_02_08,2022-02-08,306.2020947584404,"{""type"":""MultiPoint"",""coordinates"":[]}"
2022_02_09,2022-02-09,307.6254991708124,"{""type"":""MultiPoint"",""coordinates"":[]}"
2022_02_10,2022-02-10,306.2505815174587,"{""type"":""MultiPoint"",""coordinates"":[]}"
2022_02_11,2022-02-11,305.83111759735766,"{""type"":""MultiPoint"",""coordinates"":[]}"
2022_02_12,2022-02-12,,"{""type"":""MultiPoint"",""coordinates"":[]}"
2022_02_13,2022-02-13,311.68881315893077,"{""type"":""MultiPoint"",""coordinates"":[]}"
2022_02_14,2022-02-14,307.68843606456994,"{""type"":""MultiPoint"",""coordinates"":[]}"
2022_02_15,2022-02-15,309.424152850081,"{""type"":""MultiPoint"",""coordinates"":[]}"
2022_02_16,2022-02-16,,"{""type"":""MultiPoint"",""coordinates"":[]}"
2022_02_17,2022-02-17,309.6512839581786,"{""type"":""MultiPoint"",""coordinates"":[]}"
2022_02_18,2022-02-18,310.37935561485654,"{""type"":""MultiPoint"",""coordinates"":[]}"
2022_02_19,2022-02-19,307.7759403298482,"{""type"":""MultiPoint"",""coordinates"":[]}"
2022_02_20,2022-02-20,312.2041672864081,"{""type"":""MultiPoint"",""coordinates"":[]}"
2022_02_21,2022-02-21,,"{""type"":""MultiPoint"",""coordinates"":[]}"
2022_02_22,2022-02-22,313.44173454656794,"{""type"":""MultiPoint"",""coordinates"":[]}"
2022_02_23,2022-02-23,311.5045701911719,"{""type"":""MultiPoint"",""coordinates"":[]}"
2022_02_24,2022-02-24,312.3739844262655,"{""type"":""MultiPoint"",""coordinates"":[]}"
2022_02_25,2022-02-25,314.6893954241218,"{""type"":""MultiPoint"",""coordinates"":[]}"
2022_02_26,2022-02-26,310.078985957391,"{""type"":""MultiPoint"",""coordinates"":[]}"
2022_02_27,2022-02-27,315.932087580384,"{""type"":""MultiPoint"",""coordinates"":[]}"
2022_02_28,2022-02-28,,"{""type"":""MultiPoint"",""coordinates"":[]}"
2022_03_01,2022-03-01,316.5894977908044,"{""type"":""MultiPoint"",""coordinates"":[]}"
2022_03_02,2022-03-02,312.51542193446795,"{""type"":""MultiPoint"",""coordinates"":[]}"
2022_03_03,2022-03-03,313.89953235049666,"{""type"":""MultiPoint"",""coordinates"":[]}"
2022_03_04,2022-03-04,313.7559941379764,"{""type"":""MultiPoint"",""coordinates"":[]}"
2022_03_05,2022-03-05,311.85179360426963,"{""type"":""MultiPoint"",""coordinates"":[]}"
2022_03_06,2022-03-06,313.87635683949736,"{""type"":""MultiPoint"",""coordinates"":[]}"
2022_03_07,2022-03-07,308.97913119559047,"{""type"":""MultiPoint"",""coordinates"":[]}"
2022_03_08,2022-03-08,313.4273326973527,"{""type"":""MultiPoint"",""coordinates"":[]}"
2022_03_09,2022-03-09,310.3451871316489,"{""type"":""MultiPoint"",""coordinates"":[]}"
2022_03_10,2022-03-10,311.7637998465366,"{""type"":""MultiPoint"",""coordinates"":[]}"
2022_03_11,2022-03-11,311.23170234144266,"{""type"":""MultiPoint"",""coordinates"":[]}"
2022_03_12,2022-03-12,309.98413680318544,"{""type"":""MultiPoint"",""coordinates"":[]}"
2022_03_13,2022-03-13,311.5605241276914,"{""type"":""MultiPoint"",""coordinates"":[]}"
2022_03_14,2022-03-14,313.67349971564806,"{""type"":""MultiPoint"",""coordinates"":[]}"
2022_03_15,2022-03-15,318.946287239162,"{""type"":""MultiPoint"",""coordinates"":[]}"
2022_03_16,2022-03-16,,"{""type"":""MultiPoint"",""coordinates"":[]}"
2022_03_17,2022-03-17,319.02872260378854,"{""type"":""MultiPoint"",""coordinates"":[]}"
2022_03_18,2022-03-18,310.29503591250426,"{""type"":""MultiPoint"",""coordinates"":[]}"
2022_03_19,2022-03-19,312.11681969685935,"{""type"":""MultiPoint"",""coordinates"":[]}"
2022_03_20,2022-03-20,311.6831166600607,"{""type"":""MultiPoint"",""coordinates"":[]}"
2022_03_21,2022-03-21,311.97187103547856,"{""type"":""MultiPoint"",""coordinates"":[]}"
2022_03_22,2022-03-22,317.95109645507006,"{""type"":""MultiPoint"",""coordinates"":[]}"
2022_03_23,2022-03-23,308.82524357983,"{""type"":""MultiPoint"",""coordinates"":[]}"
2022_03_24,2022-03-24,317.6862308062468,"{""type"":""MultiPoint"",""coordinates"":[]}"
2022_03_25,2022-03-25,306.2416928307168,"{""type"":""MultiPoint"",""coordinates"":[]}"
2022_03_26,2022-03-26,316.0153882497048,"{""type"":""MultiPoint"",""coordinates"":[]}"
2022_03_27,2022-03-27,312.09224615384613,"{""type"":""MultiPoint"",""coordinates"":[]}"
2022_03_28,2022-03-28,310.0432132001736,"{""type"":""MultiPoint"",""coordinates"":[]}"
2022_03_29,2022-03-29,316.37888800000025,"{""type"":""MultiPoint"",""coordinates"":[]}"
2022_03_30,2022-03-30,313.85052058270276,"{""type"":""MultiPoint"",""coordinates"":[]}"
2022_03_31,2022-03-31,320.8506846318736,"{""type"":""MultiPoint"",""coordinates"":[]}"
2022_04_17,2022-04-17,,"{""type"":""MultiPoint"",""coordinates"":[]}"
2022_04_18,2022-04-18,317.2491544034922,"{""type"":""MultiPoint"",""coordinates"":[]}"
2022_04_19,2022-04-19,309.07730771587904,"{""type"":""MultiPoint"",""coordinates"":[]}"
2022_04_20,2022-04-20,316.6896587777241,"{""type"":""MultiPoint"",""coordinates"":[]}"
2022_04_21,2022-04-21,315.0058192432917,"{""type"":""MultiPoint"",""coordinates"":[]}"
2022_04_22,2022-04-22,309.22878385584767,"{""type"":""MultiPoint"",""coordinates"":[]}"
2022_04_23,2022-04-23,312.0376834532374,"{""type"":""MultiPoint"",""coordinates"":[]}"
2022_04_24,2022-04-24,,"{""type"":""MultiPoint"",""coordinates"":[]}"
2022_04_25,2022-04-25,319.0221209930102,"{""type"":""MultiPoint"",""coordinates"":[]}"
2022_04_26,2022-04-26,,"{""type"":""MultiPoint"",""coordinates"":[]}"
2022_04_27,2022-04-27,316.8661226404032,"{""type"":""MultiPoint"",""coordinates"":[]}"
2022_04_28,2022-04-28,313.0157771551015,"{""type"":""MultiPoint"",""coordinates"":[]}"
2022_04_29,2022-04-29,315.20956034822177,"{""type"":""MultiPoint"",""coordinates"":[]}"
2022_04_30,2022-04-30,317.26976644754416,"{""type"":""MultiPoint"",""coordinates"":[]}"
2022_05_01,2022-05-01,314.06567216413674,"{""type"":""MultiPoint"",""coordinates"":[]}"
2022_05_02,2022-05-02,320.2778721855811,"{""type"":""MultiPoint"",""coordinates"":[]}"
2022_05_03,2022-05-03,,"{""type"":""MultiPoint"",""coordinates"":[]}"
2022_05_04,2022-05-04,,"{""type"":""MultiPoint"",""coordinates"":[]}"
2022_05_05,2022-05-05,312.7588187023343,"{""type"":""MultiPoint"",""coordinates"":[]}"
2022_05_06,2022-05-06,314.4677698062029,"{""type"":""MultiPoint"",""coordinates"":[]}"
2022_05_07,2022-05-07,316.27950085305577,"{""type"":""MultiPoint"",""coordinates"":[]}"
2022_05_08,2022-05-08,,"{""type"":""MultiPoint"",""coordinates"":[]}"
2022_05_09,2022-05-09,316.80340249513375,"{""type"":""MultiPoint"",""coordinates"":[]}"
2022_05_10,2022-05-10,,"{""type"":""MultiPoint"",""coordinates"":[]}"
2022_05_11,2022-05-11,,"{""type"":""MultiPoint"",""coordinates"":[]}"
2022_05_12,2022-05-12,,"{""type"":""MultiPoint"",""coordinates"":[]}"
2022_05_13,2022-05-13,309.0613548283347,"{""type"":""MultiPoint"",""coordinates"":[]}"
2022_05_14,2022-05-14,312.47007060686735,"{""type"":""MultiPoint"",""coordinates"":[]}"
2022_05_15,2022-05-15,310.99558860842563,"{""type"":""MultiPoint"",""coordinates"":[]}"
2022_05_16,2022-05-16,316.5478428596709,"{""type"":""MultiPoint"",""coordinates"":[]}"
2022_05_17,2022-05-17,,"{""type"":""MultiPoint"",""coordinates"":[]}"
2022_05_18,2022-05-18,311.2227031528851,"{""type"":""MultiPoint"",""coordinates"":[]}"
2022_05_19,2022-05-19,,"{""type"":""MultiPoint"",""coordinates"":[]}"
2022_05_20,2022-05-20,311.0470915610324,"{""type"":""MultiPoint"",""coordinates"":[]}"
2022_05_21,2022-05-21,,"{""type"":""MultiPoint"",""coordinates"":[]}"
2022_05_22,2022-05-22,313.2050150925236,"{""type"":""MultiPoint"",""coordinates"":[]}"
2022_05_23,2022-05-23,315.7989063388599,"{""type"":""MultiPoint"",""coordinates"":[]}"
2022_05_24,2022-05-24,309.3976801259898,"{""type"":""MultiPoint"",""coordinates"":[]}"
2022_05_25,2022-05-25,308.8858302583025,"{""type"":""MultiPoint"",""coordinates"":[]}"
2022_05_26,2022-05-26,,"{""type"":""MultiPoint"",""coordinates"":[]}"
2022_05_27,2022-05-27,311.41927169532363,"{""type"":""MultiPoint"",""coordinates"":[]}"
2022_05_28,2022-05-28,311.8252838939381,"{""type"":""MultiPoint"",""coordinates"":[]}"
2022_05_29,2022-05-29,312.6122021960717,"{""type"":""MultiPoint"",""coordinates"":[]}"
2022_05_30,2022-05-30,310.5134357237877,"{""type"":""MultiPoint"",""coordinates"":[]}"
2022_05_31,2022-05-31,,"{""type"":""MultiPoint"",""coordinates"":[]}"
2022_06_01,2022-06-01,313.65387593508035,"{""type"":""MultiPoint"",""coordinates"":[]}"
2022_06_02,2022-06-02,,"{""type"":""MultiPoint"",""coordinates"":[]}"
2022_06_03,2022-06-03,314.4603849687213,"{""type"":""MultiPoint"",""coordinates"":[]}"
2022_06_04,2022-06-04,,"{""type"":""MultiPoint"",""coordinates"":[]}"
2022_06_05,2022-06-05,315.8424173501505,"{""type"":""MultiPoint"",""coordinates"":[]}"
2022_06_06,2022-06-06,,"{""type"":""MultiPoint"",""coordinates"":[]}"
2022_06_07,2022-06-07,312.63348484185684,"{""type"":""MultiPoint"",""coordinates"":[]}"
2022_06_08,2022-06-08,,"{""type"":""MultiPoint"",""coordinates"":[]}"
2022_06_09,2022-06-09,,"{""type"":""MultiPoint"",""coordinates"":[]}"
2022_06_10,2022-06-10,315.81503420363805,"{""type"":""MultiPoint"",""coordinates"":[]}"
2022_06_11,2022-06-11,,"{""type"":""MultiPoint"",""coordinates"":[]}"
2022_06_12,2022-06-12,313.64207266038176,"{""type"":""MultiPoint"",""coordinates"":[]}"
2022_06_13,2022-06-13,,"{""type"":""MultiPoint"",""coordinates"":[]}"
2022_06_14,2022-06-14,309.9547164475465,"{""type"":""MultiPoint"",""coordinates"":[]}"
2022_06_15,2022-06-15,,"{""type"":""MultiPoint"",""coordinates"":[]}"
2022_06_16,2022-06-16,,"{""type"":""MultiPoint"",""coordinates"":[]}"
2022_06_17,2022-06-17,311.7692940038685,"{""type"":""MultiPoint"",""coordinates"":[]}"
2022_06_18,2022-06-18,,"{""type"":""MultiPoint"",""coordinates"":[]}"
2022_06_19,2022-06-19,,"{""type"":""MultiPoint"",""coordinates"":[]}"
2022_06_20,2022-06-20,,"{""type"":""MultiPoint"",""coordinates"":[]}"
2022_06_21,2022-06-21,,"{""type"":""MultiPoint"",""coordinates"":[]}"
2022_06_22,2022-06-22,,"{""type"":""MultiPoint"",""coordinates"":[]}"
2022_06_23,2022-06-23,,"{""type"":""MultiPoint"",""coordinates"":[]}"
2022_06_24,2022-06-24,,"{""type"":""MultiPoint"",""coordinates"":[]}"
2022_06_25,2022-06-25,,"{""type"":""MultiPoint"",""coordinates"":[]}"
2022_06_26,2022-06-26,,"{""type"":""MultiPoint"",""coordinates"":[]}"
2022_06_27,2022-06-27,,"{""type"":""MultiPoint"",""coordinates"":[]}"
2022_06_28,2022-06-28,,"{""type"":""MultiPoint"",""coordinates"":[]}"
2022_06_29,2022-06-29,,"{""type"":""MultiPoint"",""coordinates"":[]}"
2022_06_30,2022-06-30,,"{""type"":""MultiPoint"",""coordinates"":[]}"
2022_07_01,2022-07-01,,"{""type"":""MultiPoint"",""coordinates"":[]}"
2022_07_02,2022-07-02,,"{""type"":""MultiPoint"",""coordinates"":[]}"
2022_07_03,2022-07-03,,"{""type"":""MultiPoint"",""coordinates"":[]}"
2022_07_04,2022-07-04,,"{""type"":""MultiPoint"",""coordinates"":[]}"
2022_07_05,2022-07-05,,"{""type"":""MultiPoint"",""coordinates"":[]}"
2022_07_06,2022-07-06,,"{""type"":""MultiPoint"",""coordinates"":[]}"
2022_07_07,2022-07-07,,"{""type"":""MultiPoint"",""coordinates"":[]}"
2022_07_08,2022-07-08,,"{""type"":""MultiPoint"",""coordinates"":[]}"
2022_07_09,2022-07-09,,"{""type"":""MultiPoint"",""coordinates"":[]}"
2022_07_10,2022-07-10,,"{""type"":""MultiPoint"",""coordinates"":[]}"
2022_07_11,2022-07-11,,"{""type"":""MultiPoint"",""coordinates"":[]}"
2022_07_12,2022-07-12,,"{""type"":""MultiPoint"",""coordinates"":[]}"
2022_07_13,2022-07-13,,"{""type"":""MultiPoint"",""coordinates"":[]}"
2022_07_14,2022-07-14,,"{""type"":""MultiPoint"",""coordinates"":[]}"
2022_07_15,2022-07-15,,"{""type"":""MultiPoint"",""coordinates"":[]}"
2022_07_16,2022-07-16,,"{""type"":""MultiPoint"",""coordinates"":[]}"
2022_07_17,2022-07-17,,"{""type"":""MultiPoint"",""coordinates"":[]}"
2022_07_18,2022-07-18,,"{""type"":""MultiPoint"",""coordinates"":[]}"
2022_07_19,2022-07-19,,"{""type"":""MultiPoint"",""coordinates"":[]}"
2022_07_20,2022-07-20,,"{""type"":""MultiPoint"",""coordinates"":[]}"
2022_07_21,2022-07-21,,"{""type"":""MultiPoint"",""coordinates"":[]}"
2022_07_22,2022-07-22,,"{""type"":""MultiPoint"",""coordinates"":[]}"
2022_07_23,2022-07-23,,"{""type"":""MultiPoint"",""coordinates"":[]}"
2022_07_24,2022-07-24,,"{""type"":""MultiPoint"",""coordinates"":[]}"
2022_07_25,2022-07-25,,"{""type"":""MultiPoint"",""coordinates"":[]}"
2022_07_26,2022-07-26,,"{""type"":""MultiPoint"",""coordinates"":[]}"
2022_07_27,2022-07-27,,"{""type"":""MultiPoint"",""coordinates"":[]}"
2022_07_28,2022-07-28,306.94956407563024,"{""type"":""MultiPoint"",""coordinates"":[]}"
2022_07_29,2022-07-29,,"{""type"":""MultiPoint"",""coordinates"":[]}"
2022_07_30,2022-07-30,305.7200217410208,"{""type"":""MultiPoint"",""coordinates"":[]}"
2022_07_31,2022-07-31,,"{""type"":""MultiPoint"",""coordinates"":[]}"
2022_08_01,2022-08-01,,"{""type"":""MultiPoint"",""coordinates"":[]}"
2022_08_02,2022-08-02,,"{""type"":""MultiPoint"",""coordinates"":[]}"
2022_08_03,2022-08-03,,"{""type"":""MultiPoint"",""coordinates"":[]}"
2022_08_04,2022-08-04,,"{""type"":""MultiPoint"",""coordinates"":[]}"
2022_08_05,2022-08-05,,"{""type"":""MultiPoint"",""coordinates"":[]}"
2022_08_06,2022-08-06,,"{""type"":""MultiPoint"",""coordinates"":[]}"
2022_08_07,2022-08-07,,"{""type"":""MultiPoint"",""coordinates"":[]}"
2022_08_08,2022-08-08,,"{""type"":""MultiPoint"",""coordinates"":[]}"
2022_08_09,2022-08-09,,"{""type"":""MultiPoint"",""coordinates"":[]}"
2022_08_10,2022-08-10,,"{""type"":""MultiPoint"",""coordinates"":[]}"
2022_08_11,2022-08-11,,"{""type"":""MultiPoint"",""coordinates"":[]}"
2022_08_12,2022-08-12,,"{""type"":""MultiPoint"",""coordinates"":[]}"
2022_08_13,2022-08-13,,"{""type"":""MultiPoint"",""coordinates"":[]}"
2022_08_14,2022-08-14,,"{""type"":""MultiPoint"",""coordinates"":[]}"
2022_08_15,2022-08-15,,"{""type"":""MultiPoint"",""coordinates"":[]}"
2022_08_16,2022-08-16,307.09275913195853,"{""type"":""MultiPoint"",""coordinates"":[]}"
2022_08_17,2022-08-17,,"{""type"":""MultiPoint"",""coordinates"":[]}"
2022_08_18,2022-08-18,,"{""type"":""MultiPoint"",""coordinates"":[]}"
2022_08_19,2022-08-19,,"{""type"":""MultiPoint"",""coordinates"":[]}"
2022_08_20,2022-08-20,,"{""type"":""MultiPoint"",""coordinates"":[]}"
2022_08_21,2022-08-21,,"{""type"":""MultiPoint"",""coordinates"":[]}"
2022_08_22,2022-08-22,,"{""type"":""MultiPoint"",""coordinates"":[]}"
2022_08_23,2022-08-23,,"{""type"":""MultiPoint"",""coordinates"":[]}"
2022_08_24,2022-08-24,,"{""type"":""MultiPoint"",""coordinates"":[]}"
2022_08_25,2022-08-25,309.93351989091116,"{""type"":""MultiPoint"",""coordinates"":[]}"
2022_08_26,2022-08-26,,"{""type"":""MultiPoint"",""coordinates"":[]}"
2022_08_27,2022-08-27,,"{""type"":""MultiPoint"",""coordinates"":[]}"
2022_08_28,2022-08-28,,"{""type"":""MultiPoint"",""coordinates"":[]}"
2022_08_29,2022-08-29,,"{""type"":""MultiPoint"",""coordinates"":[]}"
2022_08_30,2022-08-30,,"{""type"":""MultiPoint"",""coordinates"":[]}"
2022_08_31,2022-08-31,,"{""type"":""MultiPoint"",""coordinates"":[]}"
2022_09_01,2022-09-01,310.927961529057,"{""type"":""MultiPoint"",""coordinates"":[]}"
2022_09_02,2022-09-02,,"{""type"":""MultiPoint"",""coordinates"":[]}"
2022_09_03,2022-09-03,311.4110985850685,"{""type"":""MultiPoint"",""coordinates"":[]}"
2022_09_04,2022-09-04,,"{""type"":""MultiPoint"",""coordinates"":[]}"
2022_09_05,2022-09-05,309.018,"{""type"":""MultiPoint"",""coordinates"":[]}"
2022_09_06,2022-09-06,,"{""type"":""MultiPoint"",""coordinates"":[]}"
2022_09_07,2022-09-07,,"{""type"":""MultiPoint"",""coordinates"":[]}"
2022_09_08,2022-09-08,,"{""type"":""MultiPoint"",""coordinates"":[]}"
2022_09_09,2022-09-09,,"{""type"":""MultiPoint"",""coordinates"":[]}"
2022_09_10,2022-09-10,,"{""type"":""MultiPoint"",""coordinates"":[]}"
2022_09_11,2022-09-11,,"{""type"":""MultiPoint"",""coordinates"":[]}"
2022_09_12,2022-09-12,,"{""type"":""MultiPoint"",""coordinates"":[]}"
2022_09_13,2022-09-13,,"{""type"":""MultiPoint"",""coordinates"":[]}"
2022_09_14,2022-09-14,,"{""type"":""MultiPoint"",""coordinates"":[]}"
2022_09_15,2022-09-15,,"{""type"":""MultiPoint"",""coordinates"":[]}"
2022_09_16,2022-09-16,,"{""type"":""MultiPoint"",""coordinates"":[]}"
2022_09_17,2022-09-17,,"{""type"":""MultiPoint"",""coordinates"":[]}"
2022_09_18,2022-09-18,,"{""type"":""MultiPoint"",""coordinates"":[]}"
2022_09_19,2022-09-19,,"{""type"":""MultiPoint"",""coordinates"":[]}"
2022_09_20,2022-09-20,,"{""type"":""MultiPoint"",""coordinates"":[]}"
2022_09_21,2022-09-21,,"{""type"":""MultiPoint"",""coordinates"":[]}"
2022_09_22,2022-09-22,,"{""type"":""MultiPoint"",""coordinates"":[]}"
2022_09_23,2022-09-23,304.6449821073558,"{""type"":""MultiPoint"",""coordinates"":[]}"
2022_09_24,2022-09-24,,"{""type"":""MultiPoint"",""coordinates"":[]}"
2022_09_25,2022-09-25,,"{""type"":""MultiPoint"",""coordinates"":[]}"
2022_09_26,2022-09-26,306.1281303602059,"{""type"":""MultiPoint"",""coordinates"":[]}"
2022_09_27,2022-09-27,,"{""type"":""MultiPoint"",""coordinates"":[]}"
2022_09_28,2022-09-28,297.41373676248116,"{""type"":""MultiPoint"",""coordinates"":[]}"
2022_09_29,2022-09-29,,"{""type"":""MultiPoint"",""coordinates"":[]}"
2022_09_30,2022-09-30,,"{""type"":""MultiPoint"",""coordinates"":[]}"
2022_10_01,2022-10-01,,"{""type"":""MultiPoint"",""coordinates"":[]}"
2022_10_02,2022-10-02,301.152291913215,"{""type"":""MultiPoint"",""coordinates"":[]}"
2022_10_03,2022-10-03,,"{""type"":""MultiPoint"",""coordinates"":[]}"
2022_10_04,2022-10-04,,"{""type"":""MultiPoint"",""coordinates"":[]}"
2022_10_05,2022-10-05,,"{""type"":""MultiPoint"",""coordinates"":[]}"
2022_10_06,2022-10-06,,"{""type"":""MultiPoint"",""coordinates"":[]}"
2022_10_07,2022-10-07,,"{""type"":""MultiPoint"",""coordinates"":[]}"
2022_10_08,2022-10-08,307.16417500000006,"{""type"":""MultiPoint"",""coordinates"":[]}"
2022_10_09,2022-10-09,,"{""type"":""MultiPoint"",""coordinates"":[]}"
2022_10_10,2022-10-10,,"{""type"":""MultiPoint"",""coordinates"":[]}"
2022_10_11,2022-10-11,,"{""type"":""MultiPoint"",""coordinates"":[]}"
2022_10_12,2022-10-12,305.03716681522576,"{""type"":""MultiPoint"",""coordinates"":[]}"
2022_10_13,2022-10-13,,"{""type"":""MultiPoint"",""coordinates"":[]}"
2022_10_14,2022-10-14,,"{""type"":""MultiPoint"",""coordinates"":[]}"
2022_10_15,2022-10-15,,"{""type"":""MultiPoint"",""coordinates"":[]}"
2022_10_16,2022-10-16,297.4007776838546,"{""type"":""MultiPoint"",""coordinates"":[]}"
2022_10_17,2022-10-17,305.7462285976216,"{""type"":""MultiPoint"",""coordinates"":[]}"
2022_10_18,2022-10-18,,"{""type"":""MultiPoint"",""coordinates"":[]}"
2022_10_19,2022-10-19,304.0335314034197,"{""type"":""MultiPoint"",""coordinates"":[]}"
2022_10_20,2022-10-20,,"{""type"":""MultiPoint"",""coordinates"":[]}"
2022_10_21,2022-10-21,305.7958258098779,"{""type"":""MultiPoint"",""coordinates"":[]}"
2022_10_22,2022-10-22,307.73547967977595,"{""type"":""MultiPoint"",""coordinates"":[]}"
2022_10_23,2022-10-23,306.344048296076,"{""type"":""MultiPoint"",""coordinates"":[]}"
2022_10_24,2022-10-24,297.5332266973532,"{""type"":""MultiPoint"",""coordinates"":[]}"
2022_10_25,2022-10-25,306.0415145019469,"{""type"":""MultiPoint"",""coordinates"":[]}"
2022_10_26,2022-10-26,309.99259197690174,"{""type"":""MultiPoint"",""coordinates"":[]}"
2022_10_27,2022-10-27,303.72140924967823,"{""type"":""MultiPoint"",""coordinates"":[]}"
2022_10_28,2022-10-28,308.64679163567945,"{""type"":""MultiPoint"",""coordinates"":[]}"
2022_10_29,2022-10-29,308.01931536812634,"{""type"":""MultiPoint"",""coordinates"":[]}"
2022_10_30,2022-10-30,307.19611400323726,"{""type"":""MultiPoint"",""coordinates"":[]}"
2022_10_31,2022-10-31,308.4337464456012,"{""type"":""MultiPoint"",""coordinates"":[]}"
2022_11_01,2022-11-01,,"{""type"":""MultiPoint"",""coordinates"":[]}"
2022_11_02,2022-11-02,,"{""type"":""MultiPoint"",""coordinates"":[]}"
2022_11_03,2022-11-03,,"{""type"":""MultiPoint"",""coordinates"":[]}"
2022_11_04,2022-11-04,304.0374872427983,"{""type"":""MultiPoint"",""coordinates"":[]}"
2022_11_05,2022-11-05,301.2807766990291,"{""type"":""MultiPoint"",""coordinates"":[]}"
2022_11_06,2022-11-06,307.08029966315223,"{""type"":""MultiPoint"",""coordinates"":[]}"
2022_11_07,2022-11-07,308.78566822695643,"{""type"":""MultiPoint"",""coordinates"":[]}"
2022_11_08,2022-11-08,305.2423351852662,"{""type"":""MultiPoint"",""coordinates"":[]}"
2022_11_09,2022-11-09,307.85004199658783,"{""type"":""MultiPoint"",""coordinates"":[]}"
2022_11_10,2022-11-10,,"{""type"":""MultiPoint"",""coordinates"":[]}"
2022_11_11,2022-11-11,303.3176718982649,"{""type"":""MultiPoint"",""coordinates"":[]}"
2022_11_12,2022-11-12,,"{""type"":""MultiPoint"",""coordinates"":[]}"
2022_11_13,2022-11-13,307.16731396824,"{""type"":""MultiPoint"",""coordinates"":[]}"
2022_11_14,2022-11-14,307.16766755324977,"{""type"":""MultiPoint"",""coordinates"":[]}"
2022_11_15,2022-11-15,305.10701955466124,"{""type"":""MultiPoint"",""coordinates"":[]}"
2022_11_16,2022-11-16,308.5897051489565,"{""type"":""MultiPoint"",""coordinates"":[]}"
2022_11_17,2022-11-17,305.0678774224592,"{""type"":""MultiPoint"",""coordinates"":[]}"
2022_11_18,2022-11-18,300.68226770118827,"{""type"":""MultiPoint"",""coordinates"":[]}"
2022_11_19,2022-11-19,303.34894622723357,"{""type"":""MultiPoint"",""coordinates"":[]}"
2022_11_20,2022-11-20,298.199922913344,"{""type"":""MultiPoint"",""coordinates"":[]}"
2022_11_21,2022-11-21,,"{""type"":""MultiPoint"",""coordinates"":[]}"
2022_11_22,2022-11-22,,"{""type"":""MultiPoint"",""coordinates"":[]}"
2022_11_23,2022-11-23,,"{""type"":""MultiPoint"",""coordinates"":[]}"
2022_11_24,2022-11-24,,"{""type"":""MultiPoint"",""coordinates"":[]}"
2022_11_25,2022-11-25,307.8005958265891,"{""type"":""MultiPoint"",""coordinates"":[]}"
2022_11_26,2022-11-26,,"{""type"":""MultiPoint"",""coordinates"":[]}"
2022_11_27,2022-11-27,306.7709169254999,"{""type"":""MultiPoint"",""coordinates"":[]}"
2022_11_28,2022-11-28,306.30714510696,"{""type"":""MultiPoint"",""coordinates"":[]}"
2022_11_29,2022-11-29,306.77475217638573,"{""type"":""MultiPoint"",""coordinates"":[]}"
2022_11_30,2022-11-30,308.0437180104116,"{""type"":""MultiPoint"",""coordinates"":[]}"
2022_12_01,2022-12-01,,"{""type"":""MultiPoint"",""coordinates"":[]}"
2022_12_02,2022-12-02,304.6787823243832,"{""type"":""MultiPoint"",""coordinates"":[]}"
2022_12_03,2022-12-03,,"{""type"":""MultiPoint"",""coordinates"":[]}"
2022_12_04,2022-12-04,306.9814341332512,"{""type"":""MultiPoint"",""coordinates"":[]}"
2022_12_05,2022-12-05,306.6370121654501,"{""type"":""MultiPoint"",""coordinates"":[]}"
2022_12_06,2022-12-06,300.70204088080123,"{""type"":""MultiPoint"",""coordinates"":[]}"
2022_12_07,2022-12-07,298.0834825425247,"{""type"":""MultiPoint"",""coordinates"":[]}"
2022_12_08,2022-12-08,298.4814829526647,"{""type"":""MultiPoint"",""coordinates"":[]}"
2022_12_09,2022-12-09,,"{""type"":""MultiPoint"",""coordinates"":[]}"
2022_12_10,2022-12-10,,"{""type"":""MultiPoint"",""coordinates"":[]}"
2022_12_11,2022-12-11,,"{""type"":""MultiPoint"",""coordinates"":[]}"
2022_12_12,2022-12-12,,"{""type"":""MultiPoint"",""coordinates"":[]}"
2022_12_13,2022-12-13,,"{""type"":""MultiPoint"",""coordinates"":[]}"
2022_12_14,2022-12-14,,"{""type"":""MultiPoint"",""coordinates"":[]}"
2022_12_15,2022-12-15,302.98880778700794,"{""type"":""MultiPoint"",""coordinates"":[]}"
2022_12_16,2022-12-16,306.025828204442,"{""type"":""MultiPoint"",""coordinates"":[]}"
2022_12_17,2022-12-17,,"{""type"":""MultiPoint"",""coordinates"":[]}"
2022_12_18,2022-12-18,305.32024498009537,"{""type"":""MultiPoint"",""coordinates"":[]}"
2022_12_19,2022-12-19,305.8489522726278,"{""type"":""MultiPoint"",""coordinates"":[]}"
2022_12_20,2022-12-20,306.8321689487729,"{""type"":""MultiPoint"",""coordinates"":[]}"
2022_12_21,2022-12-21,307.3997607069425,"{""type"":""MultiPoint"",""coordinates"":[]}"
2022_12_22,2022-12-22,304.1150710879741,"{""type"":""MultiPoint"",""coordinates"":[]}"
2022_12_23,2022-12-23,309.61885384312535,"{""type"":""MultiPoint"",""coordinates"":[]}"
2022_12_24,2022-12-24,305.31168073844003,"{""type"":""MultiPoint"",""coordinates"":[]}"
2022_12_25,2022-12-25,308.49709261122547,"{""type"":""MultiPoint"",""coordinates"":[]}"
2022_12_26,2022-12-26,,"{""type"":""MultiPoint"",""coordinates"":[]}"
2022_12_27,2022-12-27,305.44110594840487,"{""type"":""MultiPoint"",""coordinates"":[]}"
2022_12_28,2022-12-28,304.16429577232014,"{""type"":""MultiPoint"",""coordinates"":[]}"
2022_12_29,2022-12-29,303.824076657912,"{""type"":""MultiPoint"",""coordinates"":[]}"
2022_12_30,2022-12-30,306.06470804751547,"{""type"":""MultiPoint"",""coordinates"":[]}"
2022_12_31,2022-12-31,305.12539348144804,"{""type"":""MultiPoint"",""coordinates"":[]}"
2023_01_01,2023-01-01,307.0525976677707,"{""type"":""MultiPoint"",""coordinates"":[]}"
2023_01_02,2023-01-02,,"{""type"":""MultiPoint"",""coordinates"":[]}"
2023_01_03,2023-01-03,305.1072505527075,"{""type"":""MultiPoint"",""coordinates"":[]}"
2023_01_04,2023-01-04,,"{""type"":""MultiPoint"",""coordinates"":[]}"
2023_01_05,2023-01-05,300.84247625508823,"{""type"":""MultiPoint"",""coordinates"":[]}"
2023_01_06,2023-01-06,,"{""type"":""MultiPoint"",""coordinates"":[]}"
2023_01_07,2023-01-07,303.6259867010808,"{""type"":""MultiPoint"",""coordinates"":[]}"
2023_01_08,2023-01-08,308.2586180497833,"{""type"":""MultiPoint"",""coordinates"":[]}"
2023_01_09,2023-01-09,,"{""type"":""MultiPoint"",""coordinates"":[]}"
2023_01_10,2023-01-10,308.947280283477,"{""type"":""MultiPoint"",""coordinates"":[]}"
2023_01_11,2023-01-11,307.2961643116497,"{""type"":""MultiPoint"",""coordinates"":[]}"
2023_01_12,2023-01-12,307.8966472724092,"{""type"":""MultiPoint"",""coordinates"":[]}"
2023_01_13,2023-01-13,307.9638435627107,"{""type"":""MultiPoint"",""coordinates"":[]}"
2023_01_14,2023-01-14,307.37703880309726,"{""type"":""MultiPoint"",""coordinates"":[]}"
2023_01_15,2023-01-15,310.0369027516514,"{""type"":""MultiPoint"",""coordinates"":[]}"
2023_01_16,2023-01-16,,"{""type"":""MultiPoint"",""coordinates"":[]}"
2023_01_17,2023-01-17,310.35042652784455,"{""type"":""MultiPoint"",""coordinates"":[]}"
2023_01_18,2023-01-18,307.1789470230545,"{""type"":""MultiPoint"",""coordinates"":[]}"
2023_01_19,2023-01-19,307.9779627280285,"{""type"":""MultiPoint"",""coordinates"":[]}"
2023_01_20,2023-01-20,307.51509996062805,"{""type"":""MultiPoint"",""coordinates"":[]}"
2023_01_21,2023-01-21,306.6283896933376,"{""type"":""MultiPoint"",""coordinates"":[]}"
2023_01_22,2023-01-22,309.5331252460739,"{""type"":""MultiPoint"",""coordinates"":[]}"
2023_01_23,2023-01-23,303.25837132409276,"{""type"":""MultiPoint"",""coordinates"":[]}"
2023_01_24,2023-01-24,310.1956861629995,"{""type"":""MultiPoint"",""coordinates"":[]}"
2023_01_25,2023-01-25,307.9214344459514,"{""type"":""MultiPoint"",""coordinates"":[]}"
2023_01_26,2023-01-26,309.6313627017804,"{""type"":""MultiPoint"",""coordinates"":[]}"
2023_01_27,2023-01-27,309.0688726540968,"{""type"":""MultiPoint"",""coordinates"":[]}"
2023_01_28,2023-01-28,307.6454551817666,"{""type"":""MultiPoint"",""coordinates"":[]}"
2023_01_29,2023-01-29,308.52217638566856,"{""type"":""MultiPoint"",""coordinates"":[]}"
2023_01_30,2023-01-30,,"{""type"":""MultiPoint"",""coordinates"":[]}"
2023_01_31,2023-01-31,302.91445706737125,"{""type"":""MultiPoint"",""coordinates"":[]}"
2023_02_01,2023-02-01,,"{""type"":""MultiPoint"",""coordinates"":[]}"
2023_02_02,2023-02-02,308.47591495690995,"{""type"":""MultiPoint"",""coordinates"":[]}"
2023_02_03,2023-02-03,309.9954420578328,"{""type"":""MultiPoint"",""coordinates"":[]}"
2023_02_04,2023-02-04,309.12944179535424,"{""type"":""MultiPoint"",""coordinates"":[]}"
2023_02_05,2023-02-05,311.16760050745876,"{""type"":""MultiPoint"",""coordinates"":[]}"
2023_02_06,2023-02-06,306.9859595782842,"{""type"":""MultiPoint"",""coordinates"":[]}"
2023_02_07,2023-02-07,309.39909607553597,"{""type"":""MultiPoint"",""coordinates"":[]}"
2023_02_08,2023-02-08,,"{""type"":""MultiPoint"",""coordinates"":[]}"
2023_02_09,2023-02-09,,"{""type"":""MultiPoint"",""coordinates"":[]}"
2023_02_10,2023-02-10,310.59731090598893,"{""type"":""MultiPoint"",""coordinates"":[]}"
2023_02_11,2023-02-11,312.16302200446216,"{""type"":""MultiPoint"",""coordinates"":[]}"
2023_02_12,2023-02-12,314.5362662408679,"{""type"":""MultiPoint"",""coordinates"":[]}"
2023_02_13,2023-02-13,309.76112734590293,"{""type"":""MultiPoint"",""coordinates"":[]}"
2023_02_14,2023-02-14,314.77935080274716,"{""type"":""MultiPoint"",""coordinates"":[]}"
2023_02_15,2023-02-15,,"{""type"":""MultiPoint"",""coordinates"":[]}"
2023_02_16,2023-02-16,313.9317063351622,"{""type"":""MultiPoint"",""coordinates"":[]}"
2023_02_17,2023-02-17,312.0814917537947,"{""type"":""MultiPoint"",""coordinates"":[]}"
2023_02_18,2023-02-18,312.1772522857521,"{""type"":""MultiPoint"",""coordinates"":[]}"
2023_02_19,2023-02-19,312.2808963646706,"{""type"":""MultiPoint"",""coordinates"":[]}"
2023_02_20,2023-02-20,310.2305131458069,"{""type"":""MultiPoint"",""coordinates"":[]}"
2023_02_21,2023-02-21,316.9454267465768,"{""type"":""MultiPoint"",""coordinates"":[]}"
2023_02_22,2023-02-22,,"{""type"":""MultiPoint"",""coordinates"":[]}"
2023_02_23,2023-02-23,314.3079697274597,"{""type"":""MultiPoint"",""coordinates"":[]}"
2023_02_24,2023-02-24,312.0222844393893,"{""type"":""MultiPoint"",""coordinates"":[]}"
2023_02_25,2023-02-25,313.66762850518415,"{""type"":""MultiPoint"",""coordinates"":[]}"
2023_02_26,2023-02-26,314.3778896714643,"{""type"":""MultiPoint"",""coordinates"":[]}"
2023_02_27,2023-02-27,311.144163349228,"{""type"":""MultiPoint"",""coordinates"":[]}"
2023_02_28,2023-02-28,314.9613714510697,"{""type"":""MultiPoint"",""coordinates"":[]}"
2023_03_01,2023-03-01,,"{""type"":""MultiPoint"",""coordinates"":[]}"
2023_03_02,2023-03-02,314.41475392624346,"{""type"":""MultiPoint"",""coordinates"":[]}"
2023_03_03,2023-03-03,308.39521240138885,"{""type"":""MultiPoint"",""coordinates"":[]}"
2023_03_04,2023-03-04,312.3395463493591,"{""type"":""MultiPoint"",""coordinates"":[]}"
2023_03_05,2023-03-05,313.4939796141565,"{""type"":""MultiPoint"",""coordinates"":[]}"
2023_03_06,2023-03-06,310.17630386281127,"{""type"":""MultiPoint"",""coordinates"":[]}"
2023_03_07,2023-03-07,311.37263942339786,"{""type"":""MultiPoint"",""coordinates"":[]}"
2023_03_08,2023-03-08,308.86173333333335,"{""type"":""MultiPoint"",""coordinates"":[]}"
2023_03_09,2023-03-09,314.80342709654843,"{""type"":""MultiPoint"",""coordinates"":[]}"
2023_03_10,2023-03-10,310.82487947854236,"{""type"":""MultiPoint"",""coordinates"":[]}"
2023_03_11,2023-03-11,311.91052451988264,"{""type"":""MultiPoint"",""coordinates"":[]}"
2023_03_12,2023-03-12,312.42918150400277,"{""type"":""MultiPoint"",""coordinates"":[]}"
2023_03_13,2023-03-13,311.5097337218874,"{""type"":""MultiPoint"",""coordinates"":[]}"
2023_03_14,2023-03-14,315.53793341791,"{""type"":""MultiPoint"",""coordinates"":[]}"
2023_03_15,2023-03-15,308.49140426090395,"{""type"":""MultiPoint"",""coordinates"":[]}"
2023_03_16,2023-03-16,,"{""type"":""MultiPoint"",""coordinates"":[]}"
2023_03_17,2023-03-17,,"{""type"":""MultiPoint"",""coordinates"":[]}"
2023_03_18,2023-03-18,,"{""type"":""MultiPoint"",""coordinates"":[]}"
2023_03_19,2023-03-19,305.28134342478705,"{""type"":""MultiPoint"",""coordinates"":[]}"
2023_03_20,2023-03-20,307.6159140057711,"{""type"":""MultiPoint"",""coordinates"":[]}"
2023_03_21,2023-03-21,312.8676870914233,"{""type"":""MultiPoint"",""coordinates"":[]}"
2023_03_22,2023-03-22,307.0851252609602,"{""type"":""MultiPoint"",""coordinates"":[]}"
2023_03_23,2023-03-23,315.2754018111027,"{""type"":""MultiPoint"",""coordinates"":[]}"
2023_03_24,2023-03-24,,"{""type"":""MultiPoint"",""coordinates"":[]}"
2023_03_25,2023-03-25,,"{""type"":""MultiPoint"",""coordinates"":[]}"
2023_03_26,2023-03-26,310.5046074185651,"{""type"":""MultiPoint"",""coordinates"":[]}"
2023_03_27,2023-03-27,311.5379878809092,"{""type"":""MultiPoint"",""coordinates"":[]}"
2023_03_28,2023-03-28,318.3741051664554,"{""type"":""MultiPoint"",""coordinates"":[]}"
2023_03_29,2023-03-29,,"{""type"":""MultiPoint"",""coordinates"":[]}"
2023_03_30,2023-03-30,320.40939936130195,"{""type"":""MultiPoint"",""coordinates"":[]}"
2023_03_31,2023-03-31,309.2991445912985,"{""type"":""MultiPoint"",""coordinates"":[]}"
2023_04_01,2023-04-01,,"{""type"":""MultiPoint"",""coordinates"":[]}"
2023_04_02,2023-04-02,314.47001542416444,"{""type"":""MultiPoint"",""coordinates"":[]}"
2023_04_03,2023-04-03,309.0292845026989,"{""type"":""MultiPoint"",""coordinates"":[]}"
2023_04_04,2023-04-04,318.82543334041594,"{""type"":""MultiPoint"",""coordinates"":[]}"
2023_04_05,2023-04-05,309.2556807450156,"{""type"":""MultiPoint"",""coordinates"":[]}"
2023_04_06,2023-04-06,311.77721708805575,"{""type"":""MultiPoint"",""coordinates"":[]}"
2023_04_07,2023-04-07,302.7349677419355,"{""type"":""MultiPoint"",""coordinates"":[]}"
2023_04_08,2023-04-08,314.8043481512437,"{""type"":""MultiPoint"",""coordinates"":[]}"
2023_04_09,2023-04-09,316.27915788092236,"{""type"":""MultiPoint"",""coordinates"":[]}"
2023_04_10,2023-04-10,315.7778415503742,"{""type"":""MultiPoint"",""coordinates"":[]}"
2023_04_11,2023-04-11,320.5376928124589,"{""type"":""MultiPoint"",""coordinates"":[]}"
2023_04_12,2023-04-12,310.5642903089856,"{""type"":""MultiPoint"",""coordinates"":[]}"
2023_04_13,2023-04-13,314.98586854677905,"{""type"":""MultiPoint"",""coordinates"":[]}"
2023_04_14,2023-04-14,,"{""type"":""MultiPoint"",""coordinates"":[]}"
2023_04_15,2023-04-15,315.7540250313442,"{""type"":""MultiPoint"",""coordinates"":[]}"
2023_04_16,2023-04-16,313.7124855698241,"{""type"":""MultiPoint"",""coordinates"":[]}"
2023_04_17,2023-04-17,313.799829311748,"{""type"":""MultiPoint"",""coordinates"":[]}"
2023_04_18,2023-04-18,316.943838557132,"{""type"":""MultiPoint"",""coordinates"":[]}"
2023_04_19,2023-04-19,312.14423028128994,"{""type"":""MultiPoint"",""coordinates"":[]}"
2023_04_20,2023-04-20,318.5283857561573,"{""type"":""MultiPoint"",""coordinates"":[]}"
2023_04_21,2023-04-21,309.95758006650294,"{""type"":""MultiPoint"",""coordinates"":[]}"
2023_04_22,2023-04-22,316.5861643116498,"{""type"":""MultiPoint"",""coordinates"":[]}"
2023_04_23,2023-04-23,315.35240144321216,"{""type"":""MultiPoint"",""coordinates"":[]}"
2023_04_24,2023-04-24,308.7286581204464,"{""type"":""MultiPoint"",""coordinates"":[]}"
2023_04_25,2023-04-25,314.83057462890446,"{""type"":""MultiPoint"",""coordinates"":[]}"
2023_04_26,2023-04-26,306.9754961307754,"{""type"":""MultiPoint"",""coordinates"":[]}"
2023_04_27,2023-04-27,314.49540656520975,"{""type"":""MultiPoint"",""coordinates"":[]}"
2023_04_28,2023-04-28,,"{""type"":""MultiPoint"",""coordinates"":[]}"
2023_04_29,2023-04-29,309.8270491394363,"{""type"":""MultiPoint"",""coordinates"":[]}"
2023_04_30,2023-04-30,,"{""type"":""MultiPoint"",""coordinates"":[]}"
2023_05_01,2023-05-01,303.35925537885873,"{""type"":""MultiPoint"",""coordinates"":[]}"
2023_05_02,2023-05-02,307.30065150253745,"{""type"":""MultiPoint"",""coordinates"":[]}"
2023_05_03,2023-05-03,,"{""type"":""MultiPoint"",""coordinates"":[]}"
2023_05_04,2023-05-04,307.25705173446954,"{""type"":""MultiPoint"",""coordinates"":[]}"
2023_05_05,2023-05-05,,"{""type"":""MultiPoint"",""coordinates"":[]}"
2023_05_06,2023-05-06,308.47483173496073,"{""type"":""MultiPoint"",""coordinates"":[]}"
2023_05_07,2023-05-07,,"{""type"":""MultiPoint"",""coordinates"":[]}"
2023_05_08,2023-05-08,308.46,"{""type"":""MultiPoint"",""coordinates"":[]}"
2023_05_09,2023-05-09,314.01799681472306,"{""type"":""MultiPoint"",""coordinates"":[]}"
2023_05_10,2023-05-10,,"{""type"":""MultiPoint"",""coordinates"":[]}"
2023_05_11,2023-05-11,,"{""type"":""MultiPoint"",""coordinates"":[]}"
2023_05_12,2023-05-12,,"{""type"":""MultiPoint"",""coordinates"":[]}"
2023_05_13,2023-05-13,305.29629268292683,"{""type"":""MultiPoint"",""coordinates"":[]}"
2023_05_14,2023-05-14,316.6524672995321,"{""type"":""MultiPoint"",""coordinates"":[]}"
2023_05_15,2023-05-15,314.3833321667616,"{""type"":""MultiPoint"",""coordinates"":[]}"
2023_05_16,2023-05-16,320.1778258016537,"{""type"":""MultiPoint"",""coordinates"":[]}"
2023_05_17,2023-05-17,313.44752438864344,"{""type"":""MultiPoint"",""coordinates"":[]}"
2023_05_18,2023-05-18,319.0076541832299,"{""type"":""MultiPoint"",""coordinates"":[]}"
2023_05_19,2023-05-19,311.4817896359082,"{""type"":""MultiPoint"",""coordinates"":[]}"
2023_05_20,2023-05-20,316.85074825730175,"{""type"":""MultiPoint"",""coordinates"":[]}"
2023_05_21,2023-05-21,314.87971505685573,"{""type"":""MultiPoint"",""coordinates"":[]}"
2023_05_22,2023-05-22,310.6352590483393,"{""type"":""MultiPoint"",""coordinates"":[]}"
2023_05_23,2023-05-23,314.10663208728295,"{""type"":""MultiPoint"",""coordinates"":[]}"
2023_05_24,2023-05-24,308.96201396035616,"{""type"":""MultiPoint"",""coordinates"":[]}"
2023_05_25,2023-05-25,313.6753968929558,"{""type"":""MultiPoint"",""coordinates"":[]}"
2023_05_26,2023-05-26,312.02297388337195,"{""type"":""MultiPoint"",""coordinates"":[]}"
2023_05_27,2023-05-27,316.3349944143868,"{""type"":""MultiPoint"",""coordinates"":[]}"
2023_05_28,2023-05-28,312.7721153429212,"{""type"":""MultiPoint"",""coordinates"":[]}"
2023_05_29,2023-05-29,307.92204979609346,"{""type"":""MultiPoint"",""coordinates"":[]}"
2023_05_30,2023-05-30,,"{""type"":""MultiPoint"",""coordinates"":[]}"
2023_05_31,2023-05-31,,"{""type"":""MultiPoint"",""coordinates"":[]}"
2023_06_01,2023-06-01,319.23905102443746,"{""type"":""MultiPoint"",""coordinates"":[]}"
2023_06_02,2023-06-02,313.19745483179497,"{""type"":""MultiPoint"",""coordinates"":[]}"
2023_06_03,2023-06-03,315.5150986604413,"{""type"":""MultiPoint"",""coordinates"":[]}"
2023_06_04,2023-06-04,310.6792343085337,"{""type"":""MultiPoint"",""coordinates"":[]}"
2023_06_05,2023-06-05,,"{""type"":""MultiPoint"",""coordinates"":[]}"
2023_06_06,2023-06-06,316.065290681756,"{""type"":""MultiPoint"",""coordinates"":[]}"
2023_06_07,2023-06-07,,"{""type"":""MultiPoint"",""coordinates"":[]}"
2023_06_08,2023-06-08,317.1845689901677,"{""type"":""MultiPoint"",""coordinates"":[]}"
2023_06_09,2023-06-09,310.6230089242643,"{""type"":""MultiPoint"",""coordinates"":[]}"
2023_06_10,2023-06-10,314.0325749157882,"{""type"":""MultiPoint"",""coordinates"":[]}"
2023_06_11,2023-06-11,311.412806983511,"{""type"":""MultiPoint"",""coordinates"":[]}"
2023_06_12,2023-06-12,310.804961645046,"{""type"":""MultiPoint"",""coordinates"":[]}"
2023_06_13,2023-06-13,317.829733146682,"{""type"":""MultiPoint"",""coordinates"":[]}"
2023_06_14,2023-06-14,,"{""type"":""MultiPoint"",""coordinates"":[]}"
2023_06_15,2023-06-15,318.6230176298175,"{""type"":""MultiPoint"",""coordinates"":[]}"
2023_06_16,2023-06-16,311.1098703295932,"{""type"":""MultiPoint"",""coordinates"":[]}"
2023_06_17,2023-06-17,,"{""type"":""MultiPoint"",""coordinates"":[]}"
2023_06_18,2023-06-18,312.6944803874093,"{""type"":""MultiPoint"",""coordinates"":[]}"
2023_06_19,2023-06-19,,"{""type"":""MultiPoint"",""coordinates"":[]}"
2023_06_20,2023-06-20,314.3103450356171,"{""type"":""MultiPoint"",""coordinates"":[]}"
2023_06_21,2023-06-21,,"{""type"":""MultiPoint"",""coordinates"":[]}"
2023_06_22,2023-06-22,,"{""type"":""MultiPoint"",""coordinates"":[]}"
2023_06_23,2023-06-23,,"{""type"":""MultiPoint"",""coordinates"":[]}"
2023_06_24,2023-06-24,,"{""type"":""MultiPoint"",""coordinates"":[]}"
2023_06_25,2023-06-25,,"{""type"":""MultiPoint"",""coordinates"":[]}"
2023_06_26,2023-06-26,,"{""type"":""MultiPoint"",""coordinates"":[]}"
2023_06_27,2023-06-27,,"{""type"":""MultiPoint"",""coordinates"":[]}"
2023_06_28,2023-06-28,,"{""type"":""MultiPoint"",""coordinates"":[]}"
2023_06_29,2023-06-29,,"{""type"":""MultiPoint"",""coordinates"":[]}"
2023_06_30,2023-06-30,,"{""type"":""MultiPoint"",""coordinates"":[]}"
2023_07_01,2023-07-01,307.8912869984654,"{""type"":""MultiPoint"",""coordinates"":[]}"
2023_07_02,2023-07-02,,"{""type"":""MultiPoint"",""coordinates"":[]}"
2023_07_03,2023-07-03,,"{""type"":""MultiPoint"",""coordinates"":[]}"
2023_07_04,2023-07-04,,"{""type"":""MultiPoint"",""coordinates"":[]}"
2023_07_05,2023-07-05,,"{""type"":""MultiPoint"",""coordinates"":[]}"
2023_07_06,2023-07-06,,"{""type"":""MultiPoint"",""coordinates"":[]}"
2023_07_07,2023-07-07,,"{""type"":""MultiPoint"",""coordinates"":[]}"
2023_07_08,2023-07-08,,"{""type"":""MultiPoint"",""coordinates"":[]}"
2023_07_09,2023-07-09,,"{""type"":""MultiPoint"",""coordinates"":[]}"
2023_07_10,2023-07-10,,"{""type"":""MultiPoint"",""coordinates"":[]}"
2023_07_11,2023-07-11,,"{""type"":""MultiPoint"",""coordinates"":[]}"
2023_07_12,2023-07-12,,"{""type"":""MultiPoint"",""coordinates"":[]}"
2023_07_13,2023-07-13,,"{""type"":""MultiPoint"",""coordinates"":[]}"
2023_07_14,2023-07-14,,"{""type"":""MultiPoint"",""coordinates"":[]}"
2023_07_15,2023-07-15,,"{""type"":""MultiPoint"",""coordinates"":[]}"
2023_07_16,2023-07-16,,"{""type"":""MultiPoint"",""coordinates"":[]}"
2023_07_17,2023-07-17,,"{""type"":""MultiPoint"",""coordinates"":[]}"
2023_07_18,2023-07-18,,"{""type"":""MultiPoint"",""coordinates"":[]}"
2023_07_19,2023-07-19,,"{""type"":""MultiPoint"",""coordinates"":[]}"
2023_07_20,2023-07-20,,"{""type"":""MultiPoint"",""coordinates"":[]}"
2023_07_21,2023-07-21,,"{""type"":""MultiPoint"",""coordinates"":[]}"
2023_07_22,2023-07-22,,"{""type"":""MultiPoint"",""coordinates"":[]}"
2023_07_23,2023-07-23,,"{""type"":""MultiPoint"",""coordinates"":[]}"
2023_07_24,2023-07-24,,"{""type"":""MultiPoint"",""coordinates"":[]}"
2023_07_25,2023-07-25,,"{""type"":""MultiPoint"",""coordinates"":[]}"
2023_07_26,2023-07-26,,"{""type"":""MultiPoint"",""coordinates"":[]}"
2023_07_27,2023-07-27,,"{""type"":""MultiPoint"",""coordinates"":[]}"
2023_07_28,2023-07-28,,"{""type"":""MultiPoint"",""coordinates"":[]}"
2023_07_29,2023-07-29,,"{""type"":""MultiPoint"",""coordinates"":[]}"
2023_07_30,2023-07-30,,"{""type"":""MultiPoint"",""coordinates"":[]}"
2023_07_31,2023-07-31,,"{""type"":""MultiPoint"",""coordinates"":[]}"
2023_08_01,2023-08-01,,"{""type"":""MultiPoint"",""coordinates"":[]}"
2023_08_02,2023-08-02,,"{""type"":""MultiPoint"",""coordinates"":[]}"
2023_08_03,2023-08-03,,"{""type"":""MultiPoint"",""coordinates"":[]}"
2023_08_04,2023-08-04,,"{""type"":""MultiPoint"",""coordinates"":[]}"
2023_08_05,2023-08-05,,"{""type"":""MultiPoint"",""coordinates"":[]}"
2023_08_06,2023-08-06,308.336436101083,"{""type"":""MultiPoint"",""coordinates"":[]}"
2023_08_07,2023-08-07,,"{""type"":""MultiPoint"",""coordinates"":[]}"
2023_08_08,2023-08-08,304.4426577358803,"{""type"":""MultiPoint"",""coordinates"":[]}"
2023_08_09,2023-08-09,,"{""type"":""MultiPoint"",""coordinates"":[]}"
2023_08_10,2023-08-10,308.34392667129316,"{""type"":""MultiPoint"",""coordinates"":[]}"
2023_08_11,2023-08-11,,"{""type"":""MultiPoint"",""coordinates"":[]}"
2023_08_12,2023-08-12,,"{""type"":""MultiPoint"",""coordinates"":[]}"
2023_08_13,2023-08-13,310.4381308252115,"{""type"":""MultiPoint"",""coordinates"":[]}"
2023_08_14,2023-08-14,,"{""type"":""MultiPoint"",""coordinates"":[]}"
2023_08_15,2023-08-15,306.75902395740906,"{""type"":""MultiPoint"",""coordinates"":[]}"
2023_08_16,2023-08-16,,"{""type"":""MultiPoint"",""coordinates"":[]}"
2023_08_17,2023-08-17,,"{""type"":""MultiPoint"",""coordinates"":[]}"
2023_08_18,2023-08-18,,"{""type"":""MultiPoint"",""coordinates"":[]}"
2023_08_19,2023-08-19,,"{""type"":""MultiPoint"",""coordinates"":[]}"
2023_08_20,2023-08-20,,"{""type"":""MultiPoint"",""coordinates"":[]}"
2023_08_21,2023-08-21,,"{""type"":""MultiPoint"",""coordinates"":[]}"
2023_08_22,2023-08-22,,"{""type"":""MultiPoint"",""coordinates"":[]}"
2023_08_23,2023-08-23,,"{""type"":""MultiPoint"",""coordinates"":[]}"
2023_08_24,2023-08-24,,"{""type"":""MultiPoint"",""coordinates"":[]}"
2023_08_25,2023-08-25,,"{""type"":""MultiPoint"",""coordinates"":[]}"
2023_08_26,2023-08-26,,"{""type"":""MultiPoint"",""coordinates"":[]}"
2023_08_27,2023-08-27,,"{""type"":""MultiPoint"",""coordinates"":[]}"
2023_08_28,2023-08-28,,"{""type"":""MultiPoint"",""coordinates"":[]}"
2023_08_29,2023-08-29,308.7564284171886,"{""type"":""MultiPoint"",""coordinates"":[]}"
2023_08_30,2023-08-30,,"{""type"":""MultiPoint"",""coordinates"":[]}"
2023_08_31,2023-08-31,306.4038558432471,"{""type"":""MultiPoint"",""coordinates"":[]}"
2023_09_01,2023-09-01,,"{""type"":""MultiPoint"",""coordinates"":[]}"
2023_09_02,2023-09-02,,"{""type"":""MultiPoint"",""coordinates"":[]}"
2023_09_03,2023-09-03,,"{""type"":""MultiPoint"",""coordinates"":[]}"
2023_09_04,2023-09-04,,"{""type"":""MultiPoint"",""coordinates"":[]}"
2023_09_05,2023-09-05,,"{""type"":""MultiPoint"",""coordinates"":[]}"
2023_09_06,2023-09-06,,"{""type"":""MultiPoint"",""coordinates"":[]}"
2023_09_07,2023-09-07,,"{""type"":""MultiPoint"",""coordinates"":[]}"
2023_09_08,2023-09-08,,"{""type"":""MultiPoint"",""coordinates"":[]}"
2023_09_09,2023-09-09,,"{""type"":""MultiPoint"",""coordinates"":[]}"
2023_09_10,2023-09-10,,"{""type"":""MultiPoint"",""coordinates"":[]}"
2023_09_11,2023-09-11,,"{""type"":""MultiPoint"",""coordinates"":[]}"
2023_09_12,2023-09-12,,"{""type"":""MultiPoint"",""coordinates"":[]}"
2023_09_13,2023-09-13,,"{""type"":""MultiPoint"",""coordinates"":[]}"
2023_09_14,2023-09-14,,"{""type"":""MultiPoint"",""coordinates"":[]}"
2023_09_15,2023-09-15,,"{""type"":""MultiPoint"",""coordinates"":[]}"
2023_09_16,2023-09-16,,"{""type"":""MultiPoint"",""coordinates"":[]}"
2023_09_17,2023-09-17,306.90173195876287,"{""type"":""MultiPoint"",""coordinates"":[]}"
2023_09_18,2023-09-18,,"{""type"":""MultiPoint"",""coordinates"":[]}"
2023_09_19,2023-09-19,307.5838372093023,"{""type"":""MultiPoint"",""coordinates"":[]}"
2023_09_20,2023-09-20,,"{""type"":""MultiPoint"",""coordinates"":[]}"
2023_09_21,2023-09-21,,"{""type"":""MultiPoint"",""coordinates"":[]}"
2023_09_22,2023-09-22,,"{""type"":""MultiPoint"",""coordinates"":[]}"
2023_09_23,2023-09-23,,"{""type"":""MultiPoint"",""coordinates"":[]}"
2023_09_24,2023-09-24,,"{""type"":""MultiPoint"",""coordinates"":[]}"
2023_09_25,2023-09-25,,"{""type"":""MultiPoint"",""coordinates"":[]}"
2023_09_26,2023-09-26,,"{""type"":""MultiPoint"",""coordinates"":[]}"
2023_09_27,2023-09-27,,"{""type"":""MultiPoint"",""coordinates"":[]}"
2023_09_28,2023-09-28,305.48856234096695,"{""type"":""MultiPoint"",""coordinates"":[]}"
2023_09_29,2023-09-29,,"{""type"":""MultiPoint"",""coordinates"":[]}"
2023_09_30,2023-09-30,,"{""type"":""MultiPoint"",""coordinates"":[]}"
2023_10_01,2023-10-01,,"{""type"":""MultiPoint"",""coordinates"":[]}"
2023_10_02,2023-10-02,,"{""type"":""MultiPoint"",""coordinates"":[]}"
2023_10_03,2023-10-03,306.119778761062,"{""type"":""MultiPoint"",""coordinates"":[]}"
2023_10_04,2023-10-04,307.8183203067393,"{""type"":""MultiPoint"",""coordinates"":[]}"
2023_10_05,2023-10-05,303.5725127429116,"{""type"":""MultiPoint"",""coordinates"":[]}"
2023_10_06,2023-10-06,312.1292309374865,"{""type"":""MultiPoint"",""coordinates"":[]}"
2023_10_07,2023-10-07,,"{""type"":""MultiPoint"",""coordinates"":[]}"
2023_10_08,2023-10-08,308.1972726074696,"{""type"":""MultiPoint"",""coordinates"":[]}"
2023_10_09,2023-10-09,306.5770928779673,"{""type"":""MultiPoint"",""coordinates"":[]}"
2023_10_10,2023-10-10,306.1013311835541,"{""type"":""MultiPoint"",""coordinates"":[]}"
2023_10_11,2023-10-11,309.0809394092927,"{""type"":""MultiPoint"",""coordinates"":[]}"
2023_10_12,2023-10-12,308.73336744596367,"{""type"":""MultiPoint"",""coordinates"":[]}"
2023_10_13,2023-10-13,310.2354812069878,"{""type"":""MultiPoint"",""coordinates"":[]}"
2023_10_14,2023-10-14,,"{""type"":""MultiPoint"",""coordinates"":[]}"
2023_10_15,2023-10-15,309.2326257803895,"{""type"":""MultiPoint"",""coordinates"":[]}"
2023_10_16,2023-10-16,,"{""type"":""MultiPoint"",""coordinates"":[]}"
2023_10_17,2023-10-17,306.94905426584376,"{""type"":""MultiPoint"",""coordinates"":[]}"
2023_10_18,2023-10-18,311.4739769893697,"{""type"":""MultiPoint"",""coordinates"":[]}"
2023_10_19,2023-10-19,,"{""type"":""MultiPoint"",""coordinates"":[]}"
2023_10_20,2023-10-20,309.26005686947093,"{""type"":""MultiPoint"",""coordinates"":[]}"
2023_10_21,2023-10-21,302.5939141626653,"{""type"":""MultiPoint"",""coordinates"":[]}"
2023_10_22,2023-10-22,309.2587348527933,"{""type"":""MultiPoint"",""coordinates"":[]}"
2023_10_23,2023-10-23,309.5139424296777,"{""type"":""MultiPoint"",""coordinates"":[]}"
2023_10_24,2023-10-24,308.89502121702606,"{""type"":""MultiPoint"",""coordinates"":[]}"
2023_10_25,2023-10-25,311.3243829563847,"{""type"":""MultiPoint"",""coordinates"":[]}"
2023_10_26,2023-10-26,306.0457382212696,"{""type"":""MultiPoint"",""coordinates"":[]}"
2023_10_27,2023-10-27,310.8452040771687,"{""type"":""MultiPoint"",""coordinates"":[]}"
2023_10_28,2023-10-28,307.1598419243985,"{""type"":""MultiPoint"",""coordinates"":[]}"
2023_10_29,2023-10-29,304.0145425309535,"{""type"":""MultiPoint"",""coordinates"":[]}"
2023_10_30,2023-10-30,,"{""type"":""MultiPoint"",""coordinates"":[]}"
2023_10_31,2023-10-31,,"{""type"":""MultiPoint"",""coordinates"":[]}"
2023_11_01,2023-11-01,,"{""type"":""MultiPoint"",""coordinates"":[]}"
2023_11_02,2023-11-02,,"{""type"":""MultiPoint"",""coordinates"":[]}"
2023_11_03,2023-11-03,306.4309255551934,"{""type"":""MultiPoint"",""coordinates"":[]}"
2023_11_04,2023-11-04,,"{""type"":""MultiPoint"",""coordinates"":[]}"
2023_11_05,2023-11-05,,"{""type"":""MultiPoint"",""coordinates"":[]}"
2023_11_06,2023-11-06,,"{""type"":""MultiPoint"",""coordinates"":[]}"
2023_11_07,2023-11-07,,"{""type"":""MultiPoint"",""coordinates"":[]}"
2023_11_08,2023-11-08,,"{""type"":""MultiPoint"",""coordinates"":[]}"
2023_11_09,2023-11-09,,"{""type"":""MultiPoint"",""coordinates"":[]}"
2023_11_10,2023-11-10,308.1874032109891,"{""type"":""MultiPoint"",""coordinates"":[]}"
2023_11_11,2023-11-11,308.05430437987724,"{""type"":""MultiPoint"",""coordinates"":[]}"
2023_11_12,2023-11-12,304.4407293428024,"{""type"":""MultiPoint"",""coordinates"":[]}"
2023_11_13,2023-11-13,,"{""type"":""MultiPoint"",""coordinates"":[]}"
2023_11_14,2023-11-14,,"{""type"":""MultiPoint"",""coordinates"":[]}"
2023_11_15,2023-11-15,308.23609169254996,"{""type"":""MultiPoint"",""coordinates"":[]}"
2023_11_16,2023-11-16,304.7020008286148,"{""type"":""MultiPoint"",""coordinates"":[]}"
2023_11_17,2023-11-17,307.9875707598758,"{""type"":""MultiPoint"",""coordinates"":[]}"
2023_11_18,2023-11-18,308.9740986044882,"{""type"":""MultiPoint"",""coordinates"":[]}"
2023_11_19,2023-11-19,303.96722307532684,"{""type"":""MultiPoint"",""coordinates"":[]}"
2023_11_20,2023-11-20,301.22166796267504,"{""type"":""MultiPoint"",""coordinates"":[]}"
2023_11_21,2023-11-21,,"{""type"":""MultiPoint"",""coordinates"":[]}"
2023_11_22,2023-11-22,306.1321365862675,"{""type"":""MultiPoint"",""coordinates"":[]}"
2023_11_23,2023-11-23,,"{""type"":""MultiPoint"",""coordinates"":[]}"
2023_11_24,2023-11-24,,"{""type"":""MultiPoint"",""coordinates"":[]}"
2023_11_25,2023-11-25,301.25295136794773,"{""type"":""MultiPoint"",""coordinates"":[]}"
2023_11_26,2023-11-26,,"{""type"":""MultiPoint"",""coordinates"":[]}"
2023_11_27,2023-11-27,303.7047060594204,"{""type"":""MultiPoint"",""coordinates"":[]}"
2023_11_28,2023-11-28,,"{""type"":""MultiPoint"",""coordinates"":[]}"
2023_11_29,2023-11-29,306.4855166354927,"{""type"":""MultiPoint"",""coordinates"":[]}"
2023_11_30,2023-11-30,,"{""type"":""MultiPoint"",""coordinates"":[]}"
2023_12_01,2023-12-01,306.55639398048913,"{""type"":""MultiPoint"",""coordinates"":[]}"
2023_12_02,2023-12-02,306.8365242064976,"{""type"":""MultiPoint"",""coordinates"":[]}"
2023_12_03,2023-12-03,,"{""type"":""MultiPoint"",""coordinates"":[]}"
2023_12_04,2023-12-04,,"{""type"":""MultiPoint"",""coordinates"":[]}"
2023_12_05,2023-12-05,,"{""type"":""MultiPoint"",""coordinates"":[]}"
2023_12_06,2023-12-06,,"{""type"":""MultiPoint"",""coordinates"":[]}"
2023_12_07,2023-12-07,301.1257272727273,"{""type"":""MultiPoint"",""coordinates"":[]}"
2023_12_08,2023-12-08,303.7605573297172,"{""type"":""MultiPoint"",""coordinates"":[]}"
2023_12_09,2023-12-09,307.4162321186403,"{""type"":""MultiPoint"",""coordinates"":[]}"
2023_12_10,2023-12-10,303.47016837550564,"{""type"":""MultiPoint"",""coordinates"":[]}"
2023_12_11,2023-12-11,297.63290738102023,"{""type"":""MultiPoint"",""coordinates"":[]}"
2023_12_12,2023-12-12,304.3219365431551,"{""type"":""MultiPoint"",""coordinates"":[]}"
2023_12_13,2023-12-13,303.4652419618273,"{""type"":""MultiPoint"",""coordinates"":[]}"
2023_12_14,2023-12-14,305.617244848856,"{""type"":""MultiPoint"",""coordinates"":[]}"
2023_12_15,2023-12-15,303.2448113133838,"{""type"":""MultiPoint"",""coordinates"":[]}"
2023_12_16,2023-12-16,,"{""type"":""MultiPoint"",""coordinates"":[]}"
2023_12_17,2023-12-17,,"{""type"":""MultiPoint"",""coordinates"":[]}"
2023_12_18,2023-12-18,301.233005098789,"{""type"":""MultiPoint"",""coordinates"":[]}"
2023_12_19,2023-12-19,300.82506262882504,"{""type"":""MultiPoint"",""coordinates"":[]}"
2023_12_20,2023-12-20,304.25466599588793,"{""type"":""MultiPoint"",""coordinates"":[]}"
2023_12_21,2023-12-21,306.93247692375013,"{""type"":""MultiPoint"",""coordinates"":[]}"
2023_12_22,2023-12-22,304.4557614068858,"{""type"":""MultiPoint"",""coordinates"":[]}"
2023_12_23,2023-12-23,306.9994171866448,"{""type"":""MultiPoint"",""coordinates"":[]}"
2023_12_24,2023-12-24,,"{""type"":""MultiPoint"",""coordinates"":[]}"
2023_12_25,2023-12-25,306.24362220569594,"{""type"":""MultiPoint"",""coordinates"":[]}"
2023_12_26,2023-12-26,306.85428758913326,"{""type"":""MultiPoint"",""coordinates"":[]}"
2023_12_27,2023-12-27,305.6753440657949,"{""type"":""MultiPoint"",""coordinates"":[]}"
2023_12_28,2023-12-28,306.9167072050395,"{""type"":""MultiPoint"",""coordinates"":[]}"
2023_12_29,2023-12-29,299.0011432009626,"{""type"":""MultiPoint"",""coordinates"":[]}"
2023_12_30,2023-12-30,307.2556572903453,"{""type"":""MultiPoint"",""coordinates"":[]}"
2023_12_31,2023-12-31,306.427645128833,"{""type"":""MultiPoint"",""coordinates"":[]}"
2024_01_01,2024-01-01,305.78422371932265,"{""type"":""MultiPoint"",""coordinates"":[]}"
2024_01_02,2024-01-02,305.62798897589556,"{""type"":""MultiPoint"",""coordinates"":[]}"
2024_01_03,2024-01-03,303.79203981099823,"{""type"":""MultiPoint"",""coordinates"":[]}"
2024_01_04,2024-01-04,306.34128352071394,"{""type"":""MultiPoint"",""coordinates"":[]}"
2024_01_05,2024-01-05,,"{""type"":""MultiPoint"",""coordinates"":[]}"
2024_01_06,2024-01-06,306.4902267778193,"{""type"":""MultiPoint"",""coordinates"":[]}"
2024_01_07,2024-01-07,,"{""type"":""MultiPoint"",""coordinates"":[]}"
2024_01_08,2024-01-08,301.7641329945241,"{""type"":""MultiPoint"",""coordinates"":[]}"
2024_01_09,2024-01-09,299.7475563909775,"{""type"":""MultiPoint"",""coordinates"":[]}"
2024_01_10,2024-01-10,,"{""type"":""MultiPoint"",""coordinates"":[]}"
2024_01_11,2024-01-11,308.3053633142307,"{""type"":""MultiPoint"",""coordinates"":[]}"
2024_01_12,2024-01-12,,"{""type"":""MultiPoint"",""coordinates"":[]}"
2024_01_13,2024-01-13,306.3532311021961,"{""type"":""MultiPoint"",""coordinates"":[]}"
2024_01_14,2024-01-14,309.6764469136883,"{""type"":""MultiPoint"",""coordinates"":[]}"
2024_01_15,2024-01-15,307.3932184260031,"{""type"":""MultiPoint"",""coordinates"":[]}"
2024_01_16,2024-01-16,308.9002239818017,"{""type"":""MultiPoint"",""coordinates"":[]}"
2024_01_17,2024-01-17,303.88933352623457,"{""type"":""MultiPoint"",""coordinates"":[]}"
2024_01_18,2024-01-18,306.704461332141,"{""type"":""MultiPoint"",""coordinates"":[]}"
2024_01_19,2024-01-19,,"{""type"":""MultiPoint"",""coordinates"":[]}"
2024_01_20,2024-01-20,307.1988214707555,"{""type"":""MultiPoint"",""coordinates"":[]}"
2024_01_21,2024-01-21,,"{""type"":""MultiPoint"",""coordinates"":[]}"
2024_01_22,2024-01-22,304.9720266949353,"{""type"":""MultiPoint"",""coordinates"":[]}"
2024_01_23,2024-01-23,307.23576658382717,"{""type"":""MultiPoint"",""coordinates"":[]}"
2024_01_24,2024-01-24,,"{""type"":""MultiPoint"",""coordinates"":[]}"
2024_01_25,2024-01-25,307.3079132945449,"{""type"":""MultiPoint"",""coordinates"":[]}"
2024_01_26,2024-01-26,,"{""type"":""MultiPoint"",""coordinates"":[]}"
2024_01_27,2024-01-27,,"{""type"":""MultiPoint"",""coordinates"":[]}"
2024_01_28,2024-01-28,309.7375606981935,"{""type"":""MultiPoint"",""coordinates"":[]}"
2024_01_29,2024-01-29,,"{""type"":""MultiPoint"",""coordinates"":[]}"
2024_01_30,2024-01-30,310.10742245942527,"{""type"":""MultiPoint"",""coordinates"":[]}"
2024_01_31,2024-01-31,,"{""type"":""MultiPoint"",""coordinates"":[]}"
2024_02_01,2024-02-01,309.2489509602343,"{""type"":""MultiPoint"",""coordinates"":[]}"
2024_02_02,2024-02-02,306.1333751237211,"{""type"":""MultiPoint"",""coordinates"":[]}"
2024_02_03,2024-02-03,305.6805104337928,"{""type"":""MultiPoint"",""coordinates"":[]}"
2024_02_04,2024-02-04,310.4216864254781,"{""type"":""MultiPoint"",""coordinates"":[]}"
2024_02_05,2024-02-05,,"{""type"":""MultiPoint"",""coordinates"":[]}"
2024_02_06,2024-02-06,313.2346554967408,"{""type"":""MultiPoint"",""coordinates"":[]}"
2024_02_07,2024-02-07,308.08724934917944,"{""type"":""MultiPoint"",""coordinates"":[]}"
2024_02_08,2024-02-08,310.0978371757296,"{""type"":""MultiPoint"",""coordinates"":[]}"
2024_02_09,2024-02-09,311.7769080012249,"{""type"":""MultiPoint"",""coordinates"":[]}"
2024_02_10,2024-02-10,307.1044490135178,"{""type"":""MultiPoint"",""coordinates"":[]}"
2024_02_11,2024-02-11,311.70142525919783,"{""type"":""MultiPoint"",""coordinates"":[]}"
2024_02_12,2024-02-12,,"{""type"":""MultiPoint"",""coordinates"":[]}"
2024_02_13,2024-02-13,309.35509060808084,"{""type"":""MultiPoint"",""coordinates"":[]}"
2024_02_14,2024-02-14,,"{""type"":""MultiPoint"",""coordinates"":[]}"
2024_02_15,2024-02-15,310.4796657771556,"{""type"":""MultiPoint"",""coordinates"":[]}"
2024_02_16,2024-02-16,313.94854411829044,"{""type"":""MultiPoint"",""coordinates"":[]}"
2024_02_17,2024-02-17,310.60466468349426,"{""type"":""MultiPoint"",""coordinates"":[]}"
2024_02_18,2024-02-18,315.2895651603307,"{""type"":""MultiPoint"",""coordinates"":[]}"
2024_02_19,2024-02-19,308.3714311106723,"{""type"":""MultiPoint"",""coordinates"":[]}"
2024_02_20,2024-02-20,311.83387418522256,"{""type"":""MultiPoint"",""coordinates"":[]}"
2024_02_21,2024-02-21,309.00822676262146,"{""type"":""MultiPoint"",""coordinates"":[]}"
2024_02_22,2024-02-22,310.4743339603657,"{""type"":""MultiPoint"",""coordinates"":[]}"
2024_02_23,2024-02-23,314.29279408548047,"{""type"":""MultiPoint"",""coordinates"":[]}"
2024_02_24,2024-02-24,,"{""type"":""MultiPoint"",""coordinates"":[]}"
2024_02_25,2024-02-25,308.2528444559854,"{""type"":""MultiPoint"",""coordinates"":[]}"
2024_02_26,2024-02-26,307.0033707156691,"{""type"":""MultiPoint"",""coordinates"":[]}"
2024_02_27,2024-02-27,312.38844656371685,"{""type"":""MultiPoint"",""coordinates"":[]}"
2024_02_28,2024-02-28,314.73406929436993,"{""type"":""MultiPoint"",""coordinates"":[]}"
2024_02_29,2024-02-29,309.6749398486373,"{""type"":""MultiPoint"",""coordinates"":[]}"
2024_03_01,2024-03-01,315.9693984863731,"{""type"":""MultiPoint"",""coordinates"":[]}"
2024_03_02,2024-03-02,312.3176446913686,"{""type"":""MultiPoint"",""coordinates"":[]}"
2024_03_03,2024-03-03,313.55531519314053,"{""type"":""MultiPoint"",""coordinates"":[]}"
2024_03_04,2024-03-04,304.78000000000003,"{""type"":""MultiPoint"",""coordinates"":[]}"
2024_03_05,2024-03-05,311.17250885865536,"{""type"":""MultiPoint"",""coordinates"":[]}"
2024_03_06,2024-03-06,317.0187267740224,"{""type"":""MultiPoint"",""coordinates"":[]}"
2024_03_07,2024-03-07,,"{""type"":""MultiPoint"",""coordinates"":[]}"
2024_03_08,2024-03-08,314.81645453130903,"{""type"":""MultiPoint"",""coordinates"":[]}"
2024_03_09,2024-03-09,309.0953675693404,"{""type"":""MultiPoint"",""coordinates"":[]}"
2024_03_10,2024-03-10,312.06535099337725,"{""type"":""MultiPoint"",""coordinates"":[]}"
2024_03_11,2024-03-11,311.4858104892021,"{""type"":""MultiPoint"",""coordinates"":[]}"
2024_03_12,2024-03-12,308.5147962784729,"{""type"":""MultiPoint"",""coordinates"":[]}"
2024_03_13,2024-03-13,312.99239247620125,"{""type"":""MultiPoint"",""coordinates"":[]}"
2024_03_14,2024-03-14,,"{""type"":""MultiPoint"",""coordinates"":[]}"
2024_03_15,2024-03-15,311.99830657509085,"{""type"":""MultiPoint"",""coordinates"":[]}"
2024_03_16,2024-03-16,307.9561913875598,"{""type"":""MultiPoint"",""coordinates"":[]}"
2024_03_17,2024-03-17,308.8,"{""type"":""MultiPoint"",""coordinates"":[]}"
2024_03_18,2024-03-18,313.6866523624135,"{""type"":""MultiPoint"",""coordinates"":[]}"
2024_03_19,2024-03-19,,"{""type"":""MultiPoint"",""coordinates"":[]}"
2024_03_20,2024-03-20,310.40319898555424,"{""type"":""MultiPoint"",""coordinates"":[]}"
2024_03_21,2024-03-21,312.7970484273155,"{""type"":""MultiPoint"",""coordinates"":[]}"
2024_03_22,2024-03-22,314.77417297344584,"{""type"":""MultiPoint"",""coordinates"":[]}"
2024_03_23,2024-03-23,,"{""type"":""MultiPoint"",""coordinates"":[]}"
2024_03_24,2024-03-24,,"{""type"":""MultiPoint"",""coordinates"":[]}"
2024_03_25,2024-03-25,,"{""type"":""MultiPoint"",""coordinates"":[]}"
2024_03_26,2024-03-26,,"{""type"":""MultiPoint"",""coordinates"":[]}"
2024_03_27,2024-03-27,317.4896657771556,"{""type"":""MultiPoint"",""coordinates"":[]}"
2024_03_28,2024-03-28,314.21005731303046,"{""type"":""MultiPoint"",""coordinates"":[]}"
2024_03_29,2024-03-29,315.58508639923,"{""type"":""MultiPoint"",""coordinates"":[]}"
2024_03_30,2024-03-30,319.4537678813596,"{""type"":""MultiPoint"",""coordinates"":[]}"
2024_03_31,2024-03-31,311.1395537862549,"{""type"":""MultiPoint"",""coordinates"":[]}"
2024_04_01,2024-04-01,319.7334227219039,"{""type"":""MultiPoint"",""coordinates"":[]}"
2024_04_02,2024-04-02,311.2407359411248,"{""type"":""MultiPoint"",""coordinates"":[]}"
2024_04_03,2024-04-03,312.99036126299825,"{""type"":""MultiPoint"",""coordinates"":[]}"
2024_04_04,2024-04-04,318.72356533531666,"{""type"":""MultiPoint"",""coordinates"":[]}"
2024_04_05,2024-04-05,315.91381381512724,"{""type"":""MultiPoint"",""coordinates"":[]}"
2024_04_06,2024-04-06,316.8189856113325,"{""type"":""MultiPoint"",""coordinates"":[]}"
2024_04_07,2024-04-07,,"{""type"":""MultiPoint"",""coordinates"":[]}"
2024_04_08,2024-04-08,316.13957422196546,"{""type"":""MultiPoint"",""coordinates"":[]}"
2024_04_09,2024-04-09,311.9253567834596,"{""type"":""MultiPoint"",""coordinates"":[]}"
2024_04_10,2024-04-10,314.11962640535455,"{""type"":""MultiPoint"",""coordinates"":[]}"
2024_04_11,2024-04-11,319.40000000000003,"{""type"":""MultiPoint"",""coordinates"":[]}"
2024_04_12,2024-04-12,,"{""type"":""MultiPoint"",""coordinates"":[]}"
2024_04_13,2024-04-13,313.01918960563034,"{""type"":""MultiPoint"",""coordinates"":[]}"
2024_04_14,2024-04-14,307.3276651685395,"{""type"":""MultiPoint"",""coordinates"":[]}"
2024_04_15,2024-04-15,318.3761354389957,"{""type"":""MultiPoint"",""coordinates"":[]}"
2024_04_16,2024-04-16,317.9622418230212,"{""type"":""MultiPoint"",""coordinates"":[]}"
2024_04_17,2024-04-17,,"{""type"":""MultiPoint"",""coordinates"":[]}"
2024_04_18,2024-04-18,317.96577680307024,"{""type"":""MultiPoint"",""coordinates"":[]}"
2024_04_19,2024-04-19,,"{""type"":""MultiPoint"",""coordinates"":[]}"
2024_04_20,2024-04-20,,"{""type"":""MultiPoint"",""coordinates"":[]}"
2024_04_21,2024-04-21,,"{""type"":""MultiPoint"",""coordinates"":[]}"
2024_04_22,2024-04-22,315.39106889814764,"{""type"":""MultiPoint"",""coordinates"":[]}"
2024_04_23,2024-04-23,321.24160943173354,"{""type"":""MultiPoint"",""coordinates"":[]}"
2024_04_24,2024-04-24,314.5087138544994,"{""type"":""MultiPoint"",""coordinates"":[]}"
2024_04_25,2024-04-25,321.1025134641817,"{""type"":""MultiPoint"",""coordinates"":[]}"
2024_04_26,2024-04-26,314.3444810250896,"{""type"":""MultiPoint"",""coordinates"":[]}"
2024_04_27,2024-04-27,319.07559123321244,"{""type"":""MultiPoint"",""coordinates"":[]}"
2024_04_28,2024-04-28,315.43985993405454,"{""type"":""MultiPoint"",""coordinates"":[]}"
2024_04_29,2024-04-29,315.1672741589747,"{""type"":""MultiPoint"",""coordinates"":[]}"
2024_04_30,2024-04-30,322.23160111990916,"{""type"":""MultiPoint"",""coordinates"":[]}"
2024_05_01,2024-05-01,,"{""type"":""MultiPoint"",""coordinates"":[]}"
2024_05_02,2024-05-02,321.655618793473,"{""type"":""MultiPoint"",""coordinates"":[]}"
2024_05_03,2024-05-03,320.9668375694476,"{""type"":""MultiPoint"",""coordinates"":[]}"
2024_05_04,2024-05-04,316.9464393421952,"{""type"":""MultiPoint"",""coordinates"":[]}"
2024_05_05,2024-05-05,317.998525675876,"{""type"":""MultiPoint"",""coordinates"":[]}"
2024_05_06,2024-05-06,311.7130597804282,"{""type"":""MultiPoint"",""coordinates"":[]}"
2024_05_07,2024-05-07,318.0855031747199,"{""type"":""MultiPoint"",""coordinates"":[]}"
2024_05_08,2024-05-08,309.55233124324343,"{""type"":""MultiPoint"",""coordinates"":[]}"
2024_05_09,2024-05-09,314.3674818736045,"{""type"":""MultiPoint"",""coordinates"":[]}"
2024_05_10,2024-05-10,309.80162439287653,"{""type"":""MultiPoint"",""coordinates"":[]}"
2024_05_11,2024-05-11,309.9139037308381,"{""type"":""MultiPoint"",""coordinates"":[]}"
2024_05_12,2024-05-12,317.35459034992095,"{""type"":""MultiPoint"",""coordinates"":[]}"
2024_05_13,2024-05-13,,"{""type"":""MultiPoint"",""coordinates"":[]}"
2024_05_14,2024-05-14,316.3879330672113,"{""type"":""MultiPoint"",""coordinates"":[]}"
2024_05_15,2024-05-15,,"{""type"":""MultiPoint"",""coordinates"":[]}"
2024_05_16,2024-05-16,,"{""type"":""MultiPoint"",""coordinates"":[]}"
2024_05_17,2024-05-17,309.6440370587742,"{""type"":""MultiPoint"",""coordinates"":[]}"
2024_05_18,2024-05-18,,"{""type"":""MultiPoint"",""coordinates"":[]}"
2024_05_19,2024-05-19,311.5439142091152,"{""type"":""MultiPoint"",""coordinates"":[]}"
2024_05_20,2024-05-20,,"{""type"":""MultiPoint"",""coordinates"":[]}"
2024_05_21,2024-05-21,309.04917828135973,"{""type"":""MultiPoint"",""coordinates"":[]}"
2024_05_22,2024-05-22,310.13832127224316,"{""type"":""MultiPoint"",""coordinates"":[]}"
2024_05_23,2024-05-23,,"{""type"":""MultiPoint"",""coordinates"":[]}"
2024_05_24,2024-05-24,312.1368550919695,"{""type"":""MultiPoint"",""coordinates"":[]}"
2024_05_25,2024-05-25,,"{""type"":""MultiPoint"",""coordinates"":[]}"
2024_05_26,2024-05-26,,"{""type"":""MultiPoint"",""coordinates"":[]}"
2024_05_27,2024-05-27,,"{""type"":""MultiPoint"",""coordinates"":[]}"
2024_05_28,2024-05-28,307.2796251238157,"{""type"":""MultiPoint"",""coordinates"":[]}"
2024_05_29,2024-05-29,316.428654510261,"{""type"":""MultiPoint"",""coordinates"":[]}"
2024_05_30,2024-05-30,,"{""type"":""MultiPoint"",""coordinates"":[]}"
2024_05_31,2024-05-31,318.52787785992393,"{""type"":""MultiPoint"",""coordinates"":[]}"
2024_06_01,2024-06-01,,"{""type"":""MultiPoint"",""coordinates"":[]}"
2024_06_02,2024-06-02,,"{""type"":""MultiPoint"",""coordinates"":[]}"
2024_06_03,2024-06-03,,"{""type"":""MultiPoint"",""coordinates"":[]}"
2024_06_04,2024-06-04,,"{""type"":""MultiPoint"",""coordinates"":[]}"
2024_06_05,2024-06-05,314.28376734811394,"{""type"":""MultiPoint"",""coordinates"":[]}"
2024_06_06,2024-06-06,,"{""type"":""MultiPoint"",""coordinates"":[]}"
2024_06_07,2024-06-07,,"{""type"":""MultiPoint"",""coordinates"":[]}"
2024_06_08,2024-06-08,,"{""type"":""MultiPoint"",""coordinates"":[]}"
2024_06_09,2024-06-09,,"{""type"":""MultiPoint"",""coordinates"":[]}"
2024_06_10,2024-06-10,311.9923706233988,"{""type"":""MultiPoint"",""coordinates"":[]}"
2024_06_11,2024-06-11,,"{""type"":""MultiPoint"",""coordinates"":[]}"
2024_06_12,2024-06-12,308.8488989412894,"{""type"":""MultiPoint"",""coordinates"":[]}"
2024_06_13,2024-06-13,,"{""type"":""MultiPoint"",""coordinates"":[]}"
2024_06_14,2024-06-14,,"{""type"":""MultiPoint"",""coordinates"":[]}"
2024_06_15,2024-06-15,314.0083118849356,"{""type"":""MultiPoint"",""coordinates"":[]}"
2024_06_16,2024-06-16,,"{""type"":""MultiPoint"",""coordinates"":[]}"
2024_06_17,2024-06-17,,"{""type"":""MultiPoint"",""coordinates"":[]}"
2024_06_18,2024-06-18,,"{""type"":""MultiPoint"",""coordinates"":[]}"
2024_06_19,2024-06-19,,"{""type"":""MultiPoint"",""coordinates"":[]}"
2024_06_20,2024-06-20,310.6453769640141,"{""type"":""MultiPoint"",""coordinates"":[]}"
2024_06_21,2024-06-21,,"{""type"":""MultiPoint"",""coordinates"":[]}"
2024_06_22,2024-06-22,,"{""type"":""MultiPoint"",""coordinates"":[]}"
2024_06_23,2024-06-23,,"{""type"":""MultiPoint"",""coordinates"":[]}"
2024_06_24,2024-06-24,307.03718329794765,"{""type"":""MultiPoint"",""coordinates"":[]}"
2024_06_25,2024-06-25,,"{""type"":""MultiPoint"",""coordinates"":[]}"
2024_06_26,2024-06-26,,"{""type"":""MultiPoint"",""coordinates"":[]}"
2024_06_27,2024-06-27,,"{""type"":""MultiPoint"",""coordinates"":[]}"
2024_06_28,2024-06-28,,"{""type"":""MultiPoint"",""coordinates"":[]}"
2024_06_29,2024-06-29,,"{""type"":""MultiPoint"",""coordinates"":[]}"
2024_06_30,2024-06-30,,"{""type"":""MultiPoint"",""coordinates"":[]}"
2024_07_01,2024-07-01,,"{""type"":""MultiPoint"",""coordinates"":[]}"
2024_07_02,2024-07-02,,"{""type"":""MultiPoint"",""coordinates"":[]}"
2024_07_03,2024-07-03,,"{""type"":""MultiPoint"",""coordinates"":[]}"
2024_07_04,2024-07-04,,"{""type"":""MultiPoint"",""coordinates"":[]}"
2024_07_05,2024-07-05,,"{""type"":""MultiPoint"",""coordinates"":[]}"
2024_07_06,2024-07-06,,"{""type"":""MultiPoint"",""coordinates"":[]}"
2024_07_07,2024-07-07,,"{""type"":""MultiPoint"",""coordinates"":[]}"
2024_07_08,2024-07-08,,"{""type"":""MultiPoint"",""coordinates"":[]}"
2024_07_09,2024-07-09,,"{""type"":""MultiPoint"",""coordinates"":[]}"
2024_07_10,2024-07-10,,"{""type"":""MultiPoint"",""coordinates"":[]}"
2024_07_11,2024-07-11,,"{""type"":""MultiPoint"",""coordinates"":[]}"
2024_07_12,2024-07-12,,"{""type"":""MultiPoint"",""coordinates"":[]}"
2024_07_13,2024-07-13,,"{""type"":""MultiPoint"",""coordinates"":[]}"
2024_07_14,2024-07-14,,"{""type"":""MultiPoint"",""coordinates"":[]}"
2024_07_15,2024-07-15,,"{""type"":""MultiPoint"",""coordinates"":[]}"
2024_07_16,2024-07-16,,"{""type"":""MultiPoint"",""coordinates"":[]}"
2024_07_17,2024-07-17,,"{""type"":""MultiPoint"",""coordinates"":[]}"
2024_07_18,2024-07-18,,"{""type"":""MultiPoint"",""coordinates"":[]}"
2024_07_19,2024-07-19,,"{""type"":""MultiPoint"",""coordinates"":[]}"
2024_07_20,2024-07-20,,"{""type"":""MultiPoint"",""coordinates"":[]}"
2024_07_21,2024-07-21,,"{""type"":""MultiPoint"",""coordinates"":[]}"
2024_07_22,2024-07-22,,"{""type"":""MultiPoint"",""coordinates"":[]}"
2024_07_23,2024-07-23,,"{""type"":""MultiPoint"",""coordinates"":[]}"
2024_07_24,2024-07-24,,"{""type"":""MultiPoint"",""coordinates"":[]}"
2024_07_25,2024-07-25,,"{""type"":""MultiPoint"",""coordinates"":[]}"
2024_07_26,2024-07-26,,"{""type"":""MultiPoint"",""coordinates"":[]}"
2024_07_27,2024-07-27,,"{""type"":""MultiPoint"",""coordinates"":[]}"
2024_07_28,2024-07-28,303.7429192314866,"{""type"":""MultiPoint"",""coordinates"":[]}"
2024_07_29,2024-07-29,,"{""type"":""MultiPoint"",""coordinates"":[]}"
2024_07_30,2024-07-30,,"{""type"":""MultiPoint"",""coordinates"":[]}"
2024_07_31,2024-07-31,,"{""type"":""MultiPoint"",""coordinates"":[]}"
2024_08_01,2024-08-01,,"{""type"":""MultiPoint"",""coordinates"":[]}"
2024_08_02,2024-08-02,,"{""type"":""MultiPoint"",""coordinates"":[]}"
2024_08_03,2024-08-03,,"{""type"":""MultiPoint"",""coordinates"":[]}"
2024_08_04,2024-08-04,,"{""type"":""MultiPoint"",""coordinates"":[]}"
2024_08_05,2024-08-05,,"{""type"":""MultiPoint"",""coordinates"":[]}"
2024_08_06,2024-08-06,,"{""type"":""MultiPoint"",""coordinates"":[]}"
2024_08_07,2024-08-07,,"{""type"":""MultiPoint"",""coordinates"":[]}"
2024_08_08,2024-08-08,,"{""type"":""MultiPoint"",""coordinates"":[]}"
2024_08_09,2024-08-09,,"{""type"":""MultiPoint"",""coordinates"":[]}"
2024_08_10,2024-08-10,,"{""type"":""MultiPoint"",""coordinates"":[]}"
2024_08_11,2024-08-11,,"{""type"":""MultiPoint"",""coordinates"":[]}"
2024_08_12,2024-08-12,,"{""type"":""MultiPoint"",""coordinates"":[]}"
2024_08_13,2024-08-13,,"{""type"":""MultiPoint"",""coordinates"":[]}"
2024_08_14,2024-08-14,,"{""type"":""MultiPoint"",""coordinates"":[]}"
2024_08_15,2024-08-15,,"{""type"":""MultiPoint"",""coordinates"":[]}"
2024_08_16,2024-08-16,302.4785892869614,"{""type"":""MultiPoint"",""coordinates"":[]}"
2024_08_17,2024-08-17,,"{""type"":""MultiPoint"",""coordinates"":[]}"
2024_08_18,2024-08-18,,"{""type"":""MultiPoint"",""coordinates"":[]}"
2024_08_19,2024-08-19,,"{""type"":""MultiPoint"",""coordinates"":[]}"
2024_08_20,2024-08-20,,"{""type"":""MultiPoint"",""coordinates"":[]}"
2024_08_21,2024-08-21,,"{""type"":""MultiPoint"",""coordinates"":[]}"
2024_08_22,2024-08-22,,"{""type"":""MultiPoint"",""coordinates"":[]}"
2024_08_23,2024-08-23,,"{""type"":""MultiPoint"",""coordinates"":[]}"
2024_08_24,2024-08-24,,"{""type"":""MultiPoint"",""coordinates"":[]}"
2024_08_25,2024-08-25,,"{""type"":""MultiPoint"",""coordinates"":[]}"
2024_08_26,2024-08-26,308.06595293461055,"{""type"":""MultiPoint"",""coordinates"":[]}"
2024_08_27,2024-08-27,,"{""type"":""MultiPoint"",""coordinates"":[]}"
2024_08_28,2024-08-28,,"{""type"":""MultiPoint"",""coordinates"":[]}"
2024_08_29,2024-08-29,,"{""type"":""MultiPoint"",""coordinates"":[]}"
2024_08_30,2024-08-30,,"{""type"":""MultiPoint"",""coordinates"":[]}"
2024_08_31,2024-08-31,,"{""type"":""MultiPoint"",""coordinates"":[]}"
2024_09_02,2024-09-02,,"{""type"":""MultiPoint"",""coordinates"":[]}"
2024_09_03,2024-09-03,,"{""type"":""MultiPoint"",""coordinates"":[]}"
2024_09_04,2024-09-04,,"{""type"":""MultiPoint"",""coordinates"":[]}"
2024_09_05,2024-09-05,,"{""type"":""MultiPoint"",""coordinates"":[]}"
2024_09_06,2024-09-06,,"{""type"":""MultiPoint"",""coordinates"":[]}"
2024_09_07,2024-09-07,,"{""type"":""MultiPoint"",""coordinates"":[]}"
2024_09_08,2024-09-08,,"{""type"":""MultiPoint"",""coordinates"":[]}"
2024_09_09,2024-09-09,,"{""type"":""MultiPoint"",""coordinates"":[]}"
2024_09_10,2024-09-10,,"{""type"":""MultiPoint"",""coordinates"":[]}"
2024_09_11,2024-09-11,,"{""type"":""MultiPoint"",""coordinates"":[]}"
2024_09_12,2024-09-12,,"{""type"":""MultiPoint"",""coordinates"":[]}"
2024_09_13,2024-09-13,,"{""type"":""MultiPoint"",""coordinates"":[]}"
2024_09_14,2024-09-14,,"{""type"":""MultiPoint"",""coordinates"":[]}"
2024_09_15,2024-09-15,,"{""type"":""MultiPoint"",""coordinates"":[]}"
2024_09_16,2024-09-16,,"{""type"":""MultiPoint"",""coordinates"":[]}"
2024_09_17,2024-09-17,306.0151090318587,"{""type"":""MultiPoint"",""coordinates"":[]}"
2024_09_18,2024-09-18,308.71853108492496,"{""type"":""MultiPoint"",""coordinates"":[]}"
2024_09_19,2024-09-19,304.7535388831792,"{""type"":""MultiPoint"",""coordinates"":[]}"
2024_09_20,2024-09-20,,"{""type"":""MultiPoint"",""coordinates"":[]}"
2024_09_21,2024-09-21,,"{""type"":""MultiPoint"",""coordinates"":[]}"
2024_09_22,2024-09-22,306.4067635735052,"{""type"":""MultiPoint"",""coordinates"":[]}"
2024_09_23,2024-09-23,,"{""type"":""MultiPoint"",""coordinates"":[]}"
2024_09_24,2024-09-24,,"{""type"":""MultiPoint"",""coordinates"":[]}"
2024_09_25,2024-09-25,,"{""type"":""MultiPoint"",""coordinates"":[]}"
2024_09_26,2024-09-26,,"{""type"":""MultiPoint"",""coordinates"":[]}"
2024_09_27,2024-09-27,,"{""type"":""MultiPoint"",""coordinates"":[]}"
2024_09_28,2024-09-28,,"{""type"":""MultiPoint"",""coordinates"":[]}"
2024_09_29,2024-09-29,307.2172827172827,"{""type"":""MultiPoint"",""coordinates"":[]}"
2024_09_30,2024-09-30,,"{""type"":""MultiPoint"",""coordinates"":[]}"
2024_10_01,2024-10-01,305.56883135307675,"{""type"":""MultiPoint"",""coordinates"":[]}"
2024_10_02,2024-10-02,306.25961878196176,"{""type"":""MultiPoint"",""coordinates"":[]}"
2024_10_03,2024-10-03,,"{""type"":""MultiPoint"",""coordinates"":[]}"
2024_10_04,2024-10-04,304.9105651691624,"{""type"":""MultiPoint"",""coordinates"":[]}"
2024_10_05,2024-10-05,,"{""type"":""MultiPoint"",""coordinates"":[]}"
2024_10_06,2024-10-06,,"{""type"":""MultiPoint"",""coordinates"":[]}"
2024_10_07,2024-10-07,,"{""type"":""MultiPoint"",""coordinates"":[]}"
2024_10_08,2024-10-08,,"{""type"":""MultiPoint"",""coordinates"":[]}"
2024_10_09,2024-10-09,299.6647106724244,"{""type"":""MultiPoint"",""coordinates"":[]}"
2024_10_10,2024-10-10,,"{""type"":""MultiPoint"",""coordinates"":[]}"
2024_10_11,2024-10-11,,"{""type"":""MultiPoint"",""coordinates"":[]}"
2024_10_12,2024-10-12,306.3248115756541,"{""type"":""MultiPoint"",""coordinates"":[]}"
2024_10_13,2024-10-13,,"{""type"":""MultiPoint"",""coordinates"":[]}"
2024_10_14,2024-10-14,,"{""type"":""MultiPoint"",""coordinates"":[]}"
2024_10_15,2024-10-15,,"{""type"":""MultiPoint"",""coordinates"":[]}"
2024_10_16,2024-10-16,,"{""type"":""MultiPoint"",""coordinates"":[]}"
2024_10_17,2024-10-17,302.02009257473486,"{""type"":""MultiPoint"",""coordinates"":[]}"
2024_10_18,2024-10-18,,"{""type"":""MultiPoint"",""coordinates"":[]}"
2024_10_19,2024-10-19,306.70275040580555,"{""type"":""MultiPoint"",""coordinates"":[]}"
2024_10_20,2024-10-20,,"{""type"":""MultiPoint"",""coordinates"":[]}"
2024_10_21,2024-10-21,304.6461536282787,"{""type"":""MultiPoint"",""coordinates"":[]}"
2024_10_22,2024-10-22,,"{""type"":""MultiPoint"",""coordinates"":[]}"
2024_10_23,2024-10-23,305.40080000000006,"{""type"":""MultiPoint"",""coordinates"":[]}"
2024_10_24,2024-10-24,,"{""type"":""MultiPoint"",""coordinates"":[]}"
2024_10_25,2024-10-25,,"{""type"":""MultiPoint"",""coordinates"":[]}"
2024_10_26,2024-10-26,302.9186757177201,"{""type"":""MultiPoint"",""coordinates"":[]}"
2024_10_27,2024-10-27,306.5484167808048,"{""type"":""MultiPoint"",""coordinates"":[]}"
2024_10_28,2024-10-28,,"{""type"":""MultiPoint"",""coordinates"":[]}"
2024_10_29,2024-10-29,305.27079909557153,"{""type"":""MultiPoint"",""coordinates"":[]}"
2024_10_30,2024-10-30,,"{""type"":""MultiPoint"",""coordinates"":[]}"
2024_10_31,2024-10-31,304.9218586875466,"{""type"":""MultiPoint"",""coordinates"":[]}"
2024_11_01,2024-11-01,,"{""type"":""MultiPoint"",""coordinates"":[]}"
2024_11_02,2024-11-02,,"{""type"":""MultiPoint"",""coordinates"":[]}"
2024_11_03,2024-11-03,305.59126608939863,"{""type"":""MultiPoint"",""coordinates"":[]}"
2024_11_04,2024-11-04,,"{""type"":""MultiPoint"",""coordinates"":[]}"
2024_11_05,2024-11-05,307.76862461175034,"{""type"":""MultiPoint"",""coordinates"":[]}"
2024_11_06,2024-11-06,309.10094492322486,"{""type"":""MultiPoint"",""coordinates"":[]}"
2024_11_07,2024-11-07,307.25857736558913,"{""type"":""MultiPoint"",""coordinates"":[]}"
2024_11_08,2024-11-08,307.7179456669147,"{""type"":""MultiPoint"",""coordinates"":[]}"
2024_11_09,2024-11-09,,"{""type"":""MultiPoint"",""coordinates"":[]}"
2024_11_10,2024-11-10,307.27506321361386,"{""type"":""MultiPoint"",""coordinates"":[]}"
2024_11_11,2024-11-11,307.70972308499927,"{""type"":""MultiPoint"",""coordinates"":[]}"
2024_11_12,2024-11-12,,"{""type"":""MultiPoint"",""coordinates"":[]}"
2024_11_13,2024-11-13,306.6784530690889,"{""type"":""MultiPoint"",""coordinates"":[]}"
2024_11_14,2024-11-14,,"{""type"":""MultiPoint"",""coordinates"":[]}"
2024_11_15,2024-11-15,305.18229668411846,"{""type"":""MultiPoint"",""coordinates"":[]}"
2024_11_16,2024-11-16,307.1431139294825,"{""type"":""MultiPoint"",""coordinates"":[]}"
2024_11_17,2024-11-17,306.28360426965327,"{""type"":""MultiPoint"",""coordinates"":[]}"
2024_11_18,2024-11-18,307.58689181504025,"{""type"":""MultiPoint"",""coordinates"":[]}"
2024_11_19,2024-11-19,,"{""type"":""MultiPoint"",""coordinates"":[]}"
2024_11_20,2024-11-20,306.1631427446518,"{""type"":""MultiPoint"",""coordinates"":[]}"
2024_11_21,2024-11-21,305.22687300406847,"{""type"":""MultiPoint"",""coordinates"":[]}"
2024_11_22,2024-11-22,304.24693643641444,"{""type"":""MultiPoint"",""coordinates"":[]}"
2024_11_23,2024-11-23,304.2926467677012,"{""type"":""MultiPoint"",""coordinates"":[]}"
2024_11_24,2024-11-24,,"{""type"":""MultiPoint"",""coordinates"":[]}"
2024_11_25,2024-11-25,305.09938667483254,"{""type"":""MultiPoint"",""coordinates"":[]}"
2024_11_26,2024-11-26,304.819384565664,"{""type"":""MultiPoint"",""coordinates"":[]}"
2024_11_27,2024-11-27,,"{""type"":""MultiPoint"",""coordinates"":[]}"
2024_11_28,2024-11-28,306.37123758694605,"{""type"":""MultiPoint"",""coordinates"":[]}"
2024_11_29,2024-11-29,,"{""type"":""MultiPoint"",""coordinates"":[]}"
2024_11_30,2024-11-30,,"{""type"":""MultiPoint"",""coordinates"":[]}"
2024_12_01,2024-12-01,,"{""type"":""MultiPoint"",""coordinates"":[]}"
2024_12_02,2024-12-02,,"{""type"":""MultiPoint"",""coordinates"":[]}"
2024_12_03,2024-12-03,,"{""type"":""MultiPoint"",""coordinates"":[]}"
2024_12_04,2024-12-04,,"{""type"":""MultiPoint"",""coordinates"":[]}"
2024_12_05,2024-12-05,301.1404197986101,"{""type"":""MultiPoint"",""coordinates"":[]}"
2024_12_06,2024-12-06,,"{""type"":""MultiPoint"",""coordinates"":[]}"
2024_12_07,2024-12-07,,"{""type"":""MultiPoint"",""coordinates"":[]}"
2024_12_08,2024-12-08,,"{""type"":""MultiPoint"",""coordinates"":[]}"
2024_12_09,2024-12-09,,"{""type"":""MultiPoint"",""coordinates"":[]}"
2024_12_10,2024-12-10,303.54784751717256,"{""type"":""MultiPoint"",""coordinates"":[]}"
2024_12_11,2024-12-11,,"{""type"":""MultiPoint"",""coordinates"":[]}"
2024_12_12,2024-12-12,303.2130051847479,"{""type"":""MultiPoint"",""coordinates"":[]}"
2024_12_13,2024-12-13,304.7061743129556,"{""type"":""MultiPoint"",""coordinates"":[]}"
2024_12_14,2024-12-14,303.2811986526095,"{""type"":""MultiPoint"",""coordinates"":[]}"
2024_12_15,2024-12-15,305.5971722297563,"{""type"":""MultiPoint"",""coordinates"":[]}"
2024_12_16,2024-12-16,304.52559852346633,"{""type"":""MultiPoint"",""coordinates"":[]}"
2024_12_17,2024-12-17,300.01025404974763,"{""type"":""MultiPoint"",""coordinates"":[]}"
2024_12_18,2024-12-18,305.493756507284,"{""type"":""MultiPoint"",""coordinates"":[]}"
2024_12_19,2024-12-19,299.564687585811,"{""type"":""MultiPoint"",""coordinates"":[]}"
2024_12_20,2024-12-20,,"{""type"":""MultiPoint"",""coordinates"":[]}"
2024_12_21,2024-12-21,,"{""type"":""MultiPoint"",""coordinates"":[]}"
2024_12_22,2024-12-22,304.42697750187114,"{""type"":""MultiPoint"",""coordinates"":[]}"
2024_12_23,2024-12-23,305.0586351821666,"{""type"":""MultiPoint"",""coordinates"":[]}"
2024_12_24,2024-12-24,,"{""type"":""MultiPoint"",""coordinates"":[]}"
2024_12_25,2024-12-25,,"{""type"":""MultiPoint"",""coordinates"":[]}"
2024_12_26,2024-12-26,,"{""type"":""MultiPoint"",""coordinates"":[]}"
2024_12_27,2024-12-27,,"{""type"":""MultiPoint"",""coordinates"":[]}"
2024_12_28,2024-12-28,304.7209829826327,"{""type"":""MultiPoint"",""coordinates"":[]}"
2024_12_29,2024-12-29,304.8780952797584,"{""type"":""MultiPoint"",""coordinates"":[]}"
2024_12_30,2024-12-30,,"{""type"":""MultiPoint"",""coordinates"":[]}"
