system:index,date,surfacePressure,.geo
20030101,2003-01-01,95232.17023874879,"{""type"":""MultiPoint"",""coordinates"":[]}"
20030102,2003-01-02,95389.67385926085,"{""type"":""MultiPoint"",""coordinates"":[]}"
20030103,2003-01-03,95447.13064886273,"{""type"":""MultiPoint"",""coordinates"":[]}"
20030104,2003-01-04,95417.24685837596,"{""type"":""MultiPoint"",""coordinates"":[]}"
20030105,2003-01-05,95439.5644195068,"{""type"":""MultiPoint"",""coordinates"":[]}"
20030106,2003-01-06,95508.45597925843,"{""type"":""MultiPoint"",""coordinates"":[]}"
20030107,2003-01-07,95441.56617801663,"{""type"":""MultiPoint"",""coordinates"":[]}"
20030108,2003-01-08,95310.39860110135,"{""type"":""MultiPoint"",""coordinates"":[]}"
20030109,2003-01-09,95446.30677158495,"{""type"":""MultiPoint"",""coordinates"":[]}"
20030110,2003-01-10,95474.64704901447,"{""type"":""MultiPoint"",""coordinates"":[]}"
20030111,2003-01-11,95478.1011739882,"{""type"":""MultiPoint"",""coordinates"":[]}"
20030112,2003-01-12,95495.46281695257,"{""type"":""MultiPoint"",""coordinates"":[]}"
20030113,2003-01-13,95447.83824264292,"{""type"":""MultiPoint"",""coordinates"":[]}"
20030114,2003-01-14,95496.06230362122,"{""type"":""MultiPoint"",""coordinates"":[]}"
20030115,2003-01-15,95560.34865309729,"{""type"":""MultiPoint"",""coordinates"":[]}"
20030116,2003-01-16,95462.68679410587,"{""type"":""MultiPoint"",""coordinates"":[]}"
20030117,2003-01-17,95490.38943529404,"{""type"":""MultiPoint"",""coordinates"":[]}"
20030118,2003-01-18,95530.5095850821,"{""type"":""MultiPoint"",""coordinates"":[]}"
20030119,2003-01-19,95403.88694492851,"{""type"":""MultiPoint"",""coordinates"":[]}"
20030120,2003-01-20,95315.2530731127,"{""type"":""MultiPoint"",""coordinates"":[]}"
20030121,2003-01-21,95275.6135298294,"{""type"":""MultiPoint"",""coordinates"":[]}"
20030122,2003-01-22,95127.34020437433,"{""type"":""MultiPoint"",""coordinates"":[]}"
20030123,2003-01-23,94916.6991341041,"{""type"":""MultiPoint"",""coordinates"":[]}"
20030124,2003-01-24,94819.02176679633,"{""type"":""MultiPoint"",""coordinates"":[]}"
20030125,2003-01-25,94992.53898711171,"{""type"":""MultiPoint"",""coordinates"":[]}"
20030126,2003-01-26,95211.99725230661,"{""type"":""MultiPoint"",""coordinates"":[]}"
20030127,2003-01-27,95211.79104640831,"{""type"":""MultiPoint"",""coordinates"":[]}"
20030128,2003-01-28,95193.38708566806,"{""type"":""MultiPoint"",""coordinates"":[]}"
20030129,2003-01-29,95194.01094785753,"{""type"":""MultiPoint"",""coordinates"":[]}"
20030130,2003-01-30,95170.97421817757,"{""type"":""MultiPoint"",""coordinates"":[]}"
20030131,2003-01-31,95183.88146137621,"{""type"":""MultiPoint"",""coordinates"":[]}"
20030201,2003-02-01,95257.72897327888,"{""type"":""MultiPoint"",""coordinates"":[]}"
20030202,2003-02-02,95340.72922784013,"{""type"":""MultiPoint"",""coordinates"":[]}"
20030203,2003-02-03,95290.97034925557,"{""type"":""MultiPoint"",""coordinates"":[]}"
20030204,2003-02-04,95245.5431937554,"{""type"":""MultiPoint"",""coordinates"":[]}"
20030205,2003-02-05,95276.05599709776,"{""type"":""MultiPoint"",""coordinates"":[]}"
20030206,2003-02-06,95196.03284039834,"{""type"":""MultiPoint"",""coordinates"":[]}"
20030207,2003-02-07,95014.29879542248,"{""type"":""MultiPoint"",""coordinates"":[]}"
20030208,2003-02-08,94865.48411068645,"{""type"":""MultiPoint"",""coordinates"":[]}"
20030209,2003-02-09,94826.5848479161,"{""type"":""MultiPoint"",""coordinates"":[]}"
20030210,2003-02-10,94929.67627854444,"{""type"":""MultiPoint"",""coordinates"":[]}"
20030211,2003-02-11,94998.63106891057,"{""type"":""MultiPoint"",""coordinates"":[]}"
20030212,2003-02-12,94973.52117612779,"{""type"":""MultiPoint"",""coordinates"":[]}"
20030213,2003-02-13,94898.89263598877,"{""type"":""MultiPoint"",""coordinates"":[]}"
20030214,2003-02-14,94963.09575463415,"{""type"":""MultiPoint"",""coordinates"":[]}"
20030215,2003-02-15,95154.41823448107,"{""type"":""MultiPoint"",""coordinates"":[]}"
20030216,2003-02-16,95201.93277012093,"{""type"":""MultiPoint"",""coordinates"":[]}"
20030217,2003-02-17,95095.56280156704,"{""type"":""MultiPoint"",""coordinates"":[]}"
20030218,2003-02-18,95079.85064759922,"{""type"":""MultiPoint"",""coordinates"":[]}"
20030219,2003-02-19,95066.42638669645,"{""type"":""MultiPoint"",""coordinates"":[]}"
20030220,2003-02-20,95131.78353826956,"{""type"":""MultiPoint"",""coordinates"":[]}"
20030221,2003-02-21,95245.14413085608,"{""type"":""MultiPoint"",""coordinates"":[]}"
20030222,2003-02-22,95191.25265861892,"{""type"":""MultiPoint"",""coordinates"":[]}"
20030223,2003-02-23,95087.80488647605,"{""type"":""MultiPoint"",""coordinates"":[]}"
20030224,2003-02-24,95087.9497314871,"{""type"":""MultiPoint"",""coordinates"":[]}"
20030225,2003-02-25,94950.47747636998,"{""type"":""MultiPoint"",""coordinates"":[]}"
20030226,2003-02-26,94927.71771093471,"{""type"":""MultiPoint"",""coordinates"":[]}"
20030227,2003-02-27,95035.0635414456,"{""type"":""MultiPoint"",""coordinates"":[]}"
20030228,2003-02-28,95015.66296123082,"{""type"":""MultiPoint"",""coordinates"":[]}"
20030301,2003-03-01,94930.0744488757,"{""type"":""MultiPoint"",""coordinates"":[]}"
20030302,2003-03-02,94920.54722537687,"{""type"":""MultiPoint"",""coordinates"":[]}"
20030303,2003-03-03,94847.67513266328,"{""type"":""MultiPoint"",""coordinates"":[]}"
20030304,2003-03-04,94801.05079505123,"{""type"":""MultiPoint"",""coordinates"":[]}"
20030305,2003-03-05,94892.24637070521,"{""type"":""MultiPoint"",""coordinates"":[]}"
20030306,2003-03-06,94992.78618181906,"{""type"":""MultiPoint"",""coordinates"":[]}"
20030307,2003-03-07,94979.63241516474,"{""type"":""MultiPoint"",""coordinates"":[]}"
20030308,2003-03-08,94953.85296857115,"{""type"":""MultiPoint"",""coordinates"":[]}"
20030309,2003-03-09,94990.75161246683,"{""type"":""MultiPoint"",""coordinates"":[]}"
20030310,2003-03-10,94938.34615998535,"{""type"":""MultiPoint"",""coordinates"":[]}"
20030311,2003-03-11,94781.24986917585,"{""type"":""MultiPoint"",""coordinates"":[]}"
20030312,2003-03-12,94905.83728527342,"{""type"":""MultiPoint"",""coordinates"":[]}"
20030313,2003-03-13,95198.78012954457,"{""type"":""MultiPoint"",""coordinates"":[]}"
20030314,2003-03-14,95164.5992753294,"{""type"":""MultiPoint"",""coordinates"":[]}"
20030315,2003-03-15,94914.43635626897,"{""type"":""MultiPoint"",""coordinates"":[]}"
20030316,2003-03-16,94884.04520624962,"{""type"":""MultiPoint"",""coordinates"":[]}"
20030317,2003-03-17,95037.82012114685,"{""type"":""MultiPoint"",""coordinates"":[]}"
20030318,2003-03-18,95123.18185009295,"{""type"":""MultiPoint"",""coordinates"":[]}"
20030319,2003-03-19,95024.86447685664,"{""type"":""MultiPoint"",""coordinates"":[]}"
20030320,2003-03-20,94950.74080972325,"{""type"":""MultiPoint"",""coordinates"":[]}"
20030321,2003-03-21,94998.71710032721,"{""type"":""MultiPoint"",""coordinates"":[]}"
20030322,2003-03-22,95131.7348909856,"{""type"":""MultiPoint"",""coordinates"":[]}"
20030323,2003-03-23,95101.28275938766,"{""type"":""MultiPoint"",""coordinates"":[]}"
20030324,2003-03-24,94945.67114772904,"{""type"":""MultiPoint"",""coordinates"":[]}"
20030325,2003-03-25,94909.51925691278,"{""type"":""MultiPoint"",""coordinates"":[]}"
20030326,2003-03-26,95008.76292587216,"{""type"":""MultiPoint"",""coordinates"":[]}"
20030327,2003-03-27,94900.44490456462,"{""type"":""MultiPoint"",""coordinates"":[]}"
20030328,2003-03-28,94788.05294076382,"{""type"":""MultiPoint"",""coordinates"":[]}"
20030329,2003-03-29,94646.91260839223,"{""type"":""MultiPoint"",""coordinates"":[]}"
20030330,2003-03-30,94707.76609416975,"{""type"":""MultiPoint"",""coordinates"":[]}"
20030331,2003-03-31,94727.61381852401,"{""type"":""MultiPoint"",""coordinates"":[]}"
20030401,2003-04-01,94614.4539991209,"{""type"":""MultiPoint"",""coordinates"":[]}"
20030402,2003-04-02,94535.57217788672,"{""type"":""MultiPoint"",""coordinates"":[]}"
20030403,2003-04-03,94464.63837632354,"{""type"":""MultiPoint"",""coordinates"":[]}"
20030404,2003-04-04,94591.81083399628,"{""type"":""MultiPoint"",""coordinates"":[]}"
20030405,2003-04-05,94615.75972973483,"{""type"":""MultiPoint"",""coordinates"":[]}"
20030406,2003-04-06,94831.72772651612,"{""type"":""MultiPoint"",""coordinates"":[]}"
20030407,2003-04-07,95071.79569451048,"{""type"":""MultiPoint"",""coordinates"":[]}"
20030408,2003-04-08,94920.5129255061,"{""type"":""MultiPoint"",""coordinates"":[]}"
20030409,2003-04-09,94764.79359074449,"{""type"":""MultiPoint"",""coordinates"":[]}"
20030410,2003-04-10,94878.74888114509,"{""type"":""MultiPoint"",""coordinates"":[]}"
20030411,2003-04-11,94949.0652745976,"{""type"":""MultiPoint"",""coordinates"":[]}"
20030412,2003-04-12,94861.48303937321,"{""type"":""MultiPoint"",""coordinates"":[]}"
20030413,2003-04-13,94750.28390037217,"{""type"":""MultiPoint"",""coordinates"":[]}"
20030414,2003-04-14,94792.69541498926,"{""type"":""MultiPoint"",""coordinates"":[]}"
20030415,2003-04-15,94812.4507756589,"{""type"":""MultiPoint"",""coordinates"":[]}"
20030416,2003-04-16,94863.93959276562,"{""type"":""MultiPoint"",""coordinates"":[]}"
20030417,2003-04-17,94779.11314277582,"{""type"":""MultiPoint"",""coordinates"":[]}"
20030418,2003-04-18,94701.418032704,"{""type"":""MultiPoint"",""coordinates"":[]}"
20030419,2003-04-19,94459.92245150112,"{""type"":""MultiPoint"",""coordinates"":[]}"
20030420,2003-04-20,94552.70665829614,"{""type"":""MultiPoint"",""coordinates"":[]}"
20030421,2003-04-21,94685.70057106068,"{""type"":""MultiPoint"",""coordinates"":[]}"
20030422,2003-04-22,94765.66681245851,"{""type"":""MultiPoint"",""coordinates"":[]}"
20030423,2003-04-23,94747.90076517253,"{""type"":""MultiPoint"",""coordinates"":[]}"
20030424,2003-04-24,94634.6947315838,"{""type"":""MultiPoint"",""coordinates"":[]}"
20030425,2003-04-25,94590.46929739298,"{""type"":""MultiPoint"",""coordinates"":[]}"
20030426,2003-04-26,94540.89617822354,"{""type"":""MultiPoint"",""coordinates"":[]}"
20030427,2003-04-27,94503.91563245728,"{""type"":""MultiPoint"",""coordinates"":[]}"
20030428,2003-04-28,94636.44949138511,"{""type"":""MultiPoint"",""coordinates"":[]}"
20030429,2003-04-29,94776.41619347536,"{""type"":""MultiPoint"",""coordinates"":[]}"
20030430,2003-04-30,94752.24395622336,"{""type"":""MultiPoint"",""coordinates"":[]}"
20030501,2003-05-01,94505.63071474276,"{""type"":""MultiPoint"",""coordinates"":[]}"
20030502,2003-05-02,94410.51173851956,"{""type"":""MultiPoint"",""coordinates"":[]}"
20030503,2003-05-03,94353.57823063592,"{""type"":""MultiPoint"",""coordinates"":[]}"
20030504,2003-05-04,94323.92549103624,"{""type"":""MultiPoint"",""coordinates"":[]}"
20030505,2003-05-05,94353.28509391019,"{""type"":""MultiPoint"",""coordinates"":[]}"
20030506,2003-05-06,94439.15060379572,"{""type"":""MultiPoint"",""coordinates"":[]}"
20030507,2003-05-07,94464.8611744593,"{""type"":""MultiPoint"",""coordinates"":[]}"
20030508,2003-05-08,94487.90915073542,"{""type"":""MultiPoint"",""coordinates"":[]}"
20030509,2003-05-09,94572.3621805503,"{""type"":""MultiPoint"",""coordinates"":[]}"
20030510,2003-05-10,94578.27911863817,"{""type"":""MultiPoint"",""coordinates"":[]}"
20030511,2003-05-11,94423.31752671226,"{""type"":""MultiPoint"",""coordinates"":[]}"
20030512,2003-05-12,94306.13576919335,"{""type"":""MultiPoint"",""coordinates"":[]}"
20030513,2003-05-13,94205.67401504955,"{""type"":""MultiPoint"",""coordinates"":[]}"
20030514,2003-05-14,94134.5031602608,"{""type"":""MultiPoint"",""coordinates"":[]}"
20030515,2003-05-15,94140.27600586464,"{""type"":""MultiPoint"",""coordinates"":[]}"
20030516,2003-05-16,94174.81544211216,"{""type"":""MultiPoint"",""coordinates"":[]}"
20030517,2003-05-17,94181.25609525165,"{""type"":""MultiPoint"",""coordinates"":[]}"
20030518,2003-05-18,94248.77542166621,"{""type"":""MultiPoint"",""coordinates"":[]}"
20030519,2003-05-19,94409.36372500079,"{""type"":""MultiPoint"",""coordinates"":[]}"
20030520,2003-05-20,94526.94413625599,"{""type"":""MultiPoint"",""coordinates"":[]}"
20030521,2003-05-21,94527.22030546429,"{""type"":""MultiPoint"",""coordinates"":[]}"
20030522,2003-05-22,94436.59795324582,"{""type"":""MultiPoint"",""coordinates"":[]}"
20030523,2003-05-23,94440.89560630008,"{""type"":""MultiPoint"",""coordinates"":[]}"
20030524,2003-05-24,94514.73305784025,"{""type"":""MultiPoint"",""coordinates"":[]}"
20030525,2003-05-25,94570.72591340478,"{""type"":""MultiPoint"",""coordinates"":[]}"
20030526,2003-05-26,94516.99782566751,"{""type"":""MultiPoint"",""coordinates"":[]}"
20030527,2003-05-27,94366.66773991965,"{""type"":""MultiPoint"",""coordinates"":[]}"
20030528,2003-05-28,94361.59833635236,"{""type"":""MultiPoint"",""coordinates"":[]}"
20030529,2003-05-29,94461.0730647034,"{""type"":""MultiPoint"",""coordinates"":[]}"
20030530,2003-05-30,94410.27048455019,"{""type"":""MultiPoint"",""coordinates"":[]}"
20030531,2003-05-31,94371.0909724185,"{""type"":""MultiPoint"",""coordinates"":[]}"
20030601,2003-06-01,94189.4492890179,"{""type"":""MultiPoint"",""coordinates"":[]}"
20030602,2003-06-02,94124.58635379061,"{""type"":""MultiPoint"",""coordinates"":[]}"
20030603,2003-06-03,94135.03292517968,"{""type"":""MultiPoint"",""coordinates"":[]}"
20030604,2003-06-04,94128.77168125537,"{""type"":""MultiPoint"",""coordinates"":[]}"
20030605,2003-06-05,94144.11294508165,"{""type"":""MultiPoint"",""coordinates"":[]}"
20030606,2003-06-06,94193.4170497259,"{""type"":""MultiPoint"",""coordinates"":[]}"
20030607,2003-06-07,94222.39260490694,"{""type"":""MultiPoint"",""coordinates"":[]}"
20030608,2003-06-08,94345.46345145277,"{""type"":""MultiPoint"",""coordinates"":[]}"
20030609,2003-06-09,94350.5895474526,"{""type"":""MultiPoint"",""coordinates"":[]}"
20030610,2003-06-10,94305.44314307088,"{""type"":""MultiPoint"",""coordinates"":[]}"
20030611,2003-06-11,94312.7053458905,"{""type"":""MultiPoint"",""coordinates"":[]}"
20030612,2003-06-12,94377.29581029905,"{""type"":""MultiPoint"",""coordinates"":[]}"
20030613,2003-06-13,94422.5638110491,"{""type"":""MultiPoint"",""coordinates"":[]}"
20030614,2003-06-14,94423.5628811804,"{""type"":""MultiPoint"",""coordinates"":[]}"
20030615,2003-06-15,94285.3759893871,"{""type"":""MultiPoint"",""coordinates"":[]}"
20030616,2003-06-16,94192.65334731138,"{""type"":""MultiPoint"",""coordinates"":[]}"
20030617,2003-06-17,94268.68774864038,"{""type"":""MultiPoint"",""coordinates"":[]}"
20030618,2003-06-18,94288.49892832045,"{""type"":""MultiPoint"",""coordinates"":[]}"
20030619,2003-06-19,94125.28737377004,"{""type"":""MultiPoint"",""coordinates"":[]}"
20030620,2003-06-20,94005.05649729489,"{""type"":""MultiPoint"",""coordinates"":[]}"
20030621,2003-06-21,93970.22526510298,"{""type"":""MultiPoint"",""coordinates"":[]}"
20030622,2003-06-22,94003.74263405868,"{""type"":""MultiPoint"",""coordinates"":[]}"
20030623,2003-06-23,94078.01083281494,"{""type"":""MultiPoint"",""coordinates"":[]}"
20030624,2003-06-24,94216.44995898806,"{""type"":""MultiPoint"",""coordinates"":[]}"
20030625,2003-06-25,94256.73029109636,"{""type"":""MultiPoint"",""coordinates"":[]}"
20030626,2003-06-26,94316.50422915292,"{""type"":""MultiPoint"",""coordinates"":[]}"
20030627,2003-06-27,94384.90253034908,"{""type"":""MultiPoint"",""coordinates"":[]}"
20030628,2003-06-28,94409.38020242618,"{""type"":""MultiPoint"",""coordinates"":[]}"
20030629,2003-06-29,94336.8093368839,"{""type"":""MultiPoint"",""coordinates"":[]}"
20030630,2003-06-30,94246.9421549383,"{""type"":""MultiPoint"",""coordinates"":[]}"
20030701,2003-07-01,94246.84134204239,"{""type"":""MultiPoint"",""coordinates"":[]}"
20030702,2003-07-02,94356.05313873621,"{""type"":""MultiPoint"",""coordinates"":[]}"
20030703,2003-07-03,94403.71203491026,"{""type"":""MultiPoint"",""coordinates"":[]}"
20030704,2003-07-04,94266.89298100083,"{""type"":""MultiPoint"",""coordinates"":[]}"
20030705,2003-07-05,94222.76085377802,"{""type"":""MultiPoint"",""coordinates"":[]}"
20030706,2003-07-06,94389.39759617008,"{""type"":""MultiPoint"",""coordinates"":[]}"
20030707,2003-07-07,94466.86645004262,"{""type"":""MultiPoint"",""coordinates"":[]}"
20030708,2003-07-08,94371.32696910875,"{""type"":""MultiPoint"",""coordinates"":[]}"
20030709,2003-07-09,94336.04047085677,"{""type"":""MultiPoint"",""coordinates"":[]}"
20030710,2003-07-10,94374.7482174822,"{""type"":""MultiPoint"",""coordinates"":[]}"
20030711,2003-07-11,94307.32816763145,"{""type"":""MultiPoint"",""coordinates"":[]}"
20030712,2003-07-12,94326.1496870637,"{""type"":""MultiPoint"",""coordinates"":[]}"
20030713,2003-07-13,94288.52290077509,"{""type"":""MultiPoint"",""coordinates"":[]}"
20030714,2003-07-14,94249.39608086823,"{""type"":""MultiPoint"",""coordinates"":[]}"
20030715,2003-07-15,94288.99285247854,"{""type"":""MultiPoint"",""coordinates"":[]}"
20030716,2003-07-16,94379.01748168553,"{""type"":""MultiPoint"",""coordinates"":[]}"
20030717,2003-07-17,94445.98848247102,"{""type"":""MultiPoint"",""coordinates"":[]}"
20030718,2003-07-18,94467.82345923752,"{""type"":""MultiPoint"",""coordinates"":[]}"
20030719,2003-07-19,94310.02337566197,"{""type"":""MultiPoint"",""coordinates"":[]}"
20030720,2003-07-20,94348.14753071028,"{""type"":""MultiPoint"",""coordinates"":[]}"
20030721,2003-07-21,94447.58209978846,"{""type"":""MultiPoint"",""coordinates"":[]}"
20030722,2003-07-22,94369.25583409188,"{""type"":""MultiPoint"",""coordinates"":[]}"
20030723,2003-07-23,94181.71249245568,"{""type"":""MultiPoint"",""coordinates"":[]}"
20030724,2003-07-24,94210.26091383229,"{""type"":""MultiPoint"",""coordinates"":[]}"
20030725,2003-07-25,94192.79505385192,"{""type"":""MultiPoint"",""coordinates"":[]}"
20030726,2003-07-26,94128.37058099937,"{""type"":""MultiPoint"",""coordinates"":[]}"
20030727,2003-07-27,94177.2416689643,"{""type"":""MultiPoint"",""coordinates"":[]}"
20030728,2003-07-28,94489.91435656606,"{""type"":""MultiPoint"",""coordinates"":[]}"
20030729,2003-07-29,94641.79045449191,"{""type"":""MultiPoint"",""coordinates"":[]}"
20030730,2003-07-30,94588.72792021578,"{""type"":""MultiPoint"",""coordinates"":[]}"
20030731,2003-07-31,94588.42195506112,"{""type"":""MultiPoint"",""coordinates"":[]}"
20030801,2003-08-01,94614.34954208425,"{""type"":""MultiPoint"",""coordinates"":[]}"
20030802,2003-08-02,94654.41091706452,"{""type"":""MultiPoint"",""coordinates"":[]}"
20030803,2003-08-03,94656.9045692863,"{""type"":""MultiPoint"",""coordinates"":[]}"
20030804,2003-08-04,94556.41901992097,"{""type"":""MultiPoint"",""coordinates"":[]}"
20030805,2003-08-05,94373.04261044505,"{""type"":""MultiPoint"",""coordinates"":[]}"
20030806,2003-08-06,94221.17253892732,"{""type"":""MultiPoint"",""coordinates"":[]}"
20030807,2003-08-07,94208.53689546506,"{""type"":""MultiPoint"",""coordinates"":[]}"
20030808,2003-08-08,94229.28245587429,"{""type"":""MultiPoint"",""coordinates"":[]}"
20030809,2003-08-09,94265.4304285994,"{""type"":""MultiPoint"",""coordinates"":[]}"
20030810,2003-08-10,94426.81489578389,"{""type"":""MultiPoint"",""coordinates"":[]}"
20030811,2003-08-11,94603.4048376418,"{""type"":""MultiPoint"",""coordinates"":[]}"
20030812,2003-08-12,94615.25722433384,"{""type"":""MultiPoint"",""coordinates"":[]}"
20030813,2003-08-13,94512.67974790023,"{""type"":""MultiPoint"",""coordinates"":[]}"
20030814,2003-08-14,94479.83523455581,"{""type"":""MultiPoint"",""coordinates"":[]}"
20030815,2003-08-15,94471.3535595789,"{""type"":""MultiPoint"",""coordinates"":[]}"
20030816,2003-08-16,94610.52812034631,"{""type"":""MultiPoint"",""coordinates"":[]}"
20030817,2003-08-17,94564.55033994753,"{""type"":""MultiPoint"",""coordinates"":[]}"
20030818,2003-08-18,94492.55079597357,"{""type"":""MultiPoint"",""coordinates"":[]}"
20030819,2003-08-19,94373.48905874827,"{""type"":""MultiPoint"",""coordinates"":[]}"
20030820,2003-08-20,94202.33486812636,"{""type"":""MultiPoint"",""coordinates"":[]}"
20030821,2003-08-21,94184.34809769483,"{""type"":""MultiPoint"",""coordinates"":[]}"
20030822,2003-08-22,94127.84478973647,"{""type"":""MultiPoint"",""coordinates"":[]}"
20030823,2003-08-23,94126.45018569565,"{""type"":""MultiPoint"",""coordinates"":[]}"
20030824,2003-08-24,94288.60933216511,"{""type"":""MultiPoint"",""coordinates"":[]}"
20030825,2003-08-25,94433.37335670898,"{""type"":""MultiPoint"",""coordinates"":[]}"
20030826,2003-08-26,94459.81871742227,"{""type"":""MultiPoint"",""coordinates"":[]}"
20030827,2003-08-27,94572.30303230014,"{""type"":""MultiPoint"",""coordinates"":[]}"
20030828,2003-08-28,94615.93848184573,"{""type"":""MultiPoint"",""coordinates"":[]}"
20030829,2003-08-29,94633.31709830918,"{""type"":""MultiPoint"",""coordinates"":[]}"
20030830,2003-08-30,94641.48987476122,"{""type"":""MultiPoint"",""coordinates"":[]}"
20030831,2003-08-31,94596.13636030283,"{""type"":""MultiPoint"",""coordinates"":[]}"
20030901,2003-09-01,94557.83677674804,"{""type"":""MultiPoint"",""coordinates"":[]}"
20030902,2003-09-02,94560.20344443056,"{""type"":""MultiPoint"",""coordinates"":[]}"
20030903,2003-09-03,94541.01772635175,"{""type"":""MultiPoint"",""coordinates"":[]}"
20030904,2003-09-04,94566.56082915394,"{""type"":""MultiPoint"",""coordinates"":[]}"
20030905,2003-09-05,94512.33806786488,"{""type"":""MultiPoint"",""coordinates"":[]}"
20030906,2003-09-06,94538.81682159794,"{""type"":""MultiPoint"",""coordinates"":[]}"
20030907,2003-09-07,94615.06424898765,"{""type"":""MultiPoint"",""coordinates"":[]}"
20030908,2003-09-08,94573.79186524272,"{""type"":""MultiPoint"",""coordinates"":[]}"
20030909,2003-09-09,94501.91517552943,"{""type"":""MultiPoint"",""coordinates"":[]}"
20030910,2003-09-10,94529.83920237272,"{""type"":""MultiPoint"",""coordinates"":[]}"
20030911,2003-09-11,94564.12238405293,"{""type"":""MultiPoint"",""coordinates"":[]}"
20030912,2003-09-12,94505.77447929155,"{""type"":""MultiPoint"",""coordinates"":[]}"
20030913,2003-09-13,94540.43193523357,"{""type"":""MultiPoint"",""coordinates"":[]}"
20030914,2003-09-14,94557.90730599294,"{""type"":""MultiPoint"",""coordinates"":[]}"
20030915,2003-09-15,94577.03016982942,"{""type"":""MultiPoint"",""coordinates"":[]}"
20030916,2003-09-16,94621.59420216733,"{""type"":""MultiPoint"",""coordinates"":[]}"
20030917,2003-09-17,94659.49300849084,"{""type"":""MultiPoint"",""coordinates"":[]}"
20030918,2003-09-18,94751.80707983207,"{""type"":""MultiPoint"",""coordinates"":[]}"
20030919,2003-09-19,94737.26102018033,"{""type"":""MultiPoint"",""coordinates"":[]}"
20030920,2003-09-20,94702.03944435861,"{""type"":""MultiPoint"",""coordinates"":[]}"
20030921,2003-09-21,94769.27745287883,"{""type"":""MultiPoint"",""coordinates"":[]}"
20030922,2003-09-22,94714.9122492192,"{""type"":""MultiPoint"",""coordinates"":[]}"
20030923,2003-09-23,94604.30138205075,"{""type"":""MultiPoint"",""coordinates"":[]}"
20030924,2003-09-24,94579.5973573823,"{""type"":""MultiPoint"",""coordinates"":[]}"
20030925,2003-09-25,94619.83314516103,"{""type"":""MultiPoint"",""coordinates"":[]}"
20030926,2003-09-26,94586.19480511402,"{""type"":""MultiPoint"",""coordinates"":[]}"
20030927,2003-09-27,94536.90312093614,"{""type"":""MultiPoint"",""coordinates"":[]}"
20030928,2003-09-28,94539.16255335636,"{""type"":""MultiPoint"",""coordinates"":[]}"
20030929,2003-09-29,94646.48664177749,"{""type"":""MultiPoint"",""coordinates"":[]}"
20030930,2003-09-30,94653.89071296873,"{""type"":""MultiPoint"",""coordinates"":[]}"
20031001,2003-10-01,94664.02626988,"{""type"":""MultiPoint"",""coordinates"":[]}"
20031002,2003-10-02,94689.22184699183,"{""type"":""MultiPoint"",""coordinates"":[]}"
20031003,2003-10-03,94751.07953476078,"{""type"":""MultiPoint"",""coordinates"":[]}"
20031004,2003-10-04,94649.78205854613,"{""type"":""MultiPoint"",""coordinates"":[]}"
20031005,2003-10-05,94488.4427146,"{""type"":""MultiPoint"",""coordinates"":[]}"
20031006,2003-10-06,94341.38827121689,"{""type"":""MultiPoint"",""coordinates"":[]}"
20031007,2003-10-07,94284.33087998399,"{""type"":""MultiPoint"",""coordinates"":[]}"
20031008,2003-10-08,94402.51269755735,"{""type"":""MultiPoint"",""coordinates"":[]}"
20031009,2003-10-09,94615.4213212253,"{""type"":""MultiPoint"",""coordinates"":[]}"
20031010,2003-10-10,94723.98866304084,"{""type"":""MultiPoint"",""coordinates"":[]}"
20031011,2003-10-11,94790.3906620092,"{""type"":""MultiPoint"",""coordinates"":[]}"
20031012,2003-10-12,94891.31280114631,"{""type"":""MultiPoint"",""coordinates"":[]}"
20031013,2003-10-13,95082.6730313186,"{""type"":""MultiPoint"",""coordinates"":[]}"
20031014,2003-10-14,95077.92182179546,"{""type"":""MultiPoint"",""coordinates"":[]}"
20031015,2003-10-15,95055.60255250447,"{""type"":""MultiPoint"",""coordinates"":[]}"
20031016,2003-10-16,94980.66511526484,"{""type"":""MultiPoint"",""coordinates"":[]}"
20031017,2003-10-17,94909.17714294675,"{""type"":""MultiPoint"",""coordinates"":[]}"
20031018,2003-10-18,94863.17155950976,"{""type"":""MultiPoint"",""coordinates"":[]}"
20031019,2003-10-19,94892.24660308933,"{""type"":""MultiPoint"",""coordinates"":[]}"
20031020,2003-10-20,94905.46358182948,"{""type"":""MultiPoint"",""coordinates"":[]}"
20031021,2003-10-21,94886.79883302836,"{""type"":""MultiPoint"",""coordinates"":[]}"
20031022,2003-10-22,94904.38575506637,"{""type"":""MultiPoint"",""coordinates"":[]}"
20031023,2003-10-23,94888.74412746802,"{""type"":""MultiPoint"",""coordinates"":[]}"
20031024,2003-10-24,94756.69580426035,"{""type"":""MultiPoint"",""coordinates"":[]}"
20031025,2003-10-25,94875.74165234191,"{""type"":""MultiPoint"",""coordinates"":[]}"
20031026,2003-10-26,94926.9112913069,"{""type"":""MultiPoint"",""coordinates"":[]}"
20031027,2003-10-27,95079.27827308296,"{""type"":""MultiPoint"",""coordinates"":[]}"
20031028,2003-10-28,95140.63425889685,"{""type"":""MultiPoint"",""coordinates"":[]}"
20031029,2003-10-29,95212.72731691234,"{""type"":""MultiPoint"",""coordinates"":[]}"
20031030,2003-10-30,95171.2583601302,"{""type"":""MultiPoint"",""coordinates"":[]}"
20031031,2003-10-31,95051.76879525757,"{""type"":""MultiPoint"",""coordinates"":[]}"
20031101,2003-11-01,95064.29598201172,"{""type"":""MultiPoint"",""coordinates"":[]}"
20031102,2003-11-02,95235.30405848623,"{""type"":""MultiPoint"",""coordinates"":[]}"
20031103,2003-11-03,95258.94901013668,"{""type"":""MultiPoint"",""coordinates"":[]}"
20031104,2003-11-04,95215.992840617,"{""type"":""MultiPoint"",""coordinates"":[]}"
20031105,2003-11-05,95161.89510842251,"{""type"":""MultiPoint"",""coordinates"":[]}"
20031106,2003-11-06,95108.41662710061,"{""type"":""MultiPoint"",""coordinates"":[]}"
20031107,2003-11-07,95044.12049765573,"{""type"":""MultiPoint"",""coordinates"":[]}"
20031108,2003-11-08,95111.30745873354,"{""type"":""MultiPoint"",""coordinates"":[]}"
20031109,2003-11-09,95161.81115753014,"{""type"":""MultiPoint"",""coordinates"":[]}"
20031110,2003-11-10,95182.57287434036,"{""type"":""MultiPoint"",""coordinates"":[]}"
20031111,2003-11-11,95228.55132730688,"{""type"":""MultiPoint"",""coordinates"":[]}"
20031112,2003-11-12,95274.31746237852,"{""type"":""MultiPoint"",""coordinates"":[]}"
20031113,2003-11-13,95296.88961724038,"{""type"":""MultiPoint"",""coordinates"":[]}"
20031114,2003-11-14,95391.42124090652,"{""type"":""MultiPoint"",""coordinates"":[]}"
20031115,2003-11-15,95358.44163993622,"{""type"":""MultiPoint"",""coordinates"":[]}"
20031116,2003-11-16,95219.20458352304,"{""type"":""MultiPoint"",""coordinates"":[]}"
20031117,2003-11-17,95117.18636747259,"{""type"":""MultiPoint"",""coordinates"":[]}"
20031118,2003-11-18,95156.00321196657,"{""type"":""MultiPoint"",""coordinates"":[]}"
20031119,2003-11-19,95209.87322924891,"{""type"":""MultiPoint"",""coordinates"":[]}"
20031120,2003-11-20,95246.82303191278,"{""type"":""MultiPoint"",""coordinates"":[]}"
20031121,2003-11-21,95382.42615008715,"{""type"":""MultiPoint"",""coordinates"":[]}"
20031122,2003-11-22,95371.78457584267,"{""type"":""MultiPoint"",""coordinates"":[]}"
20031123,2003-11-23,95354.03341492586,"{""type"":""MultiPoint"",""coordinates"":[]}"
20031124,2003-11-24,95451.25845772275,"{""type"":""MultiPoint"",""coordinates"":[]}"
20031125,2003-11-25,95410.71236961393,"{""type"":""MultiPoint"",""coordinates"":[]}"
20031126,2003-11-26,95218.40192781878,"{""type"":""MultiPoint"",""coordinates"":[]}"
20031127,2003-11-27,95100.56846885625,"{""type"":""MultiPoint"",""coordinates"":[]}"
20031128,2003-11-28,95150.74169158228,"{""type"":""MultiPoint"",""coordinates"":[]}"
20031129,2003-11-29,95285.52747136632,"{""type"":""MultiPoint"",""coordinates"":[]}"
20031130,2003-11-30,95294.89911525583,"{""type"":""MultiPoint"",""coordinates"":[]}"
20031201,2003-12-01,95316.09828778011,"{""type"":""MultiPoint"",""coordinates"":[]}"
20031202,2003-12-02,95247.00126091008,"{""type"":""MultiPoint"",""coordinates"":[]}"
20031203,2003-12-03,95106.15844625168,"{""type"":""MultiPoint"",""coordinates"":[]}"
20031204,2003-12-04,95145.00568073803,"{""type"":""MultiPoint"",""coordinates"":[]}"
20031205,2003-12-05,95293.03509133306,"{""type"":""MultiPoint"",""coordinates"":[]}"
20031206,2003-12-06,95324.12492068495,"{""type"":""MultiPoint"",""coordinates"":[]}"
20031207,2003-12-07,95301.10123663998,"{""type"":""MultiPoint"",""coordinates"":[]}"
20031208,2003-12-08,95308.29016520726,"{""type"":""MultiPoint"",""coordinates"":[]}"
20031209,2003-12-09,95242.04103008418,"{""type"":""MultiPoint"",""coordinates"":[]}"
20031210,2003-12-10,95237.91640423854,"{""type"":""MultiPoint"",""coordinates"":[]}"
20031211,2003-12-11,95240.77403571022,"{""type"":""MultiPoint"",""coordinates"":[]}"
20031212,2003-12-12,95290.57365798981,"{""type"":""MultiPoint"",""coordinates"":[]}"
20031213,2003-12-13,95273.49848856407,"{""type"":""MultiPoint"",""coordinates"":[]}"
20031214,2003-12-14,95122.40708898351,"{""type"":""MultiPoint"",""coordinates"":[]}"
20031215,2003-12-15,94848.60152118433,"{""type"":""MultiPoint"",""coordinates"":[]}"
20031216,2003-12-16,94844.88497901952,"{""type"":""MultiPoint"",""coordinates"":[]}"
20031217,2003-12-17,95137.78390283407,"{""type"":""MultiPoint"",""coordinates"":[]}"
20031218,2003-12-18,95303.59947410197,"{""type"":""MultiPoint"",""coordinates"":[]}"
20031219,2003-12-19,95420.54035906267,"{""type"":""MultiPoint"",""coordinates"":[]}"
20031220,2003-12-20,95536.19688555686,"{""type"":""MultiPoint"",""coordinates"":[]}"
20031221,2003-12-21,95513.89395207021,"{""type"":""MultiPoint"",""coordinates"":[]}"
20031222,2003-12-22,95484.36718591973,"{""type"":""MultiPoint"",""coordinates"":[]}"
20031223,2003-12-23,95438.61439779215,"{""type"":""MultiPoint"",""coordinates"":[]}"
20031224,2003-12-24,95378.5505001851,"{""type"":""MultiPoint"",""coordinates"":[]}"
20031225,2003-12-25,95334.43768389992,"{""type"":""MultiPoint"",""coordinates"":[]}"
20031226,2003-12-26,95260.37080723244,"{""type"":""MultiPoint"",""coordinates"":[]}"
20031227,2003-12-27,95315.57427461988,"{""type"":""MultiPoint"",""coordinates"":[]}"
20031228,2003-12-28,95466.65656941723,"{""type"":""MultiPoint"",""coordinates"":[]}"
20031229,2003-12-29,95629.56599522203,"{""type"":""MultiPoint"",""coordinates"":[]}"
20031230,2003-12-30,95603.44084265505,"{""type"":""MultiPoint"",""coordinates"":[]}"
20031231,2003-12-31,95451.26035014918,"{""type"":""MultiPoint"",""coordinates"":[]}"
20040101,2004-01-01,95350.46945782706,"{""type"":""MultiPoint"",""coordinates"":[]}"
20040102,2004-01-02,95371.19108540182,"{""type"":""MultiPoint"",""coordinates"":[]}"
20040103,2004-01-03,95390.04145101368,"{""type"":""MultiPoint"",""coordinates"":[]}"
20040104,2004-01-04,95404.70639973375,"{""type"":""MultiPoint"",""coordinates"":[]}"
20040105,2004-01-05,95436.97839266788,"{""type"":""MultiPoint"",""coordinates"":[]}"
20040106,2004-01-06,95369.65198343756,"{""type"":""MultiPoint"",""coordinates"":[]}"
20040107,2004-01-07,95422.74033037374,"{""type"":""MultiPoint"",""coordinates"":[]}"
20040108,2004-01-08,95569.64321445656,"{""type"":""MultiPoint"",""coordinates"":[]}"
20040109,2004-01-09,95554.55798233542,"{""type"":""MultiPoint"",""coordinates"":[]}"
20040110,2004-01-10,95520.00449448395,"{""type"":""MultiPoint"",""coordinates"":[]}"
20040111,2004-01-11,95398.42281860887,"{""type"":""MultiPoint"",""coordinates"":[]}"
20040112,2004-01-12,95340.13905437106,"{""type"":""MultiPoint"",""coordinates"":[]}"
20040113,2004-01-13,95182.75721767414,"{""type"":""MultiPoint"",""coordinates"":[]}"
20040114,2004-01-14,95075.18296949698,"{""type"":""MultiPoint"",""coordinates"":[]}"
20040115,2004-01-15,95200.37436932452,"{""type"":""MultiPoint"",""coordinates"":[]}"
20040116,2004-01-16,95250.6100491275,"{""type"":""MultiPoint"",""coordinates"":[]}"
20040117,2004-01-17,95107.2656321347,"{""type"":""MultiPoint"",""coordinates"":[]}"
20040118,2004-01-18,95076.11611605772,"{""type"":""MultiPoint"",""coordinates"":[]}"
20040119,2004-01-19,94987.60417183443,"{""type"":""MultiPoint"",""coordinates"":[]}"
20040120,2004-01-20,95003.74971529304,"{""type"":""MultiPoint"",""coordinates"":[]}"
20040121,2004-01-21,94902.73473400339,"{""type"":""MultiPoint"",""coordinates"":[]}"
20040122,2004-01-22,94930.65481619055,"{""type"":""MultiPoint"",""coordinates"":[]}"
20040123,2004-01-23,94964.06117786914,"{""type"":""MultiPoint"",""coordinates"":[]}"
20040124,2004-01-24,95010.05427766585,"{""type"":""MultiPoint"",""coordinates"":[]}"
20040125,2004-01-25,94978.19424938622,"{""type"":""MultiPoint"",""coordinates"":[]}"
20040126,2004-01-26,94979.57260543531,"{""type"":""MultiPoint"",""coordinates"":[]}"
20040127,2004-01-27,95048.77010134896,"{""type"":""MultiPoint"",""coordinates"":[]}"
20040128,2004-01-28,94956.65084614941,"{""type"":""MultiPoint"",""coordinates"":[]}"
20040129,2004-01-29,94970.11719562492,"{""type"":""MultiPoint"",""coordinates"":[]}"
20040130,2004-01-30,94976.65818382359,"{""type"":""MultiPoint"",""coordinates"":[]}"
20040131,2004-01-31,94947.95049024004,"{""type"":""MultiPoint"",""coordinates"":[]}"
20040201,2004-02-01,94883.07927249522,"{""type"":""MultiPoint"",""coordinates"":[]}"
20040202,2004-02-02,95066.99069301233,"{""type"":""MultiPoint"",""coordinates"":[]}"
20040203,2004-02-03,95189.77404879927,"{""type"":""MultiPoint"",""coordinates"":[]}"
20040204,2004-02-04,95050.26791884429,"{""type"":""MultiPoint"",""coordinates"":[]}"
20040205,2004-02-05,95013.81556296682,"{""type"":""MultiPoint"",""coordinates"":[]}"
20040206,2004-02-06,95193.25842887233,"{""type"":""MultiPoint"",""coordinates"":[]}"
20040207,2004-02-07,95475.03066390936,"{""type"":""MultiPoint"",""coordinates"":[]}"
20040208,2004-02-08,95450.32693756567,"{""type"":""MultiPoint"",""coordinates"":[]}"
20040209,2004-02-09,95344.21757697753,"{""type"":""MultiPoint"",""coordinates"":[]}"
20040210,2004-02-10,95335.84344327191,"{""type"":""MultiPoint"",""coordinates"":[]}"
20040211,2004-02-11,95381.31113400332,"{""type"":""MultiPoint"",""coordinates"":[]}"
20040212,2004-02-12,95375.98292310994,"{""type"":""MultiPoint"",""coordinates"":[]}"
20040213,2004-02-13,95344.364828603,"{""type"":""MultiPoint"",""coordinates"":[]}"
20040214,2004-02-14,95252.00382241137,"{""type"":""MultiPoint"",""coordinates"":[]}"
20040215,2004-02-15,95186.11171806768,"{""type"":""MultiPoint"",""coordinates"":[]}"
20040216,2004-02-16,95195.5555373483,"{""type"":""MultiPoint"",""coordinates"":[]}"
20040217,2004-02-17,95055.10470642998,"{""type"":""MultiPoint"",""coordinates"":[]}"
20040218,2004-02-18,94895.46940561265,"{""type"":""MultiPoint"",""coordinates"":[]}"
20040219,2004-02-19,94925.71103199331,"{""type"":""MultiPoint"",""coordinates"":[]}"
20040220,2004-02-20,95087.14071893024,"{""type"":""MultiPoint"",""coordinates"":[]}"
20040221,2004-02-21,95184.32568261046,"{""type"":""MultiPoint"",""coordinates"":[]}"
20040222,2004-02-22,95099.23188885317,"{""type"":""MultiPoint"",""coordinates"":[]}"
20040223,2004-02-23,95107.04366967989,"{""type"":""MultiPoint"",""coordinates"":[]}"
20040224,2004-02-24,95172.51324229849,"{""type"":""MultiPoint"",""coordinates"":[]}"
20040225,2004-02-25,95120.84756670083,"{""type"":""MultiPoint"",""coordinates"":[]}"
20040226,2004-02-26,94962.35415903702,"{""type"":""MultiPoint"",""coordinates"":[]}"
20040227,2004-02-27,94919.363111572,"{""type"":""MultiPoint"",""coordinates"":[]}"
20040228,2004-02-28,94927.49120053404,"{""type"":""MultiPoint"",""coordinates"":[]}"
20040229,2004-02-29,94963.67846236489,"{""type"":""MultiPoint"",""coordinates"":[]}"
20040301,2004-03-01,94912.2535732216,"{""type"":""MultiPoint"",""coordinates"":[]}"
20040302,2004-03-02,94880.38378932035,"{""type"":""MultiPoint"",""coordinates"":[]}"
20040303,2004-03-03,94903.1772046966,"{""type"":""MultiPoint"",""coordinates"":[]}"
20040304,2004-03-04,94941.85028350253,"{""type"":""MultiPoint"",""coordinates"":[]}"
20040305,2004-03-05,94911.47748623777,"{""type"":""MultiPoint"",""coordinates"":[]}"
20040306,2004-03-06,94928.69575599994,"{""type"":""MultiPoint"",""coordinates"":[]}"
20040307,2004-03-07,94989.95278533212,"{""type"":""MultiPoint"",""coordinates"":[]}"
20040308,2004-03-08,95291.23084657347,"{""type"":""MultiPoint"",""coordinates"":[]}"
20040309,2004-03-09,95220.70535827457,"{""type"":""MultiPoint"",""coordinates"":[]}"
20040310,2004-03-10,94992.19728011137,"{""type"":""MultiPoint"",""coordinates"":[]}"
20040311,2004-03-11,95012.78873447666,"{""type"":""MultiPoint"",""coordinates"":[]}"
20040312,2004-03-12,95085.86073304148,"{""type"":""MultiPoint"",""coordinates"":[]}"
20040313,2004-03-13,95176.7183379887,"{""type"":""MultiPoint"",""coordinates"":[]}"
20040314,2004-03-14,95103.8839213921,"{""type"":""MultiPoint"",""coordinates"":[]}"
20040315,2004-03-15,94988.93643727255,"{""type"":""MultiPoint"",""coordinates"":[]}"
20040316,2004-03-16,94884.8401865376,"{""type"":""MultiPoint"",""coordinates"":[]}"
20040317,2004-03-17,94847.7996476579,"{""type"":""MultiPoint"",""coordinates"":[]}"
20040318,2004-03-18,94817.08766330026,"{""type"":""MultiPoint"",""coordinates"":[]}"
20040319,2004-03-19,94683.3032043177,"{""type"":""MultiPoint"",""coordinates"":[]}"
20040320,2004-03-20,94527.10354117262,"{""type"":""MultiPoint"",""coordinates"":[]}"
20040321,2004-03-21,94610.14521792407,"{""type"":""MultiPoint"",""coordinates"":[]}"
20040322,2004-03-22,94657.3117750689,"{""type"":""MultiPoint"",""coordinates"":[]}"
20040323,2004-03-23,94665.8497607282,"{""type"":""MultiPoint"",""coordinates"":[]}"
20040324,2004-03-24,94605.36718678112,"{""type"":""MultiPoint"",""coordinates"":[]}"
20040325,2004-03-25,94554.25745637907,"{""type"":""MultiPoint"",""coordinates"":[]}"
20040326,2004-03-26,94701.50874585455,"{""type"":""MultiPoint"",""coordinates"":[]}"
20040327,2004-03-27,94964.48075327386,"{""type"":""MultiPoint"",""coordinates"":[]}"
20040328,2004-03-28,94942.5389058569,"{""type"":""MultiPoint"",""coordinates"":[]}"
20040329,2004-03-29,94837.58513752639,"{""type"":""MultiPoint"",""coordinates"":[]}"
20040330,2004-03-30,94874.9329395277,"{""type"":""MultiPoint"",""coordinates"":[]}"
20040331,2004-03-31,94901.87289066608,"{""type"":""MultiPoint"",""coordinates"":[]}"
20040401,2004-04-01,95008.21901352695,"{""type"":""MultiPoint"",""coordinates"":[]}"
20040402,2004-04-02,94975.3539172937,"{""type"":""MultiPoint"",""coordinates"":[]}"
20040403,2004-04-03,95021.21201048171,"{""type"":""MultiPoint"",""coordinates"":[]}"
20040404,2004-04-04,95032.25342592392,"{""type"":""MultiPoint"",""coordinates"":[]}"
20040405,2004-04-05,94878.91140549515,"{""type"":""MultiPoint"",""coordinates"":[]}"
20040406,2004-04-06,94814.0889741461,"{""type"":""MultiPoint"",""coordinates"":[]}"
20040407,2004-04-07,94765.14006156095,"{""type"":""MultiPoint"",""coordinates"":[]}"
20040408,2004-04-08,94691.61590857022,"{""type"":""MultiPoint"",""coordinates"":[]}"
20040409,2004-04-09,94589.37884009862,"{""type"":""MultiPoint"",""coordinates"":[]}"
20040410,2004-04-10,94704.58638210532,"{""type"":""MultiPoint"",""coordinates"":[]}"
20040411,2004-04-11,94766.94479503595,"{""type"":""MultiPoint"",""coordinates"":[]}"
20040412,2004-04-12,94644.03698709609,"{""type"":""MultiPoint"",""coordinates"":[]}"
20040413,2004-04-13,94517.44919480948,"{""type"":""MultiPoint"",""coordinates"":[]}"
20040414,2004-04-14,94449.56626357765,"{""type"":""MultiPoint"",""coordinates"":[]}"
20040415,2004-04-15,94485.06043900776,"{""type"":""MultiPoint"",""coordinates"":[]}"
20040416,2004-04-16,94487.35105855927,"{""type"":""MultiPoint"",""coordinates"":[]}"
20040417,2004-04-17,94404.07002518895,"{""type"":""MultiPoint"",""coordinates"":[]}"
20040418,2004-04-18,94365.96953474813,"{""type"":""MultiPoint"",""coordinates"":[]}"
20040419,2004-04-19,94560.29017616677,"{""type"":""MultiPoint"",""coordinates"":[]}"
20040420,2004-04-20,94763.35541942478,"{""type"":""MultiPoint"",""coordinates"":[]}"
20040421,2004-04-21,94658.64672901413,"{""type"":""MultiPoint"",""coordinates"":[]}"
20040422,2004-04-22,94528.48593605275,"{""type"":""MultiPoint"",""coordinates"":[]}"
20040423,2004-04-23,94509.90156107032,"{""type"":""MultiPoint"",""coordinates"":[]}"
20040424,2004-04-24,94601.78107743962,"{""type"":""MultiPoint"",""coordinates"":[]}"
20040425,2004-04-25,94701.18195860433,"{""type"":""MultiPoint"",""coordinates"":[]}"
20040426,2004-04-26,94697.5339123628,"{""type"":""MultiPoint"",""coordinates"":[]}"
20040427,2004-04-27,94554.09890818063,"{""type"":""MultiPoint"",""coordinates"":[]}"
20040428,2004-04-28,94444.6735242862,"{""type"":""MultiPoint"",""coordinates"":[]}"
20040429,2004-04-29,94471.1773464193,"{""type"":""MultiPoint"",""coordinates"":[]}"
20040430,2004-04-30,94507.12553926138,"{""type"":""MultiPoint"",""coordinates"":[]}"
20040501,2004-05-01,94524.03450246179,"{""type"":""MultiPoint"",""coordinates"":[]}"
20040502,2004-05-02,94515.72194134243,"{""type"":""MultiPoint"",""coordinates"":[]}"
20040503,2004-05-03,94591.7601658694,"{""type"":""MultiPoint"",""coordinates"":[]}"
20040504,2004-05-04,94600.71519761952,"{""type"":""MultiPoint"",""coordinates"":[]}"
20040505,2004-05-05,94517.44243587465,"{""type"":""MultiPoint"",""coordinates"":[]}"
20040506,2004-05-06,94468.11166651118,"{""type"":""MultiPoint"",""coordinates"":[]}"
20040507,2004-05-07,94466.24051489052,"{""type"":""MultiPoint"",""coordinates"":[]}"
20040508,2004-05-08,94446.96216798604,"{""type"":""MultiPoint"",""coordinates"":[]}"
20040509,2004-05-09,94458.16809111027,"{""type"":""MultiPoint"",""coordinates"":[]}"
20040510,2004-05-10,94421.4130128414,"{""type"":""MultiPoint"",""coordinates"":[]}"
20040511,2004-05-11,94399.41572894454,"{""type"":""MultiPoint"",""coordinates"":[]}"
20040512,2004-05-12,94278.50765416148,"{""type"":""MultiPoint"",""coordinates"":[]}"
20040513,2004-05-13,94236.80982037038,"{""type"":""MultiPoint"",""coordinates"":[]}"
20040514,2004-05-14,94322.92187405059,"{""type"":""MultiPoint"",""coordinates"":[]}"
20040515,2004-05-15,94322.69625007288,"{""type"":""MultiPoint"",""coordinates"":[]}"
20040516,2004-05-16,94347.9685853406,"{""type"":""MultiPoint"",""coordinates"":[]}"
20040517,2004-05-17,94378.99089049632,"{""type"":""MultiPoint"",""coordinates"":[]}"
20040518,2004-05-18,94281.92876208715,"{""type"":""MultiPoint"",""coordinates"":[]}"
20040519,2004-05-19,94204.71028172442,"{""type"":""MultiPoint"",""coordinates"":[]}"
20040520,2004-05-20,94296.97823023968,"{""type"":""MultiPoint"",""coordinates"":[]}"
20040521,2004-05-21,94291.99342115999,"{""type"":""MultiPoint"",""coordinates"":[]}"
20040522,2004-05-22,94292.65606861631,"{""type"":""MultiPoint"",""coordinates"":[]}"
20040523,2004-05-23,94362.74744420909,"{""type"":""MultiPoint"",""coordinates"":[]}"
20040524,2004-05-24,94455.57264659528,"{""type"":""MultiPoint"",""coordinates"":[]}"
20040525,2004-05-25,94435.14435701461,"{""type"":""MultiPoint"",""coordinates"":[]}"
20040526,2004-05-26,94486.39939672791,"{""type"":""MultiPoint"",""coordinates"":[]}"
20040527,2004-05-27,94586.69457239086,"{""type"":""MultiPoint"",""coordinates"":[]}"
20040528,2004-05-28,94550.53492457798,"{""type"":""MultiPoint"",""coordinates"":[]}"
20040529,2004-05-29,94448.81556359069,"{""type"":""MultiPoint"",""coordinates"":[]}"
20040530,2004-05-30,94502.39553841275,"{""type"":""MultiPoint"",""coordinates"":[]}"
20040531,2004-05-31,94502.52437136997,"{""type"":""MultiPoint"",""coordinates"":[]}"
20040601,2004-06-01,94548.0383060327,"{""type"":""MultiPoint"",""coordinates"":[]}"
20040602,2004-06-02,94521.883524091,"{""type"":""MultiPoint"",""coordinates"":[]}"
20040603,2004-06-03,94426.52416867728,"{""type"":""MultiPoint"",""coordinates"":[]}"
20040604,2004-06-04,94473.22622196392,"{""type"":""MultiPoint"",""coordinates"":[]}"
20040605,2004-06-05,94387.66551989039,"{""type"":""MultiPoint"",""coordinates"":[]}"
20040606,2004-06-06,94433.84783433094,"{""type"":""MultiPoint"",""coordinates"":[]}"
20040607,2004-06-07,94408.72173425533,"{""type"":""MultiPoint"",""coordinates"":[]}"
20040608,2004-06-08,94447.4860602646,"{""type"":""MultiPoint"",""coordinates"":[]}"
20040609,2004-06-09,94455.50164955729,"{""type"":""MultiPoint"",""coordinates"":[]}"
20040610,2004-06-10,94311.1619703447,"{""type"":""MultiPoint"",""coordinates"":[]}"
20040611,2004-06-11,94207.20498074946,"{""type"":""MultiPoint"",""coordinates"":[]}"
20040612,2004-06-12,94191.19182485327,"{""type"":""MultiPoint"",""coordinates"":[]}"
20040613,2004-06-13,94049.8980290629,"{""type"":""MultiPoint"",""coordinates"":[]}"
20040614,2004-06-14,93993.59653617426,"{""type"":""MultiPoint"",""coordinates"":[]}"
20040615,2004-06-15,94083.1864022641,"{""type"":""MultiPoint"",""coordinates"":[]}"
20040616,2004-06-16,94114.79695216523,"{""type"":""MultiPoint"",""coordinates"":[]}"
20040617,2004-06-17,94053.39261196027,"{""type"":""MultiPoint"",""coordinates"":[]}"
20040618,2004-06-18,94258.61557430083,"{""type"":""MultiPoint"",""coordinates"":[]}"
20040619,2004-06-19,94314.00813560642,"{""type"":""MultiPoint"",""coordinates"":[]}"
20040620,2004-06-20,94496.04444260708,"{""type"":""MultiPoint"",""coordinates"":[]}"
20040621,2004-06-21,94601.37254642697,"{""type"":""MultiPoint"",""coordinates"":[]}"
20040622,2004-06-22,94671.15216914154,"{""type"":""MultiPoint"",""coordinates"":[]}"
20040623,2004-06-23,94486.32791494903,"{""type"":""MultiPoint"",""coordinates"":[]}"
20040624,2004-06-24,94603.32184220653,"{""type"":""MultiPoint"",""coordinates"":[]}"
20040625,2004-06-25,94601.45485025081,"{""type"":""MultiPoint"",""coordinates"":[]}"
20040626,2004-06-26,94552.84991228471,"{""type"":""MultiPoint"",""coordinates"":[]}"
20040627,2004-06-27,94509.87676354188,"{""type"":""MultiPoint"",""coordinates"":[]}"
20040628,2004-06-28,94508.7951675245,"{""type"":""MultiPoint"",""coordinates"":[]}"
20040629,2004-06-29,94456.52221692241,"{""type"":""MultiPoint"",""coordinates"":[]}"
20040630,2004-06-30,94421.7873072728,"{""type"":""MultiPoint"",""coordinates"":[]}"
20040701,2004-07-01,94380.52897280545,"{""type"":""MultiPoint"",""coordinates"":[]}"
20040702,2004-07-02,94212.84656125397,"{""type"":""MultiPoint"",""coordinates"":[]}"
20040703,2004-07-03,94140.38466589614,"{""type"":""MultiPoint"",""coordinates"":[]}"
20040704,2004-07-04,94199.73539980949,"{""type"":""MultiPoint"",""coordinates"":[]}"
20040705,2004-07-05,94344.83672382824,"{""type"":""MultiPoint"",""coordinates"":[]}"
20040706,2004-07-06,94430.39661713211,"{""type"":""MultiPoint"",""coordinates"":[]}"
20040707,2004-07-07,94477.45755562483,"{""type"":""MultiPoint"",""coordinates"":[]}"
20040708,2004-07-08,94530.37530611077,"{""type"":""MultiPoint"",""coordinates"":[]}"
20040709,2004-07-09,94487.24843893386,"{""type"":""MultiPoint"",""coordinates"":[]}"
20040710,2004-07-10,94398.11602206642,"{""type"":""MultiPoint"",""coordinates"":[]}"
20040711,2004-07-11,94388.83373169263,"{""type"":""MultiPoint"",""coordinates"":[]}"
20040712,2004-07-12,94383.76948690947,"{""type"":""MultiPoint"",""coordinates"":[]}"
20040713,2004-07-13,94349.96001864535,"{""type"":""MultiPoint"",""coordinates"":[]}"
20040714,2004-07-14,94205.68775525286,"{""type"":""MultiPoint"",""coordinates"":[]}"
20040715,2004-07-15,94159.99513953428,"{""type"":""MultiPoint"",""coordinates"":[]}"
20040716,2004-07-16,94275.78828806034,"{""type"":""MultiPoint"",""coordinates"":[]}"
20040717,2004-07-17,94378.06624589027,"{""type"":""MultiPoint"",""coordinates"":[]}"
20040718,2004-07-18,94363.95266537937,"{""type"":""MultiPoint"",""coordinates"":[]}"
20040719,2004-07-19,94344.19430547976,"{""type"":""MultiPoint"",""coordinates"":[]}"
20040720,2004-07-20,94347.98037239852,"{""type"":""MultiPoint"",""coordinates"":[]}"
20040721,2004-07-21,94406.02526583678,"{""type"":""MultiPoint"",""coordinates"":[]}"
20040722,2004-07-22,94457.48766114762,"{""type"":""MultiPoint"",""coordinates"":[]}"
20040723,2004-07-23,94359.75863863167,"{""type"":""MultiPoint"",""coordinates"":[]}"
20040724,2004-07-24,94215.80329114056,"{""type"":""MultiPoint"",""coordinates"":[]}"
20040725,2004-07-25,94201.65685588057,"{""type"":""MultiPoint"",""coordinates"":[]}"
20040726,2004-07-26,94212.82045100802,"{""type"":""MultiPoint"",""coordinates"":[]}"
20040727,2004-07-27,94243.81327094,"{""type"":""MultiPoint"",""coordinates"":[]}"
20040728,2004-07-28,94180.25723546997,"{""type"":""MultiPoint"",""coordinates"":[]}"
20040729,2004-07-29,94265.78925781394,"{""type"":""MultiPoint"",""coordinates"":[]}"
20040730,2004-07-30,94452.64665536195,"{""type"":""MultiPoint"",""coordinates"":[]}"
20040731,2004-07-31,94517.31707870922,"{""type"":""MultiPoint"",""coordinates"":[]}"
20040801,2004-08-01,94318.95497126828,"{""type"":""MultiPoint"",""coordinates"":[]}"
20040802,2004-08-02,94078.30680299217,"{""type"":""MultiPoint"",""coordinates"":[]}"
20040803,2004-08-03,93808.35845576558,"{""type"":""MultiPoint"",""coordinates"":[]}"
20040804,2004-08-04,93745.780560552,"{""type"":""MultiPoint"",""coordinates"":[]}"
20040805,2004-08-05,93980.86471347924,"{""type"":""MultiPoint"",""coordinates"":[]}"
20040806,2004-08-06,94282.55354550504,"{""type"":""MultiPoint"",""coordinates"":[]}"
20040807,2004-08-07,94430.83017183823,"{""type"":""MultiPoint"",""coordinates"":[]}"
20040808,2004-08-08,94500.04934722351,"{""type"":""MultiPoint"",""coordinates"":[]}"
20040809,2004-08-09,94537.98036568442,"{""type"":""MultiPoint"",""coordinates"":[]}"
20040810,2004-08-10,94539.82891247432,"{""type"":""MultiPoint"",""coordinates"":[]}"
20040811,2004-08-11,94431.59814063173,"{""type"":""MultiPoint"",""coordinates"":[]}"
20040812,2004-08-12,94416.93202993018,"{""type"":""MultiPoint"",""coordinates"":[]}"
20040813,2004-08-13,94446.00684098987,"{""type"":""MultiPoint"",""coordinates"":[]}"
20040814,2004-08-14,94437.14694628125,"{""type"":""MultiPoint"",""coordinates"":[]}"
20040815,2004-08-15,94402.95645118164,"{""type"":""MultiPoint"",""coordinates"":[]}"
20040816,2004-08-16,94433.99846750619,"{""type"":""MultiPoint"",""coordinates"":[]}"
20040817,2004-08-17,94594.36683036177,"{""type"":""MultiPoint"",""coordinates"":[]}"
20040818,2004-08-18,94666.10367827692,"{""type"":""MultiPoint"",""coordinates"":[]}"
20040819,2004-08-19,94458.99791523689,"{""type"":""MultiPoint"",""coordinates"":[]}"
20040820,2004-08-20,94338.19132023434,"{""type"":""MultiPoint"",""coordinates"":[]}"
20040821,2004-08-21,94341.40954189196,"{""type"":""MultiPoint"",""coordinates"":[]}"
20040822,2004-08-22,94459.00329266499,"{""type"":""MultiPoint"",""coordinates"":[]}"
20040823,2004-08-23,94579.24618340073,"{""type"":""MultiPoint"",""coordinates"":[]}"
20040824,2004-08-24,94651.60619905936,"{""type"":""MultiPoint"",""coordinates"":[]}"
20040825,2004-08-25,94661.61021646566,"{""type"":""MultiPoint"",""coordinates"":[]}"
20040826,2004-08-26,94555.47177983682,"{""type"":""MultiPoint"",""coordinates"":[]}"
20040827,2004-08-27,94501.69546495882,"{""type"":""MultiPoint"",""coordinates"":[]}"
20040828,2004-08-28,94574.43174442292,"{""type"":""MultiPoint"",""coordinates"":[]}"
20040829,2004-08-29,94568.42765982074,"{""type"":""MultiPoint"",""coordinates"":[]}"
20040830,2004-08-30,94599.96242429012,"{""type"":""MultiPoint"",""coordinates"":[]}"
20040831,2004-08-31,94594.62279233435,"{""type"":""MultiPoint"",""coordinates"":[]}"
20040901,2004-09-01,94544.71549416095,"{""type"":""MultiPoint"",""coordinates"":[]}"
20040902,2004-09-02,94667.57376941077,"{""type"":""MultiPoint"",""coordinates"":[]}"
20040903,2004-09-03,94724.20339163297,"{""type"":""MultiPoint"",""coordinates"":[]}"
20040904,2004-09-04,94563.34021713118,"{""type"":""MultiPoint"",""coordinates"":[]}"
20040905,2004-09-05,94445.88429645548,"{""type"":""MultiPoint"",""coordinates"":[]}"
20040906,2004-09-06,94459.43559156141,"{""type"":""MultiPoint"",""coordinates"":[]}"
20040907,2004-09-07,94562.36522512445,"{""type"":""MultiPoint"",""coordinates"":[]}"
20040908,2004-09-08,94573.52775006444,"{""type"":""MultiPoint"",""coordinates"":[]}"
20040909,2004-09-09,94511.7975630984,"{""type"":""MultiPoint"",""coordinates"":[]}"
20040910,2004-09-10,94597.3613836896,"{""type"":""MultiPoint"",""coordinates"":[]}"
20040911,2004-09-11,94557.66927280012,"{""type"":""MultiPoint"",""coordinates"":[]}"
20040912,2004-09-12,94646.64521378724,"{""type"":""MultiPoint"",""coordinates"":[]}"
20040913,2004-09-13,94808.46215729775,"{""type"":""MultiPoint"",""coordinates"":[]}"
20040914,2004-09-14,94742.15331692836,"{""type"":""MultiPoint"",""coordinates"":[]}"
20040915,2004-09-15,94625.41148697362,"{""type"":""MultiPoint"",""coordinates"":[]}"
20040916,2004-09-16,94698.9936912383,"{""type"":""MultiPoint"",""coordinates"":[]}"
20040917,2004-09-17,94734.79518359108,"{""type"":""MultiPoint"",""coordinates"":[]}"
20040918,2004-09-18,94604.3561512192,"{""type"":""MultiPoint"",""coordinates"":[]}"
20040919,2004-09-19,94539.9408272261,"{""type"":""MultiPoint"",""coordinates"":[]}"
20040920,2004-09-20,94598.91498587836,"{""type"":""MultiPoint"",""coordinates"":[]}"
20040921,2004-09-21,94630.77062106458,"{""type"":""MultiPoint"",""coordinates"":[]}"
20040922,2004-09-22,94700.43900122218,"{""type"":""MultiPoint"",""coordinates"":[]}"
20040923,2004-09-23,94759.73763187672,"{""type"":""MultiPoint"",""coordinates"":[]}"
20040924,2004-09-24,94755.58893852036,"{""type"":""MultiPoint"",""coordinates"":[]}"
20040925,2004-09-25,94837.83836916047,"{""type"":""MultiPoint"",""coordinates"":[]}"
20040926,2004-09-26,94910.88442896822,"{""type"":""MultiPoint"",""coordinates"":[]}"
20040927,2004-09-27,94878.12081898532,"{""type"":""MultiPoint"",""coordinates"":[]}"
20040928,2004-09-28,94756.54890265892,"{""type"":""MultiPoint"",""coordinates"":[]}"
20040929,2004-09-29,94920.33517711269,"{""type"":""MultiPoint"",""coordinates"":[]}"
20040930,2004-09-30,95028.28377954454,"{""type"":""MultiPoint"",""coordinates"":[]}"
20041001,2004-10-01,94984.57681729457,"{""type"":""MultiPoint"",""coordinates"":[]}"
20041002,2004-10-02,94772.73871810357,"{""type"":""MultiPoint"",""coordinates"":[]}"
20041003,2004-10-03,94624.00523474232,"{""type"":""MultiPoint"",""coordinates"":[]}"
20041004,2004-10-04,94541.90407633224,"{""type"":""MultiPoint"",""coordinates"":[]}"
20041005,2004-10-05,94535.53956604065,"{""type"":""MultiPoint"",""coordinates"":[]}"
20041006,2004-10-06,94671.70384485151,"{""type"":""MultiPoint"",""coordinates"":[]}"
20041007,2004-10-07,94764.11895264247,"{""type"":""MultiPoint"",""coordinates"":[]}"
20041008,2004-10-08,94886.9735867764,"{""type"":""MultiPoint"",""coordinates"":[]}"
20041009,2004-10-09,95012.20142317399,"{""type"":""MultiPoint"",""coordinates"":[]}"
20041010,2004-10-10,95086.6341410467,"{""type"":""MultiPoint"",""coordinates"":[]}"
20041011,2004-10-11,95035.31312183848,"{""type"":""MultiPoint"",""coordinates"":[]}"
20041012,2004-10-12,95064.89618033251,"{""type"":""MultiPoint"",""coordinates"":[]}"
20041013,2004-10-13,95105.76226043237,"{""type"":""MultiPoint"",""coordinates"":[]}"
20041014,2004-10-14,95129.59702531704,"{""type"":""MultiPoint"",""coordinates"":[]}"
20041015,2004-10-15,95131.35653161288,"{""type"":""MultiPoint"",""coordinates"":[]}"
20041016,2004-10-16,95158.1686030064,"{""type"":""MultiPoint"",""coordinates"":[]}"
20041017,2004-10-17,95182.43658895139,"{""type"":""MultiPoint"",""coordinates"":[]}"
20041018,2004-10-18,95140.93095369994,"{""type"":""MultiPoint"",""coordinates"":[]}"
20041019,2004-10-19,95099.24975304831,"{""type"":""MultiPoint"",""coordinates"":[]}"
20041020,2004-10-20,95083.07082872304,"{""type"":""MultiPoint"",""coordinates"":[]}"
20041021,2004-10-21,95167.10165152689,"{""type"":""MultiPoint"",""coordinates"":[]}"
20041022,2004-10-22,95234.87533257408,"{""type"":""MultiPoint"",""coordinates"":[]}"
20041023,2004-10-23,95182.84654074538,"{""type"":""MultiPoint"",""coordinates"":[]}"
20041024,2004-10-24,95266.34244881185,"{""type"":""MultiPoint"",""coordinates"":[]}"
20041025,2004-10-25,95308.52342127066,"{""type"":""MultiPoint"",""coordinates"":[]}"
20041026,2004-10-26,95285.27275535624,"{""type"":""MultiPoint"",""coordinates"":[]}"
20041027,2004-10-27,95216.7562640481,"{""type"":""MultiPoint"",""coordinates"":[]}"
20041028,2004-10-28,95169.69696542139,"{""type"":""MultiPoint"",""coordinates"":[]}"
20041029,2004-10-29,95198.78368168091,"{""type"":""MultiPoint"",""coordinates"":[]}"
20041030,2004-10-30,95194.20310314168,"{""type"":""MultiPoint"",""coordinates"":[]}"
20041031,2004-10-31,95174.83113354133,"{""type"":""MultiPoint"",""coordinates"":[]}"
20041101,2004-11-01,95193.32098979465,"{""type"":""MultiPoint"",""coordinates"":[]}"
20041102,2004-11-02,95254.65902598773,"{""type"":""MultiPoint"",""coordinates"":[]}"
20041103,2004-11-03,95267.20465490989,"{""type"":""MultiPoint"",""coordinates"":[]}"
20041104,2004-11-04,95209.52127079733,"{""type"":""MultiPoint"",""coordinates"":[]}"
20041105,2004-11-05,95160.9226062385,"{""type"":""MultiPoint"",""coordinates"":[]}"
20041106,2004-11-06,95191.52030594728,"{""type"":""MultiPoint"",""coordinates"":[]}"
20041107,2004-11-07,95066.19152073626,"{""type"":""MultiPoint"",""coordinates"":[]}"
20041108,2004-11-08,95103.25036842361,"{""type"":""MultiPoint"",""coordinates"":[]}"
20041109,2004-11-09,95072.14279084817,"{""type"":""MultiPoint"",""coordinates"":[]}"
20041110,2004-11-10,95108.98524074521,"{""type"":""MultiPoint"",""coordinates"":[]}"
20041111,2004-11-11,95209.37808890086,"{""type"":""MultiPoint"",""coordinates"":[]}"
20041112,2004-11-12,95325.6564386948,"{""type"":""MultiPoint"",""coordinates"":[]}"
20041113,2004-11-13,95360.81789574616,"{""type"":""MultiPoint"",""coordinates"":[]}"
20041114,2004-11-14,95302.50126934012,"{""type"":""MultiPoint"",""coordinates"":[]}"
20041115,2004-11-15,95254.78072506229,"{""type"":""MultiPoint"",""coordinates"":[]}"
20041116,2004-11-16,95201.86270518981,"{""type"":""MultiPoint"",""coordinates"":[]}"
20041117,2004-11-17,95244.78795090178,"{""type"":""MultiPoint"",""coordinates"":[]}"
20041118,2004-11-18,95233.9724653918,"{""type"":""MultiPoint"",""coordinates"":[]}"
20041119,2004-11-19,95210.54516912515,"{""type"":""MultiPoint"",""coordinates"":[]}"
20041120,2004-11-20,95274.50285486199,"{""type"":""MultiPoint"",""coordinates"":[]}"
20041121,2004-11-21,95264.8590694115,"{""type"":""MultiPoint"",""coordinates"":[]}"
20041122,2004-11-22,95230.4196181785,"{""type"":""MultiPoint"",""coordinates"":[]}"
20041123,2004-11-23,95201.21190726694,"{""type"":""MultiPoint"",""coordinates"":[]}"
20041124,2004-11-24,95204.60655920881,"{""type"":""MultiPoint"",""coordinates"":[]}"
20041125,2004-11-25,95312.65966205495,"{""type"":""MultiPoint"",""coordinates"":[]}"
20041126,2004-11-26,95365.88211949167,"{""type"":""MultiPoint"",""coordinates"":[]}"
20041127,2004-11-27,95397.11609823488,"{""type"":""MultiPoint"",""coordinates"":[]}"
20041128,2004-11-28,95477.67171651227,"{""type"":""MultiPoint"",""coordinates"":[]}"
20041129,2004-11-29,95365.57484766217,"{""type"":""MultiPoint"",""coordinates"":[]}"
20041130,2004-11-30,95225.85996835424,"{""type"":""MultiPoint"",""coordinates"":[]}"
20041201,2004-12-01,95270.3247837014,"{""type"":""MultiPoint"",""coordinates"":[]}"
20041202,2004-12-02,95499.19523112982,"{""type"":""MultiPoint"",""coordinates"":[]}"
20041203,2004-12-03,95545.82667113627,"{""type"":""MultiPoint"",""coordinates"":[]}"
20041204,2004-12-04,95415.17732991879,"{""type"":""MultiPoint"",""coordinates"":[]}"
20041205,2004-12-05,95351.0553914275,"{""type"":""MultiPoint"",""coordinates"":[]}"
20041206,2004-12-06,95423.90067031341,"{""type"":""MultiPoint"",""coordinates"":[]}"
20041207,2004-12-07,95489.89740196831,"{""type"":""MultiPoint"",""coordinates"":[]}"
20041208,2004-12-08,95396.9164394097,"{""type"":""MultiPoint"",""coordinates"":[]}"
20041209,2004-12-09,95289.51778438498,"{""type"":""MultiPoint"",""coordinates"":[]}"
20041210,2004-12-10,95339.60971618698,"{""type"":""MultiPoint"",""coordinates"":[]}"
20041211,2004-12-11,95413.7757553321,"{""type"":""MultiPoint"",""coordinates"":[]}"
20041212,2004-12-12,95471.83922373586,"{""type"":""MultiPoint"",""coordinates"":[]}"
20041213,2004-12-13,95368.81801155506,"{""type"":""MultiPoint"",""coordinates"":[]}"
20041214,2004-12-14,95160.3620442465,"{""type"":""MultiPoint"",""coordinates"":[]}"
20041215,2004-12-15,95125.48090632916,"{""type"":""MultiPoint"",""coordinates"":[]}"
20041216,2004-12-16,95232.24448018461,"{""type"":""MultiPoint"",""coordinates"":[]}"
20041217,2004-12-17,95352.72434879134,"{""type"":""MultiPoint"",""coordinates"":[]}"
20041218,2004-12-18,95220.01224371485,"{""type"":""MultiPoint"",""coordinates"":[]}"
20041219,2004-12-19,94988.95868029867,"{""type"":""MultiPoint"",""coordinates"":[]}"
20041220,2004-12-20,94878.37074572672,"{""type"":""MultiPoint"",""coordinates"":[]}"
20041221,2004-12-21,94867.94869071295,"{""type"":""MultiPoint"",""coordinates"":[]}"
20041222,2004-12-22,94935.62984854988,"{""type"":""MultiPoint"",""coordinates"":[]}"
20041223,2004-12-23,95017.88764258941,"{""type"":""MultiPoint"",""coordinates"":[]}"
20041224,2004-12-24,95208.36670257577,"{""type"":""MultiPoint"",""coordinates"":[]}"
20041225,2004-12-25,95265.56104361331,"{""type"":""MultiPoint"",""coordinates"":[]}"
20041226,2004-12-26,95114.14899009469,"{""type"":""MultiPoint"",""coordinates"":[]}"
20041227,2004-12-27,95206.21250531434,"{""type"":""MultiPoint"",""coordinates"":[]}"
20041228,2004-12-28,95297.5552785349,"{""type"":""MultiPoint"",""coordinates"":[]}"
20041229,2004-12-29,95236.12667472521,"{""type"":""MultiPoint"",""coordinates"":[]}"
20041230,2004-12-30,95213.77258722449,"{""type"":""MultiPoint"",""coordinates"":[]}"
20041231,2004-12-31,95210.09143229687,"{""type"":""MultiPoint"",""coordinates"":[]}"
20050101,2005-01-01,95237.44548475507,"{""type"":""MultiPoint"",""coordinates"":[]}"
20050102,2005-01-02,95149.5570688858,"{""type"":""MultiPoint"",""coordinates"":[]}"
20050103,2005-01-03,95251.47020868585,"{""type"":""MultiPoint"",""coordinates"":[]}"
20050104,2005-01-04,95361.27779412687,"{""type"":""MultiPoint"",""coordinates"":[]}"
20050105,2005-01-05,95343.81412379947,"{""type"":""MultiPoint"",""coordinates"":[]}"
20050106,2005-01-06,95285.98785884884,"{""type"":""MultiPoint"",""coordinates"":[]}"
20050107,2005-01-07,95248.43445841687,"{""type"":""MultiPoint"",""coordinates"":[]}"
20050108,2005-01-08,95271.20293733614,"{""type"":""MultiPoint"",""coordinates"":[]}"
20050109,2005-01-09,95147.14933563575,"{""type"":""MultiPoint"",""coordinates"":[]}"
20050110,2005-01-10,94896.71854053233,"{""type"":""MultiPoint"",""coordinates"":[]}"
20050111,2005-01-11,95074.80480727619,"{""type"":""MultiPoint"",""coordinates"":[]}"
20050112,2005-01-12,95237.64296335426,"{""type"":""MultiPoint"",""coordinates"":[]}"
20050113,2005-01-13,95221.94304330151,"{""type"":""MultiPoint"",""coordinates"":[]}"
20050114,2005-01-14,95104.69988840801,"{""type"":""MultiPoint"",""coordinates"":[]}"
20050115,2005-01-15,95098.39954847426,"{""type"":""MultiPoint"",""coordinates"":[]}"
20050116,2005-01-16,95099.41628448253,"{""type"":""MultiPoint"",""coordinates"":[]}"
20050117,2005-01-17,94990.0849586723,"{""type"":""MultiPoint"",""coordinates"":[]}"
20050118,2005-01-18,95111.8900554436,"{""type"":""MultiPoint"",""coordinates"":[]}"
20050119,2005-01-19,95272.02415081371,"{""type"":""MultiPoint"",""coordinates"":[]}"
20050120,2005-01-20,95425.09639982955,"{""type"":""MultiPoint"",""coordinates"":[]}"
20050121,2005-01-21,95475.0835853375,"{""type"":""MultiPoint"",""coordinates"":[]}"
20050122,2005-01-22,95278.02816162816,"{""type"":""MultiPoint"",""coordinates"":[]}"
20050123,2005-01-23,95171.93010915534,"{""type"":""MultiPoint"",""coordinates"":[]}"
20050124,2005-01-24,95189.2651912525,"{""type"":""MultiPoint"",""coordinates"":[]}"
20050125,2005-01-25,95095.23140099239,"{""type"":""MultiPoint"",""coordinates"":[]}"
20050126,2005-01-26,94938.11554221525,"{""type"":""MultiPoint"",""coordinates"":[]}"
20050127,2005-01-27,94884.51706816869,"{""type"":""MultiPoint"",""coordinates"":[]}"
20050128,2005-01-28,94878.33999757198,"{""type"":""MultiPoint"",""coordinates"":[]}"
20050129,2005-01-29,94870.20840895902,"{""type"":""MultiPoint"",""coordinates"":[]}"
20050130,2005-01-30,94961.43134320188,"{""type"":""MultiPoint"",""coordinates"":[]}"
20050131,2005-01-31,95139.60645798802,"{""type"":""MultiPoint"",""coordinates"":[]}"
20050201,2005-02-01,95313.34716039334,"{""type"":""MultiPoint"",""coordinates"":[]}"
20050202,2005-02-02,95300.85842845448,"{""type"":""MultiPoint"",""coordinates"":[]}"
20050203,2005-02-03,95258.90927160346,"{""type"":""MultiPoint"",""coordinates"":[]}"
20050204,2005-02-04,95180.3764935245,"{""type"":""MultiPoint"",""coordinates"":[]}"
20050205,2005-02-05,95135.0658607765,"{""type"":""MultiPoint"",""coordinates"":[]}"
20050206,2005-02-06,95211.79751638425,"{""type"":""MultiPoint"",""coordinates"":[]}"
20050207,2005-02-07,95309.98626826743,"{""type"":""MultiPoint"",""coordinates"":[]}"
20050208,2005-02-08,95420.92044294026,"{""type"":""MultiPoint"",""coordinates"":[]}"
20050209,2005-02-09,95529.19638173797,"{""type"":""MultiPoint"",""coordinates"":[]}"
20050210,2005-02-10,95528.09752550727,"{""type"":""MultiPoint"",""coordinates"":[]}"
20050211,2005-02-11,95512.45119152236,"{""type"":""MultiPoint"",""coordinates"":[]}"
20050212,2005-02-12,95416.67914271151,"{""type"":""MultiPoint"",""coordinates"":[]}"
20050213,2005-02-13,95225.04579756249,"{""type"":""MultiPoint"",""coordinates"":[]}"
20050214,2005-02-14,95018.6406007546,"{""type"":""MultiPoint"",""coordinates"":[]}"
20050215,2005-02-15,94887.03810947758,"{""type"":""MultiPoint"",""coordinates"":[]}"
20050216,2005-02-16,94838.08290020986,"{""type"":""MultiPoint"",""coordinates"":[]}"
20050217,2005-02-17,94842.2401329709,"{""type"":""MultiPoint"",""coordinates"":[]}"
20050218,2005-02-18,94932.02962142605,"{""type"":""MultiPoint"",""coordinates"":[]}"
20050219,2005-02-19,95036.18493171,"{""type"":""MultiPoint"",""coordinates"":[]}"
20050220,2005-02-20,95023.43948622774,"{""type"":""MultiPoint"",""coordinates"":[]}"
20050221,2005-02-21,94994.48227163425,"{""type"":""MultiPoint"",""coordinates"":[]}"
20050222,2005-02-22,95147.85261401685,"{""type"":""MultiPoint"",""coordinates"":[]}"
20050223,2005-02-23,95144.87888327274,"{""type"":""MultiPoint"",""coordinates"":[]}"
20050224,2005-02-24,95128.30906990507,"{""type"":""MultiPoint"",""coordinates"":[]}"
20050225,2005-02-25,95100.28496920348,"{""type"":""MultiPoint"",""coordinates"":[]}"
20050226,2005-02-26,95108.27574262249,"{""type"":""MultiPoint"",""coordinates"":[]}"
20050227,2005-02-27,95063.21155753448,"{""type"":""MultiPoint"",""coordinates"":[]}"
20050228,2005-02-28,95028.24711051588,"{""type"":""MultiPoint"",""coordinates"":[]}"
20050301,2005-03-01,95157.04613034007,"{""type"":""MultiPoint"",""coordinates"":[]}"
20050302,2005-03-02,95302.63390576665,"{""type"":""MultiPoint"",""coordinates"":[]}"
20050303,2005-03-03,95261.50642467897,"{""type"":""MultiPoint"",""coordinates"":[]}"
20050304,2005-03-04,95303.37800513009,"{""type"":""MultiPoint"",""coordinates"":[]}"
20050305,2005-03-05,95363.8146820502,"{""type"":""MultiPoint"",""coordinates"":[]}"
20050306,2005-03-06,95313.09733217378,"{""type"":""MultiPoint"",""coordinates"":[]}"
20050307,2005-03-07,95288.94827274031,"{""type"":""MultiPoint"",""coordinates"":[]}"
20050308,2005-03-08,95392.28397491283,"{""type"":""MultiPoint"",""coordinates"":[]}"
20050309,2005-03-09,95303.85992054136,"{""type"":""MultiPoint"",""coordinates"":[]}"
20050310,2005-03-10,95146.37239569775,"{""type"":""MultiPoint"",""coordinates"":[]}"
20050311,2005-03-11,94955.55541586287,"{""type"":""MultiPoint"",""coordinates"":[]}"
20050312,2005-03-12,94987.4044523244,"{""type"":""MultiPoint"",""coordinates"":[]}"
20050313,2005-03-13,95060.51481048577,"{""type"":""MultiPoint"",""coordinates"":[]}"
20050314,2005-03-14,95006.04512146147,"{""type"":""MultiPoint"",""coordinates"":[]}"
20050315,2005-03-15,94905.93329117273,"{""type"":""MultiPoint"",""coordinates"":[]}"
20050316,2005-03-16,94966.21086234898,"{""type"":""MultiPoint"",""coordinates"":[]}"
20050317,2005-03-17,94975.63215479853,"{""type"":""MultiPoint"",""coordinates"":[]}"
20050318,2005-03-18,94917.82282776198,"{""type"":""MultiPoint"",""coordinates"":[]}"
20050319,2005-03-19,94884.06561476745,"{""type"":""MultiPoint"",""coordinates"":[]}"
20050320,2005-03-20,94884.47438030735,"{""type"":""MultiPoint"",""coordinates"":[]}"
20050321,2005-03-21,94714.94416183783,"{""type"":""MultiPoint"",""coordinates"":[]}"
20050322,2005-03-22,94612.0347008343,"{""type"":""MultiPoint"",""coordinates"":[]}"
20050323,2005-03-23,94511.12440181695,"{""type"":""MultiPoint"",""coordinates"":[]}"
20050324,2005-03-24,94661.00292749697,"{""type"":""MultiPoint"",""coordinates"":[]}"
20050325,2005-03-25,94796.16481119527,"{""type"":""MultiPoint"",""coordinates"":[]}"
20050326,2005-03-26,94862.7593329286,"{""type"":""MultiPoint"",""coordinates"":[]}"
20050327,2005-03-27,94797.78462867418,"{""type"":""MultiPoint"",""coordinates"":[]}"
20050328,2005-03-28,94712.82509775381,"{""type"":""MultiPoint"",""coordinates"":[]}"
20050329,2005-03-29,94596.11000250823,"{""type"":""MultiPoint"",""coordinates"":[]}"
20050330,2005-03-30,94512.33464080158,"{""type"":""MultiPoint"",""coordinates"":[]}"
20050331,2005-03-31,94530.35460163496,"{""type"":""MultiPoint"",""coordinates"":[]}"
20050401,2005-04-01,94649.00922029378,"{""type"":""MultiPoint"",""coordinates"":[]}"
20050402,2005-04-02,94800.48267271277,"{""type"":""MultiPoint"",""coordinates"":[]}"
20050403,2005-04-03,94895.99198130783,"{""type"":""MultiPoint"",""coordinates"":[]}"
20050404,2005-04-04,94885.98154447168,"{""type"":""MultiPoint"",""coordinates"":[]}"
20050405,2005-04-05,94922.16626872792,"{""type"":""MultiPoint"",""coordinates"":[]}"
20050406,2005-04-06,94809.86421248189,"{""type"":""MultiPoint"",""coordinates"":[]}"
20050407,2005-04-07,94679.90118073764,"{""type"":""MultiPoint"",""coordinates"":[]}"
20050408,2005-04-08,94729.65656092604,"{""type"":""MultiPoint"",""coordinates"":[]}"
20050409,2005-04-09,94690.30619976326,"{""type"":""MultiPoint"",""coordinates"":[]}"
20050410,2005-04-10,94780.34970763199,"{""type"":""MultiPoint"",""coordinates"":[]}"
20050411,2005-04-11,94875.08736987179,"{""type"":""MultiPoint"",""coordinates"":[]}"
20050412,2005-04-12,94969.08932490926,"{""type"":""MultiPoint"",""coordinates"":[]}"
20050413,2005-04-13,95078.73938462161,"{""type"":""MultiPoint"",""coordinates"":[]}"
20050414,2005-04-14,95127.8175308357,"{""type"":""MultiPoint"",""coordinates"":[]}"
20050415,2005-04-15,95094.3440266703,"{""type"":""MultiPoint"",""coordinates"":[]}"
20050416,2005-04-16,95064.09453877652,"{""type"":""MultiPoint"",""coordinates"":[]}"
20050417,2005-04-17,94956.011832287,"{""type"":""MultiPoint"",""coordinates"":[]}"
20050418,2005-04-18,94957.97835977546,"{""type"":""MultiPoint"",""coordinates"":[]}"
20050419,2005-04-19,95081.41697119741,"{""type"":""MultiPoint"",""coordinates"":[]}"
20050420,2005-04-20,95115.50830346007,"{""type"":""MultiPoint"",""coordinates"":[]}"
20050421,2005-04-21,94927.9994038108,"{""type"":""MultiPoint"",""coordinates"":[]}"
20050422,2005-04-22,94819.34603358984,"{""type"":""MultiPoint"",""coordinates"":[]}"
20050423,2005-04-23,94815.00657579479,"{""type"":""MultiPoint"",""coordinates"":[]}"
20050424,2005-04-24,94872.24422702717,"{""type"":""MultiPoint"",""coordinates"":[]}"
20050425,2005-04-25,94866.3504965647,"{""type"":""MultiPoint"",""coordinates"":[]}"
20050426,2005-04-26,94740.07896598417,"{""type"":""MultiPoint"",""coordinates"":[]}"
20050427,2005-04-27,94682.20138574447,"{""type"":""MultiPoint"",""coordinates"":[]}"
20050428,2005-04-28,94588.88928303882,"{""type"":""MultiPoint"",""coordinates"":[]}"
20050429,2005-04-29,94455.48636805061,"{""type"":""MultiPoint"",""coordinates"":[]}"
20050430,2005-04-30,94443.42296067075,"{""type"":""MultiPoint"",""coordinates"":[]}"
20050501,2005-05-01,94582.95099112208,"{""type"":""MultiPoint"",""coordinates"":[]}"
20050502,2005-05-02,94612.77799005112,"{""type"":""MultiPoint"",""coordinates"":[]}"
20050503,2005-05-03,94672.28431450631,"{""type"":""MultiPoint"",""coordinates"":[]}"
20050504,2005-05-04,94613.73618781294,"{""type"":""MultiPoint"",""coordinates"":[]}"
20050505,2005-05-05,94501.35225312809,"{""type"":""MultiPoint"",""coordinates"":[]}"
20050506,2005-05-06,94393.80192625614,"{""type"":""MultiPoint"",""coordinates"":[]}"
20050507,2005-05-07,94363.07838008995,"{""type"":""MultiPoint"",""coordinates"":[]}"
20050508,2005-05-08,94401.48398978442,"{""type"":""MultiPoint"",""coordinates"":[]}"
20050509,2005-05-09,94418.69436764323,"{""type"":""MultiPoint"",""coordinates"":[]}"
20050510,2005-05-10,94410.97941836569,"{""type"":""MultiPoint"",""coordinates"":[]}"
20050511,2005-05-11,94485.96104626913,"{""type"":""MultiPoint"",""coordinates"":[]}"
20050512,2005-05-12,94494.6665029975,"{""type"":""MultiPoint"",""coordinates"":[]}"
20050513,2005-05-13,94423.47668018054,"{""type"":""MultiPoint"",""coordinates"":[]}"
20050514,2005-05-14,94457.27736866022,"{""type"":""MultiPoint"",""coordinates"":[]}"
20050515,2005-05-15,94465.42167253792,"{""type"":""MultiPoint"",""coordinates"":[]}"
20050516,2005-05-16,94488.22733883852,"{""type"":""MultiPoint"",""coordinates"":[]}"
20050517,2005-05-17,94450.39429582776,"{""type"":""MultiPoint"",""coordinates"":[]}"
20050518,2005-05-18,94452.88886417773,"{""type"":""MultiPoint"",""coordinates"":[]}"
20050519,2005-05-19,94429.5917767055,"{""type"":""MultiPoint"",""coordinates"":[]}"
20050520,2005-05-20,94429.47451270475,"{""type"":""MultiPoint"",""coordinates"":[]}"
20050521,2005-05-21,94438.47043539326,"{""type"":""MultiPoint"",""coordinates"":[]}"
20050522,2005-05-22,94465.51334440781,"{""type"":""MultiPoint"",""coordinates"":[]}"
20050523,2005-05-23,94454.78061704578,"{""type"":""MultiPoint"",""coordinates"":[]}"
20050524,2005-05-24,94468.29117345503,"{""type"":""MultiPoint"",""coordinates"":[]}"
20050525,2005-05-25,94446.78865036655,"{""type"":""MultiPoint"",""coordinates"":[]}"
20050526,2005-05-26,94479.06029242919,"{""type"":""MultiPoint"",""coordinates"":[]}"
20050527,2005-05-27,94492.60783758931,"{""type"":""MultiPoint"",""coordinates"":[]}"
20050528,2005-05-28,94455.13896956264,"{""type"":""MultiPoint"",""coordinates"":[]}"
20050529,2005-05-29,94488.29201485953,"{""type"":""MultiPoint"",""coordinates"":[]}"
20050530,2005-05-30,94444.0770695159,"{""type"":""MultiPoint"",""coordinates"":[]}"
20050531,2005-05-31,94255.9818908064,"{""type"":""MultiPoint"",""coordinates"":[]}"
20050601,2005-06-01,94165.9783424338,"{""type"":""MultiPoint"",""coordinates"":[]}"
20050602,2005-06-02,94141.49441005221,"{""type"":""MultiPoint"",""coordinates"":[]}"
20050603,2005-06-03,94165.77496355778,"{""type"":""MultiPoint"",""coordinates"":[]}"
20050604,2005-06-04,94138.60020283105,"{""type"":""MultiPoint"",""coordinates"":[]}"
20050605,2005-06-05,94187.81711069962,"{""type"":""MultiPoint"",""coordinates"":[]}"
20050606,2005-06-06,94240.50205969701,"{""type"":""MultiPoint"",""coordinates"":[]}"
20050607,2005-06-07,94199.224816659,"{""type"":""MultiPoint"",""coordinates"":[]}"
20050608,2005-06-08,94061.8322802567,"{""type"":""MultiPoint"",""coordinates"":[]}"
20050609,2005-06-09,94048.22069474938,"{""type"":""MultiPoint"",""coordinates"":[]}"
20050610,2005-06-10,94144.97108743202,"{""type"":""MultiPoint"",""coordinates"":[]}"
20050611,2005-06-11,94230.60713669322,"{""type"":""MultiPoint"",""coordinates"":[]}"
20050612,2005-06-12,94170.55048104627,"{""type"":""MultiPoint"",""coordinates"":[]}"
20050613,2005-06-13,94244.78814858923,"{""type"":""MultiPoint"",""coordinates"":[]}"
20050614,2005-06-14,94342.05713659039,"{""type"":""MultiPoint"",""coordinates"":[]}"
20050615,2005-06-15,94269.12958126586,"{""type"":""MultiPoint"",""coordinates"":[]}"
20050616,2005-06-16,94197.59642116555,"{""type"":""MultiPoint"",""coordinates"":[]}"
20050617,2005-06-17,94113.75240801852,"{""type"":""MultiPoint"",""coordinates"":[]}"
20050618,2005-06-18,94107.03087263786,"{""type"":""MultiPoint"",""coordinates"":[]}"
20050619,2005-06-19,94103.90761190017,"{""type"":""MultiPoint"",""coordinates"":[]}"
20050620,2005-06-20,94163.65366777976,"{""type"":""MultiPoint"",""coordinates"":[]}"
20050621,2005-06-21,94264.35982892389,"{""type"":""MultiPoint"",""coordinates"":[]}"
20050622,2005-06-22,94386.6097723417,"{""type"":""MultiPoint"",""coordinates"":[]}"
20050623,2005-06-23,94360.61548858344,"{""type"":""MultiPoint"",""coordinates"":[]}"
20050624,2005-06-24,94291.8915554247,"{""type"":""MultiPoint"",""coordinates"":[]}"
20050625,2005-06-25,94360.91633236317,"{""type"":""MultiPoint"",""coordinates"":[]}"
20050626,2005-06-26,94372.41135983191,"{""type"":""MultiPoint"",""coordinates"":[]}"
20050627,2005-06-27,94274.90080480641,"{""type"":""MultiPoint"",""coordinates"":[]}"
20050628,2005-06-28,94209.23374831899,"{""type"":""MultiPoint"",""coordinates"":[]}"
20050629,2005-06-29,94228.10094325892,"{""type"":""MultiPoint"",""coordinates"":[]}"
20050630,2005-06-30,94282.7544501705,"{""type"":""MultiPoint"",""coordinates"":[]}"
20050701,2005-07-01,94382.49140014066,"{""type"":""MultiPoint"",""coordinates"":[]}"
20050702,2005-07-02,94441.59300383444,"{""type"":""MultiPoint"",""coordinates"":[]}"
20050703,2005-07-03,94402.74796739726,"{""type"":""MultiPoint"",""coordinates"":[]}"
20050704,2005-07-04,94232.2508498687,"{""type"":""MultiPoint"",""coordinates"":[]}"
20050705,2005-07-05,94249.44803132255,"{""type"":""MultiPoint"",""coordinates"":[]}"
20050706,2005-07-06,94397.84542945238,"{""type"":""MultiPoint"",""coordinates"":[]}"
20050707,2005-07-07,94344.44259932684,"{""type"":""MultiPoint"",""coordinates"":[]}"
20050708,2005-07-08,94201.36659845221,"{""type"":""MultiPoint"",""coordinates"":[]}"
20050709,2005-07-09,94169.71603211337,"{""type"":""MultiPoint"",""coordinates"":[]}"
20050710,2005-07-10,94358.01960621793,"{""type"":""MultiPoint"",""coordinates"":[]}"
20050711,2005-07-11,94575.41956128457,"{""type"":""MultiPoint"",""coordinates"":[]}"
20050712,2005-07-12,94602.04497084067,"{""type"":""MultiPoint"",""coordinates"":[]}"
20050713,2005-07-13,94551.15442537294,"{""type"":""MultiPoint"",""coordinates"":[]}"
20050714,2005-07-14,94628.58117248346,"{""type"":""MultiPoint"",""coordinates"":[]}"
20050715,2005-07-15,94664.44113408973,"{""type"":""MultiPoint"",""coordinates"":[]}"
20050716,2005-07-16,94578.31886485533,"{""type"":""MultiPoint"",""coordinates"":[]}"
20050717,2005-07-17,94459.76645151843,"{""type"":""MultiPoint"",""coordinates"":[]}"
20050718,2005-07-18,94532.07016172331,"{""type"":""MultiPoint"",""coordinates"":[]}"
20050719,2005-07-19,94555.20815815523,"{""type"":""MultiPoint"",""coordinates"":[]}"
20050720,2005-07-20,94478.63661193405,"{""type"":""MultiPoint"",""coordinates"":[]}"
20050721,2005-07-21,94432.94993805201,"{""type"":""MultiPoint"",""coordinates"":[]}"
20050722,2005-07-22,94335.56613450339,"{""type"":""MultiPoint"",""coordinates"":[]}"
20050723,2005-07-23,94281.97251056661,"{""type"":""MultiPoint"",""coordinates"":[]}"
20050724,2005-07-24,94228.60545665104,"{""type"":""MultiPoint"",""coordinates"":[]}"
20050725,2005-07-25,93981.31316145188,"{""type"":""MultiPoint"",""coordinates"":[]}"
20050726,2005-07-26,93930.41349415766,"{""type"":""MultiPoint"",""coordinates"":[]}"
20050727,2005-07-27,94000.70927105562,"{""type"":""MultiPoint"",""coordinates"":[]}"
20050728,2005-07-28,94221.48493097209,"{""type"":""MultiPoint"",""coordinates"":[]}"
20050729,2005-07-29,94224.2625218094,"{""type"":""MultiPoint"",""coordinates"":[]}"
20050730,2005-07-30,94066.97576443217,"{""type"":""MultiPoint"",""coordinates"":[]}"
20050731,2005-07-31,93999.69676175184,"{""type"":""MultiPoint"",""coordinates"":[]}"
20050801,2005-08-01,94022.97416456598,"{""type"":""MultiPoint"",""coordinates"":[]}"
20050802,2005-08-02,94174.69497696907,"{""type"":""MultiPoint"",""coordinates"":[]}"
20050803,2005-08-03,94315.6233390895,"{""type"":""MultiPoint"",""coordinates"":[]}"
20050804,2005-08-04,94390.72154471948,"{""type"":""MultiPoint"",""coordinates"":[]}"
20050805,2005-08-05,94459.06282704668,"{""type"":""MultiPoint"",""coordinates"":[]}"
20050806,2005-08-06,94409.03874661642,"{""type"":""MultiPoint"",""coordinates"":[]}"
20050807,2005-08-07,94431.19209061812,"{""type"":""MultiPoint"",""coordinates"":[]}"
20050808,2005-08-08,94565.21494237335,"{""type"":""MultiPoint"",""coordinates"":[]}"
20050809,2005-08-09,94631.45655421328,"{""type"":""MultiPoint"",""coordinates"":[]}"
20050810,2005-08-10,94559.56072527466,"{""type"":""MultiPoint"",""coordinates"":[]}"
20050811,2005-08-11,94479.26657825972,"{""type"":""MultiPoint"",""coordinates"":[]}"
20050812,2005-08-12,94450.25896335224,"{""type"":""MultiPoint"",""coordinates"":[]}"
20050813,2005-08-13,94431.85458508013,"{""type"":""MultiPoint"",""coordinates"":[]}"
20050814,2005-08-14,94381.81209072188,"{""type"":""MultiPoint"",""coordinates"":[]}"
20050815,2005-08-15,94327.57303758925,"{""type"":""MultiPoint"",""coordinates"":[]}"
20050816,2005-08-16,94443.1788695067,"{""type"":""MultiPoint"",""coordinates"":[]}"
20050817,2005-08-17,94495.2032461802,"{""type"":""MultiPoint"",""coordinates"":[]}"
20050818,2005-08-18,94531.49811390118,"{""type"":""MultiPoint"",""coordinates"":[]}"
20050819,2005-08-19,94547.49077934668,"{""type"":""MultiPoint"",""coordinates"":[]}"
20050820,2005-08-20,94564.85026083706,"{""type"":""MultiPoint"",""coordinates"":[]}"
20050821,2005-08-21,94584.91010798278,"{""type"":""MultiPoint"",""coordinates"":[]}"
20050822,2005-08-22,94699.39723931646,"{""type"":""MultiPoint"",""coordinates"":[]}"
20050823,2005-08-23,94740.99363047193,"{""type"":""MultiPoint"",""coordinates"":[]}"
20050824,2005-08-24,94737.6621617318,"{""type"":""MultiPoint"",""coordinates"":[]}"
20050825,2005-08-25,94735.33909567859,"{""type"":""MultiPoint"",""coordinates"":[]}"
20050826,2005-08-26,94722.14521055893,"{""type"":""MultiPoint"",""coordinates"":[]}"
20050827,2005-08-27,94689.93632728259,"{""type"":""MultiPoint"",""coordinates"":[]}"
20050828,2005-08-28,94664.3020365785,"{""type"":""MultiPoint"",""coordinates"":[]}"
20050829,2005-08-29,94671.77003974147,"{""type"":""MultiPoint"",""coordinates"":[]}"
20050830,2005-08-30,94449.84518007269,"{""type"":""MultiPoint"",""coordinates"":[]}"
20050831,2005-08-31,94368.6395473863,"{""type"":""MultiPoint"",""coordinates"":[]}"
20050901,2005-09-01,94395.9389935858,"{""type"":""MultiPoint"",""coordinates"":[]}"
20050902,2005-09-02,94441.22433891005,"{""type"":""MultiPoint"",""coordinates"":[]}"
20050903,2005-09-03,94314.31356430761,"{""type"":""MultiPoint"",""coordinates"":[]}"
20050904,2005-09-04,94238.26027187856,"{""type"":""MultiPoint"",""coordinates"":[]}"
20050905,2005-09-05,94357.68422877273,"{""type"":""MultiPoint"",""coordinates"":[]}"
20050906,2005-09-06,94438.01104507015,"{""type"":""MultiPoint"",""coordinates"":[]}"
20050907,2005-09-07,94398.54099869728,"{""type"":""MultiPoint"",""coordinates"":[]}"
20050908,2005-09-08,94316.93350628295,"{""type"":""MultiPoint"",""coordinates"":[]}"
20050909,2005-09-09,94323.31318085527,"{""type"":""MultiPoint"",""coordinates"":[]}"
20050910,2005-09-10,94192.33904571611,"{""type"":""MultiPoint"",""coordinates"":[]}"
20050911,2005-09-11,94109.78505358467,"{""type"":""MultiPoint"",""coordinates"":[]}"
20050912,2005-09-12,94094.27424978302,"{""type"":""MultiPoint"",""coordinates"":[]}"
20050913,2005-09-13,94262.00689186149,"{""type"":""MultiPoint"",""coordinates"":[]}"
20050914,2005-09-14,94495.05745583079,"{""type"":""MultiPoint"",""coordinates"":[]}"
20050915,2005-09-15,94694.99074897694,"{""type"":""MultiPoint"",""coordinates"":[]}"
20050916,2005-09-16,94830.02343439382,"{""type"":""MultiPoint"",""coordinates"":[]}"
20050917,2005-09-17,94887.8424352887,"{""type"":""MultiPoint"",""coordinates"":[]}"
20050918,2005-09-18,94803.45616127289,"{""type"":""MultiPoint"",""coordinates"":[]}"
20050919,2005-09-19,94297.27076181753,"{""type"":""MultiPoint"",""coordinates"":[]}"
20050920,2005-09-20,94000.6378725387,"{""type"":""MultiPoint"",""coordinates"":[]}"
20050921,2005-09-21,94277.52093246515,"{""type"":""MultiPoint"",""coordinates"":[]}"
20050922,2005-09-22,94670.39782333176,"{""type"":""MultiPoint"",""coordinates"":[]}"
20050923,2005-09-23,94836.93247791985,"{""type"":""MultiPoint"",""coordinates"":[]}"
20050924,2005-09-24,94861.25407269291,"{""type"":""MultiPoint"",""coordinates"":[]}"
20050925,2005-09-25,94803.64800088391,"{""type"":""MultiPoint"",""coordinates"":[]}"
20050926,2005-09-26,94752.12492632064,"{""type"":""MultiPoint"",""coordinates"":[]}"
20050927,2005-09-27,94796.58964620488,"{""type"":""MultiPoint"",""coordinates"":[]}"
20050928,2005-09-28,94758.23375221886,"{""type"":""MultiPoint"",""coordinates"":[]}"
20050929,2005-09-29,94737.42008707022,"{""type"":""MultiPoint"",""coordinates"":[]}"
20050930,2005-09-30,94849.68383060356,"{""type"":""MultiPoint"",""coordinates"":[]}"
20051001,2005-10-01,94877.99442763106,"{""type"":""MultiPoint"",""coordinates"":[]}"
20051002,2005-10-02,94861.87317378586,"{""type"":""MultiPoint"",""coordinates"":[]}"
20051003,2005-10-03,94771.47646823748,"{""type"":""MultiPoint"",""coordinates"":[]}"
20051004,2005-10-04,94855.67472084194,"{""type"":""MultiPoint"",""coordinates"":[]}"
20051005,2005-10-05,94939.92636650644,"{""type"":""MultiPoint"",""coordinates"":[]}"
20051006,2005-10-06,94950.29463051501,"{""type"":""MultiPoint"",""coordinates"":[]}"
20051007,2005-10-07,94931.23921148482,"{""type"":""MultiPoint"",""coordinates"":[]}"
20051008,2005-10-08,94918.52321749977,"{""type"":""MultiPoint"",""coordinates"":[]}"
20051009,2005-10-09,94910.36572951969,"{""type"":""MultiPoint"",""coordinates"":[]}"
20051010,2005-10-10,94858.3645758867,"{""type"":""MultiPoint"",""coordinates"":[]}"
20051011,2005-10-11,94864.11760090162,"{""type"":""MultiPoint"",""coordinates"":[]}"
20051012,2005-10-12,94820.29584304901,"{""type"":""MultiPoint"",""coordinates"":[]}"
20051013,2005-10-13,94781.61004554671,"{""type"":""MultiPoint"",""coordinates"":[]}"
20051014,2005-10-14,94715.55735047295,"{""type"":""MultiPoint"",""coordinates"":[]}"
20051015,2005-10-15,94807.69319106691,"{""type"":""MultiPoint"",""coordinates"":[]}"
20051016,2005-10-16,94962.81840777789,"{""type"":""MultiPoint"",""coordinates"":[]}"
20051017,2005-10-17,94988.24642072913,"{""type"":""MultiPoint"",""coordinates"":[]}"
20051018,2005-10-18,94875.78679861859,"{""type"":""MultiPoint"",""coordinates"":[]}"
20051019,2005-10-19,94727.10891788184,"{""type"":""MultiPoint"",""coordinates"":[]}"
20051020,2005-10-20,94692.25749458173,"{""type"":""MultiPoint"",""coordinates"":[]}"
20051021,2005-10-21,94795.68801051255,"{""type"":""MultiPoint"",""coordinates"":[]}"
20051022,2005-10-22,94861.66005361182,"{""type"":""MultiPoint"",""coordinates"":[]}"
20051023,2005-10-23,94887.54999959438,"{""type"":""MultiPoint"",""coordinates"":[]}"
20051024,2005-10-24,94962.27079991857,"{""type"":""MultiPoint"",""coordinates"":[]}"
20051025,2005-10-25,94917.28657642115,"{""type"":""MultiPoint"",""coordinates"":[]}"
20051026,2005-10-26,94815.97216865374,"{""type"":""MultiPoint"",""coordinates"":[]}"
20051027,2005-10-27,94760.5396645082,"{""type"":""MultiPoint"",""coordinates"":[]}"
20051028,2005-10-28,94786.97257142111,"{""type"":""MultiPoint"",""coordinates"":[]}"
20051029,2005-10-29,94788.28001088036,"{""type"":""MultiPoint"",""coordinates"":[]}"
20051030,2005-10-30,94814.79281953986,"{""type"":""MultiPoint"",""coordinates"":[]}"
20051031,2005-10-31,94865.82366881394,"{""type"":""MultiPoint"",""coordinates"":[]}"
20051101,2005-11-01,94948.62743915466,"{""type"":""MultiPoint"",""coordinates"":[]}"
20051102,2005-11-02,95035.00244251858,"{""type"":""MultiPoint"",""coordinates"":[]}"
20051103,2005-11-03,95092.61446253306,"{""type"":""MultiPoint"",""coordinates"":[]}"
20051104,2005-11-04,95133.60645862544,"{""type"":""MultiPoint"",""coordinates"":[]}"
20051105,2005-11-05,95170.18293644876,"{""type"":""MultiPoint"",""coordinates"":[]}"
20051106,2005-11-06,95140.28290578323,"{""type"":""MultiPoint"",""coordinates"":[]}"
20051107,2005-11-07,95055.7954806141,"{""type"":""MultiPoint"",""coordinates"":[]}"
20051108,2005-11-08,95073.39557575423,"{""type"":""MultiPoint"",""coordinates"":[]}"
20051109,2005-11-09,95128.62511534095,"{""type"":""MultiPoint"",""coordinates"":[]}"
20051110,2005-11-10,95127.79011444408,"{""type"":""MultiPoint"",""coordinates"":[]}"
20051111,2005-11-11,95149.19249260577,"{""type"":""MultiPoint"",""coordinates"":[]}"
20051112,2005-11-12,95212.30425604492,"{""type"":""MultiPoint"",""coordinates"":[]}"
20051113,2005-11-13,95232.72528924006,"{""type"":""MultiPoint"",""coordinates"":[]}"
20051114,2005-11-14,95223.11454062739,"{""type"":""MultiPoint"",""coordinates"":[]}"
20051115,2005-11-15,95109.31800819802,"{""type"":""MultiPoint"",""coordinates"":[]}"
20051116,2005-11-16,95126.95012323378,"{""type"":""MultiPoint"",""coordinates"":[]}"
20051117,2005-11-17,95171.10614985615,"{""type"":""MultiPoint"",""coordinates"":[]}"
20051118,2005-11-18,95203.72616780993,"{""type"":""MultiPoint"",""coordinates"":[]}"
20051119,2005-11-19,95252.57877364752,"{""type"":""MultiPoint"",""coordinates"":[]}"
20051120,2005-11-20,95226.12749258983,"{""type"":""MultiPoint"",""coordinates"":[]}"
20051121,2005-11-21,95223.69456905409,"{""type"":""MultiPoint"",""coordinates"":[]}"
20051122,2005-11-22,95223.01399387582,"{""type"":""MultiPoint"",""coordinates"":[]}"
20051123,2005-11-23,95246.4299325055,"{""type"":""MultiPoint"",""coordinates"":[]}"
20051124,2005-11-24,95232.88837639157,"{""type"":""MultiPoint"",""coordinates"":[]}"
20051125,2005-11-25,95216.71787535008,"{""type"":""MultiPoint"",""coordinates"":[]}"
20051126,2005-11-26,95229.81671275417,"{""type"":""MultiPoint"",""coordinates"":[]}"
20051127,2005-11-27,95252.73338451405,"{""type"":""MultiPoint"",""coordinates"":[]}"
20051128,2005-11-28,95233.97151402447,"{""type"":""MultiPoint"",""coordinates"":[]}"
20051129,2005-11-29,95084.54150139012,"{""type"":""MultiPoint"",""coordinates"":[]}"
20051130,2005-11-30,94818.8108902596,"{""type"":""MultiPoint"",""coordinates"":[]}"
20051201,2005-12-01,94853.28464845018,"{""type"":""MultiPoint"",""coordinates"":[]}"
20051202,2005-12-02,95067.07036847832,"{""type"":""MultiPoint"",""coordinates"":[]}"
20051203,2005-12-03,95072.02463622604,"{""type"":""MultiPoint"",""coordinates"":[]}"
20051204,2005-12-04,95002.37162871155,"{""type"":""MultiPoint"",""coordinates"":[]}"
20051205,2005-12-05,95003.35771701271,"{""type"":""MultiPoint"",""coordinates"":[]}"
20051206,2005-12-06,95099.15889913784,"{""type"":""MultiPoint"",""coordinates"":[]}"
20051207,2005-12-07,95109.39216734815,"{""type"":""MultiPoint"",""coordinates"":[]}"
20051208,2005-12-08,95030.80169328194,"{""type"":""MultiPoint"",""coordinates"":[]}"
20051209,2005-12-09,95010.14262484605,"{""type"":""MultiPoint"",""coordinates"":[]}"
20051210,2005-12-10,95088.23424208707,"{""type"":""MultiPoint"",""coordinates"":[]}"
20051211,2005-12-11,95171.55470076556,"{""type"":""MultiPoint"",""coordinates"":[]}"
20051212,2005-12-12,95239.94504356779,"{""type"":""MultiPoint"",""coordinates"":[]}"
20051213,2005-12-13,95246.8035477566,"{""type"":""MultiPoint"",""coordinates"":[]}"
20051214,2005-12-14,95165.7050679047,"{""type"":""MultiPoint"",""coordinates"":[]}"
20051215,2005-12-15,95259.03119667328,"{""type"":""MultiPoint"",""coordinates"":[]}"
20051216,2005-12-16,95275.2368723507,"{""type"":""MultiPoint"",""coordinates"":[]}"
20051217,2005-12-17,95170.06212932497,"{""type"":""MultiPoint"",""coordinates"":[]}"
20051218,2005-12-18,95000.68722876883,"{""type"":""MultiPoint"",""coordinates"":[]}"
20051219,2005-12-19,94861.52748951469,"{""type"":""MultiPoint"",""coordinates"":[]}"
20051220,2005-12-20,94909.55575426253,"{""type"":""MultiPoint"",""coordinates"":[]}"
20051221,2005-12-21,94995.31762283297,"{""type"":""MultiPoint"",""coordinates"":[]}"
20051222,2005-12-22,94884.02406687335,"{""type"":""MultiPoint"",""coordinates"":[]}"
20051223,2005-12-23,94900.51873065246,"{""type"":""MultiPoint"",""coordinates"":[]}"
20051224,2005-12-24,95090.19944250067,"{""type"":""MultiPoint"",""coordinates"":[]}"
20051225,2005-12-25,95270.99718416142,"{""type"":""MultiPoint"",""coordinates"":[]}"
20051226,2005-12-26,95384.4507385479,"{""type"":""MultiPoint"",""coordinates"":[]}"
20051227,2005-12-27,95401.27071696155,"{""type"":""MultiPoint"",""coordinates"":[]}"
20051228,2005-12-28,95368.97986336456,"{""type"":""MultiPoint"",""coordinates"":[]}"
20051229,2005-12-29,95365.1866788734,"{""type"":""MultiPoint"",""coordinates"":[]}"
20051230,2005-12-30,95420.37455159673,"{""type"":""MultiPoint"",""coordinates"":[]}"
20051231,2005-12-31,95460.22692953999,"{""type"":""MultiPoint"",""coordinates"":[]}"
20060101,2006-01-01,95435.96866986419,"{""type"":""MultiPoint"",""coordinates"":[]}"
20060102,2006-01-02,95266.35918320602,"{""type"":""MultiPoint"",""coordinates"":[]}"
20060103,2006-01-03,95180.97866206117,"{""type"":""MultiPoint"",""coordinates"":[]}"
20060104,2006-01-04,95142.23373104558,"{""type"":""MultiPoint"",""coordinates"":[]}"
20060105,2006-01-05,95141.62213451057,"{""type"":""MultiPoint"",""coordinates"":[]}"
20060106,2006-01-06,95159.01673664573,"{""type"":""MultiPoint"",""coordinates"":[]}"
20060107,2006-01-07,95194.73819052076,"{""type"":""MultiPoint"",""coordinates"":[]}"
20060108,2006-01-08,95188.59798506007,"{""type"":""MultiPoint"",""coordinates"":[]}"
20060109,2006-01-09,95186.2399822622,"{""type"":""MultiPoint"",""coordinates"":[]}"
20060110,2006-01-10,95157.11507905445,"{""type"":""MultiPoint"",""coordinates"":[]}"
20060111,2006-01-11,95155.05441586183,"{""type"":""MultiPoint"",""coordinates"":[]}"
20060112,2006-01-12,95151.21807231863,"{""type"":""MultiPoint"",""coordinates"":[]}"
20060113,2006-01-13,95099.94822072273,"{""type"":""MultiPoint"",""coordinates"":[]}"
20060114,2006-01-14,95109.45777881952,"{""type"":""MultiPoint"",""coordinates"":[]}"
20060115,2006-01-15,95177.16868228742,"{""type"":""MultiPoint"",""coordinates"":[]}"
20060116,2006-01-16,95198.1924043384,"{""type"":""MultiPoint"",""coordinates"":[]}"
20060117,2006-01-17,95193.02354489263,"{""type"":""MultiPoint"",""coordinates"":[]}"
20060118,2006-01-18,95200.77166220482,"{""type"":""MultiPoint"",""coordinates"":[]}"
20060119,2006-01-19,95235.58078099448,"{""type"":""MultiPoint"",""coordinates"":[]}"
20060120,2006-01-20,95284.930595775,"{""type"":""MultiPoint"",""coordinates"":[]}"
20060121,2006-01-21,95232.61839541567,"{""type"":""MultiPoint"",""coordinates"":[]}"
20060122,2006-01-22,95135.84606465815,"{""type"":""MultiPoint"",""coordinates"":[]}"
20060123,2006-01-23,95107.97328725096,"{""type"":""MultiPoint"",""coordinates"":[]}"
20060124,2006-01-24,95344.34635248476,"{""type"":""MultiPoint"",""coordinates"":[]}"
20060125,2006-01-25,95471.88099418009,"{""type"":""MultiPoint"",""coordinates"":[]}"
20060126,2006-01-26,95580.59954649948,"{""type"":""MultiPoint"",""coordinates"":[]}"
20060127,2006-01-27,95463.72792935786,"{""type"":""MultiPoint"",""coordinates"":[]}"
20060128,2006-01-28,95314.72086693654,"{""type"":""MultiPoint"",""coordinates"":[]}"
20060129,2006-01-29,95290.00460699009,"{""type"":""MultiPoint"",""coordinates"":[]}"
20060130,2006-01-30,95379.20969207995,"{""type"":""MultiPoint"",""coordinates"":[]}"
20060131,2006-01-31,95443.91226373255,"{""type"":""MultiPoint"",""coordinates"":[]}"
20060201,2006-02-01,95452.07754632185,"{""type"":""MultiPoint"",""coordinates"":[]}"
20060202,2006-02-02,95412.37819028465,"{""type"":""MultiPoint"",""coordinates"":[]}"
20060203,2006-02-03,95482.24945225447,"{""type"":""MultiPoint"",""coordinates"":[]}"
20060204,2006-02-04,95511.90022287998,"{""type"":""MultiPoint"",""coordinates"":[]}"
20060205,2006-02-05,95380.14260893548,"{""type"":""MultiPoint"",""coordinates"":[]}"
20060206,2006-02-06,95268.66011153653,"{""type"":""MultiPoint"",""coordinates"":[]}"
20060207,2006-02-07,95266.97218189886,"{""type"":""MultiPoint"",""coordinates"":[]}"
20060208,2006-02-08,95357.52459352686,"{""type"":""MultiPoint"",""coordinates"":[]}"
20060209,2006-02-09,95448.59955815764,"{""type"":""MultiPoint"",""coordinates"":[]}"
20060210,2006-02-10,95367.69887285623,"{""type"":""MultiPoint"",""coordinates"":[]}"
20060211,2006-02-11,95263.15728625737,"{""type"":""MultiPoint"",""coordinates"":[]}"
20060212,2006-02-12,95229.39596043421,"{""type"":""MultiPoint"",""coordinates"":[]}"
20060213,2006-02-13,95180.49553542466,"{""type"":""MultiPoint"",""coordinates"":[]}"
20060214,2006-02-14,95048.67922203317,"{""type"":""MultiPoint"",""coordinates"":[]}"
20060215,2006-02-15,94910.39591447954,"{""type"":""MultiPoint"",""coordinates"":[]}"
20060216,2006-02-16,94915.22518357034,"{""type"":""MultiPoint"",""coordinates"":[]}"
20060217,2006-02-17,95026.534968003,"{""type"":""MultiPoint"",""coordinates"":[]}"
20060218,2006-02-18,95080.79711866262,"{""type"":""MultiPoint"",""coordinates"":[]}"
20060219,2006-02-19,95013.28557280514,"{""type"":""MultiPoint"",""coordinates"":[]}"
20060220,2006-02-20,94994.58264566913,"{""type"":""MultiPoint"",""coordinates"":[]}"
20060221,2006-02-21,94979.55497681878,"{""type"":""MultiPoint"",""coordinates"":[]}"
20060222,2006-02-22,94959.11890855979,"{""type"":""MultiPoint"",""coordinates"":[]}"
20060223,2006-02-23,94919.82653793848,"{""type"":""MultiPoint"",""coordinates"":[]}"
20060224,2006-02-24,94887.62440665254,"{""type"":""MultiPoint"",""coordinates"":[]}"
20060225,2006-02-25,94896.85987377961,"{""type"":""MultiPoint"",""coordinates"":[]}"
20060226,2006-02-26,94848.47981976329,"{""type"":""MultiPoint"",""coordinates"":[]}"
20060227,2006-02-27,94819.85570056432,"{""type"":""MultiPoint"",""coordinates"":[]}"
20060228,2006-02-28,94802.78639576308,"{""type"":""MultiPoint"",""coordinates"":[]}"
20060301,2006-03-01,94782.99462691924,"{""type"":""MultiPoint"",""coordinates"":[]}"
20060302,2006-03-02,94828.12339801814,"{""type"":""MultiPoint"",""coordinates"":[]}"
20060303,2006-03-03,95003.72402312822,"{""type"":""MultiPoint"",""coordinates"":[]}"
20060304,2006-03-04,94984.39159468566,"{""type"":""MultiPoint"",""coordinates"":[]}"
20060305,2006-03-05,94998.23932873152,"{""type"":""MultiPoint"",""coordinates"":[]}"
20060306,2006-03-06,95035.93710639492,"{""type"":""MultiPoint"",""coordinates"":[]}"
20060307,2006-03-07,95016.26938402031,"{""type"":""MultiPoint"",""coordinates"":[]}"
20060308,2006-03-08,95089.01605662475,"{""type"":""MultiPoint"",""coordinates"":[]}"
20060309,2006-03-09,95106.51480232715,"{""type"":""MultiPoint"",""coordinates"":[]}"
20060310,2006-03-10,95054.95950528425,"{""type"":""MultiPoint"",""coordinates"":[]}"
20060311,2006-03-11,94929.70243123881,"{""type"":""MultiPoint"",""coordinates"":[]}"
20060312,2006-03-12,94837.34227707202,"{""type"":""MultiPoint"",""coordinates"":[]}"
20060313,2006-03-13,94872.93003988423,"{""type"":""MultiPoint"",""coordinates"":[]}"
20060314,2006-03-14,94932.73854144005,"{""type"":""MultiPoint"",""coordinates"":[]}"
20060315,2006-03-15,94904.5211173418,"{""type"":""MultiPoint"",""coordinates"":[]}"
20060316,2006-03-16,94810.55362209378,"{""type"":""MultiPoint"",""coordinates"":[]}"
20060317,2006-03-17,94926.1280667443,"{""type"":""MultiPoint"",""coordinates"":[]}"
20060318,2006-03-18,94978.77871301553,"{""type"":""MultiPoint"",""coordinates"":[]}"
20060319,2006-03-19,95015.91922066716,"{""type"":""MultiPoint"",""coordinates"":[]}"
20060320,2006-03-20,94956.27968826225,"{""type"":""MultiPoint"",""coordinates"":[]}"
20060321,2006-03-21,94751.83144821112,"{""type"":""MultiPoint"",""coordinates"":[]}"
20060322,2006-03-22,94655.73206749005,"{""type"":""MultiPoint"",""coordinates"":[]}"
20060323,2006-03-23,94681.87026403761,"{""type"":""MultiPoint"",""coordinates"":[]}"
20060324,2006-03-24,94717.87840413357,"{""type"":""MultiPoint"",""coordinates"":[]}"
20060325,2006-03-25,94823.63448954484,"{""type"":""MultiPoint"",""coordinates"":[]}"
20060326,2006-03-26,94784.26760419471,"{""type"":""MultiPoint"",""coordinates"":[]}"
20060327,2006-03-27,94688.49707198767,"{""type"":""MultiPoint"",""coordinates"":[]}"
20060328,2006-03-28,94793.30174261407,"{""type"":""MultiPoint"",""coordinates"":[]}"
20060329,2006-03-29,94914.48711673882,"{""type"":""MultiPoint"",""coordinates"":[]}"
20060330,2006-03-30,94963.47015474882,"{""type"":""MultiPoint"",""coordinates"":[]}"
20060331,2006-03-31,94898.67803818689,"{""type"":""MultiPoint"",""coordinates"":[]}"
20060401,2006-04-01,94775.62148583596,"{""type"":""MultiPoint"",""coordinates"":[]}"
20060402,2006-04-02,94761.61917416865,"{""type"":""MultiPoint"",""coordinates"":[]}"
20060403,2006-04-03,94713.91394709797,"{""type"":""MultiPoint"",""coordinates"":[]}"
20060404,2006-04-04,94698.2147323697,"{""type"":""MultiPoint"",""coordinates"":[]}"
20060405,2006-04-05,94688.96141825995,"{""type"":""MultiPoint"",""coordinates"":[]}"
20060406,2006-04-06,94669.98164241694,"{""type"":""MultiPoint"",""coordinates"":[]}"
20060407,2006-04-07,94600.87740352878,"{""type"":""MultiPoint"",""coordinates"":[]}"
20060408,2006-04-08,94524.85799905432,"{""type"":""MultiPoint"",""coordinates"":[]}"
20060409,2006-04-09,94593.26321709677,"{""type"":""MultiPoint"",""coordinates"":[]}"
20060410,2006-04-10,94683.73255616467,"{""type"":""MultiPoint"",""coordinates"":[]}"
20060411,2006-04-11,94558.71476301758,"{""type"":""MultiPoint"",""coordinates"":[]}"
20060412,2006-04-12,94444.22886788701,"{""type"":""MultiPoint"",""coordinates"":[]}"
20060413,2006-04-13,94524.54742845609,"{""type"":""MultiPoint"",""coordinates"":[]}"
20060414,2006-04-14,94719.27004172854,"{""type"":""MultiPoint"",""coordinates"":[]}"
20060415,2006-04-15,94710.88178284829,"{""type"":""MultiPoint"",""coordinates"":[]}"
20060416,2006-04-16,94634.1534890954,"{""type"":""MultiPoint"",""coordinates"":[]}"
20060417,2006-04-17,94730.83158690234,"{""type"":""MultiPoint"",""coordinates"":[]}"
20060418,2006-04-18,94762.90951323815,"{""type"":""MultiPoint"",""coordinates"":[]}"
20060419,2006-04-19,94958.10932680746,"{""type"":""MultiPoint"",""coordinates"":[]}"
20060420,2006-04-20,94980.98790455933,"{""type"":""MultiPoint"",""coordinates"":[]}"
20060421,2006-04-21,94882.35270659743,"{""type"":""MultiPoint"",""coordinates"":[]}"
20060422,2006-04-22,94735.69351471595,"{""type"":""MultiPoint"",""coordinates"":[]}"
20060423,2006-04-23,94674.73243552724,"{""type"":""MultiPoint"",""coordinates"":[]}"
20060424,2006-04-24,94607.18968447133,"{""type"":""MultiPoint"",""coordinates"":[]}"
20060425,2006-04-25,94547.50403410356,"{""type"":""MultiPoint"",""coordinates"":[]}"
20060426,2006-04-26,94525.50814444326,"{""type"":""MultiPoint"",""coordinates"":[]}"
20060427,2006-04-27,94477.2757032058,"{""type"":""MultiPoint"",""coordinates"":[]}"
20060428,2006-04-28,94399.96552937303,"{""type"":""MultiPoint"",""coordinates"":[]}"
20060429,2006-04-29,94370.5205643606,"{""type"":""MultiPoint"",""coordinates"":[]}"
20060430,2006-04-30,94485.94149307274,"{""type"":""MultiPoint"",""coordinates"":[]}"
20060501,2006-05-01,94537.47150747984,"{""type"":""MultiPoint"",""coordinates"":[]}"
20060502,2006-05-02,94631.47758371495,"{""type"":""MultiPoint"",""coordinates"":[]}"
20060503,2006-05-03,94728.65566081666,"{""type"":""MultiPoint"",""coordinates"":[]}"
20060504,2006-05-04,94756.40653543272,"{""type"":""MultiPoint"",""coordinates"":[]}"
20060505,2006-05-05,94797.79621918392,"{""type"":""MultiPoint"",""coordinates"":[]}"
20060506,2006-05-06,94652.52759268899,"{""type"":""MultiPoint"",""coordinates"":[]}"
20060507,2006-05-07,94498.17461212717,"{""type"":""MultiPoint"",""coordinates"":[]}"
20060508,2006-05-08,94538.1616252307,"{""type"":""MultiPoint"",""coordinates"":[]}"
20060509,2006-05-09,94540.07732742713,"{""type"":""MultiPoint"",""coordinates"":[]}"
20060510,2006-05-10,94402.83410480236,"{""type"":""MultiPoint"",""coordinates"":[]}"
20060511,2006-05-11,94468.799543012,"{""type"":""MultiPoint"",""coordinates"":[]}"
20060512,2006-05-12,94541.7111224916,"{""type"":""MultiPoint"",""coordinates"":[]}"
20060513,2006-05-13,94491.07484272488,"{""type"":""MultiPoint"",""coordinates"":[]}"
20060514,2006-05-14,94506.20251583695,"{""type"":""MultiPoint"",""coordinates"":[]}"
20060515,2006-05-15,94456.46388815744,"{""type"":""MultiPoint"",""coordinates"":[]}"
20060516,2006-05-16,94466.626675234,"{""type"":""MultiPoint"",""coordinates"":[]}"
20060517,2006-05-17,94496.59262622823,"{""type"":""MultiPoint"",""coordinates"":[]}"
20060518,2006-05-18,94432.39631049213,"{""type"":""MultiPoint"",""coordinates"":[]}"
20060519,2006-05-19,94404.63510285814,"{""type"":""MultiPoint"",""coordinates"":[]}"
20060520,2006-05-20,94413.876951755,"{""type"":""MultiPoint"",""coordinates"":[]}"
20060521,2006-05-21,94401.14882983002,"{""type"":""MultiPoint"",""coordinates"":[]}"
20060522,2006-05-22,94346.26807455145,"{""type"":""MultiPoint"",""coordinates"":[]}"
20060523,2006-05-23,94346.61047717812,"{""type"":""MultiPoint"",""coordinates"":[]}"
20060524,2006-05-24,94264.10222254817,"{""type"":""MultiPoint"",""coordinates"":[]}"
20060525,2006-05-25,94281.67439872578,"{""type"":""MultiPoint"",""coordinates"":[]}"
20060526,2006-05-26,94417.64086093113,"{""type"":""MultiPoint"",""coordinates"":[]}"
20060527,2006-05-27,94356.33368285562,"{""type"":""MultiPoint"",""coordinates"":[]}"
20060528,2006-05-28,94173.10447416088,"{""type"":""MultiPoint"",""coordinates"":[]}"
20060529,2006-05-29,94000.87372458336,"{""type"":""MultiPoint"",""coordinates"":[]}"
20060530,2006-05-30,93963.7381435897,"{""type"":""MultiPoint"",""coordinates"":[]}"
20060531,2006-05-31,94231.01598672979,"{""type"":""MultiPoint"",""coordinates"":[]}"
20060601,2006-06-01,94423.68025563887,"{""type"":""MultiPoint"",""coordinates"":[]}"
20060602,2006-06-02,94401.07334612792,"{""type"":""MultiPoint"",""coordinates"":[]}"
20060603,2006-06-03,94376.82367307285,"{""type"":""MultiPoint"",""coordinates"":[]}"
20060604,2006-06-04,94392.0923164416,"{""type"":""MultiPoint"",""coordinates"":[]}"
20060605,2006-06-05,94431.39530328207,"{""type"":""MultiPoint"",""coordinates"":[]}"
20060606,2006-06-06,94439.63980725755,"{""type"":""MultiPoint"",""coordinates"":[]}"
20060607,2006-06-07,94476.64818485829,"{""type"":""MultiPoint"",""coordinates"":[]}"
20060608,2006-06-08,94423.15709884453,"{""type"":""MultiPoint"",""coordinates"":[]}"
20060609,2006-06-09,94382.35834863756,"{""type"":""MultiPoint"",""coordinates"":[]}"
20060610,2006-06-10,94512.30259419844,"{""type"":""MultiPoint"",""coordinates"":[]}"
20060611,2006-06-11,94501.90195516364,"{""type"":""MultiPoint"",""coordinates"":[]}"
20060612,2006-06-12,94484.3792501569,"{""type"":""MultiPoint"",""coordinates"":[]}"
20060613,2006-06-13,94462.19321409863,"{""type"":""MultiPoint"",""coordinates"":[]}"
20060614,2006-06-14,94562.95134088835,"{""type"":""MultiPoint"",""coordinates"":[]}"
20060615,2006-06-15,94505.3976536472,"{""type"":""MultiPoint"",""coordinates"":[]}"
20060616,2006-06-16,94527.7793950644,"{""type"":""MultiPoint"",""coordinates"":[]}"
20060617,2006-06-17,94527.60770324529,"{""type"":""MultiPoint"",""coordinates"":[]}"
20060618,2006-06-18,94402.96546441536,"{""type"":""MultiPoint"",""coordinates"":[]}"
20060619,2006-06-19,94312.34795936328,"{""type"":""MultiPoint"",""coordinates"":[]}"
20060620,2006-06-20,94242.12110429603,"{""type"":""MultiPoint"",""coordinates"":[]}"
20060621,2006-06-21,94172.65360681662,"{""type"":""MultiPoint"",""coordinates"":[]}"
20060622,2006-06-22,94054.58821896024,"{""type"":""MultiPoint"",""coordinates"":[]}"
20060623,2006-06-23,94085.5609676621,"{""type"":""MultiPoint"",""coordinates"":[]}"
20060624,2006-06-24,94191.57558842233,"{""type"":""MultiPoint"",""coordinates"":[]}"
20060625,2006-06-25,94254.08163286358,"{""type"":""MultiPoint"",""coordinates"":[]}"
20060626,2006-06-26,94340.16039941741,"{""type"":""MultiPoint"",""coordinates"":[]}"
20060627,2006-06-27,94288.71852971488,"{""type"":""MultiPoint"",""coordinates"":[]}"
20060628,2006-06-28,94289.01160011992,"{""type"":""MultiPoint"",""coordinates"":[]}"
20060629,2006-06-29,94280.68530016065,"{""type"":""MultiPoint"",""coordinates"":[]}"
20060630,2006-06-30,94323.80006040144,"{""type"":""MultiPoint"",""coordinates"":[]}"
20060701,2006-07-01,94255.68174683742,"{""type"":""MultiPoint"",""coordinates"":[]}"
20060702,2006-07-02,93962.79761668257,"{""type"":""MultiPoint"",""coordinates"":[]}"
20060703,2006-07-03,93842.97477257617,"{""type"":""MultiPoint"",""coordinates"":[]}"
20060704,2006-07-04,93793.55392106321,"{""type"":""MultiPoint"",""coordinates"":[]}"
20060705,2006-07-05,94233.64887854502,"{""type"":""MultiPoint"",""coordinates"":[]}"
20060706,2006-07-06,94519.44708209827,"{""type"":""MultiPoint"",""coordinates"":[]}"
20060707,2006-07-07,94485.6141871307,"{""type"":""MultiPoint"",""coordinates"":[]}"
20060708,2006-07-08,94425.404172643,"{""type"":""MultiPoint"",""coordinates"":[]}"
20060709,2006-07-09,94448.71870791103,"{""type"":""MultiPoint"",""coordinates"":[]}"
20060710,2006-07-10,94505.78548346634,"{""type"":""MultiPoint"",""coordinates"":[]}"
20060711,2006-07-11,94455.53718878508,"{""type"":""MultiPoint"",""coordinates"":[]}"
20060712,2006-07-12,94371.10562072729,"{""type"":""MultiPoint"",""coordinates"":[]}"
20060713,2006-07-13,94286.27145169945,"{""type"":""MultiPoint"",""coordinates"":[]}"
20060714,2006-07-14,94291.69794759915,"{""type"":""MultiPoint"",""coordinates"":[]}"
20060715,2006-07-15,94290.41052290348,"{""type"":""MultiPoint"",""coordinates"":[]}"
20060716,2006-07-16,94171.59186586789,"{""type"":""MultiPoint"",""coordinates"":[]}"
20060717,2006-07-17,94097.89625376096,"{""type"":""MultiPoint"",""coordinates"":[]}"
20060718,2006-07-18,94252.63472595034,"{""type"":""MultiPoint"",""coordinates"":[]}"
20060719,2006-07-19,94415.78892109585,"{""type"":""MultiPoint"",""coordinates"":[]}"
20060720,2006-07-20,94449.74092867212,"{""type"":""MultiPoint"",""coordinates"":[]}"
20060721,2006-07-21,94357.57855233859,"{""type"":""MultiPoint"",""coordinates"":[]}"
20060722,2006-07-22,94463.3298252051,"{""type"":""MultiPoint"",""coordinates"":[]}"
20060723,2006-07-23,94639.07810321638,"{""type"":""MultiPoint"",""coordinates"":[]}"
20060724,2006-07-24,94643.83761206924,"{""type"":""MultiPoint"",""coordinates"":[]}"
20060725,2006-07-25,94503.26667138292,"{""type"":""MultiPoint"",""coordinates"":[]}"
20060726,2006-07-26,94549.6130199543,"{""type"":""MultiPoint"",""coordinates"":[]}"
20060727,2006-07-27,94463.4606322777,"{""type"":""MultiPoint"",""coordinates"":[]}"
20060728,2006-07-28,94207.14761721429,"{""type"":""MultiPoint"",""coordinates"":[]}"
20060729,2006-07-29,94237.55912992547,"{""type"":""MultiPoint"",""coordinates"":[]}"
20060730,2006-07-30,94370.92521123936,"{""type"":""MultiPoint"",""coordinates"":[]}"
20060731,2006-07-31,94477.35712072169,"{""type"":""MultiPoint"",""coordinates"":[]}"
20060801,2006-08-01,94435.09017811462,"{""type"":""MultiPoint"",""coordinates"":[]}"
20060802,2006-08-02,94356.68190109314,"{""type"":""MultiPoint"",""coordinates"":[]}"
20060803,2006-08-03,94105.62428429897,"{""type"":""MultiPoint"",""coordinates"":[]}"
20060804,2006-08-04,94082.81566510985,"{""type"":""MultiPoint"",""coordinates"":[]}"
20060805,2006-08-05,94390.70210065869,"{""type"":""MultiPoint"",""coordinates"":[]}"
20060806,2006-08-06,94561.94662947643,"{""type"":""MultiPoint"",""coordinates"":[]}"
20060807,2006-08-07,94625.9855431531,"{""type"":""MultiPoint"",""coordinates"":[]}"
20060808,2006-08-08,94610.49923190149,"{""type"":""MultiPoint"",""coordinates"":[]}"
20060809,2006-08-09,94454.66434599293,"{""type"":""MultiPoint"",""coordinates"":[]}"
20060810,2006-08-10,94279.49755480961,"{""type"":""MultiPoint"",""coordinates"":[]}"
20060811,2006-08-11,94245.84367147848,"{""type"":""MultiPoint"",""coordinates"":[]}"
20060812,2006-08-12,94194.0476485308,"{""type"":""MultiPoint"",""coordinates"":[]}"
20060813,2006-08-13,94194.04341644798,"{""type"":""MultiPoint"",""coordinates"":[]}"
20060814,2006-08-14,94159.50165933698,"{""type"":""MultiPoint"",""coordinates"":[]}"
20060815,2006-08-15,94085.6698280059,"{""type"":""MultiPoint"",""coordinates"":[]}"
20060816,2006-08-16,94002.18913939796,"{""type"":""MultiPoint"",""coordinates"":[]}"
20060817,2006-08-17,94106.74467543044,"{""type"":""MultiPoint"",""coordinates"":[]}"
20060818,2006-08-18,94414.96826588963,"{""type"":""MultiPoint"",""coordinates"":[]}"
20060819,2006-08-19,94631.5333940984,"{""type"":""MultiPoint"",""coordinates"":[]}"
20060820,2006-08-20,94640.7684156098,"{""type"":""MultiPoint"",""coordinates"":[]}"
20060821,2006-08-21,94594.22971703015,"{""type"":""MultiPoint"",""coordinates"":[]}"
20060822,2006-08-22,94553.01157937378,"{""type"":""MultiPoint"",""coordinates"":[]}"
20060823,2006-08-23,94608.97439931032,"{""type"":""MultiPoint"",""coordinates"":[]}"
20060824,2006-08-24,94712.52822002074,"{""type"":""MultiPoint"",""coordinates"":[]}"
20060825,2006-08-25,94796.79539049536,"{""type"":""MultiPoint"",""coordinates"":[]}"
20060826,2006-08-26,94703.47316414479,"{""type"":""MultiPoint"",""coordinates"":[]}"
20060827,2006-08-27,94553.39422396591,"{""type"":""MultiPoint"",""coordinates"":[]}"
20060828,2006-08-28,94477.60610272823,"{""type"":""MultiPoint"",""coordinates"":[]}"
20060829,2006-08-29,94494.13220593445,"{""type"":""MultiPoint"",""coordinates"":[]}"
20060830,2006-08-30,94481.49742422269,"{""type"":""MultiPoint"",""coordinates"":[]}"
20060831,2006-08-31,94516.57398115062,"{""type"":""MultiPoint"",""coordinates"":[]}"
20060901,2006-09-01,94598.28976031004,"{""type"":""MultiPoint"",""coordinates"":[]}"
20060902,2006-09-02,94727.83734292691,"{""type"":""MultiPoint"",""coordinates"":[]}"
20060903,2006-09-03,94661.42144268347,"{""type"":""MultiPoint"",""coordinates"":[]}"
20060904,2006-09-04,94401.60704208475,"{""type"":""MultiPoint"",""coordinates"":[]}"
20060905,2006-09-05,94359.75041927466,"{""type"":""MultiPoint"",""coordinates"":[]}"
20060906,2006-09-06,94454.74649932509,"{""type"":""MultiPoint"",""coordinates"":[]}"
20060907,2006-09-07,94630.24433566083,"{""type"":""MultiPoint"",""coordinates"":[]}"
20060908,2006-09-08,94678.14652535159,"{""type"":""MultiPoint"",""coordinates"":[]}"
20060909,2006-09-09,94706.67473581647,"{""type"":""MultiPoint"",""coordinates"":[]}"
20060910,2006-09-10,94635.7391808101,"{""type"":""MultiPoint"",""coordinates"":[]}"
20060911,2006-09-11,94498.11075597118,"{""type"":""MultiPoint"",""coordinates"":[]}"
20060912,2006-09-12,94556.71609115717,"{""type"":""MultiPoint"",""coordinates"":[]}"
20060913,2006-09-13,94647.7257278773,"{""type"":""MultiPoint"",""coordinates"":[]}"
20060914,2006-09-14,94548.19728894148,"{""type"":""MultiPoint"",""coordinates"":[]}"
20060915,2006-09-15,94483.81988175011,"{""type"":""MultiPoint"",""coordinates"":[]}"
20060916,2006-09-16,94552.02399716822,"{""type"":""MultiPoint"",""coordinates"":[]}"
20060917,2006-09-17,94492.31891452643,"{""type"":""MultiPoint"",""coordinates"":[]}"
20060918,2006-09-18,94443.8301845749,"{""type"":""MultiPoint"",""coordinates"":[]}"
20060919,2006-09-19,94409.1920520627,"{""type"":""MultiPoint"",""coordinates"":[]}"
20060920,2006-09-20,94521.40999782333,"{""type"":""MultiPoint"",""coordinates"":[]}"
20060921,2006-09-21,94558.23065453515,"{""type"":""MultiPoint"",""coordinates"":[]}"
20060922,2006-09-22,94568.19345413268,"{""type"":""MultiPoint"",""coordinates"":[]}"
20060923,2006-09-23,94679.4979992452,"{""type"":""MultiPoint"",""coordinates"":[]}"
20060924,2006-09-24,94738.90639818602,"{""type"":""MultiPoint"",""coordinates"":[]}"
20060925,2006-09-25,94845.75319578475,"{""type"":""MultiPoint"",""coordinates"":[]}"
20060926,2006-09-26,94729.54535647709,"{""type"":""MultiPoint"",""coordinates"":[]}"
20060927,2006-09-27,94600.48714645072,"{""type"":""MultiPoint"",""coordinates"":[]}"
20060928,2006-09-28,94648.378849763,"{""type"":""MultiPoint"",""coordinates"":[]}"
20060929,2006-09-29,94560.52586874002,"{""type"":""MultiPoint"",""coordinates"":[]}"
20060930,2006-09-30,94517.916976311,"{""type"":""MultiPoint"",""coordinates"":[]}"
20061001,2006-10-01,94544.38717601064,"{""type"":""MultiPoint"",""coordinates"":[]}"
20061002,2006-10-02,94596.9366258656,"{""type"":""MultiPoint"",""coordinates"":[]}"
20061003,2006-10-03,94697.22592588369,"{""type"":""MultiPoint"",""coordinates"":[]}"
20061004,2006-10-04,94762.53532071956,"{""type"":""MultiPoint"",""coordinates"":[]}"
20061005,2006-10-05,94718.52171348334,"{""type"":""MultiPoint"",""coordinates"":[]}"
20061006,2006-10-06,94737.76379623587,"{""type"":""MultiPoint"",""coordinates"":[]}"
20061007,2006-10-07,94752.4070048195,"{""type"":""MultiPoint"",""coordinates"":[]}"
20061008,2006-10-08,94901.34488667114,"{""type"":""MultiPoint"",""coordinates"":[]}"
20061009,2006-10-09,94985.47664370057,"{""type"":""MultiPoint"",""coordinates"":[]}"
20061010,2006-10-10,95081.65088375533,"{""type"":""MultiPoint"",""coordinates"":[]}"
20061011,2006-10-11,95167.66942087076,"{""type"":""MultiPoint"",""coordinates"":[]}"
20061012,2006-10-12,95145.60045094903,"{""type"":""MultiPoint"",""coordinates"":[]}"
20061013,2006-10-13,95241.06489226405,"{""type"":""MultiPoint"",""coordinates"":[]}"
20061014,2006-10-14,95231.76815790178,"{""type"":""MultiPoint"",""coordinates"":[]}"
20061015,2006-10-15,95153.84172845856,"{""type"":""MultiPoint"",""coordinates"":[]}"
20061016,2006-10-16,95184.96965868185,"{""type"":""MultiPoint"",""coordinates"":[]}"
20061017,2006-10-17,95221.28799063743,"{""type"":""MultiPoint"",""coordinates"":[]}"
20061018,2006-10-18,95164.76940942567,"{""type"":""MultiPoint"",""coordinates"":[]}"
20061019,2006-10-19,95126.45971403313,"{""type"":""MultiPoint"",""coordinates"":[]}"
20061020,2006-10-20,95221.0973012412,"{""type"":""MultiPoint"",""coordinates"":[]}"
20061021,2006-10-21,95262.68387782623,"{""type"":""MultiPoint"",""coordinates"":[]}"
20061022,2006-10-22,95215.06830423087,"{""type"":""MultiPoint"",""coordinates"":[]}"
20061023,2006-10-23,95227.72279297427,"{""type"":""MultiPoint"",""coordinates"":[]}"
20061024,2006-10-24,95264.78215522316,"{""type"":""MultiPoint"",""coordinates"":[]}"
20061025,2006-10-25,95288.40325483936,"{""type"":""MultiPoint"",""coordinates"":[]}"
20061026,2006-10-26,95267.1610044097,"{""type"":""MultiPoint"",""coordinates"":[]}"
20061027,2006-10-27,95217.07416535557,"{""type"":""MultiPoint"",""coordinates"":[]}"
20061028,2006-10-28,95074.67058039711,"{""type"":""MultiPoint"",""coordinates"":[]}"
20061029,2006-10-29,95012.4312508043,"{""type"":""MultiPoint"",""coordinates"":[]}"
20061030,2006-10-30,95058.1013836188,"{""type"":""MultiPoint"",""coordinates"":[]}"
20061031,2006-10-31,95114.82971382495,"{""type"":""MultiPoint"",""coordinates"":[]}"
20061101,2006-11-01,95046.42740183498,"{""type"":""MultiPoint"",""coordinates"":[]}"
20061102,2006-11-02,95081.20799762597,"{""type"":""MultiPoint"",""coordinates"":[]}"
20061103,2006-11-03,95180.21666974032,"{""type"":""MultiPoint"",""coordinates"":[]}"
20061104,2006-11-04,95202.45355534289,"{""type"":""MultiPoint"",""coordinates"":[]}"
20061105,2006-11-05,95211.84120329676,"{""type"":""MultiPoint"",""coordinates"":[]}"
20061106,2006-11-06,95133.313380435,"{""type"":""MultiPoint"",""coordinates"":[]}"
20061107,2006-11-07,95099.50113304268,"{""type"":""MultiPoint"",""coordinates"":[]}"
20061108,2006-11-08,95205.72450395624,"{""type"":""MultiPoint"",""coordinates"":[]}"
20061109,2006-11-09,95317.33872600064,"{""type"":""MultiPoint"",""coordinates"":[]}"
20061110,2006-11-10,95344.41473048982,"{""type"":""MultiPoint"",""coordinates"":[]}"
20061111,2006-11-11,95322.69450505947,"{""type"":""MultiPoint"",""coordinates"":[]}"
20061112,2006-11-12,95236.25146963864,"{""type"":""MultiPoint"",""coordinates"":[]}"
20061113,2006-11-13,95191.48209136941,"{""type"":""MultiPoint"",""coordinates"":[]}"
20061114,2006-11-14,95210.99035897337,"{""type"":""MultiPoint"",""coordinates"":[]}"
20061115,2006-11-15,95236.30130748994,"{""type"":""MultiPoint"",""coordinates"":[]}"
20061116,2006-11-16,95149.39190646616,"{""type"":""MultiPoint"",""coordinates"":[]}"
20061117,2006-11-17,95081.80905913522,"{""type"":""MultiPoint"",""coordinates"":[]}"
20061118,2006-11-18,95126.22073179235,"{""type"":""MultiPoint"",""coordinates"":[]}"
20061119,2006-11-19,95119.80791922919,"{""type"":""MultiPoint"",""coordinates"":[]}"
20061120,2006-11-20,95101.21208096678,"{""type"":""MultiPoint"",""coordinates"":[]}"
20061121,2006-11-21,95072.67316275991,"{""type"":""MultiPoint"",""coordinates"":[]}"
20061122,2006-11-22,95036.97919521891,"{""type"":""MultiPoint"",""coordinates"":[]}"
20061123,2006-11-23,95020.47330940084,"{""type"":""MultiPoint"",""coordinates"":[]}"
20061124,2006-11-24,95049.77182017734,"{""type"":""MultiPoint"",""coordinates"":[]}"
20061125,2006-11-25,95035.1279854354,"{""type"":""MultiPoint"",""coordinates"":[]}"
20061126,2006-11-26,94983.95541726389,"{""type"":""MultiPoint"",""coordinates"":[]}"
20061127,2006-11-27,95048.18913539659,"{""type"":""MultiPoint"",""coordinates"":[]}"
20061128,2006-11-28,95123.83648841271,"{""type"":""MultiPoint"",""coordinates"":[]}"
20061129,2006-11-29,95261.0290057523,"{""type"":""MultiPoint"",""coordinates"":[]}"
20061130,2006-11-30,95312.54983102849,"{""type"":""MultiPoint"",""coordinates"":[]}"
20061201,2006-12-01,95274.18286415972,"{""type"":""MultiPoint"",""coordinates"":[]}"
20061202,2006-12-02,95266.22419222989,"{""type"":""MultiPoint"",""coordinates"":[]}"
20061203,2006-12-03,95347.92732225529,"{""type"":""MultiPoint"",""coordinates"":[]}"
20061204,2006-12-04,95426.55225295706,"{""type"":""MultiPoint"",""coordinates"":[]}"
20061205,2006-12-05,95410.95792283451,"{""type"":""MultiPoint"",""coordinates"":[]}"
20061206,2006-12-06,95316.269039415,"{""type"":""MultiPoint"",""coordinates"":[]}"
20061207,2006-12-07,95280.47661980751,"{""type"":""MultiPoint"",""coordinates"":[]}"
20061208,2006-12-08,95357.36774957579,"{""type"":""MultiPoint"",""coordinates"":[]}"
20061209,2006-12-09,95409.41776778683,"{""type"":""MultiPoint"",""coordinates"":[]}"
20061210,2006-12-10,95349.00586247433,"{""type"":""MultiPoint"",""coordinates"":[]}"
20061211,2006-12-11,95239.78856546336,"{""type"":""MultiPoint"",""coordinates"":[]}"
20061212,2006-12-12,95247.6138177511,"{""type"":""MultiPoint"",""coordinates"":[]}"
20061213,2006-12-13,95396.45789462823,"{""type"":""MultiPoint"",""coordinates"":[]}"
20061214,2006-12-14,95384.8291014744,"{""type"":""MultiPoint"",""coordinates"":[]}"
20061215,2006-12-15,95373.081018248,"{""type"":""MultiPoint"",""coordinates"":[]}"
20061216,2006-12-16,95409.72793599062,"{""type"":""MultiPoint"",""coordinates"":[]}"
20061217,2006-12-17,95327.65399772934,"{""type"":""MultiPoint"",""coordinates"":[]}"
20061218,2006-12-18,95246.85974083295,"{""type"":""MultiPoint"",""coordinates"":[]}"
20061219,2006-12-19,95320.81229256674,"{""type"":""MultiPoint"",""coordinates"":[]}"
20061220,2006-12-20,95382.29535419818,"{""type"":""MultiPoint"",""coordinates"":[]}"
20061221,2006-12-21,95289.96563701614,"{""type"":""MultiPoint"",""coordinates"":[]}"
20061222,2006-12-22,95223.63280063147,"{""type"":""MultiPoint"",""coordinates"":[]}"
20061223,2006-12-23,95267.02349223717,"{""type"":""MultiPoint"",""coordinates"":[]}"
20061224,2006-12-24,95239.58844299574,"{""type"":""MultiPoint"",""coordinates"":[]}"
20061225,2006-12-25,95209.9082066992,"{""type"":""MultiPoint"",""coordinates"":[]}"
20061226,2006-12-26,95172.10173553502,"{""type"":""MultiPoint"",""coordinates"":[]}"
20061227,2006-12-27,95179.01011107821,"{""type"":""MultiPoint"",""coordinates"":[]}"
20061228,2006-12-28,95303.83306144424,"{""type"":""MultiPoint"",""coordinates"":[]}"
20061229,2006-12-29,95383.64517488562,"{""type"":""MultiPoint"",""coordinates"":[]}"
20061230,2006-12-30,95349.35209355502,"{""type"":""MultiPoint"",""coordinates"":[]}"
20061231,2006-12-31,95364.53050025353,"{""type"":""MultiPoint"",""coordinates"":[]}"
20070101,2007-01-01,95358.50251583154,"{""type"":""MultiPoint"",""coordinates"":[]}"
20070102,2007-01-02,95417.12735518694,"{""type"":""MultiPoint"",""coordinates"":[]}"
20070103,2007-01-03,95370.55625083817,"{""type"":""MultiPoint"",""coordinates"":[]}"
20070104,2007-01-04,95300.54178657195,"{""type"":""MultiPoint"",""coordinates"":[]}"
20070105,2007-01-05,95296.29313099495,"{""type"":""MultiPoint"",""coordinates"":[]}"
20070106,2007-01-06,95330.37384845606,"{""type"":""MultiPoint"",""coordinates"":[]}"
20070107,2007-01-07,95315.30062537343,"{""type"":""MultiPoint"",""coordinates"":[]}"
20070108,2007-01-08,95345.48599784994,"{""type"":""MultiPoint"",""coordinates"":[]}"
20070109,2007-01-09,95426.32595482482,"{""type"":""MultiPoint"",""coordinates"":[]}"
20070110,2007-01-10,95428.62154382853,"{""type"":""MultiPoint"",""coordinates"":[]}"
20070111,2007-01-11,95298.73372953312,"{""type"":""MultiPoint"",""coordinates"":[]}"
20070112,2007-01-12,95317.4147952847,"{""type"":""MultiPoint"",""coordinates"":[]}"
20070113,2007-01-13,95284.22178863989,"{""type"":""MultiPoint"",""coordinates"":[]}"
20070114,2007-01-14,95224.09915875408,"{""type"":""MultiPoint"",""coordinates"":[]}"
20070115,2007-01-15,95171.28379194204,"{""type"":""MultiPoint"",""coordinates"":[]}"
20070116,2007-01-16,95170.97543292968,"{""type"":""MultiPoint"",""coordinates"":[]}"
20070117,2007-01-17,95314.72343292747,"{""type"":""MultiPoint"",""coordinates"":[]}"
20070118,2007-01-18,95394.83471248022,"{""type"":""MultiPoint"",""coordinates"":[]}"
20070119,2007-01-19,95372.35137840347,"{""type"":""MultiPoint"",""coordinates"":[]}"
20070120,2007-01-20,95286.1532109126,"{""type"":""MultiPoint"",""coordinates"":[]}"
20070121,2007-01-21,95328.15417066266,"{""type"":""MultiPoint"",""coordinates"":[]}"
20070122,2007-01-22,95352.98835706567,"{""type"":""MultiPoint"",""coordinates"":[]}"
20070123,2007-01-23,95386.67227799131,"{""type"":""MultiPoint"",""coordinates"":[]}"
20070124,2007-01-24,95417.45900994982,"{""type"":""MultiPoint"",""coordinates"":[]}"
20070125,2007-01-25,95345.11886277469,"{""type"":""MultiPoint"",""coordinates"":[]}"
20070126,2007-01-26,95342.10757835538,"{""type"":""MultiPoint"",""coordinates"":[]}"
20070127,2007-01-27,95386.76224094802,"{""type"":""MultiPoint"",""coordinates"":[]}"
20070128,2007-01-28,95406.80376852328,"{""type"":""MultiPoint"",""coordinates"":[]}"
20070129,2007-01-29,95361.48336559924,"{""type"":""MultiPoint"",""coordinates"":[]}"
20070130,2007-01-30,95438.39139185057,"{""type"":""MultiPoint"",""coordinates"":[]}"
20070131,2007-01-31,95456.55516305845,"{""type"":""MultiPoint"",""coordinates"":[]}"
20070201,2007-02-01,95360.55775611619,"{""type"":""MultiPoint"",""coordinates"":[]}"
20070202,2007-02-02,95335.40144763514,"{""type"":""MultiPoint"",""coordinates"":[]}"
20070203,2007-02-03,95327.45971161203,"{""type"":""MultiPoint"",""coordinates"":[]}"
20070204,2007-02-04,95147.14759503044,"{""type"":""MultiPoint"",""coordinates"":[]}"
20070205,2007-02-05,95093.33707640233,"{""type"":""MultiPoint"",""coordinates"":[]}"
20070206,2007-02-06,95064.01399855554,"{""type"":""MultiPoint"",""coordinates"":[]}"
20070207,2007-02-07,95069.77462116348,"{""type"":""MultiPoint"",""coordinates"":[]}"
20070208,2007-02-08,95193.02822960369,"{""type"":""MultiPoint"",""coordinates"":[]}"
20070209,2007-02-09,95204.0243021669,"{""type"":""MultiPoint"",""coordinates"":[]}"
20070210,2007-02-10,95137.86483931186,"{""type"":""MultiPoint"",""coordinates"":[]}"
20070211,2007-02-11,95156.51241563098,"{""type"":""MultiPoint"",""coordinates"":[]}"
20070212,2007-02-12,95017.94211593538,"{""type"":""MultiPoint"",""coordinates"":[]}"
20070213,2007-02-13,94868.11565628108,"{""type"":""MultiPoint"",""coordinates"":[]}"
20070214,2007-02-14,95091.1524737061,"{""type"":""MultiPoint"",""coordinates"":[]}"
20070215,2007-02-15,95062.41078468063,"{""type"":""MultiPoint"",""coordinates"":[]}"
20070216,2007-02-16,94985.40474298602,"{""type"":""MultiPoint"",""coordinates"":[]}"
20070217,2007-02-17,95069.06619672105,"{""type"":""MultiPoint"",""coordinates"":[]}"
20070218,2007-02-18,95137.37194553808,"{""type"":""MultiPoint"",""coordinates"":[]}"
20070219,2007-02-19,95255.54560993257,"{""type"":""MultiPoint"",""coordinates"":[]}"
20070220,2007-02-20,95293.51710150881,"{""type"":""MultiPoint"",""coordinates"":[]}"
20070221,2007-02-21,95240.9943108115,"{""type"":""MultiPoint"",""coordinates"":[]}"
20070222,2007-02-22,95013.33141362306,"{""type"":""MultiPoint"",""coordinates"":[]}"
20070223,2007-02-23,94938.06972433394,"{""type"":""MultiPoint"",""coordinates"":[]}"
20070224,2007-02-24,95025.83792897704,"{""type"":""MultiPoint"",""coordinates"":[]}"
20070225,2007-02-25,94945.4958891041,"{""type"":""MultiPoint"",""coordinates"":[]}"
20070226,2007-02-26,94822.16317536443,"{""type"":""MultiPoint"",""coordinates"":[]}"
20070227,2007-02-27,94897.76295706921,"{""type"":""MultiPoint"",""coordinates"":[]}"
20070228,2007-02-28,94874.63060979178,"{""type"":""MultiPoint"",""coordinates"":[]}"
20070301,2007-03-01,94799.33148155129,"{""type"":""MultiPoint"",""coordinates"":[]}"
20070302,2007-03-02,94885.12739011418,"{""type"":""MultiPoint"",""coordinates"":[]}"
20070303,2007-03-03,94983.49136906592,"{""type"":""MultiPoint"",""coordinates"":[]}"
20070304,2007-03-04,95046.38596393065,"{""type"":""MultiPoint"",""coordinates"":[]}"
20070305,2007-03-05,95111.48712387361,"{""type"":""MultiPoint"",""coordinates"":[]}"
20070306,2007-03-06,94878.0256078378,"{""type"":""MultiPoint"",""coordinates"":[]}"
20070307,2007-03-07,94724.29277092006,"{""type"":""MultiPoint"",""coordinates"":[]}"
20070308,2007-03-08,94739.37464858552,"{""type"":""MultiPoint"",""coordinates"":[]}"
20070309,2007-03-09,94844.12435540796,"{""type"":""MultiPoint"",""coordinates"":[]}"
20070310,2007-03-10,94987.78907415131,"{""type"":""MultiPoint"",""coordinates"":[]}"
20070311,2007-03-11,94982.19895205589,"{""type"":""MultiPoint"",""coordinates"":[]}"
20070312,2007-03-12,95052.52215138826,"{""type"":""MultiPoint"",""coordinates"":[]}"
20070313,2007-03-13,95011.04687985596,"{""type"":""MultiPoint"",""coordinates"":[]}"
20070314,2007-03-14,94960.92998630666,"{""type"":""MultiPoint"",""coordinates"":[]}"
20070315,2007-03-15,94942.73575898912,"{""type"":""MultiPoint"",""coordinates"":[]}"
20070316,2007-03-16,95015.19035509949,"{""type"":""MultiPoint"",""coordinates"":[]}"
20070317,2007-03-17,94967.13537845694,"{""type"":""MultiPoint"",""coordinates"":[]}"
20070318,2007-03-18,94823.43283213512,"{""type"":""MultiPoint"",""coordinates"":[]}"
20070319,2007-03-19,94879.86656441352,"{""type"":""MultiPoint"",""coordinates"":[]}"
20070320,2007-03-20,94910.00694146498,"{""type"":""MultiPoint"",""coordinates"":[]}"
20070321,2007-03-21,94896.64399076132,"{""type"":""MultiPoint"",""coordinates"":[]}"
20070322,2007-03-22,95025.30158164413,"{""type"":""MultiPoint"",""coordinates"":[]}"
20070323,2007-03-23,95026.98118312171,"{""type"":""MultiPoint"",""coordinates"":[]}"
20070324,2007-03-24,94961.31170100285,"{""type"":""MultiPoint"",""coordinates"":[]}"
20070325,2007-03-25,94760.26050130566,"{""type"":""MultiPoint"",""coordinates"":[]}"
20070326,2007-03-26,94813.68891178846,"{""type"":""MultiPoint"",""coordinates"":[]}"
20070327,2007-03-27,94937.76585698409,"{""type"":""MultiPoint"",""coordinates"":[]}"
20070328,2007-03-28,94962.98838603833,"{""type"":""MultiPoint"",""coordinates"":[]}"
20070329,2007-03-29,94884.5299137628,"{""type"":""MultiPoint"",""coordinates"":[]}"
20070330,2007-03-30,94917.1944371244,"{""type"":""MultiPoint"",""coordinates"":[]}"
20070331,2007-03-31,95001.1766333565,"{""type"":""MultiPoint"",""coordinates"":[]}"
20070401,2007-04-01,94913.82650425918,"{""type"":""MultiPoint"",""coordinates"":[]}"
20070402,2007-04-02,94758.13975332056,"{""type"":""MultiPoint"",""coordinates"":[]}"
20070403,2007-04-03,94676.26437654848,"{""type"":""MultiPoint"",""coordinates"":[]}"
20070404,2007-04-04,94726.23854554324,"{""type"":""MultiPoint"",""coordinates"":[]}"
20070405,2007-04-05,94868.4306732656,"{""type"":""MultiPoint"",""coordinates"":[]}"
20070406,2007-04-06,94877.55876810742,"{""type"":""MultiPoint"",""coordinates"":[]}"
20070407,2007-04-07,94795.20579377841,"{""type"":""MultiPoint"",""coordinates"":[]}"
20070408,2007-04-08,94801.29051656713,"{""type"":""MultiPoint"",""coordinates"":[]}"
20070409,2007-04-09,94826.2768711283,"{""type"":""MultiPoint"",""coordinates"":[]}"
20070410,2007-04-10,94802.99949567275,"{""type"":""MultiPoint"",""coordinates"":[]}"
20070411,2007-04-11,94694.14152608594,"{""type"":""MultiPoint"",""coordinates"":[]}"
20070412,2007-04-12,94642.79644785135,"{""type"":""MultiPoint"",""coordinates"":[]}"
20070413,2007-04-13,94751.94593590518,"{""type"":""MultiPoint"",""coordinates"":[]}"
20070414,2007-04-14,94815.92588175209,"{""type"":""MultiPoint"",""coordinates"":[]}"
20070415,2007-04-15,94851.57462574936,"{""type"":""MultiPoint"",""coordinates"":[]}"
20070416,2007-04-16,94767.9015556042,"{""type"":""MultiPoint"",""coordinates"":[]}"
20070417,2007-04-17,94753.51735836208,"{""type"":""MultiPoint"",""coordinates"":[]}"
20070418,2007-04-18,94829.01824075032,"{""type"":""MultiPoint"",""coordinates"":[]}"
20070419,2007-04-19,94861.33037187913,"{""type"":""MultiPoint"",""coordinates"":[]}"
20070420,2007-04-20,94863.2229600211,"{""type"":""MultiPoint"",""coordinates"":[]}"
20070421,2007-04-21,94784.65998054972,"{""type"":""MultiPoint"",""coordinates"":[]}"
20070422,2007-04-22,94769.55516790047,"{""type"":""MultiPoint"",""coordinates"":[]}"
20070423,2007-04-23,94672.71334385034,"{""type"":""MultiPoint"",""coordinates"":[]}"
20070424,2007-04-24,94608.73808908302,"{""type"":""MultiPoint"",""coordinates"":[]}"
20070425,2007-04-25,94611.93787648731,"{""type"":""MultiPoint"",""coordinates"":[]}"
20070426,2007-04-26,94724.28045151173,"{""type"":""MultiPoint"",""coordinates"":[]}"
20070427,2007-04-27,94746.63498548958,"{""type"":""MultiPoint"",""coordinates"":[]}"
20070428,2007-04-28,94626.85253057147,"{""type"":""MultiPoint"",""coordinates"":[]}"
20070429,2007-04-29,94630.53017177581,"{""type"":""MultiPoint"",""coordinates"":[]}"
20070430,2007-04-30,94719.81006816322,"{""type"":""MultiPoint"",""coordinates"":[]}"
20070501,2007-05-01,94707.97997440565,"{""type"":""MultiPoint"",""coordinates"":[]}"
20070502,2007-05-02,94514.97224036613,"{""type"":""MultiPoint"",""coordinates"":[]}"
20070503,2007-05-03,94354.88856688337,"{""type"":""MultiPoint"",""coordinates"":[]}"
20070504,2007-05-04,94376.85131807125,"{""type"":""MultiPoint"",""coordinates"":[]}"
20070505,2007-05-05,94417.02743776159,"{""type"":""MultiPoint"",""coordinates"":[]}"
20070506,2007-05-06,94302.80266730812,"{""type"":""MultiPoint"",""coordinates"":[]}"
20070507,2007-05-07,94301.74561391237,"{""type"":""MultiPoint"",""coordinates"":[]}"
20070508,2007-05-08,94333.79152887754,"{""type"":""MultiPoint"",""coordinates"":[]}"
20070509,2007-05-09,94404.64764930645,"{""type"":""MultiPoint"",""coordinates"":[]}"
20070510,2007-05-10,94407.97905058648,"{""type"":""MultiPoint"",""coordinates"":[]}"
20070511,2007-05-11,94284.027621519,"{""type"":""MultiPoint"",""coordinates"":[]}"
20070512,2007-05-12,94348.75701890809,"{""type"":""MultiPoint"",""coordinates"":[]}"
20070513,2007-05-13,94325.14463464783,"{""type"":""MultiPoint"",""coordinates"":[]}"
20070514,2007-05-14,94260.43760538491,"{""type"":""MultiPoint"",""coordinates"":[]}"
20070515,2007-05-15,94311.89180167115,"{""type"":""MultiPoint"",""coordinates"":[]}"
20070516,2007-05-16,94472.24549890391,"{""type"":""MultiPoint"",""coordinates"":[]}"
20070517,2007-05-17,94414.94855933246,"{""type"":""MultiPoint"",""coordinates"":[]}"
20070518,2007-05-18,94451.21154191579,"{""type"":""MultiPoint"",""coordinates"":[]}"
20070519,2007-05-19,94500.12046378003,"{""type"":""MultiPoint"",""coordinates"":[]}"
20070520,2007-05-20,94402.53139377761,"{""type"":""MultiPoint"",""coordinates"":[]}"
20070521,2007-05-21,94338.65426774649,"{""type"":""MultiPoint"",""coordinates"":[]}"
20070522,2007-05-22,94399.61789325872,"{""type"":""MultiPoint"",""coordinates"":[]}"
20070523,2007-05-23,94523.40452658698,"{""type"":""MultiPoint"",""coordinates"":[]}"
20070524,2007-05-24,94503.1228902455,"{""type"":""MultiPoint"",""coordinates"":[]}"
20070525,2007-05-25,94408.86874918366,"{""type"":""MultiPoint"",""coordinates"":[]}"
20070526,2007-05-26,94502.08204263692,"{""type"":""MultiPoint"",""coordinates"":[]}"
20070527,2007-05-27,94527.33818858389,"{""type"":""MultiPoint"",""coordinates"":[]}"
20070528,2007-05-28,94577.35132444618,"{""type"":""MultiPoint"",""coordinates"":[]}"
20070529,2007-05-29,94621.0375394263,"{""type"":""MultiPoint"",""coordinates"":[]}"
20070530,2007-05-30,94583.1995865495,"{""type"":""MultiPoint"",""coordinates"":[]}"
20070531,2007-05-31,94555.87778693381,"{""type"":""MultiPoint"",""coordinates"":[]}"
20070601,2007-06-01,94470.67373458829,"{""type"":""MultiPoint"",""coordinates"":[]}"
20070602,2007-06-02,94452.22753789615,"{""type"":""MultiPoint"",""coordinates"":[]}"
20070603,2007-06-03,94484.2447220701,"{""type"":""MultiPoint"",""coordinates"":[]}"
20070604,2007-06-04,94525.99565653702,"{""type"":""MultiPoint"",""coordinates"":[]}"
20070605,2007-06-05,94484.4822127055,"{""type"":""MultiPoint"",""coordinates"":[]}"
20070606,2007-06-06,94440.2640554495,"{""type"":""MultiPoint"",""coordinates"":[]}"
20070607,2007-06-07,94421.95376054487,"{""type"":""MultiPoint"",""coordinates"":[]}"
20070608,2007-06-08,94370.72374493885,"{""type"":""MultiPoint"",""coordinates"":[]}"
20070609,2007-06-09,94336.56098467796,"{""type"":""MultiPoint"",""coordinates"":[]}"
20070610,2007-06-10,94218.4511442791,"{""type"":""MultiPoint"",""coordinates"":[]}"
20070611,2007-06-11,94109.74975660189,"{""type"":""MultiPoint"",""coordinates"":[]}"
20070612,2007-06-12,94102.59094044818,"{""type"":""MultiPoint"",""coordinates"":[]}"
20070613,2007-06-13,94151.88964706058,"{""type"":""MultiPoint"",""coordinates"":[]}"
20070614,2007-06-14,94159.48095992705,"{""type"":""MultiPoint"",""coordinates"":[]}"
20070615,2007-06-15,94141.20226400216,"{""type"":""MultiPoint"",""coordinates"":[]}"
20070616,2007-06-16,94124.56789783489,"{""type"":""MultiPoint"",""coordinates"":[]}"
20070617,2007-06-17,94139.23935683597,"{""type"":""MultiPoint"",""coordinates"":[]}"
20070618,2007-06-18,94177.6579433283,"{""type"":""MultiPoint"",""coordinates"":[]}"
20070619,2007-06-19,94109.87137739891,"{""type"":""MultiPoint"",""coordinates"":[]}"
20070620,2007-06-20,93946.44423150888,"{""type"":""MultiPoint"",""coordinates"":[]}"
20070621,2007-06-21,93672.65068195791,"{""type"":""MultiPoint"",""coordinates"":[]}"
20070622,2007-06-22,93123.59926393571,"{""type"":""MultiPoint"",""coordinates"":[]}"
20070623,2007-06-23,93859.65613087482,"{""type"":""MultiPoint"",""coordinates"":[]}"
20070624,2007-06-24,94519.89356970963,"{""type"":""MultiPoint"",""coordinates"":[]}"
20070625,2007-06-25,94550.97353138159,"{""type"":""MultiPoint"",""coordinates"":[]}"
20070626,2007-06-26,94356.2468407836,"{""type"":""MultiPoint"",""coordinates"":[]}"
20070627,2007-06-27,94139.34858475547,"{""type"":""MultiPoint"",""coordinates"":[]}"
20070628,2007-06-28,94078.50331310603,"{""type"":""MultiPoint"",""coordinates"":[]}"
20070629,2007-06-29,93989.06195909067,"{""type"":""MultiPoint"",""coordinates"":[]}"
20070630,2007-06-30,93944.69827598201,"{""type"":""MultiPoint"",""coordinates"":[]}"
20070701,2007-07-01,93993.65306309285,"{""type"":""MultiPoint"",""coordinates"":[]}"
20070702,2007-07-02,94147.40451934378,"{""type"":""MultiPoint"",""coordinates"":[]}"
20070703,2007-07-03,94281.24524890672,"{""type"":""MultiPoint"",""coordinates"":[]}"
20070704,2007-07-04,94323.3335933607,"{""type"":""MultiPoint"",""coordinates"":[]}"
20070705,2007-07-05,94259.81304088216,"{""type"":""MultiPoint"",""coordinates"":[]}"
20070706,2007-07-06,94164.4491980041,"{""type"":""MultiPoint"",""coordinates"":[]}"
20070707,2007-07-07,94155.59755774197,"{""type"":""MultiPoint"",""coordinates"":[]}"
20070708,2007-07-08,94269.0032124753,"{""type"":""MultiPoint"",""coordinates"":[]}"
20070709,2007-07-09,94262.71783151837,"{""type"":""MultiPoint"",""coordinates"":[]}"
20070710,2007-07-10,94201.30761491565,"{""type"":""MultiPoint"",""coordinates"":[]}"
20070711,2007-07-11,94301.60220199877,"{""type"":""MultiPoint"",""coordinates"":[]}"
20070712,2007-07-12,94301.6524358152,"{""type"":""MultiPoint"",""coordinates"":[]}"
20070713,2007-07-13,94195.89332118424,"{""type"":""MultiPoint"",""coordinates"":[]}"
20070714,2007-07-14,94072.19164743027,"{""type"":""MultiPoint"",""coordinates"":[]}"
20070715,2007-07-15,94124.19714283741,"{""type"":""MultiPoint"",""coordinates"":[]}"
20070716,2007-07-16,94199.18800604326,"{""type"":""MultiPoint"",""coordinates"":[]}"
20070717,2007-07-17,94307.91406564001,"{""type"":""MultiPoint"",""coordinates"":[]}"
20070718,2007-07-18,94374.06989139412,"{""type"":""MultiPoint"",""coordinates"":[]}"
20070719,2007-07-19,94459.41404045188,"{""type"":""MultiPoint"",""coordinates"":[]}"
20070720,2007-07-20,94436.15533904618,"{""type"":""MultiPoint"",""coordinates"":[]}"
20070721,2007-07-21,94374.47731643775,"{""type"":""MultiPoint"",""coordinates"":[]}"
20070722,2007-07-22,94367.64562247523,"{""type"":""MultiPoint"",""coordinates"":[]}"
20070723,2007-07-23,94438.7695355092,"{""type"":""MultiPoint"",""coordinates"":[]}"
20070724,2007-07-24,94492.85062991164,"{""type"":""MultiPoint"",""coordinates"":[]}"
20070725,2007-07-25,94455.55880183427,"{""type"":""MultiPoint"",""coordinates"":[]}"
20070726,2007-07-26,94441.83472197497,"{""type"":""MultiPoint"",""coordinates"":[]}"
20070727,2007-07-27,94383.43899980478,"{""type"":""MultiPoint"",""coordinates"":[]}"
20070728,2007-07-28,94401.26199858739,"{""type"":""MultiPoint"",""coordinates"":[]}"
20070729,2007-07-29,94447.65751307349,"{""type"":""MultiPoint"",""coordinates"":[]}"
20070730,2007-07-30,94463.63117477726,"{""type"":""MultiPoint"",""coordinates"":[]}"
20070731,2007-07-31,94397.74871944936,"{""type"":""MultiPoint"",""coordinates"":[]}"
20070801,2007-08-01,94343.69622796382,"{""type"":""MultiPoint"",""coordinates"":[]}"
20070802,2007-08-02,94341.93674045362,"{""type"":""MultiPoint"",""coordinates"":[]}"
20070803,2007-08-03,94378.39196943675,"{""type"":""MultiPoint"",""coordinates"":[]}"
20070804,2007-08-04,94191.06740196478,"{""type"":""MultiPoint"",""coordinates"":[]}"
20070805,2007-08-05,94094.04820091523,"{""type"":""MultiPoint"",""coordinates"":[]}"
20070806,2007-08-06,94023.84117782385,"{""type"":""MultiPoint"",""coordinates"":[]}"
20070807,2007-08-07,94045.62462495729,"{""type"":""MultiPoint"",""coordinates"":[]}"
20070808,2007-08-08,94088.79054578402,"{""type"":""MultiPoint"",""coordinates"":[]}"
20070809,2007-08-09,94191.30528086108,"{""type"":""MultiPoint"",""coordinates"":[]}"
20070810,2007-08-10,94264.10748207183,"{""type"":""MultiPoint"",""coordinates"":[]}"
20070811,2007-08-11,94347.4960873887,"{""type"":""MultiPoint"",""coordinates"":[]}"
20070812,2007-08-12,94442.37283497241,"{""type"":""MultiPoint"",""coordinates"":[]}"
20070813,2007-08-13,94493.23734104547,"{""type"":""MultiPoint"",""coordinates"":[]}"
20070814,2007-08-14,94585.3254581544,"{""type"":""MultiPoint"",""coordinates"":[]}"
20070815,2007-08-15,94541.94841890513,"{""type"":""MultiPoint"",""coordinates"":[]}"
20070816,2007-08-16,94512.52700351224,"{""type"":""MultiPoint"",""coordinates"":[]}"
20070817,2007-08-17,94514.08651345185,"{""type"":""MultiPoint"",""coordinates"":[]}"
20070818,2007-08-18,94548.35680772054,"{""type"":""MultiPoint"",""coordinates"":[]}"
20070819,2007-08-19,94516.08139495923,"{""type"":""MultiPoint"",""coordinates"":[]}"
20070820,2007-08-20,94494.81407283297,"{""type"":""MultiPoint"",""coordinates"":[]}"
20070821,2007-08-21,94367.66454545729,"{""type"":""MultiPoint"",""coordinates"":[]}"
20070822,2007-08-22,94429.19085318752,"{""type"":""MultiPoint"",""coordinates"":[]}"
20070823,2007-08-23,94465.83519157858,"{""type"":""MultiPoint"",""coordinates"":[]}"
20070824,2007-08-24,94502.45145278398,"{""type"":""MultiPoint"",""coordinates"":[]}"
20070825,2007-08-25,94420.08012333357,"{""type"":""MultiPoint"",""coordinates"":[]}"
20070826,2007-08-26,94341.16762543315,"{""type"":""MultiPoint"",""coordinates"":[]}"
20070827,2007-08-27,94331.15555379038,"{""type"":""MultiPoint"",""coordinates"":[]}"
20070828,2007-08-28,94369.75426236415,"{""type"":""MultiPoint"",""coordinates"":[]}"
20070829,2007-08-29,94367.2902494052,"{""type"":""MultiPoint"",""coordinates"":[]}"
20070830,2007-08-30,94354.58749061095,"{""type"":""MultiPoint"",""coordinates"":[]}"
20070831,2007-08-31,94361.02634166027,"{""type"":""MultiPoint"",""coordinates"":[]}"
20070901,2007-09-01,94278.63269268296,"{""type"":""MultiPoint"",""coordinates"":[]}"
20070902,2007-09-02,94266.40531184374,"{""type"":""MultiPoint"",""coordinates"":[]}"
20070903,2007-09-03,94341.86886581965,"{""type"":""MultiPoint"",""coordinates"":[]}"
20070904,2007-09-04,94293.47996720995,"{""type"":""MultiPoint"",""coordinates"":[]}"
20070905,2007-09-05,94257.13183150203,"{""type"":""MultiPoint"",""coordinates"":[]}"
20070906,2007-09-06,94315.36791441157,"{""type"":""MultiPoint"",""coordinates"":[]}"
20070907,2007-09-07,94386.20991052041,"{""type"":""MultiPoint"",""coordinates"":[]}"
20070908,2007-09-08,94495.12272591854,"{""type"":""MultiPoint"",""coordinates"":[]}"
20070909,2007-09-09,94606.50772767117,"{""type"":""MultiPoint"",""coordinates"":[]}"
20070910,2007-09-10,94631.1699115326,"{""type"":""MultiPoint"",""coordinates"":[]}"
20070911,2007-09-11,94583.70709662815,"{""type"":""MultiPoint"",""coordinates"":[]}"
20070912,2007-09-12,94527.17040125166,"{""type"":""MultiPoint"",""coordinates"":[]}"
20070913,2007-09-13,94563.9877261665,"{""type"":""MultiPoint"",""coordinates"":[]}"
20070914,2007-09-14,94540.02137305589,"{""type"":""MultiPoint"",""coordinates"":[]}"
20070915,2007-09-15,94376.03109462517,"{""type"":""MultiPoint"",""coordinates"":[]}"
20070916,2007-09-16,94321.08485591196,"{""type"":""MultiPoint"",""coordinates"":[]}"
20070917,2007-09-17,94335.35929291794,"{""type"":""MultiPoint"",""coordinates"":[]}"
20070918,2007-09-18,94223.59674717493,"{""type"":""MultiPoint"",""coordinates"":[]}"
20070919,2007-09-19,94244.10756568646,"{""type"":""MultiPoint"",""coordinates"":[]}"
20070920,2007-09-20,94324.4152486931,"{""type"":""MultiPoint"",""coordinates"":[]}"
20070921,2007-09-21,94263.38877015238,"{""type"":""MultiPoint"",""coordinates"":[]}"
20070922,2007-09-22,94162.40402858703,"{""type"":""MultiPoint"",""coordinates"":[]}"
20070923,2007-09-23,94106.56203215965,"{""type"":""MultiPoint"",""coordinates"":[]}"
20070924,2007-09-24,94131.5976599393,"{""type"":""MultiPoint"",""coordinates"":[]}"
20070925,2007-09-25,94410.83001685007,"{""type"":""MultiPoint"",""coordinates"":[]}"
20070926,2007-09-26,94626.78189961058,"{""type"":""MultiPoint"",""coordinates"":[]}"
20070927,2007-09-27,94663.40975662258,"{""type"":""MultiPoint"",""coordinates"":[]}"
20070928,2007-09-28,94578.90944722928,"{""type"":""MultiPoint"",""coordinates"":[]}"
20070929,2007-09-29,94695.77435484227,"{""type"":""MultiPoint"",""coordinates"":[]}"
20070930,2007-09-30,94691.2065903069,"{""type"":""MultiPoint"",""coordinates"":[]}"
20071001,2007-10-01,94543.27154010248,"{""type"":""MultiPoint"",""coordinates"":[]}"
20071002,2007-10-02,94504.57979686318,"{""type"":""MultiPoint"",""coordinates"":[]}"
20071003,2007-10-03,94498.5976787729,"{""type"":""MultiPoint"",""coordinates"":[]}"
20071004,2007-10-04,94480.5871198545,"{""type"":""MultiPoint"",""coordinates"":[]}"
20071005,2007-10-05,94410.42167885885,"{""type"":""MultiPoint"",""coordinates"":[]}"
20071006,2007-10-06,94392.250281404,"{""type"":""MultiPoint"",""coordinates"":[]}"
20071007,2007-10-07,94518.67202564102,"{""type"":""MultiPoint"",""coordinates"":[]}"
20071008,2007-10-08,94664.79462577427,"{""type"":""MultiPoint"",""coordinates"":[]}"
20071009,2007-10-09,94707.65647877619,"{""type"":""MultiPoint"",""coordinates"":[]}"
20071010,2007-10-10,94771.03763001299,"{""type"":""MultiPoint"",""coordinates"":[]}"
20071011,2007-10-11,94946.84140419232,"{""type"":""MultiPoint"",""coordinates"":[]}"
20071012,2007-10-12,95062.32100565093,"{""type"":""MultiPoint"",""coordinates"":[]}"
20071013,2007-10-13,94994.26037377067,"{""type"":""MultiPoint"",""coordinates"":[]}"
20071014,2007-10-14,94948.29652596623,"{""type"":""MultiPoint"",""coordinates"":[]}"
20071015,2007-10-15,94970.2070426234,"{""type"":""MultiPoint"",""coordinates"":[]}"
20071016,2007-10-16,94968.66887806251,"{""type"":""MultiPoint"",""coordinates"":[]}"
20071017,2007-10-17,94995.11244979457,"{""type"":""MultiPoint"",""coordinates"":[]}"
20071018,2007-10-18,95087.32953068473,"{""type"":""MultiPoint"",""coordinates"":[]}"
20071019,2007-10-19,95163.37372041256,"{""type"":""MultiPoint"",""coordinates"":[]}"
20071020,2007-10-20,95048.70950509454,"{""type"":""MultiPoint"",""coordinates"":[]}"
20071021,2007-10-21,94962.38586212668,"{""type"":""MultiPoint"",""coordinates"":[]}"
20071022,2007-10-22,94990.07602914853,"{""type"":""MultiPoint"",""coordinates"":[]}"
20071023,2007-10-23,95013.11902509422,"{""type"":""MultiPoint"",""coordinates"":[]}"
20071024,2007-10-24,95035.63942934619,"{""type"":""MultiPoint"",""coordinates"":[]}"
20071025,2007-10-25,95044.91402943774,"{""type"":""MultiPoint"",""coordinates"":[]}"
20071026,2007-10-26,94990.92688489982,"{""type"":""MultiPoint"",""coordinates"":[]}"
20071027,2007-10-27,94862.00627960595,"{""type"":""MultiPoint"",""coordinates"":[]}"
20071028,2007-10-28,94710.26452514126,"{""type"":""MultiPoint"",""coordinates"":[]}"
20071029,2007-10-29,94584.08736129249,"{""type"":""MultiPoint"",""coordinates"":[]}"
20071030,2007-10-30,94683.35141107225,"{""type"":""MultiPoint"",""coordinates"":[]}"
20071031,2007-10-31,94808.81999810164,"{""type"":""MultiPoint"",""coordinates"":[]}"
20071101,2007-11-01,94930.9843859256,"{""type"":""MultiPoint"",""coordinates"":[]}"
20071102,2007-11-02,94877.0187456134,"{""type"":""MultiPoint"",""coordinates"":[]}"
20071103,2007-11-03,94869.43580507812,"{""type"":""MultiPoint"",""coordinates"":[]}"
20071104,2007-11-04,95064.10061761607,"{""type"":""MultiPoint"",""coordinates"":[]}"
20071105,2007-11-05,95026.99912606912,"{""type"":""MultiPoint"",""coordinates"":[]}"
20071106,2007-11-06,94949.23204699512,"{""type"":""MultiPoint"",""coordinates"":[]}"
20071107,2007-11-07,94926.17448981451,"{""type"":""MultiPoint"",""coordinates"":[]}"
20071108,2007-11-08,94922.9139477694,"{""type"":""MultiPoint"",""coordinates"":[]}"
20071109,2007-11-09,94934.02284234852,"{""type"":""MultiPoint"",""coordinates"":[]}"
20071110,2007-11-10,94977.58066862401,"{""type"":""MultiPoint"",""coordinates"":[]}"
20071111,2007-11-11,95055.10608105992,"{""type"":""MultiPoint"",""coordinates"":[]}"
20071112,2007-11-12,95046.48514276605,"{""type"":""MultiPoint"",""coordinates"":[]}"
20071113,2007-11-13,94954.35747765648,"{""type"":""MultiPoint"",""coordinates"":[]}"
20071114,2007-11-14,94903.18421926441,"{""type"":""MultiPoint"",""coordinates"":[]}"
20071115,2007-11-15,95051.74332944083,"{""type"":""MultiPoint"",""coordinates"":[]}"
20071116,2007-11-16,95168.34803465656,"{""type"":""MultiPoint"",""coordinates"":[]}"
20071117,2007-11-17,95072.2207182487,"{""type"":""MultiPoint"",""coordinates"":[]}"
20071118,2007-11-18,95178.71706207033,"{""type"":""MultiPoint"",""coordinates"":[]}"
20071119,2007-11-19,95397.69507840018,"{""type"":""MultiPoint"",""coordinates"":[]}"
20071120,2007-11-20,95399.31007860729,"{""type"":""MultiPoint"",""coordinates"":[]}"
20071121,2007-11-21,95312.02054537785,"{""type"":""MultiPoint"",""coordinates"":[]}"
20071122,2007-11-22,95314.182763956,"{""type"":""MultiPoint"",""coordinates"":[]}"
20071123,2007-11-23,95224.14064110044,"{""type"":""MultiPoint"",""coordinates"":[]}"
20071124,2007-11-24,95214.26344008777,"{""type"":""MultiPoint"",""coordinates"":[]}"
20071125,2007-11-25,95280.31782977801,"{""type"":""MultiPoint"",""coordinates"":[]}"
20071126,2007-11-26,95333.06620854897,"{""type"":""MultiPoint"",""coordinates"":[]}"
20071127,2007-11-27,95253.27793464228,"{""type"":""MultiPoint"",""coordinates"":[]}"
20071128,2007-11-28,95140.74828168027,"{""type"":""MultiPoint"",""coordinates"":[]}"
20071129,2007-11-29,95196.13962375117,"{""type"":""MultiPoint"",""coordinates"":[]}"
20071130,2007-11-30,95319.54700919466,"{""type"":""MultiPoint"",""coordinates"":[]}"
20071201,2007-12-01,95339.20223314443,"{""type"":""MultiPoint"",""coordinates"":[]}"
20071202,2007-12-02,95310.22145822915,"{""type"":""MultiPoint"",""coordinates"":[]}"
20071203,2007-12-03,95355.82405976047,"{""type"":""MultiPoint"",""coordinates"":[]}"
20071204,2007-12-04,95358.8278887704,"{""type"":""MultiPoint"",""coordinates"":[]}"
20071205,2007-12-05,95459.57443609845,"{""type"":""MultiPoint"",""coordinates"":[]}"
20071206,2007-12-06,95413.4356136571,"{""type"":""MultiPoint"",""coordinates"":[]}"
20071207,2007-12-07,95248.11024225086,"{""type"":""MultiPoint"",""coordinates"":[]}"
20071208,2007-12-08,95146.85116272334,"{""type"":""MultiPoint"",""coordinates"":[]}"
20071209,2007-12-09,95124.40969357084,"{""type"":""MultiPoint"",""coordinates"":[]}"
20071210,2007-12-10,95059.42755071264,"{""type"":""MultiPoint"",""coordinates"":[]}"
20071211,2007-12-11,95055.81271053934,"{""type"":""MultiPoint"",""coordinates"":[]}"
20071212,2007-12-12,94993.28095644937,"{""type"":""MultiPoint"",""coordinates"":[]}"
20071213,2007-12-13,94969.27566496254,"{""type"":""MultiPoint"",""coordinates"":[]}"
20071214,2007-12-14,94962.98339798304,"{""type"":""MultiPoint"",""coordinates"":[]}"
20071215,2007-12-15,95008.93234261294,"{""type"":""MultiPoint"",""coordinates"":[]}"
20071216,2007-12-16,95181.81266904072,"{""type"":""MultiPoint"",""coordinates"":[]}"
20071217,2007-12-17,95223.76894305015,"{""type"":""MultiPoint"",""coordinates"":[]}"
20071218,2007-12-18,95206.04265975677,"{""type"":""MultiPoint"",""coordinates"":[]}"
20071219,2007-12-19,95205.5208173753,"{""type"":""MultiPoint"",""coordinates"":[]}"
20071220,2007-12-20,95277.5815391369,"{""type"":""MultiPoint"",""coordinates"":[]}"
20071221,2007-12-21,95334.57371743371,"{""type"":""MultiPoint"",""coordinates"":[]}"
20071222,2007-12-22,95249.35212000486,"{""type"":""MultiPoint"",""coordinates"":[]}"
20071223,2007-12-23,95173.8393192056,"{""type"":""MultiPoint"",""coordinates"":[]}"
20071224,2007-12-24,95062.55040154797,"{""type"":""MultiPoint"",""coordinates"":[]}"
20071225,2007-12-25,95047.43945850307,"{""type"":""MultiPoint"",""coordinates"":[]}"
20071226,2007-12-26,95139.19952233111,"{""type"":""MultiPoint"",""coordinates"":[]}"
20071227,2007-12-27,95131.95946397535,"{""type"":""MultiPoint"",""coordinates"":[]}"
20071228,2007-12-28,94957.77875972285,"{""type"":""MultiPoint"",""coordinates"":[]}"
20071229,2007-12-29,94929.80704394856,"{""type"":""MultiPoint"",""coordinates"":[]}"
20071230,2007-12-30,95078.50543859476,"{""type"":""MultiPoint"",""coordinates"":[]}"
20071231,2007-12-31,95110.74029847811,"{""type"":""MultiPoint"",""coordinates"":[]}"
20080101,2008-01-01,95156.52133800648,"{""type"":""MultiPoint"",""coordinates"":[]}"
20080102,2008-01-02,95228.65065540666,"{""type"":""MultiPoint"",""coordinates"":[]}"
20080103,2008-01-03,95346.85468519555,"{""type"":""MultiPoint"",""coordinates"":[]}"
20080104,2008-01-04,95414.33029799632,"{""type"":""MultiPoint"",""coordinates"":[]}"
20080105,2008-01-05,95426.7178900264,"{""type"":""MultiPoint"",""coordinates"":[]}"
20080106,2008-01-06,95452.52271085975,"{""type"":""MultiPoint"",""coordinates"":[]}"
20080107,2008-01-07,95435.89992048545,"{""type"":""MultiPoint"",""coordinates"":[]}"
20080108,2008-01-08,95370.47157932799,"{""type"":""MultiPoint"",""coordinates"":[]}"
20080109,2008-01-09,95298.44906911945,"{""type"":""MultiPoint"",""coordinates"":[]}"
20080110,2008-01-10,95188.69003090113,"{""type"":""MultiPoint"",""coordinates"":[]}"
20080111,2008-01-11,95208.28529116364,"{""type"":""MultiPoint"",""coordinates"":[]}"
20080112,2008-01-12,95238.65354794261,"{""type"":""MultiPoint"",""coordinates"":[]}"
20080113,2008-01-13,95241.0173677145,"{""type"":""MultiPoint"",""coordinates"":[]}"
20080114,2008-01-14,95238.86508917976,"{""type"":""MultiPoint"",""coordinates"":[]}"
20080115,2008-01-15,95303.77056512023,"{""type"":""MultiPoint"",""coordinates"":[]}"
20080116,2008-01-16,95424.57127612934,"{""type"":""MultiPoint"",""coordinates"":[]}"
20080117,2008-01-17,95310.71089502453,"{""type"":""MultiPoint"",""coordinates"":[]}"
20080118,2008-01-18,94999.5874489969,"{""type"":""MultiPoint"",""coordinates"":[]}"
20080119,2008-01-19,94873.92349749063,"{""type"":""MultiPoint"",""coordinates"":[]}"
20080120,2008-01-20,94917.0034159003,"{""type"":""MultiPoint"",""coordinates"":[]}"
20080121,2008-01-21,94858.92443534837,"{""type"":""MultiPoint"",""coordinates"":[]}"
20080122,2008-01-22,94763.7825963627,"{""type"":""MultiPoint"",""coordinates"":[]}"
20080123,2008-01-23,94716.2423290329,"{""type"":""MultiPoint"",""coordinates"":[]}"
20080124,2008-01-24,94750.97695004202,"{""type"":""MultiPoint"",""coordinates"":[]}"
20080125,2008-01-25,94669.12297569156,"{""type"":""MultiPoint"",""coordinates"":[]}"
20080126,2008-01-26,94787.3164219705,"{""type"":""MultiPoint"",""coordinates"":[]}"
20080127,2008-01-27,94998.61611013046,"{""type"":""MultiPoint"",""coordinates"":[]}"
20080128,2008-01-28,95102.28836509003,"{""type"":""MultiPoint"",""coordinates"":[]}"
20080129,2008-01-29,94871.60091729747,"{""type"":""MultiPoint"",""coordinates"":[]}"
20080130,2008-01-30,94736.9698844195,"{""type"":""MultiPoint"",""coordinates"":[]}"
20080131,2008-01-31,94821.85545878728,"{""type"":""MultiPoint"",""coordinates"":[]}"
20080201,2008-02-01,94947.90905940931,"{""type"":""MultiPoint"",""coordinates"":[]}"
20080202,2008-02-02,94923.513901058,"{""type"":""MultiPoint"",""coordinates"":[]}"
20080203,2008-02-03,94823.59302169134,"{""type"":""MultiPoint"",""coordinates"":[]}"
20080204,2008-02-04,94886.24621780572,"{""type"":""MultiPoint"",""coordinates"":[]}"
20080205,2008-02-05,94933.2012401694,"{""type"":""MultiPoint"",""coordinates"":[]}"
20080206,2008-02-06,94932.13436321684,"{""type"":""MultiPoint"",""coordinates"":[]}"
20080207,2008-02-07,94822.01694134573,"{""type"":""MultiPoint"",""coordinates"":[]}"
20080208,2008-02-08,94878.2199363017,"{""type"":""MultiPoint"",""coordinates"":[]}"
20080209,2008-02-09,94906.50370460853,"{""type"":""MultiPoint"",""coordinates"":[]}"
20080210,2008-02-10,94943.68863944508,"{""type"":""MultiPoint"",""coordinates"":[]}"
20080211,2008-02-11,94977.42672986393,"{""type"":""MultiPoint"",""coordinates"":[]}"
20080212,2008-02-12,95063.36689155523,"{""type"":""MultiPoint"",""coordinates"":[]}"
20080213,2008-02-13,95227.48929077969,"{""type"":""MultiPoint"",""coordinates"":[]}"
20080214,2008-02-14,95294.73145669275,"{""type"":""MultiPoint"",""coordinates"":[]}"
20080215,2008-02-15,95336.01279453265,"{""type"":""MultiPoint"",""coordinates"":[]}"
20080216,2008-02-16,95317.33733249629,"{""type"":""MultiPoint"",""coordinates"":[]}"
20080217,2008-02-17,95158.52533105222,"{""type"":""MultiPoint"",""coordinates"":[]}"
20080218,2008-02-18,95075.05136658798,"{""type"":""MultiPoint"",""coordinates"":[]}"
20080219,2008-02-19,95092.00686514743,"{""type"":""MultiPoint"",""coordinates"":[]}"
20080220,2008-02-20,95149.23463497311,"{""type"":""MultiPoint"",""coordinates"":[]}"
20080221,2008-02-21,95231.85848355124,"{""type"":""MultiPoint"",""coordinates"":[]}"
20080222,2008-02-22,95202.97455445466,"{""type"":""MultiPoint"",""coordinates"":[]}"
20080223,2008-02-23,95117.69031714075,"{""type"":""MultiPoint"",""coordinates"":[]}"
20080224,2008-02-24,94986.42367736204,"{""type"":""MultiPoint"",""coordinates"":[]}"
20080225,2008-02-25,94950.50151760079,"{""type"":""MultiPoint"",""coordinates"":[]}"
20080226,2008-02-26,95007.44986823178,"{""type"":""MultiPoint"",""coordinates"":[]}"
20080227,2008-02-27,95221.79106724926,"{""type"":""MultiPoint"",""coordinates"":[]}"
20080228,2008-02-28,95178.79681327732,"{""type"":""MultiPoint"",""coordinates"":[]}"
20080229,2008-02-29,95010.43447071931,"{""type"":""MultiPoint"",""coordinates"":[]}"
20080301,2008-03-01,94918.03436836862,"{""type"":""MultiPoint"",""coordinates"":[]}"
20080302,2008-03-02,94987.42618306105,"{""type"":""MultiPoint"",""coordinates"":[]}"
20080303,2008-03-03,94969.03289417263,"{""type"":""MultiPoint"",""coordinates"":[]}"
20080304,2008-03-04,94901.17244960894,"{""type"":""MultiPoint"",""coordinates"":[]}"
20080305,2008-03-05,95017.44882093355,"{""type"":""MultiPoint"",""coordinates"":[]}"
20080306,2008-03-06,95110.08606073527,"{""type"":""MultiPoint"",""coordinates"":[]}"
20080307,2008-03-07,95101.87068575375,"{""type"":""MultiPoint"",""coordinates"":[]}"
20080308,2008-03-08,94971.35821960394,"{""type"":""MultiPoint"",""coordinates"":[]}"
20080309,2008-03-09,94992.76068213326,"{""type"":""MultiPoint"",""coordinates"":[]}"
20080310,2008-03-10,94956.84978768654,"{""type"":""MultiPoint"",""coordinates"":[]}"
20080311,2008-03-11,94896.76219955077,"{""type"":""MultiPoint"",""coordinates"":[]}"
20080312,2008-03-12,94842.15882457705,"{""type"":""MultiPoint"",""coordinates"":[]}"
20080313,2008-03-13,94832.97089363032,"{""type"":""MultiPoint"",""coordinates"":[]}"
20080314,2008-03-14,94942.34211931692,"{""type"":""MultiPoint"",""coordinates"":[]}"
20080315,2008-03-15,94799.16573630979,"{""type"":""MultiPoint"",""coordinates"":[]}"
20080316,2008-03-16,94771.24685535808,"{""type"":""MultiPoint"",""coordinates"":[]}"
20080317,2008-03-17,94677.82595858892,"{""type"":""MultiPoint"",""coordinates"":[]}"
20080318,2008-03-18,94631.9159344109,"{""type"":""MultiPoint"",""coordinates"":[]}"
20080319,2008-03-19,94617.33161761794,"{""type"":""MultiPoint"",""coordinates"":[]}"
20080320,2008-03-20,94562.56271613447,"{""type"":""MultiPoint"",""coordinates"":[]}"
20080321,2008-03-21,94691.99283749054,"{""type"":""MultiPoint"",""coordinates"":[]}"
20080322,2008-03-22,94700.77440300118,"{""type"":""MultiPoint"",""coordinates"":[]}"
20080323,2008-03-23,94662.73518149808,"{""type"":""MultiPoint"",""coordinates"":[]}"
20080324,2008-03-24,94726.48863412248,"{""type"":""MultiPoint"",""coordinates"":[]}"
20080325,2008-03-25,94791.02889315138,"{""type"":""MultiPoint"",""coordinates"":[]}"
20080326,2008-03-26,94798.77047218,"{""type"":""MultiPoint"",""coordinates"":[]}"
20080327,2008-03-27,94719.51762110242,"{""type"":""MultiPoint"",""coordinates"":[]}"
20080328,2008-03-28,94693.02086859269,"{""type"":""MultiPoint"",""coordinates"":[]}"
20080329,2008-03-29,94769.20416624907,"{""type"":""MultiPoint"",""coordinates"":[]}"
20080330,2008-03-30,94720.92292716108,"{""type"":""MultiPoint"",""coordinates"":[]}"
20080331,2008-03-31,94736.55411259957,"{""type"":""MultiPoint"",""coordinates"":[]}"
20080401,2008-04-01,94761.95085403814,"{""type"":""MultiPoint"",""coordinates"":[]}"
20080402,2008-04-02,94872.67965490595,"{""type"":""MultiPoint"",""coordinates"":[]}"
20080403,2008-04-03,94817.99712818312,"{""type"":""MultiPoint"",""coordinates"":[]}"
20080404,2008-04-04,94714.43587706875,"{""type"":""MultiPoint"",""coordinates"":[]}"
20080405,2008-04-05,95001.9831760024,"{""type"":""MultiPoint"",""coordinates"":[]}"
20080406,2008-04-06,95193.09634011434,"{""type"":""MultiPoint"",""coordinates"":[]}"
20080407,2008-04-07,95057.8769332198,"{""type"":""MultiPoint"",""coordinates"":[]}"
20080408,2008-04-08,94910.1963950104,"{""type"":""MultiPoint"",""coordinates"":[]}"
20080409,2008-04-09,94889.10972564125,"{""type"":""MultiPoint"",""coordinates"":[]}"
20080410,2008-04-10,94812.41570907334,"{""type"":""MultiPoint"",""coordinates"":[]}"
20080411,2008-04-11,94647.34041738226,"{""type"":""MultiPoint"",""coordinates"":[]}"
20080412,2008-04-12,94616.96704381333,"{""type"":""MultiPoint"",""coordinates"":[]}"
20080413,2008-04-13,94571.89977504624,"{""type"":""MultiPoint"",""coordinates"":[]}"
20080414,2008-04-14,94560.95425392604,"{""type"":""MultiPoint"",""coordinates"":[]}"
20080415,2008-04-15,94665.42617610964,"{""type"":""MultiPoint"",""coordinates"":[]}"
20080416,2008-04-16,94689.73838616717,"{""type"":""MultiPoint"",""coordinates"":[]}"
20080417,2008-04-17,94582.38729707543,"{""type"":""MultiPoint"",""coordinates"":[]}"
20080418,2008-04-18,94526.50860857406,"{""type"":""MultiPoint"",""coordinates"":[]}"
20080419,2008-04-19,94535.53749296296,"{""type"":""MultiPoint"",""coordinates"":[]}"
20080420,2008-04-20,94562.77062771759,"{""type"":""MultiPoint"",""coordinates"":[]}"
20080421,2008-04-21,94504.20657898775,"{""type"":""MultiPoint"",""coordinates"":[]}"
20080422,2008-04-22,94579.30931889135,"{""type"":""MultiPoint"",""coordinates"":[]}"
20080423,2008-04-23,94636.07631118338,"{""type"":""MultiPoint"",""coordinates"":[]}"
20080424,2008-04-24,94684.80822615397,"{""type"":""MultiPoint"",""coordinates"":[]}"
20080425,2008-04-25,94709.77875926154,"{""type"":""MultiPoint"",""coordinates"":[]}"
20080426,2008-04-26,94601.40641286215,"{""type"":""MultiPoint"",""coordinates"":[]}"
20080427,2008-04-27,94302.92953114188,"{""type"":""MultiPoint"",""coordinates"":[]}"
20080428,2008-04-28,94138.76332054884,"{""type"":""MultiPoint"",""coordinates"":[]}"
20080429,2008-04-29,94217.7751134867,"{""type"":""MultiPoint"",""coordinates"":[]}"
20080430,2008-04-30,94351.90978624615,"{""type"":""MultiPoint"",""coordinates"":[]}"
20080501,2008-05-01,94322.65463267047,"{""type"":""MultiPoint"",""coordinates"":[]}"
20080502,2008-05-02,94279.05455363759,"{""type"":""MultiPoint"",""coordinates"":[]}"
20080503,2008-05-03,94278.5838423878,"{""type"":""MultiPoint"",""coordinates"":[]}"
20080504,2008-05-04,94393.96189204836,"{""type"":""MultiPoint"",""coordinates"":[]}"
20080505,2008-05-05,94443.61816927101,"{""type"":""MultiPoint"",""coordinates"":[]}"
20080506,2008-05-06,94394.29805958581,"{""type"":""MultiPoint"",""coordinates"":[]}"
20080507,2008-05-07,94438.61496089904,"{""type"":""MultiPoint"",""coordinates"":[]}"
20080508,2008-05-08,94517.98939806361,"{""type"":""MultiPoint"",""coordinates"":[]}"
20080509,2008-05-09,94509.26463279156,"{""type"":""MultiPoint"",""coordinates"":[]}"
20080510,2008-05-10,94489.41109998098,"{""type"":""MultiPoint"",""coordinates"":[]}"
20080511,2008-05-11,94442.33620810726,"{""type"":""MultiPoint"",""coordinates"":[]}"
20080512,2008-05-12,94450.00164126305,"{""type"":""MultiPoint"",""coordinates"":[]}"
20080513,2008-05-13,94521.25317431314,"{""type"":""MultiPoint"",""coordinates"":[]}"
20080514,2008-05-14,94510.43075498848,"{""type"":""MultiPoint"",""coordinates"":[]}"
20080515,2008-05-15,94500.32063015389,"{""type"":""MultiPoint"",""coordinates"":[]}"
20080516,2008-05-16,94510.57626038652,"{""type"":""MultiPoint"",""coordinates"":[]}"
20080517,2008-05-17,94393.06332447015,"{""type"":""MultiPoint"",""coordinates"":[]}"
20080518,2008-05-18,94347.43203109004,"{""type"":""MultiPoint"",""coordinates"":[]}"
20080519,2008-05-19,94478.09832562326,"{""type"":""MultiPoint"",""coordinates"":[]}"
20080520,2008-05-20,94508.25415907496,"{""type"":""MultiPoint"",""coordinates"":[]}"
20080521,2008-05-21,94478.68913799396,"{""type"":""MultiPoint"",""coordinates"":[]}"
20080522,2008-05-22,94436.5042577052,"{""type"":""MultiPoint"",""coordinates"":[]}"
20080523,2008-05-23,94436.46222404594,"{""type"":""MultiPoint"",""coordinates"":[]}"
20080524,2008-05-24,94346.62889160785,"{""type"":""MultiPoint"",""coordinates"":[]}"
20080525,2008-05-25,94321.71863572381,"{""type"":""MultiPoint"",""coordinates"":[]}"
20080526,2008-05-26,94406.00428882072,"{""type"":""MultiPoint"",""coordinates"":[]}"
20080527,2008-05-27,94368.70724608916,"{""type"":""MultiPoint"",""coordinates"":[]}"
20080528,2008-05-28,94259.0036190948,"{""type"":""MultiPoint"",""coordinates"":[]}"
20080529,2008-05-29,94279.94791516109,"{""type"":""MultiPoint"",""coordinates"":[]}"
20080530,2008-05-30,94335.24625809744,"{""type"":""MultiPoint"",""coordinates"":[]}"
20080531,2008-05-31,94338.51676681874,"{""type"":""MultiPoint"",""coordinates"":[]}"
20080601,2008-06-01,94290.15300908132,"{""type"":""MultiPoint"",""coordinates"":[]}"
20080602,2008-06-02,94364.97229768052,"{""type"":""MultiPoint"",""coordinates"":[]}"
20080603,2008-06-03,94475.7204089572,"{""type"":""MultiPoint"",""coordinates"":[]}"
20080604,2008-06-04,94601.1166321586,"{""type"":""MultiPoint"",""coordinates"":[]}"
20080605,2008-06-05,94414.3825904855,"{""type"":""MultiPoint"",""coordinates"":[]}"
20080606,2008-06-06,94291.84069146185,"{""type"":""MultiPoint"",""coordinates"":[]}"
20080607,2008-06-07,94254.94023605548,"{""type"":""MultiPoint"",""coordinates"":[]}"
20080608,2008-06-08,94298.16474859761,"{""type"":""MultiPoint"",""coordinates"":[]}"
20080609,2008-06-09,94367.31424016466,"{""type"":""MultiPoint"",""coordinates"":[]}"
20080610,2008-06-10,94407.42703956921,"{""type"":""MultiPoint"",""coordinates"":[]}"
20080611,2008-06-11,94378.91049268965,"{""type"":""MultiPoint"",""coordinates"":[]}"
20080612,2008-06-12,94339.93958768602,"{""type"":""MultiPoint"",""coordinates"":[]}"
20080613,2008-06-13,94280.21419483781,"{""type"":""MultiPoint"",""coordinates"":[]}"
20080614,2008-06-14,94194.25296397034,"{""type"":""MultiPoint"",""coordinates"":[]}"
20080615,2008-06-15,94119.48524105045,"{""type"":""MultiPoint"",""coordinates"":[]}"
20080616,2008-06-16,94160.480893674,"{""type"":""MultiPoint"",""coordinates"":[]}"
20080617,2008-06-17,94175.78221263227,"{""type"":""MultiPoint"",""coordinates"":[]}"
20080618,2008-06-18,94207.11775888738,"{""type"":""MultiPoint"",""coordinates"":[]}"
20080619,2008-06-19,94309.73208585568,"{""type"":""MultiPoint"",""coordinates"":[]}"
20080620,2008-06-20,94422.15119757729,"{""type"":""MultiPoint"",""coordinates"":[]}"
20080621,2008-06-21,94402.08207890694,"{""type"":""MultiPoint"",""coordinates"":[]}"
20080622,2008-06-22,94383.26177752267,"{""type"":""MultiPoint"",""coordinates"":[]}"
20080623,2008-06-23,94275.79489666635,"{""type"":""MultiPoint"",""coordinates"":[]}"
20080624,2008-06-24,94237.68969460373,"{""type"":""MultiPoint"",""coordinates"":[]}"
20080625,2008-06-25,94329.44730808005,"{""type"":""MultiPoint"",""coordinates"":[]}"
20080626,2008-06-26,94333.43790889818,"{""type"":""MultiPoint"",""coordinates"":[]}"
20080627,2008-06-27,94301.4100507564,"{""type"":""MultiPoint"",""coordinates"":[]}"
20080628,2008-06-28,94282.15716531464,"{""type"":""MultiPoint"",""coordinates"":[]}"
20080629,2008-06-29,94249.02754589339,"{""type"":""MultiPoint"",""coordinates"":[]}"
20080630,2008-06-30,94271.31087376575,"{""type"":""MultiPoint"",""coordinates"":[]}"
20080701,2008-07-01,94437.14328675246,"{""type"":""MultiPoint"",""coordinates"":[]}"
20080702,2008-07-02,94459.50055569402,"{""type"":""MultiPoint"",""coordinates"":[]}"
20080703,2008-07-03,94421.51623942572,"{""type"":""MultiPoint"",""coordinates"":[]}"
20080704,2008-07-04,94422.3907569567,"{""type"":""MultiPoint"",""coordinates"":[]}"
20080705,2008-07-05,94373.39797030369,"{""type"":""MultiPoint"",""coordinates"":[]}"
20080706,2008-07-06,94299.22022362633,"{""type"":""MultiPoint"",""coordinates"":[]}"
20080707,2008-07-07,94249.43285847637,"{""type"":""MultiPoint"",""coordinates"":[]}"
20080708,2008-07-08,94170.19515805432,"{""type"":""MultiPoint"",""coordinates"":[]}"
20080709,2008-07-09,94277.3906188826,"{""type"":""MultiPoint"",""coordinates"":[]}"
20080710,2008-07-10,94339.33683819252,"{""type"":""MultiPoint"",""coordinates"":[]}"
20080711,2008-07-11,94277.82520251498,"{""type"":""MultiPoint"",""coordinates"":[]}"
20080712,2008-07-12,94255.34070165532,"{""type"":""MultiPoint"",""coordinates"":[]}"
20080713,2008-07-13,94417.2917954088,"{""type"":""MultiPoint"",""coordinates"":[]}"
20080714,2008-07-14,94512.73940390303,"{""type"":""MultiPoint"",""coordinates"":[]}"
20080715,2008-07-15,94379.32963265832,"{""type"":""MultiPoint"",""coordinates"":[]}"
20080716,2008-07-16,94240.56013778664,"{""type"":""MultiPoint"",""coordinates"":[]}"
20080717,2008-07-17,94217.90786238546,"{""type"":""MultiPoint"",""coordinates"":[]}"
20080718,2008-07-18,94252.86566545043,"{""type"":""MultiPoint"",""coordinates"":[]}"
20080719,2008-07-19,94229.74165253846,"{""type"":""MultiPoint"",""coordinates"":[]}"
20080720,2008-07-20,94318.246980004,"{""type"":""MultiPoint"",""coordinates"":[]}"
20080721,2008-07-21,94336.17190312476,"{""type"":""MultiPoint"",""coordinates"":[]}"
20080722,2008-07-22,94263.94472436787,"{""type"":""MultiPoint"",""coordinates"":[]}"
20080723,2008-07-23,94228.47995628418,"{""type"":""MultiPoint"",""coordinates"":[]}"
20080724,2008-07-24,94230.39144740849,"{""type"":""MultiPoint"",""coordinates"":[]}"
20080725,2008-07-25,94094.81286253683,"{""type"":""MultiPoint"",""coordinates"":[]}"
20080726,2008-07-26,94089.5349151105,"{""type"":""MultiPoint"",""coordinates"":[]}"
20080727,2008-07-27,93931.09797028899,"{""type"":""MultiPoint"",""coordinates"":[]}"
20080728,2008-07-28,93833.31862837482,"{""type"":""MultiPoint"",""coordinates"":[]}"
20080729,2008-07-29,93961.26023395357,"{""type"":""MultiPoint"",""coordinates"":[]}"
20080730,2008-07-30,94118.41249188474,"{""type"":""MultiPoint"",""coordinates"":[]}"
20080731,2008-07-31,94202.15031686425,"{""type"":""MultiPoint"",""coordinates"":[]}"
20080801,2008-08-01,94300.80298790538,"{""type"":""MultiPoint"",""coordinates"":[]}"
20080802,2008-08-02,94288.21528484233,"{""type"":""MultiPoint"",""coordinates"":[]}"
20080803,2008-08-03,94226.73152226754,"{""type"":""MultiPoint"",""coordinates"":[]}"
20080804,2008-08-04,94165.42064201816,"{""type"":""MultiPoint"",""coordinates"":[]}"
20080805,2008-08-05,94267.07385052991,"{""type"":""MultiPoint"",""coordinates"":[]}"
20080806,2008-08-06,94249.1850528223,"{""type"":""MultiPoint"",""coordinates"":[]}"
20080807,2008-08-07,94190.23867544497,"{""type"":""MultiPoint"",""coordinates"":[]}"
20080808,2008-08-08,94097.87231982095,"{""type"":""MultiPoint"",""coordinates"":[]}"
20080809,2008-08-09,93887.51674207134,"{""type"":""MultiPoint"",""coordinates"":[]}"
20080810,2008-08-10,93887.74594359062,"{""type"":""MultiPoint"",""coordinates"":[]}"
20080811,2008-08-11,93922.23986438481,"{""type"":""MultiPoint"",""coordinates"":[]}"
20080812,2008-08-12,94194.16368750464,"{""type"":""MultiPoint"",""coordinates"":[]}"
20080813,2008-08-13,94335.76776996657,"{""type"":""MultiPoint"",""coordinates"":[]}"
20080814,2008-08-14,94316.5328273497,"{""type"":""MultiPoint"",""coordinates"":[]}"
20080815,2008-08-15,94247.88694321288,"{""type"":""MultiPoint"",""coordinates"":[]}"
20080816,2008-08-16,94348.08755425307,"{""type"":""MultiPoint"",""coordinates"":[]}"
20080817,2008-08-17,94510.47362518946,"{""type"":""MultiPoint"",""coordinates"":[]}"
20080818,2008-08-18,94534.37355970687,"{""type"":""MultiPoint"",""coordinates"":[]}"
20080819,2008-08-19,94601.85200496225,"{""type"":""MultiPoint"",""coordinates"":[]}"
20080820,2008-08-20,94661.6215606137,"{""type"":""MultiPoint"",""coordinates"":[]}"
20080821,2008-08-21,94600.8386552375,"{""type"":""MultiPoint"",""coordinates"":[]}"
20080822,2008-08-22,94542.11024772379,"{""type"":""MultiPoint"",""coordinates"":[]}"
20080823,2008-08-23,94525.57777710541,"{""type"":""MultiPoint"",""coordinates"":[]}"
20080824,2008-08-24,94495.50836708852,"{""type"":""MultiPoint"",""coordinates"":[]}"
20080825,2008-08-25,94527.28929249693,"{""type"":""MultiPoint"",""coordinates"":[]}"
20080826,2008-08-26,94587.88250692483,"{""type"":""MultiPoint"",""coordinates"":[]}"
20080827,2008-08-27,94582.02765401141,"{""type"":""MultiPoint"",""coordinates"":[]}"
20080828,2008-08-28,94549.00718655836,"{""type"":""MultiPoint"",""coordinates"":[]}"
20080829,2008-08-29,94547.16922841888,"{""type"":""MultiPoint"",""coordinates"":[]}"
20080830,2008-08-30,94608.25087726113,"{""type"":""MultiPoint"",""coordinates"":[]}"
20080831,2008-08-31,94646.4649366629,"{""type"":""MultiPoint"",""coordinates"":[]}"
20080901,2008-09-01,94634.06421664465,"{""type"":""MultiPoint"",""coordinates"":[]}"
20080902,2008-09-02,94632.13203771463,"{""type"":""MultiPoint"",""coordinates"":[]}"
20080903,2008-09-03,94618.33516402365,"{""type"":""MultiPoint"",""coordinates"":[]}"
20080904,2008-09-04,94657.1739604549,"{""type"":""MultiPoint"",""coordinates"":[]}"
20080905,2008-09-05,94619.20181179419,"{""type"":""MultiPoint"",""coordinates"":[]}"
20080906,2008-09-06,94584.56774663094,"{""type"":""MultiPoint"",""coordinates"":[]}"
20080907,2008-09-07,94538.8151758453,"{""type"":""MultiPoint"",""coordinates"":[]}"
20080908,2008-09-08,94409.68772365573,"{""type"":""MultiPoint"",""coordinates"":[]}"
20080909,2008-09-09,94313.75729121087,"{""type"":""MultiPoint"",""coordinates"":[]}"
20080910,2008-09-10,94094.33887528525,"{""type"":""MultiPoint"",""coordinates"":[]}"
20080911,2008-09-11,93992.38643174383,"{""type"":""MultiPoint"",""coordinates"":[]}"
20080912,2008-09-12,94090.67065438154,"{""type"":""MultiPoint"",""coordinates"":[]}"
20080913,2008-09-13,94423.56433579681,"{""type"":""MultiPoint"",""coordinates"":[]}"
20080914,2008-09-14,94582.47282767114,"{""type"":""MultiPoint"",""coordinates"":[]}"
20080915,2008-09-15,94542.47409176857,"{""type"":""MultiPoint"",""coordinates"":[]}"
20080916,2008-09-16,94441.29844071867,"{""type"":""MultiPoint"",""coordinates"":[]}"
20080917,2008-09-17,94426.28610611883,"{""type"":""MultiPoint"",""coordinates"":[]}"
20080918,2008-09-18,94432.84690102375,"{""type"":""MultiPoint"",""coordinates"":[]}"
20080919,2008-09-19,94490.04476324494,"{""type"":""MultiPoint"",""coordinates"":[]}"
20080920,2008-09-20,94668.7482462784,"{""type"":""MultiPoint"",""coordinates"":[]}"
20080921,2008-09-21,94631.96562609731,"{""type"":""MultiPoint"",""coordinates"":[]}"
20080922,2008-09-22,94639.72941935595,"{""type"":""MultiPoint"",""coordinates"":[]}"
20080923,2008-09-23,94656.3508327943,"{""type"":""MultiPoint"",""coordinates"":[]}"
20080924,2008-09-24,94733.92413538873,"{""type"":""MultiPoint"",""coordinates"":[]}"
20080925,2008-09-25,94830.29756915469,"{""type"":""MultiPoint"",""coordinates"":[]}"
20080926,2008-09-26,94797.14075309772,"{""type"":""MultiPoint"",""coordinates"":[]}"
20080927,2008-09-27,94797.81331642684,"{""type"":""MultiPoint"",""coordinates"":[]}"
20080928,2008-09-28,94850.29249795264,"{""type"":""MultiPoint"",""coordinates"":[]}"
20080929,2008-09-29,94839.72648201842,"{""type"":""MultiPoint"",""coordinates"":[]}"
20080930,2008-09-30,94785.09941161289,"{""type"":""MultiPoint"",""coordinates"":[]}"
20081001,2008-10-01,94683.9828171008,"{""type"":""MultiPoint"",""coordinates"":[]}"
20081002,2008-10-02,94700.39850154903,"{""type"":""MultiPoint"",""coordinates"":[]}"
20081003,2008-10-03,94837.15724600654,"{""type"":""MultiPoint"",""coordinates"":[]}"
20081004,2008-10-04,94863.58376310645,"{""type"":""MultiPoint"",""coordinates"":[]}"
20081005,2008-10-05,94903.8412728935,"{""type"":""MultiPoint"",""coordinates"":[]}"
20081006,2008-10-06,94855.02172059765,"{""type"":""MultiPoint"",""coordinates"":[]}"
20081007,2008-10-07,94904.90007375115,"{""type"":""MultiPoint"",""coordinates"":[]}"
20081008,2008-10-08,94857.66528425094,"{""type"":""MultiPoint"",""coordinates"":[]}"
20081009,2008-10-09,95034.22078305052,"{""type"":""MultiPoint"",""coordinates"":[]}"
20081010,2008-10-10,95161.95097063362,"{""type"":""MultiPoint"",""coordinates"":[]}"
20081011,2008-10-11,95147.66559349494,"{""type"":""MultiPoint"",""coordinates"":[]}"
20081012,2008-10-12,95097.00026628713,"{""type"":""MultiPoint"",""coordinates"":[]}"
20081013,2008-10-13,94972.68266737419,"{""type"":""MultiPoint"",""coordinates"":[]}"
20081014,2008-10-14,94994.76643179623,"{""type"":""MultiPoint"",""coordinates"":[]}"
20081015,2008-10-15,95020.48717776987,"{""type"":""MultiPoint"",""coordinates"":[]}"
20081016,2008-10-16,94992.92665204778,"{""type"":""MultiPoint"",""coordinates"":[]}"
20081017,2008-10-17,94924.72652888169,"{""type"":""MultiPoint"",""coordinates"":[]}"
20081018,2008-10-18,94957.9428190965,"{""type"":""MultiPoint"",""coordinates"":[]}"
20081019,2008-10-19,94942.63205742287,"{""type"":""MultiPoint"",""coordinates"":[]}"
20081020,2008-10-20,94808.85413952533,"{""type"":""MultiPoint"",""coordinates"":[]}"
20081021,2008-10-21,94802.64427146678,"{""type"":""MultiPoint"",""coordinates"":[]}"
20081022,2008-10-22,94778.9570119216,"{""type"":""MultiPoint"",""coordinates"":[]}"
20081023,2008-10-23,94769.06331654201,"{""type"":""MultiPoint"",""coordinates"":[]}"
20081024,2008-10-24,94806.33625169506,"{""type"":""MultiPoint"",""coordinates"":[]}"
20081025,2008-10-25,94793.98355999083,"{""type"":""MultiPoint"",""coordinates"":[]}"
20081026,2008-10-26,94750.58069424643,"{""type"":""MultiPoint"",""coordinates"":[]}"
20081027,2008-10-27,94868.06115013779,"{""type"":""MultiPoint"",""coordinates"":[]}"
20081028,2008-10-28,94978.9754306372,"{""type"":""MultiPoint"",""coordinates"":[]}"
20081029,2008-10-29,95044.83502681769,"{""type"":""MultiPoint"",""coordinates"":[]}"
20081030,2008-10-30,95100.51625455647,"{""type"":""MultiPoint"",""coordinates"":[]}"
20081031,2008-10-31,95104.24938389215,"{""type"":""MultiPoint"",""coordinates"":[]}"
20081101,2008-11-01,95052.52848729811,"{""type"":""MultiPoint"",""coordinates"":[]}"
20081102,2008-11-02,94975.66151754,"{""type"":""MultiPoint"",""coordinates"":[]}"
20081103,2008-11-03,95005.72959418144,"{""type"":""MultiPoint"",""coordinates"":[]}"
20081104,2008-11-04,94927.08948966359,"{""type"":""MultiPoint"",""coordinates"":[]}"
20081105,2008-11-05,94883.86425311948,"{""type"":""MultiPoint"",""coordinates"":[]}"
20081106,2008-11-06,94920.04254363591,"{""type"":""MultiPoint"",""coordinates"":[]}"
20081107,2008-11-07,95054.85619475954,"{""type"":""MultiPoint"",""coordinates"":[]}"
20081108,2008-11-08,95091.01678620148,"{""type"":""MultiPoint"",""coordinates"":[]}"
20081109,2008-11-09,95077.76589817091,"{""type"":""MultiPoint"",""coordinates"":[]}"
20081110,2008-11-10,95064.20549611111,"{""type"":""MultiPoint"",""coordinates"":[]}"
20081111,2008-11-11,95015.94591205296,"{""type"":""MultiPoint"",""coordinates"":[]}"
20081112,2008-11-12,94902.89248538835,"{""type"":""MultiPoint"",""coordinates"":[]}"
20081113,2008-11-13,94830.12561339492,"{""type"":""MultiPoint"",""coordinates"":[]}"
20081114,2008-11-14,94762.69655927642,"{""type"":""MultiPoint"",""coordinates"":[]}"
20081115,2008-11-15,94623.26418838282,"{""type"":""MultiPoint"",""coordinates"":[]}"
20081116,2008-11-16,94624.58556554299,"{""type"":""MultiPoint"",""coordinates"":[]}"
20081117,2008-11-17,94774.8131940324,"{""type"":""MultiPoint"",""coordinates"":[]}"
20081118,2008-11-18,94952.40560170492,"{""type"":""MultiPoint"",""coordinates"":[]}"
20081119,2008-11-19,95153.78616590168,"{""type"":""MultiPoint"",""coordinates"":[]}"
20081120,2008-11-20,95213.96596705381,"{""type"":""MultiPoint"",""coordinates"":[]}"
20081121,2008-11-21,95167.6345925626,"{""type"":""MultiPoint"",""coordinates"":[]}"
20081122,2008-11-22,95262.82373551444,"{""type"":""MultiPoint"",""coordinates"":[]}"
20081123,2008-11-23,95259.73245717504,"{""type"":""MultiPoint"",""coordinates"":[]}"
20081124,2008-11-24,95225.30824038917,"{""type"":""MultiPoint"",""coordinates"":[]}"
20081125,2008-11-25,95206.207595842,"{""type"":""MultiPoint"",""coordinates"":[]}"
20081126,2008-11-26,95137.50293558104,"{""type"":""MultiPoint"",""coordinates"":[]}"
20081127,2008-11-27,95106.61464283819,"{""type"":""MultiPoint"",""coordinates"":[]}"
20081128,2008-11-28,95228.94481129233,"{""type"":""MultiPoint"",""coordinates"":[]}"
20081129,2008-11-29,95388.23630847756,"{""type"":""MultiPoint"",""coordinates"":[]}"
20081130,2008-11-30,95326.92648646592,"{""type"":""MultiPoint"",""coordinates"":[]}"
20081201,2008-12-01,95223.98016892603,"{""type"":""MultiPoint"",""coordinates"":[]}"
20081202,2008-12-02,95038.66077768848,"{""type"":""MultiPoint"",""coordinates"":[]}"
20081203,2008-12-03,95036.20082544543,"{""type"":""MultiPoint"",""coordinates"":[]}"
20081204,2008-12-04,95133.06133171808,"{""type"":""MultiPoint"",""coordinates"":[]}"
20081205,2008-12-05,95382.27632149067,"{""type"":""MultiPoint"",""coordinates"":[]}"
20081206,2008-12-06,95297.69598178516,"{""type"":""MultiPoint"",""coordinates"":[]}"
20081207,2008-12-07,95178.14951961691,"{""type"":""MultiPoint"",""coordinates"":[]}"
20081208,2008-12-08,95252.05223818611,"{""type"":""MultiPoint"",""coordinates"":[]}"
20081209,2008-12-09,95230.00532984575,"{""type"":""MultiPoint"",""coordinates"":[]}"
20081210,2008-12-10,95188.71171227182,"{""type"":""MultiPoint"",""coordinates"":[]}"
20081211,2008-12-11,95125.16049134012,"{""type"":""MultiPoint"",""coordinates"":[]}"
20081212,2008-12-12,95090.46929181121,"{""type"":""MultiPoint"",""coordinates"":[]}"
20081213,2008-12-13,95292.38075483766,"{""type"":""MultiPoint"",""coordinates"":[]}"
20081214,2008-12-14,95291.3693950435,"{""type"":""MultiPoint"",""coordinates"":[]}"
20081215,2008-12-15,95221.53934018764,"{""type"":""MultiPoint"",""coordinates"":[]}"
20081216,2008-12-16,95195.76498276813,"{""type"":""MultiPoint"",""coordinates"":[]}"
20081217,2008-12-17,95300.36634597319,"{""type"":""MultiPoint"",""coordinates"":[]}"
20081218,2008-12-18,95284.45648740407,"{""type"":""MultiPoint"",""coordinates"":[]}"
20081219,2008-12-19,95202.04980865483,"{""type"":""MultiPoint"",""coordinates"":[]}"
20081220,2008-12-20,95224.31062175486,"{""type"":""MultiPoint"",""coordinates"":[]}"
20081221,2008-12-21,95129.1630631908,"{""type"":""MultiPoint"",""coordinates"":[]}"
20081222,2008-12-22,95206.89515116932,"{""type"":""MultiPoint"",""coordinates"":[]}"
20081223,2008-12-23,95244.11929909248,"{""type"":""MultiPoint"",""coordinates"":[]}"
20081224,2008-12-24,95255.22945077704,"{""type"":""MultiPoint"",""coordinates"":[]}"
20081225,2008-12-25,95211.41289125435,"{""type"":""MultiPoint"",""coordinates"":[]}"
20081226,2008-12-26,95190.12175165486,"{""type"":""MultiPoint"",""coordinates"":[]}"
20081227,2008-12-27,95144.65459407432,"{""type"":""MultiPoint"",""coordinates"":[]}"
20081228,2008-12-28,95101.8417442537,"{""type"":""MultiPoint"",""coordinates"":[]}"
20081229,2008-12-29,95163.01636970077,"{""type"":""MultiPoint"",""coordinates"":[]}"
20081230,2008-12-30,95209.26154293423,"{""type"":""MultiPoint"",""coordinates"":[]}"
20081231,2008-12-31,95183.86960157494,"{""type"":""MultiPoint"",""coordinates"":[]}"
20090101,2009-01-01,95150.53397970078,"{""type"":""MultiPoint"",""coordinates"":[]}"
20090102,2009-01-02,95280.98634942027,"{""type"":""MultiPoint"",""coordinates"":[]}"
20090103,2009-01-03,95338.31988626703,"{""type"":""MultiPoint"",""coordinates"":[]}"
20090104,2009-01-04,95180.78232591836,"{""type"":""MultiPoint"",""coordinates"":[]}"
20090105,2009-01-05,95019.1417599213,"{""type"":""MultiPoint"",""coordinates"":[]}"
20090106,2009-01-06,95046.42776393771,"{""type"":""MultiPoint"",""coordinates"":[]}"
20090107,2009-01-07,95230.33801767172,"{""type"":""MultiPoint"",""coordinates"":[]}"
20090108,2009-01-08,95413.92264697101,"{""type"":""MultiPoint"",""coordinates"":[]}"
20090109,2009-01-09,95450.31159996518,"{""type"":""MultiPoint"",""coordinates"":[]}"
20090110,2009-01-10,95410.78698453255,"{""type"":""MultiPoint"",""coordinates"":[]}"
20090111,2009-01-11,95481.35902773617,"{""type"":""MultiPoint"",""coordinates"":[]}"
20090112,2009-01-12,95632.0935811629,"{""type"":""MultiPoint"",""coordinates"":[]}"
20090113,2009-01-13,95698.67017320779,"{""type"":""MultiPoint"",""coordinates"":[]}"
20090114,2009-01-14,95677.04205884083,"{""type"":""MultiPoint"",""coordinates"":[]}"
20090115,2009-01-15,95643.90535614367,"{""type"":""MultiPoint"",""coordinates"":[]}"
20090116,2009-01-16,95559.5106529369,"{""type"":""MultiPoint"",""coordinates"":[]}"
20090117,2009-01-17,95388.47487157921,"{""type"":""MultiPoint"",""coordinates"":[]}"
20090118,2009-01-18,95314.73664324897,"{""type"":""MultiPoint"",""coordinates"":[]}"
20090119,2009-01-19,95237.89464972413,"{""type"":""MultiPoint"",""coordinates"":[]}"
20090120,2009-01-20,95242.67912326058,"{""type"":""MultiPoint"",""coordinates"":[]}"
20090121,2009-01-21,95234.40789733296,"{""type"":""MultiPoint"",""coordinates"":[]}"
20090122,2009-01-22,95101.12839167511,"{""type"":""MultiPoint"",""coordinates"":[]}"
20090123,2009-01-23,95021.25307113204,"{""type"":""MultiPoint"",""coordinates"":[]}"
20090124,2009-01-24,95023.01604667549,"{""type"":""MultiPoint"",""coordinates"":[]}"
20090125,2009-01-25,95058.66769579606,"{""type"":""MultiPoint"",""coordinates"":[]}"
20090126,2009-01-26,95108.034896121,"{""type"":""MultiPoint"",""coordinates"":[]}"
20090127,2009-01-27,95093.67578991735,"{""type"":""MultiPoint"",""coordinates"":[]}"
20090128,2009-01-28,95077.73504547875,"{""type"":""MultiPoint"",""coordinates"":[]}"
20090129,2009-01-29,95116.19117411686,"{""type"":""MultiPoint"",""coordinates"":[]}"
20090130,2009-01-30,95107.3429210675,"{""type"":""MultiPoint"",""coordinates"":[]}"
20090131,2009-01-31,95032.86284649881,"{""type"":""MultiPoint"",""coordinates"":[]}"
20090201,2009-02-01,95120.77952103938,"{""type"":""MultiPoint"",""coordinates"":[]}"
20090202,2009-02-02,95146.68642717425,"{""type"":""MultiPoint"",""coordinates"":[]}"
20090203,2009-02-03,95118.70842189903,"{""type"":""MultiPoint"",""coordinates"":[]}"
20090204,2009-02-04,95166.08699448967,"{""type"":""MultiPoint"",""coordinates"":[]}"
20090205,2009-02-05,95143.3593659258,"{""type"":""MultiPoint"",""coordinates"":[]}"
20090206,2009-02-06,95164.6844447309,"{""type"":""MultiPoint"",""coordinates"":[]}"
20090207,2009-02-07,95128.61374992473,"{""type"":""MultiPoint"",""coordinates"":[]}"
20090208,2009-02-08,95270.2881282773,"{""type"":""MultiPoint"",""coordinates"":[]}"
20090209,2009-02-09,95263.13246625336,"{""type"":""MultiPoint"",""coordinates"":[]}"
20090210,2009-02-10,95073.16870045642,"{""type"":""MultiPoint"",""coordinates"":[]}"
20090211,2009-02-11,95038.06182872098,"{""type"":""MultiPoint"",""coordinates"":[]}"
20090212,2009-02-12,94985.1031439257,"{""type"":""MultiPoint"",""coordinates"":[]}"
20090213,2009-02-13,94913.44346877486,"{""type"":""MultiPoint"",""coordinates"":[]}"
20090214,2009-02-14,94921.25463501988,"{""type"":""MultiPoint"",""coordinates"":[]}"
20090215,2009-02-15,94893.25626654395,"{""type"":""MultiPoint"",""coordinates"":[]}"
20090216,2009-02-16,95058.1576513307,"{""type"":""MultiPoint"",""coordinates"":[]}"
20090217,2009-02-17,95117.68965754715,"{""type"":""MultiPoint"",""coordinates"":[]}"
20090218,2009-02-18,94978.59529388067,"{""type"":""MultiPoint"",""coordinates"":[]}"
20090219,2009-02-19,94896.27351041957,"{""type"":""MultiPoint"",""coordinates"":[]}"
20090220,2009-02-20,95173.37262597258,"{""type"":""MultiPoint"",""coordinates"":[]}"
20090221,2009-02-21,95058.93828913615,"{""type"":""MultiPoint"",""coordinates"":[]}"
20090222,2009-02-22,94827.88032065624,"{""type"":""MultiPoint"",""coordinates"":[]}"
20090223,2009-02-23,94862.62961152713,"{""type"":""MultiPoint"",""coordinates"":[]}"
20090224,2009-02-24,94856.32809121902,"{""type"":""MultiPoint"",""coordinates"":[]}"
20090225,2009-02-25,94804.95752956861,"{""type"":""MultiPoint"",""coordinates"":[]}"
20090226,2009-02-26,94840.94584086958,"{""type"":""MultiPoint"",""coordinates"":[]}"
20090227,2009-02-27,94916.31376533852,"{""type"":""MultiPoint"",""coordinates"":[]}"
20090228,2009-02-28,94869.93759013906,"{""type"":""MultiPoint"",""coordinates"":[]}"
20090301,2009-03-01,94905.09510147636,"{""type"":""MultiPoint"",""coordinates"":[]}"
20090302,2009-03-02,94926.2531173513,"{""type"":""MultiPoint"",""coordinates"":[]}"
20090303,2009-03-03,94889.59887705154,"{""type"":""MultiPoint"",""coordinates"":[]}"
20090304,2009-03-04,94839.03353292527,"{""type"":""MultiPoint"",""coordinates"":[]}"
20090305,2009-03-05,94798.61111208556,"{""type"":""MultiPoint"",""coordinates"":[]}"
20090306,2009-03-06,94879.83951973474,"{""type"":""MultiPoint"",""coordinates"":[]}"
20090307,2009-03-07,94792.77580069652,"{""type"":""MultiPoint"",""coordinates"":[]}"
20090308,2009-03-08,94797.28866713837,"{""type"":""MultiPoint"",""coordinates"":[]}"
20090309,2009-03-09,94947.8633318841,"{""type"":""MultiPoint"",""coordinates"":[]}"
20090310,2009-03-10,95107.91524568853,"{""type"":""MultiPoint"",""coordinates"":[]}"
20090311,2009-03-11,95080.21709023569,"{""type"":""MultiPoint"",""coordinates"":[]}"
20090312,2009-03-12,94952.37118706996,"{""type"":""MultiPoint"",""coordinates"":[]}"
20090313,2009-03-13,95105.22932012902,"{""type"":""MultiPoint"",""coordinates"":[]}"
20090314,2009-03-14,95091.69126989173,"{""type"":""MultiPoint"",""coordinates"":[]}"
20090315,2009-03-15,95050.90069720388,"{""type"":""MultiPoint"",""coordinates"":[]}"
20090316,2009-03-16,94906.42853733273,"{""type"":""MultiPoint"",""coordinates"":[]}"
20090317,2009-03-17,94884.69973012382,"{""type"":""MultiPoint"",""coordinates"":[]}"
20090318,2009-03-18,94887.1467999805,"{""type"":""MultiPoint"",""coordinates"":[]}"
20090319,2009-03-19,94819.12324046639,"{""type"":""MultiPoint"",""coordinates"":[]}"
20090320,2009-03-20,94797.11589232061,"{""type"":""MultiPoint"",""coordinates"":[]}"
20090321,2009-03-21,94797.86500536143,"{""type"":""MultiPoint"",""coordinates"":[]}"
20090322,2009-03-22,94831.77935584424,"{""type"":""MultiPoint"",""coordinates"":[]}"
20090323,2009-03-23,94983.95689167728,"{""type"":""MultiPoint"",""coordinates"":[]}"
20090324,2009-03-24,95072.75475199532,"{""type"":""MultiPoint"",""coordinates"":[]}"
20090325,2009-03-25,94961.61852796235,"{""type"":""MultiPoint"",""coordinates"":[]}"
20090326,2009-03-26,94843.17585552607,"{""type"":""MultiPoint"",""coordinates"":[]}"
20090327,2009-03-27,94862.89987550069,"{""type"":""MultiPoint"",""coordinates"":[]}"
20090328,2009-03-28,94849.34604024299,"{""type"":""MultiPoint"",""coordinates"":[]}"
20090329,2009-03-29,94818.40244971821,"{""type"":""MultiPoint"",""coordinates"":[]}"
20090330,2009-03-30,94756.00538956112,"{""type"":""MultiPoint"",""coordinates"":[]}"
20090331,2009-03-31,94660.28272902497,"{""type"":""MultiPoint"",""coordinates"":[]}"
20090401,2009-04-01,94727.41862101929,"{""type"":""MultiPoint"",""coordinates"":[]}"
20090402,2009-04-02,94792.385878193,"{""type"":""MultiPoint"",""coordinates"":[]}"
20090403,2009-04-03,94833.54651285666,"{""type"":""MultiPoint"",""coordinates"":[]}"
20090404,2009-04-04,94832.29555910868,"{""type"":""MultiPoint"",""coordinates"":[]}"
20090405,2009-04-05,94848.04366908969,"{""type"":""MultiPoint"",""coordinates"":[]}"
20090406,2009-04-06,94718.58122597964,"{""type"":""MultiPoint"",""coordinates"":[]}"
20090407,2009-04-07,94626.79000609518,"{""type"":""MultiPoint"",""coordinates"":[]}"
20090408,2009-04-08,94712.46577910529,"{""type"":""MultiPoint"",""coordinates"":[]}"
20090409,2009-04-09,94760.64257309951,"{""type"":""MultiPoint"",""coordinates"":[]}"
20090410,2009-04-10,94780.58050610096,"{""type"":""MultiPoint"",""coordinates"":[]}"
20090411,2009-04-11,94691.30033726867,"{""type"":""MultiPoint"",""coordinates"":[]}"
20090412,2009-04-12,94580.36631638337,"{""type"":""MultiPoint"",""coordinates"":[]}"
20090413,2009-04-13,94429.28200355111,"{""type"":""MultiPoint"",""coordinates"":[]}"
20090414,2009-04-14,94426.72341141514,"{""type"":""MultiPoint"",""coordinates"":[]}"
20090415,2009-04-15,94433.08822165958,"{""type"":""MultiPoint"",""coordinates"":[]}"
20090416,2009-04-16,94264.25440032306,"{""type"":""MultiPoint"",""coordinates"":[]}"
20090417,2009-04-17,94322.99367286591,"{""type"":""MultiPoint"",""coordinates"":[]}"
20090418,2009-04-18,94545.53862380866,"{""type"":""MultiPoint"",""coordinates"":[]}"
20090419,2009-04-19,94703.89123103644,"{""type"":""MultiPoint"",""coordinates"":[]}"
20090420,2009-04-20,94503.14634446986,"{""type"":""MultiPoint"",""coordinates"":[]}"
20090421,2009-04-21,94423.72986149279,"{""type"":""MultiPoint"",""coordinates"":[]}"
20090422,2009-04-22,94550.7189240593,"{""type"":""MultiPoint"",""coordinates"":[]}"
20090423,2009-04-23,94679.72905470995,"{""type"":""MultiPoint"",""coordinates"":[]}"
20090424,2009-04-24,94668.40823011052,"{""type"":""MultiPoint"",""coordinates"":[]}"
20090425,2009-04-25,94788.68150558922,"{""type"":""MultiPoint"",""coordinates"":[]}"
20090426,2009-04-26,94796.03619046617,"{""type"":""MultiPoint"",""coordinates"":[]}"
20090427,2009-04-27,94757.0661286641,"{""type"":""MultiPoint"",""coordinates"":[]}"
20090428,2009-04-28,94722.98578491666,"{""type"":""MultiPoint"",""coordinates"":[]}"
20090429,2009-04-29,94708.29206302518,"{""type"":""MultiPoint"",""coordinates"":[]}"
20090430,2009-04-30,94626.8059742629,"{""type"":""MultiPoint"",""coordinates"":[]}"
20090501,2009-05-01,94627.07922388207,"{""type"":""MultiPoint"",""coordinates"":[]}"
20090502,2009-05-02,94670.04952322904,"{""type"":""MultiPoint"",""coordinates"":[]}"
20090503,2009-05-03,94638.30631376823,"{""type"":""MultiPoint"",""coordinates"":[]}"
20090504,2009-05-04,94558.69692003634,"{""type"":""MultiPoint"",""coordinates"":[]}"
20090505,2009-05-05,94652.31391737013,"{""type"":""MultiPoint"",""coordinates"":[]}"
20090506,2009-05-06,94670.3118569136,"{""type"":""MultiPoint"",""coordinates"":[]}"
20090507,2009-05-07,94544.90088144937,"{""type"":""MultiPoint"",""coordinates"":[]}"
20090508,2009-05-08,94492.77281309117,"{""type"":""MultiPoint"",""coordinates"":[]}"
20090509,2009-05-09,94386.90851609236,"{""type"":""MultiPoint"",""coordinates"":[]}"
20090510,2009-05-10,94328.07821728213,"{""type"":""MultiPoint"",""coordinates"":[]}"
20090511,2009-05-11,94374.34284388198,"{""type"":""MultiPoint"",""coordinates"":[]}"
20090512,2009-05-12,94317.37580813924,"{""type"":""MultiPoint"",""coordinates"":[]}"
20090513,2009-05-13,94178.30570510695,"{""type"":""MultiPoint"",""coordinates"":[]}"
20090514,2009-05-14,94194.93477980747,"{""type"":""MultiPoint"",""coordinates"":[]}"
20090515,2009-05-15,94331.21033512572,"{""type"":""MultiPoint"",""coordinates"":[]}"
20090516,2009-05-16,94434.3633662551,"{""type"":""MultiPoint"",""coordinates"":[]}"
20090517,2009-05-17,94506.5635530022,"{""type"":""MultiPoint"",""coordinates"":[]}"
20090518,2009-05-18,94467.2456978459,"{""type"":""MultiPoint"",""coordinates"":[]}"
20090519,2009-05-19,94430.99698362549,"{""type"":""MultiPoint"",""coordinates"":[]}"
20090520,2009-05-20,94354.99688987841,"{""type"":""MultiPoint"",""coordinates"":[]}"
20090521,2009-05-21,94316.99384691166,"{""type"":""MultiPoint"",""coordinates"":[]}"
20090522,2009-05-22,94239.718942886,"{""type"":""MultiPoint"",""coordinates"":[]}"
20090523,2009-05-23,94057.59449763027,"{""type"":""MultiPoint"",""coordinates"":[]}"
20090524,2009-05-24,93878.92701277368,"{""type"":""MultiPoint"",""coordinates"":[]}"
20090525,2009-05-25,93885.55435013799,"{""type"":""MultiPoint"",""coordinates"":[]}"
20090526,2009-05-26,94055.51525682051,"{""type"":""MultiPoint"",""coordinates"":[]}"
20090527,2009-05-27,94157.87626258523,"{""type"":""MultiPoint"",""coordinates"":[]}"
20090528,2009-05-28,94242.54117215952,"{""type"":""MultiPoint"",""coordinates"":[]}"
20090529,2009-05-29,94243.65860171463,"{""type"":""MultiPoint"",""coordinates"":[]}"
20090530,2009-05-30,94206.30135025702,"{""type"":""MultiPoint"",""coordinates"":[]}"
20090531,2009-05-31,94253.52768467258,"{""type"":""MultiPoint"",""coordinates"":[]}"
20090601,2009-06-01,94350.69410757524,"{""type"":""MultiPoint"",""coordinates"":[]}"
20090602,2009-06-02,94449.59081802709,"{""type"":""MultiPoint"",""coordinates"":[]}"
20090603,2009-06-03,94476.36275307728,"{""type"":""MultiPoint"",""coordinates"":[]}"
20090604,2009-06-04,94248.16412937698,"{""type"":""MultiPoint"",""coordinates"":[]}"
20090605,2009-06-05,94132.44164886126,"{""type"":""MultiPoint"",""coordinates"":[]}"
20090606,2009-06-06,94091.30868301431,"{""type"":""MultiPoint"",""coordinates"":[]}"
20090607,2009-06-07,94131.87271008256,"{""type"":""MultiPoint"",""coordinates"":[]}"
20090608,2009-06-08,94330.26330267159,"{""type"":""MultiPoint"",""coordinates"":[]}"
20090609,2009-06-09,94419.19194600637,"{""type"":""MultiPoint"",""coordinates"":[]}"
20090610,2009-06-10,94440.47134781875,"{""type"":""MultiPoint"",""coordinates"":[]}"
20090611,2009-06-11,94512.79105640495,"{""type"":""MultiPoint"",""coordinates"":[]}"
20090612,2009-06-12,94560.47154041297,"{""type"":""MultiPoint"",""coordinates"":[]}"
20090613,2009-06-13,94599.27587787529,"{""type"":""MultiPoint"",""coordinates"":[]}"
20090614,2009-06-14,94541.54850445563,"{""type"":""MultiPoint"",""coordinates"":[]}"
20090615,2009-06-15,94422.95548654858,"{""type"":""MultiPoint"",""coordinates"":[]}"
20090616,2009-06-16,94338.46745836102,"{""type"":""MultiPoint"",""coordinates"":[]}"
20090617,2009-06-17,94221.17773848488,"{""type"":""MultiPoint"",""coordinates"":[]}"
20090618,2009-06-18,94201.55765228417,"{""type"":""MultiPoint"",""coordinates"":[]}"
20090619,2009-06-19,94284.74626409955,"{""type"":""MultiPoint"",""coordinates"":[]}"
20090620,2009-06-20,94409.25321309917,"{""type"":""MultiPoint"",""coordinates"":[]}"
20090621,2009-06-21,94430.1055718833,"{""type"":""MultiPoint"",""coordinates"":[]}"
20090622,2009-06-22,94359.6400818729,"{""type"":""MultiPoint"",""coordinates"":[]}"
20090623,2009-06-23,94301.80202101392,"{""type"":""MultiPoint"",""coordinates"":[]}"
20090624,2009-06-24,94287.03287874369,"{""type"":""MultiPoint"",""coordinates"":[]}"
20090625,2009-06-25,94277.34020577131,"{""type"":""MultiPoint"",""coordinates"":[]}"
20090626,2009-06-26,94203.922781654,"{""type"":""MultiPoint"",""coordinates"":[]}"
20090627,2009-06-27,94157.46269491791,"{""type"":""MultiPoint"",""coordinates"":[]}"
20090628,2009-06-28,94226.61354411226,"{""type"":""MultiPoint"",""coordinates"":[]}"
20090629,2009-06-29,94242.00542716017,"{""type"":""MultiPoint"",""coordinates"":[]}"
20090630,2009-06-30,94326.89359346013,"{""type"":""MultiPoint"",""coordinates"":[]}"
20090701,2009-07-01,94315.93147519934,"{""type"":""MultiPoint"",""coordinates"":[]}"
20090702,2009-07-02,94185.2738350793,"{""type"":""MultiPoint"",""coordinates"":[]}"
20090703,2009-07-03,94103.36075889425,"{""type"":""MultiPoint"",""coordinates"":[]}"
20090704,2009-07-04,94067.86488576146,"{""type"":""MultiPoint"",""coordinates"":[]}"
20090705,2009-07-05,94049.61319655007,"{""type"":""MultiPoint"",""coordinates"":[]}"
20090706,2009-07-06,94090.45921803404,"{""type"":""MultiPoint"",""coordinates"":[]}"
20090707,2009-07-07,94135.18028121373,"{""type"":""MultiPoint"",""coordinates"":[]}"
20090708,2009-07-08,94064.09063557845,"{""type"":""MultiPoint"",""coordinates"":[]}"
20090709,2009-07-09,94186.38817406511,"{""type"":""MultiPoint"",""coordinates"":[]}"
20090710,2009-07-10,94313.36448025436,"{""type"":""MultiPoint"",""coordinates"":[]}"
20090711,2009-07-11,94423.99508455265,"{""type"":""MultiPoint"",""coordinates"":[]}"
20090712,2009-07-12,94302.96592678936,"{""type"":""MultiPoint"",""coordinates"":[]}"
20090713,2009-07-13,94100.43318060623,"{""type"":""MultiPoint"",""coordinates"":[]}"
20090714,2009-07-14,93995.9187267366,"{""type"":""MultiPoint"",""coordinates"":[]}"
20090715,2009-07-15,93951.15188055538,"{""type"":""MultiPoint"",""coordinates"":[]}"
20090716,2009-07-16,94101.6624308471,"{""type"":""MultiPoint"",""coordinates"":[]}"
20090717,2009-07-17,94109.48777705149,"{""type"":""MultiPoint"",""coordinates"":[]}"
20090718,2009-07-18,94384.89489752361,"{""type"":""MultiPoint"",""coordinates"":[]}"
20090719,2009-07-19,94421.27367330238,"{""type"":""MultiPoint"",""coordinates"":[]}"
20090720,2009-07-20,94293.63376719759,"{""type"":""MultiPoint"",""coordinates"":[]}"
20090721,2009-07-21,94223.6371933587,"{""type"":""MultiPoint"",""coordinates"":[]}"
20090722,2009-07-22,94215.34517845171,"{""type"":""MultiPoint"",""coordinates"":[]}"
20090723,2009-07-23,94398.85208597963,"{""type"":""MultiPoint"",""coordinates"":[]}"
20090724,2009-07-24,94555.7718032292,"{""type"":""MultiPoint"",""coordinates"":[]}"
20090725,2009-07-25,94528.8940737385,"{""type"":""MultiPoint"",""coordinates"":[]}"
20090726,2009-07-26,94447.47195643913,"{""type"":""MultiPoint"",""coordinates"":[]}"
20090727,2009-07-27,94398.29464687995,"{""type"":""MultiPoint"",""coordinates"":[]}"
20090728,2009-07-28,94433.80650113353,"{""type"":""MultiPoint"",""coordinates"":[]}"
20090729,2009-07-29,94561.68742259736,"{""type"":""MultiPoint"",""coordinates"":[]}"
20090730,2009-07-30,94600.63958678949,"{""type"":""MultiPoint"",""coordinates"":[]}"
20090731,2009-07-31,94549.20822568319,"{""type"":""MultiPoint"",""coordinates"":[]}"
20090801,2009-08-01,94492.6820758577,"{""type"":""MultiPoint"",""coordinates"":[]}"
20090802,2009-08-02,94495.85202212064,"{""type"":""MultiPoint"",""coordinates"":[]}"
20090803,2009-08-03,94447.69773973191,"{""type"":""MultiPoint"",""coordinates"":[]}"
20090804,2009-08-04,94445.91859979845,"{""type"":""MultiPoint"",""coordinates"":[]}"
20090805,2009-08-05,94401.29818830072,"{""type"":""MultiPoint"",""coordinates"":[]}"
20090806,2009-08-06,94405.07808662759,"{""type"":""MultiPoint"",""coordinates"":[]}"
20090807,2009-08-07,94413.90831984258,"{""type"":""MultiPoint"",""coordinates"":[]}"
20090808,2009-08-08,94342.43483257123,"{""type"":""MultiPoint"",""coordinates"":[]}"
20090809,2009-08-09,94278.91454182223,"{""type"":""MultiPoint"",""coordinates"":[]}"
20090810,2009-08-10,94325.31212082026,"{""type"":""MultiPoint"",""coordinates"":[]}"
20090811,2009-08-11,94453.33989118996,"{""type"":""MultiPoint"",""coordinates"":[]}"
20090812,2009-08-12,94418.14642168242,"{""type"":""MultiPoint"",""coordinates"":[]}"
20090813,2009-08-13,94441.70246449075,"{""type"":""MultiPoint"",""coordinates"":[]}"
20090814,2009-08-14,94498.63570772146,"{""type"":""MultiPoint"",""coordinates"":[]}"
20090815,2009-08-15,94553.26191997084,"{""type"":""MultiPoint"",""coordinates"":[]}"
20090816,2009-08-16,94552.70549392069,"{""type"":""MultiPoint"",""coordinates"":[]}"
20090817,2009-08-17,94618.82657195009,"{""type"":""MultiPoint"",""coordinates"":[]}"
20090818,2009-08-18,94638.74020325922,"{""type"":""MultiPoint"",""coordinates"":[]}"
20090819,2009-08-19,94726.962077291,"{""type"":""MultiPoint"",""coordinates"":[]}"
20090820,2009-08-20,94775.10964343704,"{""type"":""MultiPoint"",""coordinates"":[]}"
20090821,2009-08-21,94655.75203138906,"{""type"":""MultiPoint"",""coordinates"":[]}"
20090822,2009-08-22,94490.5835771993,"{""type"":""MultiPoint"",""coordinates"":[]}"
20090823,2009-08-23,94438.99621824658,"{""type"":""MultiPoint"",""coordinates"":[]}"
20090824,2009-08-24,94400.61674674018,"{""type"":""MultiPoint"",""coordinates"":[]}"
20090825,2009-08-25,94370.56070342314,"{""type"":""MultiPoint"",""coordinates"":[]}"
20090826,2009-08-26,94423.03145373019,"{""type"":""MultiPoint"",""coordinates"":[]}"
20090827,2009-08-27,94393.05626980739,"{""type"":""MultiPoint"",""coordinates"":[]}"
20090828,2009-08-28,94491.27793480516,"{""type"":""MultiPoint"",""coordinates"":[]}"
20090829,2009-08-29,94509.56735716318,"{""type"":""MultiPoint"",""coordinates"":[]}"
20090830,2009-08-30,94630.06836714034,"{""type"":""MultiPoint"",""coordinates"":[]}"
20090831,2009-08-31,94626.70924794268,"{""type"":""MultiPoint"",""coordinates"":[]}"
20090901,2009-09-01,94456.16215182326,"{""type"":""MultiPoint"",""coordinates"":[]}"
20090902,2009-09-02,94292.78084720539,"{""type"":""MultiPoint"",""coordinates"":[]}"
20090903,2009-09-03,94274.45034967006,"{""type"":""MultiPoint"",""coordinates"":[]}"
20090904,2009-09-04,94236.2703424342,"{""type"":""MultiPoint"",""coordinates"":[]}"
20090905,2009-09-05,94128.97927127851,"{""type"":""MultiPoint"",""coordinates"":[]}"
20090906,2009-09-06,94150.92353485255,"{""type"":""MultiPoint"",""coordinates"":[]}"
20090907,2009-09-07,94227.85132085189,"{""type"":""MultiPoint"",""coordinates"":[]}"
20090908,2009-09-08,94338.00481359576,"{""type"":""MultiPoint"",""coordinates"":[]}"
20090909,2009-09-09,94424.932458754,"{""type"":""MultiPoint"",""coordinates"":[]}"
20090910,2009-09-10,94534.94457119022,"{""type"":""MultiPoint"",""coordinates"":[]}"
20090911,2009-09-11,94711.11408246467,"{""type"":""MultiPoint"",""coordinates"":[]}"
20090912,2009-09-12,94861.65659261824,"{""type"":""MultiPoint"",""coordinates"":[]}"
20090913,2009-09-13,94852.62842031536,"{""type"":""MultiPoint"",""coordinates"":[]}"
20090914,2009-09-14,94777.87743109083,"{""type"":""MultiPoint"",""coordinates"":[]}"
20090915,2009-09-15,94609.49574828323,"{""type"":""MultiPoint"",""coordinates"":[]}"
20090916,2009-09-16,94625.4816837597,"{""type"":""MultiPoint"",""coordinates"":[]}"
20090917,2009-09-17,94744.41055662351,"{""type"":""MultiPoint"",""coordinates"":[]}"
20090918,2009-09-18,94800.33571990735,"{""type"":""MultiPoint"",""coordinates"":[]}"
20090919,2009-09-19,94779.02082931162,"{""type"":""MultiPoint"",""coordinates"":[]}"
20090920,2009-09-20,94725.95722217587,"{""type"":""MultiPoint"",""coordinates"":[]}"
20090921,2009-09-21,94725.88051414583,"{""type"":""MultiPoint"",""coordinates"":[]}"
20090922,2009-09-22,94691.66183699082,"{""type"":""MultiPoint"",""coordinates"":[]}"
20090923,2009-09-23,94702.0655709761,"{""type"":""MultiPoint"",""coordinates"":[]}"
20090924,2009-09-24,94722.19592430805,"{""type"":""MultiPoint"",""coordinates"":[]}"
20090925,2009-09-25,94665.04540922726,"{""type"":""MultiPoint"",""coordinates"":[]}"
20090926,2009-09-26,94529.44525494809,"{""type"":""MultiPoint"",""coordinates"":[]}"
20090927,2009-09-27,94415.59133138809,"{""type"":""MultiPoint"",""coordinates"":[]}"
20090928,2009-09-28,94322.73747292778,"{""type"":""MultiPoint"",""coordinates"":[]}"
20090929,2009-09-29,94205.39114089063,"{""type"":""MultiPoint"",""coordinates"":[]}"
20090930,2009-09-30,94099.92258014136,"{""type"":""MultiPoint"",""coordinates"":[]}"
20091001,2009-10-01,93963.25538260277,"{""type"":""MultiPoint"",""coordinates"":[]}"
20091002,2009-10-02,93965.38174869434,"{""type"":""MultiPoint"",""coordinates"":[]}"
20091003,2009-10-03,94038.26577024939,"{""type"":""MultiPoint"",""coordinates"":[]}"
20091004,2009-10-04,94329.2515514425,"{""type"":""MultiPoint"",""coordinates"":[]}"
20091005,2009-10-05,94417.74176039203,"{""type"":""MultiPoint"",""coordinates"":[]}"
20091006,2009-10-06,94492.32771750548,"{""type"":""MultiPoint"",""coordinates"":[]}"
20091007,2009-10-07,94559.74733994316,"{""type"":""MultiPoint"",""coordinates"":[]}"
20091008,2009-10-08,94633.725672801,"{""type"":""MultiPoint"",""coordinates"":[]}"
20091009,2009-10-09,94731.1718685504,"{""type"":""MultiPoint"",""coordinates"":[]}"
20091010,2009-10-10,94906.32285549329,"{""type"":""MultiPoint"",""coordinates"":[]}"
20091011,2009-10-11,95034.77021031476,"{""type"":""MultiPoint"",""coordinates"":[]}"
20091012,2009-10-12,95070.1957044095,"{""type"":""MultiPoint"",""coordinates"":[]}"
20091013,2009-10-13,95106.44457097343,"{""type"":""MultiPoint"",""coordinates"":[]}"
20091014,2009-10-14,95105.42885858106,"{""type"":""MultiPoint"",""coordinates"":[]}"
20091015,2009-10-15,95054.16831994751,"{""type"":""MultiPoint"",""coordinates"":[]}"
20091016,2009-10-16,95027.62042614669,"{""type"":""MultiPoint"",""coordinates"":[]}"
20091017,2009-10-17,94917.99521928994,"{""type"":""MultiPoint"",""coordinates"":[]}"
20091018,2009-10-18,94925.42692287201,"{""type"":""MultiPoint"",""coordinates"":[]}"
20091019,2009-10-19,95051.28147800958,"{""type"":""MultiPoint"",""coordinates"":[]}"
20091020,2009-10-20,95112.5040709567,"{""type"":""MultiPoint"",""coordinates"":[]}"
20091021,2009-10-21,95183.52640480039,"{""type"":""MultiPoint"",""coordinates"":[]}"
20091022,2009-10-22,95191.52476287936,"{""type"":""MultiPoint"",""coordinates"":[]}"
20091023,2009-10-23,95090.40743063203,"{""type"":""MultiPoint"",""coordinates"":[]}"
20091024,2009-10-24,94989.99534218608,"{""type"":""MultiPoint"",""coordinates"":[]}"
20091025,2009-10-25,95037.08758254732,"{""type"":""MultiPoint"",""coordinates"":[]}"
20091026,2009-10-26,95078.91482411473,"{""type"":""MultiPoint"",""coordinates"":[]}"
20091027,2009-10-27,95071.64442217576,"{""type"":""MultiPoint"",""coordinates"":[]}"
20091028,2009-10-28,95097.7953947137,"{""type"":""MultiPoint"",""coordinates"":[]}"
20091029,2009-10-29,95227.62283197476,"{""type"":""MultiPoint"",""coordinates"":[]}"
20091030,2009-10-30,95219.73428072382,"{""type"":""MultiPoint"",""coordinates"":[]}"
20091031,2009-10-31,95121.89535213918,"{""type"":""MultiPoint"",""coordinates"":[]}"
20091101,2009-11-01,95108.99464987592,"{""type"":""MultiPoint"",""coordinates"":[]}"
20091102,2009-11-02,95141.56558679177,"{""type"":""MultiPoint"",""coordinates"":[]}"
20091103,2009-11-03,95143.59477057065,"{""type"":""MultiPoint"",""coordinates"":[]}"
20091104,2009-11-04,95135.18716312601,"{""type"":""MultiPoint"",""coordinates"":[]}"
20091105,2009-11-05,95080.46417215219,"{""type"":""MultiPoint"",""coordinates"":[]}"
20091106,2009-11-06,94928.13069965279,"{""type"":""MultiPoint"",""coordinates"":[]}"
20091107,2009-11-07,94882.44585545745,"{""type"":""MultiPoint"",""coordinates"":[]}"
20091108,2009-11-08,94908.81943225492,"{""type"":""MultiPoint"",""coordinates"":[]}"
20091109,2009-11-09,94746.6254579251,"{""type"":""MultiPoint"",""coordinates"":[]}"
20091110,2009-11-10,94488.56125779463,"{""type"":""MultiPoint"",""coordinates"":[]}"
20091111,2009-11-11,94414.84366398425,"{""type"":""MultiPoint"",""coordinates"":[]}"
20091112,2009-11-12,94714.07981019665,"{""type"":""MultiPoint"",""coordinates"":[]}"
20091113,2009-11-13,95009.9552671451,"{""type"":""MultiPoint"",""coordinates"":[]}"
20091114,2009-11-14,94954.45853591085,"{""type"":""MultiPoint"",""coordinates"":[]}"
20091115,2009-11-15,94809.11045776821,"{""type"":""MultiPoint"",""coordinates"":[]}"
20091116,2009-11-16,94817.1098311007,"{""type"":""MultiPoint"",""coordinates"":[]}"
20091117,2009-11-17,94902.25710554096,"{""type"":""MultiPoint"",""coordinates"":[]}"
20091118,2009-11-18,95059.32020854611,"{""type"":""MultiPoint"",""coordinates"":[]}"
20091119,2009-11-19,95225.04423938542,"{""type"":""MultiPoint"",""coordinates"":[]}"
20091120,2009-11-20,95327.29788974502,"{""type"":""MultiPoint"",""coordinates"":[]}"
20091121,2009-11-21,95311.48343638255,"{""type"":""MultiPoint"",""coordinates"":[]}"
20091122,2009-11-22,95282.74036258816,"{""type"":""MultiPoint"",""coordinates"":[]}"
20091123,2009-11-23,95330.05338987234,"{""type"":""MultiPoint"",""coordinates"":[]}"
20091124,2009-11-24,95288.99326888463,"{""type"":""MultiPoint"",""coordinates"":[]}"
20091125,2009-11-25,95229.29533993575,"{""type"":""MultiPoint"",""coordinates"":[]}"
20091126,2009-11-26,95130.58918995499,"{""type"":""MultiPoint"",""coordinates"":[]}"
20091127,2009-11-27,95268.81310702657,"{""type"":""MultiPoint"",""coordinates"":[]}"
20091128,2009-11-28,95353.43392417407,"{""type"":""MultiPoint"",""coordinates"":[]}"
20091129,2009-11-29,95329.33691725673,"{""type"":""MultiPoint"",""coordinates"":[]}"
20091130,2009-11-30,95326.14148366475,"{""type"":""MultiPoint"",""coordinates"":[]}"
20091201,2009-12-01,95311.59807157754,"{""type"":""MultiPoint"",""coordinates"":[]}"
20091202,2009-12-02,95303.3672885785,"{""type"":""MultiPoint"",""coordinates"":[]}"
20091203,2009-12-03,95290.91914937526,"{""type"":""MultiPoint"",""coordinates"":[]}"
20091204,2009-12-04,95220.67068192986,"{""type"":""MultiPoint"",""coordinates"":[]}"
20091205,2009-12-05,95131.52368905688,"{""type"":""MultiPoint"",""coordinates"":[]}"
20091206,2009-12-06,95074.65768616958,"{""type"":""MultiPoint"",""coordinates"":[]}"
20091207,2009-12-07,95105.08427729477,"{""type"":""MultiPoint"",""coordinates"":[]}"
20091208,2009-12-08,95141.68352758508,"{""type"":""MultiPoint"",""coordinates"":[]}"
20091209,2009-12-09,95179.71092443119,"{""type"":""MultiPoint"",""coordinates"":[]}"
20091210,2009-12-10,95091.44326975817,"{""type"":""MultiPoint"",""coordinates"":[]}"
20091211,2009-12-11,95048.93175000441,"{""type"":""MultiPoint"",""coordinates"":[]}"
20091212,2009-12-12,95073.49628015225,"{""type"":""MultiPoint"",""coordinates"":[]}"
20091213,2009-12-13,95156.75855143601,"{""type"":""MultiPoint"",""coordinates"":[]}"
20091214,2009-12-14,95244.98523109446,"{""type"":""MultiPoint"",""coordinates"":[]}"
20091215,2009-12-15,95332.8627330703,"{""type"":""MultiPoint"",""coordinates"":[]}"
20091216,2009-12-16,95331.82767778344,"{""type"":""MultiPoint"",""coordinates"":[]}"
20091217,2009-12-17,95296.26183919788,"{""type"":""MultiPoint"",""coordinates"":[]}"
20091218,2009-12-18,95353.07960298045,"{""type"":""MultiPoint"",""coordinates"":[]}"
20091219,2009-12-19,95471.32785831932,"{""type"":""MultiPoint"",""coordinates"":[]}"
20091220,2009-12-20,95521.80682431464,"{""type"":""MultiPoint"",""coordinates"":[]}"
20091221,2009-12-21,95445.1346830545,"{""type"":""MultiPoint"",""coordinates"":[]}"
20091222,2009-12-22,95344.1645353591,"{""type"":""MultiPoint"",""coordinates"":[]}"
20091223,2009-12-23,95358.79991638662,"{""type"":""MultiPoint"",""coordinates"":[]}"
20091224,2009-12-24,95315.81508438384,"{""type"":""MultiPoint"",""coordinates"":[]}"
20091225,2009-12-25,95232.37928988549,"{""type"":""MultiPoint"",""coordinates"":[]}"
20091226,2009-12-26,95089.3738273234,"{""type"":""MultiPoint"",""coordinates"":[]}"
20091227,2009-12-27,95073.03965498619,"{""type"":""MultiPoint"",""coordinates"":[]}"
20091228,2009-12-28,95003.35984908661,"{""type"":""MultiPoint"",""coordinates"":[]}"
20091229,2009-12-29,95021.3826313673,"{""type"":""MultiPoint"",""coordinates"":[]}"
20091230,2009-12-30,95056.25076958364,"{""type"":""MultiPoint"",""coordinates"":[]}"
20091231,2009-12-31,95087.08481956065,"{""type"":""MultiPoint"",""coordinates"":[]}"
20100101,2010-01-01,95194.84723938961,"{""type"":""MultiPoint"",""coordinates"":[]}"
20100102,2010-01-02,95340.5525205396,"{""type"":""MultiPoint"",""coordinates"":[]}"
20100103,2010-01-03,95257.55778184693,"{""type"":""MultiPoint"",""coordinates"":[]}"
20100104,2010-01-04,95051.45457861284,"{""type"":""MultiPoint"",""coordinates"":[]}"
20100105,2010-01-05,94959.1815062742,"{""type"":""MultiPoint"",""coordinates"":[]}"
20100106,2010-01-06,95031.7435895088,"{""type"":""MultiPoint"",""coordinates"":[]}"
20100107,2010-01-07,95165.37540008851,"{""type"":""MultiPoint"",""coordinates"":[]}"
20100108,2010-01-08,95149.61039371925,"{""type"":""MultiPoint"",""coordinates"":[]}"
20100109,2010-01-09,95156.53144553774,"{""type"":""MultiPoint"",""coordinates"":[]}"
20100110,2010-01-10,95197.49823113425,"{""type"":""MultiPoint"",""coordinates"":[]}"
20100111,2010-01-11,95251.74099837712,"{""type"":""MultiPoint"",""coordinates"":[]}"
20100112,2010-01-12,95279.69393884676,"{""type"":""MultiPoint"",""coordinates"":[]}"
20100113,2010-01-13,95378.48665866438,"{""type"":""MultiPoint"",""coordinates"":[]}"
20100114,2010-01-14,95529.81325004491,"{""type"":""MultiPoint"",""coordinates"":[]}"
20100115,2010-01-15,95657.9466635627,"{""type"":""MultiPoint"",""coordinates"":[]}"
20100116,2010-01-16,95705.440658043,"{""type"":""MultiPoint"",""coordinates"":[]}"
20100117,2010-01-17,95633.96873191242,"{""type"":""MultiPoint"",""coordinates"":[]}"
20100118,2010-01-18,95480.33503427764,"{""type"":""MultiPoint"",""coordinates"":[]}"
20100119,2010-01-19,95366.02175882773,"{""type"":""MultiPoint"",""coordinates"":[]}"
20100120,2010-01-20,95460.92559041918,"{""type"":""MultiPoint"",""coordinates"":[]}"
20100121,2010-01-21,95344.72067829609,"{""type"":""MultiPoint"",""coordinates"":[]}"
20100122,2010-01-22,95337.6681444572,"{""type"":""MultiPoint"",""coordinates"":[]}"
20100123,2010-01-23,95292.61521262529,"{""type"":""MultiPoint"",""coordinates"":[]}"
20100124,2010-01-24,95203.57468237195,"{""type"":""MultiPoint"",""coordinates"":[]}"
20100125,2010-01-25,95264.20526612125,"{""type"":""MultiPoint"",""coordinates"":[]}"
20100126,2010-01-26,95365.62470355356,"{""type"":""MultiPoint"",""coordinates"":[]}"
20100127,2010-01-27,95367.53772241062,"{""type"":""MultiPoint"",""coordinates"":[]}"
20100128,2010-01-28,95375.1913548087,"{""type"":""MultiPoint"",""coordinates"":[]}"
20100129,2010-01-29,95376.48823709248,"{""type"":""MultiPoint"",""coordinates"":[]}"
20100130,2010-01-30,95365.04036865923,"{""type"":""MultiPoint"",""coordinates"":[]}"
20100131,2010-01-31,95323.53171788101,"{""type"":""MultiPoint"",""coordinates"":[]}"
20100201,2010-02-01,95230.8283143525,"{""type"":""MultiPoint"",""coordinates"":[]}"
20100202,2010-02-02,95172.16894625529,"{""type"":""MultiPoint"",""coordinates"":[]}"
20100203,2010-02-03,95170.13838518778,"{""type"":""MultiPoint"",""coordinates"":[]}"
20100204,2010-02-04,95250.15022976353,"{""type"":""MultiPoint"",""coordinates"":[]}"
20100205,2010-02-05,95315.07441906215,"{""type"":""MultiPoint"",""coordinates"":[]}"
20100206,2010-02-06,95375.58072780346,"{""type"":""MultiPoint"",""coordinates"":[]}"
20100207,2010-02-07,95345.18977916817,"{""type"":""MultiPoint"",""coordinates"":[]}"
20100208,2010-02-08,95098.1974705218,"{""type"":""MultiPoint"",""coordinates"":[]}"
20100209,2010-02-09,94974.65096309777,"{""type"":""MultiPoint"",""coordinates"":[]}"
20100210,2010-02-10,95028.72347132723,"{""type"":""MultiPoint"",""coordinates"":[]}"
20100211,2010-02-11,95202.71796797834,"{""type"":""MultiPoint"",""coordinates"":[]}"
20100212,2010-02-12,95185.91959601513,"{""type"":""MultiPoint"",""coordinates"":[]}"
20100213,2010-02-13,95059.21228062776,"{""type"":""MultiPoint"",""coordinates"":[]}"
20100214,2010-02-14,94934.74397780352,"{""type"":""MultiPoint"",""coordinates"":[]}"
20100215,2010-02-15,94965.71354954733,"{""type"":""MultiPoint"",""coordinates"":[]}"
20100216,2010-02-16,95096.86125747062,"{""type"":""MultiPoint"",""coordinates"":[]}"
20100217,2010-02-17,95093.61013108767,"{""type"":""MultiPoint"",""coordinates"":[]}"
20100218,2010-02-18,95079.18406329282,"{""type"":""MultiPoint"",""coordinates"":[]}"
20100219,2010-02-19,95135.1796969065,"{""type"":""MultiPoint"",""coordinates"":[]}"
20100220,2010-02-20,95151.38345822456,"{""type"":""MultiPoint"",""coordinates"":[]}"
20100221,2010-02-21,95180.08893892026,"{""type"":""MultiPoint"",""coordinates"":[]}"
20100222,2010-02-22,95106.29878560218,"{""type"":""MultiPoint"",""coordinates"":[]}"
20100223,2010-02-23,94927.98450117167,"{""type"":""MultiPoint"",""coordinates"":[]}"
20100224,2010-02-24,94814.99566970069,"{""type"":""MultiPoint"",""coordinates"":[]}"
20100225,2010-02-25,94897.46429110797,"{""type"":""MultiPoint"",""coordinates"":[]}"
20100226,2010-02-26,95036.35298612964,"{""type"":""MultiPoint"",""coordinates"":[]}"
20100227,2010-02-27,95025.34233730272,"{""type"":""MultiPoint"",""coordinates"":[]}"
20100228,2010-02-28,95059.45385563471,"{""type"":""MultiPoint"",""coordinates"":[]}"
20100301,2010-03-01,95114.7570558291,"{""type"":""MultiPoint"",""coordinates"":[]}"
20100302,2010-03-02,94992.82786056414,"{""type"":""MultiPoint"",""coordinates"":[]}"
20100303,2010-03-03,94839.50373016311,"{""type"":""MultiPoint"",""coordinates"":[]}"
20100304,2010-03-04,94833.24238256968,"{""type"":""MultiPoint"",""coordinates"":[]}"
20100305,2010-03-05,94870.72416943556,"{""type"":""MultiPoint"",""coordinates"":[]}"
20100306,2010-03-06,94921.84493821418,"{""type"":""MultiPoint"",""coordinates"":[]}"
20100307,2010-03-07,95027.36206985524,"{""type"":""MultiPoint"",""coordinates"":[]}"
20100308,2010-03-08,95047.71796003668,"{""type"":""MultiPoint"",""coordinates"":[]}"
20100309,2010-03-09,95128.17822768167,"{""type"":""MultiPoint"",""coordinates"":[]}"
20100310,2010-03-10,95231.5254729988,"{""type"":""MultiPoint"",""coordinates"":[]}"
20100311,2010-03-11,95366.4561336432,"{""type"":""MultiPoint"",""coordinates"":[]}"
20100312,2010-03-12,95377.19643081234,"{""type"":""MultiPoint"",""coordinates"":[]}"
20100313,2010-03-13,95187.43242708906,"{""type"":""MultiPoint"",""coordinates"":[]}"
20100314,2010-03-14,94986.14631565328,"{""type"":""MultiPoint"",""coordinates"":[]}"
20100315,2010-03-15,94937.85543614914,"{""type"":""MultiPoint"",""coordinates"":[]}"
20100316,2010-03-16,95008.47900398087,"{""type"":""MultiPoint"",""coordinates"":[]}"
20100317,2010-03-17,95212.42065499215,"{""type"":""MultiPoint"",""coordinates"":[]}"
20100318,2010-03-18,95325.91657024069,"{""type"":""MultiPoint"",""coordinates"":[]}"
20100319,2010-03-19,95125.13169592389,"{""type"":""MultiPoint"",""coordinates"":[]}"
20100320,2010-03-20,94989.75591483105,"{""type"":""MultiPoint"",""coordinates"":[]}"
20100321,2010-03-21,94788.81456226045,"{""type"":""MultiPoint"",""coordinates"":[]}"
20100322,2010-03-22,94561.95768790704,"{""type"":""MultiPoint"",""coordinates"":[]}"
20100323,2010-03-23,94462.28589672547,"{""type"":""MultiPoint"",""coordinates"":[]}"
20100324,2010-03-24,94607.46590313397,"{""type"":""MultiPoint"",""coordinates"":[]}"
20100325,2010-03-25,94667.0231440172,"{""type"":""MultiPoint"",""coordinates"":[]}"
20100326,2010-03-26,94689.82251949422,"{""type"":""MultiPoint"",""coordinates"":[]}"
20100327,2010-03-27,94815.80349502685,"{""type"":""MultiPoint"",""coordinates"":[]}"
20100328,2010-03-28,94847.18746638868,"{""type"":""MultiPoint"",""coordinates"":[]}"
20100329,2010-03-29,94860.65798595292,"{""type"":""MultiPoint"",""coordinates"":[]}"
20100330,2010-03-30,94773.93808014978,"{""type"":""MultiPoint"",""coordinates"":[]}"
20100331,2010-03-31,94720.86687189447,"{""type"":""MultiPoint"",""coordinates"":[]}"
20100401,2010-04-01,94686.44105490336,"{""type"":""MultiPoint"",""coordinates"":[]}"
20100402,2010-04-02,94706.66083313766,"{""type"":""MultiPoint"",""coordinates"":[]}"
20100403,2010-04-03,94809.4664235617,"{""type"":""MultiPoint"",""coordinates"":[]}"
20100404,2010-04-04,94888.50794203558,"{""type"":""MultiPoint"",""coordinates"":[]}"
20100405,2010-04-05,94785.66283911464,"{""type"":""MultiPoint"",""coordinates"":[]}"
20100406,2010-04-06,94776.27874590135,"{""type"":""MultiPoint"",""coordinates"":[]}"
20100407,2010-04-07,94922.93302085006,"{""type"":""MultiPoint"",""coordinates"":[]}"
20100408,2010-04-08,95024.14093824549,"{""type"":""MultiPoint"",""coordinates"":[]}"
20100409,2010-04-09,94779.22749589526,"{""type"":""MultiPoint"",""coordinates"":[]}"
20100410,2010-04-10,94533.90704937692,"{""type"":""MultiPoint"",""coordinates"":[]}"
20100411,2010-04-11,94514.01813807801,"{""type"":""MultiPoint"",""coordinates"":[]}"
20100412,2010-04-12,94563.08358516824,"{""type"":""MultiPoint"",""coordinates"":[]}"
20100413,2010-04-13,94552.60024223429,"{""type"":""MultiPoint"",""coordinates"":[]}"
20100414,2010-04-14,94631.96920050573,"{""type"":""MultiPoint"",""coordinates"":[]}"
20100415,2010-04-15,94762.46884322492,"{""type"":""MultiPoint"",""coordinates"":[]}"
20100416,2010-04-16,94793.66898146043,"{""type"":""MultiPoint"",""coordinates"":[]}"
20100417,2010-04-17,94781.5759359574,"{""type"":""MultiPoint"",""coordinates"":[]}"
20100418,2010-04-18,94684.96657250711,"{""type"":""MultiPoint"",""coordinates"":[]}"
20100419,2010-04-19,94539.50431139102,"{""type"":""MultiPoint"",""coordinates"":[]}"
20100420,2010-04-20,94435.26436484954,"{""type"":""MultiPoint"",""coordinates"":[]}"
20100421,2010-04-21,94549.98927960984,"{""type"":""MultiPoint"",""coordinates"":[]}"
20100422,2010-04-22,94625.705717054,"{""type"":""MultiPoint"",""coordinates"":[]}"
20100423,2010-04-23,94724.02387282756,"{""type"":""MultiPoint"",""coordinates"":[]}"
20100424,2010-04-24,94662.36500759293,"{""type"":""MultiPoint"",""coordinates"":[]}"
20100425,2010-04-25,94640.8461152719,"{""type"":""MultiPoint"",""coordinates"":[]}"
20100426,2010-04-26,94920.93942859443,"{""type"":""MultiPoint"",""coordinates"":[]}"
20100427,2010-04-27,94921.51340844309,"{""type"":""MultiPoint"",""coordinates"":[]}"
20100428,2010-04-28,94780.82008608393,"{""type"":""MultiPoint"",""coordinates"":[]}"
20100429,2010-04-29,94750.36731517727,"{""type"":""MultiPoint"",""coordinates"":[]}"
20100430,2010-04-30,94870.53819703958,"{""type"":""MultiPoint"",""coordinates"":[]}"
20100501,2010-05-01,94850.1702140895,"{""type"":""MultiPoint"",""coordinates"":[]}"
20100502,2010-05-02,94730.06470019874,"{""type"":""MultiPoint"",""coordinates"":[]}"
20100503,2010-05-03,94580.77047945703,"{""type"":""MultiPoint"",""coordinates"":[]}"
20100504,2010-05-04,94445.20982968589,"{""type"":""MultiPoint"",""coordinates"":[]}"
20100505,2010-05-05,94368.48775706497,"{""type"":""MultiPoint"",""coordinates"":[]}"
20100506,2010-05-06,94359.17230754698,"{""type"":""MultiPoint"",""coordinates"":[]}"
20100507,2010-05-07,94396.22363315169,"{""type"":""MultiPoint"",""coordinates"":[]}"
20100508,2010-05-08,94424.57731400555,"{""type"":""MultiPoint"",""coordinates"":[]}"
20100509,2010-05-09,94337.25361255014,"{""type"":""MultiPoint"",""coordinates"":[]}"
20100510,2010-05-10,94309.45069663542,"{""type"":""MultiPoint"",""coordinates"":[]}"
20100511,2010-05-11,94328.84978063322,"{""type"":""MultiPoint"",""coordinates"":[]}"
20100512,2010-05-12,94353.35330827991,"{""type"":""MultiPoint"",""coordinates"":[]}"
20100513,2010-05-13,94353.9041214256,"{""type"":""MultiPoint"",""coordinates"":[]}"
20100514,2010-05-14,94334.98521654715,"{""type"":""MultiPoint"",""coordinates"":[]}"
20100515,2010-05-15,94310.70468118342,"{""type"":""MultiPoint"",""coordinates"":[]}"
20100516,2010-05-16,94337.15457242618,"{""type"":""MultiPoint"",""coordinates"":[]}"
20100517,2010-05-17,94331.8144570517,"{""type"":""MultiPoint"",""coordinates"":[]}"
20100518,2010-05-18,94280.10995862895,"{""type"":""MultiPoint"",""coordinates"":[]}"
20100519,2010-05-19,94190.38292285614,"{""type"":""MultiPoint"",""coordinates"":[]}"
20100520,2010-05-20,94093.7900835726,"{""type"":""MultiPoint"",""coordinates"":[]}"
20100521,2010-05-21,94211.15523562135,"{""type"":""MultiPoint"",""coordinates"":[]}"
20100522,2010-05-22,94237.000065412,"{""type"":""MultiPoint"",""coordinates"":[]}"
20100523,2010-05-23,94136.46900729425,"{""type"":""MultiPoint"",""coordinates"":[]}"
20100524,2010-05-24,94116.18222241607,"{""type"":""MultiPoint"",""coordinates"":[]}"
20100525,2010-05-25,94136.93359626613,"{""type"":""MultiPoint"",""coordinates"":[]}"
20100526,2010-05-26,94209.92337150201,"{""type"":""MultiPoint"",""coordinates"":[]}"
20100527,2010-05-27,94241.80623520589,"{""type"":""MultiPoint"",""coordinates"":[]}"
20100528,2010-05-28,94349.30498009443,"{""type"":""MultiPoint"",""coordinates"":[]}"
20100529,2010-05-29,94338.36097329913,"{""type"":""MultiPoint"",""coordinates"":[]}"
20100530,2010-05-30,94335.09155105574,"{""type"":""MultiPoint"",""coordinates"":[]}"
20100531,2010-05-31,94429.67774769478,"{""type"":""MultiPoint"",""coordinates"":[]}"
20100601,2010-06-01,94517.87587536889,"{""type"":""MultiPoint"",""coordinates"":[]}"
20100602,2010-06-02,94642.51233911011,"{""type"":""MultiPoint"",""coordinates"":[]}"
20100603,2010-06-03,94698.96062011755,"{""type"":""MultiPoint"",""coordinates"":[]}"
20100604,2010-06-04,94634.20964947558,"{""type"":""MultiPoint"",""coordinates"":[]}"
20100605,2010-06-05,94429.48724700682,"{""type"":""MultiPoint"",""coordinates"":[]}"
20100606,2010-06-06,94337.70911987868,"{""type"":""MultiPoint"",""coordinates"":[]}"
20100607,2010-06-07,94387.45988362313,"{""type"":""MultiPoint"",""coordinates"":[]}"
20100608,2010-06-08,94337.99537571607,"{""type"":""MultiPoint"",""coordinates"":[]}"
20100609,2010-06-09,94273.83305068128,"{""type"":""MultiPoint"",""coordinates"":[]}"
20100610,2010-06-10,94208.4806996353,"{""type"":""MultiPoint"",""coordinates"":[]}"
20100611,2010-06-11,94113.90927339389,"{""type"":""MultiPoint"",""coordinates"":[]}"
20100612,2010-06-12,94024.96671200561,"{""type"":""MultiPoint"",""coordinates"":[]}"
20100613,2010-06-13,94134.09942275562,"{""type"":""MultiPoint"",""coordinates"":[]}"
20100614,2010-06-14,94297.40881719827,"{""type"":""MultiPoint"",""coordinates"":[]}"
20100615,2010-06-15,94405.31880474677,"{""type"":""MultiPoint"",""coordinates"":[]}"
20100616,2010-06-16,94428.17029670755,"{""type"":""MultiPoint"",""coordinates"":[]}"
20100617,2010-06-17,94392.86619453192,"{""type"":""MultiPoint"",""coordinates"":[]}"
20100618,2010-06-18,94375.08776838686,"{""type"":""MultiPoint"",""coordinates"":[]}"
20100619,2010-06-19,94425.04298788882,"{""type"":""MultiPoint"",""coordinates"":[]}"
20100620,2010-06-20,94554.44050997916,"{""type"":""MultiPoint"",""coordinates"":[]}"
20100621,2010-06-21,94469.14242717884,"{""type"":""MultiPoint"",""coordinates"":[]}"
20100622,2010-06-22,94329.34034719568,"{""type"":""MultiPoint"",""coordinates"":[]}"
20100623,2010-06-23,94257.8700893613,"{""type"":""MultiPoint"",""coordinates"":[]}"
20100624,2010-06-24,94176.37681901165,"{""type"":""MultiPoint"",""coordinates"":[]}"
20100625,2010-06-25,94075.94825006147,"{""type"":""MultiPoint"",""coordinates"":[]}"
20100626,2010-06-26,94139.88354732614,"{""type"":""MultiPoint"",""coordinates"":[]}"
20100627,2010-06-27,94254.31132248788,"{""type"":""MultiPoint"",""coordinates"":[]}"
20100628,2010-06-28,94290.2089956059,"{""type"":""MultiPoint"",""coordinates"":[]}"
20100629,2010-06-29,94274.8686916996,"{""type"":""MultiPoint"",""coordinates"":[]}"
20100630,2010-06-30,94220.77511731176,"{""type"":""MultiPoint"",""coordinates"":[]}"
20100701,2010-07-01,94156.49770567428,"{""type"":""MultiPoint"",""coordinates"":[]}"
20100702,2010-07-02,94059.18995102307,"{""type"":""MultiPoint"",""coordinates"":[]}"
20100703,2010-07-03,94126.03499989863,"{""type"":""MultiPoint"",""coordinates"":[]}"
20100704,2010-07-04,94262.80796329831,"{""type"":""MultiPoint"",""coordinates"":[]}"
20100705,2010-07-05,94402.92378040048,"{""type"":""MultiPoint"",""coordinates"":[]}"
20100706,2010-07-06,94442.47405254838,"{""type"":""MultiPoint"",""coordinates"":[]}"
20100707,2010-07-07,94524.53364558039,"{""type"":""MultiPoint"",""coordinates"":[]}"
20100708,2010-07-08,94698.53193577207,"{""type"":""MultiPoint"",""coordinates"":[]}"
20100709,2010-07-09,94614.14173374306,"{""type"":""MultiPoint"",""coordinates"":[]}"
20100710,2010-07-10,94598.79404848651,"{""type"":""MultiPoint"",""coordinates"":[]}"
20100711,2010-07-11,94617.32722573154,"{""type"":""MultiPoint"",""coordinates"":[]}"
20100712,2010-07-12,94563.97246629385,"{""type"":""MultiPoint"",""coordinates"":[]}"
20100713,2010-07-13,94544.61710963638,"{""type"":""MultiPoint"",""coordinates"":[]}"
20100714,2010-07-14,94458.42962254223,"{""type"":""MultiPoint"",""coordinates"":[]}"
20100715,2010-07-15,94248.3779570867,"{""type"":""MultiPoint"",""coordinates"":[]}"
20100716,2010-07-16,94112.58529623803,"{""type"":""MultiPoint"",""coordinates"":[]}"
20100717,2010-07-17,94219.93830119434,"{""type"":""MultiPoint"",""coordinates"":[]}"
20100718,2010-07-18,94258.85942891649,"{""type"":""MultiPoint"",""coordinates"":[]}"
20100719,2010-07-19,94127.37712970708,"{""type"":""MultiPoint"",""coordinates"":[]}"
20100720,2010-07-20,94146.23403310745,"{""type"":""MultiPoint"",""coordinates"":[]}"
20100721,2010-07-21,94205.69530135056,"{""type"":""MultiPoint"",""coordinates"":[]}"
20100722,2010-07-22,94308.74501444746,"{""type"":""MultiPoint"",""coordinates"":[]}"
20100723,2010-07-23,94285.6865072896,"{""type"":""MultiPoint"",""coordinates"":[]}"
20100724,2010-07-24,94137.89277436788,"{""type"":""MultiPoint"",""coordinates"":[]}"
20100725,2010-07-25,94004.22288379869,"{""type"":""MultiPoint"",""coordinates"":[]}"
20100726,2010-07-26,94136.78471186834,"{""type"":""MultiPoint"",""coordinates"":[]}"
20100727,2010-07-27,94338.32438621038,"{""type"":""MultiPoint"",""coordinates"":[]}"
20100728,2010-07-28,94266.12086416018,"{""type"":""MultiPoint"",""coordinates"":[]}"
20100729,2010-07-29,94131.16172066654,"{""type"":""MultiPoint"",""coordinates"":[]}"
20100730,2010-07-30,94226.44894653541,"{""type"":""MultiPoint"",""coordinates"":[]}"
20100731,2010-07-31,94423.40168750663,"{""type"":""MultiPoint"",""coordinates"":[]}"
20100801,2010-08-01,94478.29536498165,"{""type"":""MultiPoint"",""coordinates"":[]}"
20100802,2010-08-02,94362.13769859509,"{""type"":""MultiPoint"",""coordinates"":[]}"
20100803,2010-08-03,94182.78929259855,"{""type"":""MultiPoint"",""coordinates"":[]}"
20100804,2010-08-04,94200.14673041114,"{""type"":""MultiPoint"",""coordinates"":[]}"
20100805,2010-08-05,94399.07017894954,"{""type"":""MultiPoint"",""coordinates"":[]}"
20100806,2010-08-06,94375.91548534294,"{""type"":""MultiPoint"",""coordinates"":[]}"
20100807,2010-08-07,94398.53522268629,"{""type"":""MultiPoint"",""coordinates"":[]}"
20100808,2010-08-08,94434.43036294996,"{""type"":""MultiPoint"",""coordinates"":[]}"
20100809,2010-08-09,94456.66504971702,"{""type"":""MultiPoint"",""coordinates"":[]}"
20100810,2010-08-10,94449.04414506839,"{""type"":""MultiPoint"",""coordinates"":[]}"
20100811,2010-08-11,94423.47572802665,"{""type"":""MultiPoint"",""coordinates"":[]}"
20100812,2010-08-12,94301.3009124742,"{""type"":""MultiPoint"",""coordinates"":[]}"
20100813,2010-08-13,94328.23085613603,"{""type"":""MultiPoint"",""coordinates"":[]}"
20100814,2010-08-14,94369.7710572942,"{""type"":""MultiPoint"",""coordinates"":[]}"
20100815,2010-08-15,94449.87745742536,"{""type"":""MultiPoint"",""coordinates"":[]}"
20100816,2010-08-16,94456.15335738966,"{""type"":""MultiPoint"",""coordinates"":[]}"
20100817,2010-08-17,94322.7176764216,"{""type"":""MultiPoint"",""coordinates"":[]}"
20100818,2010-08-18,94364.22839848684,"{""type"":""MultiPoint"",""coordinates"":[]}"
20100819,2010-08-19,94525.86800849772,"{""type"":""MultiPoint"",""coordinates"":[]}"
20100820,2010-08-20,94638.90916723575,"{""type"":""MultiPoint"",""coordinates"":[]}"
20100821,2010-08-21,94538.30956504967,"{""type"":""MultiPoint"",""coordinates"":[]}"
20100822,2010-08-22,94449.57940102712,"{""type"":""MultiPoint"",""coordinates"":[]}"
20100823,2010-08-23,94366.34879619705,"{""type"":""MultiPoint"",""coordinates"":[]}"
20100824,2010-08-24,94228.98471295214,"{""type"":""MultiPoint"",""coordinates"":[]}"
20100825,2010-08-25,94214.12977343301,"{""type"":""MultiPoint"",""coordinates"":[]}"
20100826,2010-08-26,94241.57008018356,"{""type"":""MultiPoint"",""coordinates"":[]}"
20100827,2010-08-27,94258.93210138497,"{""type"":""MultiPoint"",""coordinates"":[]}"
20100828,2010-08-28,94316.67827429425,"{""type"":""MultiPoint"",""coordinates"":[]}"
20100829,2010-08-29,94310.13617443621,"{""type"":""MultiPoint"",""coordinates"":[]}"
20100830,2010-08-30,94243.70329475943,"{""type"":""MultiPoint"",""coordinates"":[]}"
20100831,2010-08-31,94374.57513329822,"{""type"":""MultiPoint"",""coordinates"":[]}"
20100901,2010-09-01,94567.54802456363,"{""type"":""MultiPoint"",""coordinates"":[]}"
20100902,2010-09-02,94588.6463577964,"{""type"":""MultiPoint"",""coordinates"":[]}"
20100903,2010-09-03,94387.24404826816,"{""type"":""MultiPoint"",""coordinates"":[]}"
20100904,2010-09-04,94335.00141035068,"{""type"":""MultiPoint"",""coordinates"":[]}"
20100905,2010-09-05,94516.85520174413,"{""type"":""MultiPoint"",""coordinates"":[]}"
20100906,2010-09-06,94427.49354019706,"{""type"":""MultiPoint"",""coordinates"":[]}"
20100907,2010-09-07,94261.9564420125,"{""type"":""MultiPoint"",""coordinates"":[]}"
20100908,2010-09-08,94263.03035976502,"{""type"":""MultiPoint"",""coordinates"":[]}"
20100909,2010-09-09,94436.87041490243,"{""type"":""MultiPoint"",""coordinates"":[]}"
20100910,2010-09-10,94494.50580088058,"{""type"":""MultiPoint"",""coordinates"":[]}"
20100911,2010-09-11,94580.51559080525,"{""type"":""MultiPoint"",""coordinates"":[]}"
20100912,2010-09-12,94595.63321387049,"{""type"":""MultiPoint"",""coordinates"":[]}"
20100913,2010-09-13,94451.49129811283,"{""type"":""MultiPoint"",""coordinates"":[]}"
20100914,2010-09-14,94368.701683276,"{""type"":""MultiPoint"",""coordinates"":[]}"
20100915,2010-09-15,94359.21695413515,"{""type"":""MultiPoint"",""coordinates"":[]}"
20100916,2010-09-16,94366.08634413316,"{""type"":""MultiPoint"",""coordinates"":[]}"
20100917,2010-09-17,94327.98563283101,"{""type"":""MultiPoint"",""coordinates"":[]}"
20100918,2010-09-18,94232.7296622318,"{""type"":""MultiPoint"",""coordinates"":[]}"
20100919,2010-09-19,94392.31334690498,"{""type"":""MultiPoint"",""coordinates"":[]}"
20100920,2010-09-20,94599.94783048832,"{""type"":""MultiPoint"",""coordinates"":[]}"
20100921,2010-09-21,94762.32783163924,"{""type"":""MultiPoint"",""coordinates"":[]}"
20100922,2010-09-22,94802.64622084824,"{""type"":""MultiPoint"",""coordinates"":[]}"
20100923,2010-09-23,94692.59642301715,"{""type"":""MultiPoint"",""coordinates"":[]}"
20100924,2010-09-24,94682.17223129052,"{""type"":""MultiPoint"",""coordinates"":[]}"
20100925,2010-09-25,94718.86183732875,"{""type"":""MultiPoint"",""coordinates"":[]}"
20100926,2010-09-26,94821.47669746113,"{""type"":""MultiPoint"",""coordinates"":[]}"
20100927,2010-09-27,94872.77614440676,"{""type"":""MultiPoint"",""coordinates"":[]}"
20100928,2010-09-28,94887.87227577221,"{""type"":""MultiPoint"",""coordinates"":[]}"
20100929,2010-09-29,94860.3347466545,"{""type"":""MultiPoint"",""coordinates"":[]}"
20100930,2010-09-30,94714.30175544553,"{""type"":""MultiPoint"",""coordinates"":[]}"
20101001,2010-10-01,94635.5531476951,"{""type"":""MultiPoint"",""coordinates"":[]}"
20101002,2010-10-02,94692.0269338074,"{""type"":""MultiPoint"",""coordinates"":[]}"
20101003,2010-10-03,94698.54153189533,"{""type"":""MultiPoint"",""coordinates"":[]}"
20101004,2010-10-04,94592.80170480463,"{""type"":""MultiPoint"",""coordinates"":[]}"
20101005,2010-10-05,94440.5257285906,"{""type"":""MultiPoint"",""coordinates"":[]}"
20101006,2010-10-06,94314.34140211025,"{""type"":""MultiPoint"",""coordinates"":[]}"
20101007,2010-10-07,94260.08737664025,"{""type"":""MultiPoint"",""coordinates"":[]}"
20101008,2010-10-08,94395.16149362669,"{""type"":""MultiPoint"",""coordinates"":[]}"
20101009,2010-10-09,94410.663490882,"{""type"":""MultiPoint"",""coordinates"":[]}"
20101010,2010-10-10,94499.05290382249,"{""type"":""MultiPoint"",""coordinates"":[]}"
20101011,2010-10-11,94718.61134991537,"{""type"":""MultiPoint"",""coordinates"":[]}"
20101012,2010-10-12,94871.71321356866,"{""type"":""MultiPoint"",""coordinates"":[]}"
20101013,2010-10-13,94790.42025619194,"{""type"":""MultiPoint"",""coordinates"":[]}"
20101014,2010-10-14,94633.50343333665,"{""type"":""MultiPoint"",""coordinates"":[]}"
20101015,2010-10-15,94448.27130402898,"{""type"":""MultiPoint"",""coordinates"":[]}"
20101016,2010-10-16,94264.0283211806,"{""type"":""MultiPoint"",""coordinates"":[]}"
20101017,2010-10-17,94293.6552371743,"{""type"":""MultiPoint"",""coordinates"":[]}"
20101018,2010-10-18,94556.26127935997,"{""type"":""MultiPoint"",""coordinates"":[]}"
20101019,2010-10-19,94753.89667780363,"{""type"":""MultiPoint"",""coordinates"":[]}"
20101020,2010-10-20,94744.94736567952,"{""type"":""MultiPoint"",""coordinates"":[]}"
20101021,2010-10-21,94503.23860661477,"{""type"":""MultiPoint"",""coordinates"":[]}"
20101022,2010-10-22,94417.80713110376,"{""type"":""MultiPoint"",""coordinates"":[]}"
20101023,2010-10-23,94526.48509405104,"{""type"":""MultiPoint"",""coordinates"":[]}"
20101024,2010-10-24,94627.83907109419,"{""type"":""MultiPoint"",""coordinates"":[]}"
20101025,2010-10-25,94779.79336554938,"{""type"":""MultiPoint"",""coordinates"":[]}"
20101026,2010-10-26,94956.3465252486,"{""type"":""MultiPoint"",""coordinates"":[]}"
20101027,2010-10-27,95070.7826299946,"{""type"":""MultiPoint"",""coordinates"":[]}"
20101028,2010-10-28,95050.94152101448,"{""type"":""MultiPoint"",""coordinates"":[]}"
20101029,2010-10-29,95041.10869616581,"{""type"":""MultiPoint"",""coordinates"":[]}"
20101030,2010-10-30,95082.61023499395,"{""type"":""MultiPoint"",""coordinates"":[]}"
20101031,2010-10-31,94900.2533125295,"{""type"":""MultiPoint"",""coordinates"":[]}"
20101101,2010-11-01,94760.14446160599,"{""type"":""MultiPoint"",""coordinates"":[]}"
20101102,2010-11-02,94884.51872724117,"{""type"":""MultiPoint"",""coordinates"":[]}"
20101103,2010-11-03,95109.59705673081,"{""type"":""MultiPoint"",""coordinates"":[]}"
20101104,2010-11-04,95113.60031878224,"{""type"":""MultiPoint"",""coordinates"":[]}"
20101105,2010-11-05,95024.0338574898,"{""type"":""MultiPoint"",""coordinates"":[]}"
20101106,2010-11-06,94846.1034099213,"{""type"":""MultiPoint"",""coordinates"":[]}"
20101107,2010-11-07,94648.63050258256,"{""type"":""MultiPoint"",""coordinates"":[]}"
20101108,2010-11-08,94804.57993126826,"{""type"":""MultiPoint"",""coordinates"":[]}"
20101109,2010-11-09,95224.52995346428,"{""type"":""MultiPoint"",""coordinates"":[]}"
20101110,2010-11-10,95205.94449291292,"{""type"":""MultiPoint"",""coordinates"":[]}"
20101111,2010-11-11,95022.12303961828,"{""type"":""MultiPoint"",""coordinates"":[]}"
20101112,2010-11-12,94783.06175710353,"{""type"":""MultiPoint"",""coordinates"":[]}"
20101113,2010-11-13,94834.45832749415,"{""type"":""MultiPoint"",""coordinates"":[]}"
20101114,2010-11-14,95136.3163201394,"{""type"":""MultiPoint"",""coordinates"":[]}"
20101115,2010-11-15,95145.70723757769,"{""type"":""MultiPoint"",""coordinates"":[]}"
20101116,2010-11-16,95019.77545141858,"{""type"":""MultiPoint"",""coordinates"":[]}"
20101117,2010-11-17,95062.80903722966,"{""type"":""MultiPoint"",""coordinates"":[]}"
20101118,2010-11-18,95132.83171845897,"{""type"":""MultiPoint"",""coordinates"":[]}"
20101119,2010-11-19,95028.75778330372,"{""type"":""MultiPoint"",""coordinates"":[]}"
20101120,2010-11-20,94829.08652116953,"{""type"":""MultiPoint"",""coordinates"":[]}"
20101121,2010-11-21,94775.60509380225,"{""type"":""MultiPoint"",""coordinates"":[]}"
20101122,2010-11-22,94763.76360311267,"{""type"":""MultiPoint"",""coordinates"":[]}"
20101123,2010-11-23,94885.27940283663,"{""type"":""MultiPoint"",""coordinates"":[]}"
20101124,2010-11-24,95024.22967289979,"{""type"":""MultiPoint"",""coordinates"":[]}"
20101125,2010-11-25,95054.79089480426,"{""type"":""MultiPoint"",""coordinates"":[]}"
20101126,2010-11-26,94946.91176345403,"{""type"":""MultiPoint"",""coordinates"":[]}"
20101127,2010-11-27,94953.18577553568,"{""type"":""MultiPoint"",""coordinates"":[]}"
20101128,2010-11-28,95052.28230131342,"{""type"":""MultiPoint"",""coordinates"":[]}"
20101129,2010-11-29,95086.12526914917,"{""type"":""MultiPoint"",""coordinates"":[]}"
20101130,2010-11-30,94947.70173493419,"{""type"":""MultiPoint"",""coordinates"":[]}"
20101201,2010-12-01,94968.06166364101,"{""type"":""MultiPoint"",""coordinates"":[]}"
20101202,2010-12-02,94996.04183169239,"{""type"":""MultiPoint"",""coordinates"":[]}"
20101203,2010-12-03,94995.95368790995,"{""type"":""MultiPoint"",""coordinates"":[]}"
20101204,2010-12-04,94840.99164398636,"{""type"":""MultiPoint"",""coordinates"":[]}"
20101205,2010-12-05,94702.15126068336,"{""type"":""MultiPoint"",""coordinates"":[]}"
20101206,2010-12-06,94702.72199869769,"{""type"":""MultiPoint"",""coordinates"":[]}"
20101207,2010-12-07,94555.2548713645,"{""type"":""MultiPoint"",""coordinates"":[]}"
20101208,2010-12-08,94509.63141536739,"{""type"":""MultiPoint"",""coordinates"":[]}"
20101209,2010-12-09,94626.7253091587,"{""type"":""MultiPoint"",""coordinates"":[]}"
20101210,2010-12-10,94694.28182497511,"{""type"":""MultiPoint"",""coordinates"":[]}"
20101211,2010-12-11,94623.94018241022,"{""type"":""MultiPoint"",""coordinates"":[]}"
20101212,2010-12-12,94604.01052311629,"{""type"":""MultiPoint"",""coordinates"":[]}"
20101213,2010-12-13,94834.30198480509,"{""type"":""MultiPoint"",""coordinates"":[]}"
20101214,2010-12-14,94977.33331091226,"{""type"":""MultiPoint"",""coordinates"":[]}"
20101215,2010-12-15,95050.9958821798,"{""type"":""MultiPoint"",""coordinates"":[]}"
20101216,2010-12-16,95079.1284652254,"{""type"":""MultiPoint"",""coordinates"":[]}"
20101217,2010-12-17,95098.39358241892,"{""type"":""MultiPoint"",""coordinates"":[]}"
20101218,2010-12-18,95139.12695879469,"{""type"":""MultiPoint"",""coordinates"":[]}"
20101219,2010-12-19,95296.41909783213,"{""type"":""MultiPoint"",""coordinates"":[]}"
20101220,2010-12-20,95353.74015883081,"{""type"":""MultiPoint"",""coordinates"":[]}"
20101221,2010-12-21,95146.29077921233,"{""type"":""MultiPoint"",""coordinates"":[]}"
20101222,2010-12-22,94895.08114025561,"{""type"":""MultiPoint"",""coordinates"":[]}"
20101223,2010-12-23,94942.32533795071,"{""type"":""MultiPoint"",""coordinates"":[]}"
20101224,2010-12-24,95005.87708661446,"{""type"":""MultiPoint"",""coordinates"":[]}"
20101225,2010-12-25,94999.41525242319,"{""type"":""MultiPoint"",""coordinates"":[]}"
20101226,2010-12-26,95055.21360206677,"{""type"":""MultiPoint"",""coordinates"":[]}"
20101227,2010-12-27,95075.02164511432,"{""type"":""MultiPoint"",""coordinates"":[]}"
20101228,2010-12-28,95115.45734899874,"{""type"":""MultiPoint"",""coordinates"":[]}"
20101229,2010-12-29,95116.46000294501,"{""type"":""MultiPoint"",""coordinates"":[]}"
20101230,2010-12-30,95009.25122438908,"{""type"":""MultiPoint"",""coordinates"":[]}"
20101231,2010-12-31,94843.85247502048,"{""type"":""MultiPoint"",""coordinates"":[]}"
20110101,2011-01-01,94824.82656402879,"{""type"":""MultiPoint"",""coordinates"":[]}"
20110102,2011-01-02,94942.51484379896,"{""type"":""MultiPoint"",""coordinates"":[]}"
20110103,2011-01-03,95045.54456751718,"{""type"":""MultiPoint"",""coordinates"":[]}"
20110104,2011-01-04,95075.01295387493,"{""type"":""MultiPoint"",""coordinates"":[]}"
20110105,2011-01-05,95015.40128968995,"{""type"":""MultiPoint"",""coordinates"":[]}"
20110106,2011-01-06,95094.1036639196,"{""type"":""MultiPoint"",""coordinates"":[]}"
20110107,2011-01-07,95010.49404659974,"{""type"":""MultiPoint"",""coordinates"":[]}"
20110108,2011-01-08,94879.87165383875,"{""type"":""MultiPoint"",""coordinates"":[]}"
20110109,2011-01-09,94931.64277196731,"{""type"":""MultiPoint"",""coordinates"":[]}"
20110110,2011-01-10,95025.2787921134,"{""type"":""MultiPoint"",""coordinates"":[]}"
20110111,2011-01-11,95012.20391805601,"{""type"":""MultiPoint"",""coordinates"":[]}"
20110112,2011-01-12,94972.33334688366,"{""type"":""MultiPoint"",""coordinates"":[]}"
20110113,2011-01-13,95039.89478874092,"{""type"":""MultiPoint"",""coordinates"":[]}"
20110114,2011-01-14,95084.16920837144,"{""type"":""MultiPoint"",""coordinates"":[]}"
20110115,2011-01-15,95185.98870377336,"{""type"":""MultiPoint"",""coordinates"":[]}"
20110116,2011-01-16,95034.56458864236,"{""type"":""MultiPoint"",""coordinates"":[]}"
20110117,2011-01-17,95030.11911374134,"{""type"":""MultiPoint"",""coordinates"":[]}"
20110118,2011-01-18,94994.94461943732,"{""type"":""MultiPoint"",""coordinates"":[]}"
20110119,2011-01-19,94929.20968567795,"{""type"":""MultiPoint"",""coordinates"":[]}"
20110120,2011-01-20,95087.22719854667,"{""type"":""MultiPoint"",""coordinates"":[]}"
20110121,2011-01-21,95162.58260041299,"{""type"":""MultiPoint"",""coordinates"":[]}"
20110122,2011-01-22,95265.63140004702,"{""type"":""MultiPoint"",""coordinates"":[]}"
20110123,2011-01-23,95334.3972564001,"{""type"":""MultiPoint"",""coordinates"":[]}"
20110124,2011-01-24,95310.48319908159,"{""type"":""MultiPoint"",""coordinates"":[]}"
20110125,2011-01-25,95289.7057494311,"{""type"":""MultiPoint"",""coordinates"":[]}"
20110126,2011-01-26,95374.22540036937,"{""type"":""MultiPoint"",""coordinates"":[]}"
20110127,2011-01-27,95343.39212531346,"{""type"":""MultiPoint"",""coordinates"":[]}"
20110128,2011-01-28,95225.1750865934,"{""type"":""MultiPoint"",""coordinates"":[]}"
20110129,2011-01-29,95121.02201489442,"{""type"":""MultiPoint"",""coordinates"":[]}"
20110130,2011-01-30,95205.18976327102,"{""type"":""MultiPoint"",""coordinates"":[]}"
20110131,2011-01-31,95250.92104035027,"{""type"":""MultiPoint"",""coordinates"":[]}"
20110201,2011-02-01,95238.3230152562,"{""type"":""MultiPoint"",""coordinates"":[]}"
20110202,2011-02-02,95241.80863074563,"{""type"":""MultiPoint"",""coordinates"":[]}"
20110203,2011-02-03,95237.39425559694,"{""type"":""MultiPoint"",""coordinates"":[]}"
20110204,2011-02-04,95164.32607774802,"{""type"":""MultiPoint"",""coordinates"":[]}"
20110205,2011-02-05,95057.88984423295,"{""type"":""MultiPoint"",""coordinates"":[]}"
20110206,2011-02-06,95065.16615514357,"{""type"":""MultiPoint"",""coordinates"":[]}"
20110207,2011-02-07,94963.16546381048,"{""type"":""MultiPoint"",""coordinates"":[]}"
20110208,2011-02-08,94734.93592186365,"{""type"":""MultiPoint"",""coordinates"":[]}"
20110209,2011-02-09,94736.32585972807,"{""type"":""MultiPoint"",""coordinates"":[]}"
20110210,2011-02-10,94972.76288657762,"{""type"":""MultiPoint"",""coordinates"":[]}"
20110211,2011-02-11,95070.53672291157,"{""type"":""MultiPoint"",""coordinates"":[]}"
20110212,2011-02-12,94999.99324296394,"{""type"":""MultiPoint"",""coordinates"":[]}"
20110213,2011-02-13,94880.47761132434,"{""type"":""MultiPoint"",""coordinates"":[]}"
20110214,2011-02-14,94804.81285676538,"{""type"":""MultiPoint"",""coordinates"":[]}"
20110215,2011-02-15,94844.51418415758,"{""type"":""MultiPoint"",""coordinates"":[]}"
20110216,2011-02-16,94884.12839706666,"{""type"":""MultiPoint"",""coordinates"":[]}"
20110217,2011-02-17,94877.59810252377,"{""type"":""MultiPoint"",""coordinates"":[]}"
20110218,2011-02-18,94828.45295716675,"{""type"":""MultiPoint"",""coordinates"":[]}"
20110219,2011-02-19,94955.3425988221,"{""type"":""MultiPoint"",""coordinates"":[]}"
20110220,2011-02-20,95011.38148076602,"{""type"":""MultiPoint"",""coordinates"":[]}"
20110221,2011-02-21,95122.96118040301,"{""type"":""MultiPoint"",""coordinates"":[]}"
20110222,2011-02-22,95153.00515161574,"{""type"":""MultiPoint"",""coordinates"":[]}"
20110223,2011-02-23,95208.39630559551,"{""type"":""MultiPoint"",""coordinates"":[]}"
20110224,2011-02-24,95021.72499623186,"{""type"":""MultiPoint"",""coordinates"":[]}"
20110225,2011-02-25,94837.71293234773,"{""type"":""MultiPoint"",""coordinates"":[]}"
20110226,2011-02-26,94975.99991196343,"{""type"":""MultiPoint"",""coordinates"":[]}"
20110227,2011-02-27,95166.34886035418,"{""type"":""MultiPoint"",""coordinates"":[]}"
20110228,2011-02-28,95166.0157228095,"{""type"":""MultiPoint"",""coordinates"":[]}"
20110301,2011-03-01,95089.63240668083,"{""type"":""MultiPoint"",""coordinates"":[]}"
20110302,2011-03-02,95019.8204720458,"{""type"":""MultiPoint"",""coordinates"":[]}"
20110303,2011-03-03,95004.50380560548,"{""type"":""MultiPoint"",""coordinates"":[]}"
20110304,2011-03-04,94919.58626987069,"{""type"":""MultiPoint"",""coordinates"":[]}"
20110305,2011-03-05,94986.29236414433,"{""type"":""MultiPoint"",""coordinates"":[]}"
20110306,2011-03-06,95145.87974458253,"{""type"":""MultiPoint"",""coordinates"":[]}"
20110307,2011-03-07,95146.51802055349,"{""type"":""MultiPoint"",""coordinates"":[]}"
20110308,2011-03-08,94953.44254233806,"{""type"":""MultiPoint"",""coordinates"":[]}"
20110309,2011-03-09,94870.4943287228,"{""type"":""MultiPoint"",""coordinates"":[]}"
20110310,2011-03-10,94883.7903389135,"{""type"":""MultiPoint"",""coordinates"":[]}"
20110311,2011-03-11,94857.07946799902,"{""type"":""MultiPoint"",""coordinates"":[]}"
20110312,2011-03-12,94912.39783406087,"{""type"":""MultiPoint"",""coordinates"":[]}"
20110313,2011-03-13,94924.03876782347,"{""type"":""MultiPoint"",""coordinates"":[]}"
20110314,2011-03-14,94841.8760539514,"{""type"":""MultiPoint"",""coordinates"":[]}"
20110315,2011-03-15,94797.31722022842,"{""type"":""MultiPoint"",""coordinates"":[]}"
20110316,2011-03-16,94744.8042741052,"{""type"":""MultiPoint"",""coordinates"":[]}"
20110317,2011-03-17,94856.8805858582,"{""type"":""MultiPoint"",""coordinates"":[]}"
20110318,2011-03-18,94734.94160425632,"{""type"":""MultiPoint"",""coordinates"":[]}"
20110319,2011-03-19,94631.95662515267,"{""type"":""MultiPoint"",""coordinates"":[]}"
20110320,2011-03-20,94645.41696985457,"{""type"":""MultiPoint"",""coordinates"":[]}"
20110321,2011-03-21,94734.57958186824,"{""type"":""MultiPoint"",""coordinates"":[]}"
20110322,2011-03-22,94757.59952691311,"{""type"":""MultiPoint"",""coordinates"":[]}"
20110323,2011-03-23,94760.80548914884,"{""type"":""MultiPoint"",""coordinates"":[]}"
20110324,2011-03-24,94798.73728164923,"{""type"":""MultiPoint"",""coordinates"":[]}"
20110325,2011-03-25,94886.80225640905,"{""type"":""MultiPoint"",""coordinates"":[]}"
20110326,2011-03-26,94951.08719701963,"{""type"":""MultiPoint"",""coordinates"":[]}"
20110327,2011-03-27,94869.09971634691,"{""type"":""MultiPoint"",""coordinates"":[]}"
20110328,2011-03-28,94811.95831758571,"{""type"":""MultiPoint"",""coordinates"":[]}"
20110329,2011-03-29,94867.93079319787,"{""type"":""MultiPoint"",""coordinates"":[]}"
20110330,2011-03-30,94868.69118077673,"{""type"":""MultiPoint"",""coordinates"":[]}"
20110331,2011-03-31,94833.8053945744,"{""type"":""MultiPoint"",""coordinates"":[]}"
20110401,2011-04-01,94779.37728694029,"{""type"":""MultiPoint"",""coordinates"":[]}"
20110402,2011-04-02,94747.51328795479,"{""type"":""MultiPoint"",""coordinates"":[]}"
20110403,2011-04-03,94700.60103000047,"{""type"":""MultiPoint"",""coordinates"":[]}"
20110404,2011-04-04,94688.1235897647,"{""type"":""MultiPoint"",""coordinates"":[]}"
20110405,2011-04-05,94802.75369684306,"{""type"":""MultiPoint"",""coordinates"":[]}"
20110406,2011-04-06,94933.49308507294,"{""type"":""MultiPoint"",""coordinates"":[]}"
20110407,2011-04-07,94966.88850650348,"{""type"":""MultiPoint"",""coordinates"":[]}"
20110408,2011-04-08,94981.4068529847,"{""type"":""MultiPoint"",""coordinates"":[]}"
20110409,2011-04-09,95083.67413619587,"{""type"":""MultiPoint"",""coordinates"":[]}"
20110410,2011-04-10,95096.41249960943,"{""type"":""MultiPoint"",""coordinates"":[]}"
20110411,2011-04-11,94956.98664831523,"{""type"":""MultiPoint"",""coordinates"":[]}"
20110412,2011-04-12,94877.92203763821,"{""type"":""MultiPoint"",""coordinates"":[]}"
20110413,2011-04-13,94832.88794323409,"{""type"":""MultiPoint"",""coordinates"":[]}"
20110414,2011-04-14,94725.36237049289,"{""type"":""MultiPoint"",""coordinates"":[]}"
20110415,2011-04-15,94694.05505847363,"{""type"":""MultiPoint"",""coordinates"":[]}"
20110416,2011-04-16,94832.35565200547,"{""type"":""MultiPoint"",""coordinates"":[]}"
20110417,2011-04-17,94845.11643952363,"{""type"":""MultiPoint"",""coordinates"":[]}"
20110418,2011-04-18,94624.08525340988,"{""type"":""MultiPoint"",""coordinates"":[]}"
20110419,2011-04-19,94562.8768786047,"{""type"":""MultiPoint"",""coordinates"":[]}"
20110420,2011-04-20,94639.76919354883,"{""type"":""MultiPoint"",""coordinates"":[]}"
20110421,2011-04-21,94684.41450075075,"{""type"":""MultiPoint"",""coordinates"":[]}"
20110422,2011-04-22,94726.98233876876,"{""type"":""MultiPoint"",""coordinates"":[]}"
20110423,2011-04-23,94650.12987500642,"{""type"":""MultiPoint"",""coordinates"":[]}"
20110424,2011-04-24,94625.97849294622,"{""type"":""MultiPoint"",""coordinates"":[]}"
20110425,2011-04-25,94606.1377173335,"{""type"":""MultiPoint"",""coordinates"":[]}"
20110426,2011-04-26,94619.86705529914,"{""type"":""MultiPoint"",""coordinates"":[]}"
20110427,2011-04-27,94452.15212511978,"{""type"":""MultiPoint"",""coordinates"":[]}"
20110428,2011-04-28,94275.02819643317,"{""type"":""MultiPoint"",""coordinates"":[]}"
20110429,2011-04-29,94366.80661621675,"{""type"":""MultiPoint"",""coordinates"":[]}"
20110430,2011-04-30,94543.0216240632,"{""type"":""MultiPoint"",""coordinates"":[]}"
20110501,2011-05-01,94645.36870948196,"{""type"":""MultiPoint"",""coordinates"":[]}"
20110502,2011-05-02,94538.54762400054,"{""type"":""MultiPoint"",""coordinates"":[]}"
20110503,2011-05-03,94442.64929071891,"{""type"":""MultiPoint"",""coordinates"":[]}"
20110504,2011-05-04,94534.38401288098,"{""type"":""MultiPoint"",""coordinates"":[]}"
20110505,2011-05-05,94493.7864682011,"{""type"":""MultiPoint"",""coordinates"":[]}"
20110506,2011-05-06,94433.49153718399,"{""type"":""MultiPoint"",""coordinates"":[]}"
20110507,2011-05-07,94362.65881531288,"{""type"":""MultiPoint"",""coordinates"":[]}"
20110508,2011-05-08,94306.11742339033,"{""type"":""MultiPoint"",""coordinates"":[]}"
20110509,2011-05-09,94375.6952261861,"{""type"":""MultiPoint"",""coordinates"":[]}"
20110510,2011-05-10,94481.37889640256,"{""type"":""MultiPoint"",""coordinates"":[]}"
20110511,2011-05-11,94492.86353884276,"{""type"":""MultiPoint"",""coordinates"":[]}"
20110512,2011-05-12,94470.86443564919,"{""type"":""MultiPoint"",""coordinates"":[]}"
20110513,2011-05-13,94477.23479540065,"{""type"":""MultiPoint"",""coordinates"":[]}"
20110514,2011-05-14,94511.05214137337,"{""type"":""MultiPoint"",""coordinates"":[]}"
20110515,2011-05-15,94644.89787473927,"{""type"":""MultiPoint"",""coordinates"":[]}"
20110516,2011-05-16,94789.47803679788,"{""type"":""MultiPoint"",""coordinates"":[]}"
20110517,2011-05-17,94753.11521769817,"{""type"":""MultiPoint"",""coordinates"":[]}"
20110518,2011-05-18,94635.79230879007,"{""type"":""MultiPoint"",""coordinates"":[]}"
20110519,2011-05-19,94466.7947163407,"{""type"":""MultiPoint"",""coordinates"":[]}"
20110520,2011-05-20,94313.760620607,"{""type"":""MultiPoint"",""coordinates"":[]}"
20110521,2011-05-21,94305.33248305116,"{""type"":""MultiPoint"",""coordinates"":[]}"
20110522,2011-05-22,94461.2474279799,"{""type"":""MultiPoint"",""coordinates"":[]}"
20110523,2011-05-23,94525.24901915132,"{""type"":""MultiPoint"",""coordinates"":[]}"
20110524,2011-05-24,94466.77195778357,"{""type"":""MultiPoint"",""coordinates"":[]}"
20110525,2011-05-25,94418.34244213854,"{""type"":""MultiPoint"",""coordinates"":[]}"
20110526,2011-05-26,94505.83443789871,"{""type"":""MultiPoint"",""coordinates"":[]}"
20110527,2011-05-27,94431.44267428106,"{""type"":""MultiPoint"",""coordinates"":[]}"
20110528,2011-05-28,94402.78848102794,"{""type"":""MultiPoint"",""coordinates"":[]}"
20110529,2011-05-29,94386.18419640225,"{""type"":""MultiPoint"",""coordinates"":[]}"
20110530,2011-05-30,94298.5679433014,"{""type"":""MultiPoint"",""coordinates"":[]}"
20110531,2011-05-31,94239.02144901389,"{""type"":""MultiPoint"",""coordinates"":[]}"
20110601,2011-06-01,94283.60710507583,"{""type"":""MultiPoint"",""coordinates"":[]}"
20110602,2011-06-02,94386.49765077411,"{""type"":""MultiPoint"",""coordinates"":[]}"
20110603,2011-06-03,94392.49071491808,"{""type"":""MultiPoint"",""coordinates"":[]}"
20110604,2011-06-04,94353.66329456445,"{""type"":""MultiPoint"",""coordinates"":[]}"
20110605,2011-06-05,94322.34853216131,"{""type"":""MultiPoint"",""coordinates"":[]}"
20110606,2011-06-06,94357.95300421318,"{""type"":""MultiPoint"",""coordinates"":[]}"
20110607,2011-06-07,94329.33127851954,"{""type"":""MultiPoint"",""coordinates"":[]}"
20110608,2011-06-08,94309.29585638948,"{""type"":""MultiPoint"",""coordinates"":[]}"
20110609,2011-06-09,94293.56522136596,"{""type"":""MultiPoint"",""coordinates"":[]}"
20110610,2011-06-10,94261.05326070987,"{""type"":""MultiPoint"",""coordinates"":[]}"
20110611,2011-06-11,94299.04257312405,"{""type"":""MultiPoint"",""coordinates"":[]}"
20110612,2011-06-12,94383.71401542774,"{""type"":""MultiPoint"",""coordinates"":[]}"
20110613,2011-06-13,94428.4953758448,"{""type"":""MultiPoint"",""coordinates"":[]}"
20110614,2011-06-14,94360.12095701881,"{""type"":""MultiPoint"",""coordinates"":[]}"
20110615,2011-06-15,94388.1227999301,"{""type"":""MultiPoint"",""coordinates"":[]}"
20110616,2011-06-16,94328.04715078881,"{""type"":""MultiPoint"",""coordinates"":[]}"
20110617,2011-06-17,94190.83012359815,"{""type"":""MultiPoint"",""coordinates"":[]}"
20110618,2011-06-18,94184.82407071991,"{""type"":""MultiPoint"",""coordinates"":[]}"
20110619,2011-06-19,94126.326867976,"{""type"":""MultiPoint"",""coordinates"":[]}"
20110620,2011-06-20,94229.5199622848,"{""type"":""MultiPoint"",""coordinates"":[]}"
20110621,2011-06-21,94262.49980350611,"{""type"":""MultiPoint"",""coordinates"":[]}"
20110622,2011-06-22,94176.22110948684,"{""type"":""MultiPoint"",""coordinates"":[]}"
20110623,2011-06-23,94150.83414763738,"{""type"":""MultiPoint"",""coordinates"":[]}"
20110624,2011-06-24,94171.47771781469,"{""type"":""MultiPoint"",""coordinates"":[]}"
20110625,2011-06-25,94161.41980196982,"{""type"":""MultiPoint"",""coordinates"":[]}"
20110626,2011-06-26,94160.82625062723,"{""type"":""MultiPoint"",""coordinates"":[]}"
20110627,2011-06-27,94155.42260466496,"{""type"":""MultiPoint"",""coordinates"":[]}"
20110628,2011-06-28,94168.72363703087,"{""type"":""MultiPoint"",""coordinates"":[]}"
20110629,2011-06-29,94306.69973198873,"{""type"":""MultiPoint"",""coordinates"":[]}"
20110630,2011-06-30,94380.0498027953,"{""type"":""MultiPoint"",""coordinates"":[]}"
20110701,2011-07-01,94364.558348331,"{""type"":""MultiPoint"",""coordinates"":[]}"
20110702,2011-07-02,94379.1020856473,"{""type"":""MultiPoint"",""coordinates"":[]}"
20110703,2011-07-03,94406.9670721279,"{""type"":""MultiPoint"",""coordinates"":[]}"
20110704,2011-07-04,94439.00336441155,"{""type"":""MultiPoint"",""coordinates"":[]}"
20110705,2011-07-05,94262.30483399726,"{""type"":""MultiPoint"",""coordinates"":[]}"
20110706,2011-07-06,94111.39007454173,"{""type"":""MultiPoint"",""coordinates"":[]}"
20110707,2011-07-07,94294.11204476182,"{""type"":""MultiPoint"",""coordinates"":[]}"
20110708,2011-07-08,94574.11823964067,"{""type"":""MultiPoint"",""coordinates"":[]}"
20110709,2011-07-09,94603.22988339167,"{""type"":""MultiPoint"",""coordinates"":[]}"
20110710,2011-07-10,94501.14170662191,"{""type"":""MultiPoint"",""coordinates"":[]}"
20110711,2011-07-11,94309.55082106029,"{""type"":""MultiPoint"",""coordinates"":[]}"
20110712,2011-07-12,94079.62420049436,"{""type"":""MultiPoint"",""coordinates"":[]}"
20110713,2011-07-13,93977.74861768592,"{""type"":""MultiPoint"",""coordinates"":[]}"
20110714,2011-07-14,94022.22990975318,"{""type"":""MultiPoint"",""coordinates"":[]}"
20110715,2011-07-15,94035.7589975537,"{""type"":""MultiPoint"",""coordinates"":[]}"
20110716,2011-07-16,93986.47545211583,"{""type"":""MultiPoint"",""coordinates"":[]}"
20110717,2011-07-17,94010.4509250115,"{""type"":""MultiPoint"",""coordinates"":[]}"
20110718,2011-07-18,94132.235831285,"{""type"":""MultiPoint"",""coordinates"":[]}"
20110719,2011-07-19,94159.11374622851,"{""type"":""MultiPoint"",""coordinates"":[]}"
20110720,2011-07-20,94197.61776910121,"{""type"":""MultiPoint"",""coordinates"":[]}"
20110721,2011-07-21,94255.93598542403,"{""type"":""MultiPoint"",""coordinates"":[]}"
20110722,2011-07-22,94241.08786798673,"{""type"":""MultiPoint"",""coordinates"":[]}"
20110723,2011-07-23,94180.25636418392,"{""type"":""MultiPoint"",""coordinates"":[]}"
20110724,2011-07-24,94222.96471676447,"{""type"":""MultiPoint"",""coordinates"":[]}"
20110725,2011-07-25,94351.03926068265,"{""type"":""MultiPoint"",""coordinates"":[]}"
20110726,2011-07-26,94441.83136276495,"{""type"":""MultiPoint"",""coordinates"":[]}"
20110727,2011-07-27,94397.12382383058,"{""type"":""MultiPoint"",""coordinates"":[]}"
20110728,2011-07-28,94344.23292225538,"{""type"":""MultiPoint"",""coordinates"":[]}"
20110729,2011-07-29,94314.09326563183,"{""type"":""MultiPoint"",""coordinates"":[]}"
20110730,2011-07-30,94228.70749786282,"{""type"":""MultiPoint"",""coordinates"":[]}"
20110731,2011-07-31,94226.16675418135,"{""type"":""MultiPoint"",""coordinates"":[]}"
20110801,2011-08-01,94265.87508221778,"{""type"":""MultiPoint"",""coordinates"":[]}"
20110802,2011-08-02,94243.34873864497,"{""type"":""MultiPoint"",""coordinates"":[]}"
20110803,2011-08-03,94217.17472726447,"{""type"":""MultiPoint"",""coordinates"":[]}"
20110804,2011-08-04,94290.63670079818,"{""type"":""MultiPoint"",""coordinates"":[]}"
20110805,2011-08-05,94263.56949248571,"{""type"":""MultiPoint"",""coordinates"":[]}"
20110806,2011-08-06,94240.20560774233,"{""type"":""MultiPoint"",""coordinates"":[]}"
20110807,2011-08-07,94166.00429335784,"{""type"":""MultiPoint"",""coordinates"":[]}"
20110808,2011-08-08,94175.76050984414,"{""type"":""MultiPoint"",""coordinates"":[]}"
20110809,2011-08-09,94288.19477395082,"{""type"":""MultiPoint"",""coordinates"":[]}"
20110810,2011-08-10,94401.08372421877,"{""type"":""MultiPoint"",""coordinates"":[]}"
20110811,2011-08-11,94345.66128830945,"{""type"":""MultiPoint"",""coordinates"":[]}"
20110812,2011-08-12,94151.46852479114,"{""type"":""MultiPoint"",""coordinates"":[]}"
20110813,2011-08-13,94188.12593405983,"{""type"":""MultiPoint"",""coordinates"":[]}"
20110814,2011-08-14,94511.54354661427,"{""type"":""MultiPoint"",""coordinates"":[]}"
20110815,2011-08-15,94575.24572825624,"{""type"":""MultiPoint"",""coordinates"":[]}"
20110816,2011-08-16,94498.81743405016,"{""type"":""MultiPoint"",""coordinates"":[]}"
20110817,2011-08-17,94434.10951292486,"{""type"":""MultiPoint"",""coordinates"":[]}"
20110818,2011-08-18,94415.20270375171,"{""type"":""MultiPoint"",""coordinates"":[]}"
20110819,2011-08-19,94356.17439876647,"{""type"":""MultiPoint"",""coordinates"":[]}"
20110820,2011-08-20,94381.46172515104,"{""type"":""MultiPoint"",""coordinates"":[]}"
20110821,2011-08-21,94389.99493981201,"{""type"":""MultiPoint"",""coordinates"":[]}"
20110822,2011-08-22,94506.83782644039,"{""type"":""MultiPoint"",""coordinates"":[]}"
20110823,2011-08-23,94490.38254706736,"{""type"":""MultiPoint"",""coordinates"":[]}"
20110824,2011-08-24,94396.17771785417,"{""type"":""MultiPoint"",""coordinates"":[]}"
20110825,2011-08-25,94457.81410267366,"{""type"":""MultiPoint"",""coordinates"":[]}"
20110826,2011-08-26,94428.45239158443,"{""type"":""MultiPoint"",""coordinates"":[]}"
20110827,2011-08-27,94307.27354949065,"{""type"":""MultiPoint"",""coordinates"":[]}"
20110828,2011-08-28,94196.72933694824,"{""type"":""MultiPoint"",""coordinates"":[]}"
20110829,2011-08-29,94197.9756330382,"{""type"":""MultiPoint"",""coordinates"":[]}"
20110830,2011-08-30,94182.99598319734,"{""type"":""MultiPoint"",""coordinates"":[]}"
20110831,2011-08-31,94085.39583281105,"{""type"":""MultiPoint"",""coordinates"":[]}"
20110901,2011-09-01,94041.73527740162,"{""type"":""MultiPoint"",""coordinates"":[]}"
20110902,2011-09-02,94147.0178327743,"{""type"":""MultiPoint"",""coordinates"":[]}"
20110903,2011-09-03,94236.37107447577,"{""type"":""MultiPoint"",""coordinates"":[]}"
20110904,2011-09-04,94391.21217478164,"{""type"":""MultiPoint"",""coordinates"":[]}"
20110905,2011-09-05,94457.2554676892,"{""type"":""MultiPoint"",""coordinates"":[]}"
20110906,2011-09-06,94446.85731126777,"{""type"":""MultiPoint"",""coordinates"":[]}"
20110907,2011-09-07,94422.86258716318,"{""type"":""MultiPoint"",""coordinates"":[]}"
20110908,2011-09-08,94437.54982577942,"{""type"":""MultiPoint"",""coordinates"":[]}"
20110909,2011-09-09,94560.7435031677,"{""type"":""MultiPoint"",""coordinates"":[]}"
20110910,2011-09-10,94529.0353052293,"{""type"":""MultiPoint"",""coordinates"":[]}"
20110911,2011-09-11,94394.21985767133,"{""type"":""MultiPoint"",""coordinates"":[]}"
20110912,2011-09-12,94378.07993524933,"{""type"":""MultiPoint"",""coordinates"":[]}"
20110913,2011-09-13,94378.41870451214,"{""type"":""MultiPoint"",""coordinates"":[]}"
20110914,2011-09-14,94335.18284727244,"{""type"":""MultiPoint"",""coordinates"":[]}"
20110915,2011-09-15,94333.2721964476,"{""type"":""MultiPoint"",""coordinates"":[]}"
20110916,2011-09-16,94461.5458427102,"{""type"":""MultiPoint"",""coordinates"":[]}"
20110917,2011-09-17,94562.26319942967,"{""type"":""MultiPoint"",""coordinates"":[]}"
20110918,2011-09-18,94662.6551293546,"{""type"":""MultiPoint"",""coordinates"":[]}"
20110919,2011-09-19,94767.77476532072,"{""type"":""MultiPoint"",""coordinates"":[]}"
20110920,2011-09-20,94747.97365799392,"{""type"":""MultiPoint"",""coordinates"":[]}"
20110921,2011-09-21,94653.07853917475,"{""type"":""MultiPoint"",""coordinates"":[]}"
20110922,2011-09-22,94587.71946100765,"{""type"":""MultiPoint"",""coordinates"":[]}"
20110923,2011-09-23,94567.00375559536,"{""type"":""MultiPoint"",""coordinates"":[]}"
20110924,2011-09-24,94702.65841765895,"{""type"":""MultiPoint"",""coordinates"":[]}"
20110925,2011-09-25,94843.9136929913,"{""type"":""MultiPoint"",""coordinates"":[]}"
20110926,2011-09-26,94871.31911131884,"{""type"":""MultiPoint"",""coordinates"":[]}"
20110927,2011-09-27,94771.5473042849,"{""type"":""MultiPoint"",""coordinates"":[]}"
20110928,2011-09-28,94756.02281604812,"{""type"":""MultiPoint"",""coordinates"":[]}"
20110929,2011-09-29,94776.47460295935,"{""type"":""MultiPoint"",""coordinates"":[]}"
20110930,2011-09-30,94805.1397615404,"{""type"":""MultiPoint"",""coordinates"":[]}"
20111001,2011-10-01,94761.62586763056,"{""type"":""MultiPoint"",""coordinates"":[]}"
20111002,2011-10-02,94783.71584956981,"{""type"":""MultiPoint"",""coordinates"":[]}"
20111003,2011-10-03,94756.40304722998,"{""type"":""MultiPoint"",""coordinates"":[]}"
20111004,2011-10-04,94771.0910235814,"{""type"":""MultiPoint"",""coordinates"":[]}"
20111005,2011-10-05,94915.47605787439,"{""type"":""MultiPoint"",""coordinates"":[]}"
20111006,2011-10-06,94986.7016049648,"{""type"":""MultiPoint"",""coordinates"":[]}"
20111007,2011-10-07,94931.95894421222,"{""type"":""MultiPoint"",""coordinates"":[]}"
20111008,2011-10-08,94906.4136688272,"{""type"":""MultiPoint"",""coordinates"":[]}"
20111009,2011-10-09,94900.29872309949,"{""type"":""MultiPoint"",""coordinates"":[]}"
20111010,2011-10-10,94953.39819703854,"{""type"":""MultiPoint"",""coordinates"":[]}"
20111011,2011-10-11,95003.7588189439,"{""type"":""MultiPoint"",""coordinates"":[]}"
20111012,2011-10-12,94930.01198771592,"{""type"":""MultiPoint"",""coordinates"":[]}"
20111013,2011-10-13,94830.09702044062,"{""type"":""MultiPoint"",""coordinates"":[]}"
20111014,2011-10-14,94791.60127379147,"{""type"":""MultiPoint"",""coordinates"":[]}"
20111015,2011-10-15,94767.45247986556,"{""type"":""MultiPoint"",""coordinates"":[]}"
20111016,2011-10-16,94752.69848488024,"{""type"":""MultiPoint"",""coordinates"":[]}"
20111017,2011-10-17,94815.59098956996,"{""type"":""MultiPoint"",""coordinates"":[]}"
20111018,2011-10-18,94840.311615401,"{""type"":""MultiPoint"",""coordinates"":[]}"
20111019,2011-10-19,94722.04683922515,"{""type"":""MultiPoint"",""coordinates"":[]}"
20111020,2011-10-20,94752.38675390767,"{""type"":""MultiPoint"",""coordinates"":[]}"
20111021,2011-10-21,94778.61821560535,"{""type"":""MultiPoint"",""coordinates"":[]}"
20111022,2011-10-22,94854.83608470947,"{""type"":""MultiPoint"",""coordinates"":[]}"
20111023,2011-10-23,94960.0671773596,"{""type"":""MultiPoint"",""coordinates"":[]}"
20111024,2011-10-24,94941.74217220675,"{""type"":""MultiPoint"",""coordinates"":[]}"
20111025,2011-10-25,94960.80716832988,"{""type"":""MultiPoint"",""coordinates"":[]}"
20111026,2011-10-26,95000.38148512668,"{""type"":""MultiPoint"",""coordinates"":[]}"
20111027,2011-10-27,95061.52905195097,"{""type"":""MultiPoint"",""coordinates"":[]}"
20111028,2011-10-28,95054.62561671805,"{""type"":""MultiPoint"",""coordinates"":[]}"
20111029,2011-10-29,94969.3656923204,"{""type"":""MultiPoint"",""coordinates"":[]}"
20111030,2011-10-30,94890.97234815877,"{""type"":""MultiPoint"",""coordinates"":[]}"
20111031,2011-10-31,94956.39577468275,"{""type"":""MultiPoint"",""coordinates"":[]}"
20111101,2011-11-01,94981.7018716044,"{""type"":""MultiPoint"",""coordinates"":[]}"
20111102,2011-11-02,94921.4604082693,"{""type"":""MultiPoint"",""coordinates"":[]}"
20111103,2011-11-03,94961.63032533597,"{""type"":""MultiPoint"",""coordinates"":[]}"
20111104,2011-11-04,95050.98765298206,"{""type"":""MultiPoint"",""coordinates"":[]}"
20111105,2011-11-05,95103.68286763862,"{""type"":""MultiPoint"",""coordinates"":[]}"
20111106,2011-11-06,95083.29411783219,"{""type"":""MultiPoint"",""coordinates"":[]}"
20111107,2011-11-07,95128.16254612684,"{""type"":""MultiPoint"",""coordinates"":[]}"
20111108,2011-11-08,95114.60311571277,"{""type"":""MultiPoint"",""coordinates"":[]}"
20111109,2011-11-09,95043.99678826408,"{""type"":""MultiPoint"",""coordinates"":[]}"
20111110,2011-11-10,95037.12784190851,"{""type"":""MultiPoint"",""coordinates"":[]}"
20111111,2011-11-11,95013.52903288681,"{""type"":""MultiPoint"",""coordinates"":[]}"
20111112,2011-11-12,95050.99250252225,"{""type"":""MultiPoint"",""coordinates"":[]}"
20111113,2011-11-13,95084.22534095937,"{""type"":""MultiPoint"",""coordinates"":[]}"
20111114,2011-11-14,95168.4522679696,"{""type"":""MultiPoint"",""coordinates"":[]}"
20111115,2011-11-15,95210.82828078866,"{""type"":""MultiPoint"",""coordinates"":[]}"
20111116,2011-11-16,95174.5149072239,"{""type"":""MultiPoint"",""coordinates"":[]}"
20111117,2011-11-17,95169.27791250599,"{""type"":""MultiPoint"",""coordinates"":[]}"
20111118,2011-11-18,95169.2344628535,"{""type"":""MultiPoint"",""coordinates"":[]}"
20111119,2011-11-19,95184.33666046443,"{""type"":""MultiPoint"",""coordinates"":[]}"
20111120,2011-11-20,95264.2027366579,"{""type"":""MultiPoint"",""coordinates"":[]}"
20111121,2011-11-21,95265.14117483437,"{""type"":""MultiPoint"",""coordinates"":[]}"
20111122,2011-11-22,95180.47320470102,"{""type"":""MultiPoint"",""coordinates"":[]}"
20111123,2011-11-23,95147.62277469436,"{""type"":""MultiPoint"",""coordinates"":[]}"
20111124,2011-11-24,95177.50079232361,"{""type"":""MultiPoint"",""coordinates"":[]}"
20111125,2011-11-25,95066.92295237655,"{""type"":""MultiPoint"",""coordinates"":[]}"
20111126,2011-11-26,94998.43363859918,"{""type"":""MultiPoint"",""coordinates"":[]}"
20111127,2011-11-27,94985.191899767,"{""type"":""MultiPoint"",""coordinates"":[]}"
20111128,2011-11-28,94943.38627074685,"{""type"":""MultiPoint"",""coordinates"":[]}"
20111129,2011-11-29,94936.13229902355,"{""type"":""MultiPoint"",""coordinates"":[]}"
20111130,2011-11-30,94949.55085473938,"{""type"":""MultiPoint"",""coordinates"":[]}"
20111201,2011-12-01,94965.83827141872,"{""type"":""MultiPoint"",""coordinates"":[]}"
20111202,2011-12-02,94833.03082715785,"{""type"":""MultiPoint"",""coordinates"":[]}"
20111203,2011-12-03,94771.60700826322,"{""type"":""MultiPoint"",""coordinates"":[]}"
20111204,2011-12-04,94900.75937081291,"{""type"":""MultiPoint"",""coordinates"":[]}"
20111205,2011-12-05,95007.69981677028,"{""type"":""MultiPoint"",""coordinates"":[]}"
20111206,2011-12-06,95034.47830745924,"{""type"":""MultiPoint"",""coordinates"":[]}"
20111207,2011-12-07,95093.96391944253,"{""type"":""MultiPoint"",""coordinates"":[]}"
20111208,2011-12-08,95082.22775561764,"{""type"":""MultiPoint"",""coordinates"":[]}"
20111209,2011-12-09,95086.14456036508,"{""type"":""MultiPoint"",""coordinates"":[]}"
20111210,2011-12-10,95094.13526831116,"{""type"":""MultiPoint"",""coordinates"":[]}"
20111211,2011-12-11,95053.94484301162,"{""type"":""MultiPoint"",""coordinates"":[]}"
20111212,2011-12-12,95178.64432184331,"{""type"":""MultiPoint"",""coordinates"":[]}"
20111213,2011-12-13,95224.62069278664,"{""type"":""MultiPoint"",""coordinates"":[]}"
20111214,2011-12-14,95277.77056287536,"{""type"":""MultiPoint"",""coordinates"":[]}"
20111215,2011-12-15,95252.20450591702,"{""type"":""MultiPoint"",""coordinates"":[]}"
20111216,2011-12-16,95259.17365801289,"{""type"":""MultiPoint"",""coordinates"":[]}"
20111217,2011-12-17,95262.87061615712,"{""type"":""MultiPoint"",""coordinates"":[]}"
20111218,2011-12-18,95287.54242907492,"{""type"":""MultiPoint"",""coordinates"":[]}"
20111219,2011-12-19,95246.19358237956,"{""type"":""MultiPoint"",""coordinates"":[]}"
20111220,2011-12-20,95188.70385435964,"{""type"":""MultiPoint"",""coordinates"":[]}"
20111221,2011-12-21,95185.56482888675,"{""type"":""MultiPoint"",""coordinates"":[]}"
20111222,2011-12-22,95137.86439786693,"{""type"":""MultiPoint"",""coordinates"":[]}"
20111223,2011-12-23,95099.31086572235,"{""type"":""MultiPoint"",""coordinates"":[]}"
20111224,2011-12-24,95022.71453420055,"{""type"":""MultiPoint"",""coordinates"":[]}"
20111225,2011-12-25,95064.28822156342,"{""type"":""MultiPoint"",""coordinates"":[]}"
20111226,2011-12-26,95040.75966114884,"{""type"":""MultiPoint"",""coordinates"":[]}"
20111227,2011-12-27,95022.56296651131,"{""type"":""MultiPoint"",""coordinates"":[]}"
20111228,2011-12-28,95097.91464108319,"{""type"":""MultiPoint"",""coordinates"":[]}"
20111229,2011-12-29,95111.16937098934,"{""type"":""MultiPoint"",""coordinates"":[]}"
20111230,2011-12-30,95221.06018066923,"{""type"":""MultiPoint"",""coordinates"":[]}"
20111231,2011-12-31,95191.91214232179,"{""type"":""MultiPoint"",""coordinates"":[]}"
20120101,2012-01-01,95087.47860001303,"{""type"":""MultiPoint"",""coordinates"":[]}"
20120102,2012-01-02,95082.77692750681,"{""type"":""MultiPoint"",""coordinates"":[]}"
20120103,2012-01-03,95043.64910435728,"{""type"":""MultiPoint"",""coordinates"":[]}"
20120104,2012-01-04,95099.30995613856,"{""type"":""MultiPoint"",""coordinates"":[]}"
20120105,2012-01-05,95200.42442948194,"{""type"":""MultiPoint"",""coordinates"":[]}"
20120106,2012-01-06,95236.14183683581,"{""type"":""MultiPoint"",""coordinates"":[]}"
20120107,2012-01-07,95296.85825136374,"{""type"":""MultiPoint"",""coordinates"":[]}"
20120108,2012-01-08,95230.13284722366,"{""type"":""MultiPoint"",""coordinates"":[]}"
20120109,2012-01-09,95134.38165194287,"{""type"":""MultiPoint"",""coordinates"":[]}"
20120110,2012-01-10,95205.69197194066,"{""type"":""MultiPoint"",""coordinates"":[]}"
20120111,2012-01-11,95316.58394784045,"{""type"":""MultiPoint"",""coordinates"":[]}"
20120112,2012-01-12,95350.0790800705,"{""type"":""MultiPoint"",""coordinates"":[]}"
20120113,2012-01-13,95377.87093952134,"{""type"":""MultiPoint"",""coordinates"":[]}"
20120114,2012-01-14,95265.83986179001,"{""type"":""MultiPoint"",""coordinates"":[]}"
20120115,2012-01-15,95099.4910077633,"{""type"":""MultiPoint"",""coordinates"":[]}"
20120116,2012-01-16,94928.41368077692,"{""type"":""MultiPoint"",""coordinates"":[]}"
20120117,2012-01-17,94789.41078887183,"{""type"":""MultiPoint"",""coordinates"":[]}"
20120118,2012-01-18,94713.65622690755,"{""type"":""MultiPoint"",""coordinates"":[]}"
20120119,2012-01-19,94777.60346728994,"{""type"":""MultiPoint"",""coordinates"":[]}"
20120120,2012-01-20,94969.920101326,"{""type"":""MultiPoint"",""coordinates"":[]}"
20120121,2012-01-21,95072.6154569797,"{""type"":""MultiPoint"",""coordinates"":[]}"
20120122,2012-01-22,95151.1099218571,"{""type"":""MultiPoint"",""coordinates"":[]}"
20120123,2012-01-23,95144.05299870903,"{""type"":""MultiPoint"",""coordinates"":[]}"
20120124,2012-01-24,95085.09618149122,"{""type"":""MultiPoint"",""coordinates"":[]}"
20120125,2012-01-25,95058.85971833694,"{""type"":""MultiPoint"",""coordinates"":[]}"
20120126,2012-01-26,95053.90111372514,"{""type"":""MultiPoint"",""coordinates"":[]}"
20120127,2012-01-27,95012.96233407658,"{""type"":""MultiPoint"",""coordinates"":[]}"
20120128,2012-01-28,94947.55644323569,"{""type"":""MultiPoint"",""coordinates"":[]}"
20120129,2012-01-29,95004.76566964576,"{""type"":""MultiPoint"",""coordinates"":[]}"
20120130,2012-01-30,95172.47410163636,"{""type"":""MultiPoint"",""coordinates"":[]}"
20120131,2012-01-31,95298.3734753055,"{""type"":""MultiPoint"",""coordinates"":[]}"
20120201,2012-02-01,95332.16884545493,"{""type"":""MultiPoint"",""coordinates"":[]}"
20120202,2012-02-02,95368.0449089553,"{""type"":""MultiPoint"",""coordinates"":[]}"
20120203,2012-02-03,95306.31309065498,"{""type"":""MultiPoint"",""coordinates"":[]}"
20120204,2012-02-04,95213.1523552252,"{""type"":""MultiPoint"",""coordinates"":[]}"
20120205,2012-02-05,95198.93048850443,"{""type"":""MultiPoint"",""coordinates"":[]}"
20120206,2012-02-06,95104.03296462359,"{""type"":""MultiPoint"",""coordinates"":[]}"
20120207,2012-02-07,95019.708810499,"{""type"":""MultiPoint"",""coordinates"":[]}"
20120208,2012-02-08,94944.08493081202,"{""type"":""MultiPoint"",""coordinates"":[]}"
20120209,2012-02-09,94991.67502516239,"{""type"":""MultiPoint"",""coordinates"":[]}"
20120210,2012-02-10,95003.68026188524,"{""type"":""MultiPoint"",""coordinates"":[]}"
20120211,2012-02-11,95042.68392982367,"{""type"":""MultiPoint"",""coordinates"":[]}"
20120212,2012-02-12,95043.41362303527,"{""type"":""MultiPoint"",""coordinates"":[]}"
20120213,2012-02-13,95109.5723693008,"{""type"":""MultiPoint"",""coordinates"":[]}"
20120214,2012-02-14,95072.60813848473,"{""type"":""MultiPoint"",""coordinates"":[]}"
20120215,2012-02-15,94869.58166581739,"{""type"":""MultiPoint"",""coordinates"":[]}"
20120216,2012-02-16,94787.38900612415,"{""type"":""MultiPoint"",""coordinates"":[]}"
20120217,2012-02-17,94975.00569757764,"{""type"":""MultiPoint"",""coordinates"":[]}"
20120218,2012-02-18,95117.33424638254,"{""type"":""MultiPoint"",""coordinates"":[]}"
20120219,2012-02-19,95088.13125550294,"{""type"":""MultiPoint"",""coordinates"":[]}"
20120220,2012-02-20,94961.80830988388,"{""type"":""MultiPoint"",""coordinates"":[]}"
20120221,2012-02-21,94884.01712974891,"{""type"":""MultiPoint"",""coordinates"":[]}"
20120222,2012-02-22,94888.55377322319,"{""type"":""MultiPoint"",""coordinates"":[]}"
20120223,2012-02-23,94896.70715784223,"{""type"":""MultiPoint"",""coordinates"":[]}"
20120224,2012-02-24,94807.35353723918,"{""type"":""MultiPoint"",""coordinates"":[]}"
20120225,2012-02-25,94770.46619472458,"{""type"":""MultiPoint"",""coordinates"":[]}"
20120226,2012-02-26,94745.79144356717,"{""type"":""MultiPoint"",""coordinates"":[]}"
20120227,2012-02-27,94732.04942465997,"{""type"":""MultiPoint"",""coordinates"":[]}"
20120228,2012-02-28,94505.36951586441,"{""type"":""MultiPoint"",""coordinates"":[]}"
20120229,2012-02-29,94546.60317217262,"{""type"":""MultiPoint"",""coordinates"":[]}"
20120301,2012-03-01,94580.37481431657,"{""type"":""MultiPoint"",""coordinates"":[]}"
20120302,2012-03-02,94542.97424903569,"{""type"":""MultiPoint"",""coordinates"":[]}"
20120303,2012-03-03,94594.70215474468,"{""type"":""MultiPoint"",""coordinates"":[]}"
20120304,2012-03-04,94771.46824635747,"{""type"":""MultiPoint"",""coordinates"":[]}"
20120305,2012-03-05,94765.77743535402,"{""type"":""MultiPoint"",""coordinates"":[]}"
20120306,2012-03-06,94629.25384226201,"{""type"":""MultiPoint"",""coordinates"":[]}"
20120307,2012-03-07,94480.1936111081,"{""type"":""MultiPoint"",""coordinates"":[]}"
20120308,2012-03-08,94546.23972989849,"{""type"":""MultiPoint"",""coordinates"":[]}"
20120309,2012-03-09,94596.74804437929,"{""type"":""MultiPoint"",""coordinates"":[]}"
20120310,2012-03-10,94640.73571811437,"{""type"":""MultiPoint"",""coordinates"":[]}"
20120311,2012-03-11,94810.30130453306,"{""type"":""MultiPoint"",""coordinates"":[]}"
20120312,2012-03-12,95026.91135287366,"{""type"":""MultiPoint"",""coordinates"":[]}"
20120313,2012-03-13,95097.58978429946,"{""type"":""MultiPoint"",""coordinates"":[]}"
20120314,2012-03-14,95139.40125186011,"{""type"":""MultiPoint"",""coordinates"":[]}"
20120315,2012-03-15,95060.70570970234,"{""type"":""MultiPoint"",""coordinates"":[]}"
20120316,2012-03-16,94998.63740097513,"{""type"":""MultiPoint"",""coordinates"":[]}"
20120317,2012-03-17,94908.27785803334,"{""type"":""MultiPoint"",""coordinates"":[]}"
20120318,2012-03-18,94932.32721834608,"{""type"":""MultiPoint"",""coordinates"":[]}"
20120319,2012-03-19,94886.81790840812,"{""type"":""MultiPoint"",""coordinates"":[]}"
20120320,2012-03-20,94840.59046343197,"{""type"":""MultiPoint"",""coordinates"":[]}"
20120321,2012-03-21,94777.19739577787,"{""type"":""MultiPoint"",""coordinates"":[]}"
20120322,2012-03-22,94866.05758531898,"{""type"":""MultiPoint"",""coordinates"":[]}"
20120323,2012-03-23,94971.93798608385,"{""type"":""MultiPoint"",""coordinates"":[]}"
20120324,2012-03-24,94978.21688986251,"{""type"":""MultiPoint"",""coordinates"":[]}"
20120325,2012-03-25,94962.40903839185,"{""type"":""MultiPoint"",""coordinates"":[]}"
20120326,2012-03-26,94990.07277460487,"{""type"":""MultiPoint"",""coordinates"":[]}"
20120327,2012-03-27,95065.26036904375,"{""type"":""MultiPoint"",""coordinates"":[]}"
20120328,2012-03-28,95151.87158390312,"{""type"":""MultiPoint"",""coordinates"":[]}"
20120329,2012-03-29,94971.88218902693,"{""type"":""MultiPoint"",""coordinates"":[]}"
20120330,2012-03-30,94811.71920413416,"{""type"":""MultiPoint"",""coordinates"":[]}"
20120331,2012-03-31,94932.91965999616,"{""type"":""MultiPoint"",""coordinates"":[]}"
20120401,2012-04-01,94992.37891537164,"{""type"":""MultiPoint"",""coordinates"":[]}"
20120402,2012-04-02,95046.42898064949,"{""type"":""MultiPoint"",""coordinates"":[]}"
20120403,2012-04-03,95116.49789854648,"{""type"":""MultiPoint"",""coordinates"":[]}"
20120404,2012-04-04,94978.55985300516,"{""type"":""MultiPoint"",""coordinates"":[]}"
20120405,2012-04-05,94752.12661221594,"{""type"":""MultiPoint"",""coordinates"":[]}"
20120406,2012-04-06,94704.868162584,"{""type"":""MultiPoint"",""coordinates"":[]}"
20120407,2012-04-07,94674.74316598862,"{""type"":""MultiPoint"",""coordinates"":[]}"
20120408,2012-04-08,94678.92717274008,"{""type"":""MultiPoint"",""coordinates"":[]}"
20120409,2012-04-09,94763.40105188712,"{""type"":""MultiPoint"",""coordinates"":[]}"
20120410,2012-04-10,94737.509434292,"{""type"":""MultiPoint"",""coordinates"":[]}"
20120411,2012-04-11,94727.63066204671,"{""type"":""MultiPoint"",""coordinates"":[]}"
20120412,2012-04-12,94698.27056593397,"{""type"":""MultiPoint"",""coordinates"":[]}"
20120413,2012-04-13,94714.33027996997,"{""type"":""MultiPoint"",""coordinates"":[]}"
20120414,2012-04-14,94831.95579567754,"{""type"":""MultiPoint"",""coordinates"":[]}"
20120415,2012-04-15,94796.01909443706,"{""type"":""MultiPoint"",""coordinates"":[]}"
20120416,2012-04-16,94686.59362846032,"{""type"":""MultiPoint"",""coordinates"":[]}"
20120417,2012-04-17,94517.15217521817,"{""type"":""MultiPoint"",""coordinates"":[]}"
20120418,2012-04-18,94536.7189909226,"{""type"":""MultiPoint"",""coordinates"":[]}"
20120419,2012-04-19,94609.24557020262,"{""type"":""MultiPoint"",""coordinates"":[]}"
20120420,2012-04-20,94698.0563275218,"{""type"":""MultiPoint"",""coordinates"":[]}"
20120421,2012-04-21,94623.35791698573,"{""type"":""MultiPoint"",""coordinates"":[]}"
20120422,2012-04-22,94448.55490829374,"{""type"":""MultiPoint"",""coordinates"":[]}"
20120423,2012-04-23,94488.91422496887,"{""type"":""MultiPoint"",""coordinates"":[]}"
20120424,2012-04-24,94534.64007934336,"{""type"":""MultiPoint"",""coordinates"":[]}"
20120425,2012-04-25,94620.15350830187,"{""type"":""MultiPoint"",""coordinates"":[]}"
20120426,2012-04-26,94702.78456912853,"{""type"":""MultiPoint"",""coordinates"":[]}"
20120427,2012-04-27,94567.21359161568,"{""type"":""MultiPoint"",""coordinates"":[]}"
20120428,2012-04-28,94438.44360246097,"{""type"":""MultiPoint"",""coordinates"":[]}"
20120429,2012-04-29,94387.08319022717,"{""type"":""MultiPoint"",""coordinates"":[]}"
20120430,2012-04-30,94337.45628448103,"{""type"":""MultiPoint"",""coordinates"":[]}"
20120501,2012-05-01,94401.05730952369,"{""type"":""MultiPoint"",""coordinates"":[]}"
20120502,2012-05-02,94440.1075538384,"{""type"":""MultiPoint"",""coordinates"":[]}"
20120503,2012-05-03,94342.88778851043,"{""type"":""MultiPoint"",""coordinates"":[]}"
20120504,2012-05-04,94248.54621421959,"{""type"":""MultiPoint"",""coordinates"":[]}"
20120505,2012-05-05,94431.8221809453,"{""type"":""MultiPoint"",""coordinates"":[]}"
20120506,2012-05-06,94536.68366123732,"{""type"":""MultiPoint"",""coordinates"":[]}"
20120507,2012-05-07,94498.65954160047,"{""type"":""MultiPoint"",""coordinates"":[]}"
20120508,2012-05-08,94541.13577975288,"{""type"":""MultiPoint"",""coordinates"":[]}"
20120509,2012-05-09,94625.20731276934,"{""type"":""MultiPoint"",""coordinates"":[]}"
20120510,2012-05-10,94691.42478923149,"{""type"":""MultiPoint"",""coordinates"":[]}"
20120511,2012-05-11,94526.2743214345,"{""type"":""MultiPoint"",""coordinates"":[]}"
20120512,2012-05-12,94437.68939717364,"{""type"":""MultiPoint"",""coordinates"":[]}"
20120513,2012-05-13,94481.55288195726,"{""type"":""MultiPoint"",""coordinates"":[]}"
20120514,2012-05-14,94478.09695620873,"{""type"":""MultiPoint"",""coordinates"":[]}"
20120515,2012-05-15,94515.13528589018,"{""type"":""MultiPoint"",""coordinates"":[]}"
20120516,2012-05-16,94365.40998626685,"{""type"":""MultiPoint"",""coordinates"":[]}"
20120517,2012-05-17,94318.20611889915,"{""type"":""MultiPoint"",""coordinates"":[]}"
20120518,2012-05-18,94381.3874537797,"{""type"":""MultiPoint"",""coordinates"":[]}"
20120519,2012-05-19,94407.1879289255,"{""type"":""MultiPoint"",""coordinates"":[]}"
20120520,2012-05-20,94322.7669960967,"{""type"":""MultiPoint"",""coordinates"":[]}"
20120521,2012-05-21,94283.49812423692,"{""type"":""MultiPoint"",""coordinates"":[]}"
20120522,2012-05-22,94322.73889440084,"{""type"":""MultiPoint"",""coordinates"":[]}"
20120523,2012-05-23,94302.39299793562,"{""type"":""MultiPoint"",""coordinates"":[]}"
20120524,2012-05-24,94182.60023244767,"{""type"":""MultiPoint"",""coordinates"":[]}"
20120525,2012-05-25,94170.951759017,"{""type"":""MultiPoint"",""coordinates"":[]}"
20120526,2012-05-26,94217.72997822391,"{""type"":""MultiPoint"",""coordinates"":[]}"
20120527,2012-05-27,94191.87908511082,"{""type"":""MultiPoint"",""coordinates"":[]}"
20120528,2012-05-28,94201.55306473802,"{""type"":""MultiPoint"",""coordinates"":[]}"
20120529,2012-05-29,94264.83135088994,"{""type"":""MultiPoint"",""coordinates"":[]}"
20120530,2012-05-30,94103.71629230349,"{""type"":""MultiPoint"",""coordinates"":[]}"
20120531,2012-05-31,94036.4155481576,"{""type"":""MultiPoint"",""coordinates"":[]}"
20120601,2012-06-01,94156.11268778714,"{""type"":""MultiPoint"",""coordinates"":[]}"
20120602,2012-06-02,94151.4475962391,"{""type"":""MultiPoint"",""coordinates"":[]}"
20120603,2012-06-03,94132.79883645313,"{""type"":""MultiPoint"",""coordinates"":[]}"
20120604,2012-06-04,94186.15711973289,"{""type"":""MultiPoint"",""coordinates"":[]}"
20120605,2012-06-05,94191.28193658598,"{""type"":""MultiPoint"",""coordinates"":[]}"
20120606,2012-06-06,94139.5603397267,"{""type"":""MultiPoint"",""coordinates"":[]}"
20120607,2012-06-07,94224.5156439895,"{""type"":""MultiPoint"",""coordinates"":[]}"
20120608,2012-06-08,94337.63555756195,"{""type"":""MultiPoint"",""coordinates"":[]}"
20120609,2012-06-09,94348.96606628087,"{""type"":""MultiPoint"",""coordinates"":[]}"
20120610,2012-06-10,94277.2532875719,"{""type"":""MultiPoint"",""coordinates"":[]}"
20120611,2012-06-11,94203.76961664183,"{""type"":""MultiPoint"",""coordinates"":[]}"
20120612,2012-06-12,94156.25894930007,"{""type"":""MultiPoint"",""coordinates"":[]}"
20120613,2012-06-13,94307.04303648155,"{""type"":""MultiPoint"",""coordinates"":[]}"
20120614,2012-06-14,94339.92942321357,"{""type"":""MultiPoint"",""coordinates"":[]}"
20120615,2012-06-15,94323.62507237717,"{""type"":""MultiPoint"",""coordinates"":[]}"
20120616,2012-06-16,94265.24185092468,"{""type"":""MultiPoint"",""coordinates"":[]}"
20120617,2012-06-17,94184.28781179695,"{""type"":""MultiPoint"",""coordinates"":[]}"
20120618,2012-06-18,94213.04098079953,"{""type"":""MultiPoint"",""coordinates"":[]}"
20120619,2012-06-19,94220.13362748906,"{""type"":""MultiPoint"",""coordinates"":[]}"
20120620,2012-06-20,94216.15922806336,"{""type"":""MultiPoint"",""coordinates"":[]}"
20120621,2012-06-21,94322.06289325912,"{""type"":""MultiPoint"",""coordinates"":[]}"
20120622,2012-06-22,94397.21368821149,"{""type"":""MultiPoint"",""coordinates"":[]}"
20120623,2012-06-23,94299.48572112528,"{""type"":""MultiPoint"",""coordinates"":[]}"
20120624,2012-06-24,94321.5596395564,"{""type"":""MultiPoint"",""coordinates"":[]}"
20120625,2012-06-25,94472.64669313068,"{""type"":""MultiPoint"",""coordinates"":[]}"
20120626,2012-06-26,94503.74356667411,"{""type"":""MultiPoint"",""coordinates"":[]}"
20120627,2012-06-27,94503.6280441807,"{""type"":""MultiPoint"",""coordinates"":[]}"
20120628,2012-06-28,94415.15314208248,"{""type"":""MultiPoint"",""coordinates"":[]}"
20120629,2012-06-29,94303.75867809587,"{""type"":""MultiPoint"",""coordinates"":[]}"
20120630,2012-06-30,94166.55077806932,"{""type"":""MultiPoint"",""coordinates"":[]}"
20120701,2012-07-01,94060.64649561938,"{""type"":""MultiPoint"",""coordinates"":[]}"
20120702,2012-07-02,93932.31061472853,"{""type"":""MultiPoint"",""coordinates"":[]}"
20120703,2012-07-03,93902.48217190523,"{""type"":""MultiPoint"",""coordinates"":[]}"
20120704,2012-07-04,93955.48026231362,"{""type"":""MultiPoint"",""coordinates"":[]}"
20120705,2012-07-05,94156.76946532253,"{""type"":""MultiPoint"",""coordinates"":[]}"
20120706,2012-07-06,94208.47253005113,"{""type"":""MultiPoint"",""coordinates"":[]}"
20120707,2012-07-07,94134.55378836722,"{""type"":""MultiPoint"",""coordinates"":[]}"
20120708,2012-07-08,94125.67415361872,"{""type"":""MultiPoint"",""coordinates"":[]}"
20120709,2012-07-09,94166.5442030814,"{""type"":""MultiPoint"",""coordinates"":[]}"
20120710,2012-07-10,94285.53316221616,"{""type"":""MultiPoint"",""coordinates"":[]}"
20120711,2012-07-11,94365.64425012402,"{""type"":""MultiPoint"",""coordinates"":[]}"
20120712,2012-07-12,94377.58187253158,"{""type"":""MultiPoint"",""coordinates"":[]}"
20120713,2012-07-13,94352.13006960155,"{""type"":""MultiPoint"",""coordinates"":[]}"
20120714,2012-07-14,94322.38696136135,"{""type"":""MultiPoint"",""coordinates"":[]}"
20120715,2012-07-15,94401.47631963776,"{""type"":""MultiPoint"",""coordinates"":[]}"
20120716,2012-07-16,94508.23591179369,"{""type"":""MultiPoint"",""coordinates"":[]}"
20120717,2012-07-17,94498.44514938681,"{""type"":""MultiPoint"",""coordinates"":[]}"
20120718,2012-07-18,94438.00998118988,"{""type"":""MultiPoint"",""coordinates"":[]}"
20120719,2012-07-19,94349.03323639739,"{""type"":""MultiPoint"",""coordinates"":[]}"
20120720,2012-07-20,94242.00556802841,"{""type"":""MultiPoint"",""coordinates"":[]}"
20120721,2012-07-21,94231.65929706291,"{""type"":""MultiPoint"",""coordinates"":[]}"
20120722,2012-07-22,94201.3525056817,"{""type"":""MultiPoint"",""coordinates"":[]}"
20120723,2012-07-23,94143.68831409371,"{""type"":""MultiPoint"",""coordinates"":[]}"
20120724,2012-07-24,94179.24013962422,"{""type"":""MultiPoint"",""coordinates"":[]}"
20120725,2012-07-25,94289.68760372337,"{""type"":""MultiPoint"",""coordinates"":[]}"
20120726,2012-07-26,94221.72032951331,"{""type"":""MultiPoint"",""coordinates"":[]}"
20120727,2012-07-27,94161.1338755395,"{""type"":""MultiPoint"",""coordinates"":[]}"
20120728,2012-07-28,94229.83142987957,"{""type"":""MultiPoint"",""coordinates"":[]}"
20120729,2012-07-29,94395.13601865445,"{""type"":""MultiPoint"",""coordinates"":[]}"
20120730,2012-07-30,94424.65246716818,"{""type"":""MultiPoint"",""coordinates"":[]}"
20120731,2012-07-31,94425.75600088754,"{""type"":""MultiPoint"",""coordinates"":[]}"
20120801,2012-08-01,94483.52326622822,"{""type"":""MultiPoint"",""coordinates"":[]}"
20120802,2012-08-02,94461.73391607794,"{""type"":""MultiPoint"",""coordinates"":[]}"
20120803,2012-08-03,94306.73810912351,"{""type"":""MultiPoint"",""coordinates"":[]}"
20120804,2012-08-04,94259.95594698303,"{""type"":""MultiPoint"",""coordinates"":[]}"
20120805,2012-08-05,94278.54221936976,"{""type"":""MultiPoint"",""coordinates"":[]}"
20120806,2012-08-06,94252.48591202425,"{""type"":""MultiPoint"",""coordinates"":[]}"
20120807,2012-08-07,94360.64835301698,"{""type"":""MultiPoint"",""coordinates"":[]}"
20120808,2012-08-08,94406.08386430025,"{""type"":""MultiPoint"",""coordinates"":[]}"
20120809,2012-08-09,94300.62490509325,"{""type"":""MultiPoint"",""coordinates"":[]}"
20120810,2012-08-10,94227.825903967,"{""type"":""MultiPoint"",""coordinates"":[]}"
20120811,2012-08-11,94323.6646586214,"{""type"":""MultiPoint"",""coordinates"":[]}"
20120812,2012-08-12,94392.27783823002,"{""type"":""MultiPoint"",""coordinates"":[]}"
20120813,2012-08-13,94427.8709488939,"{""type"":""MultiPoint"",""coordinates"":[]}"
20120814,2012-08-14,94501.55996800032,"{""type"":""MultiPoint"",""coordinates"":[]}"
20120815,2012-08-15,94545.79670606127,"{""type"":""MultiPoint"",""coordinates"":[]}"
20120816,2012-08-16,94491.8878141799,"{""type"":""MultiPoint"",""coordinates"":[]}"
20120817,2012-08-17,94423.9549223975,"{""type"":""MultiPoint"",""coordinates"":[]}"
20120818,2012-08-18,94313.45663388785,"{""type"":""MultiPoint"",""coordinates"":[]}"
20120819,2012-08-19,94266.76652840554,"{""type"":""MultiPoint"",""coordinates"":[]}"
20120820,2012-08-20,94348.91042534506,"{""type"":""MultiPoint"",""coordinates"":[]}"
20120821,2012-08-21,94521.84784605677,"{""type"":""MultiPoint"",""coordinates"":[]}"
20120822,2012-08-22,94595.14657674546,"{""type"":""MultiPoint"",""coordinates"":[]}"
20120823,2012-08-23,94647.21872112915,"{""type"":""MultiPoint"",""coordinates"":[]}"
20120824,2012-08-24,94600.60832977686,"{""type"":""MultiPoint"",""coordinates"":[]}"
20120825,2012-08-25,94527.47493802913,"{""type"":""MultiPoint"",""coordinates"":[]}"
20120826,2012-08-26,94422.79428883942,"{""type"":""MultiPoint"",""coordinates"":[]}"
20120827,2012-08-27,94384.09752257756,"{""type"":""MultiPoint"",""coordinates"":[]}"
20120828,2012-08-28,94397.92336830078,"{""type"":""MultiPoint"",""coordinates"":[]}"
20120829,2012-08-29,94375.04786535034,"{""type"":""MultiPoint"",""coordinates"":[]}"
20120830,2012-08-30,94306.4957762318,"{""type"":""MultiPoint"",""coordinates"":[]}"
20120831,2012-08-31,94230.77484375429,"{""type"":""MultiPoint"",""coordinates"":[]}"
20120901,2012-09-01,94291.03837415748,"{""type"":""MultiPoint"",""coordinates"":[]}"
20120902,2012-09-02,94287.06133806605,"{""type"":""MultiPoint"",""coordinates"":[]}"
20120903,2012-09-03,94117.79264008236,"{""type"":""MultiPoint"",""coordinates"":[]}"
20120904,2012-09-04,94192.95472701573,"{""type"":""MultiPoint"",""coordinates"":[]}"
20120905,2012-09-05,94346.20945564045,"{""type"":""MultiPoint"",""coordinates"":[]}"
20120906,2012-09-06,94575.3444609806,"{""type"":""MultiPoint"",""coordinates"":[]}"
20120907,2012-09-07,94589.83600167098,"{""type"":""MultiPoint"",""coordinates"":[]}"
20120908,2012-09-08,94543.9512930823,"{""type"":""MultiPoint"",""coordinates"":[]}"
20120909,2012-09-09,94523.92005050182,"{""type"":""MultiPoint"",""coordinates"":[]}"
20120910,2012-09-10,94520.1480181235,"{""type"":""MultiPoint"",""coordinates"":[]}"
20120911,2012-09-11,94532.3095676946,"{""type"":""MultiPoint"",""coordinates"":[]}"
20120912,2012-09-12,94619.7395209936,"{""type"":""MultiPoint"",""coordinates"":[]}"
20120913,2012-09-13,94675.70105447927,"{""type"":""MultiPoint"",""coordinates"":[]}"
20120914,2012-09-14,94604.3956799523,"{""type"":""MultiPoint"",""coordinates"":[]}"
20120915,2012-09-15,94510.27748112552,"{""type"":""MultiPoint"",""coordinates"":[]}"
20120916,2012-09-16,94541.20645938782,"{""type"":""MultiPoint"",""coordinates"":[]}"
20120917,2012-09-17,94632.8788811363,"{""type"":""MultiPoint"",""coordinates"":[]}"
20120918,2012-09-18,94652.302461706,"{""type"":""MultiPoint"",""coordinates"":[]}"
20120919,2012-09-19,94598.38886301125,"{""type"":""MultiPoint"",""coordinates"":[]}"
20120920,2012-09-20,94676.29029295889,"{""type"":""MultiPoint"",""coordinates"":[]}"
20120921,2012-09-21,94700.96943297792,"{""type"":""MultiPoint"",""coordinates"":[]}"
20120922,2012-09-22,94751.99554887324,"{""type"":""MultiPoint"",""coordinates"":[]}"
20120923,2012-09-23,94729.22988529748,"{""type"":""MultiPoint"",""coordinates"":[]}"
20120924,2012-09-24,94711.57403410437,"{""type"":""MultiPoint"",""coordinates"":[]}"
20120925,2012-09-25,94790.06290839652,"{""type"":""MultiPoint"",""coordinates"":[]}"
20120926,2012-09-26,94939.2004837089,"{""type"":""MultiPoint"",""coordinates"":[]}"
20120927,2012-09-27,94936.69929076082,"{""type"":""MultiPoint"",""coordinates"":[]}"
20120928,2012-09-28,94823.43143052647,"{""type"":""MultiPoint"",""coordinates"":[]}"
20120929,2012-09-29,94718.30581047166,"{""type"":""MultiPoint"",""coordinates"":[]}"
20120930,2012-09-30,94635.51215980847,"{""type"":""MultiPoint"",""coordinates"":[]}"
20121001,2012-10-01,94583.42514090354,"{""type"":""MultiPoint"",""coordinates"":[]}"
20121002,2012-10-02,94589.02474453434,"{""type"":""MultiPoint"",""coordinates"":[]}"
20121003,2012-10-03,94635.42866452174,"{""type"":""MultiPoint"",""coordinates"":[]}"
20121004,2012-10-04,94708.18712033893,"{""type"":""MultiPoint"",""coordinates"":[]}"
20121005,2012-10-05,94859.13857037603,"{""type"":""MultiPoint"",""coordinates"":[]}"
20121006,2012-10-06,94979.18039229559,"{""type"":""MultiPoint"",""coordinates"":[]}"
20121007,2012-10-07,94956.99214149131,"{""type"":""MultiPoint"",""coordinates"":[]}"
20121008,2012-10-08,94827.66805240553,"{""type"":""MultiPoint"",""coordinates"":[]}"
20121009,2012-10-09,94746.48538941248,"{""type"":""MultiPoint"",""coordinates"":[]}"
20121010,2012-10-10,94784.82310081743,"{""type"":""MultiPoint"",""coordinates"":[]}"
20121011,2012-10-11,94861.54271533493,"{""type"":""MultiPoint"",""coordinates"":[]}"
20121012,2012-10-12,94937.05365028627,"{""type"":""MultiPoint"",""coordinates"":[]}"
20121013,2012-10-13,94989.76231304018,"{""type"":""MultiPoint"",""coordinates"":[]}"
20121014,2012-10-14,95079.68400555784,"{""type"":""MultiPoint"",""coordinates"":[]}"
20121015,2012-10-15,95219.11245489461,"{""type"":""MultiPoint"",""coordinates"":[]}"
20121016,2012-10-16,95281.36655550201,"{""type"":""MultiPoint"",""coordinates"":[]}"
20121017,2012-10-17,95208.62993219888,"{""type"":""MultiPoint"",""coordinates"":[]}"
20121018,2012-10-18,95128.4267480193,"{""type"":""MultiPoint"",""coordinates"":[]}"
20121019,2012-10-19,95123.11431731071,"{""type"":""MultiPoint"",""coordinates"":[]}"
20121020,2012-10-20,95169.61075003697,"{""type"":""MultiPoint"",""coordinates"":[]}"
20121021,2012-10-21,95192.9014909653,"{""type"":""MultiPoint"",""coordinates"":[]}"
20121022,2012-10-22,95175.90997759273,"{""type"":""MultiPoint"",""coordinates"":[]}"
20121023,2012-10-23,95136.39954704995,"{""type"":""MultiPoint"",""coordinates"":[]}"
20121024,2012-10-24,95047.07410722066,"{""type"":""MultiPoint"",""coordinates"":[]}"
20121025,2012-10-25,94957.1346547875,"{""type"":""MultiPoint"",""coordinates"":[]}"
20121026,2012-10-26,94956.54155879264,"{""type"":""MultiPoint"",""coordinates"":[]}"
20121027,2012-10-27,95015.03362886969,"{""type"":""MultiPoint"",""coordinates"":[]}"
20121028,2012-10-28,95067.79781287143,"{""type"":""MultiPoint"",""coordinates"":[]}"
20121029,2012-10-29,94980.09428639912,"{""type"":""MultiPoint"",""coordinates"":[]}"
20121030,2012-10-30,94888.228975083,"{""type"":""MultiPoint"",""coordinates"":[]}"
20121031,2012-10-31,94752.8884119831,"{""type"":""MultiPoint"",""coordinates"":[]}"
20121101,2012-11-01,94597.78496801652,"{""type"":""MultiPoint"",""coordinates"":[]}"
20121102,2012-11-02,94550.3509980913,"{""type"":""MultiPoint"",""coordinates"":[]}"
20121103,2012-11-03,94654.88111895484,"{""type"":""MultiPoint"",""coordinates"":[]}"
20121104,2012-11-04,94722.74912880217,"{""type"":""MultiPoint"",""coordinates"":[]}"
20121105,2012-11-05,94841.01462286938,"{""type"":""MultiPoint"",""coordinates"":[]}"
20121106,2012-11-06,94977.37634818033,"{""type"":""MultiPoint"",""coordinates"":[]}"
20121107,2012-11-07,95009.47945960697,"{""type"":""MultiPoint"",""coordinates"":[]}"
20121108,2012-11-08,94958.80227436103,"{""type"":""MultiPoint"",""coordinates"":[]}"
20121109,2012-11-09,95086.34710571716,"{""type"":""MultiPoint"",""coordinates"":[]}"
20121110,2012-11-10,95205.22557593416,"{""type"":""MultiPoint"",""coordinates"":[]}"
20121111,2012-11-11,95148.706987859,"{""type"":""MultiPoint"",""coordinates"":[]}"
20121112,2012-11-12,95215.44108342838,"{""type"":""MultiPoint"",""coordinates"":[]}"
20121113,2012-11-13,95236.38287534862,"{""type"":""MultiPoint"",""coordinates"":[]}"
20121114,2012-11-14,95101.5538575569,"{""type"":""MultiPoint"",""coordinates"":[]}"
20121115,2012-11-15,95135.3822736929,"{""type"":""MultiPoint"",""coordinates"":[]}"
20121116,2012-11-16,95202.76216954726,"{""type"":""MultiPoint"",""coordinates"":[]}"
20121117,2012-11-17,95119.17633305132,"{""type"":""MultiPoint"",""coordinates"":[]}"
20121118,2012-11-18,95012.18840034014,"{""type"":""MultiPoint"",""coordinates"":[]}"
20121119,2012-11-19,95010.70153838595,"{""type"":""MultiPoint"",""coordinates"":[]}"
20121120,2012-11-20,95034.89258525959,"{""type"":""MultiPoint"",""coordinates"":[]}"
20121121,2012-11-21,95055.56836225073,"{""type"":""MultiPoint"",""coordinates"":[]}"
20121122,2012-11-22,95051.69112694134,"{""type"":""MultiPoint"",""coordinates"":[]}"
20121123,2012-11-23,95093.02426317729,"{""type"":""MultiPoint"",""coordinates"":[]}"
20121124,2012-11-24,95103.06946254341,"{""type"":""MultiPoint"",""coordinates"":[]}"
20121125,2012-11-25,95168.4841185469,"{""type"":""MultiPoint"",""coordinates"":[]}"
20121126,2012-11-26,95190.73900755795,"{""type"":""MultiPoint"",""coordinates"":[]}"
20121127,2012-11-27,95137.24562536027,"{""type"":""MultiPoint"",""coordinates"":[]}"
20121128,2012-11-28,95084.95381676749,"{""type"":""MultiPoint"",""coordinates"":[]}"
20121129,2012-11-29,95009.19698246436,"{""type"":""MultiPoint"",""coordinates"":[]}"
20121130,2012-11-30,95016.0267064757,"{""type"":""MultiPoint"",""coordinates"":[]}"
20121201,2012-12-01,95049.57083726142,"{""type"":""MultiPoint"",""coordinates"":[]}"
20121202,2012-12-02,95160.06941680558,"{""type"":""MultiPoint"",""coordinates"":[]}"
20121203,2012-12-03,95130.92854155115,"{""type"":""MultiPoint"",""coordinates"":[]}"
20121204,2012-12-04,95111.97993852236,"{""type"":""MultiPoint"",""coordinates"":[]}"
20121205,2012-12-05,95175.75064354073,"{""type"":""MultiPoint"",""coordinates"":[]}"
20121206,2012-12-06,95216.05033199213,"{""type"":""MultiPoint"",""coordinates"":[]}"
20121207,2012-12-07,95159.89639468331,"{""type"":""MultiPoint"",""coordinates"":[]}"
20121208,2012-12-08,95083.29125678488,"{""type"":""MultiPoint"",""coordinates"":[]}"
20121209,2012-12-09,94995.93877241897,"{""type"":""MultiPoint"",""coordinates"":[]}"
20121210,2012-12-10,94965.78302646821,"{""type"":""MultiPoint"",""coordinates"":[]}"
20121211,2012-12-11,94990.50606237265,"{""type"":""MultiPoint"",""coordinates"":[]}"
20121212,2012-12-12,95003.3253387171,"{""type"":""MultiPoint"",""coordinates"":[]}"
20121213,2012-12-13,95099.1254994443,"{""type"":""MultiPoint"",""coordinates"":[]}"
20121214,2012-12-14,95314.25947908686,"{""type"":""MultiPoint"",""coordinates"":[]}"
20121215,2012-12-15,95393.2642527098,"{""type"":""MultiPoint"",""coordinates"":[]}"
20121216,2012-12-16,95409.71385427457,"{""type"":""MultiPoint"",""coordinates"":[]}"
20121217,2012-12-17,95345.58017056996,"{""type"":""MultiPoint"",""coordinates"":[]}"
20121218,2012-12-18,95335.27678180991,"{""type"":""MultiPoint"",""coordinates"":[]}"
20121219,2012-12-19,95186.9006567223,"{""type"":""MultiPoint"",""coordinates"":[]}"
20121220,2012-12-20,95069.76837975344,"{""type"":""MultiPoint"",""coordinates"":[]}"
20121221,2012-12-21,95118.29335252121,"{""type"":""MultiPoint"",""coordinates"":[]}"
20121222,2012-12-22,95167.51418001378,"{""type"":""MultiPoint"",""coordinates"":[]}"
20121223,2012-12-23,95177.20008974442,"{""type"":""MultiPoint"",""coordinates"":[]}"
20121224,2012-12-24,95101.69192064856,"{""type"":""MultiPoint"",""coordinates"":[]}"
20121225,2012-12-25,95043.79987101512,"{""type"":""MultiPoint"",""coordinates"":[]}"
20121226,2012-12-26,95067.75360675152,"{""type"":""MultiPoint"",""coordinates"":[]}"
20121227,2012-12-27,95004.4990869168,"{""type"":""MultiPoint"",""coordinates"":[]}"
20121228,2012-12-28,94892.32957008113,"{""type"":""MultiPoint"",""coordinates"":[]}"
20121229,2012-12-29,94979.50447630831,"{""type"":""MultiPoint"",""coordinates"":[]}"
20121230,2012-12-30,95025.1645074444,"{""type"":""MultiPoint"",""coordinates"":[]}"
20121231,2012-12-31,94957.31568446565,"{""type"":""MultiPoint"",""coordinates"":[]}"
20130101,2013-01-01,95028.80882423525,"{""type"":""MultiPoint"",""coordinates"":[]}"
20130102,2013-01-02,95091.69084003034,"{""type"":""MultiPoint"",""coordinates"":[]}"
20130103,2013-01-03,95103.52358523157,"{""type"":""MultiPoint"",""coordinates"":[]}"
20130104,2013-01-04,95021.4472434071,"{""type"":""MultiPoint"",""coordinates"":[]}"
20130105,2013-01-05,94827.86229349727,"{""type"":""MultiPoint"",""coordinates"":[]}"
20130106,2013-01-06,94942.30792592306,"{""type"":""MultiPoint"",""coordinates"":[]}"
20130107,2013-01-07,95069.19560393474,"{""type"":""MultiPoint"",""coordinates"":[]}"
20130108,2013-01-08,95216.25944512297,"{""type"":""MultiPoint"",""coordinates"":[]}"
20130109,2013-01-09,95246.26777207569,"{""type"":""MultiPoint"",""coordinates"":[]}"
20130110,2013-01-10,95208.87593319186,"{""type"":""MultiPoint"",""coordinates"":[]}"
20130111,2013-01-11,95298.49834484077,"{""type"":""MultiPoint"",""coordinates"":[]}"
20130112,2013-01-12,95354.1551569912,"{""type"":""MultiPoint"",""coordinates"":[]}"
20130113,2013-01-13,95196.9549446424,"{""type"":""MultiPoint"",""coordinates"":[]}"
20130114,2013-01-14,95177.33754242536,"{""type"":""MultiPoint"",""coordinates"":[]}"
20130115,2013-01-15,95264.62557985818,"{""type"":""MultiPoint"",""coordinates"":[]}"
20130116,2013-01-16,95315.24570866323,"{""type"":""MultiPoint"",""coordinates"":[]}"
20130117,2013-01-17,95352.00190358282,"{""type"":""MultiPoint"",""coordinates"":[]}"
20130118,2013-01-18,95327.3251691071,"{""type"":""MultiPoint"",""coordinates"":[]}"
20130119,2013-01-19,95323.39986909856,"{""type"":""MultiPoint"",""coordinates"":[]}"
20130120,2013-01-20,95282.2554302189,"{""type"":""MultiPoint"",""coordinates"":[]}"
20130121,2013-01-21,95387.85891798379,"{""type"":""MultiPoint"",""coordinates"":[]}"
20130122,2013-01-22,95393.52584600018,"{""type"":""MultiPoint"",""coordinates"":[]}"
20130123,2013-01-23,95382.77398020649,"{""type"":""MultiPoint"",""coordinates"":[]}"
20130124,2013-01-24,95318.91931097585,"{""type"":""MultiPoint"",""coordinates"":[]}"
20130125,2013-01-25,95379.8617942294,"{""type"":""MultiPoint"",""coordinates"":[]}"
20130126,2013-01-26,95382.65702751846,"{""type"":""MultiPoint"",""coordinates"":[]}"
20130127,2013-01-27,95342.07772582697,"{""type"":""MultiPoint"",""coordinates"":[]}"
20130128,2013-01-28,95252.10652909028,"{""type"":""MultiPoint"",""coordinates"":[]}"
20130129,2013-01-29,95224.0372019963,"{""type"":""MultiPoint"",""coordinates"":[]}"
20130130,2013-01-30,95311.08014349634,"{""type"":""MultiPoint"",""coordinates"":[]}"
20130131,2013-01-31,95327.0984322969,"{""type"":""MultiPoint"",""coordinates"":[]}"
20130201,2013-02-01,95332.93429980696,"{""type"":""MultiPoint"",""coordinates"":[]}"
20130202,2013-02-02,95258.78118074266,"{""type"":""MultiPoint"",""coordinates"":[]}"
20130203,2013-02-03,95220.8637177646,"{""type"":""MultiPoint"",""coordinates"":[]}"
20130204,2013-02-04,95270.98510043291,"{""type"":""MultiPoint"",""coordinates"":[]}"
20130205,2013-02-05,95330.21664168996,"{""type"":""MultiPoint"",""coordinates"":[]}"
20130206,2013-02-06,95255.53302600053,"{""type"":""MultiPoint"",""coordinates"":[]}"
20130207,2013-02-07,95047.68405921677,"{""type"":""MultiPoint"",""coordinates"":[]}"
20130208,2013-02-08,95065.64393414524,"{""type"":""MultiPoint"",""coordinates"":[]}"
20130209,2013-02-09,95103.34506572176,"{""type"":""MultiPoint"",""coordinates"":[]}"
20130210,2013-02-10,95152.19565602712,"{""type"":""MultiPoint"",""coordinates"":[]}"
20130211,2013-02-11,95131.70946338536,"{""type"":""MultiPoint"",""coordinates"":[]}"
20130212,2013-02-12,95091.59823979068,"{""type"":""MultiPoint"",""coordinates"":[]}"
20130213,2013-02-13,95047.70707812694,"{""type"":""MultiPoint"",""coordinates"":[]}"
20130214,2013-02-14,95004.16582535693,"{""type"":""MultiPoint"",""coordinates"":[]}"
20130215,2013-02-15,94878.23297962396,"{""type"":""MultiPoint"",""coordinates"":[]}"
20130216,2013-02-16,94742.43737067467,"{""type"":""MultiPoint"",""coordinates"":[]}"
20130217,2013-02-17,94824.19918161193,"{""type"":""MultiPoint"",""coordinates"":[]}"
20130218,2013-02-18,95035.20919818332,"{""type"":""MultiPoint"",""coordinates"":[]}"
20130219,2013-02-19,95095.55608164164,"{""type"":""MultiPoint"",""coordinates"":[]}"
20130220,2013-02-20,95133.40100274495,"{""type"":""MultiPoint"",""coordinates"":[]}"
20130221,2013-02-21,95243.9090195449,"{""type"":""MultiPoint"",""coordinates"":[]}"
20130222,2013-02-22,95281.57028282894,"{""type"":""MultiPoint"",""coordinates"":[]}"
20130223,2013-02-23,95254.79746596709,"{""type"":""MultiPoint"",""coordinates"":[]}"
20130224,2013-02-24,95223.99010041067,"{""type"":""MultiPoint"",""coordinates"":[]}"
20130225,2013-02-25,95258.44987736033,"{""type"":""MultiPoint"",""coordinates"":[]}"
20130226,2013-02-26,95240.8785052799,"{""type"":""MultiPoint"",""coordinates"":[]}"
20130227,2013-02-27,95158.84886666833,"{""type"":""MultiPoint"",""coordinates"":[]}"
20130228,2013-02-28,95087.28512737235,"{""type"":""MultiPoint"",""coordinates"":[]}"
20130301,2013-03-01,95150.76443475123,"{""type"":""MultiPoint"",""coordinates"":[]}"
20130302,2013-03-02,95228.69914315824,"{""type"":""MultiPoint"",""coordinates"":[]}"
20130303,2013-03-03,95210.00352740934,"{""type"":""MultiPoint"",""coordinates"":[]}"
20130304,2013-03-04,95222.77939445393,"{""type"":""MultiPoint"",""coordinates"":[]}"
20130305,2013-03-05,95237.68218624785,"{""type"":""MultiPoint"",""coordinates"":[]}"
20130306,2013-03-06,95244.87005815713,"{""type"":""MultiPoint"",""coordinates"":[]}"
20130307,2013-03-07,95243.74840520017,"{""type"":""MultiPoint"",""coordinates"":[]}"
20130308,2013-03-08,95222.88701561031,"{""type"":""MultiPoint"",""coordinates"":[]}"
20130309,2013-03-09,95024.18194227324,"{""type"":""MultiPoint"",""coordinates"":[]}"
20130310,2013-03-10,94884.02704117257,"{""type"":""MultiPoint"",""coordinates"":[]}"
20130311,2013-03-11,94958.53364832046,"{""type"":""MultiPoint"",""coordinates"":[]}"
20130312,2013-03-12,94984.44992970357,"{""type"":""MultiPoint"",""coordinates"":[]}"
20130313,2013-03-13,94963.97551856548,"{""type"":""MultiPoint"",""coordinates"":[]}"
20130314,2013-03-14,95044.5193161328,"{""type"":""MultiPoint"",""coordinates"":[]}"
20130315,2013-03-15,95130.87422332258,"{""type"":""MultiPoint"",""coordinates"":[]}"
20130316,2013-03-16,95206.65796934384,"{""type"":""MultiPoint"",""coordinates"":[]}"
20130317,2013-03-17,95069.24669210937,"{""type"":""MultiPoint"",""coordinates"":[]}"
20130318,2013-03-18,94854.62010874398,"{""type"":""MultiPoint"",""coordinates"":[]}"
20130319,2013-03-19,94911.3902554371,"{""type"":""MultiPoint"",""coordinates"":[]}"
20130320,2013-03-20,94953.61096979972,"{""type"":""MultiPoint"",""coordinates"":[]}"
20130321,2013-03-21,94774.08480435555,"{""type"":""MultiPoint"",""coordinates"":[]}"
20130322,2013-03-22,94636.76619851032,"{""type"":""MultiPoint"",""coordinates"":[]}"
20130323,2013-03-23,94775.83815536584,"{""type"":""MultiPoint"",""coordinates"":[]}"
20130324,2013-03-24,94885.4885873066,"{""type"":""MultiPoint"",""coordinates"":[]}"
20130325,2013-03-25,94753.81780266379,"{""type"":""MultiPoint"",""coordinates"":[]}"
20130326,2013-03-26,94678.079792794,"{""type"":""MultiPoint"",""coordinates"":[]}"
20130327,2013-03-27,94696.88681276841,"{""type"":""MultiPoint"",""coordinates"":[]}"
20130328,2013-03-28,94736.83277240381,"{""type"":""MultiPoint"",""coordinates"":[]}"
20130329,2013-03-29,94704.08908678073,"{""type"":""MultiPoint"",""coordinates"":[]}"
20130330,2013-03-30,94635.67787092991,"{""type"":""MultiPoint"",""coordinates"":[]}"
20130331,2013-03-31,94697.7503395865,"{""type"":""MultiPoint"",""coordinates"":[]}"
20130401,2013-04-01,94740.91323623944,"{""type"":""MultiPoint"",""coordinates"":[]}"
20130402,2013-04-02,94790.11411117282,"{""type"":""MultiPoint"",""coordinates"":[]}"
20130403,2013-04-03,94766.85750022702,"{""type"":""MultiPoint"",""coordinates"":[]}"
20130404,2013-04-04,94624.61438865702,"{""type"":""MultiPoint"",""coordinates"":[]}"
20130405,2013-04-05,94570.55815972452,"{""type"":""MultiPoint"",""coordinates"":[]}"
20130406,2013-04-06,94526.06550732069,"{""type"":""MultiPoint"",""coordinates"":[]}"
20130407,2013-04-07,94535.36953482681,"{""type"":""MultiPoint"",""coordinates"":[]}"
20130408,2013-04-08,94626.1523226444,"{""type"":""MultiPoint"",""coordinates"":[]}"
20130409,2013-04-09,94690.77527998397,"{""type"":""MultiPoint"",""coordinates"":[]}"
20130410,2013-04-10,94668.06709052325,"{""type"":""MultiPoint"",""coordinates"":[]}"
20130411,2013-04-11,94652.24191759138,"{""type"":""MultiPoint"",""coordinates"":[]}"
20130412,2013-04-12,94755.34074255721,"{""type"":""MultiPoint"",""coordinates"":[]}"
20130413,2013-04-13,94844.61259821786,"{""type"":""MultiPoint"",""coordinates"":[]}"
20130414,2013-04-14,94818.16065046546,"{""type"":""MultiPoint"",""coordinates"":[]}"
20130415,2013-04-15,94603.09844388033,"{""type"":""MultiPoint"",""coordinates"":[]}"
20130416,2013-04-16,94447.82753469102,"{""type"":""MultiPoint"",""coordinates"":[]}"
20130417,2013-04-17,94343.9661530223,"{""type"":""MultiPoint"",""coordinates"":[]}"
20130418,2013-04-18,94400.56547519448,"{""type"":""MultiPoint"",""coordinates"":[]}"
20130419,2013-04-19,94415.7494044757,"{""type"":""MultiPoint"",""coordinates"":[]}"
20130420,2013-04-20,94490.22092593295,"{""type"":""MultiPoint"",""coordinates"":[]}"
20130421,2013-04-21,94570.43787304897,"{""type"":""MultiPoint"",""coordinates"":[]}"
20130422,2013-04-22,94727.28821543926,"{""type"":""MultiPoint"",""coordinates"":[]}"
20130423,2013-04-23,94920.83405819663,"{""type"":""MultiPoint"",""coordinates"":[]}"
20130424,2013-04-24,94947.38926909489,"{""type"":""MultiPoint"",""coordinates"":[]}"
20130425,2013-04-25,94937.84070604312,"{""type"":""MultiPoint"",""coordinates"":[]}"
20130426,2013-04-26,94881.99904086029,"{""type"":""MultiPoint"",""coordinates"":[]}"
20130427,2013-04-27,94744.197379596,"{""type"":""MultiPoint"",""coordinates"":[]}"
20130428,2013-04-28,94574.77670636708,"{""type"":""MultiPoint"",""coordinates"":[]}"
20130429,2013-04-29,94579.42123221888,"{""type"":""MultiPoint"",""coordinates"":[]}"
20130430,2013-04-30,94616.60149970575,"{""type"":""MultiPoint"",""coordinates"":[]}"
20130501,2013-05-01,94460.42067971916,"{""type"":""MultiPoint"",""coordinates"":[]}"
20130502,2013-05-02,94303.5408601688,"{""type"":""MultiPoint"",""coordinates"":[]}"
20130503,2013-05-03,94205.19870792546,"{""type"":""MultiPoint"",""coordinates"":[]}"
20130504,2013-05-04,94244.81817451205,"{""type"":""MultiPoint"",""coordinates"":[]}"
20130505,2013-05-05,94408.76493644729,"{""type"":""MultiPoint"",""coordinates"":[]}"
20130506,2013-05-06,94429.81361945838,"{""type"":""MultiPoint"",""coordinates"":[]}"
20130507,2013-05-07,94455.61509717585,"{""type"":""MultiPoint"",""coordinates"":[]}"
20130508,2013-05-08,94455.53957023214,"{""type"":""MultiPoint"",""coordinates"":[]}"
20130509,2013-05-09,94417.34875062891,"{""type"":""MultiPoint"",""coordinates"":[]}"
20130510,2013-05-10,94371.45214794231,"{""type"":""MultiPoint"",""coordinates"":[]}"
20130511,2013-05-11,94218.07964673094,"{""type"":""MultiPoint"",""coordinates"":[]}"
20130512,2013-05-12,94337.28620837035,"{""type"":""MultiPoint"",""coordinates"":[]}"
20130513,2013-05-13,94261.50386100735,"{""type"":""MultiPoint"",""coordinates"":[]}"
20130514,2013-05-14,94127.86913383627,"{""type"":""MultiPoint"",""coordinates"":[]}"
20130515,2013-05-15,94155.41634767003,"{""type"":""MultiPoint"",""coordinates"":[]}"
20130516,2013-05-16,94284.23852603823,"{""type"":""MultiPoint"",""coordinates"":[]}"
20130517,2013-05-17,94450.41209783209,"{""type"":""MultiPoint"",""coordinates"":[]}"
20130518,2013-05-18,94409.2560282528,"{""type"":""MultiPoint"",""coordinates"":[]}"
20130519,2013-05-19,94397.26477247299,"{""type"":""MultiPoint"",""coordinates"":[]}"
20130520,2013-05-20,94393.90954948093,"{""type"":""MultiPoint"",""coordinates"":[]}"
20130521,2013-05-21,94388.5585889688,"{""type"":""MultiPoint"",""coordinates"":[]}"
20130522,2013-05-22,94297.05715707845,"{""type"":""MultiPoint"",""coordinates"":[]}"
20130523,2013-05-23,94260.16744796284,"{""type"":""MultiPoint"",""coordinates"":[]}"
20130524,2013-05-24,94256.77309125342,"{""type"":""MultiPoint"",""coordinates"":[]}"
20130525,2013-05-25,94303.6784868886,"{""type"":""MultiPoint"",""coordinates"":[]}"
20130526,2013-05-26,94317.13488712396,"{""type"":""MultiPoint"",""coordinates"":[]}"
20130527,2013-05-27,94428.81847416643,"{""type"":""MultiPoint"",""coordinates"":[]}"
20130528,2013-05-28,94360.51041262466,"{""type"":""MultiPoint"",""coordinates"":[]}"
20130529,2013-05-29,94314.39414305704,"{""type"":""MultiPoint"",""coordinates"":[]}"
20130530,2013-05-30,94246.36514500216,"{""type"":""MultiPoint"",""coordinates"":[]}"
20130531,2013-05-31,94193.66904637057,"{""type"":""MultiPoint"",""coordinates"":[]}"
20130601,2013-06-01,94262.1687907041,"{""type"":""MultiPoint"",""coordinates"":[]}"
20130602,2013-06-02,94229.97615694522,"{""type"":""MultiPoint"",""coordinates"":[]}"
20130603,2013-06-03,94225.00697009853,"{""type"":""MultiPoint"",""coordinates"":[]}"
20130604,2013-06-04,94349.46633706448,"{""type"":""MultiPoint"",""coordinates"":[]}"
20130605,2013-06-05,94337.41950738845,"{""type"":""MultiPoint"",""coordinates"":[]}"
20130606,2013-06-06,94233.63557801636,"{""type"":""MultiPoint"",""coordinates"":[]}"
20130607,2013-06-07,94194.03031069088,"{""type"":""MultiPoint"",""coordinates"":[]}"
20130608,2013-06-08,94230.43116575836,"{""type"":""MultiPoint"",""coordinates"":[]}"
20130609,2013-06-09,94296.20613967229,"{""type"":""MultiPoint"",""coordinates"":[]}"
20130610,2013-06-10,94294.63011953695,"{""type"":""MultiPoint"",""coordinates"":[]}"
20130611,2013-06-11,94165.16174144669,"{""type"":""MultiPoint"",""coordinates"":[]}"
20130612,2013-06-12,94047.18791662982,"{""type"":""MultiPoint"",""coordinates"":[]}"
20130613,2013-06-13,93879.27763993219,"{""type"":""MultiPoint"",""coordinates"":[]}"
20130614,2013-06-14,93803.76717553385,"{""type"":""MultiPoint"",""coordinates"":[]}"
20130615,2013-06-15,93930.26017232602,"{""type"":""MultiPoint"",""coordinates"":[]}"
20130616,2013-06-16,94109.12062643163,"{""type"":""MultiPoint"",""coordinates"":[]}"
20130617,2013-06-17,94150.05591715191,"{""type"":""MultiPoint"",""coordinates"":[]}"
20130618,2013-06-18,94138.8517007436,"{""type"":""MultiPoint"",""coordinates"":[]}"
20130619,2013-06-19,94261.27455501194,"{""type"":""MultiPoint"",""coordinates"":[]}"
20130620,2013-06-20,94318.55094672996,"{""type"":""MultiPoint"",""coordinates"":[]}"
20130621,2013-06-21,94308.05908452693,"{""type"":""MultiPoint"",""coordinates"":[]}"
20130622,2013-06-22,94279.26765176364,"{""type"":""MultiPoint"",""coordinates"":[]}"
20130623,2013-06-23,94133.59239722819,"{""type"":""MultiPoint"",""coordinates"":[]}"
20130624,2013-06-24,94080.1776932423,"{""type"":""MultiPoint"",""coordinates"":[]}"
20130625,2013-06-25,94292.98775408097,"{""type"":""MultiPoint"",""coordinates"":[]}"
20130626,2013-06-26,94447.28430074574,"{""type"":""MultiPoint"",""coordinates"":[]}"
20130627,2013-06-27,94466.73473818786,"{""type"":""MultiPoint"",""coordinates"":[]}"
20130628,2013-06-28,94478.8774329153,"{""type"":""MultiPoint"",""coordinates"":[]}"
20130629,2013-06-29,94534.64960960684,"{""type"":""MultiPoint"",""coordinates"":[]}"
20130630,2013-06-30,94496.87462815164,"{""type"":""MultiPoint"",""coordinates"":[]}"
20130701,2013-07-01,94287.174854006,"{""type"":""MultiPoint"",""coordinates"":[]}"
20130702,2013-07-02,94126.27516554504,"{""type"":""MultiPoint"",""coordinates"":[]}"
20130703,2013-07-03,94152.94864811539,"{""type"":""MultiPoint"",""coordinates"":[]}"
20130704,2013-07-04,94203.97941886088,"{""type"":""MultiPoint"",""coordinates"":[]}"
20130705,2013-07-05,94285.81526104048,"{""type"":""MultiPoint"",""coordinates"":[]}"
20130706,2013-07-06,94393.70956552855,"{""type"":""MultiPoint"",""coordinates"":[]}"
20130707,2013-07-07,94368.18782586,"{""type"":""MultiPoint"",""coordinates"":[]}"
20130708,2013-07-08,94284.033747839,"{""type"":""MultiPoint"",""coordinates"":[]}"
20130709,2013-07-09,94225.82459828234,"{""type"":""MultiPoint"",""coordinates"":[]}"
20130710,2013-07-10,94152.48474528178,"{""type"":""MultiPoint"",""coordinates"":[]}"
20130711,2013-07-11,94146.85194028953,"{""type"":""MultiPoint"",""coordinates"":[]}"
20130712,2013-07-12,94169.09613122992,"{""type"":""MultiPoint"",""coordinates"":[]}"
20130713,2013-07-13,94309.60600489847,"{""type"":""MultiPoint"",""coordinates"":[]}"
20130714,2013-07-14,94290.7214816881,"{""type"":""MultiPoint"",""coordinates"":[]}"
20130715,2013-07-15,94246.34905897084,"{""type"":""MultiPoint"",""coordinates"":[]}"
20130716,2013-07-16,94207.16859186356,"{""type"":""MultiPoint"",""coordinates"":[]}"
20130717,2013-07-17,94217.24580277651,"{""type"":""MultiPoint"",""coordinates"":[]}"
20130718,2013-07-18,94118.90776267694,"{""type"":""MultiPoint"",""coordinates"":[]}"
20130719,2013-07-19,94035.79780131495,"{""type"":""MultiPoint"",""coordinates"":[]}"
20130720,2013-07-20,94242.21145719534,"{""type"":""MultiPoint"",""coordinates"":[]}"
20130721,2013-07-21,94077.43417623272,"{""type"":""MultiPoint"",""coordinates"":[]}"
20130722,2013-07-22,93957.16746090271,"{""type"":""MultiPoint"",""coordinates"":[]}"
20130723,2013-07-23,93914.64153165401,"{""type"":""MultiPoint"",""coordinates"":[]}"
20130724,2013-07-24,94068.95538041748,"{""type"":""MultiPoint"",""coordinates"":[]}"
20130725,2013-07-25,94109.37266391082,"{""type"":""MultiPoint"",""coordinates"":[]}"
20130726,2013-07-26,94169.0784159803,"{""type"":""MultiPoint"",""coordinates"":[]}"
20130727,2013-07-27,94416.87647073722,"{""type"":""MultiPoint"",""coordinates"":[]}"
20130728,2013-07-28,94575.1046642662,"{""type"":""MultiPoint"",""coordinates"":[]}"
20130729,2013-07-29,94439.88632968198,"{""type"":""MultiPoint"",""coordinates"":[]}"
20130730,2013-07-30,94154.32578919591,"{""type"":""MultiPoint"",""coordinates"":[]}"
20130731,2013-07-31,93981.40386135063,"{""type"":""MultiPoint"",""coordinates"":[]}"
20130801,2013-08-01,94006.72207131889,"{""type"":""MultiPoint"",""coordinates"":[]}"
20130802,2013-08-02,94275.4773285299,"{""type"":""MultiPoint"",""coordinates"":[]}"
20130803,2013-08-03,94433.45816037976,"{""type"":""MultiPoint"",""coordinates"":[]}"
20130804,2013-08-04,94384.31969062776,"{""type"":""MultiPoint"",""coordinates"":[]}"
20130805,2013-08-05,94387.03240460958,"{""type"":""MultiPoint"",""coordinates"":[]}"
20130806,2013-08-06,94462.08475315165,"{""type"":""MultiPoint"",""coordinates"":[]}"
20130807,2013-08-07,94532.15286647675,"{""type"":""MultiPoint"",""coordinates"":[]}"
20130808,2013-08-08,94526.25810158136,"{""type"":""MultiPoint"",""coordinates"":[]}"
20130809,2013-08-09,94522.12464408232,"{""type"":""MultiPoint"",""coordinates"":[]}"
20130810,2013-08-10,94531.18504102842,"{""type"":""MultiPoint"",""coordinates"":[]}"
20130811,2013-08-11,94536.44978503736,"{""type"":""MultiPoint"",""coordinates"":[]}"
20130812,2013-08-12,94426.82417324287,"{""type"":""MultiPoint"",""coordinates"":[]}"
20130813,2013-08-13,94301.89841611654,"{""type"":""MultiPoint"",""coordinates"":[]}"
20130814,2013-08-14,94366.81142230488,"{""type"":""MultiPoint"",""coordinates"":[]}"
20130815,2013-08-15,94413.699309296,"{""type"":""MultiPoint"",""coordinates"":[]}"
20130816,2013-08-16,94367.84801548395,"{""type"":""MultiPoint"",""coordinates"":[]}"
20130817,2013-08-17,94416.88475039256,"{""type"":""MultiPoint"",""coordinates"":[]}"
20130818,2013-08-18,94424.15180109753,"{""type"":""MultiPoint"",""coordinates"":[]}"
20130819,2013-08-19,94415.39585658869,"{""type"":""MultiPoint"",""coordinates"":[]}"
20130820,2013-08-20,94332.35993529228,"{""type"":""MultiPoint"",""coordinates"":[]}"
20130821,2013-08-21,94299.51855945522,"{""type"":""MultiPoint"",""coordinates"":[]}"
20130822,2013-08-22,94301.74587355315,"{""type"":""MultiPoint"",""coordinates"":[]}"
20130823,2013-08-23,94359.87570082815,"{""type"":""MultiPoint"",""coordinates"":[]}"
20130824,2013-08-24,94402.71848028118,"{""type"":""MultiPoint"",""coordinates"":[]}"
20130825,2013-08-25,94419.44715703884,"{""type"":""MultiPoint"",""coordinates"":[]}"
20130826,2013-08-26,94438.61229566066,"{""type"":""MultiPoint"",""coordinates"":[]}"
20130827,2013-08-27,94530.70095854842,"{""type"":""MultiPoint"",""coordinates"":[]}"
20130828,2013-08-28,94683.75603097904,"{""type"":""MultiPoint"",""coordinates"":[]}"
20130829,2013-08-29,94755.5986554914,"{""type"":""MultiPoint"",""coordinates"":[]}"
20130830,2013-08-30,94684.66254811399,"{""type"":""MultiPoint"",""coordinates"":[]}"
20130831,2013-08-31,94650.73035224943,"{""type"":""MultiPoint"",""coordinates"":[]}"
20130901,2013-09-01,94681.62243736612,"{""type"":""MultiPoint"",""coordinates"":[]}"
20130902,2013-09-02,94735.35821577886,"{""type"":""MultiPoint"",""coordinates"":[]}"
20130903,2013-09-03,94704.68914045609,"{""type"":""MultiPoint"",""coordinates"":[]}"
20130904,2013-09-04,94719.36519975319,"{""type"":""MultiPoint"",""coordinates"":[]}"
20130905,2013-09-05,94693.18319029083,"{""type"":""MultiPoint"",""coordinates"":[]}"
20130906,2013-09-06,94707.96073000568,"{""type"":""MultiPoint"",""coordinates"":[]}"
20130907,2013-09-07,94682.1608956538,"{""type"":""MultiPoint"",""coordinates"":[]}"
20130908,2013-09-08,94663.20124155287,"{""type"":""MultiPoint"",""coordinates"":[]}"
20130909,2013-09-09,94635.63644843448,"{""type"":""MultiPoint"",""coordinates"":[]}"
20130910,2013-09-10,94507.13314694587,"{""type"":""MultiPoint"",""coordinates"":[]}"
20130911,2013-09-11,94549.75478990648,"{""type"":""MultiPoint"",""coordinates"":[]}"
20130912,2013-09-12,94673.22011981462,"{""type"":""MultiPoint"",""coordinates"":[]}"
20130913,2013-09-13,94673.8064777628,"{""type"":""MultiPoint"",""coordinates"":[]}"
20130914,2013-09-14,94504.25836256519,"{""type"":""MultiPoint"",""coordinates"":[]}"
20130915,2013-09-15,94302.08576464799,"{""type"":""MultiPoint"",""coordinates"":[]}"
20130916,2013-09-16,94288.89605232976,"{""type"":""MultiPoint"",""coordinates"":[]}"
20130917,2013-09-17,94221.06144308484,"{""type"":""MultiPoint"",""coordinates"":[]}"
20130918,2013-09-18,94191.26170453502,"{""type"":""MultiPoint"",""coordinates"":[]}"
20130919,2013-09-19,94083.81041396211,"{""type"":""MultiPoint"",""coordinates"":[]}"
20130920,2013-09-20,94011.79674256855,"{""type"":""MultiPoint"",""coordinates"":[]}"
20130921,2013-09-21,94178.42577579746,"{""type"":""MultiPoint"",""coordinates"":[]}"
20130922,2013-09-22,94325.43530784467,"{""type"":""MultiPoint"",""coordinates"":[]}"
20130923,2013-09-23,94413.25610539073,"{""type"":""MultiPoint"",""coordinates"":[]}"
20130924,2013-09-24,94561.51795176386,"{""type"":""MultiPoint"",""coordinates"":[]}"
20130925,2013-09-25,94746.10877716963,"{""type"":""MultiPoint"",""coordinates"":[]}"
20130926,2013-09-26,94881.23671781678,"{""type"":""MultiPoint"",""coordinates"":[]}"
20130927,2013-09-27,94853.51016525223,"{""type"":""MultiPoint"",""coordinates"":[]}"
20130928,2013-09-28,94725.47840088763,"{""type"":""MultiPoint"",""coordinates"":[]}"
20130929,2013-09-29,94513.87357665521,"{""type"":""MultiPoint"",""coordinates"":[]}"
20130930,2013-09-30,94401.47143757807,"{""type"":""MultiPoint"",""coordinates"":[]}"
20131001,2013-10-01,94465.90801254485,"{""type"":""MultiPoint"",""coordinates"":[]}"
20131002,2013-10-02,94554.23127633308,"{""type"":""MultiPoint"",""coordinates"":[]}"
20131003,2013-10-03,94602.22174621862,"{""type"":""MultiPoint"",""coordinates"":[]}"
20131004,2013-10-04,94709.35162319866,"{""type"":""MultiPoint"",""coordinates"":[]}"
20131005,2013-10-05,94662.84819259515,"{""type"":""MultiPoint"",""coordinates"":[]}"
20131006,2013-10-06,94674.85651058222,"{""type"":""MultiPoint"",""coordinates"":[]}"
20131007,2013-10-07,94798.51677144393,"{""type"":""MultiPoint"",""coordinates"":[]}"
20131008,2013-10-08,94796.15199757126,"{""type"":""MultiPoint"",""coordinates"":[]}"
20131009,2013-10-09,94769.65426003549,"{""type"":""MultiPoint"",""coordinates"":[]}"
20131010,2013-10-10,94824.53014809989,"{""type"":""MultiPoint"",""coordinates"":[]}"
20131011,2013-10-11,94707.89072789621,"{""type"":""MultiPoint"",""coordinates"":[]}"
20131012,2013-10-12,94422.98032579287,"{""type"":""MultiPoint"",""coordinates"":[]}"
20131013,2013-10-13,94487.4229444957,"{""type"":""MultiPoint"",""coordinates"":[]}"
20131014,2013-10-14,94729.25403026506,"{""type"":""MultiPoint"",""coordinates"":[]}"
20131015,2013-10-15,94865.69919195444,"{""type"":""MultiPoint"",""coordinates"":[]}"
20131016,2013-10-16,94851.5636125612,"{""type"":""MultiPoint"",""coordinates"":[]}"
20131017,2013-10-17,94926.96988386339,"{""type"":""MultiPoint"",""coordinates"":[]}"
20131018,2013-10-18,94982.6206260045,"{""type"":""MultiPoint"",""coordinates"":[]}"
20131019,2013-10-19,95004.0467943761,"{""type"":""MultiPoint"",""coordinates"":[]}"
20131020,2013-10-20,94854.19929041501,"{""type"":""MultiPoint"",""coordinates"":[]}"
20131021,2013-10-21,94691.03112443857,"{""type"":""MultiPoint"",""coordinates"":[]}"
20131022,2013-10-22,94678.99732825783,"{""type"":""MultiPoint"",""coordinates"":[]}"
20131023,2013-10-23,94666.2263878238,"{""type"":""MultiPoint"",""coordinates"":[]}"
20131024,2013-10-24,94546.95950913639,"{""type"":""MultiPoint"",""coordinates"":[]}"
20131025,2013-10-25,94457.45719316266,"{""type"":""MultiPoint"",""coordinates"":[]}"
20131026,2013-10-26,94580.59384012545,"{""type"":""MultiPoint"",""coordinates"":[]}"
20131027,2013-10-27,94820.78331386765,"{""type"":""MultiPoint"",""coordinates"":[]}"
20131028,2013-10-28,94981.21071718771,"{""type"":""MultiPoint"",""coordinates"":[]}"
20131029,2013-10-29,95144.44178595883,"{""type"":""MultiPoint"",""coordinates"":[]}"
20131030,2013-10-30,95219.21430679456,"{""type"":""MultiPoint"",""coordinates"":[]}"
20131031,2013-10-31,95227.25631978255,"{""type"":""MultiPoint"",""coordinates"":[]}"
20131101,2013-11-01,95208.79938054329,"{""type"":""MultiPoint"",""coordinates"":[]}"
20131102,2013-11-02,95209.85029035909,"{""type"":""MultiPoint"",""coordinates"":[]}"
20131103,2013-11-03,95276.33621001981,"{""type"":""MultiPoint"",""coordinates"":[]}"
20131104,2013-11-04,95395.1238837832,"{""type"":""MultiPoint"",""coordinates"":[]}"
20131105,2013-11-05,95366.10667899194,"{""type"":""MultiPoint"",""coordinates"":[]}"
20131106,2013-11-06,95329.55284737605,"{""type"":""MultiPoint"",""coordinates"":[]}"
20131107,2013-11-07,95221.9420385734,"{""type"":""MultiPoint"",""coordinates"":[]}"
20131108,2013-11-08,95124.92188700421,"{""type"":""MultiPoint"",""coordinates"":[]}"
20131109,2013-11-09,95109.81807972738,"{""type"":""MultiPoint"",""coordinates"":[]}"
20131110,2013-11-10,95138.80237676883,"{""type"":""MultiPoint"",""coordinates"":[]}"
20131111,2013-11-11,95004.08215623471,"{""type"":""MultiPoint"",""coordinates"":[]}"
20131112,2013-11-12,95057.94651252149,"{""type"":""MultiPoint"",""coordinates"":[]}"
20131113,2013-11-13,95091.95419747301,"{""type"":""MultiPoint"",""coordinates"":[]}"
20131114,2013-11-14,95122.20284291092,"{""type"":""MultiPoint"",""coordinates"":[]}"
20131115,2013-11-15,95154.89539625603,"{""type"":""MultiPoint"",""coordinates"":[]}"
20131116,2013-11-16,95220.0495945753,"{""type"":""MultiPoint"",""coordinates"":[]}"
20131117,2013-11-17,95220.46693387744,"{""type"":""MultiPoint"",""coordinates"":[]}"
20131118,2013-11-18,95238.1372172246,"{""type"":""MultiPoint"",""coordinates"":[]}"
20131119,2013-11-19,95145.70597194067,"{""type"":""MultiPoint"",""coordinates"":[]}"
20131120,2013-11-20,94919.84228799799,"{""type"":""MultiPoint"",""coordinates"":[]}"
20131121,2013-11-21,94815.0913773696,"{""type"":""MultiPoint"",""coordinates"":[]}"
20131122,2013-11-22,94893.22950739933,"{""type"":""MultiPoint"",""coordinates"":[]}"
20131123,2013-11-23,95022.49029711497,"{""type"":""MultiPoint"",""coordinates"":[]}"
20131124,2013-11-24,95164.51338109803,"{""type"":""MultiPoint"",""coordinates"":[]}"
20131125,2013-11-25,95014.79181817583,"{""type"":""MultiPoint"",""coordinates"":[]}"
20131126,2013-11-26,94941.83022072927,"{""type"":""MultiPoint"",""coordinates"":[]}"
20131127,2013-11-27,95039.2980127157,"{""type"":""MultiPoint"",""coordinates"":[]}"
20131128,2013-11-28,95138.72603060392,"{""type"":""MultiPoint"",""coordinates"":[]}"
20131129,2013-11-29,95196.16250341406,"{""type"":""MultiPoint"",""coordinates"":[]}"
20131130,2013-11-30,95225.15831329806,"{""type"":""MultiPoint"",""coordinates"":[]}"
20131201,2013-12-01,95248.17209241634,"{""type"":""MultiPoint"",""coordinates"":[]}"
20131202,2013-12-02,95224.35887284284,"{""type"":""MultiPoint"",""coordinates"":[]}"
20131203,2013-12-03,95167.32707454111,"{""type"":""MultiPoint"",""coordinates"":[]}"
20131204,2013-12-04,95172.43660065022,"{""type"":""MultiPoint"",""coordinates"":[]}"
20131205,2013-12-05,95084.35733159339,"{""type"":""MultiPoint"",""coordinates"":[]}"
20131206,2013-12-06,95002.90368961787,"{""type"":""MultiPoint"",""coordinates"":[]}"
20131207,2013-12-07,95022.76596846596,"{""type"":""MultiPoint"",""coordinates"":[]}"
20131208,2013-12-08,94951.0984141484,"{""type"":""MultiPoint"",""coordinates"":[]}"
20131209,2013-12-09,94847.79882857253,"{""type"":""MultiPoint"",""coordinates"":[]}"
20131210,2013-12-10,94856.62366542428,"{""type"":""MultiPoint"",""coordinates"":[]}"
20131211,2013-12-11,94970.45433773773,"{""type"":""MultiPoint"",""coordinates"":[]}"
20131212,2013-12-12,95026.23821307773,"{""type"":""MultiPoint"",""coordinates"":[]}"
20131213,2013-12-13,95113.68754261789,"{""type"":""MultiPoint"",""coordinates"":[]}"
20131214,2013-12-14,95122.2846980536,"{""type"":""MultiPoint"",""coordinates"":[]}"
20131215,2013-12-15,95173.89291320837,"{""type"":""MultiPoint"",""coordinates"":[]}"
20131216,2013-12-16,95237.63492181366,"{""type"":""MultiPoint"",""coordinates"":[]}"
20131217,2013-12-17,95137.05767907288,"{""type"":""MultiPoint"",""coordinates"":[]}"
20131218,2013-12-18,95074.1834550793,"{""type"":""MultiPoint"",""coordinates"":[]}"
20131219,2013-12-19,95101.65932578455,"{""type"":""MultiPoint"",""coordinates"":[]}"
20131220,2013-12-20,95190.93672811711,"{""type"":""MultiPoint"",""coordinates"":[]}"
20131221,2013-12-21,95270.88983608775,"{""type"":""MultiPoint"",""coordinates"":[]}"
20131222,2013-12-22,95357.84849663058,"{""type"":""MultiPoint"",""coordinates"":[]}"
20131223,2013-12-23,95508.98066978782,"{""type"":""MultiPoint"",""coordinates"":[]}"
20131224,2013-12-24,95514.47954071932,"{""type"":""MultiPoint"",""coordinates"":[]}"
20131225,2013-12-25,95516.21876324524,"{""type"":""MultiPoint"",""coordinates"":[]}"
20131226,2013-12-26,95387.91922594355,"{""type"":""MultiPoint"",""coordinates"":[]}"
20131227,2013-12-27,95325.4557802552,"{""type"":""MultiPoint"",""coordinates"":[]}"
20131228,2013-12-28,95270.27074966421,"{""type"":""MultiPoint"",""coordinates"":[]}"
20131229,2013-12-29,95242.58174210075,"{""type"":""MultiPoint"",""coordinates"":[]}"
20131230,2013-12-30,95323.294921434,"{""type"":""MultiPoint"",""coordinates"":[]}"
20131231,2013-12-31,95397.23726777325,"{""type"":""MultiPoint"",""coordinates"":[]}"
20140101,2014-01-01,95376.29820384514,"{""type"":""MultiPoint"",""coordinates"":[]}"
20140102,2014-01-02,95399.74301441832,"{""type"":""MultiPoint"",""coordinates"":[]}"
20140103,2014-01-03,95369.60341587587,"{""type"":""MultiPoint"",""coordinates"":[]}"
20140104,2014-01-04,95213.93085982405,"{""type"":""MultiPoint"",""coordinates"":[]}"
20140105,2014-01-05,95022.4117785168,"{""type"":""MultiPoint"",""coordinates"":[]}"
20140106,2014-01-06,95076.99199739471,"{""type"":""MultiPoint"",""coordinates"":[]}"
20140107,2014-01-07,95234.91909707934,"{""type"":""MultiPoint"",""coordinates"":[]}"
20140108,2014-01-08,95300.51117133,"{""type"":""MultiPoint"",""coordinates"":[]}"
20140109,2014-01-09,95222.40581213588,"{""type"":""MultiPoint"",""coordinates"":[]}"
20140110,2014-01-10,95188.28716280327,"{""type"":""MultiPoint"",""coordinates"":[]}"
20140111,2014-01-11,95261.17925079558,"{""type"":""MultiPoint"",""coordinates"":[]}"
20140112,2014-01-12,95388.16854430152,"{""type"":""MultiPoint"",""coordinates"":[]}"
20140113,2014-01-13,95373.0315635099,"{""type"":""MultiPoint"",""coordinates"":[]}"
20140114,2014-01-14,95306.8378672544,"{""type"":""MultiPoint"",""coordinates"":[]}"
20140115,2014-01-15,95334.30252666374,"{""type"":""MultiPoint"",""coordinates"":[]}"
20140116,2014-01-16,95361.7103896934,"{""type"":""MultiPoint"",""coordinates"":[]}"
20140117,2014-01-17,95291.03376880873,"{""type"":""MultiPoint"",""coordinates"":[]}"
20140118,2014-01-18,95399.32243950106,"{""type"":""MultiPoint"",""coordinates"":[]}"
20140119,2014-01-19,95566.72291789138,"{""type"":""MultiPoint"",""coordinates"":[]}"
20140120,2014-01-20,95588.55286024838,"{""type"":""MultiPoint"",""coordinates"":[]}"
20140121,2014-01-21,95484.49194210129,"{""type"":""MultiPoint"",""coordinates"":[]}"
20140122,2014-01-22,95403.20718104996,"{""type"":""MultiPoint"",""coordinates"":[]}"
20140123,2014-01-23,95378.33816670529,"{""type"":""MultiPoint"",""coordinates"":[]}"
20140124,2014-01-24,95254.13113152185,"{""type"":""MultiPoint"",""coordinates"":[]}"
20140125,2014-01-25,95253.8800204389,"{""type"":""MultiPoint"",""coordinates"":[]}"
20140126,2014-01-26,95313.24222176244,"{""type"":""MultiPoint"",""coordinates"":[]}"
20140127,2014-01-27,95331.83459623717,"{""type"":""MultiPoint"",""coordinates"":[]}"
20140128,2014-01-28,95291.5006528457,"{""type"":""MultiPoint"",""coordinates"":[]}"
20140129,2014-01-29,95319.97046876735,"{""type"":""MultiPoint"",""coordinates"":[]}"
20140130,2014-01-30,95342.47575296379,"{""type"":""MultiPoint"",""coordinates"":[]}"
20140131,2014-01-31,95340.2559176186,"{""type"":""MultiPoint"",""coordinates"":[]}"
20140201,2014-02-01,95351.04840075944,"{""type"":""MultiPoint"",""coordinates"":[]}"
20140202,2014-02-02,95228.01596833022,"{""type"":""MultiPoint"",""coordinates"":[]}"
20140203,2014-02-03,95043.72567284163,"{""type"":""MultiPoint"",""coordinates"":[]}"
20140204,2014-02-04,94884.717260748,"{""type"":""MultiPoint"",""coordinates"":[]}"
20140205,2014-02-05,94883.85865641673,"{""type"":""MultiPoint"",""coordinates"":[]}"
20140206,2014-02-06,94912.73611118335,"{""type"":""MultiPoint"",""coordinates"":[]}"
20140207,2014-02-07,94889.4312724321,"{""type"":""MultiPoint"",""coordinates"":[]}"
20140208,2014-02-08,94779.38820177621,"{""type"":""MultiPoint"",""coordinates"":[]}"
20140209,2014-02-09,94732.73580280083,"{""type"":""MultiPoint"",""coordinates"":[]}"
20140210,2014-02-10,94748.38811750356,"{""type"":""MultiPoint"",""coordinates"":[]}"
20140211,2014-02-11,94702.84222649902,"{""type"":""MultiPoint"",""coordinates"":[]}"
20140212,2014-02-12,94742.7489462655,"{""type"":""MultiPoint"",""coordinates"":[]}"
20140213,2014-02-13,94940.82472797402,"{""type"":""MultiPoint"",""coordinates"":[]}"
20140214,2014-02-14,94930.58668944394,"{""type"":""MultiPoint"",""coordinates"":[]}"
20140215,2014-02-15,94796.72509946716,"{""type"":""MultiPoint"",""coordinates"":[]}"
20140216,2014-02-16,94973.66862708218,"{""type"":""MultiPoint"",""coordinates"":[]}"
20140217,2014-02-17,95285.1239756518,"{""type"":""MultiPoint"",""coordinates"":[]}"
20140218,2014-02-18,95366.06579687008,"{""type"":""MultiPoint"",""coordinates"":[]}"
20140219,2014-02-19,95193.35190222235,"{""type"":""MultiPoint"",""coordinates"":[]}"
20140220,2014-02-20,95109.87033878818,"{""type"":""MultiPoint"",""coordinates"":[]}"
20140221,2014-02-21,95160.50442342245,"{""type"":""MultiPoint"",""coordinates"":[]}"
20140222,2014-02-22,95149.3380218359,"{""type"":""MultiPoint"",""coordinates"":[]}"
20140223,2014-02-23,95224.67407377453,"{""type"":""MultiPoint"",""coordinates"":[]}"
20140224,2014-02-24,95312.38992666767,"{""type"":""MultiPoint"",""coordinates"":[]}"
20140225,2014-02-25,95313.69362834784,"{""type"":""MultiPoint"",""coordinates"":[]}"
20140226,2014-02-26,95156.51710731414,"{""type"":""MultiPoint"",""coordinates"":[]}"
20140227,2014-02-27,95092.32473817402,"{""type"":""MultiPoint"",""coordinates"":[]}"
20140228,2014-02-28,95047.40521237277,"{""type"":""MultiPoint"",""coordinates"":[]}"
20140301,2014-03-01,95052.27776756864,"{""type"":""MultiPoint"",""coordinates"":[]}"
20140302,2014-03-02,95080.95680761483,"{""type"":""MultiPoint"",""coordinates"":[]}"
20140303,2014-03-03,95119.61302304012,"{""type"":""MultiPoint"",""coordinates"":[]}"
20140304,2014-03-04,95255.12958324622,"{""type"":""MultiPoint"",""coordinates"":[]}"
20140305,2014-03-05,95190.52897951286,"{""type"":""MultiPoint"",""coordinates"":[]}"
20140306,2014-03-06,95180.91270748344,"{""type"":""MultiPoint"",""coordinates"":[]}"
20140307,2014-03-07,95245.18933309104,"{""type"":""MultiPoint"",""coordinates"":[]}"
20140308,2014-03-08,95309.93755949131,"{""type"":""MultiPoint"",""coordinates"":[]}"
20140309,2014-03-09,95246.07319109215,"{""type"":""MultiPoint"",""coordinates"":[]}"
20140310,2014-03-10,95223.80917096314,"{""type"":""MultiPoint"",""coordinates"":[]}"
20140311,2014-03-11,95226.0859570049,"{""type"":""MultiPoint"",""coordinates"":[]}"
20140312,2014-03-12,95265.51123140461,"{""type"":""MultiPoint"",""coordinates"":[]}"
20140313,2014-03-13,95229.7974253225,"{""type"":""MultiPoint"",""coordinates"":[]}"
20140314,2014-03-14,95207.74382808487,"{""type"":""MultiPoint"",""coordinates"":[]}"
20140315,2014-03-15,95353.99682551737,"{""type"":""MultiPoint"",""coordinates"":[]}"
20140316,2014-03-16,95360.39222304837,"{""type"":""MultiPoint"",""coordinates"":[]}"
20140317,2014-03-17,95249.42339299401,"{""type"":""MultiPoint"",""coordinates"":[]}"
20140318,2014-03-18,95192.70137943701,"{""type"":""MultiPoint"",""coordinates"":[]}"
20140319,2014-03-19,95085.86076627973,"{""type"":""MultiPoint"",""coordinates"":[]}"
20140320,2014-03-20,94961.86632880119,"{""type"":""MultiPoint"",""coordinates"":[]}"
20140321,2014-03-21,94763.19547168633,"{""type"":""MultiPoint"",""coordinates"":[]}"
20140322,2014-03-22,94690.33780945152,"{""type"":""MultiPoint"",""coordinates"":[]}"
20140323,2014-03-23,94824.03818053237,"{""type"":""MultiPoint"",""coordinates"":[]}"
20140324,2014-03-24,94957.36574077749,"{""type"":""MultiPoint"",""coordinates"":[]}"
20140325,2014-03-25,94897.95830679547,"{""type"":""MultiPoint"",""coordinates"":[]}"
20140326,2014-03-26,94900.98229925019,"{""type"":""MultiPoint"",""coordinates"":[]}"
20140327,2014-03-27,94965.84336530643,"{""type"":""MultiPoint"",""coordinates"":[]}"
20140328,2014-03-28,94956.62600617259,"{""type"":""MultiPoint"",""coordinates"":[]}"
20140329,2014-03-29,94855.92832762076,"{""type"":""MultiPoint"",""coordinates"":[]}"
20140330,2014-03-30,94784.98557173902,"{""type"":""MultiPoint"",""coordinates"":[]}"
20140331,2014-03-31,94733.53436857201,"{""type"":""MultiPoint"",""coordinates"":[]}"
20140401,2014-04-01,94645.57038153378,"{""type"":""MultiPoint"",""coordinates"":[]}"
20140402,2014-04-02,94697.7482565667,"{""type"":""MultiPoint"",""coordinates"":[]}"
20140403,2014-04-03,94827.65022907837,"{""type"":""MultiPoint"",""coordinates"":[]}"
20140404,2014-04-04,94895.76141020433,"{""type"":""MultiPoint"",""coordinates"":[]}"
20140405,2014-04-05,94919.97899591725,"{""type"":""MultiPoint"",""coordinates"":[]}"
20140406,2014-04-06,94939.63416374588,"{""type"":""MultiPoint"",""coordinates"":[]}"
20140407,2014-04-07,94933.20370386794,"{""type"":""MultiPoint"",""coordinates"":[]}"
20140408,2014-04-08,94855.17302465193,"{""type"":""MultiPoint"",""coordinates"":[]}"
20140409,2014-04-09,94991.73434517285,"{""type"":""MultiPoint"",""coordinates"":[]}"
20140410,2014-04-10,94944.22061623452,"{""type"":""MultiPoint"",""coordinates"":[]}"
20140411,2014-04-11,94856.0977036288,"{""type"":""MultiPoint"",""coordinates"":[]}"
20140412,2014-04-12,94782.72182762259,"{""type"":""MultiPoint"",""coordinates"":[]}"
20140413,2014-04-13,94869.25526702437,"{""type"":""MultiPoint"",""coordinates"":[]}"
20140414,2014-04-14,94968.00038044793,"{""type"":""MultiPoint"",""coordinates"":[]}"
20140415,2014-04-15,94966.37228941082,"{""type"":""MultiPoint"",""coordinates"":[]}"
20140416,2014-04-16,94798.25721239096,"{""type"":""MultiPoint"",""coordinates"":[]}"
20140417,2014-04-17,94721.77765458102,"{""type"":""MultiPoint"",""coordinates"":[]}"
20140418,2014-04-18,94936.61802231267,"{""type"":""MultiPoint"",""coordinates"":[]}"
20140419,2014-04-19,94881.06023573203,"{""type"":""MultiPoint"",""coordinates"":[]}"
20140420,2014-04-20,94785.54953802066,"{""type"":""MultiPoint"",""coordinates"":[]}"
20140421,2014-04-21,94853.74033716242,"{""type"":""MultiPoint"",""coordinates"":[]}"
20140422,2014-04-22,95012.96990101504,"{""type"":""MultiPoint"",""coordinates"":[]}"
20140423,2014-04-23,94862.01725423193,"{""type"":""MultiPoint"",""coordinates"":[]}"
20140424,2014-04-24,94735.82116702774,"{""type"":""MultiPoint"",""coordinates"":[]}"
20140425,2014-04-25,94720.8979537491,"{""type"":""MultiPoint"",""coordinates"":[]}"
20140426,2014-04-26,94721.55617658256,"{""type"":""MultiPoint"",""coordinates"":[]}"
20140427,2014-04-27,94763.05929672124,"{""type"":""MultiPoint"",""coordinates"":[]}"
20140428,2014-04-28,94753.89524770384,"{""type"":""MultiPoint"",""coordinates"":[]}"
20140429,2014-04-29,94702.10113695203,"{""type"":""MultiPoint"",""coordinates"":[]}"
20140430,2014-04-30,94729.20940187284,"{""type"":""MultiPoint"",""coordinates"":[]}"
20140501,2014-05-01,94643.21703296872,"{""type"":""MultiPoint"",""coordinates"":[]}"
20140502,2014-05-02,94610.23813757407,"{""type"":""MultiPoint"",""coordinates"":[]}"
20140503,2014-05-03,94640.08474445711,"{""type"":""MultiPoint"",""coordinates"":[]}"
20140504,2014-05-04,94612.79719895421,"{""type"":""MultiPoint"",""coordinates"":[]}"
20140505,2014-05-05,94725.48380654238,"{""type"":""MultiPoint"",""coordinates"":[]}"
20140506,2014-05-06,94806.0919051086,"{""type"":""MultiPoint"",""coordinates"":[]}"
20140507,2014-05-07,94737.02105774861,"{""type"":""MultiPoint"",""coordinates"":[]}"
20140508,2014-05-08,94644.00852253808,"{""type"":""MultiPoint"",""coordinates"":[]}"
20140509,2014-05-09,94457.58430730508,"{""type"":""MultiPoint"",""coordinates"":[]}"
20140510,2014-05-10,94502.44273358947,"{""type"":""MultiPoint"",""coordinates"":[]}"
20140511,2014-05-11,94701.66007072252,"{""type"":""MultiPoint"",""coordinates"":[]}"
20140512,2014-05-12,94721.69824207222,"{""type"":""MultiPoint"",""coordinates"":[]}"
20140513,2014-05-13,94708.22927356402,"{""type"":""MultiPoint"",""coordinates"":[]}"
20140514,2014-05-14,94628.02618071737,"{""type"":""MultiPoint"",""coordinates"":[]}"
20140515,2014-05-15,94550.27671663507,"{""type"":""MultiPoint"",""coordinates"":[]}"
20140516,2014-05-16,94560.74310868779,"{""type"":""MultiPoint"",""coordinates"":[]}"
20140517,2014-05-17,94690.25191353183,"{""type"":""MultiPoint"",""coordinates"":[]}"
20140518,2014-05-18,94633.74685861354,"{""type"":""MultiPoint"",""coordinates"":[]}"
20140519,2014-05-19,94642.9640519824,"{""type"":""MultiPoint"",""coordinates"":[]}"
20140520,2014-05-20,94581.85155471435,"{""type"":""MultiPoint"",""coordinates"":[]}"
20140521,2014-05-21,94464.18306363079,"{""type"":""MultiPoint"",""coordinates"":[]}"
20140522,2014-05-22,94291.2507705467,"{""type"":""MultiPoint"",""coordinates"":[]}"
20140523,2014-05-23,94280.74122551197,"{""type"":""MultiPoint"",""coordinates"":[]}"
20140524,2014-05-24,94330.57870717745,"{""type"":""MultiPoint"",""coordinates"":[]}"
20140525,2014-05-25,94337.12063569596,"{""type"":""MultiPoint"",""coordinates"":[]}"
20140526,2014-05-26,94477.47413967628,"{""type"":""MultiPoint"",""coordinates"":[]}"
20140527,2014-05-27,94472.23196891436,"{""type"":""MultiPoint"",""coordinates"":[]}"
20140528,2014-05-28,94496.21721134141,"{""type"":""MultiPoint"",""coordinates"":[]}"
20140529,2014-05-29,94519.357273567,"{""type"":""MultiPoint"",""coordinates"":[]}"
20140530,2014-05-30,94410.24600576078,"{""type"":""MultiPoint"",""coordinates"":[]}"
20140531,2014-05-31,94278.03814196335,"{""type"":""MultiPoint"",""coordinates"":[]}"
20140601,2014-06-01,94270.61077938236,"{""type"":""MultiPoint"",""coordinates"":[]}"
20140602,2014-06-02,94332.57086995059,"{""type"":""MultiPoint"",""coordinates"":[]}"
20140603,2014-06-03,94271.51982168785,"{""type"":""MultiPoint"",""coordinates"":[]}"
20140604,2014-06-04,94175.28990250773,"{""type"":""MultiPoint"",""coordinates"":[]}"
20140605,2014-06-05,94077.59570622443,"{""type"":""MultiPoint"",""coordinates"":[]}"
20140606,2014-06-06,94000.09908615315,"{""type"":""MultiPoint"",""coordinates"":[]}"
20140607,2014-06-07,93946.19961804504,"{""type"":""MultiPoint"",""coordinates"":[]}"
20140608,2014-06-08,93942.01411277738,"{""type"":""MultiPoint"",""coordinates"":[]}"
20140609,2014-06-09,94119.20565531772,"{""type"":""MultiPoint"",""coordinates"":[]}"
20140610,2014-06-10,94202.49307742962,"{""type"":""MultiPoint"",""coordinates"":[]}"
20140611,2014-06-11,94257.10083425233,"{""type"":""MultiPoint"",""coordinates"":[]}"
20140612,2014-06-12,94255.97283037035,"{""type"":""MultiPoint"",""coordinates"":[]}"
20140613,2014-06-13,94312.28080443158,"{""type"":""MultiPoint"",""coordinates"":[]}"
20140614,2014-06-14,94408.61294841135,"{""type"":""MultiPoint"",""coordinates"":[]}"
20140615,2014-06-15,94390.5304654757,"{""type"":""MultiPoint"",""coordinates"":[]}"
20140616,2014-06-16,94317.28798742263,"{""type"":""MultiPoint"",""coordinates"":[]}"
20140617,2014-06-17,94231.57118496613,"{""type"":""MultiPoint"",""coordinates"":[]}"
20140618,2014-06-18,94158.13662743081,"{""type"":""MultiPoint"",""coordinates"":[]}"
20140619,2014-06-19,94144.76020621562,"{""type"":""MultiPoint"",""coordinates"":[]}"
20140620,2014-06-20,94233.5664659312,"{""type"":""MultiPoint"",""coordinates"":[]}"
20140621,2014-06-21,94438.66254824288,"{""type"":""MultiPoint"",""coordinates"":[]}"
20140622,2014-06-22,94541.64908601197,"{""type"":""MultiPoint"",""coordinates"":[]}"
20140623,2014-06-23,94391.06134993455,"{""type"":""MultiPoint"",""coordinates"":[]}"
20140624,2014-06-24,94231.78873097041,"{""type"":""MultiPoint"",""coordinates"":[]}"
20140625,2014-06-25,94290.10381569313,"{""type"":""MultiPoint"",""coordinates"":[]}"
20140626,2014-06-26,94475.21212435777,"{""type"":""MultiPoint"",""coordinates"":[]}"
20140627,2014-06-27,94591.51127649787,"{""type"":""MultiPoint"",""coordinates"":[]}"
20140628,2014-06-28,94585.72248513423,"{""type"":""MultiPoint"",""coordinates"":[]}"
20140629,2014-06-29,94418.72068275881,"{""type"":""MultiPoint"",""coordinates"":[]}"
20140630,2014-06-30,94372.47041613246,"{""type"":""MultiPoint"",""coordinates"":[]}"
20140701,2014-07-01,94475.04587678285,"{""type"":""MultiPoint"",""coordinates"":[]}"
20140702,2014-07-02,94451.9434470319,"{""type"":""MultiPoint"",""coordinates"":[]}"
20140703,2014-07-03,94282.45893955302,"{""type"":""MultiPoint"",""coordinates"":[]}"
20140704,2014-07-04,94239.48893791372,"{""type"":""MultiPoint"",""coordinates"":[]}"
20140705,2014-07-05,94317.17433758645,"{""type"":""MultiPoint"",""coordinates"":[]}"
20140706,2014-07-06,94435.61386722531,"{""type"":""MultiPoint"",""coordinates"":[]}"
20140707,2014-07-07,94401.29297504379,"{""type"":""MultiPoint"",""coordinates"":[]}"
20140708,2014-07-08,94313.93671674392,"{""type"":""MultiPoint"",""coordinates"":[]}"
20140709,2014-07-09,94360.59962328475,"{""type"":""MultiPoint"",""coordinates"":[]}"
20140710,2014-07-10,94382.95977956746,"{""type"":""MultiPoint"",""coordinates"":[]}"
20140711,2014-07-11,94361.53918124545,"{""type"":""MultiPoint"",""coordinates"":[]}"
20140712,2014-07-12,94192.88328756313,"{""type"":""MultiPoint"",""coordinates"":[]}"
20140713,2014-07-13,94171.08809507426,"{""type"":""MultiPoint"",""coordinates"":[]}"
20140714,2014-07-14,94115.11220506726,"{""type"":""MultiPoint"",""coordinates"":[]}"
20140715,2014-07-15,94123.00384241139,"{""type"":""MultiPoint"",""coordinates"":[]}"
20140716,2014-07-16,94201.86130512747,"{""type"":""MultiPoint"",""coordinates"":[]}"
20140717,2014-07-17,94250.32813082564,"{""type"":""MultiPoint"",""coordinates"":[]}"
20140718,2014-07-18,94256.42433839352,"{""type"":""MultiPoint"",""coordinates"":[]}"
20140719,2014-07-19,94284.10686717795,"{""type"":""MultiPoint"",""coordinates"":[]}"
20140720,2014-07-20,94337.3419528534,"{""type"":""MultiPoint"",""coordinates"":[]}"
20140721,2014-07-21,94243.38248488356,"{""type"":""MultiPoint"",""coordinates"":[]}"
20140722,2014-07-22,94194.12453217986,"{""type"":""MultiPoint"",""coordinates"":[]}"
20140723,2014-07-23,94282.51075870823,"{""type"":""MultiPoint"",""coordinates"":[]}"
20140724,2014-07-24,94445.72046318573,"{""type"":""MultiPoint"",""coordinates"":[]}"
20140725,2014-07-25,94556.52436029502,"{""type"":""MultiPoint"",""coordinates"":[]}"
20140726,2014-07-26,94608.59492008595,"{""type"":""MultiPoint"",""coordinates"":[]}"
20140727,2014-07-27,94526.51304388509,"{""type"":""MultiPoint"",""coordinates"":[]}"
20140728,2014-07-28,94292.76612778126,"{""type"":""MultiPoint"",""coordinates"":[]}"
20140729,2014-07-29,94294.59732873525,"{""type"":""MultiPoint"",""coordinates"":[]}"
20140730,2014-07-30,94295.57861842192,"{""type"":""MultiPoint"",""coordinates"":[]}"
20140731,2014-07-31,94264.16443327683,"{""type"":""MultiPoint"",""coordinates"":[]}"
20140801,2014-08-01,94296.01573682779,"{""type"":""MultiPoint"",""coordinates"":[]}"
20140802,2014-08-02,94353.33843699387,"{""type"":""MultiPoint"",""coordinates"":[]}"
20140803,2014-08-03,94267.04827697501,"{""type"":""MultiPoint"",""coordinates"":[]}"
20140804,2014-08-04,94191.97138649627,"{""type"":""MultiPoint"",""coordinates"":[]}"
20140805,2014-08-05,94280.70354398325,"{""type"":""MultiPoint"",""coordinates"":[]}"
20140806,2014-08-06,94386.35461496162,"{""type"":""MultiPoint"",""coordinates"":[]}"
20140807,2014-08-07,94397.10457278442,"{""type"":""MultiPoint"",""coordinates"":[]}"
20140808,2014-08-08,94441.31921192927,"{""type"":""MultiPoint"",""coordinates"":[]}"
20140809,2014-08-09,94565.85022040318,"{""type"":""MultiPoint"",""coordinates"":[]}"
20140810,2014-08-10,94559.18206506743,"{""type"":""MultiPoint"",""coordinates"":[]}"
20140811,2014-08-11,94493.76157538606,"{""type"":""MultiPoint"",""coordinates"":[]}"
20140812,2014-08-12,94511.84935864569,"{""type"":""MultiPoint"",""coordinates"":[]}"
20140813,2014-08-13,94594.69499161806,"{""type"":""MultiPoint"",""coordinates"":[]}"
20140814,2014-08-14,94635.79027312848,"{""type"":""MultiPoint"",""coordinates"":[]}"
20140815,2014-08-15,94683.12897573134,"{""type"":""MultiPoint"",""coordinates"":[]}"
20140816,2014-08-16,94714.93777557864,"{""type"":""MultiPoint"",""coordinates"":[]}"
20140817,2014-08-17,94677.65539532292,"{""type"":""MultiPoint"",""coordinates"":[]}"
20140818,2014-08-18,94741.0268895481,"{""type"":""MultiPoint"",""coordinates"":[]}"
20140819,2014-08-19,94723.65925015899,"{""type"":""MultiPoint"",""coordinates"":[]}"
20140820,2014-08-20,94569.55699438584,"{""type"":""MultiPoint"",""coordinates"":[]}"
20140821,2014-08-21,94429.79050846962,"{""type"":""MultiPoint"",""coordinates"":[]}"
20140822,2014-08-22,94480.56101961187,"{""type"":""MultiPoint"",""coordinates"":[]}"
20140823,2014-08-23,94552.26753889825,"{""type"":""MultiPoint"",""coordinates"":[]}"
20140824,2014-08-24,94603.72429563444,"{""type"":""MultiPoint"",""coordinates"":[]}"
20140825,2014-08-25,94621.88846874838,"{""type"":""MultiPoint"",""coordinates"":[]}"
20140826,2014-08-26,94544.91304059331,"{""type"":""MultiPoint"",""coordinates"":[]}"
20140827,2014-08-27,94397.52128736567,"{""type"":""MultiPoint"",""coordinates"":[]}"
20140828,2014-08-28,94272.10077969158,"{""type"":""MultiPoint"",""coordinates"":[]}"
20140829,2014-08-29,94107.78750148114,"{""type"":""MultiPoint"",""coordinates"":[]}"
20140830,2014-08-30,93981.52249081872,"{""type"":""MultiPoint"",""coordinates"":[]}"
20140831,2014-08-31,93914.99668911162,"{""type"":""MultiPoint"",""coordinates"":[]}"
20140901,2014-09-01,94049.09571453226,"{""type"":""MultiPoint"",""coordinates"":[]}"
20140902,2014-09-02,94357.45200233365,"{""type"":""MultiPoint"",""coordinates"":[]}"
20140903,2014-09-03,94556.09464164561,"{""type"":""MultiPoint"",""coordinates"":[]}"
20140904,2014-09-04,94583.79399049407,"{""type"":""MultiPoint"",""coordinates"":[]}"
20140905,2014-09-05,94515.1521820951,"{""type"":""MultiPoint"",""coordinates"":[]}"
20140906,2014-09-06,94391.42495678668,"{""type"":""MultiPoint"",""coordinates"":[]}"
20140907,2014-09-07,94358.83136882819,"{""type"":""MultiPoint"",""coordinates"":[]}"
20140908,2014-09-08,94562.73998677227,"{""type"":""MultiPoint"",""coordinates"":[]}"
20140909,2014-09-09,94617.21161604933,"{""type"":""MultiPoint"",""coordinates"":[]}"
20140910,2014-09-10,94642.32012581287,"{""type"":""MultiPoint"",""coordinates"":[]}"
20140911,2014-09-11,94745.87238601994,"{""type"":""MultiPoint"",""coordinates"":[]}"
20140912,2014-09-12,94766.76929671605,"{""type"":""MultiPoint"",""coordinates"":[]}"
20140913,2014-09-13,94645.59647335294,"{""type"":""MultiPoint"",""coordinates"":[]}"
20140914,2014-09-14,94596.20872476809,"{""type"":""MultiPoint"",""coordinates"":[]}"
20140915,2014-09-15,94485.0852438878,"{""type"":""MultiPoint"",""coordinates"":[]}"
20140916,2014-09-16,94373.89127233195,"{""type"":""MultiPoint"",""coordinates"":[]}"
20140917,2014-09-17,94363.87406088071,"{""type"":""MultiPoint"",""coordinates"":[]}"
20140918,2014-09-18,94510.60747644278,"{""type"":""MultiPoint"",""coordinates"":[]}"
20140919,2014-09-19,94528.5225737418,"{""type"":""MultiPoint"",""coordinates"":[]}"
20140920,2014-09-20,94516.1192838059,"{""type"":""MultiPoint"",""coordinates"":[]}"
20140921,2014-09-21,94623.69279011025,"{""type"":""MultiPoint"",""coordinates"":[]}"
20140922,2014-09-22,94743.51483433133,"{""type"":""MultiPoint"",""coordinates"":[]}"
20140923,2014-09-23,94728.37676418616,"{""type"":""MultiPoint"",""coordinates"":[]}"
20140924,2014-09-24,94777.31261709082,"{""type"":""MultiPoint"",""coordinates"":[]}"
20140925,2014-09-25,94861.20124372994,"{""type"":""MultiPoint"",""coordinates"":[]}"
20140926,2014-09-26,94975.33611874796,"{""type"":""MultiPoint"",""coordinates"":[]}"
20140927,2014-09-27,95040.63742560054,"{""type"":""MultiPoint"",""coordinates"":[]}"
20140928,2014-09-28,95075.06629083442,"{""type"":""MultiPoint"",""coordinates"":[]}"
20140929,2014-09-29,95027.45494389621,"{""type"":""MultiPoint"",""coordinates"":[]}"
20140930,2014-09-30,95025.11417680197,"{""type"":""MultiPoint"",""coordinates"":[]}"
20141001,2014-10-01,95042.93385705315,"{""type"":""MultiPoint"",""coordinates"":[]}"
20141002,2014-10-02,94983.03122934882,"{""type"":""MultiPoint"",""coordinates"":[]}"
20141003,2014-10-03,94923.992446144,"{""type"":""MultiPoint"",""coordinates"":[]}"
20141004,2014-10-04,94953.31869647937,"{""type"":""MultiPoint"",""coordinates"":[]}"
20141005,2014-10-05,94985.08348198037,"{""type"":""MultiPoint"",""coordinates"":[]}"
20141006,2014-10-06,94902.8382901304,"{""type"":""MultiPoint"",""coordinates"":[]}"
20141007,2014-10-07,94748.94863364268,"{""type"":""MultiPoint"",""coordinates"":[]}"
20141008,2014-10-08,94797.4659143173,"{""type"":""MultiPoint"",""coordinates"":[]}"
20141009,2014-10-09,94770.65250911469,"{""type"":""MultiPoint"",""coordinates"":[]}"
20141010,2014-10-10,94624.50894452547,"{""type"":""MultiPoint"",""coordinates"":[]}"
20141011,2014-10-11,94470.68771164483,"{""type"":""MultiPoint"",""coordinates"":[]}"
20141012,2014-10-12,94309.37104292605,"{""type"":""MultiPoint"",""coordinates"":[]}"
20141013,2014-10-13,94420.07729654208,"{""type"":""MultiPoint"",""coordinates"":[]}"
20141014,2014-10-14,94828.92425452074,"{""type"":""MultiPoint"",""coordinates"":[]}"
20141015,2014-10-15,95084.58723930527,"{""type"":""MultiPoint"",""coordinates"":[]}"
20141016,2014-10-16,95093.30448800842,"{""type"":""MultiPoint"",""coordinates"":[]}"
20141017,2014-10-17,95068.014485155,"{""type"":""MultiPoint"",""coordinates"":[]}"
20141018,2014-10-18,95037.75773903099,"{""type"":""MultiPoint"",""coordinates"":[]}"
20141019,2014-10-19,95031.61503437489,"{""type"":""MultiPoint"",""coordinates"":[]}"
20141020,2014-10-20,95113.10440804361,"{""type"":""MultiPoint"",""coordinates"":[]}"
20141021,2014-10-21,95215.2308159054,"{""type"":""MultiPoint"",""coordinates"":[]}"
20141022,2014-10-22,95229.56683929883,"{""type"":""MultiPoint"",""coordinates"":[]}"
20141023,2014-10-23,95141.99195068046,"{""type"":""MultiPoint"",""coordinates"":[]}"
20141024,2014-10-24,95034.46229024464,"{""type"":""MultiPoint"",""coordinates"":[]}"
20141025,2014-10-25,95056.55890789744,"{""type"":""MultiPoint"",""coordinates"":[]}"
20141026,2014-10-26,95195.81310169601,"{""type"":""MultiPoint"",""coordinates"":[]}"
20141027,2014-10-27,95203.49197957164,"{""type"":""MultiPoint"",""coordinates"":[]}"
20141028,2014-10-28,95128.27799488661,"{""type"":""MultiPoint"",""coordinates"":[]}"
20141029,2014-10-29,95155.8639236854,"{""type"":""MultiPoint"",""coordinates"":[]}"
20141030,2014-10-30,95082.88817873107,"{""type"":""MultiPoint"",""coordinates"":[]}"
20141031,2014-10-31,95044.94170193032,"{""type"":""MultiPoint"",""coordinates"":[]}"
20141101,2014-11-01,95068.41587470924,"{""type"":""MultiPoint"",""coordinates"":[]}"
20141102,2014-11-02,95144.94264448775,"{""type"":""MultiPoint"",""coordinates"":[]}"
20141103,2014-11-03,95119.25278334627,"{""type"":""MultiPoint"",""coordinates"":[]}"
20141104,2014-11-04,95091.74390972636,"{""type"":""MultiPoint"",""coordinates"":[]}"
20141105,2014-11-05,95103.26751850455,"{""type"":""MultiPoint"",""coordinates"":[]}"
20141106,2014-11-06,94992.31427056137,"{""type"":""MultiPoint"",""coordinates"":[]}"
20141107,2014-11-07,95045.63523519468,"{""type"":""MultiPoint"",""coordinates"":[]}"
20141108,2014-11-08,95073.72936602948,"{""type"":""MultiPoint"",""coordinates"":[]}"
20141109,2014-11-09,95106.26950393224,"{""type"":""MultiPoint"",""coordinates"":[]}"
20141110,2014-11-10,95057.71817807009,"{""type"":""MultiPoint"",""coordinates"":[]}"
20141111,2014-11-11,95065.45324670241,"{""type"":""MultiPoint"",""coordinates"":[]}"
20141112,2014-11-12,95108.44051800907,"{""type"":""MultiPoint"",""coordinates"":[]}"
20141113,2014-11-13,95238.20809124426,"{""type"":""MultiPoint"",""coordinates"":[]}"
20141114,2014-11-14,95301.1470394519,"{""type"":""MultiPoint"",""coordinates"":[]}"
20141115,2014-11-15,95192.44896804771,"{""type"":""MultiPoint"",""coordinates"":[]}"
20141116,2014-11-16,95170.65424522353,"{""type"":""MultiPoint"",""coordinates"":[]}"
20141117,2014-11-17,95199.17417580257,"{""type"":""MultiPoint"",""coordinates"":[]}"
20141118,2014-11-18,95314.76322482813,"{""type"":""MultiPoint"",""coordinates"":[]}"
20141119,2014-11-19,95280.26222741115,"{""type"":""MultiPoint"",""coordinates"":[]}"
20141120,2014-11-20,95214.60436247544,"{""type"":""MultiPoint"",""coordinates"":[]}"
20141121,2014-11-21,95169.25797905834,"{""type"":""MultiPoint"",""coordinates"":[]}"
20141122,2014-11-22,95106.06865885973,"{""type"":""MultiPoint"",""coordinates"":[]}"
20141123,2014-11-23,95125.82247865346,"{""type"":""MultiPoint"",""coordinates"":[]}"
20141124,2014-11-24,95186.41313861293,"{""type"":""MultiPoint"",""coordinates"":[]}"
20141125,2014-11-25,95142.38897995258,"{""type"":""MultiPoint"",""coordinates"":[]}"
20141126,2014-11-26,94968.13202497792,"{""type"":""MultiPoint"",""coordinates"":[]}"
20141127,2014-11-27,95009.88130687637,"{""type"":""MultiPoint"",""coordinates"":[]}"
20141128,2014-11-28,95094.79426622162,"{""type"":""MultiPoint"",""coordinates"":[]}"
20141129,2014-11-29,95089.33101190008,"{""type"":""MultiPoint"",""coordinates"":[]}"
20141130,2014-11-30,95120.15621134268,"{""type"":""MultiPoint"",""coordinates"":[]}"
20141201,2014-12-01,95118.11847696213,"{""type"":""MultiPoint"",""coordinates"":[]}"
20141202,2014-12-02,95195.21634588792,"{""type"":""MultiPoint"",""coordinates"":[]}"
20141203,2014-12-03,95169.76414347927,"{""type"":""MultiPoint"",""coordinates"":[]}"
20141204,2014-12-04,95192.08514407791,"{""type"":""MultiPoint"",""coordinates"":[]}"
20141205,2014-12-05,95236.52896851921,"{""type"":""MultiPoint"",""coordinates"":[]}"
20141206,2014-12-06,95201.23711391081,"{""type"":""MultiPoint"",""coordinates"":[]}"
20141207,2014-12-07,95154.75025456796,"{""type"":""MultiPoint"",""coordinates"":[]}"
20141208,2014-12-08,95166.73648560229,"{""type"":""MultiPoint"",""coordinates"":[]}"
20141209,2014-12-09,95250.85974763523,"{""type"":""MultiPoint"",""coordinates"":[]}"
20141210,2014-12-10,95197.85754896233,"{""type"":""MultiPoint"",""coordinates"":[]}"
20141211,2014-12-11,95210.09115794583,"{""type"":""MultiPoint"",""coordinates"":[]}"
20141212,2014-12-12,95270.45117390297,"{""type"":""MultiPoint"",""coordinates"":[]}"
20141213,2014-12-13,95318.29061636377,"{""type"":""MultiPoint"",""coordinates"":[]}"
20141214,2014-12-14,95246.36113645995,"{""type"":""MultiPoint"",""coordinates"":[]}"
20141215,2014-12-15,95254.30317881751,"{""type"":""MultiPoint"",""coordinates"":[]}"
20141216,2014-12-16,95378.16017481902,"{""type"":""MultiPoint"",""coordinates"":[]}"
20141217,2014-12-17,95404.6824682556,"{""type"":""MultiPoint"",""coordinates"":[]}"
20141218,2014-12-18,95465.62557991923,"{""type"":""MultiPoint"",""coordinates"":[]}"
20141219,2014-12-19,95511.19098138704,"{""type"":""MultiPoint"",""coordinates"":[]}"
20141220,2014-12-20,95307.10200213428,"{""type"":""MultiPoint"",""coordinates"":[]}"
20141221,2014-12-21,95160.72070242657,"{""type"":""MultiPoint"",""coordinates"":[]}"
20141222,2014-12-22,95153.67697727025,"{""type"":""MultiPoint"",""coordinates"":[]}"
20141223,2014-12-23,95235.01605851672,"{""type"":""MultiPoint"",""coordinates"":[]}"
20141224,2014-12-24,95358.05181916221,"{""type"":""MultiPoint"",""coordinates"":[]}"
20141225,2014-12-25,95298.1616339251,"{""type"":""MultiPoint"",""coordinates"":[]}"
20141226,2014-12-26,95148.33155489822,"{""type"":""MultiPoint"",""coordinates"":[]}"
20141227,2014-12-27,95214.23234675107,"{""type"":""MultiPoint"",""coordinates"":[]}"
20141228,2014-12-28,95209.83377043104,"{""type"":""MultiPoint"",""coordinates"":[]}"
20141229,2014-12-29,94991.88523424538,"{""type"":""MultiPoint"",""coordinates"":[]}"
20141230,2014-12-30,94767.25281369564,"{""type"":""MultiPoint"",""coordinates"":[]}"
20141231,2014-12-31,94702.21816835806,"{""type"":""MultiPoint"",""coordinates"":[]}"
20150101,2015-01-01,94821.79843964717,"{""type"":""MultiPoint"",""coordinates"":[]}"
20150102,2015-01-02,95067.82585035535,"{""type"":""MultiPoint"",""coordinates"":[]}"
20150103,2015-01-03,95163.15399958077,"{""type"":""MultiPoint"",""coordinates"":[]}"
20150104,2015-01-04,95269.91732659964,"{""type"":""MultiPoint"",""coordinates"":[]}"
20150105,2015-01-05,95231.3277899913,"{""type"":""MultiPoint"",""coordinates"":[]}"
20150106,2015-01-06,95230.07881322724,"{""type"":""MultiPoint"",""coordinates"":[]}"
20150107,2015-01-07,95150.23145039225,"{""type"":""MultiPoint"",""coordinates"":[]}"
20150108,2015-01-08,95265.15910290883,"{""type"":""MultiPoint"",""coordinates"":[]}"
20150109,2015-01-09,95408.54709021212,"{""type"":""MultiPoint"",""coordinates"":[]}"
20150110,2015-01-10,95407.56375254784,"{""type"":""MultiPoint"",""coordinates"":[]}"
20150111,2015-01-11,95368.015439988,"{""type"":""MultiPoint"",""coordinates"":[]}"
20150112,2015-01-12,95320.17217061234,"{""type"":""MultiPoint"",""coordinates"":[]}"
20150113,2015-01-13,95196.74009357455,"{""type"":""MultiPoint"",""coordinates"":[]}"
20150114,2015-01-14,95185.75114959746,"{""type"":""MultiPoint"",""coordinates"":[]}"
20150115,2015-01-15,95249.79428214562,"{""type"":""MultiPoint"",""coordinates"":[]}"
20150116,2015-01-16,95298.1704525368,"{""type"":""MultiPoint"",""coordinates"":[]}"
20150117,2015-01-17,95337.92142911951,"{""type"":""MultiPoint"",""coordinates"":[]}"
20150118,2015-01-18,95316.08927897507,"{""type"":""MultiPoint"",""coordinates"":[]}"
20150119,2015-01-19,95291.79511634789,"{""type"":""MultiPoint"",""coordinates"":[]}"
20150120,2015-01-20,95411.53122865708,"{""type"":""MultiPoint"",""coordinates"":[]}"
20150121,2015-01-21,95564.46422823211,"{""type"":""MultiPoint"",""coordinates"":[]}"
20150122,2015-01-22,95475.09664347174,"{""type"":""MultiPoint"",""coordinates"":[]}"
20150123,2015-01-23,95290.04998427411,"{""type"":""MultiPoint"",""coordinates"":[]}"
20150124,2015-01-24,95354.34079358476,"{""type"":""MultiPoint"",""coordinates"":[]}"
20150125,2015-01-25,95440.64039241246,"{""type"":""MultiPoint"",""coordinates"":[]}"
20150126,2015-01-26,95355.28965948263,"{""type"":""MultiPoint"",""coordinates"":[]}"
20150127,2015-01-27,95249.64248686701,"{""type"":""MultiPoint"",""coordinates"":[]}"
20150128,2015-01-28,95118.30255922404,"{""type"":""MultiPoint"",""coordinates"":[]}"
20150129,2015-01-29,95251.87653101554,"{""type"":""MultiPoint"",""coordinates"":[]}"
20150130,2015-01-30,95401.84109509732,"{""type"":""MultiPoint"",""coordinates"":[]}"
20150131,2015-01-31,95378.24517319977,"{""type"":""MultiPoint"",""coordinates"":[]}"
20150201,2015-02-01,95362.21214344907,"{""type"":""MultiPoint"",""coordinates"":[]}"
20150202,2015-02-02,95491.41813420963,"{""type"":""MultiPoint"",""coordinates"":[]}"
20150203,2015-02-03,95684.1325465453,"{""type"":""MultiPoint"",""coordinates"":[]}"
20150204,2015-02-04,95557.31645811182,"{""type"":""MultiPoint"",""coordinates"":[]}"
20150205,2015-02-05,95393.60145753548,"{""type"":""MultiPoint"",""coordinates"":[]}"
20150206,2015-02-06,95371.41634466551,"{""type"":""MultiPoint"",""coordinates"":[]}"
20150207,2015-02-07,95252.7080228957,"{""type"":""MultiPoint"",""coordinates"":[]}"
20150208,2015-02-08,95209.98605782982,"{""type"":""MultiPoint"",""coordinates"":[]}"
20150209,2015-02-09,95297.99489215507,"{""type"":""MultiPoint"",""coordinates"":[]}"
20150210,2015-02-10,95339.61441970477,"{""type"":""MultiPoint"",""coordinates"":[]}"
20150211,2015-02-11,95278.89078538664,"{""type"":""MultiPoint"",""coordinates"":[]}"
20150212,2015-02-12,95163.23128308784,"{""type"":""MultiPoint"",""coordinates"":[]}"
20150213,2015-02-13,95094.98363012317,"{""type"":""MultiPoint"",""coordinates"":[]}"
20150214,2015-02-14,95032.18895526767,"{""type"":""MultiPoint"",""coordinates"":[]}"
20150215,2015-02-15,95071.09967370874,"{""type"":""MultiPoint"",""coordinates"":[]}"
20150216,2015-02-16,95159.39456016154,"{""type"":""MultiPoint"",""coordinates"":[]}"
20150217,2015-02-17,95059.34074665372,"{""type"":""MultiPoint"",""coordinates"":[]}"
20150218,2015-02-18,94948.02649225376,"{""type"":""MultiPoint"",""coordinates"":[]}"
20150219,2015-02-19,95027.47794663833,"{""type"":""MultiPoint"",""coordinates"":[]}"
20150220,2015-02-20,95164.25785403281,"{""type"":""MultiPoint"",""coordinates"":[]}"
20150221,2015-02-21,95181.53424875514,"{""type"":""MultiPoint"",""coordinates"":[]}"
20150222,2015-02-22,95228.17697955566,"{""type"":""MultiPoint"",""coordinates"":[]}"
20150223,2015-02-23,95209.83362040725,"{""type"":""MultiPoint"",""coordinates"":[]}"
20150224,2015-02-24,95038.30804115534,"{""type"":""MultiPoint"",""coordinates"":[]}"
20150225,2015-02-25,94915.25371118712,"{""type"":""MultiPoint"",""coordinates"":[]}"
20150226,2015-02-26,94796.91203955472,"{""type"":""MultiPoint"",""coordinates"":[]}"
20150227,2015-02-27,94851.35295137904,"{""type"":""MultiPoint"",""coordinates"":[]}"
20150228,2015-02-28,94844.64152479732,"{""type"":""MultiPoint"",""coordinates"":[]}"
20150301,2015-03-01,94920.44723059615,"{""type"":""MultiPoint"",""coordinates"":[]}"
20150302,2015-03-02,95112.74895050426,"{""type"":""MultiPoint"",""coordinates"":[]}"
20150303,2015-03-03,94996.82916328507,"{""type"":""MultiPoint"",""coordinates"":[]}"
20150304,2015-03-04,95063.65190760854,"{""type"":""MultiPoint"",""coordinates"":[]}"
20150305,2015-03-05,95125.7388434413,"{""type"":""MultiPoint"",""coordinates"":[]}"
20150306,2015-03-06,95251.57841738417,"{""type"":""MultiPoint"",""coordinates"":[]}"
20150307,2015-03-07,95185.0468252611,"{""type"":""MultiPoint"",""coordinates"":[]}"
20150308,2015-03-08,95215.02345199985,"{""type"":""MultiPoint"",""coordinates"":[]}"
20150309,2015-03-09,95375.5272151233,"{""type"":""MultiPoint"",""coordinates"":[]}"
20150310,2015-03-10,95350.4432156245,"{""type"":""MultiPoint"",""coordinates"":[]}"
20150311,2015-03-11,95338.4780602839,"{""type"":""MultiPoint"",""coordinates"":[]}"
20150312,2015-03-12,95319.64326971614,"{""type"":""MultiPoint"",""coordinates"":[]}"
20150313,2015-03-13,95218.54126366183,"{""type"":""MultiPoint"",""coordinates"":[]}"
20150314,2015-03-14,95220.24545386464,"{""type"":""MultiPoint"",""coordinates"":[]}"
20150315,2015-03-15,95210.77173798658,"{""type"":""MultiPoint"",""coordinates"":[]}"
20150316,2015-03-16,95236.1240955568,"{""type"":""MultiPoint"",""coordinates"":[]}"
20150317,2015-03-17,95092.78646139892,"{""type"":""MultiPoint"",""coordinates"":[]}"
20150318,2015-03-18,94972.83347206538,"{""type"":""MultiPoint"",""coordinates"":[]}"
20150319,2015-03-19,95065.87651332811,"{""type"":""MultiPoint"",""coordinates"":[]}"
20150320,2015-03-20,95170.9401150924,"{""type"":""MultiPoint"",""coordinates"":[]}"
20150321,2015-03-21,95212.25519890634,"{""type"":""MultiPoint"",""coordinates"":[]}"
20150322,2015-03-22,95087.69528295098,"{""type"":""MultiPoint"",""coordinates"":[]}"
20150323,2015-03-23,94940.35754256691,"{""type"":""MultiPoint"",""coordinates"":[]}"
20150324,2015-03-24,94863.99271009113,"{""type"":""MultiPoint"",""coordinates"":[]}"
20150325,2015-03-25,94991.83635372286,"{""type"":""MultiPoint"",""coordinates"":[]}"
20150326,2015-03-26,95170.40146813016,"{""type"":""MultiPoint"",""coordinates"":[]}"
20150327,2015-03-27,95158.31703531134,"{""type"":""MultiPoint"",""coordinates"":[]}"
20150328,2015-03-28,94999.66705147545,"{""type"":""MultiPoint"",""coordinates"":[]}"
20150329,2015-03-29,94884.41021266907,"{""type"":""MultiPoint"",""coordinates"":[]}"
20150330,2015-03-30,94936.5555918346,"{""type"":""MultiPoint"",""coordinates"":[]}"
20150331,2015-03-31,94963.0236880325,"{""type"":""MultiPoint"",""coordinates"":[]}"
20150401,2015-04-01,94867.24135891325,"{""type"":""MultiPoint"",""coordinates"":[]}"
20150402,2015-04-02,94725.50604581115,"{""type"":""MultiPoint"",""coordinates"":[]}"
20150403,2015-04-03,94562.69164001083,"{""type"":""MultiPoint"",""coordinates"":[]}"
20150404,2015-04-04,94466.97980946138,"{""type"":""MultiPoint"",""coordinates"":[]}"
20150405,2015-04-05,94551.66200790313,"{""type"":""MultiPoint"",""coordinates"":[]}"
20150406,2015-04-06,94572.20250439575,"{""type"":""MultiPoint"",""coordinates"":[]}"
20150407,2015-04-07,94680.61489352013,"{""type"":""MultiPoint"",""coordinates"":[]}"
20150408,2015-04-08,94826.17633794097,"{""type"":""MultiPoint"",""coordinates"":[]}"
20150409,2015-04-09,94897.66853753997,"{""type"":""MultiPoint"",""coordinates"":[]}"
20150410,2015-04-10,94904.2200625548,"{""type"":""MultiPoint"",""coordinates"":[]}"
20150411,2015-04-11,95010.40030731546,"{""type"":""MultiPoint"",""coordinates"":[]}"
20150412,2015-04-12,95133.40729419899,"{""type"":""MultiPoint"",""coordinates"":[]}"
20150413,2015-04-13,95072.47045536613,"{""type"":""MultiPoint"",""coordinates"":[]}"
20150414,2015-04-14,94978.72074092083,"{""type"":""MultiPoint"",""coordinates"":[]}"
20150415,2015-04-15,95076.9935712383,"{""type"":""MultiPoint"",""coordinates"":[]}"
20150416,2015-04-16,95165.93539585418,"{""type"":""MultiPoint"",""coordinates"":[]}"
20150417,2015-04-17,94915.88542595123,"{""type"":""MultiPoint"",""coordinates"":[]}"
20150418,2015-04-18,94719.70882546666,"{""type"":""MultiPoint"",""coordinates"":[]}"
20150419,2015-04-19,94764.79763165042,"{""type"":""MultiPoint"",""coordinates"":[]}"
20150420,2015-04-20,94888.63376774015,"{""type"":""MultiPoint"",""coordinates"":[]}"
20150421,2015-04-21,94827.49475840798,"{""type"":""MultiPoint"",""coordinates"":[]}"
20150422,2015-04-22,94721.2392467172,"{""type"":""MultiPoint"",""coordinates"":[]}"
20150423,2015-04-23,94773.75156314828,"{""type"":""MultiPoint"",""coordinates"":[]}"
20150424,2015-04-24,94764.34537251783,"{""type"":""MultiPoint"",""coordinates"":[]}"
20150425,2015-04-25,94717.62490975915,"{""type"":""MultiPoint"",""coordinates"":[]}"
20150426,2015-04-26,94841.06807683827,"{""type"":""MultiPoint"",""coordinates"":[]}"
20150427,2015-04-27,94892.91871917457,"{""type"":""MultiPoint"",""coordinates"":[]}"
20150428,2015-04-28,94770.21846796514,"{""type"":""MultiPoint"",""coordinates"":[]}"
20150429,2015-04-29,94666.68419754179,"{""type"":""MultiPoint"",""coordinates"":[]}"
20150430,2015-04-30,94731.68742168197,"{""type"":""MultiPoint"",""coordinates"":[]}"
20150501,2015-05-01,94674.69408530326,"{""type"":""MultiPoint"",""coordinates"":[]}"
20150502,2015-05-02,94653.38506642556,"{""type"":""MultiPoint"",""coordinates"":[]}"
20150503,2015-05-03,94679.77871106897,"{""type"":""MultiPoint"",""coordinates"":[]}"
20150504,2015-05-04,94824.37078680507,"{""type"":""MultiPoint"",""coordinates"":[]}"
20150505,2015-05-05,94728.29004035104,"{""type"":""MultiPoint"",""coordinates"":[]}"
20150506,2015-05-06,94662.45592919392,"{""type"":""MultiPoint"",""coordinates"":[]}"
20150507,2015-05-07,94704.35639622451,"{""type"":""MultiPoint"",""coordinates"":[]}"
20150508,2015-05-08,94582.95225529422,"{""type"":""MultiPoint"",""coordinates"":[]}"
20150509,2015-05-09,94498.45437977901,"{""type"":""MultiPoint"",""coordinates"":[]}"
20150510,2015-05-10,94580.61832625307,"{""type"":""MultiPoint"",""coordinates"":[]}"
20150511,2015-05-11,94702.33924442086,"{""type"":""MultiPoint"",""coordinates"":[]}"
20150512,2015-05-12,94682.94116056639,"{""type"":""MultiPoint"",""coordinates"":[]}"
20150513,2015-05-13,94669.57413019102,"{""type"":""MultiPoint"",""coordinates"":[]}"
20150514,2015-05-14,94743.50803589799,"{""type"":""MultiPoint"",""coordinates"":[]}"
20150515,2015-05-15,94750.62751802882,"{""type"":""MultiPoint"",""coordinates"":[]}"
20150516,2015-05-16,94570.36973588487,"{""type"":""MultiPoint"",""coordinates"":[]}"
20150517,2015-05-17,94395.28876779658,"{""type"":""MultiPoint"",""coordinates"":[]}"
20150518,2015-05-18,94376.96749123998,"{""type"":""MultiPoint"",""coordinates"":[]}"
20150519,2015-05-19,94344.12156947778,"{""type"":""MultiPoint"",""coordinates"":[]}"
20150520,2015-05-20,94384.88648927535,"{""type"":""MultiPoint"",""coordinates"":[]}"
20150521,2015-05-21,94381.66729756597,"{""type"":""MultiPoint"",""coordinates"":[]}"
20150522,2015-05-22,94386.77264294517,"{""type"":""MultiPoint"",""coordinates"":[]}"
20150523,2015-05-23,94411.66188624827,"{""type"":""MultiPoint"",""coordinates"":[]}"
20150524,2015-05-24,94455.896478807,"{""type"":""MultiPoint"",""coordinates"":[]}"
20150525,2015-05-25,94455.25922186035,"{""type"":""MultiPoint"",""coordinates"":[]}"
20150526,2015-05-26,94453.94296726206,"{""type"":""MultiPoint"",""coordinates"":[]}"
20150527,2015-05-27,94389.36311073764,"{""type"":""MultiPoint"",""coordinates"":[]}"
20150528,2015-05-28,94346.12293069318,"{""type"":""MultiPoint"",""coordinates"":[]}"
20150529,2015-05-29,94378.69724247139,"{""type"":""MultiPoint"",""coordinates"":[]}"
20150530,2015-05-30,94402.40405566763,"{""type"":""MultiPoint"",""coordinates"":[]}"
20150531,2015-05-31,94282.19965632934,"{""type"":""MultiPoint"",""coordinates"":[]}"
20150601,2015-06-01,94359.18136708118,"{""type"":""MultiPoint"",""coordinates"":[]}"
20150602,2015-06-02,94447.45362034815,"{""type"":""MultiPoint"",""coordinates"":[]}"
20150603,2015-06-03,94419.3184474184,"{""type"":""MultiPoint"",""coordinates"":[]}"
20150604,2015-06-04,94484.71292065554,"{""type"":""MultiPoint"",""coordinates"":[]}"
20150605,2015-06-05,94514.53753684922,"{""type"":""MultiPoint"",""coordinates"":[]}"
20150606,2015-06-06,94485.86166316773,"{""type"":""MultiPoint"",""coordinates"":[]}"
20150607,2015-06-07,94486.81094236535,"{""type"":""MultiPoint"",""coordinates"":[]}"
20150608,2015-06-08,94525.1686195339,"{""type"":""MultiPoint"",""coordinates"":[]}"
20150609,2015-06-09,94553.35275052424,"{""type"":""MultiPoint"",""coordinates"":[]}"
20150610,2015-06-10,94455.92770712508,"{""type"":""MultiPoint"",""coordinates"":[]}"
20150611,2015-06-11,94417.7379355529,"{""type"":""MultiPoint"",""coordinates"":[]}"
20150612,2015-06-12,94456.35311352211,"{""type"":""MultiPoint"",""coordinates"":[]}"
20150613,2015-06-13,94381.31407520664,"{""type"":""MultiPoint"",""coordinates"":[]}"
20150614,2015-06-14,94318.14534085404,"{""type"":""MultiPoint"",""coordinates"":[]}"
20150615,2015-06-15,94310.94030417361,"{""type"":""MultiPoint"",""coordinates"":[]}"
20150616,2015-06-16,94250.47617491729,"{""type"":""MultiPoint"",""coordinates"":[]}"
20150617,2015-06-17,94115.13413095508,"{""type"":""MultiPoint"",""coordinates"":[]}"
20150618,2015-06-18,94128.11882190654,"{""type"":""MultiPoint"",""coordinates"":[]}"
20150619,2015-06-19,94078.15184947345,"{""type"":""MultiPoint"",""coordinates"":[]}"
20150620,2015-06-20,93977.37640710875,"{""type"":""MultiPoint"",""coordinates"":[]}"
20150621,2015-06-21,93963.0355122627,"{""type"":""MultiPoint"",""coordinates"":[]}"
20150622,2015-06-22,94125.72011306007,"{""type"":""MultiPoint"",""coordinates"":[]}"
20150623,2015-06-23,94251.04919348312,"{""type"":""MultiPoint"",""coordinates"":[]}"
20150624,2015-06-24,94325.38511020983,"{""type"":""MultiPoint"",""coordinates"":[]}"
20150625,2015-06-25,94270.61535803726,"{""type"":""MultiPoint"",""coordinates"":[]}"
20150626,2015-06-26,94278.01513962817,"{""type"":""MultiPoint"",""coordinates"":[]}"
20150627,2015-06-27,94386.06875454648,"{""type"":""MultiPoint"",""coordinates"":[]}"
20150628,2015-06-28,94611.57027709816,"{""type"":""MultiPoint"",""coordinates"":[]}"
20150629,2015-06-29,94677.90002403251,"{""type"":""MultiPoint"",""coordinates"":[]}"
20150630,2015-06-30,94671.61594292769,"{""type"":""MultiPoint"",""coordinates"":[]}"
20150701,2015-07-01,94718.29518256702,"{""type"":""MultiPoint"",""coordinates"":[]}"
20150702,2015-07-02,94694.9392692931,"{""type"":""MultiPoint"",""coordinates"":[]}"
20150703,2015-07-03,94673.90455123271,"{""type"":""MultiPoint"",""coordinates"":[]}"
20150704,2015-07-04,94583.84669399074,"{""type"":""MultiPoint"",""coordinates"":[]}"
20150705,2015-07-05,94454.06421496267,"{""type"":""MultiPoint"",""coordinates"":[]}"
20150706,2015-07-06,94387.85449917287,"{""type"":""MultiPoint"",""coordinates"":[]}"
20150707,2015-07-07,94334.12151813149,"{""type"":""MultiPoint"",""coordinates"":[]}"
20150708,2015-07-08,94422.84219762126,"{""type"":""MultiPoint"",""coordinates"":[]}"
20150709,2015-07-09,94358.1834152825,"{""type"":""MultiPoint"",""coordinates"":[]}"
20150710,2015-07-10,94186.95141488641,"{""type"":""MultiPoint"",""coordinates"":[]}"
20150711,2015-07-11,94310.26509138822,"{""type"":""MultiPoint"",""coordinates"":[]}"
20150712,2015-07-12,94443.67847919758,"{""type"":""MultiPoint"",""coordinates"":[]}"
20150713,2015-07-13,94404.79096313933,"{""type"":""MultiPoint"",""coordinates"":[]}"
20150714,2015-07-14,94260.78369752373,"{""type"":""MultiPoint"",""coordinates"":[]}"
20150715,2015-07-15,94115.69546703399,"{""type"":""MultiPoint"",""coordinates"":[]}"
20150716,2015-07-16,94050.93472227592,"{""type"":""MultiPoint"",""coordinates"":[]}"
20150717,2015-07-17,94140.86025011778,"{""type"":""MultiPoint"",""coordinates"":[]}"
20150718,2015-07-18,94204.11287521353,"{""type"":""MultiPoint"",""coordinates"":[]}"
20150719,2015-07-19,94218.70370020566,"{""type"":""MultiPoint"",""coordinates"":[]}"
20150720,2015-07-20,94175.42316950792,"{""type"":""MultiPoint"",""coordinates"":[]}"
20150721,2015-07-21,94234.09151255465,"{""type"":""MultiPoint"",""coordinates"":[]}"
20150722,2015-07-22,94307.06791739428,"{""type"":""MultiPoint"",""coordinates"":[]}"
20150723,2015-07-23,94423.11843847444,"{""type"":""MultiPoint"",""coordinates"":[]}"
20150724,2015-07-24,94516.2356338482,"{""type"":""MultiPoint"",""coordinates"":[]}"
20150725,2015-07-25,94455.46845633397,"{""type"":""MultiPoint"",""coordinates"":[]}"
20150726,2015-07-26,94524.77866432794,"{""type"":""MultiPoint"",""coordinates"":[]}"
20150727,2015-07-27,94624.60830234374,"{""type"":""MultiPoint"",""coordinates"":[]}"
20150728,2015-07-28,94655.50154761777,"{""type"":""MultiPoint"",""coordinates"":[]}"
20150729,2015-07-29,94623.21809209487,"{""type"":""MultiPoint"",""coordinates"":[]}"
20150730,2015-07-30,94636.8119486125,"{""type"":""MultiPoint"",""coordinates"":[]}"
20150731,2015-07-31,94617.10711267174,"{""type"":""MultiPoint"",""coordinates"":[]}"
20150801,2015-08-01,94698.86893118442,"{""type"":""MultiPoint"",""coordinates"":[]}"
20150802,2015-08-02,94640.54045099905,"{""type"":""MultiPoint"",""coordinates"":[]}"
20150803,2015-08-03,94516.90945485905,"{""type"":""MultiPoint"",""coordinates"":[]}"
20150804,2015-08-04,94428.51671149152,"{""type"":""MultiPoint"",""coordinates"":[]}"
20150805,2015-08-05,94393.56261880646,"{""type"":""MultiPoint"",""coordinates"":[]}"
20150806,2015-08-06,94337.93545156131,"{""type"":""MultiPoint"",""coordinates"":[]}"
20150807,2015-08-07,94352.12826803995,"{""type"":""MultiPoint"",""coordinates"":[]}"
20150808,2015-08-08,94355.41316645285,"{""type"":""MultiPoint"",""coordinates"":[]}"
20150809,2015-08-09,94215.47024058129,"{""type"":""MultiPoint"",""coordinates"":[]}"
20150810,2015-08-10,94250.524846189,"{""type"":""MultiPoint"",""coordinates"":[]}"
20150811,2015-08-11,94418.15576778856,"{""type"":""MultiPoint"",""coordinates"":[]}"
20150812,2015-08-12,94448.34960460736,"{""type"":""MultiPoint"",""coordinates"":[]}"
20150813,2015-08-13,94442.77785106808,"{""type"":""MultiPoint"",""coordinates"":[]}"
20150814,2015-08-14,94471.17999740878,"{""type"":""MultiPoint"",""coordinates"":[]}"
20150815,2015-08-15,94615.41872960533,"{""type"":""MultiPoint"",""coordinates"":[]}"
20150816,2015-08-16,94691.63669681714,"{""type"":""MultiPoint"",""coordinates"":[]}"
20150817,2015-08-17,94639.33452638303,"{""type"":""MultiPoint"",""coordinates"":[]}"
20150818,2015-08-18,94739.32347755562,"{""type"":""MultiPoint"",""coordinates"":[]}"
20150819,2015-08-19,94795.28399289187,"{""type"":""MultiPoint"",""coordinates"":[]}"
20150820,2015-08-20,94781.27382141349,"{""type"":""MultiPoint"",""coordinates"":[]}"
20150821,2015-08-21,94728.12873059016,"{""type"":""MultiPoint"",""coordinates"":[]}"
20150822,2015-08-22,94583.8380434091,"{""type"":""MultiPoint"",""coordinates"":[]}"
20150823,2015-08-23,94596.74396606395,"{""type"":""MultiPoint"",""coordinates"":[]}"
20150824,2015-08-24,94667.86971924885,"{""type"":""MultiPoint"",""coordinates"":[]}"
20150825,2015-08-25,94580.51420101764,"{""type"":""MultiPoint"",""coordinates"":[]}"
20150826,2015-08-26,94453.69077624586,"{""type"":""MultiPoint"",""coordinates"":[]}"
20150827,2015-08-27,94435.91410816302,"{""type"":""MultiPoint"",""coordinates"":[]}"
20150828,2015-08-28,94509.65520126402,"{""type"":""MultiPoint"",""coordinates"":[]}"
20150829,2015-08-29,94521.83448441607,"{""type"":""MultiPoint"",""coordinates"":[]}"
20150830,2015-08-30,94578.98516354605,"{""type"":""MultiPoint"",""coordinates"":[]}"
20150831,2015-08-31,94658.64439569198,"{""type"":""MultiPoint"",""coordinates"":[]}"
20150901,2015-09-01,94592.0505350849,"{""type"":""MultiPoint"",""coordinates"":[]}"
20150902,2015-09-02,94591.27208797014,"{""type"":""MultiPoint"",""coordinates"":[]}"
20150903,2015-09-03,94749.12707363364,"{""type"":""MultiPoint"",""coordinates"":[]}"
20150904,2015-09-04,94967.99154355215,"{""type"":""MultiPoint"",""coordinates"":[]}"
20150905,2015-09-05,94950.54407744574,"{""type"":""MultiPoint"",""coordinates"":[]}"
20150906,2015-09-06,94869.96771679439,"{""type"":""MultiPoint"",""coordinates"":[]}"
20150907,2015-09-07,94845.22294845799,"{""type"":""MultiPoint"",""coordinates"":[]}"
20150908,2015-09-08,94813.75919372219,"{""type"":""MultiPoint"",""coordinates"":[]}"
20150909,2015-09-09,94790.95324215175,"{""type"":""MultiPoint"",""coordinates"":[]}"
20150910,2015-09-10,94741.10245951678,"{""type"":""MultiPoint"",""coordinates"":[]}"
20150911,2015-09-11,94663.50459636263,"{""type"":""MultiPoint"",""coordinates"":[]}"
20150912,2015-09-12,94690.8120998234,"{""type"":""MultiPoint"",""coordinates"":[]}"
20150913,2015-09-13,94698.51895902836,"{""type"":""MultiPoint"",""coordinates"":[]}"
20150914,2015-09-14,94541.53182734891,"{""type"":""MultiPoint"",""coordinates"":[]}"
20150915,2015-09-15,94401.93982547519,"{""type"":""MultiPoint"",""coordinates"":[]}"
20150916,2015-09-16,94220.39882286476,"{""type"":""MultiPoint"",""coordinates"":[]}"
20150917,2015-09-17,94137.77981328123,"{""type"":""MultiPoint"",""coordinates"":[]}"
20150918,2015-09-18,94331.6526923159,"{""type"":""MultiPoint"",""coordinates"":[]}"
20150919,2015-09-19,94441.62340236524,"{""type"":""MultiPoint"",""coordinates"":[]}"
20150920,2015-09-20,94488.78568283575,"{""type"":""MultiPoint"",""coordinates"":[]}"
20150921,2015-09-21,94590.28263888585,"{""type"":""MultiPoint"",""coordinates"":[]}"
20150922,2015-09-22,94733.42107195423,"{""type"":""MultiPoint"",""coordinates"":[]}"
20150923,2015-09-23,94839.67223804558,"{""type"":""MultiPoint"",""coordinates"":[]}"
20150924,2015-09-24,94765.39917044065,"{""type"":""MultiPoint"",""coordinates"":[]}"
20150925,2015-09-25,94679.3030894856,"{""type"":""MultiPoint"",""coordinates"":[]}"
20150926,2015-09-26,94727.40866835436,"{""type"":""MultiPoint"",""coordinates"":[]}"
20150927,2015-09-27,94720.3060906752,"{""type"":""MultiPoint"",""coordinates"":[]}"
20150928,2015-09-28,94710.73992214006,"{""type"":""MultiPoint"",""coordinates"":[]}"
20150929,2015-09-29,94785.58932172171,"{""type"":""MultiPoint"",""coordinates"":[]}"
20150930,2015-09-30,94910.3278723242,"{""type"":""MultiPoint"",""coordinates"":[]}"
20151001,2015-10-01,95012.90728807503,"{""type"":""MultiPoint"",""coordinates"":[]}"
20151002,2015-10-02,95021.00744602295,"{""type"":""MultiPoint"",""coordinates"":[]}"
20151003,2015-10-03,94984.40119165654,"{""type"":""MultiPoint"",""coordinates"":[]}"
20151004,2015-10-04,94935.93859233067,"{""type"":""MultiPoint"",""coordinates"":[]}"
20151005,2015-10-05,94839.15342566354,"{""type"":""MultiPoint"",""coordinates"":[]}"
20151006,2015-10-06,94775.7531646623,"{""type"":""MultiPoint"",""coordinates"":[]}"
20151007,2015-10-07,94816.31072442011,"{""type"":""MultiPoint"",""coordinates"":[]}"
20151008,2015-10-08,94788.25727234349,"{""type"":""MultiPoint"",""coordinates"":[]}"
20151009,2015-10-09,94731.53384193889,"{""type"":""MultiPoint"",""coordinates"":[]}"
20151010,2015-10-10,94846.61787629688,"{""type"":""MultiPoint"",""coordinates"":[]}"
20151011,2015-10-11,95024.57683188916,"{""type"":""MultiPoint"",""coordinates"":[]}"
20151012,2015-10-12,95060.69449113614,"{""type"":""MultiPoint"",""coordinates"":[]}"
20151013,2015-10-13,95070.64844767978,"{""type"":""MultiPoint"",""coordinates"":[]}"
20151014,2015-10-14,95094.46424508544,"{""type"":""MultiPoint"",""coordinates"":[]}"
20151015,2015-10-15,95057.50820987573,"{""type"":""MultiPoint"",""coordinates"":[]}"
20151016,2015-10-16,95133.44347727942,"{""type"":""MultiPoint"",""coordinates"":[]}"
20151017,2015-10-17,95171.82567198972,"{""type"":""MultiPoint"",""coordinates"":[]}"
20151018,2015-10-18,95242.86805519162,"{""type"":""MultiPoint"",""coordinates"":[]}"
20151019,2015-10-19,95154.71725092769,"{""type"":""MultiPoint"",""coordinates"":[]}"
20151020,2015-10-20,94977.6150540696,"{""type"":""MultiPoint"",""coordinates"":[]}"
20151021,2015-10-21,94970.12619467734,"{""type"":""MultiPoint"",""coordinates"":[]}"
20151022,2015-10-22,95032.71202675163,"{""type"":""MultiPoint"",""coordinates"":[]}"
20151023,2015-10-23,95050.03211213028,"{""type"":""MultiPoint"",""coordinates"":[]}"
20151024,2015-10-24,95034.2824866578,"{""type"":""MultiPoint"",""coordinates"":[]}"
20151025,2015-10-25,95165.5646736747,"{""type"":""MultiPoint"",""coordinates"":[]}"
20151026,2015-10-26,95218.45441292261,"{""type"":""MultiPoint"",""coordinates"":[]}"
20151027,2015-10-27,95159.4433856281,"{""type"":""MultiPoint"",""coordinates"":[]}"
20151028,2015-10-28,95143.82005678584,"{""type"":""MultiPoint"",""coordinates"":[]}"
20151029,2015-10-29,95082.23518496343,"{""type"":""MultiPoint"",""coordinates"":[]}"
20151030,2015-10-30,95010.74103452504,"{""type"":""MultiPoint"",""coordinates"":[]}"
20151031,2015-10-31,94977.73993607008,"{""type"":""MultiPoint"",""coordinates"":[]}"
20151101,2015-11-01,95041.23090019837,"{""type"":""MultiPoint"",""coordinates"":[]}"
20151102,2015-11-02,95128.7290287756,"{""type"":""MultiPoint"",""coordinates"":[]}"
20151103,2015-11-03,95136.16025786428,"{""type"":""MultiPoint"",""coordinates"":[]}"
20151104,2015-11-04,95102.96720645814,"{""type"":""MultiPoint"",""coordinates"":[]}"
20151105,2015-11-05,95084.51153497228,"{""type"":""MultiPoint"",""coordinates"":[]}"
20151106,2015-11-06,95024.69021082655,"{""type"":""MultiPoint"",""coordinates"":[]}"
20151107,2015-11-07,95113.02708695098,"{""type"":""MultiPoint"",""coordinates"":[]}"
20151108,2015-11-08,95142.69437372668,"{""type"":""MultiPoint"",""coordinates"":[]}"
20151109,2015-11-09,95034.96826002328,"{""type"":""MultiPoint"",""coordinates"":[]}"
20151110,2015-11-10,94959.4309532728,"{""type"":""MultiPoint"",""coordinates"":[]}"
20151111,2015-11-11,95067.90377167267,"{""type"":""MultiPoint"",""coordinates"":[]}"
20151112,2015-11-12,95239.66417879706,"{""type"":""MultiPoint"",""coordinates"":[]}"
20151113,2015-11-13,95211.62732850686,"{""type"":""MultiPoint"",""coordinates"":[]}"
20151114,2015-11-14,95021.39443357605,"{""type"":""MultiPoint"",""coordinates"":[]}"
20151115,2015-11-15,94954.69069162053,"{""type"":""MultiPoint"",""coordinates"":[]}"
20151116,2015-11-16,94963.59426427644,"{""type"":""MultiPoint"",""coordinates"":[]}"
20151117,2015-11-17,94915.01781670788,"{""type"":""MultiPoint"",""coordinates"":[]}"
20151118,2015-11-18,95045.0397062715,"{""type"":""MultiPoint"",""coordinates"":[]}"
20151119,2015-11-19,95122.7478383364,"{""type"":""MultiPoint"",""coordinates"":[]}"
20151120,2015-11-20,95149.63455383104,"{""type"":""MultiPoint"",""coordinates"":[]}"
20151121,2015-11-21,95100.51874452824,"{""type"":""MultiPoint"",""coordinates"":[]}"
20151122,2015-11-22,95112.512643634,"{""type"":""MultiPoint"",""coordinates"":[]}"
20151123,2015-11-23,95183.09811686777,"{""type"":""MultiPoint"",""coordinates"":[]}"
20151124,2015-11-24,95173.6452105047,"{""type"":""MultiPoint"",""coordinates"":[]}"
20151125,2015-11-25,95145.11467444904,"{""type"":""MultiPoint"",""coordinates"":[]}"
20151126,2015-11-26,95098.33436363598,"{""type"":""MultiPoint"",""coordinates"":[]}"
20151127,2015-11-27,94986.11009613324,"{""type"":""MultiPoint"",""coordinates"":[]}"
20151128,2015-11-28,95239.81974199411,"{""type"":""MultiPoint"",""coordinates"":[]}"
20151129,2015-11-29,95353.31405841457,"{""type"":""MultiPoint"",""coordinates"":[]}"
20151130,2015-11-30,95374.65016483303,"{""type"":""MultiPoint"",""coordinates"":[]}"
20151201,2015-12-01,95205.36927248692,"{""type"":""MultiPoint"",""coordinates"":[]}"
20151202,2015-12-02,95244.16379057702,"{""type"":""MultiPoint"",""coordinates"":[]}"
20151203,2015-12-03,95206.16103609491,"{""type"":""MultiPoint"",""coordinates"":[]}"
20151204,2015-12-04,95181.4299110813,"{""type"":""MultiPoint"",""coordinates"":[]}"
20151205,2015-12-05,95217.0121055325,"{""type"":""MultiPoint"",""coordinates"":[]}"
20151206,2015-12-06,95255.32721330717,"{""type"":""MultiPoint"",""coordinates"":[]}"
20151207,2015-12-07,95301.36369342405,"{""type"":""MultiPoint"",""coordinates"":[]}"
20151208,2015-12-08,95292.67932636036,"{""type"":""MultiPoint"",""coordinates"":[]}"
20151209,2015-12-09,95305.68441876948,"{""type"":""MultiPoint"",""coordinates"":[]}"
20151210,2015-12-10,95182.09524815691,"{""type"":""MultiPoint"",""coordinates"":[]}"
20151211,2015-12-11,94997.54696425068,"{""type"":""MultiPoint"",""coordinates"":[]}"
20151212,2015-12-12,94926.3928094308,"{""type"":""MultiPoint"",""coordinates"":[]}"
20151213,2015-12-13,95011.66148372505,"{""type"":""MultiPoint"",""coordinates"":[]}"
20151214,2015-12-14,95063.54151902333,"{""type"":""MultiPoint"",""coordinates"":[]}"
20151215,2015-12-15,95086.3302811433,"{""type"":""MultiPoint"",""coordinates"":[]}"
20151216,2015-12-16,95108.64880080298,"{""type"":""MultiPoint"",""coordinates"":[]}"
20151217,2015-12-17,95102.64390771605,"{""type"":""MultiPoint"",""coordinates"":[]}"
20151218,2015-12-18,95211.45352114821,"{""type"":""MultiPoint"",""coordinates"":[]}"
20151219,2015-12-19,95384.01707581861,"{""type"":""MultiPoint"",""coordinates"":[]}"
20151220,2015-12-20,95289.86239775641,"{""type"":""MultiPoint"",""coordinates"":[]}"
20151221,2015-12-21,95275.02717672373,"{""type"":""MultiPoint"",""coordinates"":[]}"
20151222,2015-12-22,95367.21388307105,"{""type"":""MultiPoint"",""coordinates"":[]}"
20151223,2015-12-23,95352.21698881153,"{""type"":""MultiPoint"",""coordinates"":[]}"
20151224,2015-12-24,95368.40475857776,"{""type"":""MultiPoint"",""coordinates"":[]}"
20151225,2015-12-25,95506.26423874585,"{""type"":""MultiPoint"",""coordinates"":[]}"
20151226,2015-12-26,95549.82833086673,"{""type"":""MultiPoint"",""coordinates"":[]}"
20151227,2015-12-27,95617.52374642542,"{""type"":""MultiPoint"",""coordinates"":[]}"
20151228,2015-12-28,95683.07451935395,"{""type"":""MultiPoint"",""coordinates"":[]}"
20151229,2015-12-29,95514.96691871296,"{""type"":""MultiPoint"",""coordinates"":[]}"
20151230,2015-12-30,95395.54083835121,"{""type"":""MultiPoint"",""coordinates"":[]}"
20151231,2015-12-31,95516.39629323884,"{""type"":""MultiPoint"",""coordinates"":[]}"
20160101,2016-01-01,95631.20454069477,"{""type"":""MultiPoint"",""coordinates"":[]}"
20160102,2016-01-02,95576.68619498693,"{""type"":""MultiPoint"",""coordinates"":[]}"
20160103,2016-01-03,95435.4505467608,"{""type"":""MultiPoint"",""coordinates"":[]}"
20160104,2016-01-04,95505.23549882624,"{""type"":""MultiPoint"",""coordinates"":[]}"
20160105,2016-01-05,95407.44686818836,"{""type"":""MultiPoint"",""coordinates"":[]}"
20160106,2016-01-06,95424.47334880427,"{""type"":""MultiPoint"",""coordinates"":[]}"
20160107,2016-01-07,95508.39988919362,"{""type"":""MultiPoint"",""coordinates"":[]}"
20160108,2016-01-08,95429.48043422974,"{""type"":""MultiPoint"",""coordinates"":[]}"
20160109,2016-01-09,95291.59892316886,"{""type"":""MultiPoint"",""coordinates"":[]}"
20160110,2016-01-10,95396.47429810984,"{""type"":""MultiPoint"",""coordinates"":[]}"
20160111,2016-01-11,95382.79570551775,"{""type"":""MultiPoint"",""coordinates"":[]}"
20160112,2016-01-12,95211.77205897044,"{""type"":""MultiPoint"",""coordinates"":[]}"
20160113,2016-01-13,95147.65093717012,"{""type"":""MultiPoint"",""coordinates"":[]}"
20160114,2016-01-14,95137.72811931412,"{""type"":""MultiPoint"",""coordinates"":[]}"
20160115,2016-01-15,95107.54963037076,"{""type"":""MultiPoint"",""coordinates"":[]}"
20160116,2016-01-16,95021.92388235353,"{""type"":""MultiPoint"",""coordinates"":[]}"
20160117,2016-01-17,94981.38438913085,"{""type"":""MultiPoint"",""coordinates"":[]}"
20160118,2016-01-18,94952.90683451058,"{""type"":""MultiPoint"",""coordinates"":[]}"
20160119,2016-01-19,95021.39229524227,"{""type"":""MultiPoint"",""coordinates"":[]}"
20160120,2016-01-20,95212.52107042412,"{""type"":""MultiPoint"",""coordinates"":[]}"
20160121,2016-01-21,95346.08279420763,"{""type"":""MultiPoint"",""coordinates"":[]}"
20160122,2016-01-22,95422.49760760016,"{""type"":""MultiPoint"",""coordinates"":[]}"
20160123,2016-01-23,95470.93285993446,"{""type"":""MultiPoint"",""coordinates"":[]}"
20160124,2016-01-24,95396.57686483585,"{""type"":""MultiPoint"",""coordinates"":[]}"
20160125,2016-01-25,95215.46982637262,"{""type"":""MultiPoint"",""coordinates"":[]}"
20160126,2016-01-26,95161.51172074406,"{""type"":""MultiPoint"",""coordinates"":[]}"
20160127,2016-01-27,95154.74092612875,"{""type"":""MultiPoint"",""coordinates"":[]}"
20160128,2016-01-28,95224.13710954729,"{""type"":""MultiPoint"",""coordinates"":[]}"
20160129,2016-01-29,95351.072981455,"{""type"":""MultiPoint"",""coordinates"":[]}"
20160130,2016-01-30,95311.35797600915,"{""type"":""MultiPoint"",""coordinates"":[]}"
20160131,2016-01-31,95250.69700879192,"{""type"":""MultiPoint"",""coordinates"":[]}"
20160201,2016-02-01,95266.50374398481,"{""type"":""MultiPoint"",""coordinates"":[]}"
20160202,2016-02-02,95250.98067109681,"{""type"":""MultiPoint"",""coordinates"":[]}"
20160203,2016-02-03,95196.55626883742,"{""type"":""MultiPoint"",""coordinates"":[]}"
20160204,2016-02-04,95195.57180080937,"{""type"":""MultiPoint"",""coordinates"":[]}"
20160205,2016-02-05,95136.0353300922,"{""type"":""MultiPoint"",""coordinates"":[]}"
20160206,2016-02-06,95028.97923822314,"{""type"":""MultiPoint"",""coordinates"":[]}"
20160207,2016-02-07,95169.01017290252,"{""type"":""MultiPoint"",""coordinates"":[]}"
20160208,2016-02-08,95132.94883311384,"{""type"":""MultiPoint"",""coordinates"":[]}"
20160209,2016-02-09,95085.12448391935,"{""type"":""MultiPoint"",""coordinates"":[]}"
20160210,2016-02-10,94975.42800349699,"{""type"":""MultiPoint"",""coordinates"":[]}"
20160211,2016-02-11,94948.58216985967,"{""type"":""MultiPoint"",""coordinates"":[]}"
20160212,2016-02-12,94956.53940773604,"{""type"":""MultiPoint"",""coordinates"":[]}"
20160213,2016-02-13,95028.96896815566,"{""type"":""MultiPoint"",""coordinates"":[]}"
20160214,2016-02-14,95124.73291125498,"{""type"":""MultiPoint"",""coordinates"":[]}"
20160215,2016-02-15,95226.13005572557,"{""type"":""MultiPoint"",""coordinates"":[]}"
20160216,2016-02-16,95302.0837446461,"{""type"":""MultiPoint"",""coordinates"":[]}"
20160217,2016-02-17,95336.49978809056,"{""type"":""MultiPoint"",""coordinates"":[]}"
20160218,2016-02-18,95329.0541658106,"{""type"":""MultiPoint"",""coordinates"":[]}"
20160219,2016-02-19,95369.15143176536,"{""type"":""MultiPoint"",""coordinates"":[]}"
20160220,2016-02-20,95270.84470704394,"{""type"":""MultiPoint"",""coordinates"":[]}"
20160221,2016-02-21,95148.79932691163,"{""type"":""MultiPoint"",""coordinates"":[]}"
20160222,2016-02-22,95167.61342742856,"{""type"":""MultiPoint"",""coordinates"":[]}"
20160223,2016-02-23,95020.84773613494,"{""type"":""MultiPoint"",""coordinates"":[]}"
20160224,2016-02-24,94956.42597181657,"{""type"":""MultiPoint"",""coordinates"":[]}"
20160225,2016-02-25,95077.97638355772,"{""type"":""MultiPoint"",""coordinates"":[]}"
20160226,2016-02-26,95264.14246538152,"{""type"":""MultiPoint"",""coordinates"":[]}"
20160227,2016-02-27,95377.62566036006,"{""type"":""MultiPoint"",""coordinates"":[]}"
20160228,2016-02-28,95473.57095470461,"{""type"":""MultiPoint"",""coordinates"":[]}"
20160229,2016-02-29,95412.1247902542,"{""type"":""MultiPoint"",""coordinates"":[]}"
20160301,2016-03-01,95260.95471920994,"{""type"":""MultiPoint"",""coordinates"":[]}"
20160302,2016-03-02,95333.5185490789,"{""type"":""MultiPoint"",""coordinates"":[]}"
20160303,2016-03-03,95342.30695882809,"{""type"":""MultiPoint"",""coordinates"":[]}"
20160304,2016-03-04,95213.98231347202,"{""type"":""MultiPoint"",""coordinates"":[]}"
20160305,2016-03-05,95082.95297436556,"{""type"":""MultiPoint"",""coordinates"":[]}"
20160306,2016-03-06,95027.22563563561,"{""type"":""MultiPoint"",""coordinates"":[]}"
20160307,2016-03-07,94980.44282404728,"{""type"":""MultiPoint"",""coordinates"":[]}"
20160308,2016-03-08,94939.565886731,"{""type"":""MultiPoint"",""coordinates"":[]}"
20160309,2016-03-09,95013.4770335482,"{""type"":""MultiPoint"",""coordinates"":[]}"
20160310,2016-03-10,95064.7364978234,"{""type"":""MultiPoint"",""coordinates"":[]}"
20160311,2016-03-11,95080.83233542106,"{""type"":""MultiPoint"",""coordinates"":[]}"
20160312,2016-03-12,94924.82082232746,"{""type"":""MultiPoint"",""coordinates"":[]}"
20160313,2016-03-13,94926.68308932084,"{""type"":""MultiPoint"",""coordinates"":[]}"
20160314,2016-03-14,94973.82050744095,"{""type"":""MultiPoint"",""coordinates"":[]}"
20160315,2016-03-15,94969.56543315978,"{""type"":""MultiPoint"",""coordinates"":[]}"
20160316,2016-03-16,94910.64482130107,"{""type"":""MultiPoint"",""coordinates"":[]}"
20160317,2016-03-17,94960.26721461168,"{""type"":""MultiPoint"",""coordinates"":[]}"
20160318,2016-03-18,94871.41769592512,"{""type"":""MultiPoint"",""coordinates"":[]}"
20160319,2016-03-19,94944.2473940631,"{""type"":""MultiPoint"",""coordinates"":[]}"
20160320,2016-03-20,94965.34439714879,"{""type"":""MultiPoint"",""coordinates"":[]}"
20160321,2016-03-21,94831.65969209213,"{""type"":""MultiPoint"",""coordinates"":[]}"
20160322,2016-03-22,94752.60256959501,"{""type"":""MultiPoint"",""coordinates"":[]}"
20160323,2016-03-23,94870.71740866928,"{""type"":""MultiPoint"",""coordinates"":[]}"
20160324,2016-03-24,95067.28678772677,"{""type"":""MultiPoint"",""coordinates"":[]}"
20160325,2016-03-25,95122.3660476277,"{""type"":""MultiPoint"",""coordinates"":[]}"
20160326,2016-03-26,95053.55690295149,"{""type"":""MultiPoint"",""coordinates"":[]}"
20160327,2016-03-27,95025.04058652313,"{""type"":""MultiPoint"",""coordinates"":[]}"
20160328,2016-03-28,95104.97727666129,"{""type"":""MultiPoint"",""coordinates"":[]}"
20160329,2016-03-29,95075.85871881776,"{""type"":""MultiPoint"",""coordinates"":[]}"
20160330,2016-03-30,95075.15523236587,"{""type"":""MultiPoint"",""coordinates"":[]}"
20160331,2016-03-31,94928.27316921894,"{""type"":""MultiPoint"",""coordinates"":[]}"
20160401,2016-04-01,94807.49995213299,"{""type"":""MultiPoint"",""coordinates"":[]}"
20160402,2016-04-02,94882.0252864743,"{""type"":""MultiPoint"",""coordinates"":[]}"
20160403,2016-04-03,94947.35448057689,"{""type"":""MultiPoint"",""coordinates"":[]}"
20160404,2016-04-04,94802.09928735376,"{""type"":""MultiPoint"",""coordinates"":[]}"
20160405,2016-04-05,94845.78184113649,"{""type"":""MultiPoint"",""coordinates"":[]}"
20160406,2016-04-06,94886.37431749684,"{""type"":""MultiPoint"",""coordinates"":[]}"
20160407,2016-04-07,94834.92650365138,"{""type"":""MultiPoint"",""coordinates"":[]}"
20160408,2016-04-08,94825.95127383513,"{""type"":""MultiPoint"",""coordinates"":[]}"
20160409,2016-04-09,94917.73259437442,"{""type"":""MultiPoint"",""coordinates"":[]}"
20160410,2016-04-10,94947.45272944172,"{""type"":""MultiPoint"",""coordinates"":[]}"
20160411,2016-04-11,94815.37228808831,"{""type"":""MultiPoint"",""coordinates"":[]}"
20160412,2016-04-12,94657.51843099786,"{""type"":""MultiPoint"",""coordinates"":[]}"
20160413,2016-04-13,94489.3098608519,"{""type"":""MultiPoint"",""coordinates"":[]}"
20160414,2016-04-14,94623.87635586444,"{""type"":""MultiPoint"",""coordinates"":[]}"
20160415,2016-04-15,94720.31106358606,"{""type"":""MultiPoint"",""coordinates"":[]}"
20160416,2016-04-16,94656.77006895817,"{""type"":""MultiPoint"",""coordinates"":[]}"
20160417,2016-04-17,94616.38537718901,"{""type"":""MultiPoint"",""coordinates"":[]}"
20160418,2016-04-18,94726.68225388446,"{""type"":""MultiPoint"",""coordinates"":[]}"
20160419,2016-04-19,94783.36143684661,"{""type"":""MultiPoint"",""coordinates"":[]}"
20160420,2016-04-20,94829.50086790876,"{""type"":""MultiPoint"",""coordinates"":[]}"
20160421,2016-04-21,94646.05857034544,"{""type"":""MultiPoint"",""coordinates"":[]}"
20160422,2016-04-22,94504.66260123027,"{""type"":""MultiPoint"",""coordinates"":[]}"
20160423,2016-04-23,94421.523237181,"{""type"":""MultiPoint"",""coordinates"":[]}"
20160424,2016-04-24,94387.32277895889,"{""type"":""MultiPoint"",""coordinates"":[]}"
20160425,2016-04-25,94518.62171362169,"{""type"":""MultiPoint"",""coordinates"":[]}"
20160426,2016-04-26,94717.71286452792,"{""type"":""MultiPoint"",""coordinates"":[]}"
20160427,2016-04-27,94668.65423930968,"{""type"":""MultiPoint"",""coordinates"":[]}"
20160428,2016-04-28,94627.98634018323,"{""type"":""MultiPoint"",""coordinates"":[]}"
20160429,2016-04-29,94689.59280584854,"{""type"":""MultiPoint"",""coordinates"":[]}"
20160430,2016-04-30,94710.05905850469,"{""type"":""MultiPoint"",""coordinates"":[]}"
20160501,2016-05-01,94624.81785340633,"{""type"":""MultiPoint"",""coordinates"":[]}"
20160502,2016-05-02,94627.6317233705,"{""type"":""MultiPoint"",""coordinates"":[]}"
20160503,2016-05-03,94667.34003392303,"{""type"":""MultiPoint"",""coordinates"":[]}"
20160504,2016-05-04,94704.53773675436,"{""type"":""MultiPoint"",""coordinates"":[]}"
20160505,2016-05-05,94745.97522700872,"{""type"":""MultiPoint"",""coordinates"":[]}"
20160506,2016-05-06,94759.6824762176,"{""type"":""MultiPoint"",""coordinates"":[]}"
20160507,2016-05-07,94719.3894948192,"{""type"":""MultiPoint"",""coordinates"":[]}"
20160508,2016-05-08,94809.94147054302,"{""type"":""MultiPoint"",""coordinates"":[]}"
20160509,2016-05-09,94799.7699866725,"{""type"":""MultiPoint"",""coordinates"":[]}"
20160510,2016-05-10,94810.18495533844,"{""type"":""MultiPoint"",""coordinates"":[]}"
20160511,2016-05-11,94685.47183660853,"{""type"":""MultiPoint"",""coordinates"":[]}"
20160512,2016-05-12,94507.63217582945,"{""type"":""MultiPoint"",""coordinates"":[]}"
20160513,2016-05-13,94511.59405290983,"{""type"":""MultiPoint"",""coordinates"":[]}"
20160514,2016-05-14,94617.8692055082,"{""type"":""MultiPoint"",""coordinates"":[]}"
20160515,2016-05-15,94631.73599619538,"{""type"":""MultiPoint"",""coordinates"":[]}"
20160516,2016-05-16,94436.31520931437,"{""type"":""MultiPoint"",""coordinates"":[]}"
20160517,2016-05-17,94271.11491828779,"{""type"":""MultiPoint"",""coordinates"":[]}"
20160518,2016-05-18,94135.69401182058,"{""type"":""MultiPoint"",""coordinates"":[]}"
20160519,2016-05-19,94063.12235261183,"{""type"":""MultiPoint"",""coordinates"":[]}"
20160520,2016-05-20,94065.84503340586,"{""type"":""MultiPoint"",""coordinates"":[]}"
20160521,2016-05-21,94257.43318670313,"{""type"":""MultiPoint"",""coordinates"":[]}"
20160522,2016-05-22,94391.3504603627,"{""type"":""MultiPoint"",""coordinates"":[]}"
20160523,2016-05-23,94472.62219381871,"{""type"":""MultiPoint"",""coordinates"":[]}"
20160524,2016-05-24,94403.8000295978,"{""type"":""MultiPoint"",""coordinates"":[]}"
20160525,2016-05-25,94380.370438368,"{""type"":""MultiPoint"",""coordinates"":[]}"
20160526,2016-05-26,94448.60438337743,"{""type"":""MultiPoint"",""coordinates"":[]}"
20160527,2016-05-27,94507.71036923912,"{""type"":""MultiPoint"",""coordinates"":[]}"
20160528,2016-05-28,94475.81995987151,"{""type"":""MultiPoint"",""coordinates"":[]}"
20160529,2016-05-29,94423.60290296245,"{""type"":""MultiPoint"",""coordinates"":[]}"
20160530,2016-05-30,94400.9452248023,"{""type"":""MultiPoint"",""coordinates"":[]}"
20160531,2016-05-31,94514.43302977506,"{""type"":""MultiPoint"",""coordinates"":[]}"
20160601,2016-06-01,94493.18158124221,"{""type"":""MultiPoint"",""coordinates"":[]}"
20160602,2016-06-02,94483.37875510046,"{""type"":""MultiPoint"",""coordinates"":[]}"
20160603,2016-06-03,94386.47530744958,"{""type"":""MultiPoint"",""coordinates"":[]}"
20160604,2016-06-04,94376.02607179893,"{""type"":""MultiPoint"",""coordinates"":[]}"
20160605,2016-06-05,94427.74849729249,"{""type"":""MultiPoint"",""coordinates"":[]}"
20160606,2016-06-06,94437.65393521977,"{""type"":""MultiPoint"",""coordinates"":[]}"
20160607,2016-06-07,94422.3187396941,"{""type"":""MultiPoint"",""coordinates"":[]}"
20160608,2016-06-08,94376.65562130495,"{""type"":""MultiPoint"",""coordinates"":[]}"
20160609,2016-06-09,94417.17735257065,"{""type"":""MultiPoint"",""coordinates"":[]}"
20160610,2016-06-10,94436.37651610172,"{""type"":""MultiPoint"",""coordinates"":[]}"
20160611,2016-06-11,94503.67207974753,"{""type"":""MultiPoint"",""coordinates"":[]}"
20160612,2016-06-12,94505.39948135999,"{""type"":""MultiPoint"",""coordinates"":[]}"
20160613,2016-06-13,94515.0394873631,"{""type"":""MultiPoint"",""coordinates"":[]}"
20160614,2016-06-14,94429.41590317331,"{""type"":""MultiPoint"",""coordinates"":[]}"
20160615,2016-06-15,94346.41036129594,"{""type"":""MultiPoint"",""coordinates"":[]}"
20160616,2016-06-16,94254.64232582906,"{""type"":""MultiPoint"",""coordinates"":[]}"
20160617,2016-06-17,94205.54517754145,"{""type"":""MultiPoint"",""coordinates"":[]}"
20160618,2016-06-18,94279.8761691026,"{""type"":""MultiPoint"",""coordinates"":[]}"
20160619,2016-06-19,94215.56652892899,"{""type"":""MultiPoint"",""coordinates"":[]}"
20160620,2016-06-20,94224.01252610235,"{""type"":""MultiPoint"",""coordinates"":[]}"
20160621,2016-06-21,94311.19469109556,"{""type"":""MultiPoint"",""coordinates"":[]}"
20160622,2016-06-22,94421.09048514103,"{""type"":""MultiPoint"",""coordinates"":[]}"
20160623,2016-06-23,94394.80775392544,"{""type"":""MultiPoint"",""coordinates"":[]}"
20160624,2016-06-24,94309.1674830664,"{""type"":""MultiPoint"",""coordinates"":[]}"
20160625,2016-06-25,94397.17873620018,"{""type"":""MultiPoint"",""coordinates"":[]}"
20160626,2016-06-26,94375.28309053766,"{""type"":""MultiPoint"",""coordinates"":[]}"
20160627,2016-06-27,94212.11249635268,"{""type"":""MultiPoint"",""coordinates"":[]}"
20160628,2016-06-28,94147.7339665899,"{""type"":""MultiPoint"",""coordinates"":[]}"
20160629,2016-06-29,94162.14417603775,"{""type"":""MultiPoint"",""coordinates"":[]}"
20160630,2016-06-30,94208.26069833526,"{""type"":""MultiPoint"",""coordinates"":[]}"
20160701,2016-07-01,94168.04521198048,"{""type"":""MultiPoint"",""coordinates"":[]}"
20160702,2016-07-02,94234.26627527544,"{""type"":""MultiPoint"",""coordinates"":[]}"
20160703,2016-07-03,94332.464694262,"{""type"":""MultiPoint"",""coordinates"":[]}"
20160704,2016-07-04,94356.22077285047,"{""type"":""MultiPoint"",""coordinates"":[]}"
20160705,2016-07-05,94309.57392331392,"{""type"":""MultiPoint"",""coordinates"":[]}"
20160706,2016-07-06,94295.41395255076,"{""type"":""MultiPoint"",""coordinates"":[]}"
20160707,2016-07-07,94308.90001063146,"{""type"":""MultiPoint"",""coordinates"":[]}"
20160708,2016-07-08,94161.96000964542,"{""type"":""MultiPoint"",""coordinates"":[]}"
20160709,2016-07-09,94108.72182273939,"{""type"":""MultiPoint"",""coordinates"":[]}"
20160710,2016-07-10,94081.61688216895,"{""type"":""MultiPoint"",""coordinates"":[]}"
20160711,2016-07-11,94110.26779282159,"{""type"":""MultiPoint"",""coordinates"":[]}"
20160712,2016-07-12,94304.22791384076,"{""type"":""MultiPoint"",""coordinates"":[]}"
20160713,2016-07-13,94370.31784734335,"{""type"":""MultiPoint"",""coordinates"":[]}"
20160714,2016-07-14,94386.92096547046,"{""type"":""MultiPoint"",""coordinates"":[]}"
20160715,2016-07-15,94426.41675604632,"{""type"":""MultiPoint"",""coordinates"":[]}"
20160716,2016-07-16,94598.06164736432,"{""type"":""MultiPoint"",""coordinates"":[]}"
20160717,2016-07-17,94745.70348185356,"{""type"":""MultiPoint"",""coordinates"":[]}"
20160718,2016-07-18,94695.80256539556,"{""type"":""MultiPoint"",""coordinates"":[]}"
20160719,2016-07-19,94651.58790024172,"{""type"":""MultiPoint"",""coordinates"":[]}"
20160720,2016-07-20,94512.19641050712,"{""type"":""MultiPoint"",""coordinates"":[]}"
20160721,2016-07-21,94408.53295134452,"{""type"":""MultiPoint"",""coordinates"":[]}"
20160722,2016-07-22,94343.20621426718,"{""type"":""MultiPoint"",""coordinates"":[]}"
20160723,2016-07-23,94345.71120992488,"{""type"":""MultiPoint"",""coordinates"":[]}"
20160724,2016-07-24,94369.40098723449,"{""type"":""MultiPoint"",""coordinates"":[]}"
20160725,2016-07-25,94423.24124547796,"{""type"":""MultiPoint"",""coordinates"":[]}"
20160726,2016-07-26,94474.72778576324,"{""type"":""MultiPoint"",""coordinates"":[]}"
20160727,2016-07-27,94541.9439809897,"{""type"":""MultiPoint"",""coordinates"":[]}"
20160728,2016-07-28,94502.62022148064,"{""type"":""MultiPoint"",""coordinates"":[]}"
20160729,2016-07-29,94418.85267962553,"{""type"":""MultiPoint"",""coordinates"":[]}"
20160730,2016-07-30,94406.48596950823,"{""type"":""MultiPoint"",""coordinates"":[]}"
20160731,2016-07-31,94480.96751703165,"{""type"":""MultiPoint"",""coordinates"":[]}"
20160801,2016-08-01,94334.4933738017,"{""type"":""MultiPoint"",""coordinates"":[]}"
20160802,2016-08-02,94072.74601497079,"{""type"":""MultiPoint"",""coordinates"":[]}"
20160803,2016-08-03,94134.5775504319,"{""type"":""MultiPoint"",""coordinates"":[]}"
20160804,2016-08-04,94233.46446929718,"{""type"":""MultiPoint"",""coordinates"":[]}"
20160805,2016-08-05,94249.9814231626,"{""type"":""MultiPoint"",""coordinates"":[]}"
20160806,2016-08-06,94311.35096196356,"{""type"":""MultiPoint"",""coordinates"":[]}"
20160807,2016-08-07,94477.0697940391,"{""type"":""MultiPoint"",""coordinates"":[]}"
20160808,2016-08-08,94552.31927379436,"{""type"":""MultiPoint"",""coordinates"":[]}"
20160809,2016-08-09,94525.77106995604,"{""type"":""MultiPoint"",""coordinates"":[]}"
20160810,2016-08-10,94599.60366644907,"{""type"":""MultiPoint"",""coordinates"":[]}"
20160811,2016-08-11,94694.86928200853,"{""type"":""MultiPoint"",""coordinates"":[]}"
20160812,2016-08-12,94614.40578548277,"{""type"":""MultiPoint"",""coordinates"":[]}"
20160813,2016-08-13,94492.03041522129,"{""type"":""MultiPoint"",""coordinates"":[]}"
20160814,2016-08-14,94445.73869187782,"{""type"":""MultiPoint"",""coordinates"":[]}"
20160815,2016-08-15,94368.91886173832,"{""type"":""MultiPoint"",""coordinates"":[]}"
20160816,2016-08-16,94273.50059420863,"{""type"":""MultiPoint"",""coordinates"":[]}"
20160817,2016-08-17,94276.21161349252,"{""type"":""MultiPoint"",""coordinates"":[]}"
20160818,2016-08-18,94363.28979886557,"{""type"":""MultiPoint"",""coordinates"":[]}"
20160819,2016-08-19,94399.66140161564,"{""type"":""MultiPoint"",""coordinates"":[]}"
20160820,2016-08-20,94432.42739255028,"{""type"":""MultiPoint"",""coordinates"":[]}"
20160821,2016-08-21,94508.46835480808,"{""type"":""MultiPoint"",""coordinates"":[]}"
20160822,2016-08-22,94560.35331200325,"{""type"":""MultiPoint"",""coordinates"":[]}"
20160823,2016-08-23,94499.85500866827,"{""type"":""MultiPoint"",""coordinates"":[]}"
20160824,2016-08-24,94450.1111048218,"{""type"":""MultiPoint"",""coordinates"":[]}"
20160825,2016-08-25,94524.11996554957,"{""type"":""MultiPoint"",""coordinates"":[]}"
20160826,2016-08-26,94479.67085028556,"{""type"":""MultiPoint"",""coordinates"":[]}"
20160827,2016-08-27,94504.92830075753,"{""type"":""MultiPoint"",""coordinates"":[]}"
20160828,2016-08-28,94555.63076702495,"{""type"":""MultiPoint"",""coordinates"":[]}"
20160829,2016-08-29,94434.01272102963,"{""type"":""MultiPoint"",""coordinates"":[]}"
20160830,2016-08-30,94387.6263110763,"{""type"":""MultiPoint"",""coordinates"":[]}"
20160831,2016-08-31,94482.75503432169,"{""type"":""MultiPoint"",""coordinates"":[]}"
20160901,2016-09-01,94580.76972003281,"{""type"":""MultiPoint"",""coordinates"":[]}"
20160902,2016-09-02,94562.36893038417,"{""type"":""MultiPoint"",""coordinates"":[]}"
20160903,2016-09-03,94591.3025442154,"{""type"":""MultiPoint"",""coordinates"":[]}"
20160904,2016-09-04,94743.66149748568,"{""type"":""MultiPoint"",""coordinates"":[]}"
20160905,2016-09-05,94796.62431462784,"{""type"":""MultiPoint"",""coordinates"":[]}"
20160906,2016-09-06,94811.79113741565,"{""type"":""MultiPoint"",""coordinates"":[]}"
20160907,2016-09-07,94718.47243968834,"{""type"":""MultiPoint"",""coordinates"":[]}"
20160908,2016-09-08,94742.2927271695,"{""type"":""MultiPoint"",""coordinates"":[]}"
20160909,2016-09-09,94741.92956564153,"{""type"":""MultiPoint"",""coordinates"":[]}"
20160910,2016-09-10,94663.99131247033,"{""type"":""MultiPoint"",""coordinates"":[]}"
20160911,2016-09-11,94549.76109543983,"{""type"":""MultiPoint"",""coordinates"":[]}"
20160912,2016-09-12,94507.66052846464,"{""type"":""MultiPoint"",""coordinates"":[]}"
20160913,2016-09-13,94515.00609800528,"{""type"":""MultiPoint"",""coordinates"":[]}"
20160914,2016-09-14,94427.60208399247,"{""type"":""MultiPoint"",""coordinates"":[]}"
20160915,2016-09-15,94367.06162326112,"{""type"":""MultiPoint"",""coordinates"":[]}"
20160916,2016-09-16,94355.33139110019,"{""type"":""MultiPoint"",""coordinates"":[]}"
20160917,2016-09-17,94444.89528961618,"{""type"":""MultiPoint"",""coordinates"":[]}"
20160918,2016-09-18,94602.79149380127,"{""type"":""MultiPoint"",""coordinates"":[]}"
20160919,2016-09-19,94587.75987042666,"{""type"":""MultiPoint"",""coordinates"":[]}"
20160920,2016-09-20,94501.77924182586,"{""type"":""MultiPoint"",""coordinates"":[]}"
20160921,2016-09-21,94502.79592016687,"{""type"":""MultiPoint"",""coordinates"":[]}"
20160922,2016-09-22,94453.57865735728,"{""type"":""MultiPoint"",""coordinates"":[]}"
20160923,2016-09-23,94203.84394788415,"{""type"":""MultiPoint"",""coordinates"":[]}"
20160924,2016-09-24,94095.99322398109,"{""type"":""MultiPoint"",""coordinates"":[]}"
20160925,2016-09-25,94254.57096687162,"{""type"":""MultiPoint"",""coordinates"":[]}"
20160926,2016-09-26,94480.20215630461,"{""type"":""MultiPoint"",""coordinates"":[]}"
20160927,2016-09-27,94561.65275359113,"{""type"":""MultiPoint"",""coordinates"":[]}"
20160928,2016-09-28,94465.05945575832,"{""type"":""MultiPoint"",""coordinates"":[]}"
20160929,2016-09-29,94422.15521643509,"{""type"":""MultiPoint"",""coordinates"":[]}"
20160930,2016-09-30,94384.49792751907,"{""type"":""MultiPoint"",""coordinates"":[]}"
20161001,2016-10-01,94484.05433131129,"{""type"":""MultiPoint"",""coordinates"":[]}"
20161002,2016-10-02,94696.5135065307,"{""type"":""MultiPoint"",""coordinates"":[]}"
20161003,2016-10-03,94733.87708859489,"{""type"":""MultiPoint"",""coordinates"":[]}"
20161004,2016-10-04,94750.1450417217,"{""type"":""MultiPoint"",""coordinates"":[]}"
20161005,2016-10-05,94683.93757974904,"{""type"":""MultiPoint"",""coordinates"":[]}"
20161006,2016-10-06,94717.61072172907,"{""type"":""MultiPoint"",""coordinates"":[]}"
20161007,2016-10-07,94697.81880614384,"{""type"":""MultiPoint"",""coordinates"":[]}"
20161008,2016-10-08,94729.48496531587,"{""type"":""MultiPoint"",""coordinates"":[]}"
20161009,2016-10-09,94679.35696184744,"{""type"":""MultiPoint"",""coordinates"":[]}"
20161010,2016-10-10,94679.14072289773,"{""type"":""MultiPoint"",""coordinates"":[]}"
20161011,2016-10-11,94743.5996153296,"{""type"":""MultiPoint"",""coordinates"":[]}"
20161012,2016-10-12,94778.5689245029,"{""type"":""MultiPoint"",""coordinates"":[]}"
20161013,2016-10-13,94892.2140448479,"{""type"":""MultiPoint"",""coordinates"":[]}"
20161014,2016-10-14,94956.8998102787,"{""type"":""MultiPoint"",""coordinates"":[]}"
20161015,2016-10-15,94996.4731310352,"{""type"":""MultiPoint"",""coordinates"":[]}"
20161016,2016-10-16,95021.12846721263,"{""type"":""MultiPoint"",""coordinates"":[]}"
20161017,2016-10-17,94934.92639067747,"{""type"":""MultiPoint"",""coordinates"":[]}"
20161018,2016-10-18,94855.07112061889,"{""type"":""MultiPoint"",""coordinates"":[]}"
20161019,2016-10-19,94770.42239137884,"{""type"":""MultiPoint"",""coordinates"":[]}"
20161020,2016-10-20,94711.55798729304,"{""type"":""MultiPoint"",""coordinates"":[]}"
20161021,2016-10-21,94827.72790577024,"{""type"":""MultiPoint"",""coordinates"":[]}"
20161022,2016-10-22,94960.08663893162,"{""type"":""MultiPoint"",""coordinates"":[]}"
20161023,2016-10-23,94977.85590046956,"{""type"":""MultiPoint"",""coordinates"":[]}"
20161024,2016-10-24,94916.50338212615,"{""type"":""MultiPoint"",""coordinates"":[]}"
20161025,2016-10-25,94879.76697148467,"{""type"":""MultiPoint"",""coordinates"":[]}"
20161026,2016-10-26,94964.74182910693,"{""type"":""MultiPoint"",""coordinates"":[]}"
20161027,2016-10-27,95060.63656405325,"{""type"":""MultiPoint"",""coordinates"":[]}"
20161028,2016-10-28,94976.13254788131,"{""type"":""MultiPoint"",""coordinates"":[]}"
20161029,2016-10-29,95013.1865848755,"{""type"":""MultiPoint"",""coordinates"":[]}"
20161030,2016-10-30,95122.16113768202,"{""type"":""MultiPoint"",""coordinates"":[]}"
20161031,2016-10-31,95288.10881348027,"{""type"":""MultiPoint"",""coordinates"":[]}"
20161101,2016-11-01,95161.44306625168,"{""type"":""MultiPoint"",""coordinates"":[]}"
20161102,2016-11-02,95121.63426418681,"{""type"":""MultiPoint"",""coordinates"":[]}"
20161103,2016-11-03,95074.11669100587,"{""type"":""MultiPoint"",""coordinates"":[]}"
20161104,2016-11-04,94878.09336637131,"{""type"":""MultiPoint"",""coordinates"":[]}"
20161105,2016-11-05,94812.76232817743,"{""type"":""MultiPoint"",""coordinates"":[]}"
20161106,2016-11-06,95032.10580392154,"{""type"":""MultiPoint"",""coordinates"":[]}"
20161107,2016-11-07,95158.14485713023,"{""type"":""MultiPoint"",""coordinates"":[]}"
20161108,2016-11-08,95216.99442347357,"{""type"":""MultiPoint"",""coordinates"":[]}"
20161109,2016-11-09,95256.37609694256,"{""type"":""MultiPoint"",""coordinates"":[]}"
20161110,2016-11-10,95177.43993702513,"{""type"":""MultiPoint"",""coordinates"":[]}"
20161111,2016-11-11,95153.69968668536,"{""type"":""MultiPoint"",""coordinates"":[]}"
20161112,2016-11-12,95246.99207187438,"{""type"":""MultiPoint"",""coordinates"":[]}"
20161113,2016-11-13,95314.28505338122,"{""type"":""MultiPoint"",""coordinates"":[]}"
20161114,2016-11-14,95234.46003961518,"{""type"":""MultiPoint"",""coordinates"":[]}"
20161115,2016-11-15,95195.39962183476,"{""type"":""MultiPoint"",""coordinates"":[]}"
20161116,2016-11-16,95238.61380178621,"{""type"":""MultiPoint"",""coordinates"":[]}"
20161117,2016-11-17,95258.15670182828,"{""type"":""MultiPoint"",""coordinates"":[]}"
20161118,2016-11-18,95144.06504177935,"{""type"":""MultiPoint"",""coordinates"":[]}"
20161119,2016-11-19,95049.74148333514,"{""type"":""MultiPoint"",""coordinates"":[]}"
20161120,2016-11-20,95095.56528457368,"{""type"":""MultiPoint"",""coordinates"":[]}"
20161121,2016-11-21,95108.84307705253,"{""type"":""MultiPoint"",""coordinates"":[]}"
20161122,2016-11-22,95079.52396428926,"{""type"":""MultiPoint"",""coordinates"":[]}"
20161123,2016-11-23,95074.8958170635,"{""type"":""MultiPoint"",""coordinates"":[]}"
20161124,2016-11-24,95125.34436829833,"{""type"":""MultiPoint"",""coordinates"":[]}"
20161125,2016-11-25,95073.22071312842,"{""type"":""MultiPoint"",""coordinates"":[]}"
20161126,2016-11-26,95156.78038692706,"{""type"":""MultiPoint"",""coordinates"":[]}"
20161127,2016-11-27,95130.19961888604,"{""type"":""MultiPoint"",""coordinates"":[]}"
20161128,2016-11-28,95152.73394852287,"{""type"":""MultiPoint"",""coordinates"":[]}"
20161129,2016-11-29,95204.31375746465,"{""type"":""MultiPoint"",""coordinates"":[]}"
20161130,2016-11-30,95248.7405257554,"{""type"":""MultiPoint"",""coordinates"":[]}"
20161201,2016-12-01,95184.05026336548,"{""type"":""MultiPoint"",""coordinates"":[]}"
20161202,2016-12-02,95226.48341592132,"{""type"":""MultiPoint"",""coordinates"":[]}"
20161203,2016-12-03,95375.51654190167,"{""type"":""MultiPoint"",""coordinates"":[]}"
20161204,2016-12-04,95405.47769583459,"{""type"":""MultiPoint"",""coordinates"":[]}"
20161205,2016-12-05,95286.32264320418,"{""type"":""MultiPoint"",""coordinates"":[]}"
20161206,2016-12-06,95247.94912012665,"{""type"":""MultiPoint"",""coordinates"":[]}"
20161207,2016-12-07,95234.88502053896,"{""type"":""MultiPoint"",""coordinates"":[]}"
20161208,2016-12-08,95156.25382222133,"{""type"":""MultiPoint"",""coordinates"":[]}"
20161209,2016-12-09,95023.09803207943,"{""type"":""MultiPoint"",""coordinates"":[]}"
20161210,2016-12-10,94958.72966822716,"{""type"":""MultiPoint"",""coordinates"":[]}"
20161211,2016-12-11,94891.04470096619,"{""type"":""MultiPoint"",""coordinates"":[]}"
20161212,2016-12-12,94900.8909293611,"{""type"":""MultiPoint"",""coordinates"":[]}"
20161213,2016-12-13,94984.79857489988,"{""type"":""MultiPoint"",""coordinates"":[]}"
20161214,2016-12-14,95170.21750339314,"{""type"":""MultiPoint"",""coordinates"":[]}"
20161215,2016-12-15,95251.75152525767,"{""type"":""MultiPoint"",""coordinates"":[]}"
20161216,2016-12-16,95366.73647523954,"{""type"":""MultiPoint"",""coordinates"":[]}"
20161217,2016-12-17,95328.17818735604,"{""type"":""MultiPoint"",""coordinates"":[]}"
20161218,2016-12-18,95347.53623200543,"{""type"":""MultiPoint"",""coordinates"":[]}"
20161219,2016-12-19,95326.99495798093,"{""type"":""MultiPoint"",""coordinates"":[]}"
20161220,2016-12-20,95315.9735891637,"{""type"":""MultiPoint"",""coordinates"":[]}"
20161221,2016-12-21,95339.0810968646,"{""type"":""MultiPoint"",""coordinates"":[]}"
20161222,2016-12-22,95242.85715368202,"{""type"":""MultiPoint"",""coordinates"":[]}"
20161223,2016-12-23,95080.80182323825,"{""type"":""MultiPoint"",""coordinates"":[]}"
20161224,2016-12-24,94984.07159341685,"{""type"":""MultiPoint"",""coordinates"":[]}"
20161225,2016-12-25,95114.45190836943,"{""type"":""MultiPoint"",""coordinates"":[]}"
20161226,2016-12-26,95206.051796151,"{""type"":""MultiPoint"",""coordinates"":[]}"
20161227,2016-12-27,95233.26893898779,"{""type"":""MultiPoint"",""coordinates"":[]}"
20161228,2016-12-28,95272.15554207134,"{""type"":""MultiPoint"",""coordinates"":[]}"
20161229,2016-12-29,95303.4015162078,"{""type"":""MultiPoint"",""coordinates"":[]}"
20161230,2016-12-30,95309.72448136525,"{""type"":""MultiPoint"",""coordinates"":[]}"
20161231,2016-12-31,95238.20290731249,"{""type"":""MultiPoint"",""coordinates"":[]}"
20170101,2017-01-01,95236.03770544201,"{""type"":""MultiPoint"",""coordinates"":[]}"
20170102,2017-01-02,95287.6970194871,"{""type"":""MultiPoint"",""coordinates"":[]}"
20170103,2017-01-03,95268.01537543716,"{""type"":""MultiPoint"",""coordinates"":[]}"
20170104,2017-01-04,95242.18920679043,"{""type"":""MultiPoint"",""coordinates"":[]}"
20170105,2017-01-05,95174.43450018033,"{""type"":""MultiPoint"",""coordinates"":[]}"
20170106,2017-01-06,95107.6837148488,"{""type"":""MultiPoint"",""coordinates"":[]}"
20170107,2017-01-07,94921.42216648877,"{""type"":""MultiPoint"",""coordinates"":[]}"
20170108,2017-01-08,94920.59971617053,"{""type"":""MultiPoint"",""coordinates"":[]}"
20170109,2017-01-09,94947.92750066846,"{""type"":""MultiPoint"",""coordinates"":[]}"
20170110,2017-01-10,95027.6688187608,"{""type"":""MultiPoint"",""coordinates"":[]}"
20170111,2017-01-11,95089.51076462904,"{""type"":""MultiPoint"",""coordinates"":[]}"
20170112,2017-01-12,95055.70415412963,"{""type"":""MultiPoint"",""coordinates"":[]}"
20170113,2017-01-13,95085.3689378306,"{""type"":""MultiPoint"",""coordinates"":[]}"
20170114,2017-01-14,95258.9473735261,"{""type"":""MultiPoint"",""coordinates"":[]}"
20170115,2017-01-15,95359.72929728054,"{""type"":""MultiPoint"",""coordinates"":[]}"
20170116,2017-01-16,95318.117483716,"{""type"":""MultiPoint"",""coordinates"":[]}"
20170117,2017-01-17,95292.68771013251,"{""type"":""MultiPoint"",""coordinates"":[]}"
20170118,2017-01-18,95474.99500457301,"{""type"":""MultiPoint"",""coordinates"":[]}"
20170119,2017-01-19,95499.46059706545,"{""type"":""MultiPoint"",""coordinates"":[]}"
20170120,2017-01-20,95454.82155914762,"{""type"":""MultiPoint"",""coordinates"":[]}"
20170121,2017-01-21,95537.50447552153,"{""type"":""MultiPoint"",""coordinates"":[]}"
20170122,2017-01-22,95562.76633511933,"{""type"":""MultiPoint"",""coordinates"":[]}"
20170123,2017-01-23,95504.38084517364,"{""type"":""MultiPoint"",""coordinates"":[]}"
20170124,2017-01-24,95462.41540776414,"{""type"":""MultiPoint"",""coordinates"":[]}"
20170125,2017-01-25,95481.75289299697,"{""type"":""MultiPoint"",""coordinates"":[]}"
20170126,2017-01-26,95401.27915043195,"{""type"":""MultiPoint"",""coordinates"":[]}"
20170127,2017-01-27,95299.0593508005,"{""type"":""MultiPoint"",""coordinates"":[]}"
20170128,2017-01-28,95298.17390191293,"{""type"":""MultiPoint"",""coordinates"":[]}"
20170129,2017-01-29,95348.91521137196,"{""type"":""MultiPoint"",""coordinates"":[]}"
20170130,2017-01-30,95235.11726446169,"{""type"":""MultiPoint"",""coordinates"":[]}"
20170131,2017-01-31,95186.27652607551,"{""type"":""MultiPoint"",""coordinates"":[]}"
20170201,2017-02-01,95237.44730518427,"{""type"":""MultiPoint"",""coordinates"":[]}"
20170202,2017-02-02,95382.14181808356,"{""type"":""MultiPoint"",""coordinates"":[]}"
20170203,2017-02-03,95333.84862411118,"{""type"":""MultiPoint"",""coordinates"":[]}"
20170204,2017-02-04,95192.61582089987,"{""type"":""MultiPoint"",""coordinates"":[]}"
20170205,2017-02-05,95159.70335755359,"{""type"":""MultiPoint"",""coordinates"":[]}"
20170206,2017-02-06,95135.05007742434,"{""type"":""MultiPoint"",""coordinates"":[]}"
20170207,2017-02-07,95148.58466277515,"{""type"":""MultiPoint"",""coordinates"":[]}"
20170208,2017-02-08,95191.92392522254,"{""type"":""MultiPoint"",""coordinates"":[]}"
20170209,2017-02-09,95103.29496736827,"{""type"":""MultiPoint"",""coordinates"":[]}"
20170210,2017-02-10,95024.15835256573,"{""type"":""MultiPoint"",""coordinates"":[]}"
20170211,2017-02-11,95148.66066350047,"{""type"":""MultiPoint"",""coordinates"":[]}"
20170212,2017-02-12,95385.36608178167,"{""type"":""MultiPoint"",""coordinates"":[]}"
20170213,2017-02-13,95557.8676947301,"{""type"":""MultiPoint"",""coordinates"":[]}"
20170214,2017-02-14,95665.63228667379,"{""type"":""MultiPoint"",""coordinates"":[]}"
20170215,2017-02-15,95639.07581295972,"{""type"":""MultiPoint"",""coordinates"":[]}"
20170216,2017-02-16,95431.88049090412,"{""type"":""MultiPoint"",""coordinates"":[]}"
20170217,2017-02-17,95351.34543910292,"{""type"":""MultiPoint"",""coordinates"":[]}"
20170218,2017-02-18,95373.66309868751,"{""type"":""MultiPoint"",""coordinates"":[]}"
20170219,2017-02-19,95193.87015785892,"{""type"":""MultiPoint"",""coordinates"":[]}"
20170220,2017-02-20,94869.83177597665,"{""type"":""MultiPoint"",""coordinates"":[]}"
20170221,2017-02-21,94849.64268839294,"{""type"":""MultiPoint"",""coordinates"":[]}"
20170222,2017-02-22,94981.03076458733,"{""type"":""MultiPoint"",""coordinates"":[]}"
20170223,2017-02-23,95110.98474816405,"{""type"":""MultiPoint"",""coordinates"":[]}"
20170224,2017-02-24,95208.73292086492,"{""type"":""MultiPoint"",""coordinates"":[]}"
20170225,2017-02-25,95185.3181015043,"{""type"":""MultiPoint"",""coordinates"":[]}"
20170226,2017-02-26,95035.12147495754,"{""type"":""MultiPoint"",""coordinates"":[]}"
20170227,2017-02-27,95150.20661352154,"{""type"":""MultiPoint"",""coordinates"":[]}"
20170228,2017-02-28,95162.0590455443,"{""type"":""MultiPoint"",""coordinates"":[]}"
20170301,2017-03-01,95081.00283985339,"{""type"":""MultiPoint"",""coordinates"":[]}"
20170302,2017-03-02,94953.17379168542,"{""type"":""MultiPoint"",""coordinates"":[]}"
20170303,2017-03-03,94741.77328889344,"{""type"":""MultiPoint"",""coordinates"":[]}"
20170304,2017-03-04,94701.82292201088,"{""type"":""MultiPoint"",""coordinates"":[]}"
20170305,2017-03-05,94671.4104543785,"{""type"":""MultiPoint"",""coordinates"":[]}"
20170306,2017-03-06,94647.87185389991,"{""type"":""MultiPoint"",""coordinates"":[]}"
20170307,2017-03-07,94630.68197827868,"{""type"":""MultiPoint"",""coordinates"":[]}"
20170308,2017-03-08,94633.42013304502,"{""type"":""MultiPoint"",""coordinates"":[]}"
20170309,2017-03-09,94601.95425888394,"{""type"":""MultiPoint"",""coordinates"":[]}"
20170310,2017-03-10,94607.9717297113,"{""type"":""MultiPoint"",""coordinates"":[]}"
20170311,2017-03-11,94855.8659534941,"{""type"":""MultiPoint"",""coordinates"":[]}"
20170312,2017-03-12,94956.07642691759,"{""type"":""MultiPoint"",""coordinates"":[]}"
20170313,2017-03-13,94969.93315218973,"{""type"":""MultiPoint"",""coordinates"":[]}"
20170314,2017-03-14,95033.03307152096,"{""type"":""MultiPoint"",""coordinates"":[]}"
20170315,2017-03-15,95078.97746024243,"{""type"":""MultiPoint"",""coordinates"":[]}"
20170316,2017-03-16,95015.03969692597,"{""type"":""MultiPoint"",""coordinates"":[]}"
20170317,2017-03-17,94917.10081967802,"{""type"":""MultiPoint"",""coordinates"":[]}"
20170318,2017-03-18,94979.92862886208,"{""type"":""MultiPoint"",""coordinates"":[]}"
20170319,2017-03-19,94994.68829080446,"{""type"":""MultiPoint"",""coordinates"":[]}"
20170320,2017-03-20,95004.86371767618,"{""type"":""MultiPoint"",""coordinates"":[]}"
20170321,2017-03-21,95128.83893627541,"{""type"":""MultiPoint"",""coordinates"":[]}"
20170322,2017-03-22,95052.3120801828,"{""type"":""MultiPoint"",""coordinates"":[]}"
20170323,2017-03-23,94966.0080212216,"{""type"":""MultiPoint"",""coordinates"":[]}"
20170324,2017-03-24,94931.7007182292,"{""type"":""MultiPoint"",""coordinates"":[]}"
20170325,2017-03-25,94952.49025156042,"{""type"":""MultiPoint"",""coordinates"":[]}"
20170326,2017-03-26,94980.51718870431,"{""type"":""MultiPoint"",""coordinates"":[]}"
20170327,2017-03-27,95024.95370576698,"{""type"":""MultiPoint"",""coordinates"":[]}"
20170328,2017-03-28,94992.73491569915,"{""type"":""MultiPoint"",""coordinates"":[]}"
20170329,2017-03-29,94917.44605962162,"{""type"":""MultiPoint"",""coordinates"":[]}"
20170330,2017-03-30,94953.05364133415,"{""type"":""MultiPoint"",""coordinates"":[]}"
20170331,2017-03-31,94971.62210321867,"{""type"":""MultiPoint"",""coordinates"":[]}"
20170401,2017-04-01,94828.87302764138,"{""type"":""MultiPoint"",""coordinates"":[]}"
20170402,2017-04-02,94741.95482319767,"{""type"":""MultiPoint"",""coordinates"":[]}"
20170403,2017-04-03,94816.74894053483,"{""type"":""MultiPoint"",""coordinates"":[]}"
20170404,2017-04-04,94855.5414857714,"{""type"":""MultiPoint"",""coordinates"":[]}"
20170405,2017-04-05,94771.35528394126,"{""type"":""MultiPoint"",""coordinates"":[]}"
20170406,2017-04-06,94686.3200596954,"{""type"":""MultiPoint"",""coordinates"":[]}"
20170407,2017-04-07,94734.91345516809,"{""type"":""MultiPoint"",""coordinates"":[]}"
20170408,2017-04-08,94789.03680865582,"{""type"":""MultiPoint"",""coordinates"":[]}"
20170409,2017-04-09,94736.4914442032,"{""type"":""MultiPoint"",""coordinates"":[]}"
20170410,2017-04-10,94689.29162092914,"{""type"":""MultiPoint"",""coordinates"":[]}"
20170411,2017-04-11,94744.32853808293,"{""type"":""MultiPoint"",""coordinates"":[]}"
20170412,2017-04-12,94782.03546189962,"{""type"":""MultiPoint"",""coordinates"":[]}"
20170413,2017-04-13,94754.40591219025,"{""type"":""MultiPoint"",""coordinates"":[]}"
20170414,2017-04-14,94642.14419731265,"{""type"":""MultiPoint"",""coordinates"":[]}"
20170415,2017-04-15,94463.28251397546,"{""type"":""MultiPoint"",""coordinates"":[]}"
20170416,2017-04-16,94454.95801695457,"{""type"":""MultiPoint"",""coordinates"":[]}"
20170417,2017-04-17,94563.36394929413,"{""type"":""MultiPoint"",""coordinates"":[]}"
20170418,2017-04-18,94589.22024854345,"{""type"":""MultiPoint"",""coordinates"":[]}"
20170419,2017-04-19,94551.3858332286,"{""type"":""MultiPoint"",""coordinates"":[]}"
20170420,2017-04-20,94543.61797048479,"{""type"":""MultiPoint"",""coordinates"":[]}"
20170421,2017-04-21,94568.49747741345,"{""type"":""MultiPoint"",""coordinates"":[]}"
20170422,2017-04-22,94602.5957031523,"{""type"":""MultiPoint"",""coordinates"":[]}"
20170423,2017-04-23,94644.82634522874,"{""type"":""MultiPoint"",""coordinates"":[]}"
20170424,2017-04-24,94702.01992927003,"{""type"":""MultiPoint"",""coordinates"":[]}"
20170425,2017-04-25,94703.13584093982,"{""type"":""MultiPoint"",""coordinates"":[]}"
20170426,2017-04-26,94726.11449094262,"{""type"":""MultiPoint"",""coordinates"":[]}"
20170427,2017-04-27,94810.8155428108,"{""type"":""MultiPoint"",""coordinates"":[]}"
20170428,2017-04-28,94778.68325808321,"{""type"":""MultiPoint"",""coordinates"":[]}"
20170429,2017-04-29,94833.32305044093,"{""type"":""MultiPoint"",""coordinates"":[]}"
20170430,2017-04-30,94773.15078301611,"{""type"":""MultiPoint"",""coordinates"":[]}"
20170501,2017-05-01,94853.31317871212,"{""type"":""MultiPoint"",""coordinates"":[]}"
20170502,2017-05-02,94923.61937432483,"{""type"":""MultiPoint"",""coordinates"":[]}"
20170503,2017-05-03,94895.1721644544,"{""type"":""MultiPoint"",""coordinates"":[]}"
20170504,2017-05-04,94866.96916516495,"{""type"":""MultiPoint"",""coordinates"":[]}"
20170505,2017-05-05,94832.01298122646,"{""type"":""MultiPoint"",""coordinates"":[]}"
20170506,2017-05-06,94904.1678810048,"{""type"":""MultiPoint"",""coordinates"":[]}"
20170507,2017-05-07,94891.22695454507,"{""type"":""MultiPoint"",""coordinates"":[]}"
20170508,2017-05-08,94756.6470761288,"{""type"":""MultiPoint"",""coordinates"":[]}"
20170509,2017-05-09,94645.25946227439,"{""type"":""MultiPoint"",""coordinates"":[]}"
20170510,2017-05-10,94696.17359624965,"{""type"":""MultiPoint"",""coordinates"":[]}"
20170511,2017-05-11,94786.21657167973,"{""type"":""MultiPoint"",""coordinates"":[]}"
20170512,2017-05-12,94724.92618730669,"{""type"":""MultiPoint"",""coordinates"":[]}"
20170513,2017-05-13,94592.63986472807,"{""type"":""MultiPoint"",""coordinates"":[]}"
20170514,2017-05-14,94473.3844587273,"{""type"":""MultiPoint"",""coordinates"":[]}"
20170515,2017-05-15,94375.49069459253,"{""type"":""MultiPoint"",""coordinates"":[]}"
20170516,2017-05-16,94281.13076335586,"{""type"":""MultiPoint"",""coordinates"":[]}"
20170517,2017-05-17,94365.12972108301,"{""type"":""MultiPoint"",""coordinates"":[]}"
20170518,2017-05-18,94454.62088755121,"{""type"":""MultiPoint"",""coordinates"":[]}"
20170519,2017-05-19,94522.79933871228,"{""type"":""MultiPoint"",""coordinates"":[]}"
20170520,2017-05-20,94395.91403143868,"{""type"":""MultiPoint"",""coordinates"":[]}"
20170521,2017-05-21,94351.51126974322,"{""type"":""MultiPoint"",""coordinates"":[]}"
20170522,2017-05-22,94455.60058579515,"{""type"":""MultiPoint"",""coordinates"":[]}"
20170523,2017-05-23,94439.81476322364,"{""type"":""MultiPoint"",""coordinates"":[]}"
20170524,2017-05-24,94322.80787496323,"{""type"":""MultiPoint"",""coordinates"":[]}"
20170525,2017-05-25,94275.7317915387,"{""type"":""MultiPoint"",""coordinates"":[]}"
20170526,2017-05-26,94271.77706785273,"{""type"":""MultiPoint"",""coordinates"":[]}"
20170527,2017-05-27,94250.53410838854,"{""type"":""MultiPoint"",""coordinates"":[]}"
20170528,2017-05-28,94209.63722260951,"{""type"":""MultiPoint"",""coordinates"":[]}"
20170529,2017-05-29,94135.43696209513,"{""type"":""MultiPoint"",""coordinates"":[]}"
20170530,2017-05-30,94138.86754441446,"{""type"":""MultiPoint"",""coordinates"":[]}"
20170531,2017-05-31,94225.22909357057,"{""type"":""MultiPoint"",""coordinates"":[]}"
20170601,2017-06-01,94277.00620467887,"{""type"":""MultiPoint"",""coordinates"":[]}"
20170602,2017-06-02,94363.17916773698,"{""type"":""MultiPoint"",""coordinates"":[]}"
20170603,2017-06-03,94443.0447710509,"{""type"":""MultiPoint"",""coordinates"":[]}"
20170604,2017-06-04,94456.86232896692,"{""type"":""MultiPoint"",""coordinates"":[]}"
20170605,2017-06-05,94474.63563327595,"{""type"":""MultiPoint"",""coordinates"":[]}"
20170606,2017-06-06,94545.24597340393,"{""type"":""MultiPoint"",""coordinates"":[]}"
20170607,2017-06-07,94592.37576507372,"{""type"":""MultiPoint"",""coordinates"":[]}"
20170608,2017-06-08,94444.33254653036,"{""type"":""MultiPoint"",""coordinates"":[]}"
20170609,2017-06-09,94311.55953912226,"{""type"":""MultiPoint"",""coordinates"":[]}"
20170610,2017-06-10,94251.03248754615,"{""type"":""MultiPoint"",""coordinates"":[]}"
20170611,2017-06-11,94238.30702799058,"{""type"":""MultiPoint"",""coordinates"":[]}"
20170612,2017-06-12,94229.39675161836,"{""type"":""MultiPoint"",""coordinates"":[]}"
20170613,2017-06-13,94256.62921640978,"{""type"":""MultiPoint"",""coordinates"":[]}"
20170614,2017-06-14,94473.34934626192,"{""type"":""MultiPoint"",""coordinates"":[]}"
20170615,2017-06-15,94496.47918408933,"{""type"":""MultiPoint"",""coordinates"":[]}"
20170616,2017-06-16,94486.23203286831,"{""type"":""MultiPoint"",""coordinates"":[]}"
20170617,2017-06-17,94446.12439112864,"{""type"":""MultiPoint"",""coordinates"":[]}"
20170618,2017-06-18,94409.45077377364,"{""type"":""MultiPoint"",""coordinates"":[]}"
20170619,2017-06-19,94378.26921038174,"{""type"":""MultiPoint"",""coordinates"":[]}"
20170620,2017-06-20,94411.4432249969,"{""type"":""MultiPoint"",""coordinates"":[]}"
20170621,2017-06-21,94456.87693884221,"{""type"":""MultiPoint"",""coordinates"":[]}"
20170622,2017-06-22,94481.9077360103,"{""type"":""MultiPoint"",""coordinates"":[]}"
20170623,2017-06-23,94381.52644701142,"{""type"":""MultiPoint"",""coordinates"":[]}"
20170624,2017-06-24,94154.18993519386,"{""type"":""MultiPoint"",""coordinates"":[]}"
20170625,2017-06-25,94095.77111287258,"{""type"":""MultiPoint"",""coordinates"":[]}"
20170626,2017-06-26,94231.43428717213,"{""type"":""MultiPoint"",""coordinates"":[]}"
20170627,2017-06-27,94308.58818252756,"{""type"":""MultiPoint"",""coordinates"":[]}"
20170628,2017-06-28,94362.57403661353,"{""type"":""MultiPoint"",""coordinates"":[]}"
20170629,2017-06-29,94337.62316858418,"{""type"":""MultiPoint"",""coordinates"":[]}"
20170630,2017-06-30,94261.24337729438,"{""type"":""MultiPoint"",""coordinates"":[]}"
20170701,2017-07-01,94276.0056457906,"{""type"":""MultiPoint"",""coordinates"":[]}"
20170702,2017-07-02,94344.89874737462,"{""type"":""MultiPoint"",""coordinates"":[]}"
20170703,2017-07-03,94458.74803822112,"{""type"":""MultiPoint"",""coordinates"":[]}"
20170704,2017-07-04,94469.5659826417,"{""type"":""MultiPoint"",""coordinates"":[]}"
20170705,2017-07-05,94483.80311760372,"{""type"":""MultiPoint"",""coordinates"":[]}"
20170706,2017-07-06,94487.41895557367,"{""type"":""MultiPoint"",""coordinates"":[]}"
20170707,2017-07-07,94540.74447421634,"{""type"":""MultiPoint"",""coordinates"":[]}"
20170708,2017-07-08,94477.55771104307,"{""type"":""MultiPoint"",""coordinates"":[]}"
20170709,2017-07-09,94508.8368371686,"{""type"":""MultiPoint"",""coordinates"":[]}"
20170710,2017-07-10,94580.28734543493,"{""type"":""MultiPoint"",""coordinates"":[]}"
20170711,2017-07-11,94573.72232032548,"{""type"":""MultiPoint"",""coordinates"":[]}"
20170712,2017-07-12,94506.10505046527,"{""type"":""MultiPoint"",""coordinates"":[]}"
20170713,2017-07-13,94382.37572154024,"{""type"":""MultiPoint"",""coordinates"":[]}"
20170714,2017-07-14,94350.3261270055,"{""type"":""MultiPoint"",""coordinates"":[]}"
20170715,2017-07-15,94377.42180507789,"{""type"":""MultiPoint"",""coordinates"":[]}"
20170716,2017-07-16,94319.80121180993,"{""type"":""MultiPoint"",""coordinates"":[]}"
20170717,2017-07-17,94211.54723971384,"{""type"":""MultiPoint"",""coordinates"":[]}"
20170718,2017-07-18,94118.04680841464,"{""type"":""MultiPoint"",""coordinates"":[]}"
20170719,2017-07-19,94064.801874781,"{""type"":""MultiPoint"",""coordinates"":[]}"
20170720,2017-07-20,94148.3923208783,"{""type"":""MultiPoint"",""coordinates"":[]}"
20170721,2017-07-21,94289.01628719806,"{""type"":""MultiPoint"",""coordinates"":[]}"
20170722,2017-07-22,94355.3530478184,"{""type"":""MultiPoint"",""coordinates"":[]}"
20170723,2017-07-23,94403.57200074165,"{""type"":""MultiPoint"",""coordinates"":[]}"
20170724,2017-07-24,94392.37603166602,"{""type"":""MultiPoint"",""coordinates"":[]}"
20170725,2017-07-25,94314.95984534571,"{""type"":""MultiPoint"",""coordinates"":[]}"
20170726,2017-07-26,94370.75770250332,"{""type"":""MultiPoint"",""coordinates"":[]}"
20170727,2017-07-27,94469.78879324233,"{""type"":""MultiPoint"",""coordinates"":[]}"
20170728,2017-07-28,94598.26144229677,"{""type"":""MultiPoint"",""coordinates"":[]}"
20170729,2017-07-29,94658.08352194664,"{""type"":""MultiPoint"",""coordinates"":[]}"
20170730,2017-07-30,94596.65937786337,"{""type"":""MultiPoint"",""coordinates"":[]}"
20170731,2017-07-31,94597.74185560425,"{""type"":""MultiPoint"",""coordinates"":[]}"
20170801,2017-08-01,94634.97579445592,"{""type"":""MultiPoint"",""coordinates"":[]}"
20170802,2017-08-02,94619.57308877945,"{""type"":""MultiPoint"",""coordinates"":[]}"
20170803,2017-08-03,94458.88855491318,"{""type"":""MultiPoint"",""coordinates"":[]}"
20170804,2017-08-04,94258.32104288392,"{""type"":""MultiPoint"",""coordinates"":[]}"
20170805,2017-08-05,94275.5141235811,"{""type"":""MultiPoint"",""coordinates"":[]}"
20170806,2017-08-06,94299.44878264927,"{""type"":""MultiPoint"",""coordinates"":[]}"
20170807,2017-08-07,94401.89618754871,"{""type"":""MultiPoint"",""coordinates"":[]}"
20170808,2017-08-08,94482.946119649,"{""type"":""MultiPoint"",""coordinates"":[]}"
20170809,2017-08-09,94554.9383197701,"{""type"":""MultiPoint"",""coordinates"":[]}"
20170810,2017-08-10,94557.93541967246,"{""type"":""MultiPoint"",""coordinates"":[]}"
20170811,2017-08-11,94595.64947149217,"{""type"":""MultiPoint"",""coordinates"":[]}"
20170812,2017-08-12,94651.34712129546,"{""type"":""MultiPoint"",""coordinates"":[]}"
20170813,2017-08-13,94764.17414439516,"{""type"":""MultiPoint"",""coordinates"":[]}"
20170814,2017-08-14,94835.26494546734,"{""type"":""MultiPoint"",""coordinates"":[]}"
20170815,2017-08-15,94671.52274745522,"{""type"":""MultiPoint"",""coordinates"":[]}"
20170816,2017-08-16,94491.38208465268,"{""type"":""MultiPoint"",""coordinates"":[]}"
20170817,2017-08-17,94272.36134958302,"{""type"":""MultiPoint"",""coordinates"":[]}"
20170818,2017-08-18,94172.00766497853,"{""type"":""MultiPoint"",""coordinates"":[]}"
20170819,2017-08-19,94100.93183451463,"{""type"":""MultiPoint"",""coordinates"":[]}"
20170820,2017-08-20,94118.32567759854,"{""type"":""MultiPoint"",""coordinates"":[]}"
20170821,2017-08-21,94214.00050423913,"{""type"":""MultiPoint"",""coordinates"":[]}"
20170822,2017-08-22,94358.08816843473,"{""type"":""MultiPoint"",""coordinates"":[]}"
20170823,2017-08-23,94468.31003908193,"{""type"":""MultiPoint"",""coordinates"":[]}"
20170824,2017-08-24,94397.35218381623,"{""type"":""MultiPoint"",""coordinates"":[]}"
20170825,2017-08-25,94215.08559579057,"{""type"":""MultiPoint"",""coordinates"":[]}"
20170826,2017-08-26,94073.32625481849,"{""type"":""MultiPoint"",""coordinates"":[]}"
20170827,2017-08-27,93970.42432496516,"{""type"":""MultiPoint"",""coordinates"":[]}"
20170828,2017-08-28,93893.75309628657,"{""type"":""MultiPoint"",""coordinates"":[]}"
20170829,2017-08-29,94071.85894551843,"{""type"":""MultiPoint"",""coordinates"":[]}"
20170830,2017-08-30,94481.6534341344,"{""type"":""MultiPoint"",""coordinates"":[]}"
20170831,2017-08-31,94682.24702484615,"{""type"":""MultiPoint"",""coordinates"":[]}"
20170901,2017-09-01,94685.15146946644,"{""type"":""MultiPoint"",""coordinates"":[]}"
20170902,2017-09-02,94660.29158259738,"{""type"":""MultiPoint"",""coordinates"":[]}"
20170903,2017-09-03,94690.77700663212,"{""type"":""MultiPoint"",""coordinates"":[]}"
20170904,2017-09-04,94727.45765647947,"{""type"":""MultiPoint"",""coordinates"":[]}"
20170905,2017-09-05,94666.03395568603,"{""type"":""MultiPoint"",""coordinates"":[]}"
20170906,2017-09-06,94613.74380435476,"{""type"":""MultiPoint"",""coordinates"":[]}"
20170907,2017-09-07,94598.69306079896,"{""type"":""MultiPoint"",""coordinates"":[]}"
20170908,2017-09-08,94624.51995232874,"{""type"":""MultiPoint"",""coordinates"":[]}"
20170909,2017-09-09,94590.0089093,"{""type"":""MultiPoint"",""coordinates"":[]}"
20170910,2017-09-10,94648.23465644493,"{""type"":""MultiPoint"",""coordinates"":[]}"
20170911,2017-09-11,94748.54590227603,"{""type"":""MultiPoint"",""coordinates"":[]}"
20170912,2017-09-12,94800.94358522118,"{""type"":""MultiPoint"",""coordinates"":[]}"
20170913,2017-09-13,94758.01440338475,"{""type"":""MultiPoint"",""coordinates"":[]}"
20170914,2017-09-14,94673.00864601725,"{""type"":""MultiPoint"",""coordinates"":[]}"
20170915,2017-09-15,94546.02714242053,"{""type"":""MultiPoint"",""coordinates"":[]}"
20170916,2017-09-16,94460.38546865051,"{""type"":""MultiPoint"",""coordinates"":[]}"
20170917,2017-09-17,94495.00881499678,"{""type"":""MultiPoint"",""coordinates"":[]}"
20170918,2017-09-18,94581.63199590369,"{""type"":""MultiPoint"",""coordinates"":[]}"
20170919,2017-09-19,94460.07544358009,"{""type"":""MultiPoint"",""coordinates"":[]}"
20170920,2017-09-20,94396.36247344986,"{""type"":""MultiPoint"",""coordinates"":[]}"
20170921,2017-09-21,94456.57796892662,"{""type"":""MultiPoint"",""coordinates"":[]}"
20170922,2017-09-22,94664.32624187853,"{""type"":""MultiPoint"",""coordinates"":[]}"
20170923,2017-09-23,94813.69817685008,"{""type"":""MultiPoint"",""coordinates"":[]}"
20170924,2017-09-24,94746.3347813442,"{""type"":""MultiPoint"",""coordinates"":[]}"
20170925,2017-09-25,94576.48908008425,"{""type"":""MultiPoint"",""coordinates"":[]}"
20170926,2017-09-26,94582.87713574301,"{""type"":""MultiPoint"",""coordinates"":[]}"
20170927,2017-09-27,94576.5571385027,"{""type"":""MultiPoint"",""coordinates"":[]}"
20170928,2017-09-28,94506.37067096231,"{""type"":""MultiPoint"",""coordinates"":[]}"
20170929,2017-09-29,94547.90528710332,"{""type"":""MultiPoint"",""coordinates"":[]}"
20170930,2017-09-30,94688.26875883144,"{""type"":""MultiPoint"",""coordinates"":[]}"
20171001,2017-10-01,94641.92790719296,"{""type"":""MultiPoint"",""coordinates"":[]}"
20171002,2017-10-02,94571.6457541537,"{""type"":""MultiPoint"",""coordinates"":[]}"
20171003,2017-10-03,94637.29190699916,"{""type"":""MultiPoint"",""coordinates"":[]}"
20171004,2017-10-04,94634.7088480305,"{""type"":""MultiPoint"",""coordinates"":[]}"
20171005,2017-10-05,94567.41955676094,"{""type"":""MultiPoint"",""coordinates"":[]}"
20171006,2017-10-06,94579.30409524446,"{""type"":""MultiPoint"",""coordinates"":[]}"
20171007,2017-10-07,94565.41889079912,"{""type"":""MultiPoint"",""coordinates"":[]}"
20171008,2017-10-08,94548.41194505461,"{""type"":""MultiPoint"",""coordinates"":[]}"
20171009,2017-10-09,94528.54256981447,"{""type"":""MultiPoint"",""coordinates"":[]}"
20171010,2017-10-10,94485.56186636753,"{""type"":""MultiPoint"",""coordinates"":[]}"
20171011,2017-10-11,94564.53978954053,"{""type"":""MultiPoint"",""coordinates"":[]}"
20171012,2017-10-12,94584.52604216873,"{""type"":""MultiPoint"",""coordinates"":[]}"
20171013,2017-10-13,94515.70765031468,"{""type"":""MultiPoint"",""coordinates"":[]}"
20171014,2017-10-14,94519.27815048522,"{""type"":""MultiPoint"",""coordinates"":[]}"
20171015,2017-10-15,94635.92059946123,"{""type"":""MultiPoint"",""coordinates"":[]}"
20171016,2017-10-16,94643.61812552068,"{""type"":""MultiPoint"",""coordinates"":[]}"
20171017,2017-10-17,94615.79006855721,"{""type"":""MultiPoint"",""coordinates"":[]}"
20171018,2017-10-18,94583.60987025317,"{""type"":""MultiPoint"",""coordinates"":[]}"
20171019,2017-10-19,94566.43713953158,"{""type"":""MultiPoint"",""coordinates"":[]}"
20171020,2017-10-20,94679.52374414653,"{""type"":""MultiPoint"",""coordinates"":[]}"
20171021,2017-10-21,94737.57375459897,"{""type"":""MultiPoint"",""coordinates"":[]}"
20171022,2017-10-22,94805.15602433681,"{""type"":""MultiPoint"",""coordinates"":[]}"
20171023,2017-10-23,94921.11868742005,"{""type"":""MultiPoint"",""coordinates"":[]}"
20171024,2017-10-24,95108.93123301536,"{""type"":""MultiPoint"",""coordinates"":[]}"
20171025,2017-10-25,95245.29115177969,"{""type"":""MultiPoint"",""coordinates"":[]}"
20171026,2017-10-26,95254.14102666875,"{""type"":""MultiPoint"",""coordinates"":[]}"
20171027,2017-10-27,95153.26978394603,"{""type"":""MultiPoint"",""coordinates"":[]}"
20171028,2017-10-28,95170.21194475083,"{""type"":""MultiPoint"",""coordinates"":[]}"
20171029,2017-10-29,95257.98551883968,"{""type"":""MultiPoint"",""coordinates"":[]}"
20171030,2017-10-30,95189.39485836463,"{""type"":""MultiPoint"",""coordinates"":[]}"
20171031,2017-10-31,95099.72698829893,"{""type"":""MultiPoint"",""coordinates"":[]}"
20171101,2017-11-01,95151.97701870259,"{""type"":""MultiPoint"",""coordinates"":[]}"
20171102,2017-11-02,95073.66567540095,"{""type"":""MultiPoint"",""coordinates"":[]}"
20171103,2017-11-03,94996.45043333241,"{""type"":""MultiPoint"",""coordinates"":[]}"
20171104,2017-11-04,95054.13132421105,"{""type"":""MultiPoint"",""coordinates"":[]}"
20171105,2017-11-05,95099.85070694821,"{""type"":""MultiPoint"",""coordinates"":[]}"
20171106,2017-11-06,95145.06814518002,"{""type"":""MultiPoint"",""coordinates"":[]}"
20171107,2017-11-07,95153.01462136392,"{""type"":""MultiPoint"",""coordinates"":[]}"
20171108,2017-11-08,95141.62127117287,"{""type"":""MultiPoint"",""coordinates"":[]}"
20171109,2017-11-09,95048.60701539784,"{""type"":""MultiPoint"",""coordinates"":[]}"
20171110,2017-11-10,95072.20253210701,"{""type"":""MultiPoint"",""coordinates"":[]}"
20171111,2017-11-11,95038.67275891408,"{""type"":""MultiPoint"",""coordinates"":[]}"
20171112,2017-11-12,94874.51392165477,"{""type"":""MultiPoint"",""coordinates"":[]}"
20171113,2017-11-13,94756.3590098929,"{""type"":""MultiPoint"",""coordinates"":[]}"
20171114,2017-11-14,94691.97387326718,"{""type"":""MultiPoint"",""coordinates"":[]}"
20171115,2017-11-15,94699.58611086066,"{""type"":""MultiPoint"",""coordinates"":[]}"
20171116,2017-11-16,94780.52151178075,"{""type"":""MultiPoint"",""coordinates"":[]}"
20171117,2017-11-17,94852.80481911074,"{""type"":""MultiPoint"",""coordinates"":[]}"
20171118,2017-11-18,94968.4123901145,"{""type"":""MultiPoint"",""coordinates"":[]}"
20171119,2017-11-19,95095.6546588354,"{""type"":""MultiPoint"",""coordinates"":[]}"
20171120,2017-11-20,95120.75924939527,"{""type"":""MultiPoint"",""coordinates"":[]}"
20171121,2017-11-21,95051.33330019657,"{""type"":""MultiPoint"",""coordinates"":[]}"
20171122,2017-11-22,95011.66919939223,"{""type"":""MultiPoint"",""coordinates"":[]}"
20171123,2017-11-23,94979.24159476283,"{""type"":""MultiPoint"",""coordinates"":[]}"
20171124,2017-11-24,95122.03027870705,"{""type"":""MultiPoint"",""coordinates"":[]}"
20171125,2017-11-25,95230.69763342464,"{""type"":""MultiPoint"",""coordinates"":[]}"
20171126,2017-11-26,95274.33792754609,"{""type"":""MultiPoint"",""coordinates"":[]}"
20171127,2017-11-27,95138.66533692656,"{""type"":""MultiPoint"",""coordinates"":[]}"
20171128,2017-11-28,95167.30269472758,"{""type"":""MultiPoint"",""coordinates"":[]}"
20171129,2017-11-29,95238.65118536315,"{""type"":""MultiPoint"",""coordinates"":[]}"
20171130,2017-11-30,95136.70820861298,"{""type"":""MultiPoint"",""coordinates"":[]}"
20171201,2017-12-01,95063.90894027059,"{""type"":""MultiPoint"",""coordinates"":[]}"
20171202,2017-12-02,95191.44572139833,"{""type"":""MultiPoint"",""coordinates"":[]}"
20171203,2017-12-03,95193.71845044736,"{""type"":""MultiPoint"",""coordinates"":[]}"
20171204,2017-12-04,95037.96037025648,"{""type"":""MultiPoint"",""coordinates"":[]}"
20171205,2017-12-05,94936.8038463529,"{""type"":""MultiPoint"",""coordinates"":[]}"
20171206,2017-12-06,94941.91160263993,"{""type"":""MultiPoint"",""coordinates"":[]}"
20171207,2017-12-07,94945.79552164499,"{""type"":""MultiPoint"",""coordinates"":[]}"
20171208,2017-12-08,94954.99169314899,"{""type"":""MultiPoint"",""coordinates"":[]}"
20171209,2017-12-09,95051.81342552832,"{""type"":""MultiPoint"",""coordinates"":[]}"
20171210,2017-12-10,95180.83266327492,"{""type"":""MultiPoint"",""coordinates"":[]}"
20171211,2017-12-11,95224.0551263678,"{""type"":""MultiPoint"",""coordinates"":[]}"
20171212,2017-12-12,95231.32281245514,"{""type"":""MultiPoint"",""coordinates"":[]}"
20171213,2017-12-13,95239.17062488689,"{""type"":""MultiPoint"",""coordinates"":[]}"
20171214,2017-12-14,95311.12323015755,"{""type"":""MultiPoint"",""coordinates"":[]}"
20171215,2017-12-15,95447.53113555441,"{""type"":""MultiPoint"",""coordinates"":[]}"
20171216,2017-12-16,95515.52597826198,"{""type"":""MultiPoint"",""coordinates"":[]}"
20171217,2017-12-17,95567.56387419596,"{""type"":""MultiPoint"",""coordinates"":[]}"
20171218,2017-12-18,95558.84418667044,"{""type"":""MultiPoint"",""coordinates"":[]}"
20171219,2017-12-19,95490.59117762053,"{""type"":""MultiPoint"",""coordinates"":[]}"
20171220,2017-12-20,95539.26175550825,"{""type"":""MultiPoint"",""coordinates"":[]}"
20171221,2017-12-21,95513.22145852093,"{""type"":""MultiPoint"",""coordinates"":[]}"
20171222,2017-12-22,95361.54873801293,"{""type"":""MultiPoint"",""coordinates"":[]}"
20171223,2017-12-23,95174.91836367077,"{""type"":""MultiPoint"",""coordinates"":[]}"
20171224,2017-12-24,95178.11363910038,"{""type"":""MultiPoint"",""coordinates"":[]}"
20171225,2017-12-25,95249.90837254537,"{""type"":""MultiPoint"",""coordinates"":[]}"
20171226,2017-12-26,95320.82999489657,"{""type"":""MultiPoint"",""coordinates"":[]}"
20171227,2017-12-27,95255.86507785386,"{""type"":""MultiPoint"",""coordinates"":[]}"
20171228,2017-12-28,95230.59819537561,"{""type"":""MultiPoint"",""coordinates"":[]}"
20171229,2017-12-29,95286.8346111779,"{""type"":""MultiPoint"",""coordinates"":[]}"
20171230,2017-12-30,95215.14203792092,"{""type"":""MultiPoint"",""coordinates"":[]}"
20171231,2017-12-31,95017.88663997075,"{""type"":""MultiPoint"",""coordinates"":[]}"
20180101,2018-01-01,94860.32714471425,"{""type"":""MultiPoint"",""coordinates"":[]}"
20180102,2018-01-02,94925.49555576369,"{""type"":""MultiPoint"",""coordinates"":[]}"
20180103,2018-01-03,95094.20353745886,"{""type"":""MultiPoint"",""coordinates"":[]}"
20180104,2018-01-04,95166.46390582439,"{""type"":""MultiPoint"",""coordinates"":[]}"
20180105,2018-01-05,95016.62600672871,"{""type"":""MultiPoint"",""coordinates"":[]}"
20180106,2018-01-06,94992.60420021691,"{""type"":""MultiPoint"",""coordinates"":[]}"
20180107,2018-01-07,95054.36191598588,"{""type"":""MultiPoint"",""coordinates"":[]}"
20180108,2018-01-08,95209.98932281756,"{""type"":""MultiPoint"",""coordinates"":[]}"
20180109,2018-01-09,95386.25722950867,"{""type"":""MultiPoint"",""coordinates"":[]}"
20180110,2018-01-10,95401.97740351816,"{""type"":""MultiPoint"",""coordinates"":[]}"
20180111,2018-01-11,95317.6548588558,"{""type"":""MultiPoint"",""coordinates"":[]}"
20180112,2018-01-12,95255.4123139597,"{""type"":""MultiPoint"",""coordinates"":[]}"
20180113,2018-01-13,95217.8502907997,"{""type"":""MultiPoint"",""coordinates"":[]}"
20180114,2018-01-14,95258.77276567156,"{""type"":""MultiPoint"",""coordinates"":[]}"
20180115,2018-01-15,95202.45536964788,"{""type"":""MultiPoint"",""coordinates"":[]}"
20180116,2018-01-16,95108.07584053525,"{""type"":""MultiPoint"",""coordinates"":[]}"
20180117,2018-01-17,95128.26031339777,"{""type"":""MultiPoint"",""coordinates"":[]}"
20180118,2018-01-18,95178.41063463627,"{""type"":""MultiPoint"",""coordinates"":[]}"
20180119,2018-01-19,95228.72480895485,"{""type"":""MultiPoint"",""coordinates"":[]}"
20180120,2018-01-20,95151.796572721,"{""type"":""MultiPoint"",""coordinates"":[]}"
20180121,2018-01-21,95063.08527791302,"{""type"":""MultiPoint"",""coordinates"":[]}"
20180122,2018-01-22,94965.82189690982,"{""type"":""MultiPoint"",""coordinates"":[]}"
20180123,2018-01-23,94915.39291626727,"{""type"":""MultiPoint"",""coordinates"":[]}"
20180124,2018-01-24,94907.29118434667,"{""type"":""MultiPoint"",""coordinates"":[]}"
20180125,2018-01-25,94917.09229094791,"{""type"":""MultiPoint"",""coordinates"":[]}"
20180126,2018-01-26,94973.69264132055,"{""type"":""MultiPoint"",""coordinates"":[]}"
20180127,2018-01-27,95014.18493046226,"{""type"":""MultiPoint"",""coordinates"":[]}"
20180128,2018-01-28,95120.64253431343,"{""type"":""MultiPoint"",""coordinates"":[]}"
20180129,2018-01-29,95258.76196591197,"{""type"":""MultiPoint"",""coordinates"":[]}"
20180130,2018-01-30,95268.32838181968,"{""type"":""MultiPoint"",""coordinates"":[]}"
20180131,2018-01-31,95281.77996319653,"{""type"":""MultiPoint"",""coordinates"":[]}"
20180201,2018-02-01,95212.87706671613,"{""type"":""MultiPoint"",""coordinates"":[]}"
20180202,2018-02-02,95117.49508405772,"{""type"":""MultiPoint"",""coordinates"":[]}"
20180203,2018-02-03,95170.20415457728,"{""type"":""MultiPoint"",""coordinates"":[]}"
20180204,2018-02-04,95211.31110078555,"{""type"":""MultiPoint"",""coordinates"":[]}"
20180205,2018-02-05,95380.9929794438,"{""type"":""MultiPoint"",""coordinates"":[]}"
20180206,2018-02-06,95292.17096268301,"{""type"":""MultiPoint"",""coordinates"":[]}"
20180207,2018-02-07,95190.61295624479,"{""type"":""MultiPoint"",""coordinates"":[]}"
20180208,2018-02-08,95022.08389695537,"{""type"":""MultiPoint"",""coordinates"":[]}"
20180209,2018-02-09,95037.52000741872,"{""type"":""MultiPoint"",""coordinates"":[]}"
20180210,2018-02-10,95176.33780812245,"{""type"":""MultiPoint"",""coordinates"":[]}"
20180211,2018-02-11,95246.60879676948,"{""type"":""MultiPoint"",""coordinates"":[]}"
20180212,2018-02-12,95421.84400737571,"{""type"":""MultiPoint"",""coordinates"":[]}"
20180213,2018-02-13,95547.15780031696,"{""type"":""MultiPoint"",""coordinates"":[]}"
20180214,2018-02-14,95611.8507297152,"{""type"":""MultiPoint"",""coordinates"":[]}"
20180215,2018-02-15,95617.7247286562,"{""type"":""MultiPoint"",""coordinates"":[]}"
20180216,2018-02-16,95425.17509206649,"{""type"":""MultiPoint"",""coordinates"":[]}"
20180217,2018-02-17,95070.60552225304,"{""type"":""MultiPoint"",""coordinates"":[]}"
20180218,2018-02-18,95014.38725851306,"{""type"":""MultiPoint"",""coordinates"":[]}"
20180219,2018-02-19,95061.16919033826,"{""type"":""MultiPoint"",""coordinates"":[]}"
20180220,2018-02-20,95034.11279212785,"{""type"":""MultiPoint"",""coordinates"":[]}"
20180221,2018-02-21,94956.10870113038,"{""type"":""MultiPoint"",""coordinates"":[]}"
20180222,2018-02-22,94939.78460440821,"{""type"":""MultiPoint"",""coordinates"":[]}"
20180223,2018-02-23,95013.91631253941,"{""type"":""MultiPoint"",""coordinates"":[]}"
20180224,2018-02-24,95217.33972496391,"{""type"":""MultiPoint"",""coordinates"":[]}"
20180225,2018-02-25,95221.22316707433,"{""type"":""MultiPoint"",""coordinates"":[]}"
20180226,2018-02-26,95103.4445998782,"{""type"":""MultiPoint"",""coordinates"":[]}"
20180227,2018-02-27,95038.77572418931,"{""type"":""MultiPoint"",""coordinates"":[]}"
20180228,2018-02-28,95004.22786912741,"{""type"":""MultiPoint"",""coordinates"":[]}"
20180301,2018-03-01,94971.3553231684,"{""type"":""MultiPoint"",""coordinates"":[]}"
20180302,2018-03-02,94908.2466101766,"{""type"":""MultiPoint"",""coordinates"":[]}"
20180303,2018-03-03,94840.36280654617,"{""type"":""MultiPoint"",""coordinates"":[]}"
20180304,2018-03-04,94825.15126262991,"{""type"":""MultiPoint"",""coordinates"":[]}"
20180305,2018-03-05,94936.70572349697,"{""type"":""MultiPoint"",""coordinates"":[]}"
20180306,2018-03-06,94978.75976807319,"{""type"":""MultiPoint"",""coordinates"":[]}"
20180307,2018-03-07,94970.89131961596,"{""type"":""MultiPoint"",""coordinates"":[]}"
20180308,2018-03-08,95011.80581157713,"{""type"":""MultiPoint"",""coordinates"":[]}"
20180309,2018-03-09,95018.5402819995,"{""type"":""MultiPoint"",""coordinates"":[]}"
20180310,2018-03-10,95020.47201856207,"{""type"":""MultiPoint"",""coordinates"":[]}"
20180311,2018-03-11,95097.9217086113,"{""type"":""MultiPoint"",""coordinates"":[]}"
20180312,2018-03-12,95092.75687090526,"{""type"":""MultiPoint"",""coordinates"":[]}"
20180313,2018-03-13,95030.9817648245,"{""type"":""MultiPoint"",""coordinates"":[]}"
20180314,2018-03-14,94903.17478263925,"{""type"":""MultiPoint"",""coordinates"":[]}"
20180315,2018-03-15,94860.94641695675,"{""type"":""MultiPoint"",""coordinates"":[]}"
20180316,2018-03-16,94944.25415431401,"{""type"":""MultiPoint"",""coordinates"":[]}"
20180317,2018-03-17,94986.82313814545,"{""type"":""MultiPoint"",""coordinates"":[]}"
20180318,2018-03-18,95043.14304769482,"{""type"":""MultiPoint"",""coordinates"":[]}"
20180319,2018-03-19,95112.79296881793,"{""type"":""MultiPoint"",""coordinates"":[]}"
20180320,2018-03-20,94953.42616989737,"{""type"":""MultiPoint"",""coordinates"":[]}"
20180321,2018-03-21,94839.6054047351,"{""type"":""MultiPoint"",""coordinates"":[]}"
20180322,2018-03-22,94707.52379046738,"{""type"":""MultiPoint"",""coordinates"":[]}"
20180323,2018-03-23,94776.52630708559,"{""type"":""MultiPoint"",""coordinates"":[]}"
20180324,2018-03-24,94950.93554510493,"{""type"":""MultiPoint"",""coordinates"":[]}"
20180325,2018-03-25,95135.40593400788,"{""type"":""MultiPoint"",""coordinates"":[]}"
20180326,2018-03-26,95073.23244662916,"{""type"":""MultiPoint"",""coordinates"":[]}"
20180327,2018-03-27,94901.07153123959,"{""type"":""MultiPoint"",""coordinates"":[]}"
20180328,2018-03-28,94795.79414640454,"{""type"":""MultiPoint"",""coordinates"":[]}"
20180329,2018-03-29,94737.54023006311,"{""type"":""MultiPoint"",""coordinates"":[]}"
20180330,2018-03-30,94698.20550713173,"{""type"":""MultiPoint"",""coordinates"":[]}"
20180331,2018-03-31,94667.9414164704,"{""type"":""MultiPoint"",""coordinates"":[]}"
20180401,2018-04-01,94743.31216524214,"{""type"":""MultiPoint"",""coordinates"":[]}"
20180402,2018-04-02,94812.14663700995,"{""type"":""MultiPoint"",""coordinates"":[]}"
20180403,2018-04-03,94762.30561551709,"{""type"":""MultiPoint"",""coordinates"":[]}"
20180404,2018-04-04,94648.25007962703,"{""type"":""MultiPoint"",""coordinates"":[]}"
20180405,2018-04-05,94590.57743039778,"{""type"":""MultiPoint"",""coordinates"":[]}"
20180406,2018-04-06,94766.32721812896,"{""type"":""MultiPoint"",""coordinates"":[]}"
20180407,2018-04-07,94884.92876005257,"{""type"":""MultiPoint"",""coordinates"":[]}"
20180408,2018-04-08,94971.5924792627,"{""type"":""MultiPoint"",""coordinates"":[]}"
20180409,2018-04-09,94950.15046871938,"{""type"":""MultiPoint"",""coordinates"":[]}"
20180410,2018-04-10,94846.49573183045,"{""type"":""MultiPoint"",""coordinates"":[]}"
20180411,2018-04-11,94827.59760097686,"{""type"":""MultiPoint"",""coordinates"":[]}"
20180412,2018-04-12,94755.78627215484,"{""type"":""MultiPoint"",""coordinates"":[]}"
20180413,2018-04-13,94810.60108553777,"{""type"":""MultiPoint"",""coordinates"":[]}"
20180414,2018-04-14,94784.72678323273,"{""type"":""MultiPoint"",""coordinates"":[]}"
20180415,2018-04-15,94866.28148130582,"{""type"":""MultiPoint"",""coordinates"":[]}"
20180416,2018-04-16,94899.22777895423,"{""type"":""MultiPoint"",""coordinates"":[]}"
20180417,2018-04-17,94938.07391640992,"{""type"":""MultiPoint"",""coordinates"":[]}"
20180418,2018-04-18,94782.44147140441,"{""type"":""MultiPoint"",""coordinates"":[]}"
20180419,2018-04-19,94571.18462954623,"{""type"":""MultiPoint"",""coordinates"":[]}"
20180420,2018-04-20,94588.784914066,"{""type"":""MultiPoint"",""coordinates"":[]}"
20180421,2018-04-21,94625.42065694519,"{""type"":""MultiPoint"",""coordinates"":[]}"
20180422,2018-04-22,94693.66158191435,"{""type"":""MultiPoint"",""coordinates"":[]}"
20180423,2018-04-23,94680.94847913577,"{""type"":""MultiPoint"",""coordinates"":[]}"
20180424,2018-04-24,94677.77333123333,"{""type"":""MultiPoint"",""coordinates"":[]}"
20180425,2018-04-25,94606.169845666,"{""type"":""MultiPoint"",""coordinates"":[]}"
20180426,2018-04-26,94612.37518094978,"{""type"":""MultiPoint"",""coordinates"":[]}"
20180427,2018-04-27,94741.76998432614,"{""type"":""MultiPoint"",""coordinates"":[]}"
20180428,2018-04-28,94775.17577562094,"{""type"":""MultiPoint"",""coordinates"":[]}"
20180429,2018-04-29,94537.12460429268,"{""type"":""MultiPoint"",""coordinates"":[]}"
20180430,2018-04-30,94446.8863764438,"{""type"":""MultiPoint"",""coordinates"":[]}"
20180501,2018-05-01,94549.2201038975,"{""type"":""MultiPoint"",""coordinates"":[]}"
20180502,2018-05-02,94598.22230139707,"{""type"":""MultiPoint"",""coordinates"":[]}"
20180503,2018-05-03,94718.87123307199,"{""type"":""MultiPoint"",""coordinates"":[]}"
20180504,2018-05-04,94770.17301842607,"{""type"":""MultiPoint"",""coordinates"":[]}"
20180505,2018-05-05,94782.99079191363,"{""type"":""MultiPoint"",""coordinates"":[]}"
20180506,2018-05-06,94796.9906846772,"{""type"":""MultiPoint"",""coordinates"":[]}"
20180507,2018-05-07,94631.4581661848,"{""type"":""MultiPoint"",""coordinates"":[]}"
20180508,2018-05-08,94543.37480890434,"{""type"":""MultiPoint"",""coordinates"":[]}"
20180509,2018-05-09,94664.79543284197,"{""type"":""MultiPoint"",""coordinates"":[]}"
20180510,2018-05-10,94770.10304700471,"{""type"":""MultiPoint"",""coordinates"":[]}"
20180511,2018-05-11,94644.1383811186,"{""type"":""MultiPoint"",""coordinates"":[]}"
20180512,2018-05-12,94628.29950984145,"{""type"":""MultiPoint"",""coordinates"":[]}"
20180513,2018-05-13,94643.0574706021,"{""type"":""MultiPoint"",""coordinates"":[]}"
20180514,2018-05-14,94656.37017033107,"{""type"":""MultiPoint"",""coordinates"":[]}"
20180515,2018-05-15,94571.3558308189,"{""type"":""MultiPoint"",""coordinates"":[]}"
20180516,2018-05-16,94506.26222488152,"{""type"":""MultiPoint"",""coordinates"":[]}"
20180517,2018-05-17,94491.12659321279,"{""type"":""MultiPoint"",""coordinates"":[]}"
20180518,2018-05-18,94455.08652620862,"{""type"":""MultiPoint"",""coordinates"":[]}"
20180519,2018-05-19,94333.10553759354,"{""type"":""MultiPoint"",""coordinates"":[]}"
20180520,2018-05-20,94377.56774739757,"{""type"":""MultiPoint"",""coordinates"":[]}"
20180521,2018-05-21,94463.07427388047,"{""type"":""MultiPoint"",""coordinates"":[]}"
20180522,2018-05-22,94459.87451730049,"{""type"":""MultiPoint"",""coordinates"":[]}"
20180523,2018-05-23,94427.37603815632,"{""type"":""MultiPoint"",""coordinates"":[]}"
20180524,2018-05-24,94348.5779501065,"{""type"":""MultiPoint"",""coordinates"":[]}"
20180525,2018-05-25,94286.68983621796,"{""type"":""MultiPoint"",""coordinates"":[]}"
20180526,2018-05-26,94335.707040643,"{""type"":""MultiPoint"",""coordinates"":[]}"
20180527,2018-05-27,94299.05444797457,"{""type"":""MultiPoint"",""coordinates"":[]}"
20180528,2018-05-28,94122.48514027035,"{""type"":""MultiPoint"",""coordinates"":[]}"
20180529,2018-05-29,94074.05972407323,"{""type"":""MultiPoint"",""coordinates"":[]}"
20180530,2018-05-30,94199.84950184003,"{""type"":""MultiPoint"",""coordinates"":[]}"
20180531,2018-05-31,94362.40788445399,"{""type"":""MultiPoint"",""coordinates"":[]}"
20180601,2018-06-01,94465.3501808169,"{""type"":""MultiPoint"",""coordinates"":[]}"
20180602,2018-06-02,94506.33972320733,"{""type"":""MultiPoint"",""coordinates"":[]}"
20180603,2018-06-03,94307.37443778172,"{""type"":""MultiPoint"",""coordinates"":[]}"
20180604,2018-06-04,94201.34629201665,"{""type"":""MultiPoint"",""coordinates"":[]}"
20180605,2018-06-05,94317.36256544071,"{""type"":""MultiPoint"",""coordinates"":[]}"
20180606,2018-06-06,94424.53354625183,"{""type"":""MultiPoint"",""coordinates"":[]}"
20180607,2018-06-07,94274.93773726035,"{""type"":""MultiPoint"",""coordinates"":[]}"
20180608,2018-06-08,94092.38645187291,"{""type"":""MultiPoint"",""coordinates"":[]}"
20180609,2018-06-09,93984.50356979003,"{""type"":""MultiPoint"",""coordinates"":[]}"
20180610,2018-06-10,94103.40677089564,"{""type"":""MultiPoint"",""coordinates"":[]}"
20180611,2018-06-11,94139.86367029758,"{""type"":""MultiPoint"",""coordinates"":[]}"
20180612,2018-06-12,94184.59986643874,"{""type"":""MultiPoint"",""coordinates"":[]}"
20180613,2018-06-13,94256.7098133009,"{""type"":""MultiPoint"",""coordinates"":[]}"
20180614,2018-06-14,94373.43472369354,"{""type"":""MultiPoint"",""coordinates"":[]}"
20180615,2018-06-15,94459.06062052705,"{""type"":""MultiPoint"",""coordinates"":[]}"
20180616,2018-06-16,94559.43809475824,"{""type"":""MultiPoint"",""coordinates"":[]}"
20180617,2018-06-17,94531.97274966477,"{""type"":""MultiPoint"",""coordinates"":[]}"
20180618,2018-06-18,94457.25317688352,"{""type"":""MultiPoint"",""coordinates"":[]}"
20180619,2018-06-19,94359.52981283356,"{""type"":""MultiPoint"",""coordinates"":[]}"
20180620,2018-06-20,94313.01895504736,"{""type"":""MultiPoint"",""coordinates"":[]}"
20180621,2018-06-21,94294.95851439163,"{""type"":""MultiPoint"",""coordinates"":[]}"
20180622,2018-06-22,94316.22330055035,"{""type"":""MultiPoint"",""coordinates"":[]}"
20180623,2018-06-23,94320.8356166724,"{""type"":""MultiPoint"",""coordinates"":[]}"
20180624,2018-06-24,94370.81138862559,"{""type"":""MultiPoint"",""coordinates"":[]}"
20180625,2018-06-25,94259.71000127665,"{""type"":""MultiPoint"",""coordinates"":[]}"
20180626,2018-06-26,94213.56650524639,"{""type"":""MultiPoint"",""coordinates"":[]}"
20180627,2018-06-27,94163.89415738742,"{""type"":""MultiPoint"",""coordinates"":[]}"
20180628,2018-06-28,94286.61013925968,"{""type"":""MultiPoint"",""coordinates"":[]}"
20180629,2018-06-29,94375.22061192806,"{""type"":""MultiPoint"",""coordinates"":[]}"
20180630,2018-06-30,94460.06343280525,"{""type"":""MultiPoint"",""coordinates"":[]}"
20180701,2018-07-01,94477.62560157401,"{""type"":""MultiPoint"",""coordinates"":[]}"
20180702,2018-07-02,94419.39914396398,"{""type"":""MultiPoint"",""coordinates"":[]}"
20180703,2018-07-03,94484.87610959768,"{""type"":""MultiPoint"",""coordinates"":[]}"
20180704,2018-07-04,94513.67771274067,"{""type"":""MultiPoint"",""coordinates"":[]}"
20180705,2018-07-05,94453.00261218305,"{""type"":""MultiPoint"",""coordinates"":[]}"
20180706,2018-07-06,94278.01030522541,"{""type"":""MultiPoint"",""coordinates"":[]}"
20180707,2018-07-07,94143.21933848479,"{""type"":""MultiPoint"",""coordinates"":[]}"
20180708,2018-07-08,94082.54701163633,"{""type"":""MultiPoint"",""coordinates"":[]}"
20180709,2018-07-09,94100.76422307924,"{""type"":""MultiPoint"",""coordinates"":[]}"
20180710,2018-07-10,94198.85040038286,"{""type"":""MultiPoint"",""coordinates"":[]}"
20180711,2018-07-11,94190.25924171797,"{""type"":""MultiPoint"",""coordinates"":[]}"
20180712,2018-07-12,94141.44701562141,"{""type"":""MultiPoint"",""coordinates"":[]}"
20180713,2018-07-13,94128.0077747312,"{""type"":""MultiPoint"",""coordinates"":[]}"
20180714,2018-07-14,94026.81246895887,"{""type"":""MultiPoint"",""coordinates"":[]}"
20180715,2018-07-15,93932.40291001034,"{""type"":""MultiPoint"",""coordinates"":[]}"
20180716,2018-07-16,94012.63026592588,"{""type"":""MultiPoint"",""coordinates"":[]}"
20180717,2018-07-17,94122.42417375428,"{""type"":""MultiPoint"",""coordinates"":[]}"
20180718,2018-07-18,94232.79915182816,"{""type"":""MultiPoint"",""coordinates"":[]}"
20180719,2018-07-19,94226.35164882081,"{""type"":""MultiPoint"",""coordinates"":[]}"
20180720,2018-07-20,94246.11161090578,"{""type"":""MultiPoint"",""coordinates"":[]}"
20180721,2018-07-21,94331.92364087496,"{""type"":""MultiPoint"",""coordinates"":[]}"
20180722,2018-07-22,94289.12883936631,"{""type"":""MultiPoint"",""coordinates"":[]}"
20180723,2018-07-23,94314.7359104033,"{""type"":""MultiPoint"",""coordinates"":[]}"
20180724,2018-07-24,94472.68355291596,"{""type"":""MultiPoint"",""coordinates"":[]}"
20180725,2018-07-25,94484.7375570988,"{""type"":""MultiPoint"",""coordinates"":[]}"
20180726,2018-07-26,94535.6649983571,"{""type"":""MultiPoint"",""coordinates"":[]}"
20180727,2018-07-27,94494.13948664031,"{""type"":""MultiPoint"",""coordinates"":[]}"
20180728,2018-07-28,94416.78912753901,"{""type"":""MultiPoint"",""coordinates"":[]}"
20180729,2018-07-29,94394.50259827975,"{""type"":""MultiPoint"",""coordinates"":[]}"
20180730,2018-07-30,94390.29057079589,"{""type"":""MultiPoint"",""coordinates"":[]}"
20180731,2018-07-31,94434.54524671755,"{""type"":""MultiPoint"",""coordinates"":[]}"
20180801,2018-08-01,94499.72167559105,"{""type"":""MultiPoint"",""coordinates"":[]}"
20180802,2018-08-02,94593.26721494387,"{""type"":""MultiPoint"",""coordinates"":[]}"
20180803,2018-08-03,94639.66054499899,"{""type"":""MultiPoint"",""coordinates"":[]}"
20180804,2018-08-04,94609.01010068817,"{""type"":""MultiPoint"",""coordinates"":[]}"
20180805,2018-08-05,94554.85458096341,"{""type"":""MultiPoint"",""coordinates"":[]}"
20180806,2018-08-06,94388.25708515465,"{""type"":""MultiPoint"",""coordinates"":[]}"
20180807,2018-08-07,94222.97537048123,"{""type"":""MultiPoint"",""coordinates"":[]}"
20180808,2018-08-08,94274.50764399531,"{""type"":""MultiPoint"",""coordinates"":[]}"
20180809,2018-08-09,94514.69683498374,"{""type"":""MultiPoint"",""coordinates"":[]}"
20180810,2018-08-10,94543.86126899991,"{""type"":""MultiPoint"",""coordinates"":[]}"
20180811,2018-08-11,94345.81005891264,"{""type"":""MultiPoint"",""coordinates"":[]}"
20180812,2018-08-12,94224.55556800272,"{""type"":""MultiPoint"",""coordinates"":[]}"
20180813,2018-08-13,94256.3328049503,"{""type"":""MultiPoint"",""coordinates"":[]}"
20180814,2018-08-14,94153.41496948629,"{""type"":""MultiPoint"",""coordinates"":[]}"
20180815,2018-08-15,94056.8697166037,"{""type"":""MultiPoint"",""coordinates"":[]}"
20180816,2018-08-16,93917.47671208982,"{""type"":""MultiPoint"",""coordinates"":[]}"
20180817,2018-08-17,94091.21885959653,"{""type"":""MultiPoint"",""coordinates"":[]}"
20180818,2018-08-18,94198.6797366556,"{""type"":""MultiPoint"",""coordinates"":[]}"
20180819,2018-08-19,94209.66241534348,"{""type"":""MultiPoint"",""coordinates"":[]}"
20180820,2018-08-20,94254.2134038369,"{""type"":""MultiPoint"",""coordinates"":[]}"
20180821,2018-08-21,94398.08871904219,"{""type"":""MultiPoint"",""coordinates"":[]}"
20180822,2018-08-22,94503.93552339585,"{""type"":""MultiPoint"",""coordinates"":[]}"
20180823,2018-08-23,94555.43969275887,"{""type"":""MultiPoint"",""coordinates"":[]}"
20180824,2018-08-24,94528.00485854666,"{""type"":""MultiPoint"",""coordinates"":[]}"
20180825,2018-08-25,94496.8008773912,"{""type"":""MultiPoint"",""coordinates"":[]}"
20180826,2018-08-26,94382.49739813927,"{""type"":""MultiPoint"",""coordinates"":[]}"
20180827,2018-08-27,94377.4420387703,"{""type"":""MultiPoint"",""coordinates"":[]}"
20180828,2018-08-28,94424.87798304114,"{""type"":""MultiPoint"",""coordinates"":[]}"
20180829,2018-08-29,94535.68661021275,"{""type"":""MultiPoint"",""coordinates"":[]}"
20180830,2018-08-30,94502.2057590343,"{""type"":""MultiPoint"",""coordinates"":[]}"
20180831,2018-08-31,94563.99753312737,"{""type"":""MultiPoint"",""coordinates"":[]}"
20180901,2018-09-01,94647.93835654888,"{""type"":""MultiPoint"",""coordinates"":[]}"
20180902,2018-09-02,94675.38035543433,"{""type"":""MultiPoint"",""coordinates"":[]}"
20180903,2018-09-03,94699.9991099754,"{""type"":""MultiPoint"",""coordinates"":[]}"
20180904,2018-09-04,94721.75650657142,"{""type"":""MultiPoint"",""coordinates"":[]}"
20180905,2018-09-05,94625.816535833,"{""type"":""MultiPoint"",""coordinates"":[]}"
20180906,2018-09-06,94518.25326312982,"{""type"":""MultiPoint"",""coordinates"":[]}"
20180907,2018-09-07,94593.78972193778,"{""type"":""MultiPoint"",""coordinates"":[]}"
20180908,2018-09-08,94687.08995772764,"{""type"":""MultiPoint"",""coordinates"":[]}"
20180909,2018-09-09,94813.35059640219,"{""type"":""MultiPoint"",""coordinates"":[]}"
20180910,2018-09-10,94986.8193544998,"{""type"":""MultiPoint"",""coordinates"":[]}"
20180911,2018-09-11,94956.7516250339,"{""type"":""MultiPoint"",""coordinates"":[]}"
20180912,2018-09-12,94791.35535682041,"{""type"":""MultiPoint"",""coordinates"":[]}"
20180913,2018-09-13,94720.8074392491,"{""type"":""MultiPoint"",""coordinates"":[]}"
20180914,2018-09-14,94806.78517229618,"{""type"":""MultiPoint"",""coordinates"":[]}"
20180915,2018-09-15,94803.88066667216,"{""type"":""MultiPoint"",""coordinates"":[]}"
20180916,2018-09-16,94620.38550011202,"{""type"":""MultiPoint"",""coordinates"":[]}"
20180917,2018-09-17,94585.71806446533,"{""type"":""MultiPoint"",""coordinates"":[]}"
20180918,2018-09-18,94603.05044140549,"{""type"":""MultiPoint"",""coordinates"":[]}"
20180919,2018-09-19,94514.78700803888,"{""type"":""MultiPoint"",""coordinates"":[]}"
20180920,2018-09-20,94321.43450466303,"{""type"":""MultiPoint"",""coordinates"":[]}"
20180921,2018-09-21,94369.29234872902,"{""type"":""MultiPoint"",""coordinates"":[]}"
20180922,2018-09-22,94802.13323125249,"{""type"":""MultiPoint"",""coordinates"":[]}"
20180923,2018-09-23,95036.93700676099,"{""type"":""MultiPoint"",""coordinates"":[]}"
20180924,2018-09-24,95010.73582722925,"{""type"":""MultiPoint"",""coordinates"":[]}"
20180925,2018-09-25,94870.08000646661,"{""type"":""MultiPoint"",""coordinates"":[]}"
20180926,2018-09-26,94815.20579188633,"{""type"":""MultiPoint"",""coordinates"":[]}"
20180927,2018-09-27,94822.00917383739,"{""type"":""MultiPoint"",""coordinates"":[]}"
20180928,2018-09-28,94879.69092324529,"{""type"":""MultiPoint"",""coordinates"":[]}"
20180929,2018-09-29,94932.32595378719,"{""type"":""MultiPoint"",""coordinates"":[]}"
20180930,2018-09-30,94877.70726242685,"{""type"":""MultiPoint"",""coordinates"":[]}"
20181001,2018-10-01,94911.3724918729,"{""type"":""MultiPoint"",""coordinates"":[]}"
20181002,2018-10-02,94971.290674248,"{""type"":""MultiPoint"",""coordinates"":[]}"
20181003,2018-10-03,94938.12990332121,"{""type"":""MultiPoint"",""coordinates"":[]}"
20181004,2018-10-04,94962.979026531,"{""type"":""MultiPoint"",""coordinates"":[]}"
20181005,2018-10-05,95006.82370202507,"{""type"":""MultiPoint"",""coordinates"":[]}"
20181006,2018-10-06,94995.49008181479,"{""type"":""MultiPoint"",""coordinates"":[]}"
20181007,2018-10-07,94931.87650156123,"{""type"":""MultiPoint"",""coordinates"":[]}"
20181008,2018-10-08,94851.5547495955,"{""type"":""MultiPoint"",""coordinates"":[]}"
20181009,2018-10-09,94761.39346911255,"{""type"":""MultiPoint"",""coordinates"":[]}"
20181010,2018-10-10,94640.4091053911,"{""type"":""MultiPoint"",""coordinates"":[]}"
20181011,2018-10-11,94610.0969127567,"{""type"":""MultiPoint"",""coordinates"":[]}"
20181012,2018-10-12,94799.53473685996,"{""type"":""MultiPoint"",""coordinates"":[]}"
20181013,2018-10-13,94988.8690921001,"{""type"":""MultiPoint"",""coordinates"":[]}"
20181014,2018-10-14,95076.64634092287,"{""type"":""MultiPoint"",""coordinates"":[]}"
20181015,2018-10-15,95156.02116881691,"{""type"":""MultiPoint"",""coordinates"":[]}"
20181016,2018-10-16,95178.55020650556,"{""type"":""MultiPoint"",""coordinates"":[]}"
20181017,2018-10-17,95090.48284061384,"{""type"":""MultiPoint"",""coordinates"":[]}"
20181018,2018-10-18,95078.34911603434,"{""type"":""MultiPoint"",""coordinates"":[]}"
20181019,2018-10-19,95136.4705019175,"{""type"":""MultiPoint"",""coordinates"":[]}"
20181020,2018-10-20,95226.07573822913,"{""type"":""MultiPoint"",""coordinates"":[]}"
20181021,2018-10-21,95237.69140871847,"{""type"":""MultiPoint"",""coordinates"":[]}"
20181022,2018-10-22,95158.3528784456,"{""type"":""MultiPoint"",""coordinates"":[]}"
20181023,2018-10-23,95165.36972287056,"{""type"":""MultiPoint"",""coordinates"":[]}"
20181024,2018-10-24,95174.03068007751,"{""type"":""MultiPoint"",""coordinates"":[]}"
20181025,2018-10-25,95294.89129228459,"{""type"":""MultiPoint"",""coordinates"":[]}"
20181026,2018-10-26,95345.80770287752,"{""type"":""MultiPoint"",""coordinates"":[]}"
20181027,2018-10-27,95306.56731158146,"{""type"":""MultiPoint"",""coordinates"":[]}"
20181028,2018-10-28,95183.62172386248,"{""type"":""MultiPoint"",""coordinates"":[]}"
20181029,2018-10-29,95048.83126992681,"{""type"":""MultiPoint"",""coordinates"":[]}"
20181030,2018-10-30,95028.45111252586,"{""type"":""MultiPoint"",""coordinates"":[]}"
20181031,2018-10-31,95053.43527002152,"{""type"":""MultiPoint"",""coordinates"":[]}"
20181101,2018-11-01,95086.81230039986,"{""type"":""MultiPoint"",""coordinates"":[]}"
20181102,2018-11-02,95086.71003090698,"{""type"":""MultiPoint"",""coordinates"":[]}"
20181103,2018-11-03,95171.7103944613,"{""type"":""MultiPoint"",""coordinates"":[]}"
20181104,2018-11-04,95177.55331948913,"{""type"":""MultiPoint"",""coordinates"":[]}"
20181105,2018-11-05,95160.74094212068,"{""type"":""MultiPoint"",""coordinates"":[]}"
20181106,2018-11-06,95173.72075405759,"{""type"":""MultiPoint"",""coordinates"":[]}"
20181107,2018-11-07,95183.67916494947,"{""type"":""MultiPoint"",""coordinates"":[]}"
20181108,2018-11-08,95118.21832555735,"{""type"":""MultiPoint"",""coordinates"":[]}"
20181109,2018-11-09,95053.26060672457,"{""type"":""MultiPoint"",""coordinates"":[]}"
20181110,2018-11-10,95107.46196595808,"{""type"":""MultiPoint"",""coordinates"":[]}"
20181111,2018-11-11,95155.70735087736,"{""type"":""MultiPoint"",""coordinates"":[]}"
20181112,2018-11-12,95050.10209986917,"{""type"":""MultiPoint"",""coordinates"":[]}"
20181113,2018-11-13,94903.05199518814,"{""type"":""MultiPoint"",""coordinates"":[]}"
20181114,2018-11-14,94956.63790695729,"{""type"":""MultiPoint"",""coordinates"":[]}"
20181115,2018-11-15,95105.45504931532,"{""type"":""MultiPoint"",""coordinates"":[]}"
20181116,2018-11-16,95125.49597562842,"{""type"":""MultiPoint"",""coordinates"":[]}"
20181117,2018-11-17,95082.47043916408,"{""type"":""MultiPoint"",""coordinates"":[]}"
20181118,2018-11-18,95145.76726943703,"{""type"":""MultiPoint"",""coordinates"":[]}"
20181119,2018-11-19,95287.8160945711,"{""type"":""MultiPoint"",""coordinates"":[]}"
20181120,2018-11-20,95300.44070113565,"{""type"":""MultiPoint"",""coordinates"":[]}"
20181121,2018-11-21,95281.60504427357,"{""type"":""MultiPoint"",""coordinates"":[]}"
20181122,2018-11-22,95393.17465187627,"{""type"":""MultiPoint"",""coordinates"":[]}"
20181123,2018-11-23,95482.837100614,"{""type"":""MultiPoint"",""coordinates"":[]}"
20181124,2018-11-24,95458.74711179116,"{""type"":""MultiPoint"",""coordinates"":[]}"
20181125,2018-11-25,95351.75524338259,"{""type"":""MultiPoint"",""coordinates"":[]}"
20181126,2018-11-26,95223.82019163863,"{""type"":""MultiPoint"",""coordinates"":[]}"
20181127,2018-11-27,95310.59723098003,"{""type"":""MultiPoint"",""coordinates"":[]}"
20181128,2018-11-28,95361.59160610505,"{""type"":""MultiPoint"",""coordinates"":[]}"
20181129,2018-11-29,95444.95901730137,"{""type"":""MultiPoint"",""coordinates"":[]}"
20181130,2018-11-30,95375.88357492168,"{""type"":""MultiPoint"",""coordinates"":[]}"
20181201,2018-12-01,95181.02031515712,"{""type"":""MultiPoint"",""coordinates"":[]}"
20181202,2018-12-02,95090.62346926951,"{""type"":""MultiPoint"",""coordinates"":[]}"
20181203,2018-12-03,95168.52543403638,"{""type"":""MultiPoint"",""coordinates"":[]}"
20181204,2018-12-04,95256.88035898804,"{""type"":""MultiPoint"",""coordinates"":[]}"
20181205,2018-12-05,95144.46404536327,"{""type"":""MultiPoint"",""coordinates"":[]}"
20181206,2018-12-06,95086.45927574874,"{""type"":""MultiPoint"",""coordinates"":[]}"
20181207,2018-12-07,95102.83171697373,"{""type"":""MultiPoint"",""coordinates"":[]}"
20181208,2018-12-08,95169.41839760773,"{""type"":""MultiPoint"",""coordinates"":[]}"
20181209,2018-12-09,95065.93056351987,"{""type"":""MultiPoint"",""coordinates"":[]}"
20181210,2018-12-10,95055.67892624463,"{""type"":""MultiPoint"",""coordinates"":[]}"
20181211,2018-12-11,95120.70613279531,"{""type"":""MultiPoint"",""coordinates"":[]}"
20181212,2018-12-12,95173.13772349831,"{""type"":""MultiPoint"",""coordinates"":[]}"
20181213,2018-12-13,95311.37391209131,"{""type"":""MultiPoint"",""coordinates"":[]}"
20181214,2018-12-14,95410.83573640115,"{""type"":""MultiPoint"",""coordinates"":[]}"
20181215,2018-12-15,95383.60119244207,"{""type"":""MultiPoint"",""coordinates"":[]}"
20181216,2018-12-16,95312.51982657074,"{""type"":""MultiPoint"",""coordinates"":[]}"
20181217,2018-12-17,95145.35393196999,"{""type"":""MultiPoint"",""coordinates"":[]}"
20181218,2018-12-18,95333.34745336746,"{""type"":""MultiPoint"",""coordinates"":[]}"
20181219,2018-12-19,95400.04087999933,"{""type"":""MultiPoint"",""coordinates"":[]}"
20181220,2018-12-20,95326.31877133879,"{""type"":""MultiPoint"",""coordinates"":[]}"
20181221,2018-12-21,95253.86865799327,"{""type"":""MultiPoint"",""coordinates"":[]}"
20181222,2018-12-22,95279.47462800503,"{""type"":""MultiPoint"",""coordinates"":[]}"
20181223,2018-12-23,95311.72227761276,"{""type"":""MultiPoint"",""coordinates"":[]}"
20181224,2018-12-24,95294.17720341495,"{""type"":""MultiPoint"",""coordinates"":[]}"
20181225,2018-12-25,95201.52844802369,"{""type"":""MultiPoint"",""coordinates"":[]}"
20181226,2018-12-26,95118.9790430587,"{""type"":""MultiPoint"",""coordinates"":[]}"
20181227,2018-12-27,95147.9249765426,"{""type"":""MultiPoint"",""coordinates"":[]}"
20181228,2018-12-28,95239.25843671897,"{""type"":""MultiPoint"",""coordinates"":[]}"
20181229,2018-12-29,95457.92972945335,"{""type"":""MultiPoint"",""coordinates"":[]}"
20181230,2018-12-30,95607.56257144122,"{""type"":""MultiPoint"",""coordinates"":[]}"
20181231,2018-12-31,95672.83652763952,"{""type"":""MultiPoint"",""coordinates"":[]}"
20190101,2019-01-01,95631.0463736364,"{""type"":""MultiPoint"",""coordinates"":[]}"
20190102,2019-01-02,95636.23366802753,"{""type"":""MultiPoint"",""coordinates"":[]}"
20190103,2019-01-03,95651.31960159393,"{""type"":""MultiPoint"",""coordinates"":[]}"
20190104,2019-01-04,95582.94385427536,"{""type"":""MultiPoint"",""coordinates"":[]}"
20190105,2019-01-05,95429.0008846668,"{""type"":""MultiPoint"",""coordinates"":[]}"
20190106,2019-01-06,95302.57412173391,"{""type"":""MultiPoint"",""coordinates"":[]}"
20190107,2019-01-07,95279.93015782937,"{""type"":""MultiPoint"",""coordinates"":[]}"
20190108,2019-01-08,95317.15493180268,"{""type"":""MultiPoint"",""coordinates"":[]}"
20190109,2019-01-09,95300.35563351121,"{""type"":""MultiPoint"",""coordinates"":[]}"
20190110,2019-01-10,95286.98637926769,"{""type"":""MultiPoint"",""coordinates"":[]}"
20190111,2019-01-11,95333.01730237692,"{""type"":""MultiPoint"",""coordinates"":[]}"
20190112,2019-01-12,95314.48758664774,"{""type"":""MultiPoint"",""coordinates"":[]}"
20190113,2019-01-13,95348.29531554786,"{""type"":""MultiPoint"",""coordinates"":[]}"
20190114,2019-01-14,95321.51743252315,"{""type"":""MultiPoint"",""coordinates"":[]}"
20190115,2019-01-15,95387.98358416853,"{""type"":""MultiPoint"",""coordinates"":[]}"
20190116,2019-01-16,95349.19893410402,"{""type"":""MultiPoint"",""coordinates"":[]}"
20190117,2019-01-17,95226.56362625395,"{""type"":""MultiPoint"",""coordinates"":[]}"
20190118,2019-01-18,95272.9095494811,"{""type"":""MultiPoint"",""coordinates"":[]}"
20190119,2019-01-19,95390.01644543483,"{""type"":""MultiPoint"",""coordinates"":[]}"
20190120,2019-01-20,95412.48045461644,"{""type"":""MultiPoint"",""coordinates"":[]}"
20190121,2019-01-21,95270.94621424394,"{""type"":""MultiPoint"",""coordinates"":[]}"
20190122,2019-01-22,95249.06644037685,"{""type"":""MultiPoint"",""coordinates"":[]}"
20190123,2019-01-23,95236.29026328787,"{""type"":""MultiPoint"",""coordinates"":[]}"
20190124,2019-01-24,95216.92876292118,"{""type"":""MultiPoint"",""coordinates"":[]}"
20190125,2019-01-25,95179.81586563228,"{""type"":""MultiPoint"",""coordinates"":[]}"
20190126,2019-01-26,95307.50384645358,"{""type"":""MultiPoint"",""coordinates"":[]}"
20190127,2019-01-27,95426.28939547428,"{""type"":""MultiPoint"",""coordinates"":[]}"
20190128,2019-01-28,95517.21839136277,"{""type"":""MultiPoint"",""coordinates"":[]}"
20190129,2019-01-29,95551.6981736355,"{""type"":""MultiPoint"",""coordinates"":[]}"
20190130,2019-01-30,95490.20677723129,"{""type"":""MultiPoint"",""coordinates"":[]}"
20190131,2019-01-31,95405.78102287193,"{""type"":""MultiPoint"",""coordinates"":[]}"
20190201,2019-02-01,95356.72896158692,"{""type"":""MultiPoint"",""coordinates"":[]}"
20190202,2019-02-02,95281.42550339273,"{""type"":""MultiPoint"",""coordinates"":[]}"
20190203,2019-02-03,95470.69172736249,"{""type"":""MultiPoint"",""coordinates"":[]}"
20190204,2019-02-04,95598.23304714522,"{""type"":""MultiPoint"",""coordinates"":[]}"
20190205,2019-02-05,95464.72872494362,"{""type"":""MultiPoint"",""coordinates"":[]}"
20190206,2019-02-06,95157.18649663513,"{""type"":""MultiPoint"",""coordinates"":[]}"
20190207,2019-02-07,95132.95631104591,"{""type"":""MultiPoint"",""coordinates"":[]}"
20190208,2019-02-08,95217.31650148224,"{""type"":""MultiPoint"",""coordinates"":[]}"
20190209,2019-02-09,95371.07740046213,"{""type"":""MultiPoint"",""coordinates"":[]}"
20190210,2019-02-10,95444.43734210903,"{""type"":""MultiPoint"",""coordinates"":[]}"
20190211,2019-02-11,95495.2228017097,"{""type"":""MultiPoint"",""coordinates"":[]}"
20190212,2019-02-12,95623.57458992042,"{""type"":""MultiPoint"",""coordinates"":[]}"
20190213,2019-02-13,95562.72048146994,"{""type"":""MultiPoint"",""coordinates"":[]}"
20190214,2019-02-14,95262.2170028637,"{""type"":""MultiPoint"",""coordinates"":[]}"
20190215,2019-02-15,95202.19586063882,"{""type"":""MultiPoint"",""coordinates"":[]}"
20190216,2019-02-16,95173.28967485727,"{""type"":""MultiPoint"",""coordinates"":[]}"
20190217,2019-02-17,95044.44230421643,"{""type"":""MultiPoint"",""coordinates"":[]}"
20190218,2019-02-18,94968.36299222289,"{""type"":""MultiPoint"",""coordinates"":[]}"
20190219,2019-02-19,95153.0931260387,"{""type"":""MultiPoint"",""coordinates"":[]}"
20190220,2019-02-20,95409.29726128733,"{""type"":""MultiPoint"",""coordinates"":[]}"
20190221,2019-02-21,95503.39327712881,"{""type"":""MultiPoint"",""coordinates"":[]}"
20190222,2019-02-22,95280.84921729607,"{""type"":""MultiPoint"",""coordinates"":[]}"
20190223,2019-02-23,95075.12688749575,"{""type"":""MultiPoint"",""coordinates"":[]}"
20190224,2019-02-24,94912.88433490234,"{""type"":""MultiPoint"",""coordinates"":[]}"
20190225,2019-02-25,94838.43120030571,"{""type"":""MultiPoint"",""coordinates"":[]}"
20190226,2019-02-26,94760.53138814194,"{""type"":""MultiPoint"",""coordinates"":[]}"
20190227,2019-02-27,94742.91266983663,"{""type"":""MultiPoint"",""coordinates"":[]}"
20190228,2019-02-28,94906.623553108,"{""type"":""MultiPoint"",""coordinates"":[]}"
20190301,2019-03-01,94960.9853231055,"{""type"":""MultiPoint"",""coordinates"":[]}"
20190302,2019-03-02,95033.2058663115,"{""type"":""MultiPoint"",""coordinates"":[]}"
20190303,2019-03-03,94910.72044438616,"{""type"":""MultiPoint"",""coordinates"":[]}"
20190304,2019-03-04,94689.18115707762,"{""type"":""MultiPoint"",""coordinates"":[]}"
20190305,2019-03-05,94725.57542855122,"{""type"":""MultiPoint"",""coordinates"":[]}"
20190306,2019-03-06,94812.10051341805,"{""type"":""MultiPoint"",""coordinates"":[]}"
20190307,2019-03-07,94847.07314561913,"{""type"":""MultiPoint"",""coordinates"":[]}"
20190308,2019-03-08,95040.86750039276,"{""type"":""MultiPoint"",""coordinates"":[]}"
20190309,2019-03-09,95083.15871574661,"{""type"":""MultiPoint"",""coordinates"":[]}"
20190310,2019-03-10,95100.87158249924,"{""type"":""MultiPoint"",""coordinates"":[]}"
20190311,2019-03-11,95145.1162320633,"{""type"":""MultiPoint"",""coordinates"":[]}"
20190312,2019-03-12,95160.94735991466,"{""type"":""MultiPoint"",""coordinates"":[]}"
20190313,2019-03-13,95193.5497822664,"{""type"":""MultiPoint"",""coordinates"":[]}"
20190314,2019-03-14,95156.10851347988,"{""type"":""MultiPoint"",""coordinates"":[]}"
20190315,2019-03-15,95159.65169021944,"{""type"":""MultiPoint"",""coordinates"":[]}"
20190316,2019-03-16,95151.72783341349,"{""type"":""MultiPoint"",""coordinates"":[]}"
20190317,2019-03-17,95100.9524204555,"{""type"":""MultiPoint"",""coordinates"":[]}"
20190318,2019-03-18,95044.95875858306,"{""type"":""MultiPoint"",""coordinates"":[]}"
20190319,2019-03-19,94854.94851659951,"{""type"":""MultiPoint"",""coordinates"":[]}"
20190320,2019-03-20,94878.1130741424,"{""type"":""MultiPoint"",""coordinates"":[]}"
20190321,2019-03-21,95004.63648539613,"{""type"":""MultiPoint"",""coordinates"":[]}"
20190322,2019-03-22,95050.2489581202,"{""type"":""MultiPoint"",""coordinates"":[]}"
20190323,2019-03-23,95006.04040756066,"{""type"":""MultiPoint"",""coordinates"":[]}"
20190324,2019-03-24,94955.85192911277,"{""type"":""MultiPoint"",""coordinates"":[]}"
20190325,2019-03-25,94983.65413250041,"{""type"":""MultiPoint"",""coordinates"":[]}"
20190326,2019-03-26,95056.0430181023,"{""type"":""MultiPoint"",""coordinates"":[]}"
20190327,2019-03-27,95152.14836015861,"{""type"":""MultiPoint"",""coordinates"":[]}"
20190328,2019-03-28,95015.59769534801,"{""type"":""MultiPoint"",""coordinates"":[]}"
20190329,2019-03-29,94879.05586205522,"{""type"":""MultiPoint"",""coordinates"":[]}"
20190330,2019-03-30,94834.84317729669,"{""type"":""MultiPoint"",""coordinates"":[]}"
20190331,2019-03-31,94841.03263521004,"{""type"":""MultiPoint"",""coordinates"":[]}"
20190401,2019-04-01,94844.76769683645,"{""type"":""MultiPoint"",""coordinates"":[]}"
20190402,2019-04-02,94812.21408903257,"{""type"":""MultiPoint"",""coordinates"":[]}"
20190403,2019-04-03,94927.57687517839,"{""type"":""MultiPoint"",""coordinates"":[]}"
20190404,2019-04-04,95014.69298214174,"{""type"":""MultiPoint"",""coordinates"":[]}"
20190405,2019-04-05,95013.3414605097,"{""type"":""MultiPoint"",""coordinates"":[]}"
20190406,2019-04-06,94911.20711883904,"{""type"":""MultiPoint"",""coordinates"":[]}"
20190407,2019-04-07,94808.01857837693,"{""type"":""MultiPoint"",""coordinates"":[]}"
20190408,2019-04-08,94767.06851576033,"{""type"":""MultiPoint"",""coordinates"":[]}"
20190409,2019-04-09,94845.37792959259,"{""type"":""MultiPoint"",""coordinates"":[]}"
20190410,2019-04-10,94909.34458263573,"{""type"":""MultiPoint"",""coordinates"":[]}"
20190411,2019-04-11,94799.6410661872,"{""type"":""MultiPoint"",""coordinates"":[]}"
20190412,2019-04-12,94814.94207891243,"{""type"":""MultiPoint"",""coordinates"":[]}"
20190413,2019-04-13,94844.61339267081,"{""type"":""MultiPoint"",""coordinates"":[]}"
20190414,2019-04-14,94859.47633194031,"{""type"":""MultiPoint"",""coordinates"":[]}"
20190415,2019-04-15,94839.64269118704,"{""type"":""MultiPoint"",""coordinates"":[]}"
20190416,2019-04-16,94811.79089161003,"{""type"":""MultiPoint"",""coordinates"":[]}"
20190417,2019-04-17,94840.2469184438,"{""type"":""MultiPoint"",""coordinates"":[]}"
20190418,2019-04-18,94801.69188669807,"{""type"":""MultiPoint"",""coordinates"":[]}"
20190419,2019-04-19,94711.86878455817,"{""type"":""MultiPoint"",""coordinates"":[]}"
20190420,2019-04-20,94562.26507690849,"{""type"":""MultiPoint"",""coordinates"":[]}"
20190421,2019-04-21,94536.48722754275,"{""type"":""MultiPoint"",""coordinates"":[]}"
20190422,2019-04-22,94627.70316798417,"{""type"":""MultiPoint"",""coordinates"":[]}"
20190423,2019-04-23,94800.5651675644,"{""type"":""MultiPoint"",""coordinates"":[]}"
20190424,2019-04-24,94812.63245676557,"{""type"":""MultiPoint"",""coordinates"":[]}"
20190425,2019-04-25,94747.75028996306,"{""type"":""MultiPoint"",""coordinates"":[]}"
20190426,2019-04-26,94651.99229875133,"{""type"":""MultiPoint"",""coordinates"":[]}"
20190427,2019-04-27,94624.80347995048,"{""type"":""MultiPoint"",""coordinates"":[]}"
20190428,2019-04-28,94601.97020257516,"{""type"":""MultiPoint"",""coordinates"":[]}"
20190429,2019-04-29,94570.42634747639,"{""type"":""MultiPoint"",""coordinates"":[]}"
20190430,2019-04-30,94422.92516900791,"{""type"":""MultiPoint"",""coordinates"":[]}"
20190501,2019-05-01,94253.64728063892,"{""type"":""MultiPoint"",""coordinates"":[]}"
20190502,2019-05-02,94228.02679866983,"{""type"":""MultiPoint"",""coordinates"":[]}"
20190503,2019-05-03,94449.68518609476,"{""type"":""MultiPoint"",""coordinates"":[]}"
20190504,2019-05-04,94736.1301389401,"{""type"":""MultiPoint"",""coordinates"":[]}"
20190505,2019-05-05,94809.10708240383,"{""type"":""MultiPoint"",""coordinates"":[]}"
20190506,2019-05-06,94623.38495170852,"{""type"":""MultiPoint"",""coordinates"":[]}"
20190507,2019-05-07,94538.38050625155,"{""type"":""MultiPoint"",""coordinates"":[]}"
20190508,2019-05-08,94539.88463389887,"{""type"":""MultiPoint"",""coordinates"":[]}"
20190509,2019-05-09,94506.50956266803,"{""type"":""MultiPoint"",""coordinates"":[]}"
20190510,2019-05-10,94570.1546302019,"{""type"":""MultiPoint"",""coordinates"":[]}"
20190511,2019-05-11,94678.44330057543,"{""type"":""MultiPoint"",""coordinates"":[]}"
20190512,2019-05-12,94617.2208017958,"{""type"":""MultiPoint"",""coordinates"":[]}"
20190513,2019-05-13,94546.27169676585,"{""type"":""MultiPoint"",""coordinates"":[]}"
20190514,2019-05-14,94541.47598829115,"{""type"":""MultiPoint"",""coordinates"":[]}"
20190515,2019-05-15,94646.50481993692,"{""type"":""MultiPoint"",""coordinates"":[]}"
20190516,2019-05-16,94729.11282959812,"{""type"":""MultiPoint"",""coordinates"":[]}"
20190517,2019-05-17,94699.25780912247,"{""type"":""MultiPoint"",""coordinates"":[]}"
20190518,2019-05-18,94627.83122274466,"{""type"":""MultiPoint"",""coordinates"":[]}"
20190519,2019-05-19,94656.977255773,"{""type"":""MultiPoint"",""coordinates"":[]}"
20190520,2019-05-20,94695.16317100365,"{""type"":""MultiPoint"",""coordinates"":[]}"
20190521,2019-05-21,94668.35161408354,"{""type"":""MultiPoint"",""coordinates"":[]}"
20190522,2019-05-22,94585.2633399997,"{""type"":""MultiPoint"",""coordinates"":[]}"
20190523,2019-05-23,94584.56763377912,"{""type"":""MultiPoint"",""coordinates"":[]}"
20190524,2019-05-24,94573.2976599041,"{""type"":""MultiPoint"",""coordinates"":[]}"
20190525,2019-05-25,94439.77465120069,"{""type"":""MultiPoint"",""coordinates"":[]}"
20190526,2019-05-26,94357.36253250064,"{""type"":""MultiPoint"",""coordinates"":[]}"
20190527,2019-05-27,94343.12623982478,"{""type"":""MultiPoint"",""coordinates"":[]}"
20190528,2019-05-28,94294.2954962601,"{""type"":""MultiPoint"",""coordinates"":[]}"
20190529,2019-05-29,94248.52761629704,"{""type"":""MultiPoint"",""coordinates"":[]}"
20190530,2019-05-30,94273.83868844886,"{""type"":""MultiPoint"",""coordinates"":[]}"
20190531,2019-05-31,94345.31489636729,"{""type"":""MultiPoint"",""coordinates"":[]}"
20190601,2019-06-01,94430.2898127075,"{""type"":""MultiPoint"",""coordinates"":[]}"
20190602,2019-06-02,94366.99668770119,"{""type"":""MultiPoint"",""coordinates"":[]}"
20190603,2019-06-03,94382.01856869896,"{""type"":""MultiPoint"",""coordinates"":[]}"
20190604,2019-06-04,94362.78782028795,"{""type"":""MultiPoint"",""coordinates"":[]}"
20190605,2019-06-05,94300.62947113355,"{""type"":""MultiPoint"",""coordinates"":[]}"
20190606,2019-06-06,94355.2044095927,"{""type"":""MultiPoint"",""coordinates"":[]}"
20190607,2019-06-07,94371.18566639358,"{""type"":""MultiPoint"",""coordinates"":[]}"
20190608,2019-06-08,94356.04279057417,"{""type"":""MultiPoint"",""coordinates"":[]}"
20190609,2019-06-09,94282.8278049523,"{""type"":""MultiPoint"",""coordinates"":[]}"
20190610,2019-06-10,94253.80958446655,"{""type"":""MultiPoint"",""coordinates"":[]}"
20190611,2019-06-11,94268.92510333822,"{""type"":""MultiPoint"",""coordinates"":[]}"
20190612,2019-06-12,94309.96867063742,"{""type"":""MultiPoint"",""coordinates"":[]}"
20190613,2019-06-13,94438.61798286183,"{""type"":""MultiPoint"",""coordinates"":[]}"
20190614,2019-06-14,94385.11925867175,"{""type"":""MultiPoint"",""coordinates"":[]}"
20190615,2019-06-15,94450.37817678164,"{""type"":""MultiPoint"",""coordinates"":[]}"
20190616,2019-06-16,94497.81888505879,"{""type"":""MultiPoint"",""coordinates"":[]}"
20190617,2019-06-17,94499.358874145,"{""type"":""MultiPoint"",""coordinates"":[]}"
20190618,2019-06-18,94364.01185781416,"{""type"":""MultiPoint"",""coordinates"":[]}"
20190619,2019-06-19,94289.20740514665,"{""type"":""MultiPoint"",""coordinates"":[]}"
20190620,2019-06-20,94338.6462461855,"{""type"":""MultiPoint"",""coordinates"":[]}"
20190621,2019-06-21,94283.88352620031,"{""type"":""MultiPoint"",""coordinates"":[]}"
20190622,2019-06-22,94257.04343142254,"{""type"":""MultiPoint"",""coordinates"":[]}"
20190623,2019-06-23,94256.78826478467,"{""type"":""MultiPoint"",""coordinates"":[]}"
20190624,2019-06-24,94376.81550996579,"{""type"":""MultiPoint"",""coordinates"":[]}"
20190625,2019-06-25,94460.69496615858,"{""type"":""MultiPoint"",""coordinates"":[]}"
20190626,2019-06-26,94434.222311482,"{""type"":""MultiPoint"",""coordinates"":[]}"
20190627,2019-06-27,94310.59431178421,"{""type"":""MultiPoint"",""coordinates"":[]}"
20190628,2019-06-28,94297.13965323243,"{""type"":""MultiPoint"",""coordinates"":[]}"
20190629,2019-06-29,94272.26367508303,"{""type"":""MultiPoint"",""coordinates"":[]}"
20190630,2019-06-30,94266.86082519479,"{""type"":""MultiPoint"",""coordinates"":[]}"
20190701,2019-07-01,94212.3402303425,"{""type"":""MultiPoint"",""coordinates"":[]}"
20190702,2019-07-02,94237.90222459764,"{""type"":""MultiPoint"",""coordinates"":[]}"
20190703,2019-07-03,94288.42689132899,"{""type"":""MultiPoint"",""coordinates"":[]}"
20190704,2019-07-04,94224.71519882669,"{""type"":""MultiPoint"",""coordinates"":[]}"
20190705,2019-07-05,94144.38153870427,"{""type"":""MultiPoint"",""coordinates"":[]}"
20190706,2019-07-06,94200.07251143061,"{""type"":""MultiPoint"",""coordinates"":[]}"
20190707,2019-07-07,94320.33623714083,"{""type"":""MultiPoint"",""coordinates"":[]}"
20190708,2019-07-08,94390.39432121247,"{""type"":""MultiPoint"",""coordinates"":[]}"
20190709,2019-07-09,94385.92862456237,"{""type"":""MultiPoint"",""coordinates"":[]}"
20190710,2019-07-10,94383.31641241482,"{""type"":""MultiPoint"",""coordinates"":[]}"
20190711,2019-07-11,94588.10193906192,"{""type"":""MultiPoint"",""coordinates"":[]}"
20190712,2019-07-12,94701.21306026916,"{""type"":""MultiPoint"",""coordinates"":[]}"
20190713,2019-07-13,94705.0122258242,"{""type"":""MultiPoint"",""coordinates"":[]}"
20190714,2019-07-14,94576.08314770422,"{""type"":""MultiPoint"",""coordinates"":[]}"
20190715,2019-07-15,94477.28002085662,"{""type"":""MultiPoint"",""coordinates"":[]}"
20190716,2019-07-16,94514.36515034632,"{""type"":""MultiPoint"",""coordinates"":[]}"
20190717,2019-07-17,94400.21455682536,"{""type"":""MultiPoint"",""coordinates"":[]}"
20190718,2019-07-18,94235.43066525615,"{""type"":""MultiPoint"",""coordinates"":[]}"
20190719,2019-07-19,94180.54845176652,"{""type"":""MultiPoint"",""coordinates"":[]}"
20190720,2019-07-20,94190.77378579462,"{""type"":""MultiPoint"",""coordinates"":[]}"
20190721,2019-07-21,94220.1623916133,"{""type"":""MultiPoint"",""coordinates"":[]}"
20190722,2019-07-22,94218.51813704723,"{""type"":""MultiPoint"",""coordinates"":[]}"
20190723,2019-07-23,94272.67274527549,"{""type"":""MultiPoint"",""coordinates"":[]}"
20190724,2019-07-24,94397.09432852211,"{""type"":""MultiPoint"",""coordinates"":[]}"
20190725,2019-07-25,94459.86855910537,"{""type"":""MultiPoint"",""coordinates"":[]}"
20190726,2019-07-26,94420.09883638674,"{""type"":""MultiPoint"",""coordinates"":[]}"
20190727,2019-07-27,94329.12644687832,"{""type"":""MultiPoint"",""coordinates"":[]}"
20190728,2019-07-28,94311.39363494526,"{""type"":""MultiPoint"",""coordinates"":[]}"
20190729,2019-07-29,94329.54197444585,"{""type"":""MultiPoint"",""coordinates"":[]}"
20190730,2019-07-30,94459.74366033952,"{""type"":""MultiPoint"",""coordinates"":[]}"
20190731,2019-07-31,94512.2877004098,"{""type"":""MultiPoint"",""coordinates"":[]}"
20190801,2019-08-01,94452.1610613237,"{""type"":""MultiPoint"",""coordinates"":[]}"
20190802,2019-08-02,94349.35821320837,"{""type"":""MultiPoint"",""coordinates"":[]}"
20190803,2019-08-03,94401.74144152425,"{""type"":""MultiPoint"",""coordinates"":[]}"
20190804,2019-08-04,94277.1367059864,"{""type"":""MultiPoint"",""coordinates"":[]}"
20190805,2019-08-05,94176.70043512975,"{""type"":""MultiPoint"",""coordinates"":[]}"
20190806,2019-08-06,94099.26891890634,"{""type"":""MultiPoint"",""coordinates"":[]}"
20190807,2019-08-07,93976.38881260765,"{""type"":""MultiPoint"",""coordinates"":[]}"
20190808,2019-08-08,93919.70772566235,"{""type"":""MultiPoint"",""coordinates"":[]}"
20190809,2019-08-09,94210.62312498968,"{""type"":""MultiPoint"",""coordinates"":[]}"
20190810,2019-08-10,94364.90839950366,"{""type"":""MultiPoint"",""coordinates"":[]}"
20190811,2019-08-11,94400.65874961574,"{""type"":""MultiPoint"",""coordinates"":[]}"
20190812,2019-08-12,94379.16057287288,"{""type"":""MultiPoint"",""coordinates"":[]}"
20190813,2019-08-13,94413.35401675143,"{""type"":""MultiPoint"",""coordinates"":[]}"
20190814,2019-08-14,94526.6529144999,"{""type"":""MultiPoint"",""coordinates"":[]}"
20190815,2019-08-15,94595.01539842803,"{""type"":""MultiPoint"",""coordinates"":[]}"
20190816,2019-08-16,94549.24876240637,"{""type"":""MultiPoint"",""coordinates"":[]}"
20190817,2019-08-17,94544.19438720917,"{""type"":""MultiPoint"",""coordinates"":[]}"
20190818,2019-08-18,94664.65721074013,"{""type"":""MultiPoint"",""coordinates"":[]}"
20190819,2019-08-19,94669.86902552162,"{""type"":""MultiPoint"",""coordinates"":[]}"
20190820,2019-08-20,94587.41132923859,"{""type"":""MultiPoint"",""coordinates"":[]}"
20190821,2019-08-21,94526.90519290835,"{""type"":""MultiPoint"",""coordinates"":[]}"
20190822,2019-08-22,94482.22743228039,"{""type"":""MultiPoint"",""coordinates"":[]}"
20190823,2019-08-23,94534.12803526224,"{""type"":""MultiPoint"",""coordinates"":[]}"
20190824,2019-08-24,94512.73621821665,"{""type"":""MultiPoint"",""coordinates"":[]}"
20190825,2019-08-25,94445.73590756851,"{""type"":""MultiPoint"",""coordinates"":[]}"
20190826,2019-08-26,94433.27026929073,"{""type"":""MultiPoint"",""coordinates"":[]}"
20190827,2019-08-27,94436.2405796449,"{""type"":""MultiPoint"",""coordinates"":[]}"
20190828,2019-08-28,94526.20946301223,"{""type"":""MultiPoint"",""coordinates"":[]}"
20190829,2019-08-29,94479.69302373556,"{""type"":""MultiPoint"",""coordinates"":[]}"
20190830,2019-08-30,94279.72283938352,"{""type"":""MultiPoint"",""coordinates"":[]}"
20190831,2019-08-31,94217.78284336207,"{""type"":""MultiPoint"",""coordinates"":[]}"
20190901,2019-09-01,94398.10502843093,"{""type"":""MultiPoint"",""coordinates"":[]}"
20190902,2019-09-02,94463.04695133095,"{""type"":""MultiPoint"",""coordinates"":[]}"
20190903,2019-09-03,94350.7633379107,"{""type"":""MultiPoint"",""coordinates"":[]}"
20190904,2019-09-04,94213.23912029459,"{""type"":""MultiPoint"",""coordinates"":[]}"
20190905,2019-09-05,94177.94624097171,"{""type"":""MultiPoint"",""coordinates"":[]}"
20190906,2019-09-06,94200.93686711368,"{""type"":""MultiPoint"",""coordinates"":[]}"
20190907,2019-09-07,94310.15714746431,"{""type"":""MultiPoint"",""coordinates"":[]}"
20190908,2019-09-08,94420.4503067877,"{""type"":""MultiPoint"",""coordinates"":[]}"
20190909,2019-09-09,94395.65739053,"{""type"":""MultiPoint"",""coordinates"":[]}"
20190910,2019-09-10,94472.40320225869,"{""type"":""MultiPoint"",""coordinates"":[]}"
20190911,2019-09-11,94642.55028217183,"{""type"":""MultiPoint"",""coordinates"":[]}"
20190912,2019-09-12,94733.51513819725,"{""type"":""MultiPoint"",""coordinates"":[]}"
20190913,2019-09-13,94756.23955796198,"{""type"":""MultiPoint"",""coordinates"":[]}"
20190914,2019-09-14,94732.2043625529,"{""type"":""MultiPoint"",""coordinates"":[]}"
20190915,2019-09-15,94694.50493283638,"{""type"":""MultiPoint"",""coordinates"":[]}"
20190916,2019-09-16,94541.04419256268,"{""type"":""MultiPoint"",""coordinates"":[]}"
20190917,2019-09-17,94504.11850046826,"{""type"":""MultiPoint"",""coordinates"":[]}"
20190918,2019-09-18,94557.83945876504,"{""type"":""MultiPoint"",""coordinates"":[]}"
20190919,2019-09-19,94631.67926846263,"{""type"":""MultiPoint"",""coordinates"":[]}"
20190920,2019-09-20,94673.75216245044,"{""type"":""MultiPoint"",""coordinates"":[]}"
20190921,2019-09-21,94672.49022399857,"{""type"":""MultiPoint"",""coordinates"":[]}"
20190922,2019-09-22,94750.98539683205,"{""type"":""MultiPoint"",""coordinates"":[]}"
20190923,2019-09-23,94763.1589483478,"{""type"":""MultiPoint"",""coordinates"":[]}"
20190924,2019-09-24,94685.41310591028,"{""type"":""MultiPoint"",""coordinates"":[]}"
20190925,2019-09-25,94847.3257854657,"{""type"":""MultiPoint"",""coordinates"":[]}"
20190926,2019-09-26,95120.50756648419,"{""type"":""MultiPoint"",""coordinates"":[]}"
20190927,2019-09-27,95258.7357506948,"{""type"":""MultiPoint"",""coordinates"":[]}"
20190928,2019-09-28,95145.22250634144,"{""type"":""MultiPoint"",""coordinates"":[]}"
20190929,2019-09-29,95173.91959316662,"{""type"":""MultiPoint"",""coordinates"":[]}"
20190930,2019-09-30,95097.45638529488,"{""type"":""MultiPoint"",""coordinates"":[]}"
20191001,2019-10-01,95052.800497323,"{""type"":""MultiPoint"",""coordinates"":[]}"
20191002,2019-10-02,95034.60864163205,"{""type"":""MultiPoint"",""coordinates"":[]}"
20191003,2019-10-03,95007.37341029345,"{""type"":""MultiPoint"",""coordinates"":[]}"
20191004,2019-10-04,94961.57848687231,"{""type"":""MultiPoint"",""coordinates"":[]}"
20191005,2019-10-05,94926.33893884574,"{""type"":""MultiPoint"",""coordinates"":[]}"
20191006,2019-10-06,94978.29678202586,"{""type"":""MultiPoint"",""coordinates"":[]}"
20191007,2019-10-07,94975.21261885804,"{""type"":""MultiPoint"",""coordinates"":[]}"
20191008,2019-10-08,94937.23257810432,"{""type"":""MultiPoint"",""coordinates"":[]}"
20191009,2019-10-09,94913.06998794217,"{""type"":""MultiPoint"",""coordinates"":[]}"
20191010,2019-10-10,94953.92121376518,"{""type"":""MultiPoint"",""coordinates"":[]}"
20191011,2019-10-11,94949.22377264309,"{""type"":""MultiPoint"",""coordinates"":[]}"
20191012,2019-10-12,95022.58212937841,"{""type"":""MultiPoint"",""coordinates"":[]}"
20191013,2019-10-13,95087.19636513587,"{""type"":""MultiPoint"",""coordinates"":[]}"
20191014,2019-10-14,95103.75230084998,"{""type"":""MultiPoint"",""coordinates"":[]}"
20191015,2019-10-15,95104.9022027869,"{""type"":""MultiPoint"",""coordinates"":[]}"
20191016,2019-10-16,95109.67662307517,"{""type"":""MultiPoint"",""coordinates"":[]}"
20191017,2019-10-17,95110.85919401656,"{""type"":""MultiPoint"",""coordinates"":[]}"
20191018,2019-10-18,95101.57583203752,"{""type"":""MultiPoint"",""coordinates"":[]}"
20191019,2019-10-19,95136.59285161317,"{""type"":""MultiPoint"",""coordinates"":[]}"
20191020,2019-10-20,95096.3357236376,"{""type"":""MultiPoint"",""coordinates"":[]}"
20191021,2019-10-21,94970.57203996858,"{""type"":""MultiPoint"",""coordinates"":[]}"
20191022,2019-10-22,94806.29996290406,"{""type"":""MultiPoint"",""coordinates"":[]}"
20191023,2019-10-23,94652.48212043698,"{""type"":""MultiPoint"",""coordinates"":[]}"
20191024,2019-10-24,94757.57305314024,"{""type"":""MultiPoint"",""coordinates"":[]}"
20191025,2019-10-25,94808.76265207081,"{""type"":""MultiPoint"",""coordinates"":[]}"
20191026,2019-10-26,94956.56295271672,"{""type"":""MultiPoint"",""coordinates"":[]}"
20191027,2019-10-27,95072.2758515071,"{""type"":""MultiPoint"",""coordinates"":[]}"
20191028,2019-10-28,95088.40544854118,"{""type"":""MultiPoint"",""coordinates"":[]}"
20191029,2019-10-29,95149.33125398222,"{""type"":""MultiPoint"",""coordinates"":[]}"
20191030,2019-10-30,95101.0452195695,"{""type"":""MultiPoint"",""coordinates"":[]}"
20191031,2019-10-31,95054.30388346396,"{""type"":""MultiPoint"",""coordinates"":[]}"
20191101,2019-11-01,95039.72113220654,"{""type"":""MultiPoint"",""coordinates"":[]}"
20191102,2019-11-02,95154.96184414063,"{""type"":""MultiPoint"",""coordinates"":[]}"
20191103,2019-11-03,95245.2445606254,"{""type"":""MultiPoint"",""coordinates"":[]}"
20191104,2019-11-04,95205.87851336379,"{""type"":""MultiPoint"",""coordinates"":[]}"
20191105,2019-11-05,95014.32955505908,"{""type"":""MultiPoint"",""coordinates"":[]}"
20191106,2019-11-06,94857.80634165573,"{""type"":""MultiPoint"",""coordinates"":[]}"
20191107,2019-11-07,94841.08696752478,"{""type"":""MultiPoint"",""coordinates"":[]}"
20191108,2019-11-08,94940.97650979727,"{""type"":""MultiPoint"",""coordinates"":[]}"
20191109,2019-11-09,94982.72647218448,"{""type"":""MultiPoint"",""coordinates"":[]}"
20191110,2019-11-10,95022.64003473146,"{""type"":""MultiPoint"",""coordinates"":[]}"
20191111,2019-11-11,95059.33241302728,"{""type"":""MultiPoint"",""coordinates"":[]}"
20191112,2019-11-12,95173.72693253751,"{""type"":""MultiPoint"",""coordinates"":[]}"
20191113,2019-11-13,95262.0615622641,"{""type"":""MultiPoint"",""coordinates"":[]}"
20191114,2019-11-14,95264.31719879739,"{""type"":""MultiPoint"",""coordinates"":[]}"
20191115,2019-11-15,95217.46193046826,"{""type"":""MultiPoint"",""coordinates"":[]}"
20191116,2019-11-16,95200.01119921744,"{""type"":""MultiPoint"",""coordinates"":[]}"
20191117,2019-11-17,95224.37976749199,"{""type"":""MultiPoint"",""coordinates"":[]}"
20191118,2019-11-18,95204.40427812279,"{""type"":""MultiPoint"",""coordinates"":[]}"
20191119,2019-11-19,95170.96291815315,"{""type"":""MultiPoint"",""coordinates"":[]}"
20191120,2019-11-20,95168.35653178263,"{""type"":""MultiPoint"",""coordinates"":[]}"
20191121,2019-11-21,95300.3850367477,"{""type"":""MultiPoint"",""coordinates"":[]}"
20191122,2019-11-22,95375.68166961786,"{""type"":""MultiPoint"",""coordinates"":[]}"
20191123,2019-11-23,95303.8182808873,"{""type"":""MultiPoint"",""coordinates"":[]}"
20191124,2019-11-24,95262.30849392622,"{""type"":""MultiPoint"",""coordinates"":[]}"
20191125,2019-11-25,95232.23810031393,"{""type"":""MultiPoint"",""coordinates"":[]}"
20191126,2019-11-26,95185.36237138137,"{""type"":""MultiPoint"",""coordinates"":[]}"
20191127,2019-11-27,95205.55315613208,"{""type"":""MultiPoint"",""coordinates"":[]}"
20191128,2019-11-28,95223.13252013635,"{""type"":""MultiPoint"",""coordinates"":[]}"
20191129,2019-11-29,95227.50814739341,"{""type"":""MultiPoint"",""coordinates"":[]}"
20191130,2019-11-30,95198.50657144749,"{""type"":""MultiPoint"",""coordinates"":[]}"
20191201,2019-12-01,95288.00518923544,"{""type"":""MultiPoint"",""coordinates"":[]}"
20191202,2019-12-02,95292.5545450312,"{""type"":""MultiPoint"",""coordinates"":[]}"
20191203,2019-12-03,95321.54331461666,"{""type"":""MultiPoint"",""coordinates"":[]}"
20191204,2019-12-04,95427.45873207212,"{""type"":""MultiPoint"",""coordinates"":[]}"
20191205,2019-12-05,95481.79641230704,"{""type"":""MultiPoint"",""coordinates"":[]}"
20191206,2019-12-06,95418.67339673084,"{""type"":""MultiPoint"",""coordinates"":[]}"
20191207,2019-12-07,95370.41915186419,"{""type"":""MultiPoint"",""coordinates"":[]}"
20191208,2019-12-08,95395.05882180716,"{""type"":""MultiPoint"",""coordinates"":[]}"
20191209,2019-12-09,95348.25970433629,"{""type"":""MultiPoint"",""coordinates"":[]}"
20191210,2019-12-10,95198.00072444299,"{""type"":""MultiPoint"",""coordinates"":[]}"
20191211,2019-12-11,95122.54124191216,"{""type"":""MultiPoint"",""coordinates"":[]}"
20191212,2019-12-12,95128.53705609593,"{""type"":""MultiPoint"",""coordinates"":[]}"
20191213,2019-12-13,95265.40993546303,"{""type"":""MultiPoint"",""coordinates"":[]}"
20191214,2019-12-14,95395.376074067,"{""type"":""MultiPoint"",""coordinates"":[]}"
20191215,2019-12-15,95315.15711588766,"{""type"":""MultiPoint"",""coordinates"":[]}"
20191216,2019-12-16,95324.95262206296,"{""type"":""MultiPoint"",""coordinates"":[]}"
20191217,2019-12-17,95426.06116919516,"{""type"":""MultiPoint"",""coordinates"":[]}"
20191218,2019-12-18,95460.06749717682,"{""type"":""MultiPoint"",""coordinates"":[]}"
20191219,2019-12-19,95293.6102718881,"{""type"":""MultiPoint"",""coordinates"":[]}"
20191220,2019-12-20,95217.47661584699,"{""type"":""MultiPoint"",""coordinates"":[]}"
20191221,2019-12-21,95212.35506351401,"{""type"":""MultiPoint"",""coordinates"":[]}"
20191222,2019-12-22,95246.08818705783,"{""type"":""MultiPoint"",""coordinates"":[]}"
20191223,2019-12-23,95251.19457131249,"{""type"":""MultiPoint"",""coordinates"":[]}"
20191224,2019-12-24,95335.31848281347,"{""type"":""MultiPoint"",""coordinates"":[]}"
20191225,2019-12-25,95261.52696199295,"{""type"":""MultiPoint"",""coordinates"":[]}"
20191226,2019-12-26,95184.06699057072,"{""type"":""MultiPoint"",""coordinates"":[]}"
20191227,2019-12-27,95143.66645156303,"{""type"":""MultiPoint"",""coordinates"":[]}"
20191228,2019-12-28,95248.18476695547,"{""type"":""MultiPoint"",""coordinates"":[]}"
20191229,2019-12-29,95274.36041453316,"{""type"":""MultiPoint"",""coordinates"":[]}"
20191230,2019-12-30,95232.35791706044,"{""type"":""MultiPoint"",""coordinates"":[]}"
20191231,2019-12-31,95280.42298391247,"{""type"":""MultiPoint"",""coordinates"":[]}"
20200101,2020-01-01,95367.86398080293,"{""type"":""MultiPoint"",""coordinates"":[]}"
20200102,2020-01-02,95410.30203027141,"{""type"":""MultiPoint"",""coordinates"":[]}"
20200103,2020-01-03,95252.55043961528,"{""type"":""MultiPoint"",""coordinates"":[]}"
20200104,2020-01-04,95158.42746391709,"{""type"":""MultiPoint"",""coordinates"":[]}"
20200105,2020-01-05,95302.14249759579,"{""type"":""MultiPoint"",""coordinates"":[]}"
20200106,2020-01-06,95449.16392383596,"{""type"":""MultiPoint"",""coordinates"":[]}"
20200107,2020-01-07,95301.53674369812,"{""type"":""MultiPoint"",""coordinates"":[]}"
20200108,2020-01-08,95182.60591973051,"{""type"":""MultiPoint"",""coordinates"":[]}"
20200109,2020-01-09,95225.32731467047,"{""type"":""MultiPoint"",""coordinates"":[]}"
20200110,2020-01-10,95350.637256933,"{""type"":""MultiPoint"",""coordinates"":[]}"
20200111,2020-01-11,95400.90158810331,"{""type"":""MultiPoint"",""coordinates"":[]}"
20200112,2020-01-12,95230.358004724,"{""type"":""MultiPoint"",""coordinates"":[]}"
20200113,2020-01-13,95078.96785741855,"{""type"":""MultiPoint"",""coordinates"":[]}"
20200114,2020-01-14,95096.30021265663,"{""type"":""MultiPoint"",""coordinates"":[]}"
20200115,2020-01-15,95145.15365348344,"{""type"":""MultiPoint"",""coordinates"":[]}"
20200116,2020-01-16,95112.1269805851,"{""type"":""MultiPoint"",""coordinates"":[]}"
20200117,2020-01-17,95170.31946400151,"{""type"":""MultiPoint"",""coordinates"":[]}"
20200118,2020-01-18,95183.73725526742,"{""type"":""MultiPoint"",""coordinates"":[]}"
20200119,2020-01-19,95249.72136766954,"{""type"":""MultiPoint"",""coordinates"":[]}"
20200120,2020-01-20,95340.19578358899,"{""type"":""MultiPoint"",""coordinates"":[]}"
20200121,2020-01-21,95441.47667196099,"{""type"":""MultiPoint"",""coordinates"":[]}"
20200122,2020-01-22,95468.55647627085,"{""type"":""MultiPoint"",""coordinates"":[]}"
20200123,2020-01-23,95381.12509395053,"{""type"":""MultiPoint"",""coordinates"":[]}"
20200124,2020-01-24,95321.5756161539,"{""type"":""MultiPoint"",""coordinates"":[]}"
20200125,2020-01-25,95255.4829709159,"{""type"":""MultiPoint"",""coordinates"":[]}"
20200126,2020-01-26,95124.2109533089,"{""type"":""MultiPoint"",""coordinates"":[]}"
20200127,2020-01-27,95011.69380029097,"{""type"":""MultiPoint"",""coordinates"":[]}"
20200128,2020-01-28,95052.34519323625,"{""type"":""MultiPoint"",""coordinates"":[]}"
20200129,2020-01-29,95184.42125894652,"{""type"":""MultiPoint"",""coordinates"":[]}"
20200130,2020-01-30,95137.0475582357,"{""type"":""MultiPoint"",""coordinates"":[]}"
20200131,2020-01-31,95027.4765775425,"{""type"":""MultiPoint"",""coordinates"":[]}"
20200201,2020-02-01,95145.54912971899,"{""type"":""MultiPoint"",""coordinates"":[]}"
20200202,2020-02-02,95361.71362349113,"{""type"":""MultiPoint"",""coordinates"":[]}"
20200203,2020-02-03,95291.53537730136,"{""type"":""MultiPoint"",""coordinates"":[]}"
20200204,2020-02-04,95154.81571090169,"{""type"":""MultiPoint"",""coordinates"":[]}"
20200205,2020-02-05,95148.05509972823,"{""type"":""MultiPoint"",""coordinates"":[]}"
20200206,2020-02-06,95068.19130689427,"{""type"":""MultiPoint"",""coordinates"":[]}"
20200207,2020-02-07,95151.46373283002,"{""type"":""MultiPoint"",""coordinates"":[]}"
20200208,2020-02-08,95273.29784880219,"{""type"":""MultiPoint"",""coordinates"":[]}"
20200209,2020-02-09,95447.74258673411,"{""type"":""MultiPoint"",""coordinates"":[]}"
20200210,2020-02-10,95414.00540045285,"{""type"":""MultiPoint"",""coordinates"":[]}"
20200211,2020-02-11,95468.88684142908,"{""type"":""MultiPoint"",""coordinates"":[]}"
20200212,2020-02-12,95540.79165312317,"{""type"":""MultiPoint"",""coordinates"":[]}"
20200213,2020-02-13,95364.02036440115,"{""type"":""MultiPoint"",""coordinates"":[]}"
20200214,2020-02-14,95159.66471474218,"{""type"":""MultiPoint"",""coordinates"":[]}"
20200215,2020-02-15,95167.68106741305,"{""type"":""MultiPoint"",""coordinates"":[]}"
20200216,2020-02-16,95304.60133090951,"{""type"":""MultiPoint"",""coordinates"":[]}"
20200217,2020-02-17,95359.30933474773,"{""type"":""MultiPoint"",""coordinates"":[]}"
20200218,2020-02-18,95290.69817149891,"{""type"":""MultiPoint"",""coordinates"":[]}"
20200219,2020-02-19,95217.00840995046,"{""type"":""MultiPoint"",""coordinates"":[]}"
20200220,2020-02-20,95256.07446671887,"{""type"":""MultiPoint"",""coordinates"":[]}"
20200221,2020-02-21,95470.485980929,"{""type"":""MultiPoint"",""coordinates"":[]}"
20200222,2020-02-22,95488.91449575903,"{""type"":""MultiPoint"",""coordinates"":[]}"
20200223,2020-02-23,95335.77884646431,"{""type"":""MultiPoint"",""coordinates"":[]}"
20200224,2020-02-24,95028.81595605634,"{""type"":""MultiPoint"",""coordinates"":[]}"
20200225,2020-02-25,95014.18916027976,"{""type"":""MultiPoint"",""coordinates"":[]}"
20200226,2020-02-26,95130.05297569087,"{""type"":""MultiPoint"",""coordinates"":[]}"
20200227,2020-02-27,95152.50857074428,"{""type"":""MultiPoint"",""coordinates"":[]}"
20200228,2020-02-28,95033.85699422458,"{""type"":""MultiPoint"",""coordinates"":[]}"
20200229,2020-02-29,95011.79116644237,"{""type"":""MultiPoint"",""coordinates"":[]}"
20200301,2020-03-01,95026.57206274943,"{""type"":""MultiPoint"",""coordinates"":[]}"
20200302,2020-03-02,95075.36600625777,"{""type"":""MultiPoint"",""coordinates"":[]}"
20200303,2020-03-03,94974.04038637379,"{""type"":""MultiPoint"",""coordinates"":[]}"
20200304,2020-03-04,94899.96108746305,"{""type"":""MultiPoint"",""coordinates"":[]}"
20200305,2020-03-05,94807.38587937989,"{""type"":""MultiPoint"",""coordinates"":[]}"
20200306,2020-03-06,94889.60981854069,"{""type"":""MultiPoint"",""coordinates"":[]}"
20200307,2020-03-07,95062.05774504122,"{""type"":""MultiPoint"",""coordinates"":[]}"
20200308,2020-03-08,95054.56679885119,"{""type"":""MultiPoint"",""coordinates"":[]}"
20200309,2020-03-09,94946.59935320653,"{""type"":""MultiPoint"",""coordinates"":[]}"
20200310,2020-03-10,94903.78642503383,"{""type"":""MultiPoint"",""coordinates"":[]}"
20200311,2020-03-11,94974.47967325251,"{""type"":""MultiPoint"",""coordinates"":[]}"
20200312,2020-03-12,95097.4250260034,"{""type"":""MultiPoint"",""coordinates"":[]}"
20200313,2020-03-13,95072.39677666423,"{""type"":""MultiPoint"",""coordinates"":[]}"
20200314,2020-03-14,95008.81527962982,"{""type"":""MultiPoint"",""coordinates"":[]}"
20200315,2020-03-15,95061.41744249641,"{""type"":""MultiPoint"",""coordinates"":[]}"
20200316,2020-03-16,95166.46412850349,"{""type"":""MultiPoint"",""coordinates"":[]}"
20200317,2020-03-17,95215.14307356798,"{""type"":""MultiPoint"",""coordinates"":[]}"
20200318,2020-03-18,95157.94397835818,"{""type"":""MultiPoint"",""coordinates"":[]}"
20200319,2020-03-19,95067.17463424988,"{""type"":""MultiPoint"",""coordinates"":[]}"
20200320,2020-03-20,94967.85201154082,"{""type"":""MultiPoint"",""coordinates"":[]}"
20200321,2020-03-21,94973.3191032686,"{""type"":""MultiPoint"",""coordinates"":[]}"
20200322,2020-03-22,95020.81596165147,"{""type"":""MultiPoint"",""coordinates"":[]}"
20200323,2020-03-23,94991.54702787237,"{""type"":""MultiPoint"",""coordinates"":[]}"
20200324,2020-03-24,94869.27015042317,"{""type"":""MultiPoint"",""coordinates"":[]}"
20200325,2020-03-25,94907.69755771768,"{""type"":""MultiPoint"",""coordinates"":[]}"
20200326,2020-03-26,94998.42518395532,"{""type"":""MultiPoint"",""coordinates"":[]}"
20200327,2020-03-27,95101.16130649201,"{""type"":""MultiPoint"",""coordinates"":[]}"
20200328,2020-03-28,94959.62543736903,"{""type"":""MultiPoint"",""coordinates"":[]}"
20200329,2020-03-29,94905.42593291496,"{""type"":""MultiPoint"",""coordinates"":[]}"
20200330,2020-03-30,94982.99975222087,"{""type"":""MultiPoint"",""coordinates"":[]}"
20200331,2020-03-31,95027.37978576244,"{""type"":""MultiPoint"",""coordinates"":[]}"
20200401,2020-04-01,94942.42399077017,"{""type"":""MultiPoint"",""coordinates"":[]}"
20200402,2020-04-02,94843.35719474692,"{""type"":""MultiPoint"",""coordinates"":[]}"
20200403,2020-04-03,94937.22037816698,"{""type"":""MultiPoint"",""coordinates"":[]}"
20200404,2020-04-04,95036.38718614948,"{""type"":""MultiPoint"",""coordinates"":[]}"
20200405,2020-04-05,95065.32287029838,"{""type"":""MultiPoint"",""coordinates"":[]}"
20200406,2020-04-06,95028.12726525824,"{""type"":""MultiPoint"",""coordinates"":[]}"
20200407,2020-04-07,94903.11688637384,"{""type"":""MultiPoint"",""coordinates"":[]}"
20200408,2020-04-08,94947.13619307299,"{""type"":""MultiPoint"",""coordinates"":[]}"
20200409,2020-04-09,94969.58672470995,"{""type"":""MultiPoint"",""coordinates"":[]}"
20200410,2020-04-10,95079.16710775225,"{""type"":""MultiPoint"",""coordinates"":[]}"
20200411,2020-04-11,95145.70375320679,"{""type"":""MultiPoint"",""coordinates"":[]}"
20200412,2020-04-12,95033.98927674085,"{""type"":""MultiPoint"",""coordinates"":[]}"
20200413,2020-04-13,94909.0319496142,"{""type"":""MultiPoint"",""coordinates"":[]}"
20200414,2020-04-14,94978.02930193445,"{""type"":""MultiPoint"",""coordinates"":[]}"
20200415,2020-04-15,94970.30104489901,"{""type"":""MultiPoint"",""coordinates"":[]}"
20200416,2020-04-16,94839.20866990874,"{""type"":""MultiPoint"",""coordinates"":[]}"
20200417,2020-04-17,94823.63346849245,"{""type"":""MultiPoint"",""coordinates"":[]}"
20200418,2020-04-18,94888.07388917347,"{""type"":""MultiPoint"",""coordinates"":[]}"
20200419,2020-04-19,94900.09034768405,"{""type"":""MultiPoint"",""coordinates"":[]}"
20200420,2020-04-20,94854.4521097124,"{""type"":""MultiPoint"",""coordinates"":[]}"
20200421,2020-04-21,94830.70876023114,"{""type"":""MultiPoint"",""coordinates"":[]}"
20200422,2020-04-22,94739.4188855973,"{""type"":""MultiPoint"",""coordinates"":[]}"
20200423,2020-04-23,94682.80509472314,"{""type"":""MultiPoint"",""coordinates"":[]}"
20200424,2020-04-24,94651.55362819067,"{""type"":""MultiPoint"",""coordinates"":[]}"
20200425,2020-04-25,94667.25814308022,"{""type"":""MultiPoint"",""coordinates"":[]}"
20200426,2020-04-26,94751.48274818248,"{""type"":""MultiPoint"",""coordinates"":[]}"
20200427,2020-04-27,94857.2309436367,"{""type"":""MultiPoint"",""coordinates"":[]}"
20200428,2020-04-28,94843.68135321877,"{""type"":""MultiPoint"",""coordinates"":[]}"
20200429,2020-04-29,94844.94898651505,"{""type"":""MultiPoint"",""coordinates"":[]}"
20200430,2020-04-30,94848.6433899467,"{""type"":""MultiPoint"",""coordinates"":[]}"
20200501,2020-05-01,94763.04870902692,"{""type"":""MultiPoint"",""coordinates"":[]}"
20200502,2020-05-02,94639.42251361704,"{""type"":""MultiPoint"",""coordinates"":[]}"
20200503,2020-05-03,94652.43536582367,"{""type"":""MultiPoint"",""coordinates"":[]}"
20200504,2020-05-04,94728.38247443252,"{""type"":""MultiPoint"",""coordinates"":[]}"
20200505,2020-05-05,94682.6561882639,"{""type"":""MultiPoint"",""coordinates"":[]}"
20200506,2020-05-06,94678.61536029562,"{""type"":""MultiPoint"",""coordinates"":[]}"
20200507,2020-05-07,94750.61581339894,"{""type"":""MultiPoint"",""coordinates"":[]}"
20200508,2020-05-08,94747.77969666515,"{""type"":""MultiPoint"",""coordinates"":[]}"
20200509,2020-05-09,94753.05309117411,"{""type"":""MultiPoint"",""coordinates"":[]}"
20200510,2020-05-10,94835.9586519842,"{""type"":""MultiPoint"",""coordinates"":[]}"
20200511,2020-05-11,94812.38222693144,"{""type"":""MultiPoint"",""coordinates"":[]}"
20200512,2020-05-12,94728.17330951474,"{""type"":""MultiPoint"",""coordinates"":[]}"
20200513,2020-05-13,94654.60883525721,"{""type"":""MultiPoint"",""coordinates"":[]}"
20200514,2020-05-14,94621.07563628955,"{""type"":""MultiPoint"",""coordinates"":[]}"
20200515,2020-05-15,94527.51451535505,"{""type"":""MultiPoint"",""coordinates"":[]}"
20200516,2020-05-16,94494.14379257869,"{""type"":""MultiPoint"",""coordinates"":[]}"
20200517,2020-05-17,94330.26266195888,"{""type"":""MultiPoint"",""coordinates"":[]}"
20200518,2020-05-18,94127.17874547798,"{""type"":""MultiPoint"",""coordinates"":[]}"
20200519,2020-05-19,94030.92700158361,"{""type"":""MultiPoint"",""coordinates"":[]}"
20200520,2020-05-20,94120.00765644692,"{""type"":""MultiPoint"",""coordinates"":[]}"
20200521,2020-05-21,94307.21353486432,"{""type"":""MultiPoint"",""coordinates"":[]}"
20200522,2020-05-22,94415.39812316948,"{""type"":""MultiPoint"",""coordinates"":[]}"
20200523,2020-05-23,94443.09456540266,"{""type"":""MultiPoint"",""coordinates"":[]}"
20200524,2020-05-24,94528.50449123528,"{""type"":""MultiPoint"",""coordinates"":[]}"
20200525,2020-05-25,94608.89369226653,"{""type"":""MultiPoint"",""coordinates"":[]}"
20200526,2020-05-26,94577.19372697105,"{""type"":""MultiPoint"",""coordinates"":[]}"
20200527,2020-05-27,94451.44765377742,"{""type"":""MultiPoint"",""coordinates"":[]}"
20200528,2020-05-28,94389.19846776259,"{""type"":""MultiPoint"",""coordinates"":[]}"
20200529,2020-05-29,94414.25853484741,"{""type"":""MultiPoint"",""coordinates"":[]}"
20200530,2020-05-30,94599.8481265048,"{""type"":""MultiPoint"",""coordinates"":[]}"
20200531,2020-05-31,94715.78324533583,"{""type"":""MultiPoint"",""coordinates"":[]}"
20200601,2020-06-01,94771.97987356468,"{""type"":""MultiPoint"",""coordinates"":[]}"
20200602,2020-06-02,94638.41874952392,"{""type"":""MultiPoint"",""coordinates"":[]}"
20200603,2020-06-03,94512.45939716604,"{""type"":""MultiPoint"",""coordinates"":[]}"
20200604,2020-06-04,94520.94627494914,"{""type"":""MultiPoint"",""coordinates"":[]}"
20200605,2020-06-05,94554.14735603413,"{""type"":""MultiPoint"",""coordinates"":[]}"
20200606,2020-06-06,94496.89934208541,"{""type"":""MultiPoint"",""coordinates"":[]}"
20200607,2020-06-07,94444.57366089922,"{""type"":""MultiPoint"",""coordinates"":[]}"
20200608,2020-06-08,94437.89982235043,"{""type"":""MultiPoint"",""coordinates"":[]}"
20200609,2020-06-09,94364.22885835852,"{""type"":""MultiPoint"",""coordinates"":[]}"
20200610,2020-06-10,94254.14655494156,"{""type"":""MultiPoint"",""coordinates"":[]}"
20200611,2020-06-11,94074.034070464,"{""type"":""MultiPoint"",""coordinates"":[]}"
20200612,2020-06-12,94059.61508643991,"{""type"":""MultiPoint"",""coordinates"":[]}"
20200613,2020-06-13,94123.78817189221,"{""type"":""MultiPoint"",""coordinates"":[]}"
20200614,2020-06-14,94251.96965796285,"{""type"":""MultiPoint"",""coordinates"":[]}"
20200615,2020-06-15,94212.86708842231,"{""type"":""MultiPoint"",""coordinates"":[]}"
20200616,2020-06-16,94188.05208736853,"{""type"":""MultiPoint"",""coordinates"":[]}"
20200617,2020-06-17,94279.41207005997,"{""type"":""MultiPoint"",""coordinates"":[]}"
20200618,2020-06-18,94455.25513250423,"{""type"":""MultiPoint"",""coordinates"":[]}"
20200619,2020-06-19,94489.42496293793,"{""type"":""MultiPoint"",""coordinates"":[]}"
20200620,2020-06-20,94470.11949863823,"{""type"":""MultiPoint"",""coordinates"":[]}"
20200621,2020-06-21,94367.90988267904,"{""type"":""MultiPoint"",""coordinates"":[]}"
20200622,2020-06-22,94283.2647201093,"{""type"":""MultiPoint"",""coordinates"":[]}"
20200623,2020-06-23,94456.33035666043,"{""type"":""MultiPoint"",""coordinates"":[]}"
20200624,2020-06-24,94483.74640861637,"{""type"":""MultiPoint"",""coordinates"":[]}"
20200625,2020-06-25,94378.80049876739,"{""type"":""MultiPoint"",""coordinates"":[]}"
20200626,2020-06-26,94375.89057370125,"{""type"":""MultiPoint"",""coordinates"":[]}"
20200627,2020-06-27,94405.36238287012,"{""type"":""MultiPoint"",""coordinates"":[]}"
20200628,2020-06-28,94381.41692907443,"{""type"":""MultiPoint"",""coordinates"":[]}"
20200629,2020-06-29,94311.74456384007,"{""type"":""MultiPoint"",""coordinates"":[]}"
20200630,2020-06-30,94302.9191146852,"{""type"":""MultiPoint"",""coordinates"":[]}"
20200701,2020-07-01,94327.45040020249,"{""type"":""MultiPoint"",""coordinates"":[]}"
20200702,2020-07-02,94239.94501336095,"{""type"":""MultiPoint"",""coordinates"":[]}"
20200703,2020-07-03,94175.94351637077,"{""type"":""MultiPoint"",""coordinates"":[]}"
20200704,2020-07-04,94125.61373930387,"{""type"":""MultiPoint"",""coordinates"":[]}"
20200705,2020-07-05,94134.71492544562,"{""type"":""MultiPoint"",""coordinates"":[]}"
20200706,2020-07-06,94218.76556308064,"{""type"":""MultiPoint"",""coordinates"":[]}"
20200707,2020-07-07,94384.08894798771,"{""type"":""MultiPoint"",""coordinates"":[]}"
20200708,2020-07-08,94494.11678609581,"{""type"":""MultiPoint"",""coordinates"":[]}"
20200709,2020-07-09,94411.9863568261,"{""type"":""MultiPoint"",""coordinates"":[]}"
20200710,2020-07-10,94491.3003864445,"{""type"":""MultiPoint"",""coordinates"":[]}"
20200711,2020-07-11,94430.82072419258,"{""type"":""MultiPoint"",""coordinates"":[]}"
20200712,2020-07-12,94392.17660934848,"{""type"":""MultiPoint"",""coordinates"":[]}"
20200713,2020-07-13,94317.47340905505,"{""type"":""MultiPoint"",""coordinates"":[]}"
20200714,2020-07-14,94256.87793103045,"{""type"":""MultiPoint"",""coordinates"":[]}"
20200715,2020-07-15,94152.81068219556,"{""type"":""MultiPoint"",""coordinates"":[]}"
20200716,2020-07-16,94098.14564871475,"{""type"":""MultiPoint"",""coordinates"":[]}"
20200717,2020-07-17,94239.74835908288,"{""type"":""MultiPoint"",""coordinates"":[]}"
20200718,2020-07-18,94445.332878399,"{""type"":""MultiPoint"",""coordinates"":[]}"
20200719,2020-07-19,94478.0437805583,"{""type"":""MultiPoint"",""coordinates"":[]}"
20200720,2020-07-20,94402.5104068802,"{""type"":""MultiPoint"",""coordinates"":[]}"
20200721,2020-07-21,94522.733576559,"{""type"":""MultiPoint"",""coordinates"":[]}"
20200722,2020-07-22,94540.3836227483,"{""type"":""MultiPoint"",""coordinates"":[]}"
20200723,2020-07-23,94549.17126685433,"{""type"":""MultiPoint"",""coordinates"":[]}"
20200724,2020-07-24,94581.9530301814,"{""type"":""MultiPoint"",""coordinates"":[]}"
20200725,2020-07-25,94701.17632850046,"{""type"":""MultiPoint"",""coordinates"":[]}"
20200726,2020-07-26,94736.34014969131,"{""type"":""MultiPoint"",""coordinates"":[]}"
20200727,2020-07-27,94594.59199895058,"{""type"":""MultiPoint"",""coordinates"":[]}"
20200728,2020-07-28,94441.81867864972,"{""type"":""MultiPoint"",""coordinates"":[]}"
20200729,2020-07-29,94358.77337418345,"{""type"":""MultiPoint"",""coordinates"":[]}"
20200730,2020-07-30,94381.42624703539,"{""type"":""MultiPoint"",""coordinates"":[]}"
20200731,2020-07-31,94363.7475245482,"{""type"":""MultiPoint"",""coordinates"":[]}"
20200801,2020-08-01,94354.22287476488,"{""type"":""MultiPoint"",""coordinates"":[]}"
20200802,2020-08-02,94258.5538453627,"{""type"":""MultiPoint"",""coordinates"":[]}"
20200803,2020-08-03,94078.49871596349,"{""type"":""MultiPoint"",""coordinates"":[]}"
20200804,2020-08-04,93839.57802790262,"{""type"":""MultiPoint"",""coordinates"":[]}"
20200805,2020-08-05,93658.1353988571,"{""type"":""MultiPoint"",""coordinates"":[]}"
20200806,2020-08-06,93978.78499381524,"{""type"":""MultiPoint"",""coordinates"":[]}"
20200807,2020-08-07,94365.95053182685,"{""type"":""MultiPoint"",""coordinates"":[]}"
20200808,2020-08-08,94379.6417151672,"{""type"":""MultiPoint"",""coordinates"":[]}"
20200809,2020-08-09,94297.13402723167,"{""type"":""MultiPoint"",""coordinates"":[]}"
20200810,2020-08-10,94334.7361552188,"{""type"":""MultiPoint"",""coordinates"":[]}"
20200811,2020-08-11,94459.88275469713,"{""type"":""MultiPoint"",""coordinates"":[]}"
20200812,2020-08-12,94520.36713540772,"{""type"":""MultiPoint"",""coordinates"":[]}"
20200813,2020-08-13,94329.96814133223,"{""type"":""MultiPoint"",""coordinates"":[]}"
20200814,2020-08-14,94233.02176249659,"{""type"":""MultiPoint"",""coordinates"":[]}"
20200815,2020-08-15,94277.553719944,"{""type"":""MultiPoint"",""coordinates"":[]}"
20200816,2020-08-16,94270.27020266467,"{""type"":""MultiPoint"",""coordinates"":[]}"
20200817,2020-08-17,94284.4956433122,"{""type"":""MultiPoint"",""coordinates"":[]}"
20200818,2020-08-18,94369.74747038753,"{""type"":""MultiPoint"",""coordinates"":[]}"
20200819,2020-08-19,94282.97635797622,"{""type"":""MultiPoint"",""coordinates"":[]}"
20200820,2020-08-20,94248.27096495092,"{""type"":""MultiPoint"",""coordinates"":[]}"
20200821,2020-08-21,94488.73544406853,"{""type"":""MultiPoint"",""coordinates"":[]}"
20200822,2020-08-22,94564.75465674914,"{""type"":""MultiPoint"",""coordinates"":[]}"
20200823,2020-08-23,94581.87912665722,"{""type"":""MultiPoint"",""coordinates"":[]}"
20200824,2020-08-24,94662.4781174557,"{""type"":""MultiPoint"",""coordinates"":[]}"
20200825,2020-08-25,94773.61325861848,"{""type"":""MultiPoint"",""coordinates"":[]}"
20200826,2020-08-26,94718.59382722627,"{""type"":""MultiPoint"",""coordinates"":[]}"
20200827,2020-08-27,94570.67484077431,"{""type"":""MultiPoint"",""coordinates"":[]}"
20200828,2020-08-28,94499.51155934676,"{""type"":""MultiPoint"",""coordinates"":[]}"
20200829,2020-08-29,94529.8247958548,"{""type"":""MultiPoint"",""coordinates"":[]}"
20200830,2020-08-30,94626.4470783409,"{""type"":""MultiPoint"",""coordinates"":[]}"
20200831,2020-08-31,94713.50359592747,"{""type"":""MultiPoint"",""coordinates"":[]}"
20200901,2020-09-01,94704.04771402423,"{""type"":""MultiPoint"",""coordinates"":[]}"
20200902,2020-09-02,94681.2332523404,"{""type"":""MultiPoint"",""coordinates"":[]}"
20200903,2020-09-03,94692.6315380735,"{""type"":""MultiPoint"",""coordinates"":[]}"
20200904,2020-09-04,94667.62173969846,"{""type"":""MultiPoint"",""coordinates"":[]}"
20200905,2020-09-05,94596.26358651732,"{""type"":""MultiPoint"",""coordinates"":[]}"
20200906,2020-09-06,94551.6758176557,"{""type"":""MultiPoint"",""coordinates"":[]}"
20200907,2020-09-07,94603.416247982,"{""type"":""MultiPoint"",""coordinates"":[]}"
20200908,2020-09-08,94615.93910558995,"{""type"":""MultiPoint"",""coordinates"":[]}"
20200909,2020-09-09,94504.91723951233,"{""type"":""MultiPoint"",""coordinates"":[]}"
20200910,2020-09-10,94341.45074347181,"{""type"":""MultiPoint"",""coordinates"":[]}"
20200911,2020-09-11,94411.81721335821,"{""type"":""MultiPoint"",""coordinates"":[]}"
20200912,2020-09-12,94562.92556026625,"{""type"":""MultiPoint"",""coordinates"":[]}"
20200913,2020-09-13,94522.46406618402,"{""type"":""MultiPoint"",""coordinates"":[]}"
20200914,2020-09-14,94406.94939211741,"{""type"":""MultiPoint"",""coordinates"":[]}"
20200915,2020-09-15,94406.0343144046,"{""type"":""MultiPoint"",""coordinates"":[]}"
20200916,2020-09-16,94464.16064885126,"{""type"":""MultiPoint"",""coordinates"":[]}"
20200917,2020-09-17,94488.63843066739,"{""type"":""MultiPoint"",""coordinates"":[]}"
20200918,2020-09-18,94359.4917716435,"{""type"":""MultiPoint"",""coordinates"":[]}"
20200919,2020-09-19,94147.73007507037,"{""type"":""MultiPoint"",""coordinates"":[]}"
20200920,2020-09-20,94053.23049155767,"{""type"":""MultiPoint"",""coordinates"":[]}"
20200921,2020-09-21,94057.94612553569,"{""type"":""MultiPoint"",""coordinates"":[]}"
20200922,2020-09-22,94149.69171350029,"{""type"":""MultiPoint"",""coordinates"":[]}"
20200923,2020-09-23,94438.80379379274,"{""type"":""MultiPoint"",""coordinates"":[]}"
20200924,2020-09-24,94686.68563716338,"{""type"":""MultiPoint"",""coordinates"":[]}"
20200925,2020-09-25,94606.61729151508,"{""type"":""MultiPoint"",""coordinates"":[]}"
20200926,2020-09-26,94618.4675930371,"{""type"":""MultiPoint"",""coordinates"":[]}"
20200927,2020-09-27,94713.06202554038,"{""type"":""MultiPoint"",""coordinates"":[]}"
20200928,2020-09-28,94685.57935707309,"{""type"":""MultiPoint"",""coordinates"":[]}"
20200929,2020-09-29,94589.40576144063,"{""type"":""MultiPoint"",""coordinates"":[]}"
20200930,2020-09-30,94519.0268748718,"{""type"":""MultiPoint"",""coordinates"":[]}"
20201001,2020-10-01,94548.6193354981,"{""type"":""MultiPoint"",""coordinates"":[]}"
20201002,2020-10-02,94539.62705755362,"{""type"":""MultiPoint"",""coordinates"":[]}"
20201003,2020-10-03,94587.36613261257,"{""type"":""MultiPoint"",""coordinates"":[]}"
20201004,2020-10-04,94644.90807164309,"{""type"":""MultiPoint"",""coordinates"":[]}"
20201005,2020-10-05,94619.57085610858,"{""type"":""MultiPoint"",""coordinates"":[]}"
20201006,2020-10-06,94640.52452606676,"{""type"":""MultiPoint"",""coordinates"":[]}"
20201007,2020-10-07,94730.2973561601,"{""type"":""MultiPoint"",""coordinates"":[]}"
20201008,2020-10-08,94711.25016170238,"{""type"":""MultiPoint"",""coordinates"":[]}"
20201009,2020-10-09,94739.67765653154,"{""type"":""MultiPoint"",""coordinates"":[]}"
20201010,2020-10-10,94610.23861568898,"{""type"":""MultiPoint"",""coordinates"":[]}"
20201011,2020-10-11,94403.88891158368,"{""type"":""MultiPoint"",""coordinates"":[]}"
20201012,2020-10-12,94233.38214940681,"{""type"":""MultiPoint"",""coordinates"":[]}"
20201013,2020-10-13,93850.74380327633,"{""type"":""MultiPoint"",""coordinates"":[]}"
20201014,2020-10-14,94094.38154552694,"{""type"":""MultiPoint"",""coordinates"":[]}"
20201015,2020-10-15,94363.00454947205,"{""type"":""MultiPoint"",""coordinates"":[]}"
20201016,2020-10-16,94463.15827202966,"{""type"":""MultiPoint"",""coordinates"":[]}"
20201017,2020-10-17,94602.26532156132,"{""type"":""MultiPoint"",""coordinates"":[]}"
20201018,2020-10-18,94654.37734608559,"{""type"":""MultiPoint"",""coordinates"":[]}"
20201019,2020-10-19,94601.78616270077,"{""type"":""MultiPoint"",""coordinates"":[]}"
20201020,2020-10-20,94597.23730910945,"{""type"":""MultiPoint"",""coordinates"":[]}"
20201021,2020-10-21,94623.04888194661,"{""type"":""MultiPoint"",""coordinates"":[]}"
20201022,2020-10-22,94562.32359105864,"{""type"":""MultiPoint"",""coordinates"":[]}"
20201023,2020-10-23,94632.91770337838,"{""type"":""MultiPoint"",""coordinates"":[]}"
20201024,2020-10-24,94825.47567047473,"{""type"":""MultiPoint"",""coordinates"":[]}"
20201025,2020-10-25,94968.75368136681,"{""type"":""MultiPoint"",""coordinates"":[]}"
20201026,2020-10-26,95030.6928063869,"{""type"":""MultiPoint"",""coordinates"":[]}"
20201027,2020-10-27,95005.28353981566,"{""type"":""MultiPoint"",""coordinates"":[]}"
20201028,2020-10-28,95062.15736214754,"{""type"":""MultiPoint"",""coordinates"":[]}"
20201029,2020-10-29,95079.66831019495,"{""type"":""MultiPoint"",""coordinates"":[]}"
20201030,2020-10-30,95019.72044220238,"{""type"":""MultiPoint"",""coordinates"":[]}"
20201031,2020-10-31,95036.83091914322,"{""type"":""MultiPoint"",""coordinates"":[]}"
20201101,2020-11-01,95091.322571044,"{""type"":""MultiPoint"",""coordinates"":[]}"
20201102,2020-11-02,95168.4838265492,"{""type"":""MultiPoint"",""coordinates"":[]}"
20201103,2020-11-03,95176.04762854433,"{""type"":""MultiPoint"",""coordinates"":[]}"
20201104,2020-11-04,95150.86968046273,"{""type"":""MultiPoint"",""coordinates"":[]}"
20201105,2020-11-05,95243.20024893078,"{""type"":""MultiPoint"",""coordinates"":[]}"
20201106,2020-11-06,95354.96420102986,"{""type"":""MultiPoint"",""coordinates"":[]}"
20201107,2020-11-07,95406.1563230351,"{""type"":""MultiPoint"",""coordinates"":[]}"
20201108,2020-11-08,95421.85832813571,"{""type"":""MultiPoint"",""coordinates"":[]}"
20201109,2020-11-09,95267.62047941232,"{""type"":""MultiPoint"",""coordinates"":[]}"
20201110,2020-11-10,95132.47379645456,"{""type"":""MultiPoint"",""coordinates"":[]}"
20201111,2020-11-11,95181.57586962321,"{""type"":""MultiPoint"",""coordinates"":[]}"
20201112,2020-11-12,95270.88506229549,"{""type"":""MultiPoint"",""coordinates"":[]}"
20201113,2020-11-13,95223.39234358414,"{""type"":""MultiPoint"",""coordinates"":[]}"
20201114,2020-11-14,95091.58540734014,"{""type"":""MultiPoint"",""coordinates"":[]}"
20201115,2020-11-15,95146.10692854121,"{""type"":""MultiPoint"",""coordinates"":[]}"
20201116,2020-11-16,95189.61515858659,"{""type"":""MultiPoint"",""coordinates"":[]}"
20201117,2020-11-17,95062.29083636402,"{""type"":""MultiPoint"",""coordinates"":[]}"
20201118,2020-11-18,95094.02429703299,"{""type"":""MultiPoint"",""coordinates"":[]}"
20201119,2020-11-19,95096.30127450248,"{""type"":""MultiPoint"",""coordinates"":[]}"
20201120,2020-11-20,95135.66533798452,"{""type"":""MultiPoint"",""coordinates"":[]}"
20201121,2020-11-21,95160.84262525148,"{""type"":""MultiPoint"",""coordinates"":[]}"
20201122,2020-11-22,95264.34652518759,"{""type"":""MultiPoint"",""coordinates"":[]}"
20201123,2020-11-23,95235.21069621801,"{""type"":""MultiPoint"",""coordinates"":[]}"
20201124,2020-11-24,95147.55099389168,"{""type"":""MultiPoint"",""coordinates"":[]}"
20201125,2020-11-25,95073.32781138159,"{""type"":""MultiPoint"",""coordinates"":[]}"
20201126,2020-11-26,95076.51326109134,"{""type"":""MultiPoint"",""coordinates"":[]}"
20201127,2020-11-27,95222.16739785748,"{""type"":""MultiPoint"",""coordinates"":[]}"
20201128,2020-11-28,95351.65048784445,"{""type"":""MultiPoint"",""coordinates"":[]}"
20201129,2020-11-29,95348.9212738194,"{""type"":""MultiPoint"",""coordinates"":[]}"
20201130,2020-11-30,95322.70148337752,"{""type"":""MultiPoint"",""coordinates"":[]}"
20201201,2020-12-01,95318.98811132781,"{""type"":""MultiPoint"",""coordinates"":[]}"
20201202,2020-12-02,95181.87545312343,"{""type"":""MultiPoint"",""coordinates"":[]}"
20201203,2020-12-03,95134.0910682477,"{""type"":""MultiPoint"",""coordinates"":[]}"
20201204,2020-12-04,95062.94396969087,"{""type"":""MultiPoint"",""coordinates"":[]}"
20201205,2020-12-05,95136.41030244218,"{""type"":""MultiPoint"",""coordinates"":[]}"
20201206,2020-12-06,95281.22347882816,"{""type"":""MultiPoint"",""coordinates"":[]}"
20201207,2020-12-07,95416.8950829087,"{""type"":""MultiPoint"",""coordinates"":[]}"
20201208,2020-12-08,95390.00531575286,"{""type"":""MultiPoint"",""coordinates"":[]}"
20201209,2020-12-09,95249.23600104444,"{""type"":""MultiPoint"",""coordinates"":[]}"
20201210,2020-12-10,95244.26348239374,"{""type"":""MultiPoint"",""coordinates"":[]}"
20201211,2020-12-11,95211.77628633963,"{""type"":""MultiPoint"",""coordinates"":[]}"
20201212,2020-12-12,95164.43722952159,"{""type"":""MultiPoint"",""coordinates"":[]}"
20201213,2020-12-13,95065.07658098346,"{""type"":""MultiPoint"",""coordinates"":[]}"
20201214,2020-12-14,95130.32811316554,"{""type"":""MultiPoint"",""coordinates"":[]}"
20201215,2020-12-15,95323.69371468895,"{""type"":""MultiPoint"",""coordinates"":[]}"
20201216,2020-12-16,95365.6237439933,"{""type"":""MultiPoint"",""coordinates"":[]}"
20201217,2020-12-17,95329.16490389795,"{""type"":""MultiPoint"",""coordinates"":[]}"
20201218,2020-12-18,95346.23043329385,"{""type"":""MultiPoint"",""coordinates"":[]}"
20201219,2020-12-19,95417.51229604453,"{""type"":""MultiPoint"",""coordinates"":[]}"
20201220,2020-12-20,95416.38285616905,"{""type"":""MultiPoint"",""coordinates"":[]}"
20201221,2020-12-21,95283.00255597393,"{""type"":""MultiPoint"",""coordinates"":[]}"
20201222,2020-12-22,95192.64893756824,"{""type"":""MultiPoint"",""coordinates"":[]}"
20201223,2020-12-23,95089.08869369104,"{""type"":""MultiPoint"",""coordinates"":[]}"
20201224,2020-12-24,95064.37584729146,"{""type"":""MultiPoint"",""coordinates"":[]}"
20201225,2020-12-25,95167.08022993259,"{""type"":""MultiPoint"",""coordinates"":[]}"
20201226,2020-12-26,95252.1457757951,"{""type"":""MultiPoint"",""coordinates"":[]}"
20201227,2020-12-27,95134.26128275099,"{""type"":""MultiPoint"",""coordinates"":[]}"
20201228,2020-12-28,95110.16607676432,"{""type"":""MultiPoint"",""coordinates"":[]}"
20201229,2020-12-29,95112.32025971595,"{""type"":""MultiPoint"",""coordinates"":[]}"
