system:index,date,dewPointTemp,.geo
20030101,2003-01-01,280.25095779410213,"{""type"":""MultiPoint"",""coordinates"":[]}"
20030102,2003-01-02,283.6347957805483,"{""type"":""MultiPoint"",""coordinates"":[]}"
20030103,2003-01-03,285.75610429147065,"{""type"":""MultiPoint"",""coordinates"":[]}"
20030104,2003-01-04,285.79641685289903,"{""type"":""MultiPoint"",""coordinates"":[]}"
20030105,2003-01-05,286.216705932391,"{""type"":""MultiPoint"",""coordinates"":[]}"
20030106,2003-01-06,285.7364293112142,"{""type"":""MultiPoint"",""coordinates"":[]}"
20030107,2003-01-07,285.6484230253658,"{""type"":""MultiPoint"",""coordinates"":[]}"
20030108,2003-01-08,285.28946802340465,"{""type"":""MultiPoint"",""coordinates"":[]}"
20030109,2003-01-09,286.0073845777002,"{""type"":""MultiPoint"",""coordinates"":[]}"
20030110,2003-01-10,286.7319325344308,"{""type"":""MultiPoint"",""coordinates"":[]}"
20030111,2003-01-11,286.32821278032253,"{""type"":""MultiPoint"",""coordinates"":[]}"
20030112,2003-01-12,286.2408540195084,"{""type"":""MultiPoint"",""coordinates"":[]}"
20030113,2003-01-13,286.8147623009405,"{""type"":""MultiPoint"",""coordinates"":[]}"
20030114,2003-01-14,286.09772438561237,"{""type"":""MultiPoint"",""coordinates"":[]}"
20030115,2003-01-15,283.75092745181104,"{""type"":""MultiPoint"",""coordinates"":[]}"
20030116,2003-01-16,277.2000501923864,"{""type"":""MultiPoint"",""coordinates"":[]}"
20030117,2003-01-17,275.1012230033628,"{""type"":""MultiPoint"",""coordinates"":[]}"
20030118,2003-01-18,278.68730918986597,"{""type"":""MultiPoint"",""coordinates"":[]}"
20030119,2003-01-19,283.25636970216743,"{""type"":""MultiPoint"",""coordinates"":[]}"
20030120,2003-01-20,285.0661406491553,"{""type"":""MultiPoint"",""coordinates"":[]}"
20030121,2003-01-21,286.1201479128734,"{""type"":""MultiPoint"",""coordinates"":[]}"
20030122,2003-01-22,286.2670084967891,"{""type"":""MultiPoint"",""coordinates"":[]}"
20030123,2003-01-23,283.92582271659575,"{""type"":""MultiPoint"",""coordinates"":[]}"
20030124,2003-01-24,279.13391539103526,"{""type"":""MultiPoint"",""coordinates"":[]}"
20030125,2003-01-25,280.4063788680464,"{""type"":""MultiPoint"",""coordinates"":[]}"
20030126,2003-01-26,284.03438805723846,"{""type"":""MultiPoint"",""coordinates"":[]}"
20030127,2003-01-27,287.3929975646205,"{""type"":""MultiPoint"",""coordinates"":[]}"
20030128,2003-01-28,286.73568505396685,"{""type"":""MultiPoint"",""coordinates"":[]}"
20030129,2003-01-29,282.6639332186938,"{""type"":""MultiPoint"",""coordinates"":[]}"
20030130,2003-01-30,282.3223456067826,"{""type"":""MultiPoint"",""coordinates"":[]}"
20030131,2003-01-31,281.827862487598,"{""type"":""MultiPoint"",""coordinates"":[]}"
20030201,2003-02-01,284.69151307565835,"{""type"":""MultiPoint"",""coordinates"":[]}"
20030202,2003-02-02,286.70679967641894,"{""type"":""MultiPoint"",""coordinates"":[]}"
20030203,2003-02-03,286.50970482248897,"{""type"":""MultiPoint"",""coordinates"":[]}"
20030204,2003-02-04,286.12186901062154,"{""type"":""MultiPoint"",""coordinates"":[]}"
20030205,2003-02-05,286.17281933145495,"{""type"":""MultiPoint"",""coordinates"":[]}"
20030206,2003-02-06,286.56012722600707,"{""type"":""MultiPoint"",""coordinates"":[]}"
20030207,2003-02-07,285.1861150857861,"{""type"":""MultiPoint"",""coordinates"":[]}"
20030208,2003-02-08,281.5816255606563,"{""type"":""MultiPoint"",""coordinates"":[]}"
20030209,2003-02-09,280.26121075440045,"{""type"":""MultiPoint"",""coordinates"":[]}"
20030210,2003-02-10,281.6281999519252,"{""type"":""MultiPoint"",""coordinates"":[]}"
20030211,2003-02-11,282.3015958801391,"{""type"":""MultiPoint"",""coordinates"":[]}"
20030212,2003-02-12,283.1055424075224,"{""type"":""MultiPoint"",""coordinates"":[]}"
20030213,2003-02-13,282.4745065406016,"{""type"":""MultiPoint"",""coordinates"":[]}"
20030214,2003-02-14,283.4882314803599,"{""type"":""MultiPoint"",""coordinates"":[]}"
20030215,2003-02-15,283.75392759548566,"{""type"":""MultiPoint"",""coordinates"":[]}"
20030216,2003-02-16,282.3603821077287,"{""type"":""MultiPoint"",""coordinates"":[]}"
20030217,2003-02-17,280.38061774787775,"{""type"":""MultiPoint"",""coordinates"":[]}"
20030218,2003-02-18,282.3017313933579,"{""type"":""MultiPoint"",""coordinates"":[]}"
20030219,2003-02-19,287.7184964466595,"{""type"":""MultiPoint"",""coordinates"":[]}"
20030220,2003-02-20,281.27654361256054,"{""type"":""MultiPoint"",""coordinates"":[]}"
20030221,2003-02-21,281.9206746007211,"{""type"":""MultiPoint"",""coordinates"":[]}"
20030222,2003-02-22,282.3539022992449,"{""type"":""MultiPoint"",""coordinates"":[]}"
20030223,2003-02-23,282.726201477254,"{""type"":""MultiPoint"",""coordinates"":[]}"
20030224,2003-02-24,281.30351842810023,"{""type"":""MultiPoint"",""coordinates"":[]}"
20030225,2003-02-25,283.04792888007375,"{""type"":""MultiPoint"",""coordinates"":[]}"
20030226,2003-02-26,284.2211404111754,"{""type"":""MultiPoint"",""coordinates"":[]}"
20030227,2003-02-27,285.0814657750642,"{""type"":""MultiPoint"",""coordinates"":[]}"
20030228,2003-02-28,283.66332884642014,"{""type"":""MultiPoint"",""coordinates"":[]}"
20030301,2003-03-01,285.6195525240804,"{""type"":""MultiPoint"",""coordinates"":[]}"
20030302,2003-03-02,286.030341426785,"{""type"":""MultiPoint"",""coordinates"":[]}"
20030303,2003-03-03,283.53342067609947,"{""type"":""MultiPoint"",""coordinates"":[]}"
20030304,2003-03-04,276.37452049078263,"{""type"":""MultiPoint"",""coordinates"":[]}"
20030305,2003-03-05,274.2354231640425,"{""type"":""MultiPoint"",""coordinates"":[]}"
20030306,2003-03-06,276.27736082352004,"{""type"":""MultiPoint"",""coordinates"":[]}"
20030307,2003-03-07,276.70506014336047,"{""type"":""MultiPoint"",""coordinates"":[]}"
20030308,2003-03-08,280.66741724250267,"{""type"":""MultiPoint"",""coordinates"":[]}"
20030309,2003-03-09,280.3858084829784,"{""type"":""MultiPoint"",""coordinates"":[]}"
20030310,2003-03-10,280.19521846716646,"{""type"":""MultiPoint"",""coordinates"":[]}"
20030311,2003-03-11,281.7189138263756,"{""type"":""MultiPoint"",""coordinates"":[]}"
20030312,2003-03-12,280.6193949945989,"{""type"":""MultiPoint"",""coordinates"":[]}"
20030313,2003-03-13,279.2727438583058,"{""type"":""MultiPoint"",""coordinates"":[]}"
20030314,2003-03-14,282.0003405279961,"{""type"":""MultiPoint"",""coordinates"":[]}"
20030315,2003-03-15,279.3473821053207,"{""type"":""MultiPoint"",""coordinates"":[]}"
20030316,2003-03-16,279.5378680038902,"{""type"":""MultiPoint"",""coordinates"":[]}"
20030317,2003-03-17,278.97932473663775,"{""type"":""MultiPoint"",""coordinates"":[]}"
20030318,2003-03-18,282.2886635325978,"{""type"":""MultiPoint"",""coordinates"":[]}"
20030319,2003-03-19,283.0363000274237,"{""type"":""MultiPoint"",""coordinates"":[]}"
20030320,2003-03-20,285.0164362568552,"{""type"":""MultiPoint"",""coordinates"":[]}"
20030321,2003-03-21,282.97773056455145,"{""type"":""MultiPoint"",""coordinates"":[]}"
20030322,2003-03-22,282.49186716560297,"{""type"":""MultiPoint"",""coordinates"":[]}"
20030323,2003-03-23,281.264825272172,"{""type"":""MultiPoint"",""coordinates"":[]}"
20030324,2003-03-24,283.5608761840027,"{""type"":""MultiPoint"",""coordinates"":[]}"
20030325,2003-03-25,285.3186412461177,"{""type"":""MultiPoint"",""coordinates"":[]}"
20030326,2003-03-26,283.32651414640225,"{""type"":""MultiPoint"",""coordinates"":[]}"
20030327,2003-03-27,281.7913642876891,"{""type"":""MultiPoint"",""coordinates"":[]}"
20030328,2003-03-28,281.87067301080685,"{""type"":""MultiPoint"",""coordinates"":[]}"
20030329,2003-03-29,279.61059987134723,"{""type"":""MultiPoint"",""coordinates"":[]}"
20030330,2003-03-30,283.7874456563636,"{""type"":""MultiPoint"",""coordinates"":[]}"
20030331,2003-03-31,281.6636994292144,"{""type"":""MultiPoint"",""coordinates"":[]}"
20030401,2003-04-01,282.68742613339936,"{""type"":""MultiPoint"",""coordinates"":[]}"
20030402,2003-04-02,283.8057803796913,"{""type"":""MultiPoint"",""coordinates"":[]}"
20030403,2003-04-03,286.31753874835124,"{""type"":""MultiPoint"",""coordinates"":[]}"
20030404,2003-04-04,288.29195182044054,"{""type"":""MultiPoint"",""coordinates"":[]}"
20030405,2003-04-05,288.05670637012184,"{""type"":""MultiPoint"",""coordinates"":[]}"
20030406,2003-04-06,286.07848274050457,"{""type"":""MultiPoint"",""coordinates"":[]}"
20030407,2003-04-07,288.7797134285051,"{""type"":""MultiPoint"",""coordinates"":[]}"
20030408,2003-04-08,288.44697249976485,"{""type"":""MultiPoint"",""coordinates"":[]}"
20030409,2003-04-09,286.4690768127474,"{""type"":""MultiPoint"",""coordinates"":[]}"
20030410,2003-04-10,287.3444420238721,"{""type"":""MultiPoint"",""coordinates"":[]}"
20030411,2003-04-11,289.5301384885056,"{""type"":""MultiPoint"",""coordinates"":[]}"
20030412,2003-04-12,283.46071276522827,"{""type"":""MultiPoint"",""coordinates"":[]}"
20030413,2003-04-13,280.59358677975297,"{""type"":""MultiPoint"",""coordinates"":[]}"
20030414,2003-04-14,282.2422372664011,"{""type"":""MultiPoint"",""coordinates"":[]}"
20030415,2003-04-15,284.92790357768695,"{""type"":""MultiPoint"",""coordinates"":[]}"
20030416,2003-04-16,285.3243590219527,"{""type"":""MultiPoint"",""coordinates"":[]}"
20030417,2003-04-17,287.9442268903814,"{""type"":""MultiPoint"",""coordinates"":[]}"
20030418,2003-04-18,287.91075910002,"{""type"":""MultiPoint"",""coordinates"":[]}"
20030419,2003-04-19,286.88135258883403,"{""type"":""MultiPoint"",""coordinates"":[]}"
20030420,2003-04-20,283.8190102620039,"{""type"":""MultiPoint"",""coordinates"":[]}"
20030421,2003-04-21,285.07909788351617,"{""type"":""MultiPoint"",""coordinates"":[]}"
20030422,2003-04-22,288.4298297444961,"{""type"":""MultiPoint"",""coordinates"":[]}"
20030423,2003-04-23,287.784748866134,"{""type"":""MultiPoint"",""coordinates"":[]}"
20030424,2003-04-24,287.02179130149653,"{""type"":""MultiPoint"",""coordinates"":[]}"
20030425,2003-04-25,282.45697519090186,"{""type"":""MultiPoint"",""coordinates"":[]}"
20030426,2003-04-26,285.8159561981245,"{""type"":""MultiPoint"",""coordinates"":[]}"
20030427,2003-04-27,288.2119638394707,"{""type"":""MultiPoint"",""coordinates"":[]}"
20030428,2003-04-28,287.6721661179528,"{""type"":""MultiPoint"",""coordinates"":[]}"
20030429,2003-04-29,288.9284250937913,"{""type"":""MultiPoint"",""coordinates"":[]}"
20030430,2003-04-30,288.0322913026672,"{""type"":""MultiPoint"",""coordinates"":[]}"
20030501,2003-05-01,287.98360373930836,"{""type"":""MultiPoint"",""coordinates"":[]}"
20030502,2003-05-02,286.51225191009183,"{""type"":""MultiPoint"",""coordinates"":[]}"
20030503,2003-05-03,287.75653839704273,"{""type"":""MultiPoint"",""coordinates"":[]}"
20030504,2003-05-04,288.504616369543,"{""type"":""MultiPoint"",""coordinates"":[]}"
20030505,2003-05-05,285.6747607160881,"{""type"":""MultiPoint"",""coordinates"":[]}"
20030506,2003-05-06,284.76086727203824,"{""type"":""MultiPoint"",""coordinates"":[]}"
20030507,2003-05-07,287.24831907522275,"{""type"":""MultiPoint"",""coordinates"":[]}"
20030508,2003-05-08,287.30727518802684,"{""type"":""MultiPoint"",""coordinates"":[]}"
20030509,2003-05-09,287.458795022594,"{""type"":""MultiPoint"",""coordinates"":[]}"
20030510,2003-05-10,282.98026320791905,"{""type"":""MultiPoint"",""coordinates"":[]}"
20030511,2003-05-11,284.7649555482119,"{""type"":""MultiPoint"",""coordinates"":[]}"
20030512,2003-05-12,287.7727677138157,"{""type"":""MultiPoint"",""coordinates"":[]}"
20030513,2003-05-13,288.73071842722544,"{""type"":""MultiPoint"",""coordinates"":[]}"
20030514,2003-05-14,290.25841350534097,"{""type"":""MultiPoint"",""coordinates"":[]}"
20030515,2003-05-15,291.6983007524891,"{""type"":""MultiPoint"",""coordinates"":[]}"
20030516,2003-05-16,290.58552634146935,"{""type"":""MultiPoint"",""coordinates"":[]}"
20030517,2003-05-17,290.2929833086303,"{""type"":""MultiPoint"",""coordinates"":[]}"
20030518,2003-05-18,289.8509958964464,"{""type"":""MultiPoint"",""coordinates"":[]}"
20030519,2003-05-19,291.8931752060456,"{""type"":""MultiPoint"",""coordinates"":[]}"
20030520,2003-05-20,292.12818672091305,"{""type"":""MultiPoint"",""coordinates"":[]}"
20030521,2003-05-21,291.42738766648534,"{""type"":""MultiPoint"",""coordinates"":[]}"
20030522,2003-05-22,290.4037219459317,"{""type"":""MultiPoint"",""coordinates"":[]}"
20030523,2003-05-23,290.9779270932134,"{""type"":""MultiPoint"",""coordinates"":[]}"
20030524,2003-05-24,291.4978228295542,"{""type"":""MultiPoint"",""coordinates"":[]}"
20030525,2003-05-25,290.38637753816255,"{""type"":""MultiPoint"",""coordinates"":[]}"
20030526,2003-05-26,289.9479521102688,"{""type"":""MultiPoint"",""coordinates"":[]}"
20030527,2003-05-27,290.6368105855721,"{""type"":""MultiPoint"",""coordinates"":[]}"
20030528,2003-05-28,289.91892907048185,"{""type"":""MultiPoint"",""coordinates"":[]}"
20030529,2003-05-29,291.8118773171636,"{""type"":""MultiPoint"",""coordinates"":[]}"
20030530,2003-05-30,292.27071207838566,"{""type"":""MultiPoint"",""coordinates"":[]}"
20030531,2003-05-31,291.9840787540703,"{""type"":""MultiPoint"",""coordinates"":[]}"
20030601,2003-06-01,290.717509184215,"{""type"":""MultiPoint"",""coordinates"":[]}"
20030602,2003-06-02,290.7437311055036,"{""type"":""MultiPoint"",""coordinates"":[]}"
20030603,2003-06-03,291.50226779862174,"{""type"":""MultiPoint"",""coordinates"":[]}"
20030604,2003-06-04,290.74745534088146,"{""type"":""MultiPoint"",""coordinates"":[]}"
20030605,2003-06-05,291.4241845752398,"{""type"":""MultiPoint"",""coordinates"":[]}"
20030606,2003-06-06,292.57212006575725,"{""type"":""MultiPoint"",""coordinates"":[]}"
20030607,2003-06-07,293.19271570318136,"{""type"":""MultiPoint"",""coordinates"":[]}"
20030608,2003-06-08,293.4118786201268,"{""type"":""MultiPoint"",""coordinates"":[]}"
20030609,2003-06-09,293.8013126157089,"{""type"":""MultiPoint"",""coordinates"":[]}"
20030610,2003-06-10,294.451153892871,"{""type"":""MultiPoint"",""coordinates"":[]}"
20030611,2003-06-11,294.21632557686553,"{""type"":""MultiPoint"",""coordinates"":[]}"
20030612,2003-06-12,294.6256889005073,"{""type"":""MultiPoint"",""coordinates"":[]}"
20030613,2003-06-13,295.12258939910095,"{""type"":""MultiPoint"",""coordinates"":[]}"
20030614,2003-06-14,294.95042018744164,"{""type"":""MultiPoint"",""coordinates"":[]}"
20030615,2003-06-15,294.9537470930166,"{""type"":""MultiPoint"",""coordinates"":[]}"
20030616,2003-06-16,294.99816465350017,"{""type"":""MultiPoint"",""coordinates"":[]}"
20030617,2003-06-17,294.70292716018145,"{""type"":""MultiPoint"",""coordinates"":[]}"
20030618,2003-06-18,294.6014716295066,"{""type"":""MultiPoint"",""coordinates"":[]}"
20030619,2003-06-19,294.7101336513624,"{""type"":""MultiPoint"",""coordinates"":[]}"
20030620,2003-06-20,294.5523211467539,"{""type"":""MultiPoint"",""coordinates"":[]}"
20030621,2003-06-21,294.95945325597864,"{""type"":""MultiPoint"",""coordinates"":[]}"
20030622,2003-06-22,294.85542185267434,"{""type"":""MultiPoint"",""coordinates"":[]}"
20030623,2003-06-23,294.8470912515441,"{""type"":""MultiPoint"",""coordinates"":[]}"
20030624,2003-06-24,294.78809590330854,"{""type"":""MultiPoint"",""coordinates"":[]}"
20030625,2003-06-25,294.7919863004447,"{""type"":""MultiPoint"",""coordinates"":[]}"
20030626,2003-06-26,294.5796407917828,"{""type"":""MultiPoint"",""coordinates"":[]}"
20030627,2003-06-27,294.7457102073738,"{""type"":""MultiPoint"",""coordinates"":[]}"
20030628,2003-06-28,294.48584709254544,"{""type"":""MultiPoint"",""coordinates"":[]}"
20030629,2003-06-29,294.4887318126399,"{""type"":""MultiPoint"",""coordinates"":[]}"
20030630,2003-06-30,294.3971547305169,"{""type"":""MultiPoint"",""coordinates"":[]}"
20030701,2003-07-01,294.3997746185601,"{""type"":""MultiPoint"",""coordinates"":[]}"
20030702,2003-07-02,294.4265076086835,"{""type"":""MultiPoint"",""coordinates"":[]}"
20030703,2003-07-03,294.2033815399555,"{""type"":""MultiPoint"",""coordinates"":[]}"
20030704,2003-07-04,294.1646150092769,"{""type"":""MultiPoint"",""coordinates"":[]}"
20030705,2003-07-05,294.34442901938894,"{""type"":""MultiPoint"",""coordinates"":[]}"
20030706,2003-07-06,294.39919474330657,"{""type"":""MultiPoint"",""coordinates"":[]}"
20030707,2003-07-07,294.1668177087642,"{""type"":""MultiPoint"",""coordinates"":[]}"
20030708,2003-07-08,294.0909623481851,"{""type"":""MultiPoint"",""coordinates"":[]}"
20030709,2003-07-09,294.4563816020632,"{""type"":""MultiPoint"",""coordinates"":[]}"
20030710,2003-07-10,294.1732570251795,"{""type"":""MultiPoint"",""coordinates"":[]}"
20030711,2003-07-11,294.21952278018034,"{""type"":""MultiPoint"",""coordinates"":[]}"
20030712,2003-07-12,294.40760414128596,"{""type"":""MultiPoint"",""coordinates"":[]}"
20030713,2003-07-13,294.6833811125283,"{""type"":""MultiPoint"",""coordinates"":[]}"
20030714,2003-07-14,294.348068034831,"{""type"":""MultiPoint"",""coordinates"":[]}"
20030715,2003-07-15,294.5807075861486,"{""type"":""MultiPoint"",""coordinates"":[]}"
20030716,2003-07-16,294.22239318171256,"{""type"":""MultiPoint"",""coordinates"":[]}"
20030717,2003-07-17,294.28765004924935,"{""type"":""MultiPoint"",""coordinates"":[]}"
20030718,2003-07-18,294.1772193693633,"{""type"":""MultiPoint"",""coordinates"":[]}"
20030719,2003-07-19,294.29465152213584,"{""type"":""MultiPoint"",""coordinates"":[]}"
20030720,2003-07-20,294.07536990539853,"{""type"":""MultiPoint"",""coordinates"":[]}"
20030721,2003-07-21,294.1270502441653,"{""type"":""MultiPoint"",""coordinates"":[]}"
20030722,2003-07-22,294.22690695030076,"{""type"":""MultiPoint"",""coordinates"":[]}"
20030723,2003-07-23,294.39141640428613,"{""type"":""MultiPoint"",""coordinates"":[]}"
20030724,2003-07-24,294.3837603190078,"{""type"":""MultiPoint"",""coordinates"":[]}"
20030725,2003-07-25,294.17472753289974,"{""type"":""MultiPoint"",""coordinates"":[]}"
20030726,2003-07-26,293.9032440185173,"{""type"":""MultiPoint"",""coordinates"":[]}"
20030727,2003-07-27,294.13432637267283,"{""type"":""MultiPoint"",""coordinates"":[]}"
20030728,2003-07-28,294.1962912947409,"{""type"":""MultiPoint"",""coordinates"":[]}"
20030729,2003-07-29,294.15276223196264,"{""type"":""MultiPoint"",""coordinates"":[]}"
20030730,2003-07-30,293.88698074732196,"{""type"":""MultiPoint"",""coordinates"":[]}"
20030731,2003-07-31,293.8082863547358,"{""type"":""MultiPoint"",""coordinates"":[]}"
20030801,2003-08-01,293.7911693886588,"{""type"":""MultiPoint"",""coordinates"":[]}"
20030802,2003-08-02,293.49561294433266,"{""type"":""MultiPoint"",""coordinates"":[]}"
20030803,2003-08-03,293.68961124114577,"{""type"":""MultiPoint"",""coordinates"":[]}"
20030804,2003-08-04,293.9409389832577,"{""type"":""MultiPoint"",""coordinates"":[]}"
20030805,2003-08-05,293.88948715351177,"{""type"":""MultiPoint"",""coordinates"":[]}"
20030806,2003-08-06,294.05285666327467,"{""type"":""MultiPoint"",""coordinates"":[]}"
20030807,2003-08-07,294.08791836991287,"{""type"":""MultiPoint"",""coordinates"":[]}"
20030808,2003-08-08,294.28748384286285,"{""type"":""MultiPoint"",""coordinates"":[]}"
20030809,2003-08-09,293.94330443273884,"{""type"":""MultiPoint"",""coordinates"":[]}"
20030810,2003-08-10,293.96070792034635,"{""type"":""MultiPoint"",""coordinates"":[]}"
20030811,2003-08-11,293.83710687250533,"{""type"":""MultiPoint"",""coordinates"":[]}"
20030812,2003-08-12,293.856981600087,"{""type"":""MultiPoint"",""coordinates"":[]}"
20030813,2003-08-13,293.89323627414865,"{""type"":""MultiPoint"",""coordinates"":[]}"
20030814,2003-08-14,293.7874493321444,"{""type"":""MultiPoint"",""coordinates"":[]}"
20030815,2003-08-15,293.6285990478223,"{""type"":""MultiPoint"",""coordinates"":[]}"
20030816,2003-08-16,293.69206381400454,"{""type"":""MultiPoint"",""coordinates"":[]}"
20030817,2003-08-17,293.6304111555491,"{""type"":""MultiPoint"",""coordinates"":[]}"
20030818,2003-08-18,293.51964085813245,"{""type"":""MultiPoint"",""coordinates"":[]}"
20030819,2003-08-19,293.48783736423366,"{""type"":""MultiPoint"",""coordinates"":[]}"
20030820,2003-08-20,293.40041198274304,"{""type"":""MultiPoint"",""coordinates"":[]}"
20030821,2003-08-21,293.6430453473405,"{""type"":""MultiPoint"",""coordinates"":[]}"
20030822,2003-08-22,294.0201421773519,"{""type"":""MultiPoint"",""coordinates"":[]}"
20030823,2003-08-23,293.8262832177427,"{""type"":""MultiPoint"",""coordinates"":[]}"
20030824,2003-08-24,293.79024201012874,"{""type"":""MultiPoint"",""coordinates"":[]}"
20030825,2003-08-25,293.64034191498394,"{""type"":""MultiPoint"",""coordinates"":[]}"
20030826,2003-08-26,293.4080224801318,"{""type"":""MultiPoint"",""coordinates"":[]}"
20030827,2003-08-27,293.2298603470386,"{""type"":""MultiPoint"",""coordinates"":[]}"
20030828,2003-08-28,293.20336670773196,"{""type"":""MultiPoint"",""coordinates"":[]}"
20030829,2003-08-29,293.4915769664109,"{""type"":""MultiPoint"",""coordinates"":[]}"
20030830,2003-08-30,293.3225707424948,"{""type"":""MultiPoint"",""coordinates"":[]}"
20030831,2003-08-31,293.1494833000473,"{""type"":""MultiPoint"",""coordinates"":[]}"
20030901,2003-09-01,293.1487910389574,"{""type"":""MultiPoint"",""coordinates"":[]}"
20030902,2003-09-02,293.42898493949025,"{""type"":""MultiPoint"",""coordinates"":[]}"
20030903,2003-09-03,293.5007900716705,"{""type"":""MultiPoint"",""coordinates"":[]}"
20030904,2003-09-04,293.1705318526126,"{""type"":""MultiPoint"",""coordinates"":[]}"
20030905,2003-09-05,293.3686684846127,"{""type"":""MultiPoint"",""coordinates"":[]}"
20030906,2003-09-06,293.15566921299524,"{""type"":""MultiPoint"",""coordinates"":[]}"
20030907,2003-09-07,292.81432117748193,"{""type"":""MultiPoint"",""coordinates"":[]}"
20030908,2003-09-08,292.9018347729496,"{""type"":""MultiPoint"",""coordinates"":[]}"
20030909,2003-09-09,292.3344914424916,"{""type"":""MultiPoint"",""coordinates"":[]}"
20030910,2003-09-10,292.5138586293921,"{""type"":""MultiPoint"",""coordinates"":[]}"
20030911,2003-09-11,292.90620730747315,"{""type"":""MultiPoint"",""coordinates"":[]}"
20030912,2003-09-12,292.6663515893296,"{""type"":""MultiPoint"",""coordinates"":[]}"
20030913,2003-09-13,292.746019303902,"{""type"":""MultiPoint"",""coordinates"":[]}"
20030914,2003-09-14,292.6897572069303,"{""type"":""MultiPoint"",""coordinates"":[]}"
20030915,2003-09-15,292.8806981316713,"{""type"":""MultiPoint"",""coordinates"":[]}"
20030916,2003-09-16,292.7220771201903,"{""type"":""MultiPoint"",""coordinates"":[]}"
20030917,2003-09-17,292.23499995024457,"{""type"":""MultiPoint"",""coordinates"":[]}"
20030918,2003-09-18,292.5589027638072,"{""type"":""MultiPoint"",""coordinates"":[]}"
20030919,2003-09-19,292.61319801212636,"{""type"":""MultiPoint"",""coordinates"":[]}"
20030920,2003-09-20,293.18034795904623,"{""type"":""MultiPoint"",""coordinates"":[]}"
20030921,2003-09-21,292.9092587563326,"{""type"":""MultiPoint"",""coordinates"":[]}"
20030922,2003-09-22,292.9211143781392,"{""type"":""MultiPoint"",""coordinates"":[]}"
20030923,2003-09-23,292.9438059985039,"{""type"":""MultiPoint"",""coordinates"":[]}"
20030924,2003-09-24,292.88671990783206,"{""type"":""MultiPoint"",""coordinates"":[]}"
20030925,2003-09-25,293.28468381705477,"{""type"":""MultiPoint"",""coordinates"":[]}"
20030926,2003-09-26,293.7310218397906,"{""type"":""MultiPoint"",""coordinates"":[]}"
20030927,2003-09-27,294.28382054930114,"{""type"":""MultiPoint"",""coordinates"":[]}"
20030928,2003-09-28,294.38507207852206,"{""type"":""MultiPoint"",""coordinates"":[]}"
20030929,2003-09-29,294.13103703545795,"{""type"":""MultiPoint"",""coordinates"":[]}"
20030930,2003-09-30,293.9641277397901,"{""type"":""MultiPoint"",""coordinates"":[]}"
20031001,2003-10-01,294.7796412671202,"{""type"":""MultiPoint"",""coordinates"":[]}"
20031002,2003-10-02,294.7044255647391,"{""type"":""MultiPoint"",""coordinates"":[]}"
20031003,2003-10-03,292.0876560542856,"{""type"":""MultiPoint"",""coordinates"":[]}"
20031004,2003-10-04,291.12085141982874,"{""type"":""MultiPoint"",""coordinates"":[]}"
20031005,2003-10-05,289.64930637137564,"{""type"":""MultiPoint"",""coordinates"":[]}"
20031006,2003-10-06,291.2393831385115,"{""type"":""MultiPoint"",""coordinates"":[]}"
20031007,2003-10-07,293.90968172053516,"{""type"":""MultiPoint"",""coordinates"":[]}"
20031008,2003-10-08,293.49888549644015,"{""type"":""MultiPoint"",""coordinates"":[]}"
20031009,2003-10-09,293.6398639173149,"{""type"":""MultiPoint"",""coordinates"":[]}"
20031010,2003-10-10,293.0082859171375,"{""type"":""MultiPoint"",""coordinates"":[]}"
20031011,2003-10-11,291.68069318452046,"{""type"":""MultiPoint"",""coordinates"":[]}"
20031012,2003-10-12,289.78200756665746,"{""type"":""MultiPoint"",""coordinates"":[]}"
20031013,2003-10-13,288.9293290867385,"{""type"":""MultiPoint"",""coordinates"":[]}"
20031014,2003-10-14,288.42705205431616,"{""type"":""MultiPoint"",""coordinates"":[]}"
20031015,2003-10-15,285.6699951647321,"{""type"":""MultiPoint"",""coordinates"":[]}"
20031016,2003-10-16,284.76037880953436,"{""type"":""MultiPoint"",""coordinates"":[]}"
20031017,2003-10-17,285.0011210860116,"{""type"":""MultiPoint"",""coordinates"":[]}"
20031018,2003-10-18,287.96040773550754,"{""type"":""MultiPoint"",""coordinates"":[]}"
20031019,2003-10-19,289.3708970803115,"{""type"":""MultiPoint"",""coordinates"":[]}"
20031020,2003-10-20,289.7034434963199,"{""type"":""MultiPoint"",""coordinates"":[]}"
20031021,2003-10-21,287.0591362704894,"{""type"":""MultiPoint"",""coordinates"":[]}"
20031022,2003-10-22,287.2071979915243,"{""type"":""MultiPoint"",""coordinates"":[]}"
20031023,2003-10-23,285.9030680254165,"{""type"":""MultiPoint"",""coordinates"":[]}"
20031024,2003-10-24,286.0707793298669,"{""type"":""MultiPoint"",""coordinates"":[]}"
20031025,2003-10-25,286.65992002820167,"{""type"":""MultiPoint"",""coordinates"":[]}"
20031026,2003-10-26,283.4538861938907,"{""type"":""MultiPoint"",""coordinates"":[]}"
20031027,2003-10-27,282.17537100514585,"{""type"":""MultiPoint"",""coordinates"":[]}"
20031028,2003-10-28,285.02674834715333,"{""type"":""MultiPoint"",""coordinates"":[]}"
20031029,2003-10-29,288.3169249091858,"{""type"":""MultiPoint"",""coordinates"":[]}"
20031030,2003-10-30,292.1826537509983,"{""type"":""MultiPoint"",""coordinates"":[]}"
20031031,2003-10-31,292.8298744018299,"{""type"":""MultiPoint"",""coordinates"":[]}"
20031101,2003-11-01,292.89996247571645,"{""type"":""MultiPoint"",""coordinates"":[]}"
20031102,2003-11-02,292.30221963875084,"{""type"":""MultiPoint"",""coordinates"":[]}"
20031103,2003-11-03,289.9503842994851,"{""type"":""MultiPoint"",""coordinates"":[]}"
20031104,2003-11-04,289.5650811026758,"{""type"":""MultiPoint"",""coordinates"":[]}"
20031105,2003-11-05,287.52262261677043,"{""type"":""MultiPoint"",""coordinates"":[]}"
20031106,2003-11-06,284.3526208984766,"{""type"":""MultiPoint"",""coordinates"":[]}"
20031107,2003-11-07,282.1234460292679,"{""type"":""MultiPoint"",""coordinates"":[]}"
20031108,2003-11-08,282.8450629623496,"{""type"":""MultiPoint"",""coordinates"":[]}"
20031109,2003-11-09,283.2399890119254,"{""type"":""MultiPoint"",""coordinates"":[]}"
20031110,2003-11-10,284.6537644477426,"{""type"":""MultiPoint"",""coordinates"":[]}"
20031111,2003-11-11,284.03041309489026,"{""type"":""MultiPoint"",""coordinates"":[]}"
20031112,2003-11-12,282.51566249344364,"{""type"":""MultiPoint"",""coordinates"":[]}"
20031113,2003-11-13,283.39118272411804,"{""type"":""MultiPoint"",""coordinates"":[]}"
20031114,2003-11-14,286.01547758452045,"{""type"":""MultiPoint"",""coordinates"":[]}"
20031115,2003-11-15,288.21423346384734,"{""type"":""MultiPoint"",""coordinates"":[]}"
20031116,2003-11-16,287.7563927931666,"{""type"":""MultiPoint"",""coordinates"":[]}"
20031117,2003-11-17,288.05335762237405,"{""type"":""MultiPoint"",""coordinates"":[]}"
20031118,2003-11-18,288.3235102968456,"{""type"":""MultiPoint"",""coordinates"":[]}"
20031119,2003-11-19,286.27163570748803,"{""type"":""MultiPoint"",""coordinates"":[]}"
20031120,2003-11-20,283.6567632471148,"{""type"":""MultiPoint"",""coordinates"":[]}"
20031121,2003-11-21,283.1293426573081,"{""type"":""MultiPoint"",""coordinates"":[]}"
20031122,2003-11-22,284.2856697389939,"{""type"":""MultiPoint"",""coordinates"":[]}"
20031123,2003-11-23,284.59121181183906,"{""type"":""MultiPoint"",""coordinates"":[]}"
20031124,2003-11-24,285.12438034282616,"{""type"":""MultiPoint"",""coordinates"":[]}"
20031125,2003-11-25,283.74238726490137,"{""type"":""MultiPoint"",""coordinates"":[]}"
20031126,2003-11-26,282.467841514553,"{""type"":""MultiPoint"",""coordinates"":[]}"
20031127,2003-11-27,282.5313762965105,"{""type"":""MultiPoint"",""coordinates"":[]}"
20031128,2003-11-28,283.59950422505875,"{""type"":""MultiPoint"",""coordinates"":[]}"
20031129,2003-11-29,284.9893314701836,"{""type"":""MultiPoint"",""coordinates"":[]}"
20031130,2003-11-30,285.8159671822622,"{""type"":""MultiPoint"",""coordinates"":[]}"
20031201,2003-12-01,286.45618513692233,"{""type"":""MultiPoint"",""coordinates"":[]}"
20031202,2003-12-02,286.22747494741554,"{""type"":""MultiPoint"",""coordinates"":[]}"
20031203,2003-12-03,284.0438878793888,"{""type"":""MultiPoint"",""coordinates"":[]}"
20031204,2003-12-04,282.80854661667115,"{""type"":""MultiPoint"",""coordinates"":[]}"
20031205,2003-12-05,278.8193754552191,"{""type"":""MultiPoint"",""coordinates"":[]}"
20031206,2003-12-06,277.5955270699175,"{""type"":""MultiPoint"",""coordinates"":[]}"
20031207,2003-12-07,279.48297732062315,"{""type"":""MultiPoint"",""coordinates"":[]}"
20031208,2003-12-08,279.7532499209848,"{""type"":""MultiPoint"",""coordinates"":[]}"
20031209,2003-12-09,279.8551077093751,"{""type"":""MultiPoint"",""coordinates"":[]}"
20031210,2003-12-10,280.56872816419735,"{""type"":""MultiPoint"",""coordinates"":[]}"
20031211,2003-12-11,282.4650205430497,"{""type"":""MultiPoint"",""coordinates"":[]}"
20031212,2003-12-12,284.4392091813372,"{""type"":""MultiPoint"",""coordinates"":[]}"
20031213,2003-12-13,284.0505210696096,"{""type"":""MultiPoint"",""coordinates"":[]}"
20031214,2003-12-14,281.04461681978506,"{""type"":""MultiPoint"",""coordinates"":[]}"
20031215,2003-12-15,279.6451132937069,"{""type"":""MultiPoint"",""coordinates"":[]}"
20031216,2003-12-16,280.29273050788646,"{""type"":""MultiPoint"",""coordinates"":[]}"
20031217,2003-12-17,280.2236665970535,"{""type"":""MultiPoint"",""coordinates"":[]}"
20031218,2003-12-18,281.223347068664,"{""type"":""MultiPoint"",""coordinates"":[]}"
20031219,2003-12-19,280.65781177003385,"{""type"":""MultiPoint"",""coordinates"":[]}"
20031220,2003-12-20,280.24419367295445,"{""type"":""MultiPoint"",""coordinates"":[]}"
20031221,2003-12-21,280.35516482969894,"{""type"":""MultiPoint"",""coordinates"":[]}"
20031222,2003-12-22,279.52985306679994,"{""type"":""MultiPoint"",""coordinates"":[]}"
20031223,2003-12-23,279.65274184773085,"{""type"":""MultiPoint"",""coordinates"":[]}"
20031224,2003-12-24,280.81448389427857,"{""type"":""MultiPoint"",""coordinates"":[]}"
20031225,2003-12-25,283.2142139410644,"{""type"":""MultiPoint"",""coordinates"":[]}"
20031226,2003-12-26,287.2440852243246,"{""type"":""MultiPoint"",""coordinates"":[]}"
20031227,2003-12-27,284.58736458434294,"{""type"":""MultiPoint"",""coordinates"":[]}"
20031228,2003-12-28,282.4834917547244,"{""type"":""MultiPoint"",""coordinates"":[]}"
20031229,2003-12-29,285.93389922686424,"{""type"":""MultiPoint"",""coordinates"":[]}"
20031230,2003-12-30,284.76870189384056,"{""type"":""MultiPoint"",""coordinates"":[]}"
20031231,2003-12-31,282.9885772474719,"{""type"":""MultiPoint"",""coordinates"":[]}"
20040101,2004-01-01,282.10465312047336,"{""type"":""MultiPoint"",""coordinates"":[]}"
20040102,2004-01-02,282.40790751690366,"{""type"":""MultiPoint"",""coordinates"":[]}"
20040103,2004-01-03,283.87200384872347,"{""type"":""MultiPoint"",""coordinates"":[]}"
20040104,2004-01-04,283.8482222605291,"{""type"":""MultiPoint"",""coordinates"":[]}"
20040105,2004-01-05,283.9602193121977,"{""type"":""MultiPoint"",""coordinates"":[]}"
20040106,2004-01-06,283.87612843101357,"{""type"":""MultiPoint"",""coordinates"":[]}"
20040107,2004-01-07,284.41054168552597,"{""type"":""MultiPoint"",""coordinates"":[]}"
20040108,2004-01-08,282.96323315557987,"{""type"":""MultiPoint"",""coordinates"":[]}"
20040109,2004-01-09,279.6350999766504,"{""type"":""MultiPoint"",""coordinates"":[]}"
20040110,2004-01-10,278.86749784140113,"{""type"":""MultiPoint"",""coordinates"":[]}"
20040111,2004-01-11,277.3536459614041,"{""type"":""MultiPoint"",""coordinates"":[]}"
20040112,2004-01-12,277.66748009612144,"{""type"":""MultiPoint"",""coordinates"":[]}"
20040113,2004-01-13,278.98036007857456,"{""type"":""MultiPoint"",""coordinates"":[]}"
20040114,2004-01-14,279.8644653224316,"{""type"":""MultiPoint"",""coordinates"":[]}"
20040115,2004-01-15,280.26694657177876,"{""type"":""MultiPoint"",""coordinates"":[]}"
20040116,2004-01-16,282.38080556652386,"{""type"":""MultiPoint"",""coordinates"":[]}"
20040117,2004-01-17,285.1588320044704,"{""type"":""MultiPoint"",""coordinates"":[]}"
20040118,2004-01-18,283.41351362938013,"{""type"":""MultiPoint"",""coordinates"":[]}"
20040119,2004-01-19,281.86566550562634,"{""type"":""MultiPoint"",""coordinates"":[]}"
20040120,2004-01-20,284.6941308234948,"{""type"":""MultiPoint"",""coordinates"":[]}"
20040121,2004-01-21,286.93099304552925,"{""type"":""MultiPoint"",""coordinates"":[]}"
20040122,2004-01-22,286.7382616297003,"{""type"":""MultiPoint"",""coordinates"":[]}"
20040123,2004-01-23,282.1721148516231,"{""type"":""MultiPoint"",""coordinates"":[]}"
20040124,2004-01-24,280.6192543084613,"{""type"":""MultiPoint"",""coordinates"":[]}"
20040125,2004-01-25,284.3147246934817,"{""type"":""MultiPoint"",""coordinates"":[]}"
20040126,2004-01-26,283.35842023469206,"{""type"":""MultiPoint"",""coordinates"":[]}"
20040127,2004-01-27,284.9957398252368,"{""type"":""MultiPoint"",""coordinates"":[]}"
20040128,2004-01-28,287.1923163189331,"{""type"":""MultiPoint"",""coordinates"":[]}"
20040129,2004-01-29,286.1161685495799,"{""type"":""MultiPoint"",""coordinates"":[]}"
20040130,2004-01-30,287.0424398218516,"{""type"":""MultiPoint"",""coordinates"":[]}"
20040131,2004-01-31,283.8275473831006,"{""type"":""MultiPoint"",""coordinates"":[]}"
20040201,2004-02-01,279.96809406037096,"{""type"":""MultiPoint"",""coordinates"":[]}"
20040202,2004-02-02,284.01753745238824,"{""type"":""MultiPoint"",""coordinates"":[]}"
20040203,2004-02-03,285.98394702189916,"{""type"":""MultiPoint"",""coordinates"":[]}"
20040204,2004-02-04,287.0603296441868,"{""type"":""MultiPoint"",""coordinates"":[]}"
20040205,2004-02-05,280.596694392225,"{""type"":""MultiPoint"",""coordinates"":[]}"
20040206,2004-02-06,272.20750714594163,"{""type"":""MultiPoint"",""coordinates"":[]}"
20040207,2004-02-07,275.015554188252,"{""type"":""MultiPoint"",""coordinates"":[]}"
20040208,2004-02-08,275.78424006987495,"{""type"":""MultiPoint"",""coordinates"":[]}"
20040209,2004-02-09,278.1903686464939,"{""type"":""MultiPoint"",""coordinates"":[]}"
20040210,2004-02-10,280.69783890608085,"{""type"":""MultiPoint"",""coordinates"":[]}"
20040211,2004-02-11,281.8296048470227,"{""type"":""MultiPoint"",""coordinates"":[]}"
20040212,2004-02-12,282.8047311986715,"{""type"":""MultiPoint"",""coordinates"":[]}"
20040213,2004-02-13,283.34012215911144,"{""type"":""MultiPoint"",""coordinates"":[]}"
20040214,2004-02-14,284.28122428062636,"{""type"":""MultiPoint"",""coordinates"":[]}"
20040215,2004-02-15,283.16768962949453,"{""type"":""MultiPoint"",""coordinates"":[]}"
20040216,2004-02-16,282.3668089301079,"{""type"":""MultiPoint"",""coordinates"":[]}"
20040217,2004-02-17,282.2618337840055,"{""type"":""MultiPoint"",""coordinates"":[]}"
20040218,2004-02-18,282.71387216493775,"{""type"":""MultiPoint"",""coordinates"":[]}"
20040219,2004-02-19,282.2299418842878,"{""type"":""MultiPoint"",""coordinates"":[]}"
20040220,2004-02-20,282.66864955676414,"{""type"":""MultiPoint"",""coordinates"":[]}"
20040221,2004-02-21,282.16363788803795,"{""type"":""MultiPoint"",""coordinates"":[]}"
20040222,2004-02-22,279.91428118448465,"{""type"":""MultiPoint"",""coordinates"":[]}"
20040223,2004-02-23,278.5803426965586,"{""type"":""MultiPoint"",""coordinates"":[]}"
20040224,2004-02-24,278.6077466629592,"{""type"":""MultiPoint"",""coordinates"":[]}"
20040225,2004-02-25,279.77773005704404,"{""type"":""MultiPoint"",""coordinates"":[]}"
20040226,2004-02-26,282.20116835188634,"{""type"":""MultiPoint"",""coordinates"":[]}"
20040227,2004-02-27,283.78199392074083,"{""type"":""MultiPoint"",""coordinates"":[]}"
20040228,2004-02-28,282.24944609198303,"{""type"":""MultiPoint"",""coordinates"":[]}"
20040229,2004-02-29,282.12953019823664,"{""type"":""MultiPoint"",""coordinates"":[]}"
20040301,2004-03-01,281.16322935195376,"{""type"":""MultiPoint"",""coordinates"":[]}"
20040302,2004-03-02,279.3558156632843,"{""type"":""MultiPoint"",""coordinates"":[]}"
20040303,2004-03-03,279.6549474587438,"{""type"":""MultiPoint"",""coordinates"":[]}"
20040304,2004-03-04,282.85133842586094,"{""type"":""MultiPoint"",""coordinates"":[]}"
20040305,2004-03-05,285.73838287330403,"{""type"":""MultiPoint"",""coordinates"":[]}"
20040306,2004-03-06,282.6981676794566,"{""type"":""MultiPoint"",""coordinates"":[]}"
20040307,2004-03-07,275.9402127972927,"{""type"":""MultiPoint"",""coordinates"":[]}"
20040308,2004-03-08,269.95621624513365,"{""type"":""MultiPoint"",""coordinates"":[]}"
20040309,2004-03-09,281.49374273083873,"{""type"":""MultiPoint"",""coordinates"":[]}"
20040310,2004-03-10,281.01074595939957,"{""type"":""MultiPoint"",""coordinates"":[]}"
20040311,2004-03-11,277.9437065423588,"{""type"":""MultiPoint"",""coordinates"":[]}"
20040312,2004-03-12,278.0774559631044,"{""type"":""MultiPoint"",""coordinates"":[]}"
20040313,2004-03-13,279.78203726576163,"{""type"":""MultiPoint"",""coordinates"":[]}"
20040314,2004-03-14,279.3240268107927,"{""type"":""MultiPoint"",""coordinates"":[]}"
20040315,2004-03-15,280.4955283908415,"{""type"":""MultiPoint"",""coordinates"":[]}"
20040316,2004-03-16,278.6336927830894,"{""type"":""MultiPoint"",""coordinates"":[]}"
20040317,2004-03-17,283.79685017419,"{""type"":""MultiPoint"",""coordinates"":[]}"
20040318,2004-03-18,280.3882416076883,"{""type"":""MultiPoint"",""coordinates"":[]}"
20040319,2004-03-19,274.91497505747475,"{""type"":""MultiPoint"",""coordinates"":[]}"
20040320,2004-03-20,276.16770568058524,"{""type"":""MultiPoint"",""coordinates"":[]}"
20040321,2004-03-21,280.22868024332985,"{""type"":""MultiPoint"",""coordinates"":[]}"
20040322,2004-03-22,283.9477983841569,"{""type"":""MultiPoint"",""coordinates"":[]}"
20040323,2004-03-23,285.1548417298258,"{""type"":""MultiPoint"",""coordinates"":[]}"
20040324,2004-03-24,285.3918485297846,"{""type"":""MultiPoint"",""coordinates"":[]}"
20040325,2004-03-25,280.4193226061409,"{""type"":""MultiPoint"",""coordinates"":[]}"
20040326,2004-03-26,279.287668691837,"{""type"":""MultiPoint"",""coordinates"":[]}"
20040327,2004-03-27,280.02038026431177,"{""type"":""MultiPoint"",""coordinates"":[]}"
20040328,2004-03-28,284.58343527791686,"{""type"":""MultiPoint"",""coordinates"":[]}"
20040329,2004-03-29,284.96781282111664,"{""type"":""MultiPoint"",""coordinates"":[]}"
20040330,2004-03-30,285.0802501339181,"{""type"":""MultiPoint"",""coordinates"":[]}"
20040331,2004-03-31,284.4284225338269,"{""type"":""MultiPoint"",""coordinates"":[]}"
20040401,2004-04-01,284.86977290802196,"{""type"":""MultiPoint"",""coordinates"":[]}"
20040402,2004-04-02,285.29179604623874,"{""type"":""MultiPoint"",""coordinates"":[]}"
20040403,2004-04-03,285.7931171303436,"{""type"":""MultiPoint"",""coordinates"":[]}"
20040404,2004-04-04,286.44196360063285,"{""type"":""MultiPoint"",""coordinates"":[]}"
20040405,2004-04-05,287.49319136360367,"{""type"":""MultiPoint"",""coordinates"":[]}"
20040406,2004-04-06,285.9497869614889,"{""type"":""MultiPoint"",""coordinates"":[]}"
20040407,2004-04-07,285.3784487333092,"{""type"":""MultiPoint"",""coordinates"":[]}"
20040408,2004-04-08,285.6311158203749,"{""type"":""MultiPoint"",""coordinates"":[]}"
20040409,2004-04-09,286.72951352531,"{""type"":""MultiPoint"",""coordinates"":[]}"
20040410,2004-04-10,284.3551508494041,"{""type"":""MultiPoint"",""coordinates"":[]}"
20040411,2004-04-11,282.5651820963027,"{""type"":""MultiPoint"",""coordinates"":[]}"
20040412,2004-04-12,284.51703577650386,"{""type"":""MultiPoint"",""coordinates"":[]}"
20040413,2004-04-13,286.2124706244522,"{""type"":""MultiPoint"",""coordinates"":[]}"
20040414,2004-04-14,287.624374770345,"{""type"":""MultiPoint"",""coordinates"":[]}"
20040415,2004-04-15,284.2744593787785,"{""type"":""MultiPoint"",""coordinates"":[]}"
20040416,2004-04-16,286.8233307741327,"{""type"":""MultiPoint"",""coordinates"":[]}"
20040417,2004-04-17,285.48807172537533,"{""type"":""MultiPoint"",""coordinates"":[]}"
20040418,2004-04-18,285.29582593314535,"{""type"":""MultiPoint"",""coordinates"":[]}"
20040419,2004-04-19,285.639634174519,"{""type"":""MultiPoint"",""coordinates"":[]}"
20040420,2004-04-20,287.18472491144547,"{""type"":""MultiPoint"",""coordinates"":[]}"
20040421,2004-04-21,286.3821936767539,"{""type"":""MultiPoint"",""coordinates"":[]}"
20040422,2004-04-22,286.7906734664941,"{""type"":""MultiPoint"",""coordinates"":[]}"
20040423,2004-04-23,288.0266029994033,"{""type"":""MultiPoint"",""coordinates"":[]}"
20040424,2004-04-24,287.4579283700424,"{""type"":""MultiPoint"",""coordinates"":[]}"
20040425,2004-04-25,287.27371707487436,"{""type"":""MultiPoint"",""coordinates"":[]}"
20040426,2004-04-26,288.7423277798503,"{""type"":""MultiPoint"",""coordinates"":[]}"
20040427,2004-04-27,288.5923036043515,"{""type"":""MultiPoint"",""coordinates"":[]}"
20040428,2004-04-28,287.42967578224483,"{""type"":""MultiPoint"",""coordinates"":[]}"
20040429,2004-04-29,287.786785565313,"{""type"":""MultiPoint"",""coordinates"":[]}"
20040430,2004-04-30,287.7116231887667,"{""type"":""MultiPoint"",""coordinates"":[]}"
20040501,2004-05-01,287.4313666259451,"{""type"":""MultiPoint"",""coordinates"":[]}"
20040502,2004-05-02,283.23965607040986,"{""type"":""MultiPoint"",""coordinates"":[]}"
20040503,2004-05-03,284.699897720576,"{""type"":""MultiPoint"",""coordinates"":[]}"
20040504,2004-05-04,290.06660327368485,"{""type"":""MultiPoint"",""coordinates"":[]}"
20040505,2004-05-05,287.59258546074585,"{""type"":""MultiPoint"",""coordinates"":[]}"
20040506,2004-05-06,290.1474674324566,"{""type"":""MultiPoint"",""coordinates"":[]}"
20040507,2004-05-07,293.5136238651142,"{""type"":""MultiPoint"",""coordinates"":[]}"
20040508,2004-05-08,292.91030836741925,"{""type"":""MultiPoint"",""coordinates"":[]}"
20040509,2004-05-09,294.0447068749126,"{""type"":""MultiPoint"",""coordinates"":[]}"
20040510,2004-05-10,294.1747779077389,"{""type"":""MultiPoint"",""coordinates"":[]}"
20040511,2004-05-11,293.7354602044634,"{""type"":""MultiPoint"",""coordinates"":[]}"
20040512,2004-05-12,291.86982810983494,"{""type"":""MultiPoint"",""coordinates"":[]}"
20040513,2004-05-13,293.13700115367135,"{""type"":""MultiPoint"",""coordinates"":[]}"
20040514,2004-05-14,293.62129631542183,"{""type"":""MultiPoint"",""coordinates"":[]}"
20040515,2004-05-15,294.16290453075896,"{""type"":""MultiPoint"",""coordinates"":[]}"
20040516,2004-05-16,294.00523268112215,"{""type"":""MultiPoint"",""coordinates"":[]}"
20040517,2004-05-17,294.52886650548714,"{""type"":""MultiPoint"",""coordinates"":[]}"
20040518,2004-05-18,294.4472351960968,"{""type"":""MultiPoint"",""coordinates"":[]}"
20040519,2004-05-19,294.05155753228064,"{""type"":""MultiPoint"",""coordinates"":[]}"
20040520,2004-05-20,292.9572139983286,"{""type"":""MultiPoint"",""coordinates"":[]}"
20040521,2004-05-21,292.02734630269964,"{""type"":""MultiPoint"",""coordinates"":[]}"
20040522,2004-05-22,291.89483205886603,"{""type"":""MultiPoint"",""coordinates"":[]}"
20040523,2004-05-23,291.17067197619014,"{""type"":""MultiPoint"",""coordinates"":[]}"
20040524,2004-05-24,290.6813806617776,"{""type"":""MultiPoint"",""coordinates"":[]}"
20040525,2004-05-25,290.49578176963286,"{""type"":""MultiPoint"",""coordinates"":[]}"
20040526,2004-05-26,289.1430084299036,"{""type"":""MultiPoint"",""coordinates"":[]}"
20040527,2004-05-27,290.18874232288374,"{""type"":""MultiPoint"",""coordinates"":[]}"
20040528,2004-05-28,291.0325263924354,"{""type"":""MultiPoint"",""coordinates"":[]}"
20040529,2004-05-29,291.71282158628014,"{""type"":""MultiPoint"",""coordinates"":[]}"
20040530,2004-05-30,293.064761898827,"{""type"":""MultiPoint"",""coordinates"":[]}"
20040531,2004-05-31,293.18154830395486,"{""type"":""MultiPoint"",""coordinates"":[]}"
20040601,2004-06-01,293.4470038720427,"{""type"":""MultiPoint"",""coordinates"":[]}"
20040602,2004-06-02,293.44419923635223,"{""type"":""MultiPoint"",""coordinates"":[]}"
20040603,2004-06-03,293.07895691387523,"{""type"":""MultiPoint"",""coordinates"":[]}"
20040604,2004-06-04,293.5010727448817,"{""type"":""MultiPoint"",""coordinates"":[]}"
20040605,2004-06-05,294.7843064916187,"{""type"":""MultiPoint"",""coordinates"":[]}"
20040606,2004-06-06,294.53987148318396,"{""type"":""MultiPoint"",""coordinates"":[]}"
20040607,2004-06-07,294.4379187207518,"{""type"":""MultiPoint"",""coordinates"":[]}"
20040608,2004-06-08,293.9917914594608,"{""type"":""MultiPoint"",""coordinates"":[]}"
20040609,2004-06-09,294.2252564997142,"{""type"":""MultiPoint"",""coordinates"":[]}"
20040610,2004-06-10,294.0096254035757,"{""type"":""MultiPoint"",""coordinates"":[]}"
20040611,2004-06-11,293.39436873398614,"{""type"":""MultiPoint"",""coordinates"":[]}"
20040612,2004-06-12,293.52639388863065,"{""type"":""MultiPoint"",""coordinates"":[]}"
20040613,2004-06-13,294.6526238901194,"{""type"":""MultiPoint"",""coordinates"":[]}"
20040614,2004-06-14,294.80151805074826,"{""type"":""MultiPoint"",""coordinates"":[]}"
20040615,2004-06-15,295.0170409392503,"{""type"":""MultiPoint"",""coordinates"":[]}"
20040616,2004-06-16,294.18819592950604,"{""type"":""MultiPoint"",""coordinates"":[]}"
20040617,2004-06-17,293.939840470075,"{""type"":""MultiPoint"",""coordinates"":[]}"
20040618,2004-06-18,293.40811958357,"{""type"":""MultiPoint"",""coordinates"":[]}"
20040619,2004-06-19,294.091657323491,"{""type"":""MultiPoint"",""coordinates"":[]}"
20040620,2004-06-20,293.90236822215036,"{""type"":""MultiPoint"",""coordinates"":[]}"
20040621,2004-06-21,293.6489068566538,"{""type"":""MultiPoint"",""coordinates"":[]}"
20040622,2004-06-22,293.45822403572384,"{""type"":""MultiPoint"",""coordinates"":[]}"
20040623,2004-06-23,293.1735897273693,"{""type"":""MultiPoint"",""coordinates"":[]}"
20040624,2004-06-24,293.1389636969022,"{""type"":""MultiPoint"",""coordinates"":[]}"
20040625,2004-06-25,293.6305193905285,"{""type"":""MultiPoint"",""coordinates"":[]}"
20040626,2004-06-26,293.9207903388154,"{""type"":""MultiPoint"",""coordinates"":[]}"
20040627,2004-06-27,293.8819324104201,"{""type"":""MultiPoint"",""coordinates"":[]}"
20040628,2004-06-28,293.675752114205,"{""type"":""MultiPoint"",""coordinates"":[]}"
20040629,2004-06-29,293.5336618173876,"{""type"":""MultiPoint"",""coordinates"":[]}"
20040630,2004-06-30,293.41578474953764,"{""type"":""MultiPoint"",""coordinates"":[]}"
20040701,2004-07-01,293.39636953252904,"{""type"":""MultiPoint"",""coordinates"":[]}"
20040702,2004-07-02,293.81061790234077,"{""type"":""MultiPoint"",""coordinates"":[]}"
20040703,2004-07-03,294.0300581141498,"{""type"":""MultiPoint"",""coordinates"":[]}"
20040704,2004-07-04,294.3818120310245,"{""type"":""MultiPoint"",""coordinates"":[]}"
20040705,2004-07-05,294.2316901044945,"{""type"":""MultiPoint"",""coordinates"":[]}"
20040706,2004-07-06,293.6193257113021,"{""type"":""MultiPoint"",""coordinates"":[]}"
20040707,2004-07-07,293.3359819590411,"{""type"":""MultiPoint"",""coordinates"":[]}"
20040708,2004-07-08,293.51075059459464,"{""type"":""MultiPoint"",""coordinates"":[]}"
20040709,2004-07-09,293.4856350502419,"{""type"":""MultiPoint"",""coordinates"":[]}"
20040710,2004-07-10,293.3323441175377,"{""type"":""MultiPoint"",""coordinates"":[]}"
20040711,2004-07-11,293.4153564654828,"{""type"":""MultiPoint"",""coordinates"":[]}"
20040712,2004-07-12,293.2628773392703,"{""type"":""MultiPoint"",""coordinates"":[]}"
20040713,2004-07-13,292.9368223604347,"{""type"":""MultiPoint"",""coordinates"":[]}"
20040714,2004-07-14,293.0608788415712,"{""type"":""MultiPoint"",""coordinates"":[]}"
20040715,2004-07-15,293.52647814867777,"{""type"":""MultiPoint"",""coordinates"":[]}"
20040716,2004-07-16,294.2123713478655,"{""type"":""MultiPoint"",""coordinates"":[]}"
20040717,2004-07-17,294.1046044641838,"{""type"":""MultiPoint"",""coordinates"":[]}"
20040718,2004-07-18,293.6828179915773,"{""type"":""MultiPoint"",""coordinates"":[]}"
20040719,2004-07-19,293.69961245153485,"{""type"":""MultiPoint"",""coordinates"":[]}"
20040720,2004-07-20,293.5626910522176,"{""type"":""MultiPoint"",""coordinates"":[]}"
20040721,2004-07-21,293.1248416299151,"{""type"":""MultiPoint"",""coordinates"":[]}"
20040722,2004-07-22,292.91643570922037,"{""type"":""MultiPoint"",""coordinates"":[]}"
20040723,2004-07-23,293.2727573630999,"{""type"":""MultiPoint"",""coordinates"":[]}"
20040724,2004-07-24,293.38775681900233,"{""type"":""MultiPoint"",""coordinates"":[]}"
20040725,2004-07-25,294.03432485118606,"{""type"":""MultiPoint"",""coordinates"":[]}"
20040726,2004-07-26,293.92058053094235,"{""type"":""MultiPoint"",""coordinates"":[]}"
20040727,2004-07-27,293.5312041515745,"{""type"":""MultiPoint"",""coordinates"":[]}"
20040728,2004-07-28,293.8108320224012,"{""type"":""MultiPoint"",""coordinates"":[]}"
20040729,2004-07-29,293.7050955188969,"{""type"":""MultiPoint"",""coordinates"":[]}"
20040730,2004-07-30,293.67448715317835,"{""type"":""MultiPoint"",""coordinates"":[]}"
20040731,2004-07-31,293.5382790636932,"{""type"":""MultiPoint"",""coordinates"":[]}"
20040801,2004-08-01,293.4516672535843,"{""type"":""MultiPoint"",""coordinates"":[]}"
20040802,2004-08-02,293.6267721105862,"{""type"":""MultiPoint"",""coordinates"":[]}"
20040803,2004-08-03,294.0874734109845,"{""type"":""MultiPoint"",""coordinates"":[]}"
20040804,2004-08-04,294.19888880856644,"{""type"":""MultiPoint"",""coordinates"":[]}"
20040805,2004-08-05,293.970164557084,"{""type"":""MultiPoint"",""coordinates"":[]}"
20040806,2004-08-06,293.62835493848803,"{""type"":""MultiPoint"",""coordinates"":[]}"
20040807,2004-08-07,293.4997386936701,"{""type"":""MultiPoint"",""coordinates"":[]}"
20040808,2004-08-08,293.31884026921085,"{""type"":""MultiPoint"",""coordinates"":[]}"
20040809,2004-08-09,293.2798588100081,"{""type"":""MultiPoint"",""coordinates"":[]}"
20040810,2004-08-10,293.1683119469887,"{""type"":""MultiPoint"",""coordinates"":[]}"
20040811,2004-08-11,293.3907179277214,"{""type"":""MultiPoint"",""coordinates"":[]}"
20040812,2004-08-12,293.50414977760596,"{""type"":""MultiPoint"",""coordinates"":[]}"
20040813,2004-08-13,293.4291280776073,"{""type"":""MultiPoint"",""coordinates"":[]}"
20040814,2004-08-14,293.255136117518,"{""type"":""MultiPoint"",""coordinates"":[]}"
20040815,2004-08-15,293.14472386738913,"{""type"":""MultiPoint"",""coordinates"":[]}"
20040816,2004-08-16,293.18762609894986,"{""type"":""MultiPoint"",""coordinates"":[]}"
20040817,2004-08-17,293.38601582758395,"{""type"":""MultiPoint"",""coordinates"":[]}"
20040818,2004-08-18,293.2718909408416,"{""type"":""MultiPoint"",""coordinates"":[]}"
20040819,2004-08-19,292.8717493516313,"{""type"":""MultiPoint"",""coordinates"":[]}"
20040820,2004-08-20,293.09887509190355,"{""type"":""MultiPoint"",""coordinates"":[]}"
20040821,2004-08-21,293.19197652093646,"{""type"":""MultiPoint"",""coordinates"":[]}"
20040822,2004-08-22,293.2448648093259,"{""type"":""MultiPoint"",""coordinates"":[]}"
20040823,2004-08-23,293.2361081632656,"{""type"":""MultiPoint"",""coordinates"":[]}"
20040824,2004-08-24,293.2109021315729,"{""type"":""MultiPoint"",""coordinates"":[]}"
20040825,2004-08-25,292.9346119841263,"{""type"":""MultiPoint"",""coordinates"":[]}"
20040826,2004-08-26,292.8303718446944,"{""type"":""MultiPoint"",""coordinates"":[]}"
20040827,2004-08-27,292.59612704104296,"{""type"":""MultiPoint"",""coordinates"":[]}"
20040828,2004-08-28,292.29569073735576,"{""type"":""MultiPoint"",""coordinates"":[]}"
20040829,2004-08-29,292.4920232140291,"{""type"":""MultiPoint"",""coordinates"":[]}"
20040830,2004-08-30,292.2253379744791,"{""type"":""MultiPoint"",""coordinates"":[]}"
20040831,2004-08-31,292.3328847476417,"{""type"":""MultiPoint"",""coordinates"":[]}"
20040901,2004-09-01,292.2249821663578,"{""type"":""MultiPoint"",""coordinates"":[]}"
20040902,2004-09-02,291.92067014086484,"{""type"":""MultiPoint"",""coordinates"":[]}"
20040903,2004-09-03,292.339039816667,"{""type"":""MultiPoint"",""coordinates"":[]}"
20040904,2004-09-04,292.1819051707565,"{""type"":""MultiPoint"",""coordinates"":[]}"
20040905,2004-09-05,291.5762654574642,"{""type"":""MultiPoint"",""coordinates"":[]}"
20040906,2004-09-06,293.3014297384569,"{""type"":""MultiPoint"",""coordinates"":[]}"
20040907,2004-09-07,294.07120899238737,"{""type"":""MultiPoint"",""coordinates"":[]}"
20040908,2004-09-08,293.9190917528355,"{""type"":""MultiPoint"",""coordinates"":[]}"
20040909,2004-09-09,294.4482000912926,"{""type"":""MultiPoint"",""coordinates"":[]}"
20040910,2004-09-10,293.1438952188147,"{""type"":""MultiPoint"",""coordinates"":[]}"
20040911,2004-09-11,292.73619480965647,"{""type"":""MultiPoint"",""coordinates"":[]}"
20040912,2004-09-12,293.2185172377314,"{""type"":""MultiPoint"",""coordinates"":[]}"
20040913,2004-09-13,293.4417456238328,"{""type"":""MultiPoint"",""coordinates"":[]}"
20040914,2004-09-14,292.5866647401839,"{""type"":""MultiPoint"",""coordinates"":[]}"
20040915,2004-09-15,292.7689932184762,"{""type"":""MultiPoint"",""coordinates"":[]}"
20040916,2004-09-16,293.18989335683375,"{""type"":""MultiPoint"",""coordinates"":[]}"
20040917,2004-09-17,292.51526022797117,"{""type"":""MultiPoint"",""coordinates"":[]}"
20040918,2004-09-18,293.3984782759108,"{""type"":""MultiPoint"",""coordinates"":[]}"
20040919,2004-09-19,294.3063973128549,"{""type"":""MultiPoint"",""coordinates"":[]}"
20040920,2004-09-20,294.49395000432196,"{""type"":""MultiPoint"",""coordinates"":[]}"
20040921,2004-09-21,294.8588390827461,"{""type"":""MultiPoint"",""coordinates"":[]}"
20040922,2004-09-22,293.9919212412655,"{""type"":""MultiPoint"",""coordinates"":[]}"
20040923,2004-09-23,293.6975275787966,"{""type"":""MultiPoint"",""coordinates"":[]}"
20040924,2004-09-24,294.27613964706177,"{""type"":""MultiPoint"",""coordinates"":[]}"
20040925,2004-09-25,294.0628552310766,"{""type"":""MultiPoint"",""coordinates"":[]}"
20040926,2004-09-26,294.1039974313222,"{""type"":""MultiPoint"",""coordinates"":[]}"
20040927,2004-09-27,294.35675397992304,"{""type"":""MultiPoint"",""coordinates"":[]}"
20040928,2004-09-28,294.31026438716,"{""type"":""MultiPoint"",""coordinates"":[]}"
20040929,2004-09-29,294.09396432176635,"{""type"":""MultiPoint"",""coordinates"":[]}"
20040930,2004-09-30,294.03743775540335,"{""type"":""MultiPoint"",""coordinates"":[]}"
20041001,2004-10-01,293.89504667937,"{""type"":""MultiPoint"",""coordinates"":[]}"
20041002,2004-10-02,294.15653774946753,"{""type"":""MultiPoint"",""coordinates"":[]}"
20041003,2004-10-03,293.96076268442613,"{""type"":""MultiPoint"",""coordinates"":[]}"
20041004,2004-10-04,293.6877497873289,"{""type"":""MultiPoint"",""coordinates"":[]}"
20041005,2004-10-05,293.4788723960782,"{""type"":""MultiPoint"",""coordinates"":[]}"
20041006,2004-10-06,293.5847454614397,"{""type"":""MultiPoint"",""coordinates"":[]}"
20041007,2004-10-07,293.3692572861265,"{""type"":""MultiPoint"",""coordinates"":[]}"
20041008,2004-10-08,293.19639982435757,"{""type"":""MultiPoint"",""coordinates"":[]}"
20041009,2004-10-09,292.9862343042404,"{""type"":""MultiPoint"",""coordinates"":[]}"
20041010,2004-10-10,292.54937909715,"{""type"":""MultiPoint"",""coordinates"":[]}"
20041011,2004-10-11,293.42204547599306,"{""type"":""MultiPoint"",""coordinates"":[]}"
20041012,2004-10-12,292.815728001292,"{""type"":""MultiPoint"",""coordinates"":[]}"
20041013,2004-10-13,293.01803972381276,"{""type"":""MultiPoint"",""coordinates"":[]}"
20041014,2004-10-14,290.49927548732296,"{""type"":""MultiPoint"",""coordinates"":[]}"
20041015,2004-10-15,287.6429970071744,"{""type"":""MultiPoint"",""coordinates"":[]}"
20041016,2004-10-16,285.97043861428,"{""type"":""MultiPoint"",""coordinates"":[]}"
20041017,2004-10-17,286.2034761626506,"{""type"":""MultiPoint"",""coordinates"":[]}"
20041018,2004-10-18,286.1180566236498,"{""type"":""MultiPoint"",""coordinates"":[]}"
20041019,2004-10-19,284.7501567428574,"{""type"":""MultiPoint"",""coordinates"":[]}"
20041020,2004-10-20,284.16016308881694,"{""type"":""MultiPoint"",""coordinates"":[]}"
20041021,2004-10-21,284.13247438781775,"{""type"":""MultiPoint"",""coordinates"":[]}"
20041022,2004-10-22,285.8031438228961,"{""type"":""MultiPoint"",""coordinates"":[]}"
20041023,2004-10-23,287.7322728873856,"{""type"":""MultiPoint"",""coordinates"":[]}"
20041024,2004-10-24,288.8067334547217,"{""type"":""MultiPoint"",""coordinates"":[]}"
20041025,2004-10-25,286.4302577153834,"{""type"":""MultiPoint"",""coordinates"":[]}"
20041026,2004-10-26,285.3157299647708,"{""type"":""MultiPoint"",""coordinates"":[]}"
20041027,2004-10-27,285.83950684364856,"{""type"":""MultiPoint"",""coordinates"":[]}"
20041028,2004-10-28,287.39456330503964,"{""type"":""MultiPoint"",""coordinates"":[]}"
20041029,2004-10-29,287.29530152897485,"{""type"":""MultiPoint"",""coordinates"":[]}"
20041030,2004-10-30,286.7797168679115,"{""type"":""MultiPoint"",""coordinates"":[]}"
20041031,2004-10-31,289.3568449941856,"{""type"":""MultiPoint"",""coordinates"":[]}"
20041101,2004-11-01,290.27811981783157,"{""type"":""MultiPoint"",""coordinates"":[]}"
20041102,2004-11-02,290.79069816272903,"{""type"":""MultiPoint"",""coordinates"":[]}"
20041103,2004-11-03,287.4250809514205,"{""type"":""MultiPoint"",""coordinates"":[]}"
20041104,2004-11-04,283.6713130379199,"{""type"":""MultiPoint"",""coordinates"":[]}"
20041105,2004-11-05,284.30227574228894,"{""type"":""MultiPoint"",""coordinates"":[]}"
20041106,2004-11-06,283.7354099918214,"{""type"":""MultiPoint"",""coordinates"":[]}"
20041107,2004-11-07,289.531325255768,"{""type"":""MultiPoint"",""coordinates"":[]}"
20041108,2004-11-08,293.06310323938527,"{""type"":""MultiPoint"",""coordinates"":[]}"
20041109,2004-11-09,293.0489138511407,"{""type"":""MultiPoint"",""coordinates"":[]}"
20041110,2004-11-10,293.0168761032525,"{""type"":""MultiPoint"",""coordinates"":[]}"
20041111,2004-11-11,292.7017820359523,"{""type"":""MultiPoint"",""coordinates"":[]}"
20041112,2004-11-12,292.57786277939016,"{""type"":""MultiPoint"",""coordinates"":[]}"
20041113,2004-11-13,291.16521572900945,"{""type"":""MultiPoint"",""coordinates"":[]}"
20041114,2004-11-14,290.1976838911572,"{""type"":""MultiPoint"",""coordinates"":[]}"
20041115,2004-11-15,290.41196854309294,"{""type"":""MultiPoint"",""coordinates"":[]}"
20041116,2004-11-16,289.44030797708535,"{""type"":""MultiPoint"",""coordinates"":[]}"
20041117,2004-11-17,287.76581165181125,"{""type"":""MultiPoint"",""coordinates"":[]}"
20041118,2004-11-18,287.22095481473804,"{""type"":""MultiPoint"",""coordinates"":[]}"
20041119,2004-11-19,286.1422799089964,"{""type"":""MultiPoint"",""coordinates"":[]}"
20041120,2004-11-20,283.9537559704598,"{""type"":""MultiPoint"",""coordinates"":[]}"
20041121,2004-11-21,283.08220797743087,"{""type"":""MultiPoint"",""coordinates"":[]}"
20041122,2004-11-22,281.69094779751833,"{""type"":""MultiPoint"",""coordinates"":[]}"
20041123,2004-11-23,281.7830545904027,"{""type"":""MultiPoint"",""coordinates"":[]}"
20041124,2004-11-24,281.9642030134409,"{""type"":""MultiPoint"",""coordinates"":[]}"
20041125,2004-11-25,282.1684626870579,"{""type"":""MultiPoint"",""coordinates"":[]}"
20041126,2004-11-26,282.7300886496627,"{""type"":""MultiPoint"",""coordinates"":[]}"
20041127,2004-11-27,281.3702923049232,"{""type"":""MultiPoint"",""coordinates"":[]}"
20041128,2004-11-28,281.5558065659932,"{""type"":""MultiPoint"",""coordinates"":[]}"
20041129,2004-11-29,282.21781288480855,"{""type"":""MultiPoint"",""coordinates"":[]}"
20041130,2004-11-30,282.033048824895,"{""type"":""MultiPoint"",""coordinates"":[]}"
20041201,2004-12-01,281.73468940486123,"{""type"":""MultiPoint"",""coordinates"":[]}"
20041202,2004-12-02,281.72245514760516,"{""type"":""MultiPoint"",""coordinates"":[]}"
20041203,2004-12-03,280.6580023792584,"{""type"":""MultiPoint"",""coordinates"":[]}"
20041204,2004-12-04,280.7514789286328,"{""type"":""MultiPoint"",""coordinates"":[]}"
20041205,2004-12-05,280.2889154332031,"{""type"":""MultiPoint"",""coordinates"":[]}"
20041206,2004-12-06,280.4992843483887,"{""type"":""MultiPoint"",""coordinates"":[]}"
20041207,2004-12-07,281.5117293986314,"{""type"":""MultiPoint"",""coordinates"":[]}"
20041208,2004-12-08,281.35343221138146,"{""type"":""MultiPoint"",""coordinates"":[]}"
20041209,2004-12-09,281.18175595539674,"{""type"":""MultiPoint"",""coordinates"":[]}"
20041210,2004-12-10,279.67576568085883,"{""type"":""MultiPoint"",""coordinates"":[]}"
20041211,2004-12-11,279.37813138770053,"{""type"":""MultiPoint"",""coordinates"":[]}"
20041212,2004-12-12,281.70685018344034,"{""type"":""MultiPoint"",""coordinates"":[]}"
20041213,2004-12-13,282.570091826011,"{""type"":""MultiPoint"",""coordinates"":[]}"
20041214,2004-12-14,281.8459857562661,"{""type"":""MultiPoint"",""coordinates"":[]}"
20041215,2004-12-15,282.1650332189223,"{""type"":""MultiPoint"",""coordinates"":[]}"
20041216,2004-12-16,281.65622072548854,"{""type"":""MultiPoint"",""coordinates"":[]}"
20041217,2004-12-17,280.2148744344379,"{""type"":""MultiPoint"",""coordinates"":[]}"
20041218,2004-12-18,279.9157024825435,"{""type"":""MultiPoint"",""coordinates"":[]}"
20041219,2004-12-19,280.2612344584098,"{""type"":""MultiPoint"",""coordinates"":[]}"
20041220,2004-12-20,282.3797331501476,"{""type"":""MultiPoint"",""coordinates"":[]}"
20041221,2004-12-21,283.96726703873304,"{""type"":""MultiPoint"",""coordinates"":[]}"
20041222,2004-12-22,285.1436345368592,"{""type"":""MultiPoint"",""coordinates"":[]}"
20041223,2004-12-23,283.5768498370935,"{""type"":""MultiPoint"",""coordinates"":[]}"
20041224,2004-12-24,283.6231522883697,"{""type"":""MultiPoint"",""coordinates"":[]}"
20041225,2004-12-25,283.9640565312547,"{""type"":""MultiPoint"",""coordinates"":[]}"
20041226,2004-12-26,284.39803994495895,"{""type"":""MultiPoint"",""coordinates"":[]}"
20041227,2004-12-27,284.7312268876734,"{""type"":""MultiPoint"",""coordinates"":[]}"
20041228,2004-12-28,285.0612822332584,"{""type"":""MultiPoint"",""coordinates"":[]}"
20041229,2004-12-29,285.10635791455803,"{""type"":""MultiPoint"",""coordinates"":[]}"
20041230,2004-12-30,284.7771847642027,"{""type"":""MultiPoint"",""coordinates"":[]}"
20041231,2004-12-31,288.0743182919925,"{""type"":""MultiPoint"",""coordinates"":[]}"
20050101,2005-01-01,287.90115871320046,"{""type"":""MultiPoint"",""coordinates"":[]}"
20050102,2005-01-02,286.9222938548971,"{""type"":""MultiPoint"",""coordinates"":[]}"
20050103,2005-01-03,287.0415429588471,"{""type"":""MultiPoint"",""coordinates"":[]}"
20050104,2005-01-04,285.38181545618386,"{""type"":""MultiPoint"",""coordinates"":[]}"
20050105,2005-01-05,284.88781715785245,"{""type"":""MultiPoint"",""coordinates"":[]}"
20050106,2005-01-06,284.52041382700554,"{""type"":""MultiPoint"",""coordinates"":[]}"
20050107,2005-01-07,283.59076390404755,"{""type"":""MultiPoint"",""coordinates"":[]}"
20050108,2005-01-08,283.2626942517735,"{""type"":""MultiPoint"",""coordinates"":[]}"
20050109,2005-01-09,282.7071593032599,"{""type"":""MultiPoint"",""coordinates"":[]}"
20050110,2005-01-10,279.50483088134416,"{""type"":""MultiPoint"",""coordinates"":[]}"
20050111,2005-01-11,280.2005793567145,"{""type"":""MultiPoint"",""coordinates"":[]}"
20050112,2005-01-12,280.34066498706926,"{""type"":""MultiPoint"",""coordinates"":[]}"
20050113,2005-01-13,279.70779670973576,"{""type"":""MultiPoint"",""coordinates"":[]}"
20050114,2005-01-14,280.06178729609104,"{""type"":""MultiPoint"",""coordinates"":[]}"
20050115,2005-01-15,282.2840303052934,"{""type"":""MultiPoint"",""coordinates"":[]}"
20050116,2005-01-16,281.8397491711983,"{""type"":""MultiPoint"",""coordinates"":[]}"
20050117,2005-01-17,279.1208894854775,"{""type"":""MultiPoint"",""coordinates"":[]}"
20050118,2005-01-18,275.38015942151384,"{""type"":""MultiPoint"",""coordinates"":[]}"
20050119,2005-01-19,277.51618371310514,"{""type"":""MultiPoint"",""coordinates"":[]}"
20050120,2005-01-20,281.0383664897529,"{""type"":""MultiPoint"",""coordinates"":[]}"
20050121,2005-01-21,284.5548407644534,"{""type"":""MultiPoint"",""coordinates"":[]}"
20050122,2005-01-22,284.01611379600524,"{""type"":""MultiPoint"",""coordinates"":[]}"
20050123,2005-01-23,280.58020278113406,"{""type"":""MultiPoint"",""coordinates"":[]}"
20050124,2005-01-24,282.8580963748771,"{""type"":""MultiPoint"",""coordinates"":[]}"
20050125,2005-01-25,285.82724179835105,"{""type"":""MultiPoint"",""coordinates"":[]}"
20050126,2005-01-26,285.11899643115333,"{""type"":""MultiPoint"",""coordinates"":[]}"
20050127,2005-01-27,283.39791730000417,"{""type"":""MultiPoint"",""coordinates"":[]}"
20050128,2005-01-28,282.9022320286466,"{""type"":""MultiPoint"",""coordinates"":[]}"
20050129,2005-01-29,283.6728094554239,"{""type"":""MultiPoint"",""coordinates"":[]}"
20050130,2005-01-30,282.4734028928914,"{""type"":""MultiPoint"",""coordinates"":[]}"
20050131,2005-01-31,283.07236742081545,"{""type"":""MultiPoint"",""coordinates"":[]}"
20050201,2005-02-01,283.17150054397376,"{""type"":""MultiPoint"",""coordinates"":[]}"
20050202,2005-02-02,283.0184143529405,"{""type"":""MultiPoint"",""coordinates"":[]}"
20050203,2005-02-03,283.898483887315,"{""type"":""MultiPoint"",""coordinates"":[]}"
20050204,2005-02-04,284.82732265066596,"{""type"":""MultiPoint"",""coordinates"":[]}"
20050205,2005-02-05,284.8685775123992,"{""type"":""MultiPoint"",""coordinates"":[]}"
20050206,2005-02-06,285.82201202778697,"{""type"":""MultiPoint"",""coordinates"":[]}"
20050207,2005-02-07,285.97621997600095,"{""type"":""MultiPoint"",""coordinates"":[]}"
20050208,2005-02-08,284.39573930737924,"{""type"":""MultiPoint"",""coordinates"":[]}"
20050209,2005-02-09,278.9687217538784,"{""type"":""MultiPoint"",""coordinates"":[]}"
20050210,2005-02-10,279.64426027436855,"{""type"":""MultiPoint"",""coordinates"":[]}"
20050211,2005-02-11,282.147841852956,"{""type"":""MultiPoint"",""coordinates"":[]}"
20050212,2005-02-12,282.56953267017866,"{""type"":""MultiPoint"",""coordinates"":[]}"
20050213,2005-02-13,280.140555203479,"{""type"":""MultiPoint"",""coordinates"":[]}"
20050214,2005-02-14,279.24240707916636,"{""type"":""MultiPoint"",""coordinates"":[]}"
20050215,2005-02-15,279.44494372449225,"{""type"":""MultiPoint"",""coordinates"":[]}"
20050216,2005-02-16,286.2073619961773,"{""type"":""MultiPoint"",""coordinates"":[]}"
20050217,2005-02-17,285.1847553293697,"{""type"":""MultiPoint"",""coordinates"":[]}"
20050218,2005-02-18,285.34301551943497,"{""type"":""MultiPoint"",""coordinates"":[]}"
20050219,2005-02-19,281.01309739852246,"{""type"":""MultiPoint"",""coordinates"":[]}"
20050220,2005-02-20,277.38678775005155,"{""type"":""MultiPoint"",""coordinates"":[]}"
20050221,2005-02-21,276.3884601571627,"{""type"":""MultiPoint"",""coordinates"":[]}"
20050222,2005-02-22,277.0743847400782,"{""type"":""MultiPoint"",""coordinates"":[]}"
20050223,2005-02-23,281.41592150170186,"{""type"":""MultiPoint"",""coordinates"":[]}"
20050224,2005-02-24,282.1558050958682,"{""type"":""MultiPoint"",""coordinates"":[]}"
20050225,2005-02-25,283.95367583167365,"{""type"":""MultiPoint"",""coordinates"":[]}"
20050226,2005-02-26,285.00027420701895,"{""type"":""MultiPoint"",""coordinates"":[]}"
20050227,2005-02-27,286.1151731577125,"{""type"":""MultiPoint"",""coordinates"":[]}"
20050228,2005-02-28,286.60159771060376,"{""type"":""MultiPoint"",""coordinates"":[]}"
20050301,2005-03-01,286.4878181561857,"{""type"":""MultiPoint"",""coordinates"":[]}"
20050302,2005-03-02,285.5809398205274,"{""type"":""MultiPoint"",""coordinates"":[]}"
20050303,2005-03-03,283.65676180493716,"{""type"":""MultiPoint"",""coordinates"":[]}"
20050304,2005-03-04,286.1607148092393,"{""type"":""MultiPoint"",""coordinates"":[]}"
20050305,2005-03-05,283.5381817405562,"{""type"":""MultiPoint"",""coordinates"":[]}"
20050306,2005-03-06,283.92389671638284,"{""type"":""MultiPoint"",""coordinates"":[]}"
20050307,2005-03-07,286.1626805361384,"{""type"":""MultiPoint"",""coordinates"":[]}"
20050308,2005-03-08,288.2139128437928,"{""type"":""MultiPoint"",""coordinates"":[]}"
20050309,2005-03-09,286.89784846555676,"{""type"":""MultiPoint"",""coordinates"":[]}"
20050310,2005-03-10,281.7475394035764,"{""type"":""MultiPoint"",""coordinates"":[]}"
20050311,2005-03-11,281.4844903271925,"{""type"":""MultiPoint"",""coordinates"":[]}"
20050312,2005-03-12,279.82064614073744,"{""type"":""MultiPoint"",""coordinates"":[]}"
20050313,2005-03-13,278.3948858011175,"{""type"":""MultiPoint"",""coordinates"":[]}"
20050314,2005-03-14,277.0766279021737,"{""type"":""MultiPoint"",""coordinates"":[]}"
20050315,2005-03-15,278.44345449250943,"{""type"":""MultiPoint"",""coordinates"":[]}"
20050316,2005-03-16,277.22455567609876,"{""type"":""MultiPoint"",""coordinates"":[]}"
20050317,2005-03-17,280.6262747586983,"{""type"":""MultiPoint"",""coordinates"":[]}"
20050318,2005-03-18,281.5573176216691,"{""type"":""MultiPoint"",""coordinates"":[]}"
20050319,2005-03-19,284.28047276463025,"{""type"":""MultiPoint"",""coordinates"":[]}"
20050320,2005-03-20,285.6683866616882,"{""type"":""MultiPoint"",""coordinates"":[]}"
20050321,2005-03-21,282.07743939535493,"{""type"":""MultiPoint"",""coordinates"":[]}"
20050322,2005-03-22,283.11128398362297,"{""type"":""MultiPoint"",""coordinates"":[]}"
20050323,2005-03-23,280.63254886025834,"{""type"":""MultiPoint"",""coordinates"":[]}"
20050324,2005-03-24,281.9404824885413,"{""type"":""MultiPoint"",""coordinates"":[]}"
20050325,2005-03-25,280.8581365039978,"{""type"":""MultiPoint"",""coordinates"":[]}"
20050326,2005-03-26,279.83908500046874,"{""type"":""MultiPoint"",""coordinates"":[]}"
20050327,2005-03-27,280.2385437479492,"{""type"":""MultiPoint"",""coordinates"":[]}"
20050328,2005-03-28,278.0741272505405,"{""type"":""MultiPoint"",""coordinates"":[]}"
20050329,2005-03-29,284.48107635161455,"{""type"":""MultiPoint"",""coordinates"":[]}"
20050330,2005-03-30,283.5388488590169,"{""type"":""MultiPoint"",""coordinates"":[]}"
20050331,2005-03-31,277.86430290748876,"{""type"":""MultiPoint"",""coordinates"":[]}"
20050401,2005-04-01,280.99796949152403,"{""type"":""MultiPoint"",""coordinates"":[]}"
20050402,2005-04-02,282.50441141241396,"{""type"":""MultiPoint"",""coordinates"":[]}"
20050403,2005-04-03,283.1243731067393,"{""type"":""MultiPoint"",""coordinates"":[]}"
20050404,2005-04-04,283.68396232043773,"{""type"":""MultiPoint"",""coordinates"":[]}"
20050405,2005-04-05,282.8668918542021,"{""type"":""MultiPoint"",""coordinates"":[]}"
20050406,2005-04-06,287.19927192067104,"{""type"":""MultiPoint"",""coordinates"":[]}"
20050407,2005-04-07,289.1117635079923,"{""type"":""MultiPoint"",""coordinates"":[]}"
20050408,2005-04-08,285.05845753924564,"{""type"":""MultiPoint"",""coordinates"":[]}"
20050409,2005-04-09,279.93845889750014,"{""type"":""MultiPoint"",""coordinates"":[]}"
20050410,2005-04-10,276.84384768224015,"{""type"":""MultiPoint"",""coordinates"":[]}"
20050411,2005-04-11,275.2685149697475,"{""type"":""MultiPoint"",""coordinates"":[]}"
20050412,2005-04-12,283.8026761559095,"{""type"":""MultiPoint"",""coordinates"":[]}"
20050413,2005-04-13,289.7734758582198,"{""type"":""MultiPoint"",""coordinates"":[]}"
20050414,2005-04-14,291.93007457635065,"{""type"":""MultiPoint"",""coordinates"":[]}"
20050415,2005-04-15,288.8769025012225,"{""type"":""MultiPoint"",""coordinates"":[]}"
20050416,2005-04-16,287.19498484958694,"{""type"":""MultiPoint"",""coordinates"":[]}"
20050417,2005-04-17,286.9743760878946,"{""type"":""MultiPoint"",""coordinates"":[]}"
20050418,2005-04-18,283.4603563452437,"{""type"":""MultiPoint"",""coordinates"":[]}"
20050419,2005-04-19,277.9911336546528,"{""type"":""MultiPoint"",""coordinates"":[]}"
20050420,2005-04-20,281.74191255892754,"{""type"":""MultiPoint"",""coordinates"":[]}"
20050421,2005-04-21,287.1840113530506,"{""type"":""MultiPoint"",""coordinates"":[]}"
20050422,2005-04-22,288.26455764330353,"{""type"":""MultiPoint"",""coordinates"":[]}"
20050423,2005-04-23,291.26799237855505,"{""type"":""MultiPoint"",""coordinates"":[]}"
20050424,2005-04-24,290.13239000335557,"{""type"":""MultiPoint"",""coordinates"":[]}"
20050425,2005-04-25,289.57706699237883,"{""type"":""MultiPoint"",""coordinates"":[]}"
20050426,2005-04-26,287.42297083751674,"{""type"":""MultiPoint"",""coordinates"":[]}"
20050427,2005-04-27,287.2616687467956,"{""type"":""MultiPoint"",""coordinates"":[]}"
20050428,2005-04-28,286.7941401767578,"{""type"":""MultiPoint"",""coordinates"":[]}"
20050429,2005-04-29,283.5185069023535,"{""type"":""MultiPoint"",""coordinates"":[]}"
20050430,2005-04-30,285.31049849376205,"{""type"":""MultiPoint"",""coordinates"":[]}"
20050501,2005-05-01,288.3951983276518,"{""type"":""MultiPoint"",""coordinates"":[]}"
20050502,2005-05-02,289.61232200277124,"{""type"":""MultiPoint"",""coordinates"":[]}"
20050503,2005-05-03,290.71342622237364,"{""type"":""MultiPoint"",""coordinates"":[]}"
20050504,2005-05-04,292.0207611976557,"{""type"":""MultiPoint"",""coordinates"":[]}"
20050505,2005-05-05,290.45987698649947,"{""type"":""MultiPoint"",""coordinates"":[]}"
20050506,2005-05-06,290.453769078287,"{""type"":""MultiPoint"",""coordinates"":[]}"
20050507,2005-05-07,290.3884924028768,"{""type"":""MultiPoint"",""coordinates"":[]}"
20050508,2005-05-08,290.16112415871663,"{""type"":""MultiPoint"",""coordinates"":[]}"
20050509,2005-05-09,290.2648562764049,"{""type"":""MultiPoint"",""coordinates"":[]}"
20050510,2005-05-10,291.03189134035136,"{""type"":""MultiPoint"",""coordinates"":[]}"
20050511,2005-05-11,290.33936343951166,"{""type"":""MultiPoint"",""coordinates"":[]}"
20050512,2005-05-12,288.2969015805933,"{""type"":""MultiPoint"",""coordinates"":[]}"
20050513,2005-05-13,284.96717893840446,"{""type"":""MultiPoint"",""coordinates"":[]}"
20050514,2005-05-14,283.3993812648827,"{""type"":""MultiPoint"",""coordinates"":[]}"
20050515,2005-05-15,286.4403511023543,"{""type"":""MultiPoint"",""coordinates"":[]}"
20050516,2005-05-16,288.38532076384837,"{""type"":""MultiPoint"",""coordinates"":[]}"
20050517,2005-05-17,288.913063982687,"{""type"":""MultiPoint"",""coordinates"":[]}"
20050518,2005-05-18,288.8882168810777,"{""type"":""MultiPoint"",""coordinates"":[]}"
20050519,2005-05-19,290.0167217016392,"{""type"":""MultiPoint"",""coordinates"":[]}"
20050520,2005-05-20,289.860998940642,"{""type"":""MultiPoint"",""coordinates"":[]}"
20050521,2005-05-21,291.1407944270505,"{""type"":""MultiPoint"",""coordinates"":[]}"
20050522,2005-05-22,290.2150034352124,"{""type"":""MultiPoint"",""coordinates"":[]}"
20050523,2005-05-23,290.0982369703935,"{""type"":""MultiPoint"",""coordinates"":[]}"
20050524,2005-05-24,291.56571705486874,"{""type"":""MultiPoint"",""coordinates"":[]}"
20050525,2005-05-25,290.7868265223899,"{""type"":""MultiPoint"",""coordinates"":[]}"
20050526,2005-05-26,289.7954110700164,"{""type"":""MultiPoint"",""coordinates"":[]}"
20050527,2005-05-27,290.55858796714097,"{""type"":""MultiPoint"",""coordinates"":[]}"
20050528,2005-05-28,291.34790693167173,"{""type"":""MultiPoint"",""coordinates"":[]}"
20050529,2005-05-29,292.2634823209903,"{""type"":""MultiPoint"",""coordinates"":[]}"
20050530,2005-05-30,291.8721921185157,"{""type"":""MultiPoint"",""coordinates"":[]}"
20050531,2005-05-31,293.0210411700156,"{""type"":""MultiPoint"",""coordinates"":[]}"
20050601,2005-06-01,293.85585738782777,"{""type"":""MultiPoint"",""coordinates"":[]}"
20050602,2005-06-02,293.1825860955729,"{""type"":""MultiPoint"",""coordinates"":[]}"
20050603,2005-06-03,292.36248243572743,"{""type"":""MultiPoint"",""coordinates"":[]}"
20050604,2005-06-04,292.23996205883094,"{""type"":""MultiPoint"",""coordinates"":[]}"
20050605,2005-06-05,291.6502160400433,"{""type"":""MultiPoint"",""coordinates"":[]}"
20050606,2005-06-06,290.99168259396845,"{""type"":""MultiPoint"",""coordinates"":[]}"
20050607,2005-06-07,292.20267355010765,"{""type"":""MultiPoint"",""coordinates"":[]}"
20050608,2005-06-08,292.0526299574664,"{""type"":""MultiPoint"",""coordinates"":[]}"
20050609,2005-06-09,292.23229760062526,"{""type"":""MultiPoint"",""coordinates"":[]}"
20050610,2005-06-10,293.05368182538933,"{""type"":""MultiPoint"",""coordinates"":[]}"
20050611,2005-06-11,292.38505052937825,"{""type"":""MultiPoint"",""coordinates"":[]}"
20050612,2005-06-12,293.8609855155781,"{""type"":""MultiPoint"",""coordinates"":[]}"
20050613,2005-06-13,294.4431994278436,"{""type"":""MultiPoint"",""coordinates"":[]}"
20050614,2005-06-14,293.9752566825717,"{""type"":""MultiPoint"",""coordinates"":[]}"
20050615,2005-06-15,294.560272853247,"{""type"":""MultiPoint"",""coordinates"":[]}"
20050616,2005-06-16,294.06718450692773,"{""type"":""MultiPoint"",""coordinates"":[]}"
20050617,2005-06-17,294.33965147181664,"{""type"":""MultiPoint"",""coordinates"":[]}"
20050618,2005-06-18,294.6950057125682,"{""type"":""MultiPoint"",""coordinates"":[]}"
20050619,2005-06-19,293.9400664914192,"{""type"":""MultiPoint"",""coordinates"":[]}"
20050620,2005-06-20,294.3493226375957,"{""type"":""MultiPoint"",""coordinates"":[]}"
20050621,2005-06-21,294.30309740641854,"{""type"":""MultiPoint"",""coordinates"":[]}"
20050622,2005-06-22,294.0728882883711,"{""type"":""MultiPoint"",""coordinates"":[]}"
20050623,2005-06-23,294.44961196726905,"{""type"":""MultiPoint"",""coordinates"":[]}"
20050624,2005-06-24,294.6048793930362,"{""type"":""MultiPoint"",""coordinates"":[]}"
20050625,2005-06-25,294.4531342992122,"{""type"":""MultiPoint"",""coordinates"":[]}"
20050626,2005-06-26,294.1411067561862,"{""type"":""MultiPoint"",""coordinates"":[]}"
20050627,2005-06-27,294.51002907745317,"{""type"":""MultiPoint"",""coordinates"":[]}"
20050628,2005-06-28,294.4621624489992,"{""type"":""MultiPoint"",""coordinates"":[]}"
20050629,2005-06-29,294.614553488302,"{""type"":""MultiPoint"",""coordinates"":[]}"
20050630,2005-06-30,294.37267958513144,"{""type"":""MultiPoint"",""coordinates"":[]}"
20050701,2005-07-01,294.15484943029736,"{""type"":""MultiPoint"",""coordinates"":[]}"
20050702,2005-07-02,294.0114672925385,"{""type"":""MultiPoint"",""coordinates"":[]}"
20050703,2005-07-03,294.059566049323,"{""type"":""MultiPoint"",""coordinates"":[]}"
20050704,2005-07-04,294.25178076058086,"{""type"":""MultiPoint"",""coordinates"":[]}"
20050705,2005-07-05,294.38377907329107,"{""type"":""MultiPoint"",""coordinates"":[]}"
20050706,2005-07-06,294.50047650142454,"{""type"":""MultiPoint"",""coordinates"":[]}"
20050707,2005-07-07,294.4360066542906,"{""type"":""MultiPoint"",""coordinates"":[]}"
20050708,2005-07-08,294.0823177581611,"{""type"":""MultiPoint"",""coordinates"":[]}"
20050709,2005-07-09,294.057269447688,"{""type"":""MultiPoint"",""coordinates"":[]}"
20050710,2005-07-10,294.3804596655943,"{""type"":""MultiPoint"",""coordinates"":[]}"
20050711,2005-07-11,294.2503941466758,"{""type"":""MultiPoint"",""coordinates"":[]}"
20050712,2005-07-12,294.3246120035813,"{""type"":""MultiPoint"",""coordinates"":[]}"
20050713,2005-07-13,294.14202181442596,"{""type"":""MultiPoint"",""coordinates"":[]}"
20050714,2005-07-14,293.8479240624563,"{""type"":""MultiPoint"",""coordinates"":[]}"
20050715,2005-07-15,293.97635328649307,"{""type"":""MultiPoint"",""coordinates"":[]}"
20050716,2005-07-16,294.2866328941382,"{""type"":""MultiPoint"",""coordinates"":[]}"
20050717,2005-07-17,294.58575433607984,"{""type"":""MultiPoint"",""coordinates"":[]}"
20050718,2005-07-18,294.8743960003347,"{""type"":""MultiPoint"",""coordinates"":[]}"
20050719,2005-07-19,294.939908831114,"{""type"":""MultiPoint"",""coordinates"":[]}"
20050720,2005-07-20,294.72411174347894,"{""type"":""MultiPoint"",""coordinates"":[]}"
20050721,2005-07-21,294.39809747051146,"{""type"":""MultiPoint"",""coordinates"":[]}"
20050722,2005-07-22,294.1622402326744,"{""type"":""MultiPoint"",""coordinates"":[]}"
20050723,2005-07-23,294.1261373944915,"{""type"":""MultiPoint"",""coordinates"":[]}"
20050724,2005-07-24,294.13372965451066,"{""type"":""MultiPoint"",""coordinates"":[]}"
20050725,2005-07-25,294.2162280361238,"{""type"":""MultiPoint"",""coordinates"":[]}"
20050726,2005-07-26,294.3592242814827,"{""type"":""MultiPoint"",""coordinates"":[]}"
20050727,2005-07-27,294.2872417633805,"{""type"":""MultiPoint"",""coordinates"":[]}"
20050728,2005-07-28,293.74826274185494,"{""type"":""MultiPoint"",""coordinates"":[]}"
20050729,2005-07-29,293.6243735288611,"{""type"":""MultiPoint"",""coordinates"":[]}"
20050730,2005-07-30,294.0900471375918,"{""type"":""MultiPoint"",""coordinates"":[]}"
20050731,2005-07-31,293.8789535587935,"{""type"":""MultiPoint"",""coordinates"":[]}"
20050801,2005-08-01,293.55984322213857,"{""type"":""MultiPoint"",""coordinates"":[]}"
20050802,2005-08-02,293.7874748852046,"{""type"":""MultiPoint"",""coordinates"":[]}"
20050803,2005-08-03,293.68034713055954,"{""type"":""MultiPoint"",""coordinates"":[]}"
20050804,2005-08-04,293.6147112165737,"{""type"":""MultiPoint"",""coordinates"":[]}"
20050805,2005-08-05,293.91249936357843,"{""type"":""MultiPoint"",""coordinates"":[]}"
20050806,2005-08-06,293.58642262814845,"{""type"":""MultiPoint"",""coordinates"":[]}"
20050807,2005-08-07,293.4605532032801,"{""type"":""MultiPoint"",""coordinates"":[]}"
20050808,2005-08-08,293.8352699339246,"{""type"":""MultiPoint"",""coordinates"":[]}"
20050809,2005-08-09,293.5458388571262,"{""type"":""MultiPoint"",""coordinates"":[]}"
20050810,2005-08-10,293.52830209632975,"{""type"":""MultiPoint"",""coordinates"":[]}"
20050811,2005-08-11,293.58127130322225,"{""type"":""MultiPoint"",""coordinates"":[]}"
20050812,2005-08-12,293.75523263086694,"{""type"":""MultiPoint"",""coordinates"":[]}"
20050813,2005-08-13,294.01425925743706,"{""type"":""MultiPoint"",""coordinates"":[]}"
20050814,2005-08-14,294.0499898214607,"{""type"":""MultiPoint"",""coordinates"":[]}"
20050815,2005-08-15,293.84074271278837,"{""type"":""MultiPoint"",""coordinates"":[]}"
20050816,2005-08-16,293.71850847122494,"{""type"":""MultiPoint"",""coordinates"":[]}"
20050817,2005-08-17,293.63744102249797,"{""type"":""MultiPoint"",""coordinates"":[]}"
20050818,2005-08-18,293.6239996318525,"{""type"":""MultiPoint"",""coordinates"":[]}"
20050819,2005-08-19,293.5785650369356,"{""type"":""MultiPoint"",""coordinates"":[]}"
20050820,2005-08-20,293.46466760482275,"{""type"":""MultiPoint"",""coordinates"":[]}"
20050821,2005-08-21,293.32356510698855,"{""type"":""MultiPoint"",""coordinates"":[]}"
20050822,2005-08-22,293.24410855083414,"{""type"":""MultiPoint"",""coordinates"":[]}"
20050823,2005-08-23,292.82731938588444,"{""type"":""MultiPoint"",""coordinates"":[]}"
20050824,2005-08-24,293.10008855664427,"{""type"":""MultiPoint"",""coordinates"":[]}"
20050825,2005-08-25,293.00449103167495,"{""type"":""MultiPoint"",""coordinates"":[]}"
20050826,2005-08-26,293.14614133863876,"{""type"":""MultiPoint"",""coordinates"":[]}"
20050827,2005-08-27,293.6702940834807,"{""type"":""MultiPoint"",""coordinates"":[]}"
20050828,2005-08-28,293.4431096138602,"{""type"":""MultiPoint"",""coordinates"":[]}"
20050829,2005-08-29,293.34920858393855,"{""type"":""MultiPoint"",""coordinates"":[]}"
20050830,2005-08-30,294.06926082930886,"{""type"":""MultiPoint"",""coordinates"":[]}"
20050831,2005-08-31,294.3107642301565,"{""type"":""MultiPoint"",""coordinates"":[]}"
20050901,2005-09-01,294.5127274659601,"{""type"":""MultiPoint"",""coordinates"":[]}"
20050902,2005-09-02,295.142908101846,"{""type"":""MultiPoint"",""coordinates"":[]}"
20050903,2005-09-03,295.46564804228456,"{""type"":""MultiPoint"",""coordinates"":[]}"
20050904,2005-09-04,295.0990422740353,"{""type"":""MultiPoint"",""coordinates"":[]}"
20050905,2005-09-05,295.0631559653081,"{""type"":""MultiPoint"",""coordinates"":[]}"
20050906,2005-09-06,295.12206853161325,"{""type"":""MultiPoint"",""coordinates"":[]}"
20050907,2005-09-07,295.2492565487666,"{""type"":""MultiPoint"",""coordinates"":[]}"
20050908,2005-09-08,295.02203828581503,"{""type"":""MultiPoint"",""coordinates"":[]}"
20050909,2005-09-09,294.9059472129765,"{""type"":""MultiPoint"",""coordinates"":[]}"
20050910,2005-09-10,294.07264505208315,"{""type"":""MultiPoint"",""coordinates"":[]}"
20050911,2005-09-11,293.8999192586266,"{""type"":""MultiPoint"",""coordinates"":[]}"
20050912,2005-09-12,294.14459169914534,"{""type"":""MultiPoint"",""coordinates"":[]}"
20050913,2005-09-13,294.04337050374585,"{""type"":""MultiPoint"",""coordinates"":[]}"
20050914,2005-09-14,293.77286566925187,"{""type"":""MultiPoint"",""coordinates"":[]}"
20050915,2005-09-15,293.3694963198235,"{""type"":""MultiPoint"",""coordinates"":[]}"
20050916,2005-09-16,293.3232767659726,"{""type"":""MultiPoint"",""coordinates"":[]}"
20050917,2005-09-17,292.9364455753924,"{""type"":""MultiPoint"",""coordinates"":[]}"
20050918,2005-09-18,292.8537296559629,"{""type"":""MultiPoint"",""coordinates"":[]}"
20050919,2005-09-19,293.0614826298224,"{""type"":""MultiPoint"",""coordinates"":[]}"
20050920,2005-09-20,293.939343118303,"{""type"":""MultiPoint"",""coordinates"":[]}"
20050921,2005-09-21,294.9119943260665,"{""type"":""MultiPoint"",""coordinates"":[]}"
20050922,2005-09-22,295.1645365453882,"{""type"":""MultiPoint"",""coordinates"":[]}"
20050923,2005-09-23,294.03392711080176,"{""type"":""MultiPoint"",""coordinates"":[]}"
20050924,2005-09-24,293.08533813204014,"{""type"":""MultiPoint"",""coordinates"":[]}"
20050925,2005-09-25,293.0630578734999,"{""type"":""MultiPoint"",""coordinates"":[]}"
20050926,2005-09-26,292.54471699705414,"{""type"":""MultiPoint"",""coordinates"":[]}"
20050927,2005-09-27,291.89781743901995,"{""type"":""MultiPoint"",""coordinates"":[]}"
20050928,2005-09-28,292.54954596773257,"{""type"":""MultiPoint"",""coordinates"":[]}"
20050929,2005-09-29,293.1597321012904,"{""type"":""MultiPoint"",""coordinates"":[]}"
20050930,2005-09-30,293.41836289987936,"{""type"":""MultiPoint"",""coordinates"":[]}"
20051001,2005-10-01,293.3129447366766,"{""type"":""MultiPoint"",""coordinates"":[]}"
20051002,2005-10-02,293.7187189401576,"{""type"":""MultiPoint"",""coordinates"":[]}"
20051003,2005-10-03,293.69201427102814,"{""type"":""MultiPoint"",""coordinates"":[]}"
20051004,2005-10-04,293.4628613664767,"{""type"":""MultiPoint"",""coordinates"":[]}"
20051005,2005-10-05,293.1275996697339,"{""type"":""MultiPoint"",""coordinates"":[]}"
20051006,2005-10-06,291.0104306551227,"{""type"":""MultiPoint"",""coordinates"":[]}"
20051007,2005-10-07,290.20675460096436,"{""type"":""MultiPoint"",""coordinates"":[]}"
20051008,2005-10-08,289.621749293313,"{""type"":""MultiPoint"",""coordinates"":[]}"
20051009,2005-10-09,288.7083236227876,"{""type"":""MultiPoint"",""coordinates"":[]}"
20051010,2005-10-10,288.3824094149504,"{""type"":""MultiPoint"",""coordinates"":[]}"
20051011,2005-10-11,289.7011609618492,"{""type"":""MultiPoint"",""coordinates"":[]}"
20051012,2005-10-12,291.8832028694339,"{""type"":""MultiPoint"",""coordinates"":[]}"
20051013,2005-10-13,292.10414089599726,"{""type"":""MultiPoint"",""coordinates"":[]}"
20051014,2005-10-14,293.52643557036293,"{""type"":""MultiPoint"",""coordinates"":[]}"
20051015,2005-10-15,293.89014581617056,"{""type"":""MultiPoint"",""coordinates"":[]}"
20051016,2005-10-16,294.182652056303,"{""type"":""MultiPoint"",""coordinates"":[]}"
20051017,2005-10-17,294.05167511181395,"{""type"":""MultiPoint"",""coordinates"":[]}"
20051018,2005-10-18,293.99454854192976,"{""type"":""MultiPoint"",""coordinates"":[]}"
20051019,2005-10-19,291.57760944904396,"{""type"":""MultiPoint"",""coordinates"":[]}"
20051020,2005-10-20,289.28034695583716,"{""type"":""MultiPoint"",""coordinates"":[]}"
20051021,2005-10-21,287.24689257587414,"{""type"":""MultiPoint"",""coordinates"":[]}"
20051022,2005-10-22,286.81269598715164,"{""type"":""MultiPoint"",""coordinates"":[]}"
20051023,2005-10-23,286.76006964609326,"{""type"":""MultiPoint"",""coordinates"":[]}"
20051024,2005-10-24,287.14577125901957,"{""type"":""MultiPoint"",""coordinates"":[]}"
20051025,2005-10-25,289.8155796862369,"{""type"":""MultiPoint"",""coordinates"":[]}"
20051026,2005-10-26,292.90067427172124,"{""type"":""MultiPoint"",""coordinates"":[]}"
20051027,2005-10-27,290.08901276404697,"{""type"":""MultiPoint"",""coordinates"":[]}"
20051028,2005-10-28,286.57271804010367,"{""type"":""MultiPoint"",""coordinates"":[]}"
20051029,2005-10-29,284.2194537666555,"{""type"":""MultiPoint"",""coordinates"":[]}"
20051030,2005-10-30,284.47062159509545,"{""type"":""MultiPoint"",""coordinates"":[]}"
20051031,2005-10-31,284.62193870078636,"{""type"":""MultiPoint"",""coordinates"":[]}"
20051101,2005-11-01,285.95546027563705,"{""type"":""MultiPoint"",""coordinates"":[]}"
20051102,2005-11-02,287.6042057328395,"{""type"":""MultiPoint"",""coordinates"":[]}"
20051103,2005-11-03,285.86577567062403,"{""type"":""MultiPoint"",""coordinates"":[]}"
20051104,2005-11-04,283.84083021828053,"{""type"":""MultiPoint"",""coordinates"":[]}"
20051105,2005-11-05,283.2949256606269,"{""type"":""MultiPoint"",""coordinates"":[]}"
20051106,2005-11-06,285.9758760426116,"{""type"":""MultiPoint"",""coordinates"":[]}"
20051107,2005-11-07,283.90371363840666,"{""type"":""MultiPoint"",""coordinates"":[]}"
20051108,2005-11-08,281.7645544720923,"{""type"":""MultiPoint"",""coordinates"":[]}"
20051109,2005-11-09,280.310493760114,"{""type"":""MultiPoint"",""coordinates"":[]}"
20051110,2005-11-10,280.28791931260815,"{""type"":""MultiPoint"",""coordinates"":[]}"
20051111,2005-11-11,281.0271081178113,"{""type"":""MultiPoint"",""coordinates"":[]}"
20051112,2005-11-12,281.2691049844098,"{""type"":""MultiPoint"",""coordinates"":[]}"
20051113,2005-11-13,281.2965582783465,"{""type"":""MultiPoint"",""coordinates"":[]}"
20051114,2005-11-14,281.25070516584566,"{""type"":""MultiPoint"",""coordinates"":[]}"
20051115,2005-11-15,281.9501773623478,"{""type"":""MultiPoint"",""coordinates"":[]}"
20051116,2005-11-16,281.2612445680839,"{""type"":""MultiPoint"",""coordinates"":[]}"
20051117,2005-11-17,281.6485276618484,"{""type"":""MultiPoint"",""coordinates"":[]}"
20051118,2005-11-18,282.02891428745954,"{""type"":""MultiPoint"",""coordinates"":[]}"
20051119,2005-11-19,281.82398514406583,"{""type"":""MultiPoint"",""coordinates"":[]}"
20051120,2005-11-20,281.08381528736106,"{""type"":""MultiPoint"",""coordinates"":[]}"
20051121,2005-11-21,280.5920053687839,"{""type"":""MultiPoint"",""coordinates"":[]}"
20051122,2005-11-22,280.10791022775686,"{""type"":""MultiPoint"",""coordinates"":[]}"
20051123,2005-11-23,281.5257696149087,"{""type"":""MultiPoint"",""coordinates"":[]}"
20051124,2005-11-24,284.6922087341976,"{""type"":""MultiPoint"",""coordinates"":[]}"
20051125,2005-11-25,285.9621671636282,"{""type"":""MultiPoint"",""coordinates"":[]}"
20051126,2005-11-26,283.23596308626435,"{""type"":""MultiPoint"",""coordinates"":[]}"
20051127,2005-11-27,284.71744249598004,"{""type"":""MultiPoint"",""coordinates"":[]}"
20051128,2005-11-28,284.130131129833,"{""type"":""MultiPoint"",""coordinates"":[]}"
20051129,2005-11-29,283.246030246572,"{""type"":""MultiPoint"",""coordinates"":[]}"
20051130,2005-11-30,284.3897482107793,"{""type"":""MultiPoint"",""coordinates"":[]}"
20051201,2005-12-01,284.3545289018324,"{""type"":""MultiPoint"",""coordinates"":[]}"
20051202,2005-12-02,284.81536348108244,"{""type"":""MultiPoint"",""coordinates"":[]}"
20051203,2005-12-03,287.77012652552776,"{""type"":""MultiPoint"",""coordinates"":[]}"
20051204,2005-12-04,288.4245739595795,"{""type"":""MultiPoint"",""coordinates"":[]}"
20051205,2005-12-05,287.73153182399005,"{""type"":""MultiPoint"",""coordinates"":[]}"
20051206,2005-12-06,286.6825582907978,"{""type"":""MultiPoint"",""coordinates"":[]}"
20051207,2005-12-07,284.5615465834194,"{""type"":""MultiPoint"",""coordinates"":[]}"
20051208,2005-12-08,283.626443886201,"{""type"":""MultiPoint"",""coordinates"":[]}"
20051209,2005-12-09,281.4563167292683,"{""type"":""MultiPoint"",""coordinates"":[]}"
20051210,2005-12-10,281.53153302523685,"{""type"":""MultiPoint"",""coordinates"":[]}"
20051211,2005-12-11,281.572160076015,"{""type"":""MultiPoint"",""coordinates"":[]}"
20051212,2005-12-12,282.3638246348303,"{""type"":""MultiPoint"",""coordinates"":[]}"
20051213,2005-12-13,281.7343733517234,"{""type"":""MultiPoint"",""coordinates"":[]}"
20051214,2005-12-14,280.02044316246656,"{""type"":""MultiPoint"",""coordinates"":[]}"
20051215,2005-12-15,279.90125475964174,"{""type"":""MultiPoint"",""coordinates"":[]}"
20051216,2005-12-16,280.5496315828562,"{""type"":""MultiPoint"",""coordinates"":[]}"
20051217,2005-12-17,279.18590795980964,"{""type"":""MultiPoint"",""coordinates"":[]}"
20051218,2005-12-18,279.2227839129076,"{""type"":""MultiPoint"",""coordinates"":[]}"
20051219,2005-12-19,280.2188883562801,"{""type"":""MultiPoint"",""coordinates"":[]}"
20051220,2005-12-20,281.2031268116472,"{""type"":""MultiPoint"",""coordinates"":[]}"
20051221,2005-12-21,281.09154453539867,"{""type"":""MultiPoint"",""coordinates"":[]}"
20051222,2005-12-22,281.467259179574,"{""type"":""MultiPoint"",""coordinates"":[]}"
20051223,2005-12-23,281.20838607003685,"{""type"":""MultiPoint"",""coordinates"":[]}"
20051224,2005-12-24,283.48425650499803,"{""type"":""MultiPoint"",""coordinates"":[]}"
20051225,2005-12-25,282.9278716652383,"{""type"":""MultiPoint"",""coordinates"":[]}"
20051226,2005-12-26,281.87113907689644,"{""type"":""MultiPoint"",""coordinates"":[]}"
20051227,2005-12-27,279.94543426300726,"{""type"":""MultiPoint"",""coordinates"":[]}"
20051228,2005-12-28,279.39531423290595,"{""type"":""MultiPoint"",""coordinates"":[]}"
20051229,2005-12-29,279.6688185032005,"{""type"":""MultiPoint"",""coordinates"":[]}"
20051230,2005-12-30,280.384898519482,"{""type"":""MultiPoint"",""coordinates"":[]}"
20051231,2005-12-31,280.94044894970295,"{""type"":""MultiPoint"",""coordinates"":[]}"
20060101,2006-01-01,282.3963607410108,"{""type"":""MultiPoint"",""coordinates"":[]}"
20060102,2006-01-02,284.12960009441707,"{""type"":""MultiPoint"",""coordinates"":[]}"
20060103,2006-01-03,284.7360113796243,"{""type"":""MultiPoint"",""coordinates"":[]}"
20060104,2006-01-04,283.38137638481555,"{""type"":""MultiPoint"",""coordinates"":[]}"
20060105,2006-01-05,280.84319031235304,"{""type"":""MultiPoint"",""coordinates"":[]}"
20060106,2006-01-06,281.2966521394673,"{""type"":""MultiPoint"",""coordinates"":[]}"
20060107,2006-01-07,282.132152656969,"{""type"":""MultiPoint"",""coordinates"":[]}"
20060108,2006-01-08,284.067012325294,"{""type"":""MultiPoint"",""coordinates"":[]}"
20060109,2006-01-09,284.8669950067214,"{""type"":""MultiPoint"",""coordinates"":[]}"
20060110,2006-01-10,284.7045964134261,"{""type"":""MultiPoint"",""coordinates"":[]}"
20060111,2006-01-11,283.1674089982113,"{""type"":""MultiPoint"",""coordinates"":[]}"
20060112,2006-01-12,281.48085100436754,"{""type"":""MultiPoint"",""coordinates"":[]}"
20060113,2006-01-13,281.98380353245335,"{""type"":""MultiPoint"",""coordinates"":[]}"
20060114,2006-01-14,283.58403708025287,"{""type"":""MultiPoint"",""coordinates"":[]}"
20060115,2006-01-15,284.2425055726175,"{""type"":""MultiPoint"",""coordinates"":[]}"
20060116,2006-01-16,284.9774305295432,"{""type"":""MultiPoint"",""coordinates"":[]}"
20060117,2006-01-17,285.32505781372134,"{""type"":""MultiPoint"",""coordinates"":[]}"
20060118,2006-01-18,284.7451278696213,"{""type"":""MultiPoint"",""coordinates"":[]}"
20060119,2006-01-19,284.1606803096603,"{""type"":""MultiPoint"",""coordinates"":[]}"
20060120,2006-01-20,283.0607099432593,"{""type"":""MultiPoint"",""coordinates"":[]}"
20060121,2006-01-21,282.3677995466025,"{""type"":""MultiPoint"",""coordinates"":[]}"
20060122,2006-01-22,280.53759930604303,"{""type"":""MultiPoint"",""coordinates"":[]}"
20060123,2006-01-23,277.57796162822325,"{""type"":""MultiPoint"",""coordinates"":[]}"
20060124,2006-01-24,275.1340360632669,"{""type"":""MultiPoint"",""coordinates"":[]}"
20060125,2006-01-25,275.026313673269,"{""type"":""MultiPoint"",""coordinates"":[]}"
20060126,2006-01-26,273.1433915123279,"{""type"":""MultiPoint"",""coordinates"":[]}"
20060127,2006-01-27,273.12378720625577,"{""type"":""MultiPoint"",""coordinates"":[]}"
20060128,2006-01-28,274.4751738715803,"{""type"":""MultiPoint"",""coordinates"":[]}"
20060129,2006-01-29,275.22590874134517,"{""type"":""MultiPoint"",""coordinates"":[]}"
20060130,2006-01-30,278.35891972197,"{""type"":""MultiPoint"",""coordinates"":[]}"
20060131,2006-01-31,279.53844157139775,"{""type"":""MultiPoint"",""coordinates"":[]}"
20060201,2006-02-01,281.0432062052241,"{""type"":""MultiPoint"",""coordinates"":[]}"
20060202,2006-02-02,280.6674745262409,"{""type"":""MultiPoint"",""coordinates"":[]}"
20060203,2006-02-03,280.00255441541776,"{""type"":""MultiPoint"",""coordinates"":[]}"
20060204,2006-02-04,279.86236083939906,"{""type"":""MultiPoint"",""coordinates"":[]}"
20060205,2006-02-05,276.95066828214453,"{""type"":""MultiPoint"",""coordinates"":[]}"
20060206,2006-02-06,276.5254980269255,"{""type"":""MultiPoint"",""coordinates"":[]}"
20060207,2006-02-07,277.0469709800718,"{""type"":""MultiPoint"",""coordinates"":[]}"
20060208,2006-02-08,278.0120311590589,"{""type"":""MultiPoint"",""coordinates"":[]}"
20060209,2006-02-09,279.6042250603628,"{""type"":""MultiPoint"",""coordinates"":[]}"
20060210,2006-02-10,279.9045911606642,"{""type"":""MultiPoint"",""coordinates"":[]}"
20060211,2006-02-11,279.0939092777074,"{""type"":""MultiPoint"",""coordinates"":[]}"
20060212,2006-02-12,279.72264924498376,"{""type"":""MultiPoint"",""coordinates"":[]}"
20060213,2006-02-13,280.6234905773044,"{""type"":""MultiPoint"",""coordinates"":[]}"
20060214,2006-02-14,282.1195203454358,"{""type"":""MultiPoint"",""coordinates"":[]}"
20060215,2006-02-15,282.5596076582181,"{""type"":""MultiPoint"",""coordinates"":[]}"
20060216,2006-02-16,280.79185084831033,"{""type"":""MultiPoint"",""coordinates"":[]}"
20060217,2006-02-17,279.784559625977,"{""type"":""MultiPoint"",""coordinates"":[]}"
20060218,2006-02-18,277.5736440531315,"{""type"":""MultiPoint"",""coordinates"":[]}"
20060219,2006-02-19,279.30965226573016,"{""type"":""MultiPoint"",""coordinates"":[]}"
20060220,2006-02-20,281.0562631287207,"{""type"":""MultiPoint"",""coordinates"":[]}"
20060221,2006-02-21,282.09349583593706,"{""type"":""MultiPoint"",""coordinates"":[]}"
20060222,2006-02-22,285.5988418230993,"{""type"":""MultiPoint"",""coordinates"":[]}"
20060223,2006-02-23,282.6620166709584,"{""type"":""MultiPoint"",""coordinates"":[]}"
20060224,2006-02-24,280.59162167715857,"{""type"":""MultiPoint"",""coordinates"":[]}"
20060225,2006-02-25,283.34794164916207,"{""type"":""MultiPoint"",""coordinates"":[]}"
20060226,2006-02-26,285.8430134924133,"{""type"":""MultiPoint"",""coordinates"":[]}"
20060227,2006-02-27,285.74964116885144,"{""type"":""MultiPoint"",""coordinates"":[]}"
20060228,2006-02-28,285.1526553857092,"{""type"":""MultiPoint"",""coordinates"":[]}"
20060301,2006-03-01,286.86257575065446,"{""type"":""MultiPoint"",""coordinates"":[]}"
20060302,2006-03-02,285.5619641516482,"{""type"":""MultiPoint"",""coordinates"":[]}"
20060303,2006-03-03,285.76630195397087,"{""type"":""MultiPoint"",""coordinates"":[]}"
20060304,2006-03-04,280.1559009322118,"{""type"":""MultiPoint"",""coordinates"":[]}"
20060305,2006-03-05,274.86658335921464,"{""type"":""MultiPoint"",""coordinates"":[]}"
20060306,2006-03-06,277.2653016922774,"{""type"":""MultiPoint"",""coordinates"":[]}"
20060307,2006-03-07,282.3694155541361,"{""type"":""MultiPoint"",""coordinates"":[]}"
20060308,2006-03-08,281.24238876669364,"{""type"":""MultiPoint"",""coordinates"":[]}"
20060309,2006-03-09,286.1486162259733,"{""type"":""MultiPoint"",""coordinates"":[]}"
20060310,2006-03-10,285.3617996715785,"{""type"":""MultiPoint"",""coordinates"":[]}"
20060311,2006-03-11,286.02858777974035,"{""type"":""MultiPoint"",""coordinates"":[]}"
20060312,2006-03-12,285.53402427549634,"{""type"":""MultiPoint"",""coordinates"":[]}"
20060313,2006-03-13,285.5809245501899,"{""type"":""MultiPoint"",""coordinates"":[]}"
20060314,2006-03-14,286.2905263702478,"{""type"":""MultiPoint"",""coordinates"":[]}"
20060315,2006-03-15,286.16658506889314,"{""type"":""MultiPoint"",""coordinates"":[]}"
20060316,2006-03-16,285.5667098496306,"{""type"":""MultiPoint"",""coordinates"":[]}"
20060317,2006-03-17,285.13105738546807,"{""type"":""MultiPoint"",""coordinates"":[]}"
20060318,2006-03-18,285.8770728043876,"{""type"":""MultiPoint"",""coordinates"":[]}"
20060319,2006-03-19,286.1698365512745,"{""type"":""MultiPoint"",""coordinates"":[]}"
20060320,2006-03-20,285.0133695663693,"{""type"":""MultiPoint"",""coordinates"":[]}"
20060321,2006-03-21,283.2830162600668,"{""type"":""MultiPoint"",""coordinates"":[]}"
20060322,2006-03-22,278.6493938096208,"{""type"":""MultiPoint"",""coordinates"":[]}"
20060323,2006-03-23,279.2055655155522,"{""type"":""MultiPoint"",""coordinates"":[]}"
20060324,2006-03-24,282.01418379411535,"{""type"":""MultiPoint"",""coordinates"":[]}"
20060325,2006-03-25,281.79004542151364,"{""type"":""MultiPoint"",""coordinates"":[]}"
20060326,2006-03-26,280.10431586534327,"{""type"":""MultiPoint"",""coordinates"":[]}"
20060327,2006-03-27,277.8478419839606,"{""type"":""MultiPoint"",""coordinates"":[]}"
20060328,2006-03-28,278.76718061358054,"{""type"":""MultiPoint"",""coordinates"":[]}"
20060329,2006-03-29,279.4756205184479,"{""type"":""MultiPoint"",""coordinates"":[]}"
20060330,2006-03-30,285.3160629740096,"{""type"":""MultiPoint"",""coordinates"":[]}"
20060331,2006-03-31,286.4856530620672,"{""type"":""MultiPoint"",""coordinates"":[]}"
20060401,2006-04-01,282.28502468739345,"{""type"":""MultiPoint"",""coordinates"":[]}"
20060402,2006-04-02,280.95017018844817,"{""type"":""MultiPoint"",""coordinates"":[]}"
20060403,2006-04-03,281.364688529078,"{""type"":""MultiPoint"",""coordinates"":[]}"
20060404,2006-04-04,282.2257486547115,"{""type"":""MultiPoint"",""coordinates"":[]}"
20060405,2006-04-05,283.6745553301344,"{""type"":""MultiPoint"",""coordinates"":[]}"
20060406,2006-04-06,285.29359080250055,"{""type"":""MultiPoint"",""coordinates"":[]}"
20060407,2006-04-07,286.51075734261264,"{""type"":""MultiPoint"",""coordinates"":[]}"
20060408,2006-04-08,283.44333052262635,"{""type"":""MultiPoint"",""coordinates"":[]}"
20060409,2006-04-09,285.2215059403835,"{""type"":""MultiPoint"",""coordinates"":[]}"
20060410,2006-04-10,284.0355964030562,"{""type"":""MultiPoint"",""coordinates"":[]}"
20060411,2006-04-11,285.96220468378175,"{""type"":""MultiPoint"",""coordinates"":[]}"
20060412,2006-04-12,286.20763963825317,"{""type"":""MultiPoint"",""coordinates"":[]}"
20060413,2006-04-13,285.43558941234704,"{""type"":""MultiPoint"",""coordinates"":[]}"
20060414,2006-04-14,285.4288353107872,"{""type"":""MultiPoint"",""coordinates"":[]}"
20060415,2006-04-15,286.29782256899887,"{""type"":""MultiPoint"",""coordinates"":[]}"
20060416,2006-04-16,288.8400026704805,"{""type"":""MultiPoint"",""coordinates"":[]}"
20060417,2006-04-17,285.87166536256933,"{""type"":""MultiPoint"",""coordinates"":[]}"
20060418,2006-04-18,286.9278064970308,"{""type"":""MultiPoint"",""coordinates"":[]}"
20060419,2006-04-19,283.8391080880886,"{""type"":""MultiPoint"",""coordinates"":[]}"
20060420,2006-04-20,286.23653011303315,"{""type"":""MultiPoint"",""coordinates"":[]}"
20060421,2006-04-21,287.3718588905299,"{""type"":""MultiPoint"",""coordinates"":[]}"
20060422,2006-04-22,288.3772010199556,"{""type"":""MultiPoint"",""coordinates"":[]}"
20060423,2006-04-23,288.185713917048,"{""type"":""MultiPoint"",""coordinates"":[]}"
20060424,2006-04-24,286.60214642394374,"{""type"":""MultiPoint"",""coordinates"":[]}"
20060425,2006-04-25,287.51270044968436,"{""type"":""MultiPoint"",""coordinates"":[]}"
20060426,2006-04-26,288.31430691940386,"{""type"":""MultiPoint"",""coordinates"":[]}"
20060427,2006-04-27,287.8330292776651,"{""type"":""MultiPoint"",""coordinates"":[]}"
20060428,2006-04-28,286.7600550591942,"{""type"":""MultiPoint"",""coordinates"":[]}"
20060429,2006-04-29,288.31017633862024,"{""type"":""MultiPoint"",""coordinates"":[]}"
20060430,2006-04-30,289.5397352182795,"{""type"":""MultiPoint"",""coordinates"":[]}"
20060501,2006-05-01,289.5799837129742,"{""type"":""MultiPoint"",""coordinates"":[]}"
20060502,2006-05-02,288.79278188594543,"{""type"":""MultiPoint"",""coordinates"":[]}"
20060503,2006-05-03,288.6886925850385,"{""type"":""MultiPoint"",""coordinates"":[]}"
20060504,2006-05-04,287.58745077282805,"{""type"":""MultiPoint"",""coordinates"":[]}"
20060505,2006-05-05,290.14271534243716,"{""type"":""MultiPoint"",""coordinates"":[]}"
20060506,2006-05-06,290.1627708904679,"{""type"":""MultiPoint"",""coordinates"":[]}"
20060507,2006-05-07,289.0410534424467,"{""type"":""MultiPoint"",""coordinates"":[]}"
20060508,2006-05-08,288.777018163752,"{""type"":""MultiPoint"",""coordinates"":[]}"
20060509,2006-05-09,288.95537930009374,"{""type"":""MultiPoint"",""coordinates"":[]}"
20060510,2006-05-10,289.50410893210477,"{""type"":""MultiPoint"",""coordinates"":[]}"
20060511,2006-05-11,286.68405183972334,"{""type"":""MultiPoint"",""coordinates"":[]}"
20060512,2006-05-12,286.09861148384124,"{""type"":""MultiPoint"",""coordinates"":[]}"
20060513,2006-05-13,286.9463372521883,"{""type"":""MultiPoint"",""coordinates"":[]}"
20060514,2006-05-14,287.84009960881684,"{""type"":""MultiPoint"",""coordinates"":[]}"
20060515,2006-05-15,289.89407132578253,"{""type"":""MultiPoint"",""coordinates"":[]}"
20060516,2006-05-16,289.0485652977619,"{""type"":""MultiPoint"",""coordinates"":[]}"
20060517,2006-05-17,289.9155178953961,"{""type"":""MultiPoint"",""coordinates"":[]}"
20060518,2006-05-18,290.67006400723767,"{""type"":""MultiPoint"",""coordinates"":[]}"
20060519,2006-05-19,291.173980868382,"{""type"":""MultiPoint"",""coordinates"":[]}"
20060520,2006-05-20,290.3314276215934,"{""type"":""MultiPoint"",""coordinates"":[]}"
20060521,2006-05-21,290.7395220185855,"{""type"":""MultiPoint"",""coordinates"":[]}"
20060522,2006-05-22,292.48168097655434,"{""type"":""MultiPoint"",""coordinates"":[]}"
20060523,2006-05-23,292.77664502537823,"{""type"":""MultiPoint"",""coordinates"":[]}"
20060524,2006-05-24,292.1022662969005,"{""type"":""MultiPoint"",""coordinates"":[]}"
20060525,2006-05-25,293.0811225391328,"{""type"":""MultiPoint"",""coordinates"":[]}"
20060526,2006-05-26,293.06167901660956,"{""type"":""MultiPoint"",""coordinates"":[]}"
20060527,2006-05-27,294.1917480165848,"{""type"":""MultiPoint"",""coordinates"":[]}"
20060528,2006-05-28,294.1852787154651,"{""type"":""MultiPoint"",""coordinates"":[]}"
20060529,2006-05-29,294.55834540632253,"{""type"":""MultiPoint"",""coordinates"":[]}"
20060530,2006-05-30,294.9721804258512,"{""type"":""MultiPoint"",""coordinates"":[]}"
20060531,2006-05-31,294.26535586485556,"{""type"":""MultiPoint"",""coordinates"":[]}"
20060601,2006-06-01,294.21337886756163,"{""type"":""MultiPoint"",""coordinates"":[]}"
20060602,2006-06-02,294.56818597588415,"{""type"":""MultiPoint"",""coordinates"":[]}"
20060603,2006-06-03,294.3184038230268,"{""type"":""MultiPoint"",""coordinates"":[]}"
20060604,2006-06-04,294.46572368426786,"{""type"":""MultiPoint"",""coordinates"":[]}"
20060605,2006-06-05,294.05116151764895,"{""type"":""MultiPoint"",""coordinates"":[]}"
20060606,2006-06-06,293.4679558977188,"{""type"":""MultiPoint"",""coordinates"":[]}"
20060607,2006-06-07,293.3483671396528,"{""type"":""MultiPoint"",""coordinates"":[]}"
20060608,2006-06-08,293.206799004438,"{""type"":""MultiPoint"",""coordinates"":[]}"
20060609,2006-06-09,293.6179609163773,"{""type"":""MultiPoint"",""coordinates"":[]}"
20060610,2006-06-10,293.72096717273035,"{""type"":""MultiPoint"",""coordinates"":[]}"
20060611,2006-06-11,293.68584090417454,"{""type"":""MultiPoint"",""coordinates"":[]}"
20060612,2006-06-12,293.1024119786708,"{""type"":""MultiPoint"",""coordinates"":[]}"
20060613,2006-06-13,292.79096895152907,"{""type"":""MultiPoint"",""coordinates"":[]}"
20060614,2006-06-14,293.3232826217858,"{""type"":""MultiPoint"",""coordinates"":[]}"
20060615,2006-06-15,293.9260669158951,"{""type"":""MultiPoint"",""coordinates"":[]}"
20060616,2006-06-16,293.9564216715465,"{""type"":""MultiPoint"",""coordinates"":[]}"
20060617,2006-06-17,294.1954014720338,"{""type"":""MultiPoint"",""coordinates"":[]}"
20060618,2006-06-18,294.7458467222454,"{""type"":""MultiPoint"",""coordinates"":[]}"
20060619,2006-06-19,295.20582636626847,"{""type"":""MultiPoint"",""coordinates"":[]}"
20060620,2006-06-20,294.64155139692286,"{""type"":""MultiPoint"",""coordinates"":[]}"
20060621,2006-06-21,295.27015984978294,"{""type"":""MultiPoint"",""coordinates"":[]}"
20060622,2006-06-22,295.7169063784602,"{""type"":""MultiPoint"",""coordinates"":[]}"
20060623,2006-06-23,295.59905903219044,"{""type"":""MultiPoint"",""coordinates"":[]}"
20060624,2006-06-24,295.5324994831493,"{""type"":""MultiPoint"",""coordinates"":[]}"
20060625,2006-06-25,295.0325277206619,"{""type"":""MultiPoint"",""coordinates"":[]}"
20060626,2006-06-26,294.9025565925542,"{""type"":""MultiPoint"",""coordinates"":[]}"
20060627,2006-06-27,294.8239412883873,"{""type"":""MultiPoint"",""coordinates"":[]}"
20060628,2006-06-28,294.6193684946332,"{""type"":""MultiPoint"",""coordinates"":[]}"
20060629,2006-06-29,294.5565827650571,"{""type"":""MultiPoint"",""coordinates"":[]}"
20060630,2006-06-30,294.5063205274405,"{""type"":""MultiPoint"",""coordinates"":[]}"
20060701,2006-07-01,294.6607164809648,"{""type"":""MultiPoint"",""coordinates"":[]}"
20060702,2006-07-02,294.86668425405173,"{""type"":""MultiPoint"",""coordinates"":[]}"
20060703,2006-07-03,293.21674913616636,"{""type"":""MultiPoint"",""coordinates"":[]}"
20060704,2006-07-04,293.30673526546,"{""type"":""MultiPoint"",""coordinates"":[]}"
20060705,2006-07-05,293.18136217534044,"{""type"":""MultiPoint"",""coordinates"":[]}"
20060706,2006-07-06,293.6622620265554,"{""type"":""MultiPoint"",""coordinates"":[]}"
20060707,2006-07-07,294.2405023802305,"{""type"":""MultiPoint"",""coordinates"":[]}"
20060708,2006-07-08,294.1924374558738,"{""type"":""MultiPoint"",""coordinates"":[]}"
20060709,2006-07-09,293.8882098842133,"{""type"":""MultiPoint"",""coordinates"":[]}"
20060710,2006-07-10,293.8937072673232,"{""type"":""MultiPoint"",""coordinates"":[]}"
20060711,2006-07-11,293.91388617480993,"{""type"":""MultiPoint"",""coordinates"":[]}"
20060712,2006-07-12,293.87871386479645,"{""type"":""MultiPoint"",""coordinates"":[]}"
20060713,2006-07-13,294.0004051868338,"{""type"":""MultiPoint"",""coordinates"":[]}"
20060714,2006-07-14,293.75335246876,"{""type"":""MultiPoint"",""coordinates"":[]}"
20060715,2006-07-15,293.84757212778464,"{""type"":""MultiPoint"",""coordinates"":[]}"
20060716,2006-07-16,293.7039538031554,"{""type"":""MultiPoint"",""coordinates"":[]}"
20060717,2006-07-17,293.43700491815673,"{""type"":""MultiPoint"",""coordinates"":[]}"
20060718,2006-07-18,293.4997589328148,"{""type"":""MultiPoint"",""coordinates"":[]}"
20060719,2006-07-19,293.5924930151469,"{""type"":""MultiPoint"",""coordinates"":[]}"
20060720,2006-07-20,293.53978744118507,"{""type"":""MultiPoint"",""coordinates"":[]}"
20060721,2006-07-21,293.62740187057017,"{""type"":""MultiPoint"",""coordinates"":[]}"
20060722,2006-07-22,294.0047872744448,"{""type"":""MultiPoint"",""coordinates"":[]}"
20060723,2006-07-23,293.5224473134782,"{""type"":""MultiPoint"",""coordinates"":[]}"
20060724,2006-07-24,293.5274324030609,"{""type"":""MultiPoint"",""coordinates"":[]}"
20060725,2006-07-25,293.79500450029667,"{""type"":""MultiPoint"",""coordinates"":[]}"
20060726,2006-07-26,293.60401146413966,"{""type"":""MultiPoint"",""coordinates"":[]}"
20060727,2006-07-27,293.2930405092147,"{""type"":""MultiPoint"",""coordinates"":[]}"
20060728,2006-07-28,293.24969537772273,"{""type"":""MultiPoint"",""coordinates"":[]}"
20060729,2006-07-29,293.1978207639901,"{""type"":""MultiPoint"",""coordinates"":[]}"
20060730,2006-07-30,293.63506753260015,"{""type"":""MultiPoint"",""coordinates"":[]}"
20060731,2006-07-31,293.24773885626007,"{""type"":""MultiPoint"",""coordinates"":[]}"
20060801,2006-08-01,293.01253466558404,"{""type"":""MultiPoint"",""coordinates"":[]}"
20060802,2006-08-02,293.20830815098435,"{""type"":""MultiPoint"",""coordinates"":[]}"
20060803,2006-08-03,293.4435064779257,"{""type"":""MultiPoint"",""coordinates"":[]}"
20060804,2006-08-04,293.6417564028646,"{""type"":""MultiPoint"",""coordinates"":[]}"
20060805,2006-08-05,293.83918198298016,"{""type"":""MultiPoint"",""coordinates"":[]}"
20060806,2006-08-06,293.7798801934801,"{""type"":""MultiPoint"",""coordinates"":[]}"
20060807,2006-08-07,293.5100140896725,"{""type"":""MultiPoint"",""coordinates"":[]}"
20060808,2006-08-08,293.5089797137864,"{""type"":""MultiPoint"",""coordinates"":[]}"
20060809,2006-08-09,293.50958711297807,"{""type"":""MultiPoint"",""coordinates"":[]}"
20060810,2006-08-10,293.7517060707552,"{""type"":""MultiPoint"",""coordinates"":[]}"
20060811,2006-08-11,294.1025530786843,"{""type"":""MultiPoint"",""coordinates"":[]}"
20060812,2006-08-12,293.90705006079287,"{""type"":""MultiPoint"",""coordinates"":[]}"
20060813,2006-08-13,293.9597952129151,"{""type"":""MultiPoint"",""coordinates"":[]}"
20060814,2006-08-14,293.66225260145524,"{""type"":""MultiPoint"",""coordinates"":[]}"
20060815,2006-08-15,293.7426097208693,"{""type"":""MultiPoint"",""coordinates"":[]}"
20060816,2006-08-16,293.67646473652417,"{""type"":""MultiPoint"",""coordinates"":[]}"
20060817,2006-08-17,293.65881040816294,"{""type"":""MultiPoint"",""coordinates"":[]}"
20060818,2006-08-18,293.5622114807913,"{""type"":""MultiPoint"",""coordinates"":[]}"
20060819,2006-08-19,293.5809505689258,"{""type"":""MultiPoint"",""coordinates"":[]}"
20060820,2006-08-20,293.71298820396936,"{""type"":""MultiPoint"",""coordinates"":[]}"
20060821,2006-08-21,293.50928647276214,"{""type"":""MultiPoint"",""coordinates"":[]}"
20060822,2006-08-22,293.2580743084131,"{""type"":""MultiPoint"",""coordinates"":[]}"
20060823,2006-08-23,293.37297223241495,"{""type"":""MultiPoint"",""coordinates"":[]}"
20060824,2006-08-24,293.13339085978845,"{""type"":""MultiPoint"",""coordinates"":[]}"
20060825,2006-08-25,293.4806341151548,"{""type"":""MultiPoint"",""coordinates"":[]}"
20060826,2006-08-26,293.1746458582532,"{""type"":""MultiPoint"",""coordinates"":[]}"
20060827,2006-08-27,293.27562814896595,"{""type"":""MultiPoint"",""coordinates"":[]}"
20060828,2006-08-28,293.1980203569881,"{""type"":""MultiPoint"",""coordinates"":[]}"
20060829,2006-08-29,293.0491338042093,"{""type"":""MultiPoint"",""coordinates"":[]}"
20060830,2006-08-30,292.96398553881016,"{""type"":""MultiPoint"",""coordinates"":[]}"
20060831,2006-08-31,292.80096791238464,"{""type"":""MultiPoint"",""coordinates"":[]}"
20060901,2006-09-01,293.20524671948283,"{""type"":""MultiPoint"",""coordinates"":[]}"
20060902,2006-09-02,293.1565499740896,"{""type"":""MultiPoint"",""coordinates"":[]}"
20060903,2006-09-03,292.9535933675307,"{""type"":""MultiPoint"",""coordinates"":[]}"
20060904,2006-09-04,293.1356909596934,"{""type"":""MultiPoint"",""coordinates"":[]}"
20060905,2006-09-05,294.27283205790013,"{""type"":""MultiPoint"",""coordinates"":[]}"
20060906,2006-09-06,294.12876936990824,"{""type"":""MultiPoint"",""coordinates"":[]}"
20060907,2006-09-07,293.7640752756714,"{""type"":""MultiPoint"",""coordinates"":[]}"
20060908,2006-09-08,294.01078796632044,"{""type"":""MultiPoint"",""coordinates"":[]}"
20060909,2006-09-09,294.8831282803291,"{""type"":""MultiPoint"",""coordinates"":[]}"
20060910,2006-09-10,295.3413138502096,"{""type"":""MultiPoint"",""coordinates"":[]}"
20060911,2006-09-11,295.32167969183877,"{""type"":""MultiPoint"",""coordinates"":[]}"
20060912,2006-09-12,295.19387581372087,"{""type"":""MultiPoint"",""coordinates"":[]}"
20060913,2006-09-13,295.0000904908486,"{""type"":""MultiPoint"",""coordinates"":[]}"
20060914,2006-09-14,294.5569779154212,"{""type"":""MultiPoint"",""coordinates"":[]}"
20060915,2006-09-15,294.71522871092003,"{""type"":""MultiPoint"",""coordinates"":[]}"
20060916,2006-09-16,294.48075247929876,"{""type"":""MultiPoint"",""coordinates"":[]}"
20060917,2006-09-17,294.5002316422692,"{""type"":""MultiPoint"",""coordinates"":[]}"
20060918,2006-09-18,294.1473176611862,"{""type"":""MultiPoint"",""coordinates"":[]}"
20060919,2006-09-19,293.607389948802,"{""type"":""MultiPoint"",""coordinates"":[]}"
20060920,2006-09-20,294.3209975353759,"{""type"":""MultiPoint"",""coordinates"":[]}"
20060921,2006-09-21,294.4885149028038,"{""type"":""MultiPoint"",""coordinates"":[]}"
20060922,2006-09-22,294.45471784402355,"{""type"":""MultiPoint"",""coordinates"":[]}"
20060923,2006-09-23,293.9152004255842,"{""type"":""MultiPoint"",""coordinates"":[]}"
20060924,2006-09-24,293.45976739824704,"{""type"":""MultiPoint"",""coordinates"":[]}"
20060925,2006-09-25,293.2734268843029,"{""type"":""MultiPoint"",""coordinates"":[]}"
20060926,2006-09-26,293.4799665121711,"{""type"":""MultiPoint"",""coordinates"":[]}"
20060927,2006-09-27,292.7852729657033,"{""type"":""MultiPoint"",""coordinates"":[]}"
20060928,2006-09-28,293.45361923097863,"{""type"":""MultiPoint"",""coordinates"":[]}"
20060929,2006-09-29,294.47892583334584,"{""type"":""MultiPoint"",""coordinates"":[]}"
20060930,2006-09-30,294.7504663707563,"{""type"":""MultiPoint"",""coordinates"":[]}"
20061001,2006-10-01,294.3491126910382,"{""type"":""MultiPoint"",""coordinates"":[]}"
20061002,2006-10-02,294.60387968424374,"{""type"":""MultiPoint"",""coordinates"":[]}"
20061003,2006-10-03,294.6250948014272,"{""type"":""MultiPoint"",""coordinates"":[]}"
20061004,2006-10-04,294.86103744920933,"{""type"":""MultiPoint"",""coordinates"":[]}"
20061005,2006-10-05,294.89104151113236,"{""type"":""MultiPoint"",""coordinates"":[]}"
20061006,2006-10-06,294.681622563799,"{""type"":""MultiPoint"",""coordinates"":[]}"
20061007,2006-10-07,293.40951224898134,"{""type"":""MultiPoint"",""coordinates"":[]}"
20061008,2006-10-08,294.03521847999275,"{""type"":""MultiPoint"",""coordinates"":[]}"
20061009,2006-10-09,294.2821809955451,"{""type"":""MultiPoint"",""coordinates"":[]}"
20061010,2006-10-10,294.0166957779946,"{""type"":""MultiPoint"",""coordinates"":[]}"
20061011,2006-10-11,293.3677208951115,"{""type"":""MultiPoint"",""coordinates"":[]}"
20061012,2006-10-12,292.44072631236764,"{""type"":""MultiPoint"",""coordinates"":[]}"
20061013,2006-10-13,291.8064341290263,"{""type"":""MultiPoint"",""coordinates"":[]}"
20061014,2006-10-14,291.3149355551391,"{""type"":""MultiPoint"",""coordinates"":[]}"
20061015,2006-10-15,289.8211011633575,"{""type"":""MultiPoint"",""coordinates"":[]}"
20061016,2006-10-16,290.7732444379274,"{""type"":""MultiPoint"",""coordinates"":[]}"
20061017,2006-10-17,291.51556852297284,"{""type"":""MultiPoint"",""coordinates"":[]}"
20061018,2006-10-18,290.76986094477115,"{""type"":""MultiPoint"",""coordinates"":[]}"
20061019,2006-10-19,289.9870216358832,"{""type"":""MultiPoint"",""coordinates"":[]}"
20061020,2006-10-20,289.36475015803416,"{""type"":""MultiPoint"",""coordinates"":[]}"
20061021,2006-10-21,290.4736302197705,"{""type"":""MultiPoint"",""coordinates"":[]}"
20061022,2006-10-22,291.08695581220115,"{""type"":""MultiPoint"",""coordinates"":[]}"
20061023,2006-10-23,291.01732269155815,"{""type"":""MultiPoint"",""coordinates"":[]}"
20061024,2006-10-24,289.250880095968,"{""type"":""MultiPoint"",""coordinates"":[]}"
20061025,2006-10-25,288.9729954917191,"{""type"":""MultiPoint"",""coordinates"":[]}"
20061026,2006-10-26,287.3381080693998,"{""type"":""MultiPoint"",""coordinates"":[]}"
20061027,2006-10-27,286.2793136322103,"{""type"":""MultiPoint"",""coordinates"":[]}"
20061028,2006-10-28,288.6409902211903,"{""type"":""MultiPoint"",""coordinates"":[]}"
20061029,2006-10-29,291.0835914672541,"{""type"":""MultiPoint"",""coordinates"":[]}"
20061030,2006-10-30,291.0899951262494,"{""type"":""MultiPoint"",""coordinates"":[]}"
20061031,2006-10-31,291.6213946669679,"{""type"":""MultiPoint"",""coordinates"":[]}"
20061101,2006-11-01,291.63300579249596,"{""type"":""MultiPoint"",""coordinates"":[]}"
20061102,2006-11-02,291.8155200319099,"{""type"":""MultiPoint"",""coordinates"":[]}"
20061103,2006-11-03,291.8345787433669,"{""type"":""MultiPoint"",""coordinates"":[]}"
20061104,2006-11-04,292.1449729247015,"{""type"":""MultiPoint"",""coordinates"":[]}"
20061105,2006-11-05,292.53112564070216,"{""type"":""MultiPoint"",""coordinates"":[]}"
20061106,2006-11-06,292.2733796766464,"{""type"":""MultiPoint"",""coordinates"":[]}"
20061107,2006-11-07,291.5494444485158,"{""type"":""MultiPoint"",""coordinates"":[]}"
20061108,2006-11-08,290.6460820440481,"{""type"":""MultiPoint"",""coordinates"":[]}"
20061109,2006-11-09,288.7619618599657,"{""type"":""MultiPoint"",""coordinates"":[]}"
20061110,2006-11-10,287.10545926803815,"{""type"":""MultiPoint"",""coordinates"":[]}"
20061111,2006-11-11,287.3863942205531,"{""type"":""MultiPoint"",""coordinates"":[]}"
20061112,2006-11-12,286.8700023323987,"{""type"":""MultiPoint"",""coordinates"":[]}"
20061113,2006-11-13,286.13774998212483,"{""type"":""MultiPoint"",""coordinates"":[]}"
20061114,2006-11-14,286.6350248697143,"{""type"":""MultiPoint"",""coordinates"":[]}"
20061115,2006-11-15,287.71336332550834,"{""type"":""MultiPoint"",""coordinates"":[]}"
20061116,2006-11-16,287.4164072994541,"{""type"":""MultiPoint"",""coordinates"":[]}"
20061117,2006-11-17,286.75506845900145,"{""type"":""MultiPoint"",""coordinates"":[]}"
20061118,2006-11-18,287.04887001106255,"{""type"":""MultiPoint"",""coordinates"":[]}"
20061119,2006-11-19,287.35962049907954,"{""type"":""MultiPoint"",""coordinates"":[]}"
20061120,2006-11-20,287.13611581578374,"{""type"":""MultiPoint"",""coordinates"":[]}"
20061121,2006-11-21,289.4923583423119,"{""type"":""MultiPoint"",""coordinates"":[]}"
20061122,2006-11-22,291.967976358765,"{""type"":""MultiPoint"",""coordinates"":[]}"
20061123,2006-11-23,291.9860816301285,"{""type"":""MultiPoint"",""coordinates"":[]}"
20061124,2006-11-24,291.4186453370375,"{""type"":""MultiPoint"",""coordinates"":[]}"
20061125,2006-11-25,292.31560595744253,"{""type"":""MultiPoint"",""coordinates"":[]}"
20061126,2006-11-26,291.51800250362334,"{""type"":""MultiPoint"",""coordinates"":[]}"
20061127,2006-11-27,290.5383880270871,"{""type"":""MultiPoint"",""coordinates"":[]}"
20061128,2006-11-28,290.4343053313435,"{""type"":""MultiPoint"",""coordinates"":[]}"
20061129,2006-11-29,290.99040747241645,"{""type"":""MultiPoint"",""coordinates"":[]}"
20061130,2006-11-30,290.3524314913596,"{""type"":""MultiPoint"",""coordinates"":[]}"
20061201,2006-12-01,288.6272381361878,"{""type"":""MultiPoint"",""coordinates"":[]}"
20061202,2006-12-02,286.33766811472424,"{""type"":""MultiPoint"",""coordinates"":[]}"
20061203,2006-12-03,285.7084138227869,"{""type"":""MultiPoint"",""coordinates"":[]}"
20061204,2006-12-04,287.6662227327298,"{""type"":""MultiPoint"",""coordinates"":[]}"
20061205,2006-12-05,286.876447624242,"{""type"":""MultiPoint"",""coordinates"":[]}"
20061206,2006-12-06,285.83279455005,"{""type"":""MultiPoint"",""coordinates"":[]}"
20061207,2006-12-07,285.2781708232394,"{""type"":""MultiPoint"",""coordinates"":[]}"
20061208,2006-12-08,285.4991003861084,"{""type"":""MultiPoint"",""coordinates"":[]}"
20061209,2006-12-09,284.69601673957277,"{""type"":""MultiPoint"",""coordinates"":[]}"
20061210,2006-12-10,284.24965355484574,"{""type"":""MultiPoint"",""coordinates"":[]}"
20061211,2006-12-11,283.90032075235763,"{""type"":""MultiPoint"",""coordinates"":[]}"
20061212,2006-12-12,286.6207866415308,"{""type"":""MultiPoint"",""coordinates"":[]}"
20061213,2006-12-13,287.4208874733166,"{""type"":""MultiPoint"",""coordinates"":[]}"
20061214,2006-12-14,286.3875955955738,"{""type"":""MultiPoint"",""coordinates"":[]}"
20061215,2006-12-15,283.7754216433246,"{""type"":""MultiPoint"",""coordinates"":[]}"
20061216,2006-12-16,281.1763700652381,"{""type"":""MultiPoint"",""coordinates"":[]}"
20061217,2006-12-17,279.5937957654643,"{""type"":""MultiPoint"",""coordinates"":[]}"
20061218,2006-12-18,279.81988564087897,"{""type"":""MultiPoint"",""coordinates"":[]}"
20061219,2006-12-19,280.56641147370993,"{""type"":""MultiPoint"",""coordinates"":[]}"
20061220,2006-12-20,281.1190486035909,"{""type"":""MultiPoint"",""coordinates"":[]}"
20061221,2006-12-21,283.39067797954175,"{""type"":""MultiPoint"",""coordinates"":[]}"
20061222,2006-12-22,284.61023949008313,"{""type"":""MultiPoint"",""coordinates"":[]}"
20061223,2006-12-23,285.87756770353116,"{""type"":""MultiPoint"",""coordinates"":[]}"
20061224,2006-12-24,285.88453026220753,"{""type"":""MultiPoint"",""coordinates"":[]}"
20061225,2006-12-25,286.2669227724232,"{""type"":""MultiPoint"",""coordinates"":[]}"
20061226,2006-12-26,286.51764055088677,"{""type"":""MultiPoint"",""coordinates"":[]}"
20061227,2006-12-27,285.72914990560895,"{""type"":""MultiPoint"",""coordinates"":[]}"
20061228,2006-12-28,285.33187601510895,"{""type"":""MultiPoint"",""coordinates"":[]}"
20061229,2006-12-29,284.27458166212733,"{""type"":""MultiPoint"",""coordinates"":[]}"
20061230,2006-12-30,284.5483403899426,"{""type"":""MultiPoint"",""coordinates"":[]}"
20061231,2006-12-31,284.09482305714783,"{""type"":""MultiPoint"",""coordinates"":[]}"
20070101,2007-01-01,283.5368783836213,"{""type"":""MultiPoint"",""coordinates"":[]}"
20070102,2007-01-02,283.29257442137487,"{""type"":""MultiPoint"",""coordinates"":[]}"
20070103,2007-01-03,283.3322770344773,"{""type"":""MultiPoint"",""coordinates"":[]}"
20070104,2007-01-04,283.84414842751266,"{""type"":""MultiPoint"",""coordinates"":[]}"
20070105,2007-01-05,283.61175547674605,"{""type"":""MultiPoint"",""coordinates"":[]}"
20070106,2007-01-06,282.87388577713693,"{""type"":""MultiPoint"",""coordinates"":[]}"
20070107,2007-01-07,284.3627068567132,"{""type"":""MultiPoint"",""coordinates"":[]}"
20070108,2007-01-08,283.93297374956535,"{""type"":""MultiPoint"",""coordinates"":[]}"
20070109,2007-01-09,284.22493526882687,"{""type"":""MultiPoint"",""coordinates"":[]}"
20070110,2007-01-10,284.3223284285562,"{""type"":""MultiPoint"",""coordinates"":[]}"
20070111,2007-01-11,284.6646079779153,"{""type"":""MultiPoint"",""coordinates"":[]}"
20070112,2007-01-12,284.9298363233062,"{""type"":""MultiPoint"",""coordinates"":[]}"
20070113,2007-01-13,285.26463808944806,"{""type"":""MultiPoint"",""coordinates"":[]}"
20070114,2007-01-14,285.5245530255301,"{""type"":""MultiPoint"",""coordinates"":[]}"
20070115,2007-01-15,285.66172389084704,"{""type"":""MultiPoint"",""coordinates"":[]}"
20070116,2007-01-16,281.5683755543267,"{""type"":""MultiPoint"",""coordinates"":[]}"
20070117,2007-01-17,279.8464403861887,"{""type"":""MultiPoint"",""coordinates"":[]}"
20070118,2007-01-18,282.61767746586185,"{""type"":""MultiPoint"",""coordinates"":[]}"
20070119,2007-01-19,283.8875164559228,"{""type"":""MultiPoint"",""coordinates"":[]}"
20070120,2007-01-20,284.074138090242,"{""type"":""MultiPoint"",""coordinates"":[]}"
20070121,2007-01-21,282.3866666238962,"{""type"":""MultiPoint"",""coordinates"":[]}"
20070122,2007-01-22,281.098593918251,"{""type"":""MultiPoint"",""coordinates"":[]}"
20070123,2007-01-23,281.3871451712044,"{""type"":""MultiPoint"",""coordinates"":[]}"
20070124,2007-01-24,284.2029344281554,"{""type"":""MultiPoint"",""coordinates"":[]}"
20070125,2007-01-25,285.64464712545373,"{""type"":""MultiPoint"",""coordinates"":[]}"
20070126,2007-01-26,284.4565428418238,"{""type"":""MultiPoint"",""coordinates"":[]}"
20070127,2007-01-27,284.2404803376108,"{""type"":""MultiPoint"",""coordinates"":[]}"
20070128,2007-01-28,284.7713565241204,"{""type"":""MultiPoint"",""coordinates"":[]}"
20070129,2007-01-29,284.9121167407208,"{""type"":""MultiPoint"",""coordinates"":[]}"
20070130,2007-01-30,283.5963548812617,"{""type"":""MultiPoint"",""coordinates"":[]}"
20070131,2007-01-31,283.8565428159296,"{""type"":""MultiPoint"",""coordinates"":[]}"
20070201,2007-02-01,284.33332702273617,"{""type"":""MultiPoint"",""coordinates"":[]}"
20070202,2007-02-02,282.4276774102165,"{""type"":""MultiPoint"",""coordinates"":[]}"
20070203,2007-02-03,283.090804193082,"{""type"":""MultiPoint"",""coordinates"":[]}"
20070204,2007-02-04,283.3231772075424,"{""type"":""MultiPoint"",""coordinates"":[]}"
20070205,2007-02-05,285.14454306200844,"{""type"":""MultiPoint"",""coordinates"":[]}"
20070206,2007-02-06,283.8658229721066,"{""type"":""MultiPoint"",""coordinates"":[]}"
20070207,2007-02-07,282.75067872013426,"{""type"":""MultiPoint"",""coordinates"":[]}"
20070208,2007-02-08,285.0897877756397,"{""type"":""MultiPoint"",""coordinates"":[]}"
20070209,2007-02-09,287.0453785145229,"{""type"":""MultiPoint"",""coordinates"":[]}"
20070210,2007-02-10,285.4509097972196,"{""type"":""MultiPoint"",""coordinates"":[]}"
20070211,2007-02-11,286.7774899555341,"{""type"":""MultiPoint"",""coordinates"":[]}"
20070212,2007-02-12,287.5195043429764,"{""type"":""MultiPoint"",""coordinates"":[]}"
20070213,2007-02-13,283.06664220595707,"{""type"":""MultiPoint"",""coordinates"":[]}"
20070214,2007-02-14,283.446434153804,"{""type"":""MultiPoint"",""coordinates"":[]}"
20070215,2007-02-15,284.457303271282,"{""type"":""MultiPoint"",""coordinates"":[]}"
20070216,2007-02-16,282.90767257116664,"{""type"":""MultiPoint"",""coordinates"":[]}"
20070217,2007-02-17,282.63733591161076,"{""type"":""MultiPoint"",""coordinates"":[]}"
20070218,2007-02-18,282.13015131982627,"{""type"":""MultiPoint"",""coordinates"":[]}"
20070219,2007-02-19,284.41984997621137,"{""type"":""MultiPoint"",""coordinates"":[]}"
20070220,2007-02-20,283.7380894398231,"{""type"":""MultiPoint"",""coordinates"":[]}"
20070221,2007-02-21,281.7932713572102,"{""type"":""MultiPoint"",""coordinates"":[]}"
20070222,2007-02-22,280.739293169808,"{""type"":""MultiPoint"",""coordinates"":[]}"
20070223,2007-02-23,279.90270706345245,"{""type"":""MultiPoint"",""coordinates"":[]}"
20070224,2007-02-24,283.145620101018,"{""type"":""MultiPoint"",""coordinates"":[]}"
20070225,2007-02-25,284.5095779457252,"{""type"":""MultiPoint"",""coordinates"":[]}"
20070226,2007-02-26,281.2087646782955,"{""type"":""MultiPoint"",""coordinates"":[]}"
20070227,2007-02-27,283.21263913433404,"{""type"":""MultiPoint"",""coordinates"":[]}"
20070228,2007-02-28,283.5441303957199,"{""type"":""MultiPoint"",""coordinates"":[]}"
20070301,2007-03-01,283.431990776192,"{""type"":""MultiPoint"",""coordinates"":[]}"
20070302,2007-03-02,284.7927757339042,"{""type"":""MultiPoint"",""coordinates"":[]}"
20070303,2007-03-03,283.0856489233216,"{""type"":""MultiPoint"",""coordinates"":[]}"
20070304,2007-03-04,282.62281643432925,"{""type"":""MultiPoint"",""coordinates"":[]}"
20070305,2007-03-05,281.914547879198,"{""type"":""MultiPoint"",""coordinates"":[]}"
20070306,2007-03-06,281.60393376473195,"{""type"":""MultiPoint"",""coordinates"":[]}"
20070307,2007-03-07,283.73772580486354,"{""type"":""MultiPoint"",""coordinates"":[]}"
20070308,2007-03-08,280.60233461911554,"{""type"":""MultiPoint"",""coordinates"":[]}"
20070309,2007-03-09,278.5601505311276,"{""type"":""MultiPoint"",""coordinates"":[]}"
20070310,2007-03-10,279.8153059213813,"{""type"":""MultiPoint"",""coordinates"":[]}"
20070311,2007-03-11,283.89383110032,"{""type"":""MultiPoint"",""coordinates"":[]}"
20070312,2007-03-12,285.64591245370934,"{""type"":""MultiPoint"",""coordinates"":[]}"
20070313,2007-03-13,287.14528795547005,"{""type"":""MultiPoint"",""coordinates"":[]}"
20070314,2007-03-14,282.45991640766465,"{""type"":""MultiPoint"",""coordinates"":[]}"
20070315,2007-03-15,280.62662284231527,"{""type"":""MultiPoint"",""coordinates"":[]}"
20070316,2007-03-16,282.7301638883723,"{""type"":""MultiPoint"",""coordinates"":[]}"
20070317,2007-03-17,284.07190551185835,"{""type"":""MultiPoint"",""coordinates"":[]}"
20070318,2007-03-18,282.8858378275868,"{""type"":""MultiPoint"",""coordinates"":[]}"
20070319,2007-03-19,284.64100122200927,"{""type"":""MultiPoint"",""coordinates"":[]}"
20070320,2007-03-20,283.0838990459966,"{""type"":""MultiPoint"",""coordinates"":[]}"
20070321,2007-03-21,285.10431937888137,"{""type"":""MultiPoint"",""coordinates"":[]}"
20070322,2007-03-22,286.30052831156814,"{""type"":""MultiPoint"",""coordinates"":[]}"
20070323,2007-03-23,285.9236052335009,"{""type"":""MultiPoint"",""coordinates"":[]}"
20070324,2007-03-24,281.79167493533276,"{""type"":""MultiPoint"",""coordinates"":[]}"
20070325,2007-03-25,279.52052729460746,"{""type"":""MultiPoint"",""coordinates"":[]}"
20070326,2007-03-26,279.92592167033433,"{""type"":""MultiPoint"",""coordinates"":[]}"
20070327,2007-03-27,281.6906630619808,"{""type"":""MultiPoint"",""coordinates"":[]}"
20070328,2007-03-28,283.02138031375154,"{""type"":""MultiPoint"",""coordinates"":[]}"
20070329,2007-03-29,282.12311275528623,"{""type"":""MultiPoint"",""coordinates"":[]}"
20070330,2007-03-30,285.1373276934784,"{""type"":""MultiPoint"",""coordinates"":[]}"
20070331,2007-03-31,289.22004067033737,"{""type"":""MultiPoint"",""coordinates"":[]}"
20070401,2007-04-01,288.83592803535015,"{""type"":""MultiPoint"",""coordinates"":[]}"
20070402,2007-04-02,283.66944834987964,"{""type"":""MultiPoint"",""coordinates"":[]}"
20070403,2007-04-03,279.96960919915426,"{""type"":""MultiPoint"",""coordinates"":[]}"
20070404,2007-04-04,277.80096120604696,"{""type"":""MultiPoint"",""coordinates"":[]}"
20070405,2007-04-05,280.86448326928377,"{""type"":""MultiPoint"",""coordinates"":[]}"
20070406,2007-04-06,285.61180698214565,"{""type"":""MultiPoint"",""coordinates"":[]}"
20070407,2007-04-07,288.128996161501,"{""type"":""MultiPoint"",""coordinates"":[]}"
20070408,2007-04-08,287.1557472526482,"{""type"":""MultiPoint"",""coordinates"":[]}"
20070409,2007-04-09,285.3779112704686,"{""type"":""MultiPoint"",""coordinates"":[]}"
20070410,2007-04-10,284.64246388050066,"{""type"":""MultiPoint"",""coordinates"":[]}"
20070411,2007-04-11,285.20796659349105,"{""type"":""MultiPoint"",""coordinates"":[]}"
20070412,2007-04-12,284.1685267030422,"{""type"":""MultiPoint"",""coordinates"":[]}"
20070413,2007-04-13,284.50298916341615,"{""type"":""MultiPoint"",""coordinates"":[]}"
20070414,2007-04-14,285.2388274804299,"{""type"":""MultiPoint"",""coordinates"":[]}"
20070415,2007-04-15,288.44945753706867,"{""type"":""MultiPoint"",""coordinates"":[]}"
20070416,2007-04-16,290.0572220588823,"{""type"":""MultiPoint"",""coordinates"":[]}"
20070417,2007-04-17,290.0227331518789,"{""type"":""MultiPoint"",""coordinates"":[]}"
20070418,2007-04-18,291.10709841534845,"{""type"":""MultiPoint"",""coordinates"":[]}"
20070419,2007-04-19,290.7852104975663,"{""type"":""MultiPoint"",""coordinates"":[]}"
20070420,2007-04-20,290.59175966451505,"{""type"":""MultiPoint"",""coordinates"":[]}"
20070421,2007-04-21,290.67375460715937,"{""type"":""MultiPoint"",""coordinates"":[]}"
20070422,2007-04-22,287.408485571976,"{""type"":""MultiPoint"",""coordinates"":[]}"
20070423,2007-04-23,283.0050925859694,"{""type"":""MultiPoint"",""coordinates"":[]}"
20070424,2007-04-24,283.3246352251317,"{""type"":""MultiPoint"",""coordinates"":[]}"
20070425,2007-04-25,284.0484617919564,"{""type"":""MultiPoint"",""coordinates"":[]}"
20070426,2007-04-26,285.6813399563277,"{""type"":""MultiPoint"",""coordinates"":[]}"
20070427,2007-04-27,287.68931105744286,"{""type"":""MultiPoint"",""coordinates"":[]}"
20070428,2007-04-28,290.0766805658032,"{""type"":""MultiPoint"",""coordinates"":[]}"
20070429,2007-04-29,290.1213635685094,"{""type"":""MultiPoint"",""coordinates"":[]}"
20070430,2007-04-30,288.79480805402295,"{""type"":""MultiPoint"",""coordinates"":[]}"
20070501,2007-05-01,290.11325168462974,"{""type"":""MultiPoint"",""coordinates"":[]}"
20070502,2007-05-02,289.58673701085445,"{""type"":""MultiPoint"",""coordinates"":[]}"
20070503,2007-05-03,290.32522703032987,"{""type"":""MultiPoint"",""coordinates"":[]}"
20070504,2007-05-04,290.4218152143154,"{""type"":""MultiPoint"",""coordinates"":[]}"
20070505,2007-05-05,289.95953467306066,"{""type"":""MultiPoint"",""coordinates"":[]}"
20070506,2007-05-06,291.6827722404844,"{""type"":""MultiPoint"",""coordinates"":[]}"
20070507,2007-05-07,292.19908962026466,"{""type"":""MultiPoint"",""coordinates"":[]}"
20070508,2007-05-08,290.77594212627514,"{""type"":""MultiPoint"",""coordinates"":[]}"
20070509,2007-05-09,291.25183373652186,"{""type"":""MultiPoint"",""coordinates"":[]}"
20070510,2007-05-10,291.9280821957333,"{""type"":""MultiPoint"",""coordinates"":[]}"
20070511,2007-05-11,290.73970185129264,"{""type"":""MultiPoint"",""coordinates"":[]}"
20070512,2007-05-12,290.6093738677201,"{""type"":""MultiPoint"",""coordinates"":[]}"
20070513,2007-05-13,291.00049337825345,"{""type"":""MultiPoint"",""coordinates"":[]}"
20070514,2007-05-14,291.2072033342342,"{""type"":""MultiPoint"",""coordinates"":[]}"
20070515,2007-05-15,289.0541001388198,"{""type"":""MultiPoint"",""coordinates"":[]}"
20070516,2007-05-16,289.1181364849689,"{""type"":""MultiPoint"",""coordinates"":[]}"
20070517,2007-05-17,291.28267821472053,"{""type"":""MultiPoint"",""coordinates"":[]}"
20070518,2007-05-18,292.00183570218985,"{""type"":""MultiPoint"",""coordinates"":[]}"
20070519,2007-05-19,291.4723380719274,"{""type"":""MultiPoint"",""coordinates"":[]}"
20070520,2007-05-20,291.71309856719733,"{""type"":""MultiPoint"",""coordinates"":[]}"
20070521,2007-05-21,291.9747557433278,"{""type"":""MultiPoint"",""coordinates"":[]}"
20070522,2007-05-22,293.0330580639375,"{""type"":""MultiPoint"",""coordinates"":[]}"
20070523,2007-05-23,293.49121923252414,"{""type"":""MultiPoint"",""coordinates"":[]}"
20070524,2007-05-24,291.33087774781836,"{""type"":""MultiPoint"",""coordinates"":[]}"
20070525,2007-05-25,290.29921463252975,"{""type"":""MultiPoint"",""coordinates"":[]}"
20070526,2007-05-26,290.5180314757315,"{""type"":""MultiPoint"",""coordinates"":[]}"
20070527,2007-05-27,291.55012674927497,"{""type"":""MultiPoint"",""coordinates"":[]}"
20070528,2007-05-28,291.9063910492112,"{""type"":""MultiPoint"",""coordinates"":[]}"
20070529,2007-05-29,291.0219621239816,"{""type"":""MultiPoint"",""coordinates"":[]}"
20070530,2007-05-30,292.7246209574791,"{""type"":""MultiPoint"",""coordinates"":[]}"
20070531,2007-05-31,294.2472102613213,"{""type"":""MultiPoint"",""coordinates"":[]}"
20070601,2007-06-01,294.57151068596926,"{""type"":""MultiPoint"",""coordinates"":[]}"
20070602,2007-06-02,294.4936378213035,"{""type"":""MultiPoint"",""coordinates"":[]}"
20070603,2007-06-03,294.28450564412475,"{""type"":""MultiPoint"",""coordinates"":[]}"
20070604,2007-06-04,294.36946756551055,"{""type"":""MultiPoint"",""coordinates"":[]}"
20070605,2007-06-05,294.3264840182583,"{""type"":""MultiPoint"",""coordinates"":[]}"
20070606,2007-06-06,294.26942437381547,"{""type"":""MultiPoint"",""coordinates"":[]}"
20070607,2007-06-07,294.27612741898946,"{""type"":""MultiPoint"",""coordinates"":[]}"
20070608,2007-06-08,295.0221483512037,"{""type"":""MultiPoint"",""coordinates"":[]}"
20070609,2007-06-09,295.2358639526901,"{""type"":""MultiPoint"",""coordinates"":[]}"
20070610,2007-06-10,294.9217839363237,"{""type"":""MultiPoint"",""coordinates"":[]}"
20070611,2007-06-11,294.9283695697966,"{""type"":""MultiPoint"",""coordinates"":[]}"
20070612,2007-06-12,294.96130576439117,"{""type"":""MultiPoint"",""coordinates"":[]}"
20070613,2007-06-13,295.35457934316383,"{""type"":""MultiPoint"",""coordinates"":[]}"
20070614,2007-06-14,295.4317969442141,"{""type"":""MultiPoint"",""coordinates"":[]}"
20070615,2007-06-15,294.5556324396107,"{""type"":""MultiPoint"",""coordinates"":[]}"
20070616,2007-06-16,294.2261995607667,"{""type"":""MultiPoint"",""coordinates"":[]}"
20070617,2007-06-17,294.2466381068326,"{""type"":""MultiPoint"",""coordinates"":[]}"
20070618,2007-06-18,294.3914155822596,"{""type"":""MultiPoint"",""coordinates"":[]}"
20070619,2007-06-19,294.532582769063,"{""type"":""MultiPoint"",""coordinates"":[]}"
20070620,2007-06-20,294.4136867589851,"{""type"":""MultiPoint"",""coordinates"":[]}"
20070621,2007-06-21,294.8767053762301,"{""type"":""MultiPoint"",""coordinates"":[]}"
20070622,2007-06-22,295.8098388912873,"{""type"":""MultiPoint"",""coordinates"":[]}"
20070623,2007-06-23,295.2429369057677,"{""type"":""MultiPoint"",""coordinates"":[]}"
20070624,2007-06-24,294.5347472709198,"{""type"":""MultiPoint"",""coordinates"":[]}"
20070625,2007-06-25,294.36590961545045,"{""type"":""MultiPoint"",""coordinates"":[]}"
20070626,2007-06-26,294.3172612803665,"{""type"":""MultiPoint"",""coordinates"":[]}"
20070627,2007-06-27,294.25569282550464,"{""type"":""MultiPoint"",""coordinates"":[]}"
20070628,2007-06-28,294.43136675091876,"{""type"":""MultiPoint"",""coordinates"":[]}"
20070629,2007-06-29,294.9237733386664,"{""type"":""MultiPoint"",""coordinates"":[]}"
20070630,2007-06-30,295.0508911384773,"{""type"":""MultiPoint"",""coordinates"":[]}"
20070701,2007-07-01,294.9684786187622,"{""type"":""MultiPoint"",""coordinates"":[]}"
20070702,2007-07-02,294.5626477461544,"{""type"":""MultiPoint"",""coordinates"":[]}"
20070703,2007-07-03,294.3703851287144,"{""type"":""MultiPoint"",""coordinates"":[]}"
20070704,2007-07-04,294.4393637800608,"{""type"":""MultiPoint"",""coordinates"":[]}"
20070705,2007-07-05,294.56590826824714,"{""type"":""MultiPoint"",""coordinates"":[]}"
20070706,2007-07-06,294.40690689249493,"{""type"":""MultiPoint"",""coordinates"":[]}"
20070707,2007-07-07,294.1307331970947,"{""type"":""MultiPoint"",""coordinates"":[]}"
20070708,2007-07-08,294.0209160781869,"{""type"":""MultiPoint"",""coordinates"":[]}"
20070709,2007-07-09,294.362221235855,"{""type"":""MultiPoint"",""coordinates"":[]}"
20070710,2007-07-10,294.2838027766918,"{""type"":""MultiPoint"",""coordinates"":[]}"
20070711,2007-07-11,294.3849605062978,"{""type"":""MultiPoint"",""coordinates"":[]}"
20070712,2007-07-12,294.31540857397323,"{""type"":""MultiPoint"",""coordinates"":[]}"
20070713,2007-07-13,294.2217470172372,"{""type"":""MultiPoint"",""coordinates"":[]}"
20070714,2007-07-14,294.19087125265395,"{""type"":""MultiPoint"",""coordinates"":[]}"
20070715,2007-07-15,294.13459618254217,"{""type"":""MultiPoint"",""coordinates"":[]}"
20070716,2007-07-16,294.3235598155713,"{""type"":""MultiPoint"",""coordinates"":[]}"
20070717,2007-07-17,293.974540008093,"{""type"":""MultiPoint"",""coordinates"":[]}"
20070718,2007-07-18,293.67565771671445,"{""type"":""MultiPoint"",""coordinates"":[]}"
20070719,2007-07-19,293.84541241942316,"{""type"":""MultiPoint"",""coordinates"":[]}"
20070720,2007-07-20,293.60409877779983,"{""type"":""MultiPoint"",""coordinates"":[]}"
20070721,2007-07-21,293.743178508834,"{""type"":""MultiPoint"",""coordinates"":[]}"
20070722,2007-07-22,293.8245684500483,"{""type"":""MultiPoint"",""coordinates"":[]}"
20070723,2007-07-23,294.17141334604554,"{""type"":""MultiPoint"",""coordinates"":[]}"
20070724,2007-07-24,294.34689686965675,"{""type"":""MultiPoint"",""coordinates"":[]}"
20070725,2007-07-25,294.6073720821738,"{""type"":""MultiPoint"",""coordinates"":[]}"
20070726,2007-07-26,294.8107010876527,"{""type"":""MultiPoint"",""coordinates"":[]}"
20070727,2007-07-27,294.75189010780514,"{""type"":""MultiPoint"",""coordinates"":[]}"
20070728,2007-07-28,294.4510212637382,"{""type"":""MultiPoint"",""coordinates"":[]}"
20070729,2007-07-29,294.16093089484394,"{""type"":""MultiPoint"",""coordinates"":[]}"
20070730,2007-07-30,294.4595036088567,"{""type"":""MultiPoint"",""coordinates"":[]}"
20070731,2007-07-31,294.4685510351982,"{""type"":""MultiPoint"",""coordinates"":[]}"
20070801,2007-08-01,294.2661295690723,"{""type"":""MultiPoint"",""coordinates"":[]}"
20070802,2007-08-02,294.4670873191311,"{""type"":""MultiPoint"",""coordinates"":[]}"
20070803,2007-08-03,294.35844547227254,"{""type"":""MultiPoint"",""coordinates"":[]}"
20070804,2007-08-04,294.2795926759773,"{""type"":""MultiPoint"",""coordinates"":[]}"
20070805,2007-08-05,293.93704631099575,"{""type"":""MultiPoint"",""coordinates"":[]}"
20070806,2007-08-06,293.7222978037261,"{""type"":""MultiPoint"",""coordinates"":[]}"
20070807,2007-08-07,293.91132211480357,"{""type"":""MultiPoint"",""coordinates"":[]}"
20070808,2007-08-08,293.83825824802665,"{""type"":""MultiPoint"",""coordinates"":[]}"
20070809,2007-08-09,293.75671033078424,"{""type"":""MultiPoint"",""coordinates"":[]}"
20070810,2007-08-10,293.861382266016,"{""type"":""MultiPoint"",""coordinates"":[]}"
20070811,2007-08-11,293.86383463528153,"{""type"":""MultiPoint"",""coordinates"":[]}"
20070812,2007-08-12,293.70098463771745,"{""type"":""MultiPoint"",""coordinates"":[]}"
20070813,2007-08-13,293.41354635030103,"{""type"":""MultiPoint"",""coordinates"":[]}"
20070814,2007-08-14,293.5303776429989,"{""type"":""MultiPoint"",""coordinates"":[]}"
20070815,2007-08-15,293.6031221394079,"{""type"":""MultiPoint"",""coordinates"":[]}"
20070816,2007-08-16,293.39531304749204,"{""type"":""MultiPoint"",""coordinates"":[]}"
20070817,2007-08-17,293.52700930626975,"{""type"":""MultiPoint"",""coordinates"":[]}"
20070818,2007-08-18,293.45246514284753,"{""type"":""MultiPoint"",""coordinates"":[]}"
20070819,2007-08-19,293.9413816106387,"{""type"":""MultiPoint"",""coordinates"":[]}"
20070820,2007-08-20,293.8727743799865,"{""type"":""MultiPoint"",""coordinates"":[]}"
20070821,2007-08-21,293.53565287963573,"{""type"":""MultiPoint"",""coordinates"":[]}"
20070822,2007-08-22,293.4608726559163,"{""type"":""MultiPoint"",""coordinates"":[]}"
20070823,2007-08-23,293.5733265746824,"{""type"":""MultiPoint"",""coordinates"":[]}"
20070824,2007-08-24,293.82009309462916,"{""type"":""MultiPoint"",""coordinates"":[]}"
20070825,2007-08-25,294.7338403682318,"{""type"":""MultiPoint"",""coordinates"":[]}"
20070826,2007-08-26,295.08732800156434,"{""type"":""MultiPoint"",""coordinates"":[]}"
20070827,2007-08-27,294.77766628004827,"{""type"":""MultiPoint"",""coordinates"":[]}"
20070828,2007-08-28,294.7230586211944,"{""type"":""MultiPoint"",""coordinates"":[]}"
20070829,2007-08-29,294.73052894215425,"{""type"":""MultiPoint"",""coordinates"":[]}"
20070830,2007-08-30,294.0419150139754,"{""type"":""MultiPoint"",""coordinates"":[]}"
20070831,2007-08-31,294.0649157032375,"{""type"":""MultiPoint"",""coordinates"":[]}"
20070901,2007-09-01,294.1864836410871,"{""type"":""MultiPoint"",""coordinates"":[]}"
20070902,2007-09-02,294.3446562587633,"{""type"":""MultiPoint"",""coordinates"":[]}"
20070903,2007-09-03,294.5489513954436,"{""type"":""MultiPoint"",""coordinates"":[]}"
20070904,2007-09-04,294.8142836689097,"{""type"":""MultiPoint"",""coordinates"":[]}"
20070905,2007-09-05,294.37605471830176,"{""type"":""MultiPoint"",""coordinates"":[]}"
20070906,2007-09-06,294.0254776945425,"{""type"":""MultiPoint"",""coordinates"":[]}"
20070907,2007-09-07,294.003478690196,"{""type"":""MultiPoint"",""coordinates"":[]}"
20070908,2007-09-08,293.62948794810717,"{""type"":""MultiPoint"",""coordinates"":[]}"
20070909,2007-09-09,293.56467709748506,"{""type"":""MultiPoint"",""coordinates"":[]}"
20070910,2007-09-10,293.3467747350287,"{""type"":""MultiPoint"",""coordinates"":[]}"
20070911,2007-09-11,293.88382212253606,"{""type"":""MultiPoint"",""coordinates"":[]}"
20070912,2007-09-12,294.2758756332646,"{""type"":""MultiPoint"",""coordinates"":[]}"
20070913,2007-09-13,294.139877770409,"{""type"":""MultiPoint"",""coordinates"":[]}"
20070914,2007-09-14,293.6930051343178,"{""type"":""MultiPoint"",""coordinates"":[]}"
20070915,2007-09-15,293.49937014391605,"{""type"":""MultiPoint"",""coordinates"":[]}"
20070916,2007-09-16,293.54231332203403,"{""type"":""MultiPoint"",""coordinates"":[]}"
20070917,2007-09-17,293.6048050067588,"{""type"":""MultiPoint"",""coordinates"":[]}"
20070918,2007-09-18,294.75971670851817,"{""type"":""MultiPoint"",""coordinates"":[]}"
20070919,2007-09-19,294.5574097538635,"{""type"":""MultiPoint"",""coordinates"":[]}"
20070920,2007-09-20,292.6545686427616,"{""type"":""MultiPoint"",""coordinates"":[]}"
20070921,2007-09-21,293.4736149993279,"{""type"":""MultiPoint"",""coordinates"":[]}"
20070922,2007-09-22,294.07719723503357,"{""type"":""MultiPoint"",""coordinates"":[]}"
20070923,2007-09-23,294.15005122229337,"{""type"":""MultiPoint"",""coordinates"":[]}"
20070924,2007-09-24,294.2602142407702,"{""type"":""MultiPoint"",""coordinates"":[]}"
20070925,2007-09-25,294.4715853535539,"{""type"":""MultiPoint"",""coordinates"":[]}"
20070926,2007-09-26,293.2911036645804,"{""type"":""MultiPoint"",""coordinates"":[]}"
20070927,2007-09-27,294.2600574030145,"{""type"":""MultiPoint"",""coordinates"":[]}"
20070928,2007-09-28,294.4644376603504,"{""type"":""MultiPoint"",""coordinates"":[]}"
20070929,2007-09-29,293.8439385924405,"{""type"":""MultiPoint"",""coordinates"":[]}"
20070930,2007-09-30,293.7374961982619,"{""type"":""MultiPoint"",""coordinates"":[]}"
20071001,2007-10-01,292.8489339329024,"{""type"":""MultiPoint"",""coordinates"":[]}"
20071002,2007-10-02,292.2810208317788,"{""type"":""MultiPoint"",""coordinates"":[]}"
20071003,2007-10-03,292.3433822487399,"{""type"":""MultiPoint"",""coordinates"":[]}"
20071004,2007-10-04,291.7597503872445,"{""type"":""MultiPoint"",""coordinates"":[]}"
20071005,2007-10-05,291.60004821643645,"{""type"":""MultiPoint"",""coordinates"":[]}"
20071006,2007-10-06,292.28592277748214,"{""type"":""MultiPoint"",""coordinates"":[]}"
20071007,2007-10-07,292.2116030062368,"{""type"":""MultiPoint"",""coordinates"":[]}"
20071008,2007-10-08,292.50601935310954,"{""type"":""MultiPoint"",""coordinates"":[]}"
20071009,2007-10-09,292.2981012216152,"{""type"":""MultiPoint"",""coordinates"":[]}"
20071010,2007-10-10,291.52903898170763,"{""type"":""MultiPoint"",""coordinates"":[]}"
20071011,2007-10-11,291.0313819458781,"{""type"":""MultiPoint"",""coordinates"":[]}"
20071012,2007-10-12,291.0902892965459,"{""type"":""MultiPoint"",""coordinates"":[]}"
20071013,2007-10-13,290.49569540038067,"{""type"":""MultiPoint"",""coordinates"":[]}"
20071014,2007-10-14,286.14789679704035,"{""type"":""MultiPoint"",""coordinates"":[]}"
20071015,2007-10-15,285.01230571085625,"{""type"":""MultiPoint"",""coordinates"":[]}"
20071016,2007-10-16,285.3483370351666,"{""type"":""MultiPoint"",""coordinates"":[]}"
20071017,2007-10-17,285.95243392424777,"{""type"":""MultiPoint"",""coordinates"":[]}"
20071018,2007-10-18,284.10188998657156,"{""type"":""MultiPoint"",""coordinates"":[]}"
20071019,2007-10-19,285.3617360260316,"{""type"":""MultiPoint"",""coordinates"":[]}"
20071020,2007-10-20,286.7911128448653,"{""type"":""MultiPoint"",""coordinates"":[]}"
20071021,2007-10-21,287.64713053928443,"{""type"":""MultiPoint"",""coordinates"":[]}"
20071022,2007-10-22,285.5367569814673,"{""type"":""MultiPoint"",""coordinates"":[]}"
20071023,2007-10-23,282.5290207284973,"{""type"":""MultiPoint"",""coordinates"":[]}"
20071024,2007-10-24,283.3352158797048,"{""type"":""MultiPoint"",""coordinates"":[]}"
20071025,2007-10-25,284.2918827180027,"{""type"":""MultiPoint"",""coordinates"":[]}"
20071026,2007-10-26,283.73860904601753,"{""type"":""MultiPoint"",""coordinates"":[]}"
20071027,2007-10-27,283.750885766838,"{""type"":""MultiPoint"",""coordinates"":[]}"
20071028,2007-10-28,283.9281033745567,"{""type"":""MultiPoint"",""coordinates"":[]}"
20071029,2007-10-29,284.51807060957674,"{""type"":""MultiPoint"",""coordinates"":[]}"
20071030,2007-10-30,286.84067733193365,"{""type"":""MultiPoint"",""coordinates"":[]}"
20071031,2007-10-31,289.26044757584185,"{""type"":""MultiPoint"",""coordinates"":[]}"
20071101,2007-11-01,293.3878807118391,"{""type"":""MultiPoint"",""coordinates"":[]}"
20071102,2007-11-02,293.5859930813416,"{""type"":""MultiPoint"",""coordinates"":[]}"
20071103,2007-11-03,290.7853179258125,"{""type"":""MultiPoint"",""coordinates"":[]}"
20071104,2007-11-04,291.4101861250651,"{""type"":""MultiPoint"",""coordinates"":[]}"
20071105,2007-11-05,291.8794937030048,"{""type"":""MultiPoint"",""coordinates"":[]}"
20071106,2007-11-06,291.93105338666135,"{""type"":""MultiPoint"",""coordinates"":[]}"
20071107,2007-11-07,292.1674092161021,"{""type"":""MultiPoint"",""coordinates"":[]}"
20071108,2007-11-08,289.70725474387393,"{""type"":""MultiPoint"",""coordinates"":[]}"
20071109,2007-11-09,288.84956650029983,"{""type"":""MultiPoint"",""coordinates"":[]}"
20071110,2007-11-10,287.02125567924554,"{""type"":""MultiPoint"",""coordinates"":[]}"
20071111,2007-11-11,285.3444351304589,"{""type"":""MultiPoint"",""coordinates"":[]}"
20071112,2007-11-12,284.9322551683122,"{""type"":""MultiPoint"",""coordinates"":[]}"
20071113,2007-11-13,284.8133255017256,"{""type"":""MultiPoint"",""coordinates"":[]}"
20071114,2007-11-14,284.11695181613413,"{""type"":""MultiPoint"",""coordinates"":[]}"
20071115,2007-11-15,283.1317967490068,"{""type"":""MultiPoint"",""coordinates"":[]}"
20071116,2007-11-16,280.3040695028886,"{""type"":""MultiPoint"",""coordinates"":[]}"
20071117,2007-11-17,279.3415518651284,"{""type"":""MultiPoint"",""coordinates"":[]}"
20071118,2007-11-18,280.4387564234204,"{""type"":""MultiPoint"",""coordinates"":[]}"
20071119,2007-11-19,282.95767715404236,"{""type"":""MultiPoint"",""coordinates"":[]}"
20071120,2007-11-20,282.0170135017806,"{""type"":""MultiPoint"",""coordinates"":[]}"
20071121,2007-11-21,278.5744173101146,"{""type"":""MultiPoint"",""coordinates"":[]}"
20071122,2007-11-22,276.77468273609634,"{""type"":""MultiPoint"",""coordinates"":[]}"
20071123,2007-11-23,277.58112714791787,"{""type"":""MultiPoint"",""coordinates"":[]}"
20071124,2007-11-24,278.5376925429799,"{""type"":""MultiPoint"",""coordinates"":[]}"
20071125,2007-11-25,278.4468100087747,"{""type"":""MultiPoint"",""coordinates"":[]}"
20071126,2007-11-26,279.03544997926764,"{""type"":""MultiPoint"",""coordinates"":[]}"
20071127,2007-11-27,282.9838946619655,"{""type"":""MultiPoint"",""coordinates"":[]}"
20071128,2007-11-28,284.5474444658759,"{""type"":""MultiPoint"",""coordinates"":[]}"
20071129,2007-11-29,284.79910482644937,"{""type"":""MultiPoint"",""coordinates"":[]}"
20071130,2007-11-30,282.8867878205296,"{""type"":""MultiPoint"",""coordinates"":[]}"
20071201,2007-12-01,283.57179138651446,"{""type"":""MultiPoint"",""coordinates"":[]}"
20071202,2007-12-02,284.91816663910225,"{""type"":""MultiPoint"",""coordinates"":[]}"
20071203,2007-12-03,284.32168511398896,"{""type"":""MultiPoint"",""coordinates"":[]}"
20071204,2007-12-04,283.8509726650811,"{""type"":""MultiPoint"",""coordinates"":[]}"
20071205,2007-12-05,283.2190758697488,"{""type"":""MultiPoint"",""coordinates"":[]}"
20071206,2007-12-06,284.34080321530246,"{""type"":""MultiPoint"",""coordinates"":[]}"
20071207,2007-12-07,283.78682716656306,"{""type"":""MultiPoint"",""coordinates"":[]}"
20071208,2007-12-08,283.69948621635945,"{""type"":""MultiPoint"",""coordinates"":[]}"
20071209,2007-12-09,284.7587376236781,"{""type"":""MultiPoint"",""coordinates"":[]}"
20071210,2007-12-10,286.30322916965036,"{""type"":""MultiPoint"",""coordinates"":[]}"
20071211,2007-12-11,286.93429708333537,"{""type"":""MultiPoint"",""coordinates"":[]}"
20071212,2007-12-12,286.8798452514928,"{""type"":""MultiPoint"",""coordinates"":[]}"
20071213,2007-12-13,286.502627868907,"{""type"":""MultiPoint"",""coordinates"":[]}"
20071214,2007-12-14,285.3154100438499,"{""type"":""MultiPoint"",""coordinates"":[]}"
20071215,2007-12-15,286.6491200959396,"{""type"":""MultiPoint"",""coordinates"":[]}"
20071216,2007-12-16,286.22058215101544,"{""type"":""MultiPoint"",""coordinates"":[]}"
20071217,2007-12-17,284.99458489794273,"{""type"":""MultiPoint"",""coordinates"":[]}"
20071218,2007-12-18,283.2125308885328,"{""type"":""MultiPoint"",""coordinates"":[]}"
20071219,2007-12-19,284.10069653007196,"{""type"":""MultiPoint"",""coordinates"":[]}"
20071220,2007-12-20,288.58801262985673,"{""type"":""MultiPoint"",""coordinates"":[]}"
20071221,2007-12-21,288.68571041693076,"{""type"":""MultiPoint"",""coordinates"":[]}"
20071222,2007-12-22,287.8124332144577,"{""type"":""MultiPoint"",""coordinates"":[]}"
20071223,2007-12-23,284.4125874582355,"{""type"":""MultiPoint"",""coordinates"":[]}"
20071224,2007-12-24,282.22736877822797,"{""type"":""MultiPoint"",""coordinates"":[]}"
20071225,2007-12-25,283.7606785285544,"{""type"":""MultiPoint"",""coordinates"":[]}"
20071226,2007-12-26,284.64407834993193,"{""type"":""MultiPoint"",""coordinates"":[]}"
20071227,2007-12-27,284.4756573727515,"{""type"":""MultiPoint"",""coordinates"":[]}"
20071228,2007-12-28,282.9169746558393,"{""type"":""MultiPoint"",""coordinates"":[]}"
20071229,2007-12-29,282.10381299542775,"{""type"":""MultiPoint"",""coordinates"":[]}"
20071230,2007-12-30,284.4358021443844,"{""type"":""MultiPoint"",""coordinates"":[]}"
20071231,2007-12-31,285.27417072319963,"{""type"":""MultiPoint"",""coordinates"":[]}"
20080101,2008-01-01,283.20284276107816,"{""type"":""MultiPoint"",""coordinates"":[]}"
20080102,2008-01-02,280.87990377838344,"{""type"":""MultiPoint"",""coordinates"":[]}"
20080103,2008-01-03,283.89418055543763,"{""type"":""MultiPoint"",""coordinates"":[]}"
20080104,2008-01-04,284.1299281493656,"{""type"":""MultiPoint"",""coordinates"":[]}"
20080105,2008-01-05,280.92429215088123,"{""type"":""MultiPoint"",""coordinates"":[]}"
20080106,2008-01-06,281.0954972392467,"{""type"":""MultiPoint"",""coordinates"":[]}"
20080107,2008-01-07,282.65490560900133,"{""type"":""MultiPoint"",""coordinates"":[]}"
20080108,2008-01-08,282.72033527499,"{""type"":""MultiPoint"",""coordinates"":[]}"
20080109,2008-01-09,283.69481302275517,"{""type"":""MultiPoint"",""coordinates"":[]}"
20080110,2008-01-10,284.725030008477,"{""type"":""MultiPoint"",""coordinates"":[]}"
20080111,2008-01-11,284.5874394075417,"{""type"":""MultiPoint"",""coordinates"":[]}"
20080112,2008-01-12,284.5257313637641,"{""type"":""MultiPoint"",""coordinates"":[]}"
20080113,2008-01-13,283.9785578282094,"{""type"":""MultiPoint"",""coordinates"":[]}"
20080114,2008-01-14,284.84788159358226,"{""type"":""MultiPoint"",""coordinates"":[]}"
20080115,2008-01-15,284.5154420836016,"{""type"":""MultiPoint"",""coordinates"":[]}"
20080116,2008-01-16,283.7651019674896,"{""type"":""MultiPoint"",""coordinates"":[]}"
20080117,2008-01-17,282.84419223366103,"{""type"":""MultiPoint"",""coordinates"":[]}"
20080118,2008-01-18,283.14804635102007,"{""type"":""MultiPoint"",""coordinates"":[]}"
20080119,2008-01-19,282.03543002144426,"{""type"":""MultiPoint"",""coordinates"":[]}"
20080120,2008-01-20,281.519928453568,"{""type"":""MultiPoint"",""coordinates"":[]}"
20080121,2008-01-21,282.67125308837404,"{""type"":""MultiPoint"",""coordinates"":[]}"
20080122,2008-01-22,281.5809097209223,"{""type"":""MultiPoint"",""coordinates"":[]}"
20080123,2008-01-23,278.14217139777156,"{""type"":""MultiPoint"",""coordinates"":[]}"
20080124,2008-01-24,279.71762596608863,"{""type"":""MultiPoint"",""coordinates"":[]}"
20080125,2008-01-25,277.7457314345793,"{""type"":""MultiPoint"",""coordinates"":[]}"
20080126,2008-01-26,275.82418437419176,"{""type"":""MultiPoint"",""coordinates"":[]}"
20080127,2008-01-27,275.7106479810657,"{""type"":""MultiPoint"",""coordinates"":[]}"
20080128,2008-01-28,277.105453720401,"{""type"":""MultiPoint"",""coordinates"":[]}"
20080129,2008-01-29,277.8587281262264,"{""type"":""MultiPoint"",""coordinates"":[]}"
20080130,2008-01-30,283.56514317484994,"{""type"":""MultiPoint"",""coordinates"":[]}"
20080131,2008-01-31,278.0391521092021,"{""type"":""MultiPoint"",""coordinates"":[]}"
20080201,2008-02-01,277.5169953437399,"{""type"":""MultiPoint"",""coordinates"":[]}"
20080202,2008-02-02,279.6251128691551,"{""type"":""MultiPoint"",""coordinates"":[]}"
20080203,2008-02-03,284.36765027261066,"{""type"":""MultiPoint"",""coordinates"":[]}"
20080204,2008-02-04,281.4094798457732,"{""type"":""MultiPoint"",""coordinates"":[]}"
20080205,2008-02-05,278.06831573041455,"{""type"":""MultiPoint"",""coordinates"":[]}"
20080206,2008-02-06,277.88264024512125,"{""type"":""MultiPoint"",""coordinates"":[]}"
20080207,2008-02-07,280.5035784066917,"{""type"":""MultiPoint"",""coordinates"":[]}"
20080208,2008-02-08,277.87932295239966,"{""type"":""MultiPoint"",""coordinates"":[]}"
20080209,2008-02-09,279.4882032780923,"{""type"":""MultiPoint"",""coordinates"":[]}"
20080210,2008-02-10,282.9961306421667,"{""type"":""MultiPoint"",""coordinates"":[]}"
20080211,2008-02-11,283.9120170623972,"{""type"":""MultiPoint"",""coordinates"":[]}"
20080212,2008-02-12,284.76812506949045,"{""type"":""MultiPoint"",""coordinates"":[]}"
20080213,2008-02-13,285.5685493938027,"{""type"":""MultiPoint"",""coordinates"":[]}"
20080214,2008-02-14,286.8564330424603,"{""type"":""MultiPoint"",""coordinates"":[]}"
20080215,2008-02-15,287.20534092918297,"{""type"":""MultiPoint"",""coordinates"":[]}"
20080216,2008-02-16,286.3849256063413,"{""type"":""MultiPoint"",""coordinates"":[]}"
20080217,2008-02-17,282.4201733265427,"{""type"":""MultiPoint"",""coordinates"":[]}"
20080218,2008-02-18,280.57402661868196,"{""type"":""MultiPoint"",""coordinates"":[]}"
20080219,2008-02-19,281.5927613022174,"{""type"":""MultiPoint"",""coordinates"":[]}"
20080220,2008-02-20,282.7634054899041,"{""type"":""MultiPoint"",""coordinates"":[]}"
20080221,2008-02-21,281.7155670878013,"{""type"":""MultiPoint"",""coordinates"":[]}"
20080222,2008-02-22,282.15458614030484,"{""type"":""MultiPoint"",""coordinates"":[]}"
20080223,2008-02-23,282.94777067449746,"{""type"":""MultiPoint"",""coordinates"":[]}"
20080224,2008-02-24,281.89552725550163,"{""type"":""MultiPoint"",""coordinates"":[]}"
20080225,2008-02-25,279.5910579929302,"{""type"":""MultiPoint"",""coordinates"":[]}"
20080226,2008-02-26,277.5754883087888,"{""type"":""MultiPoint"",""coordinates"":[]}"
20080227,2008-02-27,278.47098752576557,"{""type"":""MultiPoint"",""coordinates"":[]}"
20080228,2008-02-28,277.29060101197615,"{""type"":""MultiPoint"",""coordinates"":[]}"
20080229,2008-02-29,277.3938064159176,"{""type"":""MultiPoint"",""coordinates"":[]}"
20080301,2008-03-01,278.1284840287197,"{""type"":""MultiPoint"",""coordinates"":[]}"
20080302,2008-03-02,276.8046948431512,"{""type"":""MultiPoint"",""coordinates"":[]}"
20080303,2008-03-03,278.2203112871242,"{""type"":""MultiPoint"",""coordinates"":[]}"
20080304,2008-03-04,279.92808925262943,"{""type"":""MultiPoint"",""coordinates"":[]}"
20080305,2008-03-05,280.42434182825014,"{""type"":""MultiPoint"",""coordinates"":[]}"
20080306,2008-03-06,281.3873581034245,"{""type"":""MultiPoint"",""coordinates"":[]}"
20080307,2008-03-07,281.6790210291232,"{""type"":""MultiPoint"",""coordinates"":[]}"
20080308,2008-03-08,281.3403840726334,"{""type"":""MultiPoint"",""coordinates"":[]}"
20080309,2008-03-09,280.83139209123743,"{""type"":""MultiPoint"",""coordinates"":[]}"
20080310,2008-03-10,281.6541063883958,"{""type"":""MultiPoint"",""coordinates"":[]}"
20080311,2008-03-11,283.42466223618885,"{""type"":""MultiPoint"",""coordinates"":[]}"
20080312,2008-03-12,283.49169802885785,"{""type"":""MultiPoint"",""coordinates"":[]}"
20080313,2008-03-13,286.8062911947253,"{""type"":""MultiPoint"",""coordinates"":[]}"
20080314,2008-03-14,288.3113764583354,"{""type"":""MultiPoint"",""coordinates"":[]}"
20080315,2008-03-15,284.8188013218578,"{""type"":""MultiPoint"",""coordinates"":[]}"
20080316,2008-03-16,282.09826163745174,"{""type"":""MultiPoint"",""coordinates"":[]}"
20080317,2008-03-17,285.8353811135352,"{""type"":""MultiPoint"",""coordinates"":[]}"
20080318,2008-03-18,285.10015972603577,"{""type"":""MultiPoint"",""coordinates"":[]}"
20080319,2008-03-19,282.6293905444069,"{""type"":""MultiPoint"",""coordinates"":[]}"
20080320,2008-03-20,283.0672376620181,"{""type"":""MultiPoint"",""coordinates"":[]}"
20080321,2008-03-21,288.6090072572058,"{""type"":""MultiPoint"",""coordinates"":[]}"
20080322,2008-03-22,292.66278502530594,"{""type"":""MultiPoint"",""coordinates"":[]}"
20080323,2008-03-23,292.4790206941595,"{""type"":""MultiPoint"",""coordinates"":[]}"
20080324,2008-03-24,290.8217563901331,"{""type"":""MultiPoint"",""coordinates"":[]}"
20080325,2008-03-25,289.68876370427074,"{""type"":""MultiPoint"",""coordinates"":[]}"
20080326,2008-03-26,289.6847940719778,"{""type"":""MultiPoint"",""coordinates"":[]}"
20080327,2008-03-27,289.17950242825935,"{""type"":""MultiPoint"",""coordinates"":[]}"
20080328,2008-03-28,288.89326016368295,"{""type"":""MultiPoint"",""coordinates"":[]}"
20080329,2008-03-29,288.9439094691372,"{""type"":""MultiPoint"",""coordinates"":[]}"
20080330,2008-03-30,286.1501984491672,"{""type"":""MultiPoint"",""coordinates"":[]}"
20080331,2008-03-31,281.63157427297676,"{""type"":""MultiPoint"",""coordinates"":[]}"
20080401,2008-04-01,282.05505523045787,"{""type"":""MultiPoint"",""coordinates"":[]}"
20080402,2008-04-02,283.23317341351395,"{""type"":""MultiPoint"",""coordinates"":[]}"
20080403,2008-04-03,283.59843763890734,"{""type"":""MultiPoint"",""coordinates"":[]}"
20080404,2008-04-04,285.797232936327,"{""type"":""MultiPoint"",""coordinates"":[]}"
20080405,2008-04-05,286.67832900434666,"{""type"":""MultiPoint"",""coordinates"":[]}"
20080406,2008-04-06,285.99093107554245,"{""type"":""MultiPoint"",""coordinates"":[]}"
20080407,2008-04-07,289.7768371383776,"{""type"":""MultiPoint"",""coordinates"":[]}"
20080408,2008-04-08,288.77416575608123,"{""type"":""MultiPoint"",""coordinates"":[]}"
20080409,2008-04-09,287.34615340896835,"{""type"":""MultiPoint"",""coordinates"":[]}"
20080410,2008-04-10,285.68494240853994,"{""type"":""MultiPoint"",""coordinates"":[]}"
20080411,2008-04-11,282.8252284648734,"{""type"":""MultiPoint"",""coordinates"":[]}"
20080412,2008-04-12,282.63358945324495,"{""type"":""MultiPoint"",""coordinates"":[]}"
20080413,2008-04-13,285.7731005483755,"{""type"":""MultiPoint"",""coordinates"":[]}"
20080414,2008-04-14,285.18691774444244,"{""type"":""MultiPoint"",""coordinates"":[]}"
20080415,2008-04-15,283.9712789571619,"{""type"":""MultiPoint"",""coordinates"":[]}"
20080416,2008-04-16,285.8384990570769,"{""type"":""MultiPoint"",""coordinates"":[]}"
20080417,2008-04-17,286.1008291480581,"{""type"":""MultiPoint"",""coordinates"":[]}"
20080418,2008-04-18,285.70037119644735,"{""type"":""MultiPoint"",""coordinates"":[]}"
20080419,2008-04-19,285.24569165327614,"{""type"":""MultiPoint"",""coordinates"":[]}"
20080420,2008-04-20,284.1192552380574,"{""type"":""MultiPoint"",""coordinates"":[]}"
20080421,2008-04-21,282.4582851669749,"{""type"":""MultiPoint"",""coordinates"":[]}"
20080422,2008-04-22,283.4788454165213,"{""type"":""MultiPoint"",""coordinates"":[]}"
20080423,2008-04-23,282.12314971349053,"{""type"":""MultiPoint"",""coordinates"":[]}"
20080424,2008-04-24,284.3570991604821,"{""type"":""MultiPoint"",""coordinates"":[]}"
20080425,2008-04-25,289.091272140604,"{""type"":""MultiPoint"",""coordinates"":[]}"
20080426,2008-04-26,290.19050672303956,"{""type"":""MultiPoint"",""coordinates"":[]}"
20080427,2008-04-27,288.9378233710171,"{""type"":""MultiPoint"",""coordinates"":[]}"
20080428,2008-04-28,289.4218336753053,"{""type"":""MultiPoint"",""coordinates"":[]}"
20080429,2008-04-29,287.53992251400183,"{""type"":""MultiPoint"",""coordinates"":[]}"
20080430,2008-04-30,288.6481557543706,"{""type"":""MultiPoint"",""coordinates"":[]}"
20080501,2008-05-01,288.44167624128045,"{""type"":""MultiPoint"",""coordinates"":[]}"
20080502,2008-05-02,284.5051677300739,"{""type"":""MultiPoint"",""coordinates"":[]}"
20080503,2008-05-03,286.7959005153861,"{""type"":""MultiPoint"",""coordinates"":[]}"
20080504,2008-05-04,287.94087084227715,"{""type"":""MultiPoint"",""coordinates"":[]}"
20080505,2008-05-05,289.29473549009793,"{""type"":""MultiPoint"",""coordinates"":[]}"
20080506,2008-05-06,288.89377139824614,"{""type"":""MultiPoint"",""coordinates"":[]}"
20080507,2008-05-07,289.7795738131356,"{""type"":""MultiPoint"",""coordinates"":[]}"
20080508,2008-05-08,289.360342673245,"{""type"":""MultiPoint"",""coordinates"":[]}"
20080509,2008-05-09,289.76343403194795,"{""type"":""MultiPoint"",""coordinates"":[]}"
20080510,2008-05-10,289.9598912210882,"{""type"":""MultiPoint"",""coordinates"":[]}"
20080511,2008-05-11,289.718748697348,"{""type"":""MultiPoint"",""coordinates"":[]}"
20080512,2008-05-12,288.964831752786,"{""type"":""MultiPoint"",""coordinates"":[]}"
20080513,2008-05-13,288.5283621612283,"{""type"":""MultiPoint"",""coordinates"":[]}"
20080514,2008-05-14,289.60830463680094,"{""type"":""MultiPoint"",""coordinates"":[]}"
20080515,2008-05-15,289.91125785529937,"{""type"":""MultiPoint"",""coordinates"":[]}"
20080516,2008-05-16,289.794967426168,"{""type"":""MultiPoint"",""coordinates"":[]}"
20080517,2008-05-17,291.0000115517553,"{""type"":""MultiPoint"",""coordinates"":[]}"
20080518,2008-05-18,291.62887211952267,"{""type"":""MultiPoint"",""coordinates"":[]}"
20080519,2008-05-19,292.356093253307,"{""type"":""MultiPoint"",""coordinates"":[]}"
20080520,2008-05-20,293.1128035385164,"{""type"":""MultiPoint"",""coordinates"":[]}"
20080521,2008-05-21,292.2603700258429,"{""type"":""MultiPoint"",""coordinates"":[]}"
20080522,2008-05-22,292.888545875553,"{""type"":""MultiPoint"",""coordinates"":[]}"
20080523,2008-05-23,293.03447192374335,"{""type"":""MultiPoint"",""coordinates"":[]}"
20080524,2008-05-24,292.18434178881233,"{""type"":""MultiPoint"",""coordinates"":[]}"
20080525,2008-05-25,291.70952485827917,"{""type"":""MultiPoint"",""coordinates"":[]}"
20080526,2008-05-26,291.63980568151703,"{""type"":""MultiPoint"",""coordinates"":[]}"
20080527,2008-05-27,292.1519422095858,"{""type"":""MultiPoint"",""coordinates"":[]}"
20080528,2008-05-28,291.34901456933846,"{""type"":""MultiPoint"",""coordinates"":[]}"
20080529,2008-05-29,291.4473265079709,"{""type"":""MultiPoint"",""coordinates"":[]}"
20080530,2008-05-30,291.40653647098276,"{""type"":""MultiPoint"",""coordinates"":[]}"
20080531,2008-05-31,292.04025882038087,"{""type"":""MultiPoint"",""coordinates"":[]}"
20080601,2008-06-01,291.69086086654875,"{""type"":""MultiPoint"",""coordinates"":[]}"
20080602,2008-06-02,291.2133497579472,"{""type"":""MultiPoint"",""coordinates"":[]}"
20080603,2008-06-03,292.00633731444805,"{""type"":""MultiPoint"",""coordinates"":[]}"
20080604,2008-06-04,293.9441301301385,"{""type"":""MultiPoint"",""coordinates"":[]}"
20080605,2008-06-05,293.54986002114975,"{""type"":""MultiPoint"",""coordinates"":[]}"
20080606,2008-06-06,293.969510203495,"{""type"":""MultiPoint"",""coordinates"":[]}"
20080607,2008-06-07,294.8841945652445,"{""type"":""MultiPoint"",""coordinates"":[]}"
20080608,2008-06-08,294.5891814792067,"{""type"":""MultiPoint"",""coordinates"":[]}"
20080609,2008-06-09,294.34186688658684,"{""type"":""MultiPoint"",""coordinates"":[]}"
20080610,2008-06-10,294.36130937545704,"{""type"":""MultiPoint"",""coordinates"":[]}"
20080611,2008-06-11,294.44565853004696,"{""type"":""MultiPoint"",""coordinates"":[]}"
20080612,2008-06-12,294.4989688526519,"{""type"":""MultiPoint"",""coordinates"":[]}"
20080613,2008-06-13,293.42828637668936,"{""type"":""MultiPoint"",""coordinates"":[]}"
20080614,2008-06-14,293.737593326102,"{""type"":""MultiPoint"",""coordinates"":[]}"
20080615,2008-06-15,294.19065139575093,"{""type"":""MultiPoint"",""coordinates"":[]}"
20080616,2008-06-16,293.902573033314,"{""type"":""MultiPoint"",""coordinates"":[]}"
20080617,2008-06-17,293.8842598922556,"{""type"":""MultiPoint"",""coordinates"":[]}"
20080618,2008-06-18,293.41374549028944,"{""type"":""MultiPoint"",""coordinates"":[]}"
20080619,2008-06-19,293.2824596950626,"{""type"":""MultiPoint"",""coordinates"":[]}"
20080620,2008-06-20,293.4577702501538,"{""type"":""MultiPoint"",""coordinates"":[]}"
20080621,2008-06-21,293.150885614968,"{""type"":""MultiPoint"",""coordinates"":[]}"
20080622,2008-06-22,293.3454744879852,"{""type"":""MultiPoint"",""coordinates"":[]}"
20080623,2008-06-23,293.26672820039715,"{""type"":""MultiPoint"",""coordinates"":[]}"
20080624,2008-06-24,293.01522383519506,"{""type"":""MultiPoint"",""coordinates"":[]}"
20080625,2008-06-25,293.21052193576696,"{""type"":""MultiPoint"",""coordinates"":[]}"
20080626,2008-06-26,293.6205829819659,"{""type"":""MultiPoint"",""coordinates"":[]}"
20080627,2008-06-27,293.55317098805534,"{""type"":""MultiPoint"",""coordinates"":[]}"
20080628,2008-06-28,293.65545762601664,"{""type"":""MultiPoint"",""coordinates"":[]}"
20080629,2008-06-29,293.964793993293,"{""type"":""MultiPoint"",""coordinates"":[]}"
20080630,2008-06-30,294.04485601119234,"{""type"":""MultiPoint"",""coordinates"":[]}"
20080701,2008-07-01,293.6125296276252,"{""type"":""MultiPoint"",""coordinates"":[]}"
20080702,2008-07-02,293.4221727598599,"{""type"":""MultiPoint"",""coordinates"":[]}"
20080703,2008-07-03,293.4440084875096,"{""type"":""MultiPoint"",""coordinates"":[]}"
20080704,2008-07-04,293.52093254947073,"{""type"":""MultiPoint"",""coordinates"":[]}"
20080705,2008-07-05,293.44526479153853,"{""type"":""MultiPoint"",""coordinates"":[]}"
20080706,2008-07-06,293.2741465200552,"{""type"":""MultiPoint"",""coordinates"":[]}"
20080707,2008-07-07,293.55781665738476,"{""type"":""MultiPoint"",""coordinates"":[]}"
20080708,2008-07-08,293.38599138550126,"{""type"":""MultiPoint"",""coordinates"":[]}"
20080709,2008-07-09,293.45982866832156,"{""type"":""MultiPoint"",""coordinates"":[]}"
20080710,2008-07-10,293.22025969886533,"{""type"":""MultiPoint"",""coordinates"":[]}"
20080711,2008-07-11,293.37919454866585,"{""type"":""MultiPoint"",""coordinates"":[]}"
20080712,2008-07-12,293.16772548298826,"{""type"":""MultiPoint"",""coordinates"":[]}"
20080713,2008-07-13,293.379697527828,"{""type"":""MultiPoint"",""coordinates"":[]}"
20080714,2008-07-14,293.44174762538677,"{""type"":""MultiPoint"",""coordinates"":[]}"
20080715,2008-07-15,293.5192658019478,"{""type"":""MultiPoint"",""coordinates"":[]}"
20080716,2008-07-16,293.4444349734759,"{""type"":""MultiPoint"",""coordinates"":[]}"
20080717,2008-07-17,293.2526780760653,"{""type"":""MultiPoint"",""coordinates"":[]}"
20080718,2008-07-18,293.1415787941055,"{""type"":""MultiPoint"",""coordinates"":[]}"
20080719,2008-07-19,293.0073189578573,"{""type"":""MultiPoint"",""coordinates"":[]}"
20080720,2008-07-20,293.0249009195554,"{""type"":""MultiPoint"",""coordinates"":[]}"
20080721,2008-07-21,293.19137549133364,"{""type"":""MultiPoint"",""coordinates"":[]}"
20080722,2008-07-22,293.24853472678586,"{""type"":""MultiPoint"",""coordinates"":[]}"
20080723,2008-07-23,293.1048588334169,"{""type"":""MultiPoint"",""coordinates"":[]}"
20080724,2008-07-24,294.0959467050167,"{""type"":""MultiPoint"",""coordinates"":[]}"
20080725,2008-07-25,294.1073964211895,"{""type"":""MultiPoint"",""coordinates"":[]}"
20080726,2008-07-26,293.9932845290387,"{""type"":""MultiPoint"",""coordinates"":[]}"
20080727,2008-07-27,293.98772895344626,"{""type"":""MultiPoint"",""coordinates"":[]}"
20080728,2008-07-28,294.0362682947671,"{""type"":""MultiPoint"",""coordinates"":[]}"
20080729,2008-07-29,293.85906599852956,"{""type"":""MultiPoint"",""coordinates"":[]}"
20080730,2008-07-30,293.7896987860108,"{""type"":""MultiPoint"",""coordinates"":[]}"
20080731,2008-07-31,293.88046238714287,"{""type"":""MultiPoint"",""coordinates"":[]}"
20080801,2008-08-01,293.8445745160698,"{""type"":""MultiPoint"",""coordinates"":[]}"
20080802,2008-08-02,293.9092898497083,"{""type"":""MultiPoint"",""coordinates"":[]}"
20080803,2008-08-03,293.71042052855444,"{""type"":""MultiPoint"",""coordinates"":[]}"
20080804,2008-08-04,293.7723187688902,"{""type"":""MultiPoint"",""coordinates"":[]}"
20080805,2008-08-05,294.0518890254212,"{""type"":""MultiPoint"",""coordinates"":[]}"
20080806,2008-08-06,293.86023653509477,"{""type"":""MultiPoint"",""coordinates"":[]}"
20080807,2008-08-07,293.5870133793932,"{""type"":""MultiPoint"",""coordinates"":[]}"
20080808,2008-08-08,293.79316759937285,"{""type"":""MultiPoint"",""coordinates"":[]}"
20080809,2008-08-09,293.529616911965,"{""type"":""MultiPoint"",""coordinates"":[]}"
20080810,2008-08-10,293.7365461038268,"{""type"":""MultiPoint"",""coordinates"":[]}"
20080811,2008-08-11,293.6808016282516,"{""type"":""MultiPoint"",""coordinates"":[]}"
20080812,2008-08-12,293.7021706517083,"{""type"":""MultiPoint"",""coordinates"":[]}"
20080813,2008-08-13,294.0826888709706,"{""type"":""MultiPoint"",""coordinates"":[]}"
20080814,2008-08-14,293.86909459936993,"{""type"":""MultiPoint"",""coordinates"":[]}"
20080815,2008-08-15,293.35954681635144,"{""type"":""MultiPoint"",""coordinates"":[]}"
20080816,2008-08-16,293.32821812619915,"{""type"":""MultiPoint"",""coordinates"":[]}"
20080817,2008-08-17,293.30762899641246,"{""type"":""MultiPoint"",""coordinates"":[]}"
20080818,2008-08-18,293.0434735179194,"{""type"":""MultiPoint"",""coordinates"":[]}"
20080819,2008-08-19,292.83073283271887,"{""type"":""MultiPoint"",""coordinates"":[]}"
20080820,2008-08-20,292.81512484762845,"{""type"":""MultiPoint"",""coordinates"":[]}"
20080821,2008-08-21,292.7354283152232,"{""type"":""MultiPoint"",""coordinates"":[]}"
20080822,2008-08-22,292.7526347047617,"{""type"":""MultiPoint"",""coordinates"":[]}"
20080823,2008-08-23,292.69173004739895,"{""type"":""MultiPoint"",""coordinates"":[]}"
20080824,2008-08-24,292.97431307692335,"{""type"":""MultiPoint"",""coordinates"":[]}"
20080825,2008-08-25,293.9211064402924,"{""type"":""MultiPoint"",""coordinates"":[]}"
20080826,2008-08-26,293.77289104366207,"{""type"":""MultiPoint"",""coordinates"":[]}"
20080827,2008-08-27,293.03519988312087,"{""type"":""MultiPoint"",""coordinates"":[]}"
20080828,2008-08-28,293.4498735821246,"{""type"":""MultiPoint"",""coordinates"":[]}"
20080829,2008-08-29,293.9627148937214,"{""type"":""MultiPoint"",""coordinates"":[]}"
20080830,2008-08-30,294.5205908368952,"{""type"":""MultiPoint"",""coordinates"":[]}"
20080831,2008-08-31,294.8941621255776,"{""type"":""MultiPoint"",""coordinates"":[]}"
20080901,2008-09-01,294.81620249354944,"{""type"":""MultiPoint"",""coordinates"":[]}"
20080902,2008-09-02,294.7998938964468,"{""type"":""MultiPoint"",""coordinates"":[]}"
20080903,2008-09-03,294.891777040397,"{""type"":""MultiPoint"",""coordinates"":[]}"
20080904,2008-09-04,295.0055448983307,"{""type"":""MultiPoint"",""coordinates"":[]}"
20080905,2008-09-05,294.70429724117685,"{""type"":""MultiPoint"",""coordinates"":[]}"
20080906,2008-09-06,294.5684560910383,"{""type"":""MultiPoint"",""coordinates"":[]}"
20080907,2008-09-07,294.3227374199952,"{""type"":""MultiPoint"",""coordinates"":[]}"
20080908,2008-09-08,294.1102450622985,"{""type"":""MultiPoint"",""coordinates"":[]}"
20080909,2008-09-09,294.4265059487874,"{""type"":""MultiPoint"",""coordinates"":[]}"
20080910,2008-09-10,294.5997308028921,"{""type"":""MultiPoint"",""coordinates"":[]}"
20080911,2008-09-11,294.81291547278346,"{""type"":""MultiPoint"",""coordinates"":[]}"
20080912,2008-09-12,293.6068985514017,"{""type"":""MultiPoint"",""coordinates"":[]}"
20080913,2008-09-13,293.0210559280467,"{""type"":""MultiPoint"",""coordinates"":[]}"
20080914,2008-09-14,293.3327058405022,"{""type"":""MultiPoint"",""coordinates"":[]}"
20080915,2008-09-15,293.3878758854292,"{""type"":""MultiPoint"",""coordinates"":[]}"
20080916,2008-09-16,293.36396844533505,"{""type"":""MultiPoint"",""coordinates"":[]}"
20080917,2008-09-17,293.53138353102577,"{""type"":""MultiPoint"",""coordinates"":[]}"
20080918,2008-09-18,292.92572790603174,"{""type"":""MultiPoint"",""coordinates"":[]}"
20080919,2008-09-19,293.41655386345377,"{""type"":""MultiPoint"",""coordinates"":[]}"
20080920,2008-09-20,293.9906285446926,"{""type"":""MultiPoint"",""coordinates"":[]}"
20080921,2008-09-21,293.59614394566194,"{""type"":""MultiPoint"",""coordinates"":[]}"
20080922,2008-09-22,293.0112575126128,"{""type"":""MultiPoint"",""coordinates"":[]}"
20080923,2008-09-23,292.6972788514379,"{""type"":""MultiPoint"",""coordinates"":[]}"
20080924,2008-09-24,292.8334965845881,"{""type"":""MultiPoint"",""coordinates"":[]}"
20080925,2008-09-25,292.2710613425682,"{""type"":""MultiPoint"",""coordinates"":[]}"
20080926,2008-09-26,291.65881992900387,"{""type"":""MultiPoint"",""coordinates"":[]}"
20080927,2008-09-27,291.49459648437136,"{""type"":""MultiPoint"",""coordinates"":[]}"
20080928,2008-09-28,291.5780124659494,"{""type"":""MultiPoint"",""coordinates"":[]}"
20080929,2008-09-29,291.23442588162703,"{""type"":""MultiPoint"",""coordinates"":[]}"
20080930,2008-09-30,290.2542787670956,"{""type"":""MultiPoint"",""coordinates"":[]}"
20081001,2008-10-01,290.2333115810535,"{""type"":""MultiPoint"",""coordinates"":[]}"
20081002,2008-10-02,290.89008198719193,"{""type"":""MultiPoint"",""coordinates"":[]}"
20081003,2008-10-03,294.1230122807906,"{""type"":""MultiPoint"",""coordinates"":[]}"
20081004,2008-10-04,294.2628777618597,"{""type"":""MultiPoint"",""coordinates"":[]}"
20081005,2008-10-05,294.36447507585564,"{""type"":""MultiPoint"",""coordinates"":[]}"
20081006,2008-10-06,294.2214246831004,"{""type"":""MultiPoint"",""coordinates"":[]}"
20081007,2008-10-07,294.0880206935926,"{""type"":""MultiPoint"",""coordinates"":[]}"
20081008,2008-10-08,293.88143119280323,"{""type"":""MultiPoint"",""coordinates"":[]}"
20081009,2008-10-09,294.15404140971157,"{""type"":""MultiPoint"",""coordinates"":[]}"
20081010,2008-10-10,294.3328314244143,"{""type"":""MultiPoint"",""coordinates"":[]}"
20081011,2008-10-11,293.8299711924342,"{""type"":""MultiPoint"",""coordinates"":[]}"
20081012,2008-10-12,292.8069872278559,"{""type"":""MultiPoint"",""coordinates"":[]}"
20081013,2008-10-13,290.22848851595165,"{""type"":""MultiPoint"",""coordinates"":[]}"
20081014,2008-10-14,288.7209794762669,"{""type"":""MultiPoint"",""coordinates"":[]}"
20081015,2008-10-15,287.9132975129209,"{""type"":""MultiPoint"",""coordinates"":[]}"
20081016,2008-10-16,288.54244099508605,"{""type"":""MultiPoint"",""coordinates"":[]}"
20081017,2008-10-17,289.5245073394316,"{""type"":""MultiPoint"",""coordinates"":[]}"
20081018,2008-10-18,292.02293545225416,"{""type"":""MultiPoint"",""coordinates"":[]}"
20081019,2008-10-19,290.2962694780977,"{""type"":""MultiPoint"",""coordinates"":[]}"
20081020,2008-10-20,285.66687459072494,"{""type"":""MultiPoint"",""coordinates"":[]}"
20081021,2008-10-21,284.1623205113197,"{""type"":""MultiPoint"",""coordinates"":[]}"
20081022,2008-10-22,284.05861905877754,"{""type"":""MultiPoint"",""coordinates"":[]}"
20081023,2008-10-23,283.7603872043052,"{""type"":""MultiPoint"",""coordinates"":[]}"
20081024,2008-10-24,282.48080682551586,"{""type"":""MultiPoint"",""coordinates"":[]}"
20081025,2008-10-25,283.2730850719172,"{""type"":""MultiPoint"",""coordinates"":[]}"
20081026,2008-10-26,283.676675741004,"{""type"":""MultiPoint"",""coordinates"":[]}"
20081027,2008-10-27,284.64398629544394,"{""type"":""MultiPoint"",""coordinates"":[]}"
20081028,2008-10-28,285.62737853709393,"{""type"":""MultiPoint"",""coordinates"":[]}"
20081029,2008-10-29,284.56163552432434,"{""type"":""MultiPoint"",""coordinates"":[]}"
20081030,2008-10-30,284.33352545963163,"{""type"":""MultiPoint"",""coordinates"":[]}"
20081031,2008-10-31,284.0998456391961,"{""type"":""MultiPoint"",""coordinates"":[]}"
20081101,2008-11-01,284.1943142560729,"{""type"":""MultiPoint"",""coordinates"":[]}"
20081102,2008-11-02,283.00792251747987,"{""type"":""MultiPoint"",""coordinates"":[]}"
20081103,2008-11-03,282.41850482210515,"{""type"":""MultiPoint"",""coordinates"":[]}"
20081104,2008-11-04,282.3716720117199,"{""type"":""MultiPoint"",""coordinates"":[]}"
20081105,2008-11-05,282.60348766294425,"{""type"":""MultiPoint"",""coordinates"":[]}"
20081106,2008-11-06,283.53913484342837,"{""type"":""MultiPoint"",""coordinates"":[]}"
20081107,2008-11-07,284.22631530894597,"{""type"":""MultiPoint"",""coordinates"":[]}"
20081108,2008-11-08,284.47151730862527,"{""type"":""MultiPoint"",""coordinates"":[]}"
20081109,2008-11-09,284.19141550866317,"{""type"":""MultiPoint"",""coordinates"":[]}"
20081110,2008-11-10,285.9000371997576,"{""type"":""MultiPoint"",""coordinates"":[]}"
20081111,2008-11-11,286.8323709241203,"{""type"":""MultiPoint"",""coordinates"":[]}"
20081112,2008-11-12,286.00174133705866,"{""type"":""MultiPoint"",""coordinates"":[]}"
20081113,2008-11-13,285.92511985053267,"{""type"":""MultiPoint"",""coordinates"":[]}"
20081114,2008-11-14,286.27787197965375,"{""type"":""MultiPoint"",""coordinates"":[]}"
20081115,2008-11-15,285.4849787269863,"{""type"":""MultiPoint"",""coordinates"":[]}"
20081116,2008-11-16,286.84212835712435,"{""type"":""MultiPoint"",""coordinates"":[]}"
20081117,2008-11-17,291.63884635060487,"{""type"":""MultiPoint"",""coordinates"":[]}"
20081118,2008-11-18,292.29012514771,"{""type"":""MultiPoint"",""coordinates"":[]}"
20081119,2008-11-19,291.8249444430551,"{""type"":""MultiPoint"",""coordinates"":[]}"
20081120,2008-11-20,292.6565166287288,"{""type"":""MultiPoint"",""coordinates"":[]}"
20081121,2008-11-21,292.1175230565566,"{""type"":""MultiPoint"",""coordinates"":[]}"
20081122,2008-11-22,290.2438530585558,"{""type"":""MultiPoint"",""coordinates"":[]}"
20081123,2008-11-23,288.797270937808,"{""type"":""MultiPoint"",""coordinates"":[]}"
20081124,2008-11-24,285.8596007154024,"{""type"":""MultiPoint"",""coordinates"":[]}"
20081125,2008-11-25,281.13816709046216,"{""type"":""MultiPoint"",""coordinates"":[]}"
20081126,2008-11-26,278.79179262638525,"{""type"":""MultiPoint"",""coordinates"":[]}"
20081127,2008-11-27,278.0863546534104,"{""type"":""MultiPoint"",""coordinates"":[]}"
20081128,2008-11-28,286.70038234033433,"{""type"":""MultiPoint"",""coordinates"":[]}"
20081129,2008-11-29,293.04295383857425,"{""type"":""MultiPoint"",""coordinates"":[]}"
20081130,2008-11-30,293.1064724664804,"{""type"":""MultiPoint"",""coordinates"":[]}"
20081201,2008-12-01,293.0698892545046,"{""type"":""MultiPoint"",""coordinates"":[]}"
20081202,2008-12-02,292.8984935337269,"{""type"":""MultiPoint"",""coordinates"":[]}"
20081203,2008-12-03,292.7815785206242,"{""type"":""MultiPoint"",""coordinates"":[]}"
20081204,2008-12-04,289.0030993077711,"{""type"":""MultiPoint"",""coordinates"":[]}"
20081205,2008-12-05,286.2730061271617,"{""type"":""MultiPoint"",""coordinates"":[]}"
20081206,2008-12-06,285.06657243558016,"{""type"":""MultiPoint"",""coordinates"":[]}"
20081207,2008-12-07,284.487223229491,"{""type"":""MultiPoint"",""coordinates"":[]}"
20081208,2008-12-08,285.6425238016927,"{""type"":""MultiPoint"",""coordinates"":[]}"
20081209,2008-12-09,287.12432923929043,"{""type"":""MultiPoint"",""coordinates"":[]}"
20081210,2008-12-10,287.6810472498707,"{""type"":""MultiPoint"",""coordinates"":[]}"
20081211,2008-12-11,288.27371828888965,"{""type"":""MultiPoint"",""coordinates"":[]}"
20081212,2008-12-12,288.6034548095935,"{""type"":""MultiPoint"",""coordinates"":[]}"
20081213,2008-12-13,288.23054873456834,"{""type"":""MultiPoint"",""coordinates"":[]}"
20081214,2008-12-14,287.31648864776446,"{""type"":""MultiPoint"",""coordinates"":[]}"
20081215,2008-12-15,287.2424367505014,"{""type"":""MultiPoint"",""coordinates"":[]}"
20081216,2008-12-16,287.61291285533775,"{""type"":""MultiPoint"",""coordinates"":[]}"
20081217,2008-12-17,287.40390021246503,"{""type"":""MultiPoint"",""coordinates"":[]}"
20081218,2008-12-18,283.8962934182371,"{""type"":""MultiPoint"",""coordinates"":[]}"
20081219,2008-12-19,284.67047542188595,"{""type"":""MultiPoint"",""coordinates"":[]}"
20081220,2008-12-20,286.6163523388411,"{""type"":""MultiPoint"",""coordinates"":[]}"
20081221,2008-12-21,285.710113745583,"{""type"":""MultiPoint"",""coordinates"":[]}"
20081222,2008-12-22,284.2585471248922,"{""type"":""MultiPoint"",""coordinates"":[]}"
20081223,2008-12-23,284.50556697084295,"{""type"":""MultiPoint"",""coordinates"":[]}"
20081224,2008-12-24,284.98991988480304,"{""type"":""MultiPoint"",""coordinates"":[]}"
20081225,2008-12-25,283.2620769490851,"{""type"":""MultiPoint"",""coordinates"":[]}"
20081226,2008-12-26,280.16064908806396,"{""type"":""MultiPoint"",""coordinates"":[]}"
20081227,2008-12-27,279.12790447636,"{""type"":""MultiPoint"",""coordinates"":[]}"
20081228,2008-12-28,278.7270557848077,"{""type"":""MultiPoint"",""coordinates"":[]}"
20081229,2008-12-29,279.3899810423301,"{""type"":""MultiPoint"",""coordinates"":[]}"
20081230,2008-12-30,280.35453179917033,"{""type"":""MultiPoint"",""coordinates"":[]}"
20081231,2008-12-31,280.28171344885914,"{""type"":""MultiPoint"",""coordinates"":[]}"
20090101,2009-01-01,281.3923255988897,"{""type"":""MultiPoint"",""coordinates"":[]}"
20090102,2009-01-02,283.59429020622787,"{""type"":""MultiPoint"",""coordinates"":[]}"
20090103,2009-01-03,285.63705377971377,"{""type"":""MultiPoint"",""coordinates"":[]}"
20090104,2009-01-04,285.5565975637494,"{""type"":""MultiPoint"",""coordinates"":[]}"
20090105,2009-01-05,285.39545899174146,"{""type"":""MultiPoint"",""coordinates"":[]}"
20090106,2009-01-06,283.5529449873936,"{""type"":""MultiPoint"",""coordinates"":[]}"
20090107,2009-01-07,284.13635843245277,"{""type"":""MultiPoint"",""coordinates"":[]}"
20090108,2009-01-08,284.8316204808587,"{""type"":""MultiPoint"",""coordinates"":[]}"
20090109,2009-01-09,286.25573953916745,"{""type"":""MultiPoint"",""coordinates"":[]}"
20090110,2009-01-10,286.7080716829203,"{""type"":""MultiPoint"",""coordinates"":[]}"
20090111,2009-01-11,286.07155644052136,"{""type"":""MultiPoint"",""coordinates"":[]}"
20090112,2009-01-12,285.05508069311855,"{""type"":""MultiPoint"",""coordinates"":[]}"
20090113,2009-01-13,284.78379286506413,"{""type"":""MultiPoint"",""coordinates"":[]}"
20090114,2009-01-14,283.999214787308,"{""type"":""MultiPoint"",""coordinates"":[]}"
20090115,2009-01-15,283.9299165325949,"{""type"":""MultiPoint"",""coordinates"":[]}"
20090116,2009-01-16,282.999844858593,"{""type"":""MultiPoint"",""coordinates"":[]}"
20090117,2009-01-17,283.3417846080157,"{""type"":""MultiPoint"",""coordinates"":[]}"
20090118,2009-01-18,283.6184635374969,"{""type"":""MultiPoint"",""coordinates"":[]}"
20090119,2009-01-19,283.5538709377473,"{""type"":""MultiPoint"",""coordinates"":[]}"
20090120,2009-01-20,282.3636362821855,"{""type"":""MultiPoint"",""coordinates"":[]}"
20090121,2009-01-21,282.59577326966934,"{""type"":""MultiPoint"",""coordinates"":[]}"
20090122,2009-01-22,283.7378394143346,"{""type"":""MultiPoint"",""coordinates"":[]}"
20090123,2009-01-23,281.85206310957415,"{""type"":""MultiPoint"",""coordinates"":[]}"
20090124,2009-01-24,280.8922299101009,"{""type"":""MultiPoint"",""coordinates"":[]}"
20090125,2009-01-25,282.61257274882416,"{""type"":""MultiPoint"",""coordinates"":[]}"
20090126,2009-01-26,282.77703368524146,"{""type"":""MultiPoint"",""coordinates"":[]}"
20090127,2009-01-27,282.51453270063485,"{""type"":""MultiPoint"",""coordinates"":[]}"
20090128,2009-01-28,282.75438465162574,"{""type"":""MultiPoint"",""coordinates"":[]}"
20090129,2009-01-29,282.07564746095534,"{""type"":""MultiPoint"",""coordinates"":[]}"
20090130,2009-01-30,282.1926303391065,"{""type"":""MultiPoint"",""coordinates"":[]}"
20090131,2009-01-31,283.50921881888684,"{""type"":""MultiPoint"",""coordinates"":[]}"
20090201,2009-02-01,283.7909264604946,"{""type"":""MultiPoint"",""coordinates"":[]}"
20090202,2009-02-02,281.42310292559046,"{""type"":""MultiPoint"",""coordinates"":[]}"
20090203,2009-02-03,280.53506614411873,"{""type"":""MultiPoint"",""coordinates"":[]}"
20090204,2009-02-04,281.2188405840659,"{""type"":""MultiPoint"",""coordinates"":[]}"
20090205,2009-02-05,278.8988696405753,"{""type"":""MultiPoint"",""coordinates"":[]}"
20090206,2009-02-06,282.3527748747073,"{""type"":""MultiPoint"",""coordinates"":[]}"
20090207,2009-02-07,283.98147210200835,"{""type"":""MultiPoint"",""coordinates"":[]}"
20090208,2009-02-08,284.11932191151544,"{""type"":""MultiPoint"",""coordinates"":[]}"
20090209,2009-02-09,283.12824699959066,"{""type"":""MultiPoint"",""coordinates"":[]}"
20090210,2009-02-10,281.223688280866,"{""type"":""MultiPoint"",""coordinates"":[]}"
20090211,2009-02-11,279.1913314078466,"{""type"":""MultiPoint"",""coordinates"":[]}"
20090212,2009-02-12,281.2453370726213,"{""type"":""MultiPoint"",""coordinates"":[]}"
20090213,2009-02-13,282.0650219492232,"{""type"":""MultiPoint"",""coordinates"":[]}"
20090214,2009-02-14,282.5003013762405,"{""type"":""MultiPoint"",""coordinates"":[]}"
20090215,2009-02-15,282.7914751848703,"{""type"":""MultiPoint"",""coordinates"":[]}"
20090216,2009-02-16,283.3926723342264,"{""type"":""MultiPoint"",""coordinates"":[]}"
20090217,2009-02-17,284.32979107468896,"{""type"":""MultiPoint"",""coordinates"":[]}"
20090218,2009-02-18,283.71234352552364,"{""type"":""MultiPoint"",""coordinates"":[]}"
20090219,2009-02-19,282.6141301685086,"{""type"":""MultiPoint"",""coordinates"":[]}"
20090220,2009-02-20,282.59977569566706,"{""type"":""MultiPoint"",""coordinates"":[]}"
20090221,2009-02-21,281.8852605882229,"{""type"":""MultiPoint"",""coordinates"":[]}"
20090222,2009-02-22,283.3912886074017,"{""type"":""MultiPoint"",""coordinates"":[]}"
20090223,2009-02-23,282.3676910558086,"{""type"":""MultiPoint"",""coordinates"":[]}"
20090224,2009-02-24,280.7131533358433,"{""type"":""MultiPoint"",""coordinates"":[]}"
20090225,2009-02-25,280.9670106071771,"{""type"":""MultiPoint"",""coordinates"":[]}"
20090226,2009-02-26,281.23478499416075,"{""type"":""MultiPoint"",""coordinates"":[]}"
20090227,2009-02-27,280.0442047733729,"{""type"":""MultiPoint"",""coordinates"":[]}"
20090228,2009-02-28,278.7500262718685,"{""type"":""MultiPoint"",""coordinates"":[]}"
20090301,2009-03-01,278.9792531369845,"{""type"":""MultiPoint"",""coordinates"":[]}"
20090302,2009-03-02,279.6065012501611,"{""type"":""MultiPoint"",""coordinates"":[]}"
20090303,2009-03-03,278.4989964075395,"{""type"":""MultiPoint"",""coordinates"":[]}"
20090304,2009-03-04,280.8056331862711,"{""type"":""MultiPoint"",""coordinates"":[]}"
20090305,2009-03-05,281.71094866558906,"{""type"":""MultiPoint"",""coordinates"":[]}"
20090306,2009-03-06,281.06369945872535,"{""type"":""MultiPoint"",""coordinates"":[]}"
20090307,2009-03-07,278.0092708915131,"{""type"":""MultiPoint"",""coordinates"":[]}"
20090308,2009-03-08,282.481413774867,"{""type"":""MultiPoint"",""coordinates"":[]}"
20090309,2009-03-09,283.6384886333472,"{""type"":""MultiPoint"",""coordinates"":[]}"
20090310,2009-03-10,282.1640942413791,"{""type"":""MultiPoint"",""coordinates"":[]}"
20090311,2009-03-11,283.6763671491773,"{""type"":""MultiPoint"",""coordinates"":[]}"
20090312,2009-03-12,283.55971798127325,"{""type"":""MultiPoint"",""coordinates"":[]}"
20090313,2009-03-13,285.4496145674644,"{""type"":""MultiPoint"",""coordinates"":[]}"
20090314,2009-03-14,286.3338323477354,"{""type"":""MultiPoint"",""coordinates"":[]}"
20090315,2009-03-15,284.66153771513046,"{""type"":""MultiPoint"",""coordinates"":[]}"
20090316,2009-03-16,282.86818349104254,"{""type"":""MultiPoint"",""coordinates"":[]}"
20090317,2009-03-17,282.8071834393939,"{""type"":""MultiPoint"",""coordinates"":[]}"
20090318,2009-03-18,280.4657088058618,"{""type"":""MultiPoint"",""coordinates"":[]}"
20090319,2009-03-19,281.99752463360767,"{""type"":""MultiPoint"",""coordinates"":[]}"
20090320,2009-03-20,284.2428782301581,"{""type"":""MultiPoint"",""coordinates"":[]}"
20090321,2009-03-21,283.98156241866485,"{""type"":""MultiPoint"",""coordinates"":[]}"
20090322,2009-03-22,281.5477669760366,"{""type"":""MultiPoint"",""coordinates"":[]}"
20090323,2009-03-23,282.01697433190077,"{""type"":""MultiPoint"",""coordinates"":[]}"
20090324,2009-03-24,286.12598669764174,"{""type"":""MultiPoint"",""coordinates"":[]}"
20090325,2009-03-25,282.3652631451493,"{""type"":""MultiPoint"",""coordinates"":[]}"
20090326,2009-03-26,280.8472610507176,"{""type"":""MultiPoint"",""coordinates"":[]}"
20090327,2009-03-27,281.63808581031094,"{""type"":""MultiPoint"",""coordinates"":[]}"
20090328,2009-03-28,283.46140390411034,"{""type"":""MultiPoint"",""coordinates"":[]}"
20090329,2009-03-29,284.68388149703065,"{""type"":""MultiPoint"",""coordinates"":[]}"
20090330,2009-03-30,283.05184379564105,"{""type"":""MultiPoint"",""coordinates"":[]}"
20090331,2009-03-31,284.45292693392787,"{""type"":""MultiPoint"",""coordinates"":[]}"
20090401,2009-04-01,283.4159050948276,"{""type"":""MultiPoint"",""coordinates"":[]}"
20090402,2009-04-02,285.68418245862887,"{""type"":""MultiPoint"",""coordinates"":[]}"
20090403,2009-04-03,285.0794742505608,"{""type"":""MultiPoint"",""coordinates"":[]}"
20090404,2009-04-04,286.59047183485757,"{""type"":""MultiPoint"",""coordinates"":[]}"
20090405,2009-04-05,286.9997099011104,"{""type"":""MultiPoint"",""coordinates"":[]}"
20090406,2009-04-06,282.04937253773215,"{""type"":""MultiPoint"",""coordinates"":[]}"
20090407,2009-04-07,283.30083356773054,"{""type"":""MultiPoint"",""coordinates"":[]}"
20090408,2009-04-08,284.4140950184197,"{""type"":""MultiPoint"",""coordinates"":[]}"
20090409,2009-04-09,277.56207442872056,"{""type"":""MultiPoint"",""coordinates"":[]}"
20090410,2009-04-10,280.47207298110874,"{""type"":""MultiPoint"",""coordinates"":[]}"
20090411,2009-04-11,281.562445390791,"{""type"":""MultiPoint"",""coordinates"":[]}"
20090412,2009-04-12,284.8877895475016,"{""type"":""MultiPoint"",""coordinates"":[]}"
20090413,2009-04-13,282.91542148215063,"{""type"":""MultiPoint"",""coordinates"":[]}"
20090414,2009-04-14,283.7491483581494,"{""type"":""MultiPoint"",""coordinates"":[]}"
20090415,2009-04-15,287.23641918047707,"{""type"":""MultiPoint"",""coordinates"":[]}"
20090416,2009-04-16,286.0907255467848,"{""type"":""MultiPoint"",""coordinates"":[]}"
20090417,2009-04-17,283.5773255227134,"{""type"":""MultiPoint"",""coordinates"":[]}"
20090418,2009-04-18,282.5393515795006,"{""type"":""MultiPoint"",""coordinates"":[]}"
20090419,2009-04-19,285.95107919490283,"{""type"":""MultiPoint"",""coordinates"":[]}"
20090420,2009-04-20,289.51931568640356,"{""type"":""MultiPoint"",""coordinates"":[]}"
20090421,2009-04-21,287.6753735815226,"{""type"":""MultiPoint"",""coordinates"":[]}"
20090422,2009-04-22,287.125214788245,"{""type"":""MultiPoint"",""coordinates"":[]}"
20090423,2009-04-23,281.5355277002593,"{""type"":""MultiPoint"",""coordinates"":[]}"
20090424,2009-04-24,278.93009612753724,"{""type"":""MultiPoint"",""coordinates"":[]}"
20090425,2009-04-25,277.97133179807685,"{""type"":""MultiPoint"",""coordinates"":[]}"
20090426,2009-04-26,280.6377011880569,"{""type"":""MultiPoint"",""coordinates"":[]}"
20090427,2009-04-27,284.131469203704,"{""type"":""MultiPoint"",""coordinates"":[]}"
20090428,2009-04-28,285.2450760810479,"{""type"":""MultiPoint"",""coordinates"":[]}"
20090429,2009-04-29,287.90959798730336,"{""type"":""MultiPoint"",""coordinates"":[]}"
20090430,2009-04-30,288.21790956050086,"{""type"":""MultiPoint"",""coordinates"":[]}"
20090501,2009-05-01,288.1036813003626,"{""type"":""MultiPoint"",""coordinates"":[]}"
20090502,2009-05-02,287.5985984791988,"{""type"":""MultiPoint"",""coordinates"":[]}"
20090503,2009-05-03,285.11695622872617,"{""type"":""MultiPoint"",""coordinates"":[]}"
20090504,2009-05-04,286.09644014138246,"{""type"":""MultiPoint"",""coordinates"":[]}"
20090505,2009-05-05,288.9176374413883,"{""type"":""MultiPoint"",""coordinates"":[]}"
20090506,2009-05-06,287.97570852775806,"{""type"":""MultiPoint"",""coordinates"":[]}"
20090507,2009-05-07,286.0255991917366,"{""type"":""MultiPoint"",""coordinates"":[]}"
20090508,2009-05-08,286.1751791363244,"{""type"":""MultiPoint"",""coordinates"":[]}"
20090509,2009-05-09,284.7492730776352,"{""type"":""MultiPoint"",""coordinates"":[]}"
20090510,2009-05-10,285.1840122011743,"{""type"":""MultiPoint"",""coordinates"":[]}"
20090511,2009-05-11,286.8277362757393,"{""type"":""MultiPoint"",""coordinates"":[]}"
20090512,2009-05-12,286.8122595989752,"{""type"":""MultiPoint"",""coordinates"":[]}"
20090513,2009-05-13,290.8651228535334,"{""type"":""MultiPoint"",""coordinates"":[]}"
20090514,2009-05-14,291.06034690833724,"{""type"":""MultiPoint"",""coordinates"":[]}"
20090515,2009-05-15,291.97977910100775,"{""type"":""MultiPoint"",""coordinates"":[]}"
20090516,2009-05-16,292.21842324568166,"{""type"":""MultiPoint"",""coordinates"":[]}"
20090517,2009-05-17,291.6442749299771,"{""type"":""MultiPoint"",""coordinates"":[]}"
20090518,2009-05-18,292.87522322128245,"{""type"":""MultiPoint"",""coordinates"":[]}"
20090519,2009-05-19,293.54641097104434,"{""type"":""MultiPoint"",""coordinates"":[]}"
20090520,2009-05-20,293.59534513535067,"{""type"":""MultiPoint"",""coordinates"":[]}"
20090521,2009-05-21,293.97997227467926,"{""type"":""MultiPoint"",""coordinates"":[]}"
20090522,2009-05-22,294.2794383722017,"{""type"":""MultiPoint"",""coordinates"":[]}"
20090523,2009-05-23,293.1973865851472,"{""type"":""MultiPoint"",""coordinates"":[]}"
20090524,2009-05-24,291.8187131423718,"{""type"":""MultiPoint"",""coordinates"":[]}"
20090525,2009-05-25,291.01976819517404,"{""type"":""MultiPoint"",""coordinates"":[]}"
20090526,2009-05-26,291.3993456084814,"{""type"":""MultiPoint"",""coordinates"":[]}"
20090527,2009-05-27,291.5451402168241,"{""type"":""MultiPoint"",""coordinates"":[]}"
20090528,2009-05-28,291.7949306787852,"{""type"":""MultiPoint"",""coordinates"":[]}"
20090529,2009-05-29,291.9584411592743,"{""type"":""MultiPoint"",""coordinates"":[]}"
20090530,2009-05-30,291.87704382200883,"{""type"":""MultiPoint"",""coordinates"":[]}"
20090531,2009-05-31,292.14091549874837,"{""type"":""MultiPoint"",""coordinates"":[]}"
20090601,2009-06-01,293.17592897615776,"{""type"":""MultiPoint"",""coordinates"":[]}"
20090602,2009-06-02,293.8249311375106,"{""type"":""MultiPoint"",""coordinates"":[]}"
20090603,2009-06-03,293.8305935466915,"{""type"":""MultiPoint"",""coordinates"":[]}"
20090604,2009-06-04,294.1426852339294,"{""type"":""MultiPoint"",""coordinates"":[]}"
20090605,2009-06-05,293.7826286837875,"{""type"":""MultiPoint"",""coordinates"":[]}"
20090606,2009-06-06,294.36851528447403,"{""type"":""MultiPoint"",""coordinates"":[]}"
20090607,2009-06-07,294.27542570088013,"{""type"":""MultiPoint"",""coordinates"":[]}"
20090608,2009-06-08,292.98678098375177,"{""type"":""MultiPoint"",""coordinates"":[]}"
20090609,2009-06-09,292.4407650475394,"{""type"":""MultiPoint"",""coordinates"":[]}"
20090610,2009-06-10,292.3098151215901,"{""type"":""MultiPoint"",""coordinates"":[]}"
20090611,2009-06-11,292.4716656273594,"{""type"":""MultiPoint"",""coordinates"":[]}"
20090612,2009-06-12,292.1135816213201,"{""type"":""MultiPoint"",""coordinates"":[]}"
20090613,2009-06-13,291.9936987433614,"{""type"":""MultiPoint"",""coordinates"":[]}"
20090614,2009-06-14,292.30960388601443,"{""type"":""MultiPoint"",""coordinates"":[]}"
20090615,2009-06-15,291.9475437158774,"{""type"":""MultiPoint"",""coordinates"":[]}"
20090616,2009-06-16,292.4213415014607,"{""type"":""MultiPoint"",""coordinates"":[]}"
20090617,2009-06-17,292.70939682144916,"{""type"":""MultiPoint"",""coordinates"":[]}"
20090618,2009-06-18,292.8073929612971,"{""type"":""MultiPoint"",""coordinates"":[]}"
20090619,2009-06-19,293.91477854728134,"{""type"":""MultiPoint"",""coordinates"":[]}"
20090620,2009-06-20,294.91214249359865,"{""type"":""MultiPoint"",""coordinates"":[]}"
20090621,2009-06-21,294.41397190352274,"{""type"":""MultiPoint"",""coordinates"":[]}"
20090622,2009-06-22,293.92473015340175,"{""type"":""MultiPoint"",""coordinates"":[]}"
20090623,2009-06-23,293.5993211578107,"{""type"":""MultiPoint"",""coordinates"":[]}"
20090624,2009-06-24,293.83071644498676,"{""type"":""MultiPoint"",""coordinates"":[]}"
20090625,2009-06-25,293.9652993675764,"{""type"":""MultiPoint"",""coordinates"":[]}"
20090626,2009-06-26,293.96241218958096,"{""type"":""MultiPoint"",""coordinates"":[]}"
20090627,2009-06-27,293.9756326381621,"{""type"":""MultiPoint"",""coordinates"":[]}"
20090628,2009-06-28,294.16361819881865,"{""type"":""MultiPoint"",""coordinates"":[]}"
20090629,2009-06-29,294.56402523482177,"{""type"":""MultiPoint"",""coordinates"":[]}"
20090630,2009-06-30,294.2356995659882,"{""type"":""MultiPoint"",""coordinates"":[]}"
20090701,2009-07-01,294.6007898911814,"{""type"":""MultiPoint"",""coordinates"":[]}"
20090702,2009-07-02,294.77508796582003,"{""type"":""MultiPoint"",""coordinates"":[]}"
20090703,2009-07-03,294.3630667244281,"{""type"":""MultiPoint"",""coordinates"":[]}"
20090704,2009-07-04,294.2804336533898,"{""type"":""MultiPoint"",""coordinates"":[]}"
20090705,2009-07-05,293.8204239944147,"{""type"":""MultiPoint"",""coordinates"":[]}"
20090706,2009-07-06,294.5919087622231,"{""type"":""MultiPoint"",""coordinates"":[]}"
20090707,2009-07-07,295.162940182428,"{""type"":""MultiPoint"",""coordinates"":[]}"
20090708,2009-07-08,294.87646424726535,"{""type"":""MultiPoint"",""coordinates"":[]}"
20090709,2009-07-09,294.5143416405361,"{""type"":""MultiPoint"",""coordinates"":[]}"
20090710,2009-07-10,294.60094808499053,"{""type"":""MultiPoint"",""coordinates"":[]}"
20090711,2009-07-11,294.1698558067855,"{""type"":""MultiPoint"",""coordinates"":[]}"
20090712,2009-07-12,293.9737685270528,"{""type"":""MultiPoint"",""coordinates"":[]}"
20090713,2009-07-13,294.06276577149913,"{""type"":""MultiPoint"",""coordinates"":[]}"
20090714,2009-07-14,294.3197822856211,"{""type"":""MultiPoint"",""coordinates"":[]}"
20090715,2009-07-15,294.51878707573826,"{""type"":""MultiPoint"",""coordinates"":[]}"
20090716,2009-07-16,294.1957763700176,"{""type"":""MultiPoint"",""coordinates"":[]}"
20090717,2009-07-17,293.9929478780936,"{""type"":""MultiPoint"",""coordinates"":[]}"
20090718,2009-07-18,293.7342550731824,"{""type"":""MultiPoint"",""coordinates"":[]}"
20090719,2009-07-19,293.69719623773403,"{""type"":""MultiPoint"",""coordinates"":[]}"
20090720,2009-07-20,293.81619304719396,"{""type"":""MultiPoint"",""coordinates"":[]}"
20090721,2009-07-21,294.0159932104809,"{""type"":""MultiPoint"",""coordinates"":[]}"
20090722,2009-07-22,293.91884291265404,"{""type"":""MultiPoint"",""coordinates"":[]}"
20090723,2009-07-23,293.63346008791115,"{""type"":""MultiPoint"",""coordinates"":[]}"
20090724,2009-07-24,294.0711711412959,"{""type"":""MultiPoint"",""coordinates"":[]}"
20090725,2009-07-25,293.5755829455398,"{""type"":""MultiPoint"",""coordinates"":[]}"
20090726,2009-07-26,293.41343621242504,"{""type"":""MultiPoint"",""coordinates"":[]}"
20090727,2009-07-27,293.557030836079,"{""type"":""MultiPoint"",""coordinates"":[]}"
20090728,2009-07-28,293.61236556008436,"{""type"":""MultiPoint"",""coordinates"":[]}"
20090729,2009-07-29,293.7692661960652,"{""type"":""MultiPoint"",""coordinates"":[]}"
20090730,2009-07-30,293.8589178972539,"{""type"":""MultiPoint"",""coordinates"":[]}"
20090731,2009-07-31,293.5233732275846,"{""type"":""MultiPoint"",""coordinates"":[]}"
20090801,2009-08-01,293.467620280528,"{""type"":""MultiPoint"",""coordinates"":[]}"
20090802,2009-08-02,293.509920096117,"{""type"":""MultiPoint"",""coordinates"":[]}"
20090803,2009-08-03,293.3717903049418,"{""type"":""MultiPoint"",""coordinates"":[]}"
20090804,2009-08-04,293.218449185628,"{""type"":""MultiPoint"",""coordinates"":[]}"
20090805,2009-08-05,293.1376236914564,"{""type"":""MultiPoint"",""coordinates"":[]}"
20090806,2009-08-06,293.28191216542956,"{""type"":""MultiPoint"",""coordinates"":[]}"
20090807,2009-08-07,293.4670867277753,"{""type"":""MultiPoint"",""coordinates"":[]}"
20090808,2009-08-08,293.52240071793057,"{""type"":""MultiPoint"",""coordinates"":[]}"
20090809,2009-08-09,293.2853094333683,"{""type"":""MultiPoint"",""coordinates"":[]}"
20090810,2009-08-10,293.32624418980083,"{""type"":""MultiPoint"",""coordinates"":[]}"
20090811,2009-08-11,293.8289863623625,"{""type"":""MultiPoint"",""coordinates"":[]}"
20090812,2009-08-12,293.5556753322239,"{""type"":""MultiPoint"",""coordinates"":[]}"
20090813,2009-08-13,293.3092491636326,"{""type"":""MultiPoint"",""coordinates"":[]}"
20090814,2009-08-14,293.34919576173723,"{""type"":""MultiPoint"",""coordinates"":[]}"
20090815,2009-08-15,293.2388389946708,"{""type"":""MultiPoint"",""coordinates"":[]}"
20090816,2009-08-16,293.4470627398095,"{""type"":""MultiPoint"",""coordinates"":[]}"
20090817,2009-08-17,293.38625179015213,"{""type"":""MultiPoint"",""coordinates"":[]}"
20090818,2009-08-18,294.58109095769896,"{""type"":""MultiPoint"",""coordinates"":[]}"
20090819,2009-08-19,295.3296366990101,"{""type"":""MultiPoint"",""coordinates"":[]}"
20090820,2009-08-20,295.28353520104577,"{""type"":""MultiPoint"",""coordinates"":[]}"
20090821,2009-08-21,294.82602209461044,"{""type"":""MultiPoint"",""coordinates"":[]}"
20090822,2009-08-22,294.34675357523616,"{""type"":""MultiPoint"",""coordinates"":[]}"
20090823,2009-08-23,294.7883904229824,"{""type"":""MultiPoint"",""coordinates"":[]}"
20090824,2009-08-24,294.30274964381596,"{""type"":""MultiPoint"",""coordinates"":[]}"
20090825,2009-08-25,293.9836913066076,"{""type"":""MultiPoint"",""coordinates"":[]}"
20090826,2009-08-26,293.53174548219107,"{""type"":""MultiPoint"",""coordinates"":[]}"
20090827,2009-08-27,293.39025929945115,"{""type"":""MultiPoint"",""coordinates"":[]}"
20090828,2009-08-28,293.8166604022002,"{""type"":""MultiPoint"",""coordinates"":[]}"
20090829,2009-08-29,294.02424827514653,"{""type"":""MultiPoint"",""coordinates"":[]}"
20090830,2009-08-30,293.89941924698303,"{""type"":""MultiPoint"",""coordinates"":[]}"
20090831,2009-08-31,294.14731803984813,"{""type"":""MultiPoint"",""coordinates"":[]}"
20090901,2009-09-01,294.55916866131827,"{""type"":""MultiPoint"",""coordinates"":[]}"
20090902,2009-09-02,294.5589679173158,"{""type"":""MultiPoint"",""coordinates"":[]}"
20090903,2009-09-03,294.59046130079753,"{""type"":""MultiPoint"",""coordinates"":[]}"
20090904,2009-09-04,294.38355672537483,"{""type"":""MultiPoint"",""coordinates"":[]}"
20090905,2009-09-05,294.17380618383095,"{""type"":""MultiPoint"",""coordinates"":[]}"
20090906,2009-09-06,293.52101836613764,"{""type"":""MultiPoint"",""coordinates"":[]}"
20090907,2009-09-07,293.8595802694014,"{""type"":""MultiPoint"",""coordinates"":[]}"
20090908,2009-09-08,293.7754158564226,"{""type"":""MultiPoint"",""coordinates"":[]}"
20090909,2009-09-09,293.85063085614127,"{""type"":""MultiPoint"",""coordinates"":[]}"
20090910,2009-09-10,293.6715461321813,"{""type"":""MultiPoint"",""coordinates"":[]}"
20090911,2009-09-11,294.13234940312196,"{""type"":""MultiPoint"",""coordinates"":[]}"
20090912,2009-09-12,294.79597453335475,"{""type"":""MultiPoint"",""coordinates"":[]}"
20090913,2009-09-13,295.2805401614481,"{""type"":""MultiPoint"",""coordinates"":[]}"
20090914,2009-09-14,294.99884396898204,"{""type"":""MultiPoint"",""coordinates"":[]}"
20090915,2009-09-15,294.56102390775976,"{""type"":""MultiPoint"",""coordinates"":[]}"
20090916,2009-09-16,294.14844592210596,"{""type"":""MultiPoint"",""coordinates"":[]}"
20090917,2009-09-17,294.0409571732417,"{""type"":""MultiPoint"",""coordinates"":[]}"
20090918,2009-09-18,293.34771126634405,"{""type"":""MultiPoint"",""coordinates"":[]}"
20090919,2009-09-19,294.640013779472,"{""type"":""MultiPoint"",""coordinates"":[]}"
20090920,2009-09-20,294.9233736906192,"{""type"":""MultiPoint"",""coordinates"":[]}"
20090921,2009-09-21,295.26642871713375,"{""type"":""MultiPoint"",""coordinates"":[]}"
20090922,2009-09-22,295.7370899810954,"{""type"":""MultiPoint"",""coordinates"":[]}"
20090923,2009-09-23,295.47132546565825,"{""type"":""MultiPoint"",""coordinates"":[]}"
20090924,2009-09-24,295.46213276879485,"{""type"":""MultiPoint"",""coordinates"":[]}"
20090925,2009-09-25,294.85220312395285,"{""type"":""MultiPoint"",""coordinates"":[]}"
20090926,2009-09-26,294.68192527205275,"{""type"":""MultiPoint"",""coordinates"":[]}"
20090927,2009-09-27,294.17728507916456,"{""type"":""MultiPoint"",""coordinates"":[]}"
20090928,2009-09-28,294.83148740724494,"{""type"":""MultiPoint"",""coordinates"":[]}"
20090929,2009-09-29,295.2752511494374,"{""type"":""MultiPoint"",""coordinates"":[]}"
20090930,2009-09-30,295.3413076711273,"{""type"":""MultiPoint"",""coordinates"":[]}"
20091001,2009-10-01,295.53673964640893,"{""type"":""MultiPoint"",""coordinates"":[]}"
20091002,2009-10-02,295.58039456997045,"{""type"":""MultiPoint"",""coordinates"":[]}"
20091003,2009-10-03,295.6380122560517,"{""type"":""MultiPoint"",""coordinates"":[]}"
20091004,2009-10-04,295.0805992100287,"{""type"":""MultiPoint"",""coordinates"":[]}"
20091005,2009-10-05,294.6665910701464,"{""type"":""MultiPoint"",""coordinates"":[]}"
20091006,2009-10-06,294.17393101692096,"{""type"":""MultiPoint"",""coordinates"":[]}"
20091007,2009-10-07,293.73268927114873,"{""type"":""MultiPoint"",""coordinates"":[]}"
20091008,2009-10-08,292.2281493564591,"{""type"":""MultiPoint"",""coordinates"":[]}"
20091009,2009-10-09,291.4963678786871,"{""type"":""MultiPoint"",""coordinates"":[]}"
20091010,2009-10-10,291.70712610200525,"{""type"":""MultiPoint"",""coordinates"":[]}"
20091011,2009-10-11,293.0427834563317,"{""type"":""MultiPoint"",""coordinates"":[]}"
20091012,2009-10-12,293.1057409910409,"{""type"":""MultiPoint"",""coordinates"":[]}"
20091013,2009-10-13,292.9948584318056,"{""type"":""MultiPoint"",""coordinates"":[]}"
20091014,2009-10-14,291.5038407045986,"{""type"":""MultiPoint"",""coordinates"":[]}"
20091015,2009-10-15,290.12975907696335,"{""type"":""MultiPoint"",""coordinates"":[]}"
20091016,2009-10-16,289.9913131839863,"{""type"":""MultiPoint"",""coordinates"":[]}"
20091017,2009-10-17,289.59339512219276,"{""type"":""MultiPoint"",""coordinates"":[]}"
20091018,2009-10-18,289.3644676281433,"{""type"":""MultiPoint"",""coordinates"":[]}"
20091019,2009-10-19,288.66838269605734,"{""type"":""MultiPoint"",""coordinates"":[]}"
20091020,2009-10-20,288.9560532596149,"{""type"":""MultiPoint"",""coordinates"":[]}"
20091021,2009-10-21,289.63640042950067,"{""type"":""MultiPoint"",""coordinates"":[]}"
20091022,2009-10-22,289.33826095985523,"{""type"":""MultiPoint"",""coordinates"":[]}"
20091023,2009-10-23,286.76397086672404,"{""type"":""MultiPoint"",""coordinates"":[]}"
20091024,2009-10-24,284.1756072322524,"{""type"":""MultiPoint"",""coordinates"":[]}"
20091025,2009-10-25,283.9389227838822,"{""type"":""MultiPoint"",""coordinates"":[]}"
20091026,2009-10-26,284.6153438696597,"{""type"":""MultiPoint"",""coordinates"":[]}"
20091027,2009-10-27,283.88977498062474,"{""type"":""MultiPoint"",""coordinates"":[]}"
20091028,2009-10-28,283.9593576762429,"{""type"":""MultiPoint"",""coordinates"":[]}"
20091029,2009-10-29,284.3395145234362,"{""type"":""MultiPoint"",""coordinates"":[]}"
20091030,2009-10-30,283.14569335773433,"{""type"":""MultiPoint"",""coordinates"":[]}"
20091031,2009-10-31,281.678505390038,"{""type"":""MultiPoint"",""coordinates"":[]}"
20091101,2009-11-01,280.9173344997229,"{""type"":""MultiPoint"",""coordinates"":[]}"
20091102,2009-11-02,280.35194486663175,"{""type"":""MultiPoint"",""coordinates"":[]}"
20091103,2009-11-03,281.3540827820962,"{""type"":""MultiPoint"",""coordinates"":[]}"
20091104,2009-11-04,282.53366650875915,"{""type"":""MultiPoint"",""coordinates"":[]}"
20091105,2009-11-05,285.03277593130235,"{""type"":""MultiPoint"",""coordinates"":[]}"
20091106,2009-11-06,289.03133067949796,"{""type"":""MultiPoint"",""coordinates"":[]}"
20091107,2009-11-07,289.3372680602274,"{""type"":""MultiPoint"",""coordinates"":[]}"
20091108,2009-11-08,291.6131959734799,"{""type"":""MultiPoint"",""coordinates"":[]}"
20091109,2009-11-09,293.33498021917865,"{""type"":""MultiPoint"",""coordinates"":[]}"
20091110,2009-11-10,292.8449161013206,"{""type"":""MultiPoint"",""coordinates"":[]}"
20091111,2009-11-11,293.1273185206589,"{""type"":""MultiPoint"",""coordinates"":[]}"
20091112,2009-11-12,293.28225519860075,"{""type"":""MultiPoint"",""coordinates"":[]}"
20091113,2009-11-13,292.21164039915794,"{""type"":""MultiPoint"",""coordinates"":[]}"
20091114,2009-11-14,293.26402690561764,"{""type"":""MultiPoint"",""coordinates"":[]}"
20091115,2009-11-15,293.78148733701863,"{""type"":""MultiPoint"",""coordinates"":[]}"
20091116,2009-11-16,293.72119923457046,"{""type"":""MultiPoint"",""coordinates"":[]}"
20091117,2009-11-17,293.7122379796986,"{""type"":""MultiPoint"",""coordinates"":[]}"
20091118,2009-11-18,292.3220726021849,"{""type"":""MultiPoint"",""coordinates"":[]}"
20091119,2009-11-19,290.7110953752693,"{""type"":""MultiPoint"",""coordinates"":[]}"
20091120,2009-11-20,288.82713758068667,"{""type"":""MultiPoint"",""coordinates"":[]}"
20091121,2009-11-21,288.34813775290803,"{""type"":""MultiPoint"",""coordinates"":[]}"
20091122,2009-11-22,288.01922147017183,"{""type"":""MultiPoint"",""coordinates"":[]}"
20091123,2009-11-23,287.5269219745281,"{""type"":""MultiPoint"",""coordinates"":[]}"
20091124,2009-11-24,288.1895131083563,"{""type"":""MultiPoint"",""coordinates"":[]}"
20091125,2009-11-25,289.16757823455606,"{""type"":""MultiPoint"",""coordinates"":[]}"
20091126,2009-11-26,289.8197775536607,"{""type"":""MultiPoint"",""coordinates"":[]}"
20091127,2009-11-27,288.8698627220995,"{""type"":""MultiPoint"",""coordinates"":[]}"
20091128,2009-11-28,286.46948782701566,"{""type"":""MultiPoint"",""coordinates"":[]}"
20091129,2009-11-29,284.8003392608408,"{""type"":""MultiPoint"",""coordinates"":[]}"
20091130,2009-11-30,284.85796127614395,"{""type"":""MultiPoint"",""coordinates"":[]}"
20091201,2009-12-01,285.31754731098397,"{""type"":""MultiPoint"",""coordinates"":[]}"
20091202,2009-12-02,286.4839121866505,"{""type"":""MultiPoint"",""coordinates"":[]}"
20091203,2009-12-03,287.3545398981553,"{""type"":""MultiPoint"",""coordinates"":[]}"
20091204,2009-12-04,287.5764046692162,"{""type"":""MultiPoint"",""coordinates"":[]}"
20091205,2009-12-05,288.0718817170271,"{""type"":""MultiPoint"",""coordinates"":[]}"
20091206,2009-12-06,288.8002482884581,"{""type"":""MultiPoint"",""coordinates"":[]}"
20091207,2009-12-07,288.38788394695706,"{""type"":""MultiPoint"",""coordinates"":[]}"
20091208,2009-12-08,286.64825590999124,"{""type"":""MultiPoint"",""coordinates"":[]}"
20091209,2009-12-09,286.35400221700996,"{""type"":""MultiPoint"",""coordinates"":[]}"
20091210,2009-12-10,286.46870699940894,"{""type"":""MultiPoint"",""coordinates"":[]}"
20091211,2009-12-11,286.3556005609019,"{""type"":""MultiPoint"",""coordinates"":[]}"
20091212,2009-12-12,285.95812896807803,"{""type"":""MultiPoint"",""coordinates"":[]}"
20091213,2009-12-13,285.64065838495435,"{""type"":""MultiPoint"",""coordinates"":[]}"
20091214,2009-12-14,286.86712055743305,"{""type"":""MultiPoint"",""coordinates"":[]}"
20091215,2009-12-15,287.7500534207475,"{""type"":""MultiPoint"",""coordinates"":[]}"
20091216,2009-12-16,287.5046417936884,"{""type"":""MultiPoint"",""coordinates"":[]}"
20091217,2009-12-17,288.1832146080323,"{""type"":""MultiPoint"",""coordinates"":[]}"
20091218,2009-12-18,289.96100622506,"{""type"":""MultiPoint"",""coordinates"":[]}"
20091219,2009-12-19,289.45305544800397,"{""type"":""MultiPoint"",""coordinates"":[]}"
20091220,2009-12-20,287.1491978179995,"{""type"":""MultiPoint"",""coordinates"":[]}"
20091221,2009-12-21,287.16900983499,"{""type"":""MultiPoint"",""coordinates"":[]}"
20091222,2009-12-22,286.1169586899872,"{""type"":""MultiPoint"",""coordinates"":[]}"
20091223,2009-12-23,283.9517283054387,"{""type"":""MultiPoint"",""coordinates"":[]}"
20091224,2009-12-24,281.5873483554203,"{""type"":""MultiPoint"",""coordinates"":[]}"
20091225,2009-12-25,279.6564049101262,"{""type"":""MultiPoint"",""coordinates"":[]}"
20091226,2009-12-26,283.3129267773618,"{""type"":""MultiPoint"",""coordinates"":[]}"
20091227,2009-12-27,285.81090444538864,"{""type"":""MultiPoint"",""coordinates"":[]}"
20091228,2009-12-28,286.2624248662969,"{""type"":""MultiPoint"",""coordinates"":[]}"
20091229,2009-12-29,284.99264365691715,"{""type"":""MultiPoint"",""coordinates"":[]}"
20091230,2009-12-30,281.29241965794336,"{""type"":""MultiPoint"",""coordinates"":[]}"
20091231,2009-12-31,282.59286642514024,"{""type"":""MultiPoint"",""coordinates"":[]}"
20100101,2010-01-01,286.6521968755269,"{""type"":""MultiPoint"",""coordinates"":[]}"
20100102,2010-01-02,287.94148437305734,"{""type"":""MultiPoint"",""coordinates"":[]}"
20100103,2010-01-03,288.28914721063734,"{""type"":""MultiPoint"",""coordinates"":[]}"
20100104,2010-01-04,288.15277648074385,"{""type"":""MultiPoint"",""coordinates"":[]}"
20100105,2010-01-05,287.4667311213067,"{""type"":""MultiPoint"",""coordinates"":[]}"
20100106,2010-01-06,284.3056308357144,"{""type"":""MultiPoint"",""coordinates"":[]}"
20100107,2010-01-07,282.95313380222325,"{""type"":""MultiPoint"",""coordinates"":[]}"
20100108,2010-01-08,282.80106174056135,"{""type"":""MultiPoint"",""coordinates"":[]}"
20100109,2010-01-09,283.9351115053483,"{""type"":""MultiPoint"",""coordinates"":[]}"
20100110,2010-01-10,287.87406348913646,"{""type"":""MultiPoint"",""coordinates"":[]}"
20100111,2010-01-11,290.42039537545503,"{""type"":""MultiPoint"",""coordinates"":[]}"
20100112,2010-01-12,290.28551351746495,"{""type"":""MultiPoint"",""coordinates"":[]}"
20100113,2010-01-13,284.9160979585532,"{""type"":""MultiPoint"",""coordinates"":[]}"
20100114,2010-01-14,284.80605985711867,"{""type"":""MultiPoint"",""coordinates"":[]}"
20100115,2010-01-15,288.0960517926544,"{""type"":""MultiPoint"",""coordinates"":[]}"
20100116,2010-01-16,287.79509910752114,"{""type"":""MultiPoint"",""coordinates"":[]}"
20100117,2010-01-17,283.96829806466485,"{""type"":""MultiPoint"",""coordinates"":[]}"
20100118,2010-01-18,283.8032394230957,"{""type"":""MultiPoint"",""coordinates"":[]}"
20100119,2010-01-19,283.3462613348333,"{""type"":""MultiPoint"",""coordinates"":[]}"
20100120,2010-01-20,282.2106431657271,"{""type"":""MultiPoint"",""coordinates"":[]}"
20100121,2010-01-21,280.5712321981504,"{""type"":""MultiPoint"",""coordinates"":[]}"
20100122,2010-01-22,279.1681097808317,"{""type"":""MultiPoint"",""coordinates"":[]}"
20100123,2010-01-23,278.5621657928885,"{""type"":""MultiPoint"",""coordinates"":[]}"
20100124,2010-01-24,281.3414429692529,"{""type"":""MultiPoint"",""coordinates"":[]}"
20100125,2010-01-25,281.36414119976837,"{""type"":""MultiPoint"",""coordinates"":[]}"
20100126,2010-01-26,280.9522831320232,"{""type"":""MultiPoint"",""coordinates"":[]}"
20100127,2010-01-27,280.3103367057318,"{""type"":""MultiPoint"",""coordinates"":[]}"
20100128,2010-01-28,282.0526534148574,"{""type"":""MultiPoint"",""coordinates"":[]}"
20100129,2010-01-29,282.6375117300687,"{""type"":""MultiPoint"",""coordinates"":[]}"
20100130,2010-01-30,283.09548548246744,"{""type"":""MultiPoint"",""coordinates"":[]}"
20100131,2010-01-31,283.24769809187103,"{""type"":""MultiPoint"",""coordinates"":[]}"
20100201,2010-02-01,284.79869373244156,"{""type"":""MultiPoint"",""coordinates"":[]}"
20100202,2010-02-02,285.2273100627863,"{""type"":""MultiPoint"",""coordinates"":[]}"
20100203,2010-02-03,286.0171412174267,"{""type"":""MultiPoint"",""coordinates"":[]}"
20100204,2010-02-04,286.0242176775384,"{""type"":""MultiPoint"",""coordinates"":[]}"
20100205,2010-02-05,283.9452391759492,"{""type"":""MultiPoint"",""coordinates"":[]}"
20100206,2010-02-06,283.02341150843444,"{""type"":""MultiPoint"",""coordinates"":[]}"
20100207,2010-02-07,284.26081563120965,"{""type"":""MultiPoint"",""coordinates"":[]}"
20100208,2010-02-08,286.1240833206493,"{""type"":""MultiPoint"",""coordinates"":[]}"
20100209,2010-02-09,286.7137078159062,"{""type"":""MultiPoint"",""coordinates"":[]}"
20100210,2010-02-10,287.35740072762485,"{""type"":""MultiPoint"",""coordinates"":[]}"
20100211,2010-02-11,287.8251334434853,"{""type"":""MultiPoint"",""coordinates"":[]}"
20100212,2010-02-12,285.70855846858615,"{""type"":""MultiPoint"",""coordinates"":[]}"
20100213,2010-02-13,286.18976114086723,"{""type"":""MultiPoint"",""coordinates"":[]}"
20100214,2010-02-14,282.9391935308489,"{""type"":""MultiPoint"",""coordinates"":[]}"
20100215,2010-02-15,281.67904935122476,"{""type"":""MultiPoint"",""coordinates"":[]}"
20100216,2010-02-16,282.56429721774543,"{""type"":""MultiPoint"",""coordinates"":[]}"
20100217,2010-02-17,281.6795122969322,"{""type"":""MultiPoint"",""coordinates"":[]}"
20100218,2010-02-18,284.4695002414163,"{""type"":""MultiPoint"",""coordinates"":[]}"
20100219,2010-02-19,283.6617990140939,"{""type"":""MultiPoint"",""coordinates"":[]}"
20100220,2010-02-20,283.56548923009746,"{""type"":""MultiPoint"",""coordinates"":[]}"
20100221,2010-02-21,284.72362596534634,"{""type"":""MultiPoint"",""coordinates"":[]}"
20100222,2010-02-22,286.2375375803687,"{""type"":""MultiPoint"",""coordinates"":[]}"
20100223,2010-02-23,285.62528451062144,"{""type"":""MultiPoint"",""coordinates"":[]}"
20100224,2010-02-24,280.16618832833393,"{""type"":""MultiPoint"",""coordinates"":[]}"
20100225,2010-02-25,282.2886151902277,"{""type"":""MultiPoint"",""coordinates"":[]}"
20100226,2010-02-26,282.19301318609183,"{""type"":""MultiPoint"",""coordinates"":[]}"
20100227,2010-02-27,281.8320654474141,"{""type"":""MultiPoint"",""coordinates"":[]}"
20100228,2010-02-28,281.8725268498031,"{""type"":""MultiPoint"",""coordinates"":[]}"
20100301,2010-03-01,282.0045912365355,"{""type"":""MultiPoint"",""coordinates"":[]}"
20100302,2010-03-02,284.0844821342115,"{""type"":""MultiPoint"",""coordinates"":[]}"
20100303,2010-03-03,284.2740798457736,"{""type"":""MultiPoint"",""coordinates"":[]}"
20100304,2010-03-04,283.3840040815743,"{""type"":""MultiPoint"",""coordinates"":[]}"
20100305,2010-03-05,285.4975129596711,"{""type"":""MultiPoint"",""coordinates"":[]}"
20100306,2010-03-06,286.73276241956614,"{""type"":""MultiPoint"",""coordinates"":[]}"
20100307,2010-03-07,283.57699513430106,"{""type"":""MultiPoint"",""coordinates"":[]}"
20100308,2010-03-08,282.7033318647883,"{""type"":""MultiPoint"",""coordinates"":[]}"
20100309,2010-03-09,282.0558347694693,"{""type"":""MultiPoint"",""coordinates"":[]}"
20100310,2010-03-10,286.26031365031537,"{""type"":""MultiPoint"",""coordinates"":[]}"
20100311,2010-03-11,288.05795994533327,"{""type"":""MultiPoint"",""coordinates"":[]}"
20100312,2010-03-12,288.51022279097117,"{""type"":""MultiPoint"",""coordinates"":[]}"
20100313,2010-03-13,287.02212375570764,"{""type"":""MultiPoint"",""coordinates"":[]}"
20100314,2010-03-14,279.7509821644581,"{""type"":""MultiPoint"",""coordinates"":[]}"
20100315,2010-03-15,276.578921607817,"{""type"":""MultiPoint"",""coordinates"":[]}"
20100316,2010-03-16,282.5470499058989,"{""type"":""MultiPoint"",""coordinates"":[]}"
20100317,2010-03-17,282.71140944737016,"{""type"":""MultiPoint"",""coordinates"":[]}"
20100318,2010-03-18,282.2330126324565,"{""type"":""MultiPoint"",""coordinates"":[]}"
20100319,2010-03-19,283.8726487600737,"{""type"":""MultiPoint"",""coordinates"":[]}"
20100320,2010-03-20,285.56162331552133,"{""type"":""MultiPoint"",""coordinates"":[]}"
20100321,2010-03-21,284.59139430604176,"{""type"":""MultiPoint"",""coordinates"":[]}"
20100322,2010-03-22,280.2215141697025,"{""type"":""MultiPoint"",""coordinates"":[]}"
20100323,2010-03-23,278.5438949913748,"{""type"":""MultiPoint"",""coordinates"":[]}"
20100324,2010-03-24,280.46112375000473,"{""type"":""MultiPoint"",""coordinates"":[]}"
20100325,2010-03-25,283.2990280251133,"{""type"":""MultiPoint"",""coordinates"":[]}"
20100326,2010-03-26,285.69958465404244,"{""type"":""MultiPoint"",""coordinates"":[]}"
20100327,2010-03-27,284.3989854139633,"{""type"":""MultiPoint"",""coordinates"":[]}"
20100328,2010-03-28,285.42834104214484,"{""type"":""MultiPoint"",""coordinates"":[]}"
20100329,2010-03-29,286.91674481735805,"{""type"":""MultiPoint"",""coordinates"":[]}"
20100330,2010-03-30,282.4190311079502,"{""type"":""MultiPoint"",""coordinates"":[]}"
20100331,2010-03-31,284.08693070961436,"{""type"":""MultiPoint"",""coordinates"":[]}"
20100401,2010-04-01,287.32130773492526,"{""type"":""MultiPoint"",""coordinates"":[]}"
20100402,2010-04-02,286.20280007336333,"{""type"":""MultiPoint"",""coordinates"":[]}"
20100403,2010-04-03,278.1089665300221,"{""type"":""MultiPoint"",""coordinates"":[]}"
20100404,2010-04-04,276.4295427072425,"{""type"":""MultiPoint"",""coordinates"":[]}"
20100405,2010-04-05,278.3748841733522,"{""type"":""MultiPoint"",""coordinates"":[]}"
20100406,2010-04-06,281.1216075459098,"{""type"":""MultiPoint"",""coordinates"":[]}"
20100407,2010-04-07,283.89671218556856,"{""type"":""MultiPoint"",""coordinates"":[]}"
20100408,2010-04-08,287.088179872708,"{""type"":""MultiPoint"",""coordinates"":[]}"
20100409,2010-04-09,291.62379583833984,"{""type"":""MultiPoint"",""coordinates"":[]}"
20100410,2010-04-10,288.7943997700227,"{""type"":""MultiPoint"",""coordinates"":[]}"
20100411,2010-04-11,284.0120670693036,"{""type"":""MultiPoint"",""coordinates"":[]}"
20100412,2010-04-12,284.1169941161247,"{""type"":""MultiPoint"",""coordinates"":[]}"
20100413,2010-04-13,283.33610324464604,"{""type"":""MultiPoint"",""coordinates"":[]}"
20100414,2010-04-14,287.5845975173246,"{""type"":""MultiPoint"",""coordinates"":[]}"
20100415,2010-04-15,290.0813391987902,"{""type"":""MultiPoint"",""coordinates"":[]}"
20100416,2010-04-16,290.23608972099055,"{""type"":""MultiPoint"",""coordinates"":[]}"
20100417,2010-04-17,291.24661887767144,"{""type"":""MultiPoint"",""coordinates"":[]}"
20100418,2010-04-18,289.19120600235635,"{""type"":""MultiPoint"",""coordinates"":[]}"
20100419,2010-04-19,289.7938293349173,"{""type"":""MultiPoint"",""coordinates"":[]}"
20100420,2010-04-20,287.7581343192282,"{""type"":""MultiPoint"",""coordinates"":[]}"
20100421,2010-04-21,288.181011101055,"{""type"":""MultiPoint"",""coordinates"":[]}"
20100422,2010-04-22,287.25218647273994,"{""type"":""MultiPoint"",""coordinates"":[]}"
20100423,2010-04-23,284.9359589863585,"{""type"":""MultiPoint"",""coordinates"":[]}"
20100424,2010-04-24,285.10194519093966,"{""type"":""MultiPoint"",""coordinates"":[]}"
20100425,2010-04-25,286.555750062023,"{""type"":""MultiPoint"",""coordinates"":[]}"
20100426,2010-04-26,285.7310601156248,"{""type"":""MultiPoint"",""coordinates"":[]}"
20100427,2010-04-27,287.17402459487994,"{""type"":""MultiPoint"",""coordinates"":[]}"
20100428,2010-04-28,287.7472753088112,"{""type"":""MultiPoint"",""coordinates"":[]}"
20100429,2010-04-29,288.50032125480567,"{""type"":""MultiPoint"",""coordinates"":[]}"
20100430,2010-04-30,290.1606344128914,"{""type"":""MultiPoint"",""coordinates"":[]}"
20100501,2010-05-01,291.6425097149495,"{""type"":""MultiPoint"",""coordinates"":[]}"
20100502,2010-05-02,290.50168792955805,"{""type"":""MultiPoint"",""coordinates"":[]}"
20100503,2010-05-03,290.7512554946991,"{""type"":""MultiPoint"",""coordinates"":[]}"
20100504,2010-05-04,289.90180129669216,"{""type"":""MultiPoint"",""coordinates"":[]}"
20100505,2010-05-05,289.44482877817666,"{""type"":""MultiPoint"",""coordinates"":[]}"
20100506,2010-05-06,289.81351971790576,"{""type"":""MultiPoint"",""coordinates"":[]}"
20100507,2010-05-07,290.3757170102634,"{""type"":""MultiPoint"",""coordinates"":[]}"
20100508,2010-05-08,290.9979296521935,"{""type"":""MultiPoint"",""coordinates"":[]}"
20100509,2010-05-09,289.0963883758243,"{""type"":""MultiPoint"",""coordinates"":[]}"
20100510,2010-05-10,290.104278171261,"{""type"":""MultiPoint"",""coordinates"":[]}"
20100511,2010-05-11,286.73516462215144,"{""type"":""MultiPoint"",""coordinates"":[]}"
20100512,2010-05-12,289.6403705980495,"{""type"":""MultiPoint"",""coordinates"":[]}"
20100513,2010-05-13,290.44286068465084,"{""type"":""MultiPoint"",""coordinates"":[]}"
20100514,2010-05-14,290.99728215084315,"{""type"":""MultiPoint"",""coordinates"":[]}"
20100515,2010-05-15,290.62591445326285,"{""type"":""MultiPoint"",""coordinates"":[]}"
20100516,2010-05-16,290.736218920473,"{""type"":""MultiPoint"",""coordinates"":[]}"
20100517,2010-05-17,290.54507247551965,"{""type"":""MultiPoint"",""coordinates"":[]}"
20100518,2010-05-18,289.1966279369229,"{""type"":""MultiPoint"",""coordinates"":[]}"
20100519,2010-05-19,291.15821317952935,"{""type"":""MultiPoint"",""coordinates"":[]}"
20100520,2010-05-20,291.8931919640381,"{""type"":""MultiPoint"",""coordinates"":[]}"
20100521,2010-05-21,293.1469929024957,"{""type"":""MultiPoint"",""coordinates"":[]}"
20100522,2010-05-22,293.5624233627343,"{""type"":""MultiPoint"",""coordinates"":[]}"
20100523,2010-05-23,292.9826772850564,"{""type"":""MultiPoint"",""coordinates"":[]}"
20100524,2010-05-24,292.71659763301653,"{""type"":""MultiPoint"",""coordinates"":[]}"
20100525,2010-05-25,292.4221427790999,"{""type"":""MultiPoint"",""coordinates"":[]}"
20100526,2010-05-26,292.80649309539814,"{""type"":""MultiPoint"",""coordinates"":[]}"
20100527,2010-05-27,292.7072160081739,"{""type"":""MultiPoint"",""coordinates"":[]}"
20100528,2010-05-28,292.29127997176136,"{""type"":""MultiPoint"",""coordinates"":[]}"
20100529,2010-05-29,291.89952097078395,"{""type"":""MultiPoint"",""coordinates"":[]}"
20100530,2010-05-30,290.9766674488692,"{""type"":""MultiPoint"",""coordinates"":[]}"
20100531,2010-05-31,292.4060087944885,"{""type"":""MultiPoint"",""coordinates"":[]}"
20100601,2010-06-01,293.32805978843106,"{""type"":""MultiPoint"",""coordinates"":[]}"
20100602,2010-06-02,293.6060672076115,"{""type"":""MultiPoint"",""coordinates"":[]}"
20100603,2010-06-03,293.7923052011714,"{""type"":""MultiPoint"",""coordinates"":[]}"
20100604,2010-06-04,292.96529829995904,"{""type"":""MultiPoint"",""coordinates"":[]}"
20100605,2010-06-05,293.69401313940665,"{""type"":""MultiPoint"",""coordinates"":[]}"
20100606,2010-06-06,293.20185253298655,"{""type"":""MultiPoint"",""coordinates"":[]}"
20100607,2010-06-07,293.8608997203788,"{""type"":""MultiPoint"",""coordinates"":[]}"
20100608,2010-06-08,293.8118558861338,"{""type"":""MultiPoint"",""coordinates"":[]}"
20100609,2010-06-09,294.16784079130537,"{""type"":""MultiPoint"",""coordinates"":[]}"
20100610,2010-06-10,294.6953939327174,"{""type"":""MultiPoint"",""coordinates"":[]}"
20100611,2010-06-11,295.2418716676294,"{""type"":""MultiPoint"",""coordinates"":[]}"
20100612,2010-06-12,295.9361912053445,"{""type"":""MultiPoint"",""coordinates"":[]}"
20100613,2010-06-13,295.8059401889742,"{""type"":""MultiPoint"",""coordinates"":[]}"
20100614,2010-06-14,295.58342704975473,"{""type"":""MultiPoint"",""coordinates"":[]}"
20100615,2010-06-15,295.3426079915544,"{""type"":""MultiPoint"",""coordinates"":[]}"
20100616,2010-06-16,295.2501133922118,"{""type"":""MultiPoint"",""coordinates"":[]}"
20100617,2010-06-17,295.0608637252489,"{""type"":""MultiPoint"",""coordinates"":[]}"
20100618,2010-06-18,295.44304786743663,"{""type"":""MultiPoint"",""coordinates"":[]}"
20100619,2010-06-19,295.4383866174045,"{""type"":""MultiPoint"",""coordinates"":[]}"
20100620,2010-06-20,295.1513890418825,"{""type"":""MultiPoint"",""coordinates"":[]}"
20100621,2010-06-21,294.97013096138136,"{""type"":""MultiPoint"",""coordinates"":[]}"
20100622,2010-06-22,295.35516753640263,"{""type"":""MultiPoint"",""coordinates"":[]}"
20100623,2010-06-23,295.3859784032987,"{""type"":""MultiPoint"",""coordinates"":[]}"
20100624,2010-06-24,294.8249698914178,"{""type"":""MultiPoint"",""coordinates"":[]}"
20100625,2010-06-25,295.2543221696565,"{""type"":""MultiPoint"",""coordinates"":[]}"
20100626,2010-06-26,295.22528620232504,"{""type"":""MultiPoint"",""coordinates"":[]}"
20100627,2010-06-27,294.94498441401817,"{""type"":""MultiPoint"",""coordinates"":[]}"
20100628,2010-06-28,294.53782742383015,"{""type"":""MultiPoint"",""coordinates"":[]}"
20100629,2010-06-29,294.79288080397185,"{""type"":""MultiPoint"",""coordinates"":[]}"
20100630,2010-06-30,294.55074775542425,"{""type"":""MultiPoint"",""coordinates"":[]}"
20100701,2010-07-01,294.81676673141783,"{""type"":""MultiPoint"",""coordinates"":[]}"
20100702,2010-07-02,294.15802942950796,"{""type"":""MultiPoint"",""coordinates"":[]}"
20100703,2010-07-03,294.509865691879,"{""type"":""MultiPoint"",""coordinates"":[]}"
20100704,2010-07-04,294.35839015694563,"{""type"":""MultiPoint"",""coordinates"":[]}"
20100705,2010-07-05,294.5431467292029,"{""type"":""MultiPoint"",""coordinates"":[]}"
20100706,2010-07-06,294.67280368578787,"{""type"":""MultiPoint"",""coordinates"":[]}"
20100707,2010-07-07,294.4604220687587,"{""type"":""MultiPoint"",""coordinates"":[]}"
20100708,2010-07-08,294.28381622092536,"{""type"":""MultiPoint"",""coordinates"":[]}"
20100709,2010-07-09,294.34280818735454,"{""type"":""MultiPoint"",""coordinates"":[]}"
20100710,2010-07-10,294.4442706739507,"{""type"":""MultiPoint"",""coordinates"":[]}"
20100711,2010-07-11,294.6015455535905,"{""type"":""MultiPoint"",""coordinates"":[]}"
20100712,2010-07-12,294.1694984293312,"{""type"":""MultiPoint"",""coordinates"":[]}"
20100713,2010-07-13,294.40898900877556,"{""type"":""MultiPoint"",""coordinates"":[]}"
20100714,2010-07-14,294.33879594206934,"{""type"":""MultiPoint"",""coordinates"":[]}"
20100715,2010-07-15,294.75473738448494,"{""type"":""MultiPoint"",""coordinates"":[]}"
20100716,2010-07-16,294.9888000910709,"{""type"":""MultiPoint"",""coordinates"":[]}"
20100717,2010-07-17,294.810192068979,"{""type"":""MultiPoint"",""coordinates"":[]}"
20100718,2010-07-18,294.926602074012,"{""type"":""MultiPoint"",""coordinates"":[]}"
20100719,2010-07-19,295.34768581235926,"{""type"":""MultiPoint"",""coordinates"":[]}"
20100720,2010-07-20,294.99116793971007,"{""type"":""MultiPoint"",""coordinates"":[]}"
20100721,2010-07-21,294.8392919805907,"{""type"":""MultiPoint"",""coordinates"":[]}"
20100722,2010-07-22,294.5422014084634,"{""type"":""MultiPoint"",""coordinates"":[]}"
20100723,2010-07-23,294.21038000055995,"{""type"":""MultiPoint"",""coordinates"":[]}"
20100724,2010-07-24,294.37056165828324,"{""type"":""MultiPoint"",""coordinates"":[]}"
20100725,2010-07-25,293.7679314102379,"{""type"":""MultiPoint"",""coordinates"":[]}"
20100726,2010-07-26,293.8004354296666,"{""type"":""MultiPoint"",""coordinates"":[]}"
20100727,2010-07-27,293.9064203329164,"{""type"":""MultiPoint"",""coordinates"":[]}"
20100728,2010-07-28,294.0914817356338,"{""type"":""MultiPoint"",""coordinates"":[]}"
20100729,2010-07-29,294.04734693987547,"{""type"":""MultiPoint"",""coordinates"":[]}"
20100730,2010-07-30,294.4992554718028,"{""type"":""MultiPoint"",""coordinates"":[]}"
20100731,2010-07-31,294.04905396310147,"{""type"":""MultiPoint"",""coordinates"":[]}"
20100801,2010-08-01,293.7695425891836,"{""type"":""MultiPoint"",""coordinates"":[]}"
20100802,2010-08-02,294.0293810269327,"{""type"":""MultiPoint"",""coordinates"":[]}"
20100803,2010-08-03,294.1891485108497,"{""type"":""MultiPoint"",""coordinates"":[]}"
20100804,2010-08-04,293.6452846403567,"{""type"":""MultiPoint"",""coordinates"":[]}"
20100805,2010-08-05,293.6312691079819,"{""type"":""MultiPoint"",""coordinates"":[]}"
20100806,2010-08-06,293.8206500308877,"{""type"":""MultiPoint"",""coordinates"":[]}"
20100807,2010-08-07,293.98852456903035,"{""type"":""MultiPoint"",""coordinates"":[]}"
20100808,2010-08-08,293.9506250853081,"{""type"":""MultiPoint"",""coordinates"":[]}"
20100809,2010-08-09,293.64886183899654,"{""type"":""MultiPoint"",""coordinates"":[]}"
20100810,2010-08-10,293.87761246756895,"{""type"":""MultiPoint"",""coordinates"":[]}"
20100811,2010-08-11,294.3151415708398,"{""type"":""MultiPoint"",""coordinates"":[]}"
20100812,2010-08-12,294.415114400847,"{""type"":""MultiPoint"",""coordinates"":[]}"
20100813,2010-08-13,294.52044056355766,"{""type"":""MultiPoint"",""coordinates"":[]}"
20100814,2010-08-14,294.5002678524266,"{""type"":""MultiPoint"",""coordinates"":[]}"
20100815,2010-08-15,294.45904318600316,"{""type"":""MultiPoint"",""coordinates"":[]}"
20100816,2010-08-16,294.75283224997355,"{""type"":""MultiPoint"",""coordinates"":[]}"
20100817,2010-08-17,294.7742798914886,"{""type"":""MultiPoint"",""coordinates"":[]}"
20100818,2010-08-18,294.16260300966167,"{""type"":""MultiPoint"",""coordinates"":[]}"
20100819,2010-08-19,294.0459610723682,"{""type"":""MultiPoint"",""coordinates"":[]}"
20100820,2010-08-20,294.3059850649166,"{""type"":""MultiPoint"",""coordinates"":[]}"
20100821,2010-08-21,294.0150867050269,"{""type"":""MultiPoint"",""coordinates"":[]}"
20100822,2010-08-22,294.32058060822,"{""type"":""MultiPoint"",""coordinates"":[]}"
20100823,2010-08-23,294.2612792834145,"{""type"":""MultiPoint"",""coordinates"":[]}"
20100824,2010-08-24,294.3578153975628,"{""type"":""MultiPoint"",""coordinates"":[]}"
20100825,2010-08-25,294.4939040408677,"{""type"":""MultiPoint"",""coordinates"":[]}"
20100826,2010-08-26,294.48491321443,"{""type"":""MultiPoint"",""coordinates"":[]}"
20100827,2010-08-27,294.84062095133174,"{""type"":""MultiPoint"",""coordinates"":[]}"
20100828,2010-08-28,295.1779088842406,"{""type"":""MultiPoint"",""coordinates"":[]}"
20100829,2010-08-29,294.86440819006214,"{""type"":""MultiPoint"",""coordinates"":[]}"
20100830,2010-08-30,294.12905739315096,"{""type"":""MultiPoint"",""coordinates"":[]}"
20100831,2010-08-31,293.80497384666063,"{""type"":""MultiPoint"",""coordinates"":[]}"
20100901,2010-09-01,293.6734474576806,"{""type"":""MultiPoint"",""coordinates"":[]}"
20100902,2010-09-02,293.748790577073,"{""type"":""MultiPoint"",""coordinates"":[]}"
20100903,2010-09-03,293.6658439208015,"{""type"":""MultiPoint"",""coordinates"":[]}"
20100904,2010-09-04,293.74462520063787,"{""type"":""MultiPoint"",""coordinates"":[]}"
20100905,2010-09-05,294.0275065247534,"{""type"":""MultiPoint"",""coordinates"":[]}"
20100906,2010-09-06,294.40552032978826,"{""type"":""MultiPoint"",""coordinates"":[]}"
20100907,2010-09-07,293.9741123970311,"{""type"":""MultiPoint"",""coordinates"":[]}"
20100908,2010-09-08,294.49852443027004,"{""type"":""MultiPoint"",""coordinates"":[]}"
20100909,2010-09-09,293.91335479426346,"{""type"":""MultiPoint"",""coordinates"":[]}"
20100910,2010-09-10,293.5474141476321,"{""type"":""MultiPoint"",""coordinates"":[]}"
20100911,2010-09-11,293.3560543629583,"{""type"":""MultiPoint"",""coordinates"":[]}"
20100912,2010-09-12,293.1452212396398,"{""type"":""MultiPoint"",""coordinates"":[]}"
20100913,2010-09-13,293.58668976048165,"{""type"":""MultiPoint"",""coordinates"":[]}"
20100914,2010-09-14,293.96469827076544,"{""type"":""MultiPoint"",""coordinates"":[]}"
20100915,2010-09-15,294.00277639294524,"{""type"":""MultiPoint"",""coordinates"":[]}"
20100916,2010-09-16,294.14580008327965,"{""type"":""MultiPoint"",""coordinates"":[]}"
20100917,2010-09-17,294.0862972649818,"{""type"":""MultiPoint"",""coordinates"":[]}"
20100918,2010-09-18,294.11935170790724,"{""type"":""MultiPoint"",""coordinates"":[]}"
20100919,2010-09-19,293.88628449073565,"{""type"":""MultiPoint"",""coordinates"":[]}"
20100920,2010-09-20,294.44754846797156,"{""type"":""MultiPoint"",""coordinates"":[]}"
20100921,2010-09-21,294.1628235275722,"{""type"":""MultiPoint"",""coordinates"":[]}"
20100922,2010-09-22,294.55788006629234,"{""type"":""MultiPoint"",""coordinates"":[]}"
20100923,2010-09-23,295.0423180447168,"{""type"":""MultiPoint"",""coordinates"":[]}"
20100924,2010-09-24,295.1246795427394,"{""type"":""MultiPoint"",""coordinates"":[]}"
20100925,2010-09-25,294.60131371120144,"{""type"":""MultiPoint"",""coordinates"":[]}"
20100926,2010-09-26,294.9477986917343,"{""type"":""MultiPoint"",""coordinates"":[]}"
20100927,2010-09-27,294.73252969333674,"{""type"":""MultiPoint"",""coordinates"":[]}"
20100928,2010-09-28,294.75223325478083,"{""type"":""MultiPoint"",""coordinates"":[]}"
20100929,2010-09-29,294.7279643646241,"{""type"":""MultiPoint"",""coordinates"":[]}"
20100930,2010-09-30,294.4727509659499,"{""type"":""MultiPoint"",""coordinates"":[]}"
20101001,2010-10-01,291.7899039622828,"{""type"":""MultiPoint"",""coordinates"":[]}"
20101002,2010-10-02,291.5343134076409,"{""type"":""MultiPoint"",""coordinates"":[]}"
20101003,2010-10-03,294.3635461582632,"{""type"":""MultiPoint"",""coordinates"":[]}"
20101004,2010-10-04,294.9246794036095,"{""type"":""MultiPoint"",""coordinates"":[]}"
20101005,2010-10-05,294.9669927562,"{""type"":""MultiPoint"",""coordinates"":[]}"
20101006,2010-10-06,293.8479512654436,"{""type"":""MultiPoint"",""coordinates"":[]}"
20101007,2010-10-07,293.0137914911678,"{""type"":""MultiPoint"",""coordinates"":[]}"
20101008,2010-10-08,292.8196598854353,"{""type"":""MultiPoint"",""coordinates"":[]}"
20101009,2010-10-09,292.09395677583575,"{""type"":""MultiPoint"",""coordinates"":[]}"
20101010,2010-10-10,291.9212580301629,"{""type"":""MultiPoint"",""coordinates"":[]}"
20101011,2010-10-11,292.5144656987951,"{""type"":""MultiPoint"",""coordinates"":[]}"
20101012,2010-10-12,292.6907075030044,"{""type"":""MultiPoint"",""coordinates"":[]}"
20101013,2010-10-13,293.18785288053505,"{""type"":""MultiPoint"",""coordinates"":[]}"
20101014,2010-10-14,293.37132206343625,"{""type"":""MultiPoint"",""coordinates"":[]}"
20101015,2010-10-15,293.4099399167531,"{""type"":""MultiPoint"",""coordinates"":[]}"
20101016,2010-10-16,293.45524768868745,"{""type"":""MultiPoint"",""coordinates"":[]}"
20101017,2010-10-17,294.31832194745135,"{""type"":""MultiPoint"",""coordinates"":[]}"
20101018,2010-10-18,294.4965786526395,"{""type"":""MultiPoint"",""coordinates"":[]}"
20101019,2010-10-19,294.80034827431507,"{""type"":""MultiPoint"",""coordinates"":[]}"
20101020,2010-10-20,294.7059266615495,"{""type"":""MultiPoint"",""coordinates"":[]}"
20101021,2010-10-21,294.4895202724848,"{""type"":""MultiPoint"",""coordinates"":[]}"
20101022,2010-10-22,294.148556157102,"{""type"":""MultiPoint"",""coordinates"":[]}"
20101023,2010-10-23,294.00736571644154,"{""type"":""MultiPoint"",""coordinates"":[]}"
20101024,2010-10-24,293.32594450471856,"{""type"":""MultiPoint"",""coordinates"":[]}"
20101025,2010-10-25,292.7981792528618,"{""type"":""MultiPoint"",""coordinates"":[]}"
20101026,2010-10-26,292.09489709028935,"{""type"":""MultiPoint"",""coordinates"":[]}"
20101027,2010-10-27,290.2524305220432,"{""type"":""MultiPoint"",""coordinates"":[]}"
20101028,2010-10-28,289.5360435170388,"{""type"":""MultiPoint"",""coordinates"":[]}"
20101029,2010-10-29,289.0789476194877,"{""type"":""MultiPoint"",""coordinates"":[]}"
20101030,2010-10-30,288.30418511592273,"{""type"":""MultiPoint"",""coordinates"":[]}"
20101031,2010-10-31,287.9655762164259,"{""type"":""MultiPoint"",""coordinates"":[]}"
20101101,2010-11-01,286.64340936802375,"{""type"":""MultiPoint"",""coordinates"":[]}"
20101102,2010-11-02,289.34178488918275,"{""type"":""MultiPoint"",""coordinates"":[]}"
20101103,2010-11-03,292.56087309243145,"{""type"":""MultiPoint"",""coordinates"":[]}"
20101104,2010-11-04,293.63900218383515,"{""type"":""MultiPoint"",""coordinates"":[]}"
20101105,2010-11-05,293.75432644932164,"{""type"":""MultiPoint"",""coordinates"":[]}"
20101106,2010-11-06,293.33930222223296,"{""type"":""MultiPoint"",""coordinates"":[]}"
20101107,2010-11-07,288.8886816773277,"{""type"":""MultiPoint"",""coordinates"":[]}"
20101108,2010-11-08,292.19468475268593,"{""type"":""MultiPoint"",""coordinates"":[]}"
20101109,2010-11-09,293.3167233780632,"{""type"":""MultiPoint"",""coordinates"":[]}"
20101110,2010-11-10,293.7768777283351,"{""type"":""MultiPoint"",""coordinates"":[]}"
20101111,2010-11-11,293.67412002626395,"{""type"":""MultiPoint"",""coordinates"":[]}"
20101112,2010-11-12,293.9621805801935,"{""type"":""MultiPoint"",""coordinates"":[]}"
20101113,2010-11-13,294.1403257305533,"{""type"":""MultiPoint"",""coordinates"":[]}"
20101114,2010-11-14,293.96050766214717,"{""type"":""MultiPoint"",""coordinates"":[]}"
20101115,2010-11-15,293.83431904413084,"{""type"":""MultiPoint"",""coordinates"":[]}"
20101116,2010-11-16,292.9946233564466,"{""type"":""MultiPoint"",""coordinates"":[]}"
20101117,2010-11-17,292.48360476390945,"{""type"":""MultiPoint"",""coordinates"":[]}"
20101118,2010-11-18,293.3282120606569,"{""type"":""MultiPoint"",""coordinates"":[]}"
20101119,2010-11-19,293.41251612982774,"{""type"":""MultiPoint"",""coordinates"":[]}"
20101120,2010-11-20,293.0983343978355,"{""type"":""MultiPoint"",""coordinates"":[]}"
20101121,2010-11-21,293.24509373980646,"{""type"":""MultiPoint"",""coordinates"":[]}"
20101122,2010-11-22,291.9874899511241,"{""type"":""MultiPoint"",""coordinates"":[]}"
20101123,2010-11-23,292.93308699236786,"{""type"":""MultiPoint"",""coordinates"":[]}"
20101124,2010-11-24,292.8171294792256,"{""type"":""MultiPoint"",""coordinates"":[]}"
20101125,2010-11-25,291.72505559719866,"{""type"":""MultiPoint"",""coordinates"":[]}"
20101126,2010-11-26,291.5347127737198,"{""type"":""MultiPoint"",""coordinates"":[]}"
20101127,2010-11-27,290.29897322696365,"{""type"":""MultiPoint"",""coordinates"":[]}"
20101128,2010-11-28,287.619255210185,"{""type"":""MultiPoint"",""coordinates"":[]}"
20101129,2010-11-29,289.37012174223736,"{""type"":""MultiPoint"",""coordinates"":[]}"
20101130,2010-11-30,289.2938607818536,"{""type"":""MultiPoint"",""coordinates"":[]}"
20101201,2010-12-01,289.74778735115865,"{""type"":""MultiPoint"",""coordinates"":[]}"
20101202,2010-12-02,288.88615799167036,"{""type"":""MultiPoint"",""coordinates"":[]}"
20101203,2010-12-03,289.73466992639595,"{""type"":""MultiPoint"",""coordinates"":[]}"
20101204,2010-12-04,290.2516540994981,"{""type"":""MultiPoint"",""coordinates"":[]}"
20101205,2010-12-05,286.97515148214273,"{""type"":""MultiPoint"",""coordinates"":[]}"
20101206,2010-12-06,283.8733098740524,"{""type"":""MultiPoint"",""coordinates"":[]}"
20101207,2010-12-07,285.7929262873402,"{""type"":""MultiPoint"",""coordinates"":[]}"
20101208,2010-12-08,290.01265560639916,"{""type"":""MultiPoint"",""coordinates"":[]}"
20101209,2010-12-09,290.6693151144941,"{""type"":""MultiPoint"",""coordinates"":[]}"
20101210,2010-12-10,289.06422408831884,"{""type"":""MultiPoint"",""coordinates"":[]}"
20101211,2010-12-11,286.34383125210724,"{""type"":""MultiPoint"",""coordinates"":[]}"
20101212,2010-12-12,284.9721600860989,"{""type"":""MultiPoint"",""coordinates"":[]}"
20101213,2010-12-13,285.3970863125688,"{""type"":""MultiPoint"",""coordinates"":[]}"
20101214,2010-12-14,284.69503083804426,"{""type"":""MultiPoint"",""coordinates"":[]}"
20101215,2010-12-15,284.4693544877771,"{""type"":""MultiPoint"",""coordinates"":[]}"
20101216,2010-12-16,283.5821657307795,"{""type"":""MultiPoint"",""coordinates"":[]}"
20101217,2010-12-17,282.15092499590804,"{""type"":""MultiPoint"",""coordinates"":[]}"
20101218,2010-12-18,279.4576961257322,"{""type"":""MultiPoint"",""coordinates"":[]}"
20101219,2010-12-19,277.36721648143015,"{""type"":""MultiPoint"",""coordinates"":[]}"
20101220,2010-12-20,277.8508759072979,"{""type"":""MultiPoint"",""coordinates"":[]}"
20101221,2010-12-21,280.12427260527625,"{""type"":""MultiPoint"",""coordinates"":[]}"
20101222,2010-12-22,280.8244624815892,"{""type"":""MultiPoint"",""coordinates"":[]}"
20101223,2010-12-23,282.27166878161063,"{""type"":""MultiPoint"",""coordinates"":[]}"
20101224,2010-12-24,282.88707233135096,"{""type"":""MultiPoint"",""coordinates"":[]}"
20101225,2010-12-25,282.2009124941165,"{""type"":""MultiPoint"",""coordinates"":[]}"
20101226,2010-12-26,283.04829754417466,"{""type"":""MultiPoint"",""coordinates"":[]}"
20101227,2010-12-27,284.9587292253862,"{""type"":""MultiPoint"",""coordinates"":[]}"
20101228,2010-12-28,285.81881773854025,"{""type"":""MultiPoint"",""coordinates"":[]}"
20101229,2010-12-29,286.7201317124756,"{""type"":""MultiPoint"",""coordinates"":[]}"
20101230,2010-12-30,287.8145786502582,"{""type"":""MultiPoint"",""coordinates"":[]}"
20101231,2010-12-31,284.80048163962147,"{""type"":""MultiPoint"",""coordinates"":[]}"
20110101,2011-01-01,284.65902801686275,"{""type"":""MultiPoint"",""coordinates"":[]}"
20110102,2011-01-02,286.30502803135437,"{""type"":""MultiPoint"",""coordinates"":[]}"
20110103,2011-01-03,286.88875228303937,"{""type"":""MultiPoint"",""coordinates"":[]}"
20110104,2011-01-04,286.38442708440107,"{""type"":""MultiPoint"",""coordinates"":[]}"
20110105,2011-01-05,284.9294309024502,"{""type"":""MultiPoint"",""coordinates"":[]}"
20110106,2011-01-06,279.9925916655065,"{""type"":""MultiPoint"",""coordinates"":[]}"
20110107,2011-01-07,276.92615627067283,"{""type"":""MultiPoint"",""coordinates"":[]}"
20110108,2011-01-08,279.9285903217276,"{""type"":""MultiPoint"",""coordinates"":[]}"
20110109,2011-01-09,279.2455295693413,"{""type"":""MultiPoint"",""coordinates"":[]}"
20110110,2011-01-10,278.921944745489,"{""type"":""MultiPoint"",""coordinates"":[]}"
20110111,2011-01-11,278.8729144588153,"{""type"":""MultiPoint"",""coordinates"":[]}"
20110112,2011-01-12,278.7600890221517,"{""type"":""MultiPoint"",""coordinates"":[]}"
20110113,2011-01-13,279.333383703522,"{""type"":""MultiPoint"",""coordinates"":[]}"
20110114,2011-01-14,280.44885453417635,"{""type"":""MultiPoint"",""coordinates"":[]}"
20110115,2011-01-15,280.846475653709,"{""type"":""MultiPoint"",""coordinates"":[]}"
20110116,2011-01-16,282.03498631199005,"{""type"":""MultiPoint"",""coordinates"":[]}"
20110117,2011-01-17,282.5919010368804,"{""type"":""MultiPoint"",""coordinates"":[]}"
20110118,2011-01-18,281.08145116038537,"{""type"":""MultiPoint"",""coordinates"":[]}"
20110119,2011-01-19,279.2786856189781,"{""type"":""MultiPoint"",""coordinates"":[]}"
20110120,2011-01-20,280.2194895540452,"{""type"":""MultiPoint"",""coordinates"":[]}"
20110121,2011-01-21,279.56055772362,"{""type"":""MultiPoint"",""coordinates"":[]}"
20110122,2011-01-22,279.5866633494783,"{""type"":""MultiPoint"",""coordinates"":[]}"
20110123,2011-01-23,280.68133328998726,"{""type"":""MultiPoint"",""coordinates"":[]}"
20110124,2011-01-24,281.97716973685306,"{""type"":""MultiPoint"",""coordinates"":[]}"
20110125,2011-01-25,282.85478865500806,"{""type"":""MultiPoint"",""coordinates"":[]}"
20110126,2011-01-26,282.4427862773616,"{""type"":""MultiPoint"",""coordinates"":[]}"
20110127,2011-01-27,281.92959662204305,"{""type"":""MultiPoint"",""coordinates"":[]}"
20110128,2011-01-28,282.2643260476409,"{""type"":""MultiPoint"",""coordinates"":[]}"
20110129,2011-01-29,281.04358707522766,"{""type"":""MultiPoint"",""coordinates"":[]}"
20110130,2011-01-30,281.9372832916039,"{""type"":""MultiPoint"",""coordinates"":[]}"
20110131,2011-01-31,282.5224745547951,"{""type"":""MultiPoint"",""coordinates"":[]}"
20110201,2011-02-01,282.56027103646005,"{""type"":""MultiPoint"",""coordinates"":[]}"
20110202,2011-02-02,283.30978052445323,"{""type"":""MultiPoint"",""coordinates"":[]}"
20110203,2011-02-03,283.2240262046051,"{""type"":""MultiPoint"",""coordinates"":[]}"
20110204,2011-02-04,282.8033117704007,"{""type"":""MultiPoint"",""coordinates"":[]}"
20110205,2011-02-05,280.28069962234457,"{""type"":""MultiPoint"",""coordinates"":[]}"
20110206,2011-02-06,280.0195239484395,"{""type"":""MultiPoint"",""coordinates"":[]}"
20110207,2011-02-07,280.55347747442505,"{""type"":""MultiPoint"",""coordinates"":[]}"
20110208,2011-02-08,281.9072706665928,"{""type"":""MultiPoint"",""coordinates"":[]}"
20110209,2011-02-09,283.01189343838433,"{""type"":""MultiPoint"",""coordinates"":[]}"
20110210,2011-02-10,281.8103483866471,"{""type"":""MultiPoint"",""coordinates"":[]}"
20110211,2011-02-11,280.68040089018524,"{""type"":""MultiPoint"",""coordinates"":[]}"
20110212,2011-02-12,282.0111050276153,"{""type"":""MultiPoint"",""coordinates"":[]}"
20110213,2011-02-13,283.0353332579376,"{""type"":""MultiPoint"",""coordinates"":[]}"
20110214,2011-02-14,284.52005073845595,"{""type"":""MultiPoint"",""coordinates"":[]}"
20110215,2011-02-15,285.48505164421636,"{""type"":""MultiPoint"",""coordinates"":[]}"
20110216,2011-02-16,286.2535941926142,"{""type"":""MultiPoint"",""coordinates"":[]}"
20110217,2011-02-17,284.0459048172689,"{""type"":""MultiPoint"",""coordinates"":[]}"
20110218,2011-02-18,284.00637597121954,"{""type"":""MultiPoint"",""coordinates"":[]}"
20110219,2011-02-19,281.96435601431034,"{""type"":""MultiPoint"",""coordinates"":[]}"
20110220,2011-02-20,280.62118051846016,"{""type"":""MultiPoint"",""coordinates"":[]}"
20110221,2011-02-21,280.73402727485666,"{""type"":""MultiPoint"",""coordinates"":[]}"
20110222,2011-02-22,283.8145177620684,"{""type"":""MultiPoint"",""coordinates"":[]}"
20110223,2011-02-23,286.34808103500944,"{""type"":""MultiPoint"",""coordinates"":[]}"
20110224,2011-02-24,285.29174359659226,"{""type"":""MultiPoint"",""coordinates"":[]}"
20110225,2011-02-25,282.46466238329793,"{""type"":""MultiPoint"",""coordinates"":[]}"
20110226,2011-02-26,281.7869107317424,"{""type"":""MultiPoint"",""coordinates"":[]}"
20110227,2011-02-27,285.3482336816053,"{""type"":""MultiPoint"",""coordinates"":[]}"
20110228,2011-02-28,288.56586505764477,"{""type"":""MultiPoint"",""coordinates"":[]}"
20110301,2011-03-01,286.8906629211118,"{""type"":""MultiPoint"",""coordinates"":[]}"
20110302,2011-03-02,285.4457866740456,"{""type"":""MultiPoint"",""coordinates"":[]}"
20110303,2011-03-03,286.1489890977197,"{""type"":""MultiPoint"",""coordinates"":[]}"
20110304,2011-03-04,285.98903245668413,"{""type"":""MultiPoint"",""coordinates"":[]}"
20110305,2011-03-05,285.31302457568165,"{""type"":""MultiPoint"",""coordinates"":[]}"
20110306,2011-03-06,283.5795014909217,"{""type"":""MultiPoint"",""coordinates"":[]}"
20110307,2011-03-07,282.1852485876985,"{""type"":""MultiPoint"",""coordinates"":[]}"
20110308,2011-03-08,282.19173225669573,"{""type"":""MultiPoint"",""coordinates"":[]}"
20110309,2011-03-09,280.11842865607076,"{""type"":""MultiPoint"",""coordinates"":[]}"
20110310,2011-03-10,278.7310990468319,"{""type"":""MultiPoint"",""coordinates"":[]}"
20110311,2011-03-11,278.4407318702061,"{""type"":""MultiPoint"",""coordinates"":[]}"
20110312,2011-03-12,279.7692242872656,"{""type"":""MultiPoint"",""coordinates"":[]}"
20110313,2011-03-13,280.97077700978673,"{""type"":""MultiPoint"",""coordinates"":[]}"
20110314,2011-03-14,280.2773258836982,"{""type"":""MultiPoint"",""coordinates"":[]}"
20110315,2011-03-15,278.2887736871378,"{""type"":""MultiPoint"",""coordinates"":[]}"
20110316,2011-03-16,275.3995553748655,"{""type"":""MultiPoint"",""coordinates"":[]}"
20110317,2011-03-17,276.09195296164086,"{""type"":""MultiPoint"",""coordinates"":[]}"
20110318,2011-03-18,280.82990587490787,"{""type"":""MultiPoint"",""coordinates"":[]}"
20110319,2011-03-19,282.2552435569962,"{""type"":""MultiPoint"",""coordinates"":[]}"
20110320,2011-03-20,280.10033256425123,"{""type"":""MultiPoint"",""coordinates"":[]}"
20110321,2011-03-21,281.70283554146135,"{""type"":""MultiPoint"",""coordinates"":[]}"
20110322,2011-03-22,282.8583417383032,"{""type"":""MultiPoint"",""coordinates"":[]}"
20110323,2011-03-23,281.7618625207668,"{""type"":""MultiPoint"",""coordinates"":[]}"
20110324,2011-03-24,282.91497997030973,"{""type"":""MultiPoint"",""coordinates"":[]}"
20110325,2011-03-25,285.21474469068323,"{""type"":""MultiPoint"",""coordinates"":[]}"
20110326,2011-03-26,284.4444453819141,"{""type"":""MultiPoint"",""coordinates"":[]}"
20110327,2011-03-27,280.7792716692407,"{""type"":""MultiPoint"",""coordinates"":[]}"
20110328,2011-03-28,281.1140662303268,"{""type"":""MultiPoint"",""coordinates"":[]}"
20110329,2011-03-29,281.1663625812018,"{""type"":""MultiPoint"",""coordinates"":[]}"
20110330,2011-03-30,278.06098422613354,"{""type"":""MultiPoint"",""coordinates"":[]}"
20110331,2011-03-31,276.5756964922746,"{""type"":""MultiPoint"",""coordinates"":[]}"
20110401,2011-04-01,277.8038692562909,"{""type"":""MultiPoint"",""coordinates"":[]}"
20110402,2011-04-02,281.4993464762588,"{""type"":""MultiPoint"",""coordinates"":[]}"
20110403,2011-04-03,284.9425772389585,"{""type"":""MultiPoint"",""coordinates"":[]}"
20110404,2011-04-04,282.5885259172848,"{""type"":""MultiPoint"",""coordinates"":[]}"
20110405,2011-04-05,283.08470958840803,"{""type"":""MultiPoint"",""coordinates"":[]}"
20110406,2011-04-06,284.65281553984465,"{""type"":""MultiPoint"",""coordinates"":[]}"
20110407,2011-04-07,285.0839884295161,"{""type"":""MultiPoint"",""coordinates"":[]}"
20110408,2011-04-08,286.8196851069069,"{""type"":""MultiPoint"",""coordinates"":[]}"
20110409,2011-04-09,286.2207801777518,"{""type"":""MultiPoint"",""coordinates"":[]}"
20110410,2011-04-10,287.1268485980896,"{""type"":""MultiPoint"",""coordinates"":[]}"
20110411,2011-04-11,288.7594008115797,"{""type"":""MultiPoint"",""coordinates"":[]}"
20110412,2011-04-12,289.00708315242025,"{""type"":""MultiPoint"",""coordinates"":[]}"
20110413,2011-04-13,289.3656758675182,"{""type"":""MultiPoint"",""coordinates"":[]}"
20110414,2011-04-14,289.10282373522995,"{""type"":""MultiPoint"",""coordinates"":[]}"
20110415,2011-04-15,288.913708678503,"{""type"":""MultiPoint"",""coordinates"":[]}"
20110416,2011-04-16,289.5884704272107,"{""type"":""MultiPoint"",""coordinates"":[]}"
20110417,2011-04-17,289.5288764245729,"{""type"":""MultiPoint"",""coordinates"":[]}"
20110418,2011-04-18,288.52165108363903,"{""type"":""MultiPoint"",""coordinates"":[]}"
20110419,2011-04-19,288.26635384108346,"{""type"":""MultiPoint"",""coordinates"":[]}"
20110420,2011-04-20,288.0151247594161,"{""type"":""MultiPoint"",""coordinates"":[]}"
20110421,2011-04-21,287.85998109931,"{""type"":""MultiPoint"",""coordinates"":[]}"
20110422,2011-04-22,287.49263482146944,"{""type"":""MultiPoint"",""coordinates"":[]}"
20110423,2011-04-23,287.5501244422176,"{""type"":""MultiPoint"",""coordinates"":[]}"
20110424,2011-04-24,289.6385645902316,"{""type"":""MultiPoint"",""coordinates"":[]}"
20110425,2011-04-25,288.46400309068446,"{""type"":""MultiPoint"",""coordinates"":[]}"
20110426,2011-04-26,285.884285432702,"{""type"":""MultiPoint"",""coordinates"":[]}"
20110427,2011-04-27,287.114768801055,"{""type"":""MultiPoint"",""coordinates"":[]}"
20110428,2011-04-28,289.2355988311652,"{""type"":""MultiPoint"",""coordinates"":[]}"
20110429,2011-04-29,290.6364860820551,"{""type"":""MultiPoint"",""coordinates"":[]}"
20110430,2011-04-30,288.83644039607975,"{""type"":""MultiPoint"",""coordinates"":[]}"
20110501,2011-05-01,290.9827533473985,"{""type"":""MultiPoint"",""coordinates"":[]}"
20110502,2011-05-02,291.45929550354725,"{""type"":""MultiPoint"",""coordinates"":[]}"
20110503,2011-05-03,289.6759170731732,"{""type"":""MultiPoint"",""coordinates"":[]}"
20110504,2011-05-04,289.40003981286725,"{""type"":""MultiPoint"",""coordinates"":[]}"
20110505,2011-05-05,288.52565272182136,"{""type"":""MultiPoint"",""coordinates"":[]}"
20110506,2011-05-06,289.1487414252313,"{""type"":""MultiPoint"",""coordinates"":[]}"
20110507,2011-05-07,289.0336304267761,"{""type"":""MultiPoint"",""coordinates"":[]}"
20110508,2011-05-08,290.0804431562009,"{""type"":""MultiPoint"",""coordinates"":[]}"
20110509,2011-05-09,291.5236915117879,"{""type"":""MultiPoint"",""coordinates"":[]}"
20110510,2011-05-10,289.6975942780652,"{""type"":""MultiPoint"",""coordinates"":[]}"
20110511,2011-05-11,287.0564455248387,"{""type"":""MultiPoint"",""coordinates"":[]}"
20110512,2011-05-12,287.6167045625096,"{""type"":""MultiPoint"",""coordinates"":[]}"
20110513,2011-05-13,288.43706192187574,"{""type"":""MultiPoint"",""coordinates"":[]}"
20110514,2011-05-14,288.54365812849187,"{""type"":""MultiPoint"",""coordinates"":[]}"
20110515,2011-05-15,289.6661586731846,"{""type"":""MultiPoint"",""coordinates"":[]}"
20110516,2011-05-16,286.7515978603646,"{""type"":""MultiPoint"",""coordinates"":[]}"
20110517,2011-05-17,289.4524288392875,"{""type"":""MultiPoint"",""coordinates"":[]}"
20110518,2011-05-18,291.2890908701992,"{""type"":""MultiPoint"",""coordinates"":[]}"
20110519,2011-05-19,290.4755346264353,"{""type"":""MultiPoint"",""coordinates"":[]}"
20110520,2011-05-20,290.61981212779324,"{""type"":""MultiPoint"",""coordinates"":[]}"
20110521,2011-05-21,292.1523734724742,"{""type"":""MultiPoint"",""coordinates"":[]}"
20110522,2011-05-22,293.0492520782725,"{""type"":""MultiPoint"",""coordinates"":[]}"
20110523,2011-05-23,293.3468401576255,"{""type"":""MultiPoint"",""coordinates"":[]}"
20110524,2011-05-24,292.39721705130506,"{""type"":""MultiPoint"",""coordinates"":[]}"
20110525,2011-05-25,291.0978952679763,"{""type"":""MultiPoint"",""coordinates"":[]}"
20110526,2011-05-26,291.601648455058,"{""type"":""MultiPoint"",""coordinates"":[]}"
20110527,2011-05-27,292.70286543267247,"{""type"":""MultiPoint"",""coordinates"":[]}"
20110528,2011-05-28,292.6330505407858,"{""type"":""MultiPoint"",""coordinates"":[]}"
20110529,2011-05-29,292.96422375085115,"{""type"":""MultiPoint"",""coordinates"":[]}"
20110530,2011-05-30,293.2891051428427,"{""type"":""MultiPoint"",""coordinates"":[]}"
20110531,2011-05-31,292.8513384148184,"{""type"":""MultiPoint"",""coordinates"":[]}"
20110601,2011-06-01,294.22471988034346,"{""type"":""MultiPoint"",""coordinates"":[]}"
20110602,2011-06-02,294.4821878515722,"{""type"":""MultiPoint"",""coordinates"":[]}"
20110603,2011-06-03,295.23977282726236,"{""type"":""MultiPoint"",""coordinates"":[]}"
20110604,2011-06-04,295.03979237879713,"{""type"":""MultiPoint"",""coordinates"":[]}"
20110605,2011-06-05,295.14411830031696,"{""type"":""MultiPoint"",""coordinates"":[]}"
20110606,2011-06-06,294.53115731935065,"{""type"":""MultiPoint"",""coordinates"":[]}"
20110607,2011-06-07,293.86420081897677,"{""type"":""MultiPoint"",""coordinates"":[]}"
20110608,2011-06-08,294.19878395532237,"{""type"":""MultiPoint"",""coordinates"":[]}"
20110609,2011-06-09,294.2740748928957,"{""type"":""MultiPoint"",""coordinates"":[]}"
20110610,2011-06-10,294.64005543475724,"{""type"":""MultiPoint"",""coordinates"":[]}"
20110611,2011-06-11,294.2883333656754,"{""type"":""MultiPoint"",""coordinates"":[]}"
20110612,2011-06-12,294.1950118810575,"{""type"":""MultiPoint"",""coordinates"":[]}"
20110613,2011-06-13,294.4206107122769,"{""type"":""MultiPoint"",""coordinates"":[]}"
20110614,2011-06-14,294.4761783697298,"{""type"":""MultiPoint"",""coordinates"":[]}"
20110615,2011-06-15,294.12051737298356,"{""type"":""MultiPoint"",""coordinates"":[]}"
20110616,2011-06-16,294.44755499120765,"{""type"":""MultiPoint"",""coordinates"":[]}"
20110617,2011-06-17,294.3062476497001,"{""type"":""MultiPoint"",""coordinates"":[]}"
20110618,2011-06-18,293.8685421784575,"{""type"":""MultiPoint"",""coordinates"":[]}"
20110619,2011-06-19,294.04055118076775,"{""type"":""MultiPoint"",""coordinates"":[]}"
20110620,2011-06-20,294.09497910458276,"{""type"":""MultiPoint"",""coordinates"":[]}"
20110621,2011-06-21,293.82510551239585,"{""type"":""MultiPoint"",""coordinates"":[]}"
20110622,2011-06-22,294.1832616377282,"{""type"":""MultiPoint"",""coordinates"":[]}"
20110623,2011-06-23,294.1015105806596,"{""type"":""MultiPoint"",""coordinates"":[]}"
20110624,2011-06-24,294.316740916603,"{""type"":""MultiPoint"",""coordinates"":[]}"
20110625,2011-06-25,294.0915366263805,"{""type"":""MultiPoint"",""coordinates"":[]}"
20110626,2011-06-26,294.2527753365946,"{""type"":""MultiPoint"",""coordinates"":[]}"
20110627,2011-06-27,294.16352904143713,"{""type"":""MultiPoint"",""coordinates"":[]}"
20110628,2011-06-28,294.211357602976,"{""type"":""MultiPoint"",""coordinates"":[]}"
20110629,2011-06-29,294.10881199867856,"{""type"":""MultiPoint"",""coordinates"":[]}"
20110630,2011-06-30,293.95125378447227,"{""type"":""MultiPoint"",""coordinates"":[]}"
20110701,2011-07-01,293.85992794866627,"{""type"":""MultiPoint"",""coordinates"":[]}"
20110702,2011-07-02,293.84894605301764,"{""type"":""MultiPoint"",""coordinates"":[]}"
20110703,2011-07-03,293.75029602895626,"{""type"":""MultiPoint"",""coordinates"":[]}"
20110704,2011-07-04,293.76299028598794,"{""type"":""MultiPoint"",""coordinates"":[]}"
20110705,2011-07-05,293.62274092719696,"{""type"":""MultiPoint"",""coordinates"":[]}"
20110706,2011-07-06,293.98705229058805,"{""type"":""MultiPoint"",""coordinates"":[]}"
20110707,2011-07-07,294.44290545151847,"{""type"":""MultiPoint"",""coordinates"":[]}"
20110708,2011-07-08,294.19664860555696,"{""type"":""MultiPoint"",""coordinates"":[]}"
20110709,2011-07-09,293.9524301870785,"{""type"":""MultiPoint"",""coordinates"":[]}"
20110710,2011-07-10,293.7543779939662,"{""type"":""MultiPoint"",""coordinates"":[]}"
20110711,2011-07-11,293.8027157741683,"{""type"":""MultiPoint"",""coordinates"":[]}"
20110712,2011-07-12,293.8194170065919,"{""type"":""MultiPoint"",""coordinates"":[]}"
20110713,2011-07-13,294.1053504217102,"{""type"":""MultiPoint"",""coordinates"":[]}"
20110714,2011-07-14,294.18314336364045,"{""type"":""MultiPoint"",""coordinates"":[]}"
20110715,2011-07-15,294.4855226769878,"{""type"":""MultiPoint"",""coordinates"":[]}"
20110716,2011-07-16,294.79799544702644,"{""type"":""MultiPoint"",""coordinates"":[]}"
20110717,2011-07-17,294.5410927605054,"{""type"":""MultiPoint"",""coordinates"":[]}"
20110718,2011-07-18,294.4751647203847,"{""type"":""MultiPoint"",""coordinates"":[]}"
20110719,2011-07-19,294.25639733776865,"{""type"":""MultiPoint"",""coordinates"":[]}"
20110720,2011-07-20,293.99893131558946,"{""type"":""MultiPoint"",""coordinates"":[]}"
20110721,2011-07-21,293.6846464433234,"{""type"":""MultiPoint"",""coordinates"":[]}"
20110722,2011-07-22,293.7113720378714,"{""type"":""MultiPoint"",""coordinates"":[]}"
20110723,2011-07-23,293.7350480759065,"{""type"":""MultiPoint"",""coordinates"":[]}"
20110724,2011-07-24,293.74852183043794,"{""type"":""MultiPoint"",""coordinates"":[]}"
20110725,2011-07-25,294.45553045761864,"{""type"":""MultiPoint"",""coordinates"":[]}"
20110726,2011-07-26,294.6444118595292,"{""type"":""MultiPoint"",""coordinates"":[]}"
20110727,2011-07-27,294.6953439606676,"{""type"":""MultiPoint"",""coordinates"":[]}"
20110728,2011-07-28,294.35828605499336,"{""type"":""MultiPoint"",""coordinates"":[]}"
20110729,2011-07-29,294.19002446017583,"{""type"":""MultiPoint"",""coordinates"":[]}"
20110730,2011-07-30,294.41104928921294,"{""type"":""MultiPoint"",""coordinates"":[]}"
20110731,2011-07-31,294.18117505044876,"{""type"":""MultiPoint"",""coordinates"":[]}"
20110801,2011-08-01,293.8494666831127,"{""type"":""MultiPoint"",""coordinates"":[]}"
20110802,2011-08-02,294.38087969976215,"{""type"":""MultiPoint"",""coordinates"":[]}"
20110803,2011-08-03,294.37650046980525,"{""type"":""MultiPoint"",""coordinates"":[]}"
20110804,2011-08-04,294.1182108885828,"{""type"":""MultiPoint"",""coordinates"":[]}"
20110805,2011-08-05,294.14664643371304,"{""type"":""MultiPoint"",""coordinates"":[]}"
20110806,2011-08-06,293.88118914525757,"{""type"":""MultiPoint"",""coordinates"":[]}"
20110807,2011-08-07,294.0341637940254,"{""type"":""MultiPoint"",""coordinates"":[]}"
20110808,2011-08-08,293.8689752578967,"{""type"":""MultiPoint"",""coordinates"":[]}"
20110809,2011-08-09,293.9167344153434,"{""type"":""MultiPoint"",""coordinates"":[]}"
20110810,2011-08-10,293.8076306173323,"{""type"":""MultiPoint"",""coordinates"":[]}"
20110811,2011-08-11,293.9049510358117,"{""type"":""MultiPoint"",""coordinates"":[]}"
20110812,2011-08-12,293.8284862757144,"{""type"":""MultiPoint"",""coordinates"":[]}"
20110813,2011-08-13,293.7866203223364,"{""type"":""MultiPoint"",""coordinates"":[]}"
20110814,2011-08-14,294.01833257797614,"{""type"":""MultiPoint"",""coordinates"":[]}"
20110815,2011-08-15,293.79766452501167,"{""type"":""MultiPoint"",""coordinates"":[]}"
20110816,2011-08-16,293.63853946059015,"{""type"":""MultiPoint"",""coordinates"":[]}"
20110817,2011-08-17,293.7326971513583,"{""type"":""MultiPoint"",""coordinates"":[]}"
20110818,2011-08-18,293.9667374690279,"{""type"":""MultiPoint"",""coordinates"":[]}"
20110819,2011-08-19,294.1485463451336,"{""type"":""MultiPoint"",""coordinates"":[]}"
20110820,2011-08-20,293.9690553905094,"{""type"":""MultiPoint"",""coordinates"":[]}"
20110821,2011-08-21,294.0159856441822,"{""type"":""MultiPoint"",""coordinates"":[]}"
20110822,2011-08-22,294.04463652889694,"{""type"":""MultiPoint"",""coordinates"":[]}"
20110823,2011-08-23,294.3393543731162,"{""type"":""MultiPoint"",""coordinates"":[]}"
20110824,2011-08-24,294.168066815468,"{""type"":""MultiPoint"",""coordinates"":[]}"
20110825,2011-08-25,293.8530167683043,"{""type"":""MultiPoint"",""coordinates"":[]}"
20110826,2011-08-26,293.76662414780503,"{""type"":""MultiPoint"",""coordinates"":[]}"
20110827,2011-08-27,293.8392751133214,"{""type"":""MultiPoint"",""coordinates"":[]}"
20110828,2011-08-28,294.0063154874177,"{""type"":""MultiPoint"",""coordinates"":[]}"
20110829,2011-08-29,294.3398470284876,"{""type"":""MultiPoint"",""coordinates"":[]}"
20110830,2011-08-30,294.31168676026306,"{""type"":""MultiPoint"",""coordinates"":[]}"
20110831,2011-08-31,294.7782147813545,"{""type"":""MultiPoint"",""coordinates"":[]}"
20110901,2011-09-01,294.57056691797237,"{""type"":""MultiPoint"",""coordinates"":[]}"
20110902,2011-09-02,294.59725087640686,"{""type"":""MultiPoint"",""coordinates"":[]}"
20110903,2011-09-03,294.3916248219648,"{""type"":""MultiPoint"",""coordinates"":[]}"
20110904,2011-09-04,294.2502364502354,"{""type"":""MultiPoint"",""coordinates"":[]}"
20110905,2011-09-05,293.97921823993414,"{""type"":""MultiPoint"",""coordinates"":[]}"
20110906,2011-09-06,293.9080384135143,"{""type"":""MultiPoint"",""coordinates"":[]}"
20110907,2011-09-07,293.8255006991321,"{""type"":""MultiPoint"",""coordinates"":[]}"
20110908,2011-09-08,293.60846954529774,"{""type"":""MultiPoint"",""coordinates"":[]}"
20110909,2011-09-09,293.53515015781886,"{""type"":""MultiPoint"",""coordinates"":[]}"
20110910,2011-09-10,293.76002987987476,"{""type"":""MultiPoint"",""coordinates"":[]}"
20110911,2011-09-11,293.4377290449754,"{""type"":""MultiPoint"",""coordinates"":[]}"
20110912,2011-09-12,293.3970488976021,"{""type"":""MultiPoint"",""coordinates"":[]}"
20110913,2011-09-13,293.5516549361245,"{""type"":""MultiPoint"",""coordinates"":[]}"
20110914,2011-09-14,294.20048440635946,"{""type"":""MultiPoint"",""coordinates"":[]}"
20110915,2011-09-15,294.34391725320654,"{""type"":""MultiPoint"",""coordinates"":[]}"
20110916,2011-09-16,293.33251861804797,"{""type"":""MultiPoint"",""coordinates"":[]}"
20110917,2011-09-17,293.36874944335074,"{""type"":""MultiPoint"",""coordinates"":[]}"
20110918,2011-09-18,292.96183110987783,"{""type"":""MultiPoint"",""coordinates"":[]}"
20110919,2011-09-19,292.72549962622264,"{""type"":""MultiPoint"",""coordinates"":[]}"
20110920,2011-09-20,292.99267852997434,"{""type"":""MultiPoint"",""coordinates"":[]}"
20110921,2011-09-21,292.45502113242173,"{""type"":""MultiPoint"",""coordinates"":[]}"
20110922,2011-09-22,291.3426046385881,"{""type"":""MultiPoint"",""coordinates"":[]}"
20110923,2011-09-23,291.93703829061025,"{""type"":""MultiPoint"",""coordinates"":[]}"
20110924,2011-09-24,291.8838771036168,"{""type"":""MultiPoint"",""coordinates"":[]}"
20110925,2011-09-25,291.5302241324836,"{""type"":""MultiPoint"",""coordinates"":[]}"
20110926,2011-09-26,291.1846140868784,"{""type"":""MultiPoint"",""coordinates"":[]}"
20110927,2011-09-27,291.4032496311093,"{""type"":""MultiPoint"",""coordinates"":[]}"
20110928,2011-09-28,292.08548359900004,"{""type"":""MultiPoint"",""coordinates"":[]}"
20110929,2011-09-29,292.7025455295568,"{""type"":""MultiPoint"",""coordinates"":[]}"
20110930,2011-09-30,293.37787914930544,"{""type"":""MultiPoint"",""coordinates"":[]}"
20111001,2011-10-01,293.5868582875895,"{""type"":""MultiPoint"",""coordinates"":[]}"
20111002,2011-10-02,293.6945209680595,"{""type"":""MultiPoint"",""coordinates"":[]}"
20111003,2011-10-03,292.69532274611583,"{""type"":""MultiPoint"",""coordinates"":[]}"
20111004,2011-10-04,291.74601241805874,"{""type"":""MultiPoint"",""coordinates"":[]}"
20111005,2011-10-05,292.39310150284024,"{""type"":""MultiPoint"",""coordinates"":[]}"
20111006,2011-10-06,291.0473821639356,"{""type"":""MultiPoint"",""coordinates"":[]}"
20111007,2011-10-07,292.2806161092161,"{""type"":""MultiPoint"",""coordinates"":[]}"
20111008,2011-10-08,292.81006262083724,"{""type"":""MultiPoint"",""coordinates"":[]}"
20111009,2011-10-09,291.00322501221456,"{""type"":""MultiPoint"",""coordinates"":[]}"
20111010,2011-10-10,290.23758816482376,"{""type"":""MultiPoint"",""coordinates"":[]}"
20111011,2011-10-11,292.80028480568126,"{""type"":""MultiPoint"",""coordinates"":[]}"
20111012,2011-10-12,294.52863924135744,"{""type"":""MultiPoint"",""coordinates"":[]}"
20111013,2011-10-13,294.61522890153475,"{""type"":""MultiPoint"",""coordinates"":[]}"
20111014,2011-10-14,294.64151554816453,"{""type"":""MultiPoint"",""coordinates"":[]}"
20111015,2011-10-15,294.71928162213356,"{""type"":""MultiPoint"",""coordinates"":[]}"
20111016,2011-10-16,294.449233261034,"{""type"":""MultiPoint"",""coordinates"":[]}"
20111017,2011-10-17,293.6641428467138,"{""type"":""MultiPoint"",""coordinates"":[]}"
20111018,2011-10-18,293.87042491956163,"{""type"":""MultiPoint"",""coordinates"":[]}"
20111019,2011-10-19,293.2066767456931,"{""type"":""MultiPoint"",""coordinates"":[]}"
20111020,2011-10-20,291.9227533291383,"{""type"":""MultiPoint"",""coordinates"":[]}"
20111021,2011-10-21,288.8799453859961,"{""type"":""MultiPoint"",""coordinates"":[]}"
20111022,2011-10-22,286.8799572841425,"{""type"":""MultiPoint"",""coordinates"":[]}"
20111023,2011-10-23,286.4839820079508,"{""type"":""MultiPoint"",""coordinates"":[]}"
20111024,2011-10-24,284.5411013670464,"{""type"":""MultiPoint"",""coordinates"":[]}"
20111025,2011-10-25,283.83660690325996,"{""type"":""MultiPoint"",""coordinates"":[]}"
20111026,2011-10-26,285.8785668457945,"{""type"":""MultiPoint"",""coordinates"":[]}"
20111027,2011-10-27,289.0133680674063,"{""type"":""MultiPoint"",""coordinates"":[]}"
20111028,2011-10-28,289.9292746178352,"{""type"":""MultiPoint"",""coordinates"":[]}"
20111029,2011-10-29,291.6034678452768,"{""type"":""MultiPoint"",""coordinates"":[]}"
20111030,2011-10-30,290.1417201333693,"{""type"":""MultiPoint"",""coordinates"":[]}"
20111031,2011-10-31,287.75672342691695,"{""type"":""MultiPoint"",""coordinates"":[]}"
20111101,2011-11-01,287.9524624598424,"{""type"":""MultiPoint"",""coordinates"":[]}"
20111102,2011-11-02,287.8940206642419,"{""type"":""MultiPoint"",""coordinates"":[]}"
20111103,2011-11-03,287.4843961971933,"{""type"":""MultiPoint"",""coordinates"":[]}"
20111104,2011-11-04,288.21857421525846,"{""type"":""MultiPoint"",""coordinates"":[]}"
20111105,2011-11-05,288.8958149164136,"{""type"":""MultiPoint"",""coordinates"":[]}"
20111106,2011-11-06,288.0915870791623,"{""type"":""MultiPoint"",""coordinates"":[]}"
20111107,2011-11-07,286.88475939743296,"{""type"":""MultiPoint"",""coordinates"":[]}"
20111108,2011-11-08,285.4143496233486,"{""type"":""MultiPoint"",""coordinates"":[]}"
20111109,2011-11-09,284.9887672577974,"{""type"":""MultiPoint"",""coordinates"":[]}"
20111110,2011-11-10,284.30525002623074,"{""type"":""MultiPoint"",""coordinates"":[]}"
20111111,2011-11-11,285.74716099266254,"{""type"":""MultiPoint"",""coordinates"":[]}"
20111112,2011-11-12,285.8125851374191,"{""type"":""MultiPoint"",""coordinates"":[]}"
20111113,2011-11-13,286.4669399975113,"{""type"":""MultiPoint"",""coordinates"":[]}"
20111114,2011-11-14,286.29364652418263,"{""type"":""MultiPoint"",""coordinates"":[]}"
20111115,2011-11-15,285.592541340024,"{""type"":""MultiPoint"",""coordinates"":[]}"
20111116,2011-11-16,283.0046392592758,"{""type"":""MultiPoint"",""coordinates"":[]}"
20111117,2011-11-17,280.44635122379367,"{""type"":""MultiPoint"",""coordinates"":[]}"
20111118,2011-11-18,280.3936009971745,"{""type"":""MultiPoint"",""coordinates"":[]}"
20111119,2011-11-19,281.81980014528983,"{""type"":""MultiPoint"",""coordinates"":[]}"
20111120,2011-11-20,282.31355754968644,"{""type"":""MultiPoint"",""coordinates"":[]}"
20111121,2011-11-21,282.6170770624635,"{""type"":""MultiPoint"",""coordinates"":[]}"
20111122,2011-11-22,282.47122111774496,"{""type"":""MultiPoint"",""coordinates"":[]}"
20111123,2011-11-23,283.530914581194,"{""type"":""MultiPoint"",""coordinates"":[]}"
20111124,2011-11-24,284.3084983283487,"{""type"":""MultiPoint"",""coordinates"":[]}"
20111125,2011-11-25,284.4786114586062,"{""type"":""MultiPoint"",""coordinates"":[]}"
20111126,2011-11-26,287.90582125650866,"{""type"":""MultiPoint"",""coordinates"":[]}"
20111127,2011-11-27,289.02967711600155,"{""type"":""MultiPoint"",""coordinates"":[]}"
20111128,2011-11-28,291.3399179305324,"{""type"":""MultiPoint"",""coordinates"":[]}"
20111129,2011-11-29,290.8889649524775,"{""type"":""MultiPoint"",""coordinates"":[]}"
20111130,2011-11-30,289.65618731260633,"{""type"":""MultiPoint"",""coordinates"":[]}"
20111201,2011-12-01,289.45044844808587,"{""type"":""MultiPoint"",""coordinates"":[]}"
20111202,2011-12-02,286.1387361032946,"{""type"":""MultiPoint"",""coordinates"":[]}"
20111203,2011-12-03,283.4347019667811,"{""type"":""MultiPoint"",""coordinates"":[]}"
20111204,2011-12-04,284.81854172953814,"{""type"":""MultiPoint"",""coordinates"":[]}"
20111205,2011-12-05,286.00787433961887,"{""type"":""MultiPoint"",""coordinates"":[]}"
20111206,2011-12-06,285.43968750872534,"{""type"":""MultiPoint"",""coordinates"":[]}"
20111207,2011-12-07,284.185686781664,"{""type"":""MultiPoint"",""coordinates"":[]}"
20111208,2011-12-08,282.7124396536852,"{""type"":""MultiPoint"",""coordinates"":[]}"
20111209,2011-12-09,282.9057225077144,"{""type"":""MultiPoint"",""coordinates"":[]}"
20111210,2011-12-10,284.1458864994129,"{""type"":""MultiPoint"",""coordinates"":[]}"
20111211,2011-12-11,283.4242888781621,"{""type"":""MultiPoint"",""coordinates"":[]}"
20111212,2011-12-12,285.01409482042556,"{""type"":""MultiPoint"",""coordinates"":[]}"
20111213,2011-12-13,285.82691868173634,"{""type"":""MultiPoint"",""coordinates"":[]}"
20111214,2011-12-14,283.8253389086578,"{""type"":""MultiPoint"",""coordinates"":[]}"
20111215,2011-12-15,281.59894111310956,"{""type"":""MultiPoint"",""coordinates"":[]}"
20111216,2011-12-16,282.3632034227868,"{""type"":""MultiPoint"",""coordinates"":[]}"
20111217,2011-12-17,282.3412606873224,"{""type"":""MultiPoint"",""coordinates"":[]}"
20111218,2011-12-18,282.6048018140924,"{""type"":""MultiPoint"",""coordinates"":[]}"
20111219,2011-12-19,282.91389100090805,"{""type"":""MultiPoint"",""coordinates"":[]}"
20111220,2011-12-20,282.65501250746047,"{""type"":""MultiPoint"",""coordinates"":[]}"
20111221,2011-12-21,281.7745953960839,"{""type"":""MultiPoint"",""coordinates"":[]}"
20111222,2011-12-22,280.44968011234494,"{""type"":""MultiPoint"",""coordinates"":[]}"
20111223,2011-12-23,280.7938568400282,"{""type"":""MultiPoint"",""coordinates"":[]}"
20111224,2011-12-24,279.82593487682874,"{""type"":""MultiPoint"",""coordinates"":[]}"
20111225,2011-12-25,278.58438105625163,"{""type"":""MultiPoint"",""coordinates"":[]}"
20111226,2011-12-26,279.6048601513026,"{""type"":""MultiPoint"",""coordinates"":[]}"
20111227,2011-12-27,279.65587252108764,"{""type"":""MultiPoint"",""coordinates"":[]}"
20111228,2011-12-28,280.14471464921814,"{""type"":""MultiPoint"",""coordinates"":[]}"
20111229,2011-12-29,279.89865922460035,"{""type"":""MultiPoint"",""coordinates"":[]}"
20111230,2011-12-30,283.4664282477321,"{""type"":""MultiPoint"",""coordinates"":[]}"
20111231,2011-12-31,284.2637546326354,"{""type"":""MultiPoint"",""coordinates"":[]}"
20120101,2012-01-01,286.1536219375909,"{""type"":""MultiPoint"",""coordinates"":[]}"
20120102,2012-01-02,286.6724556384765,"{""type"":""MultiPoint"",""coordinates"":[]}"
20120103,2012-01-03,286.5376860054435,"{""type"":""MultiPoint"",""coordinates"":[]}"
20120104,2012-01-04,283.5595758778454,"{""type"":""MultiPoint"",""coordinates"":[]}"
20120105,2012-01-05,282.4648741013491,"{""type"":""MultiPoint"",""coordinates"":[]}"
20120106,2012-01-06,280.59730994015734,"{""type"":""MultiPoint"",""coordinates"":[]}"
20120107,2012-01-07,279.13537792015103,"{""type"":""MultiPoint"",""coordinates"":[]}"
20120108,2012-01-08,277.705925684701,"{""type"":""MultiPoint"",""coordinates"":[]}"
20120109,2012-01-09,276.12335175234375,"{""type"":""MultiPoint"",""coordinates"":[]}"
20120110,2012-01-10,278.64555775290626,"{""type"":""MultiPoint"",""coordinates"":[]}"
20120111,2012-01-11,278.09540692845474,"{""type"":""MultiPoint"",""coordinates"":[]}"
20120112,2012-01-12,276.2413285315138,"{""type"":""MultiPoint"",""coordinates"":[]}"
20120113,2012-01-13,277.61763604670693,"{""type"":""MultiPoint"",""coordinates"":[]}"
20120114,2012-01-14,277.0848803228362,"{""type"":""MultiPoint"",""coordinates"":[]}"
20120115,2012-01-15,276.79469045662177,"{""type"":""MultiPoint"",""coordinates"":[]}"
20120116,2012-01-16,278.3940123660875,"{""type"":""MultiPoint"",""coordinates"":[]}"
20120117,2012-01-17,279.5020102917629,"{""type"":""MultiPoint"",""coordinates"":[]}"
20120118,2012-01-18,282.0244496725095,"{""type"":""MultiPoint"",""coordinates"":[]}"
20120119,2012-01-19,281.95992307976496,"{""type"":""MultiPoint"",""coordinates"":[]}"
20120120,2012-01-20,280.11246106396163,"{""type"":""MultiPoint"",""coordinates"":[]}"
20120121,2012-01-21,280.6040168559883,"{""type"":""MultiPoint"",""coordinates"":[]}"
20120122,2012-01-22,285.4919074311679,"{""type"":""MultiPoint"",""coordinates"":[]}"
20120123,2012-01-23,284.9331280899446,"{""type"":""MultiPoint"",""coordinates"":[]}"
20120124,2012-01-24,282.5211000408602,"{""type"":""MultiPoint"",""coordinates"":[]}"
20120125,2012-01-25,283.3517397059661,"{""type"":""MultiPoint"",""coordinates"":[]}"
20120126,2012-01-26,282.3450581083043,"{""type"":""MultiPoint"",""coordinates"":[]}"
20120127,2012-01-27,283.3846687105486,"{""type"":""MultiPoint"",""coordinates"":[]}"
20120128,2012-01-28,281.21961421025935,"{""type"":""MultiPoint"",""coordinates"":[]}"
20120129,2012-01-29,277.84699883561916,"{""type"":""MultiPoint"",""coordinates"":[]}"
20120130,2012-01-30,282.35631863186813,"{""type"":""MultiPoint"",""coordinates"":[]}"
20120131,2012-01-31,283.845545212682,"{""type"":""MultiPoint"",""coordinates"":[]}"
20120201,2012-02-01,283.5569659638807,"{""type"":""MultiPoint"",""coordinates"":[]}"
20120202,2012-02-02,283.24151716599226,"{""type"":""MultiPoint"",""coordinates"":[]}"
20120203,2012-02-03,282.9256943599343,"{""type"":""MultiPoint"",""coordinates"":[]}"
20120204,2012-02-04,283.2439830915699,"{""type"":""MultiPoint"",""coordinates"":[]}"
20120205,2012-02-05,283.2375276246553,"{""type"":""MultiPoint"",""coordinates"":[]}"
20120206,2012-02-06,284.1537494010241,"{""type"":""MultiPoint"",""coordinates"":[]}"
20120207,2012-02-07,282.2721056695632,"{""type"":""MultiPoint"",""coordinates"":[]}"
20120208,2012-02-08,272.70086751871634,"{""type"":""MultiPoint"",""coordinates"":[]}"
20120209,2012-02-09,271.3151609773712,"{""type"":""MultiPoint"",""coordinates"":[]}"
20120210,2012-02-10,276.2393734216502,"{""type"":""MultiPoint"",""coordinates"":[]}"
20120211,2012-02-11,281.6759186072073,"{""type"":""MultiPoint"",""coordinates"":[]}"
20120212,2012-02-12,281.02353273100744,"{""type"":""MultiPoint"",""coordinates"":[]}"
20120213,2012-02-13,280.8967326045083,"{""type"":""MultiPoint"",""coordinates"":[]}"
20120214,2012-02-14,282.74169944485175,"{""type"":""MultiPoint"",""coordinates"":[]}"
20120215,2012-02-15,280.27333249005073,"{""type"":""MultiPoint"",""coordinates"":[]}"
20120216,2012-02-16,276.01280185480334,"{""type"":""MultiPoint"",""coordinates"":[]}"
20120217,2012-02-17,278.4217500678353,"{""type"":""MultiPoint"",""coordinates"":[]}"
20120218,2012-02-18,282.8106517826347,"{""type"":""MultiPoint"",""coordinates"":[]}"
20120219,2012-02-19,283.7045219917791,"{""type"":""MultiPoint"",""coordinates"":[]}"
20120220,2012-02-20,281.7751895863653,"{""type"":""MultiPoint"",""coordinates"":[]}"
20120221,2012-02-21,278.5853074265271,"{""type"":""MultiPoint"",""coordinates"":[]}"
20120222,2012-02-22,277.4159134275309,"{""type"":""MultiPoint"",""coordinates"":[]}"
20120223,2012-02-23,278.1653176355536,"{""type"":""MultiPoint"",""coordinates"":[]}"
20120224,2012-02-24,278.1900231749686,"{""type"":""MultiPoint"",""coordinates"":[]}"
20120225,2012-02-25,277.7841796957507,"{""type"":""MultiPoint"",""coordinates"":[]}"
20120226,2012-02-26,278.72570559445023,"{""type"":""MultiPoint"",""coordinates"":[]}"
20120227,2012-02-27,278.72499244555024,"{""type"":""MultiPoint"",""coordinates"":[]}"
20120228,2012-02-28,277.36159740764293,"{""type"":""MultiPoint"",""coordinates"":[]}"
20120229,2012-02-29,277.8409949387193,"{""type"":""MultiPoint"",""coordinates"":[]}"
20120301,2012-03-01,275.2182586385479,"{""type"":""MultiPoint"",""coordinates"":[]}"
20120302,2012-03-02,278.1372976289235,"{""type"":""MultiPoint"",""coordinates"":[]}"
20120303,2012-03-03,283.94028990501135,"{""type"":""MultiPoint"",""coordinates"":[]}"
20120304,2012-03-04,279.27924728982777,"{""type"":""MultiPoint"",""coordinates"":[]}"
20120305,2012-03-05,277.60363606738736,"{""type"":""MultiPoint"",""coordinates"":[]}"
20120306,2012-03-06,277.75653281247986,"{""type"":""MultiPoint"",""coordinates"":[]}"
20120307,2012-03-07,279.1568520047345,"{""type"":""MultiPoint"",""coordinates"":[]}"
20120308,2012-03-08,281.00241921098973,"{""type"":""MultiPoint"",""coordinates"":[]}"
20120309,2012-03-09,278.1883621694263,"{""type"":""MultiPoint"",""coordinates"":[]}"
20120310,2012-03-10,275.06156805883666,"{""type"":""MultiPoint"",""coordinates"":[]}"
20120311,2012-03-11,279.10006596906123,"{""type"":""MultiPoint"",""coordinates"":[]}"
20120312,2012-03-12,279.24325928606567,"{""type"":""MultiPoint"",""coordinates"":[]}"
20120313,2012-03-13,275.9689515281216,"{""type"":""MultiPoint"",""coordinates"":[]}"
20120314,2012-03-14,276.27791225451125,"{""type"":""MultiPoint"",""coordinates"":[]}"
20120315,2012-03-15,276.7649574813834,"{""type"":""MultiPoint"",""coordinates"":[]}"
20120316,2012-03-16,278.32451528461354,"{""type"":""MultiPoint"",""coordinates"":[]}"
20120317,2012-03-17,279.2576776966674,"{""type"":""MultiPoint"",""coordinates"":[]}"
20120318,2012-03-18,276.7390843985141,"{""type"":""MultiPoint"",""coordinates"":[]}"
20120319,2012-03-19,275.88502248396395,"{""type"":""MultiPoint"",""coordinates"":[]}"
20120320,2012-03-20,277.0566463447054,"{""type"":""MultiPoint"",""coordinates"":[]}"
20120321,2012-03-21,276.9507472584141,"{""type"":""MultiPoint"",""coordinates"":[]}"
20120322,2012-03-22,275.9329401670154,"{""type"":""MultiPoint"",""coordinates"":[]}"
20120323,2012-03-23,276.01124858285107,"{""type"":""MultiPoint"",""coordinates"":[]}"
20120324,2012-03-24,274.26473129960306,"{""type"":""MultiPoint"",""coordinates"":[]}"
20120325,2012-03-25,276.37128448192215,"{""type"":""MultiPoint"",""coordinates"":[]}"
20120326,2012-03-26,276.95731291095444,"{""type"":""MultiPoint"",""coordinates"":[]}"
20120327,2012-03-27,281.25012639091534,"{""type"":""MultiPoint"",""coordinates"":[]}"
20120328,2012-03-28,282.2983929874368,"{""type"":""MultiPoint"",""coordinates"":[]}"
20120329,2012-03-29,283.7114309696415,"{""type"":""MultiPoint"",""coordinates"":[]}"
20120330,2012-03-30,285.2648893467804,"{""type"":""MultiPoint"",""coordinates"":[]}"
20120331,2012-03-31,285.0723990786509,"{""type"":""MultiPoint"",""coordinates"":[]}"
20120401,2012-04-01,284.78874637857473,"{""type"":""MultiPoint"",""coordinates"":[]}"
20120402,2012-04-02,287.6937582619916,"{""type"":""MultiPoint"",""coordinates"":[]}"
20120403,2012-04-03,288.84628380487766,"{""type"":""MultiPoint"",""coordinates"":[]}"
20120404,2012-04-04,287.52177777970854,"{""type"":""MultiPoint"",""coordinates"":[]}"
20120405,2012-04-05,287.5293610237995,"{""type"":""MultiPoint"",""coordinates"":[]}"
20120406,2012-04-06,284.40839550168164,"{""type"":""MultiPoint"",""coordinates"":[]}"
20120407,2012-04-07,284.4325914377298,"{""type"":""MultiPoint"",""coordinates"":[]}"
20120408,2012-04-08,285.71846821083307,"{""type"":""MultiPoint"",""coordinates"":[]}"
20120409,2012-04-09,287.9648982030969,"{""type"":""MultiPoint"",""coordinates"":[]}"
20120410,2012-04-10,288.0550307056129,"{""type"":""MultiPoint"",""coordinates"":[]}"
20120411,2012-04-11,287.737991540378,"{""type"":""MultiPoint"",""coordinates"":[]}"
20120412,2012-04-12,286.80010911299996,"{""type"":""MultiPoint"",""coordinates"":[]}"
20120413,2012-04-13,285.2037311724547,"{""type"":""MultiPoint"",""coordinates"":[]}"
20120414,2012-04-14,284.05086257156506,"{""type"":""MultiPoint"",""coordinates"":[]}"
20120415,2012-04-15,284.55645359164424,"{""type"":""MultiPoint"",""coordinates"":[]}"
20120416,2012-04-16,286.70922572195053,"{""type"":""MultiPoint"",""coordinates"":[]}"
20120417,2012-04-17,287.9404316246433,"{""type"":""MultiPoint"",""coordinates"":[]}"
20120418,2012-04-18,286.79300593821233,"{""type"":""MultiPoint"",""coordinates"":[]}"
20120419,2012-04-19,289.2362690118473,"{""type"":""MultiPoint"",""coordinates"":[]}"
20120420,2012-04-20,288.98920137681324,"{""type"":""MultiPoint"",""coordinates"":[]}"
20120421,2012-04-21,288.8365650564381,"{""type"":""MultiPoint"",""coordinates"":[]}"
20120422,2012-04-22,286.79364352737554,"{""type"":""MultiPoint"",""coordinates"":[]}"
20120423,2012-04-23,284.91729612702056,"{""type"":""MultiPoint"",""coordinates"":[]}"
20120424,2012-04-24,286.5708916534254,"{""type"":""MultiPoint"",""coordinates"":[]}"
20120425,2012-04-25,287.25554622316224,"{""type"":""MultiPoint"",""coordinates"":[]}"
20120426,2012-04-26,283.68127028869645,"{""type"":""MultiPoint"",""coordinates"":[]}"
20120427,2012-04-27,281.9942873593707,"{""type"":""MultiPoint"",""coordinates"":[]}"
20120428,2012-04-28,283.1686277227267,"{""type"":""MultiPoint"",""coordinates"":[]}"
20120429,2012-04-29,285.1956427622114,"{""type"":""MultiPoint"",""coordinates"":[]}"
20120430,2012-04-30,287.62665700662353,"{""type"":""MultiPoint"",""coordinates"":[]}"
20120501,2012-05-01,285.6416877185768,"{""type"":""MultiPoint"",""coordinates"":[]}"
20120502,2012-05-02,285.6299214849658,"{""type"":""MultiPoint"",""coordinates"":[]}"
20120503,2012-05-03,286.79827540983666,"{""type"":""MultiPoint"",""coordinates"":[]}"
20120504,2012-05-04,288.67939852740886,"{""type"":""MultiPoint"",""coordinates"":[]}"
20120505,2012-05-05,289.374080166371,"{""type"":""MultiPoint"",""coordinates"":[]}"
20120506,2012-05-06,289.3394654246187,"{""type"":""MultiPoint"",""coordinates"":[]}"
20120507,2012-05-07,289.13717814374985,"{""type"":""MultiPoint"",""coordinates"":[]}"
20120508,2012-05-08,289.7134414806998,"{""type"":""MultiPoint"",""coordinates"":[]}"
20120509,2012-05-09,290.69204796593476,"{""type"":""MultiPoint"",""coordinates"":[]}"
20120510,2012-05-10,292.33277002398546,"{""type"":""MultiPoint"",""coordinates"":[]}"
20120511,2012-05-11,291.96927728916745,"{""type"":""MultiPoint"",""coordinates"":[]}"
20120512,2012-05-12,291.25218539361737,"{""type"":""MultiPoint"",""coordinates"":[]}"
20120513,2012-05-13,289.35090575490244,"{""type"":""MultiPoint"",""coordinates"":[]}"
20120514,2012-05-14,288.30558407862543,"{""type"":""MultiPoint"",""coordinates"":[]}"
20120515,2012-05-15,289.09671287500447,"{""type"":""MultiPoint"",""coordinates"":[]}"
20120516,2012-05-16,288.74636417865725,"{""type"":""MultiPoint"",""coordinates"":[]}"
20120517,2012-05-17,287.08110304900464,"{""type"":""MultiPoint"",""coordinates"":[]}"
20120518,2012-05-18,285.61684739948464,"{""type"":""MultiPoint"",""coordinates"":[]}"
20120519,2012-05-19,286.1472966101046,"{""type"":""MultiPoint"",""coordinates"":[]}"
20120520,2012-05-20,288.89442526195484,"{""type"":""MultiPoint"",""coordinates"":[]}"
20120521,2012-05-21,288.8668161449044,"{""type"":""MultiPoint"",""coordinates"":[]}"
20120522,2012-05-22,289.69002353055754,"{""type"":""MultiPoint"",""coordinates"":[]}"
20120523,2012-05-23,290.55690467148565,"{""type"":""MultiPoint"",""coordinates"":[]}"
20120524,2012-05-24,290.4342318503419,"{""type"":""MultiPoint"",""coordinates"":[]}"
20120525,2012-05-25,290.2396481588976,"{""type"":""MultiPoint"",""coordinates"":[]}"
20120526,2012-05-26,289.56112413082496,"{""type"":""MultiPoint"",""coordinates"":[]}"
20120527,2012-05-27,290.54418889670353,"{""type"":""MultiPoint"",""coordinates"":[]}"
20120528,2012-05-28,291.22401393862,"{""type"":""MultiPoint"",""coordinates"":[]}"
20120529,2012-05-29,290.92618689947545,"{""type"":""MultiPoint"",""coordinates"":[]}"
20120530,2012-05-30,290.83548085706303,"{""type"":""MultiPoint"",""coordinates"":[]}"
20120531,2012-05-31,290.6032056355795,"{""type"":""MultiPoint"",""coordinates"":[]}"
20120601,2012-06-01,289.2049870548008,"{""type"":""MultiPoint"",""coordinates"":[]}"
20120602,2012-06-02,291.73163504001195,"{""type"":""MultiPoint"",""coordinates"":[]}"
20120603,2012-06-03,291.79576911250405,"{""type"":""MultiPoint"",""coordinates"":[]}"
20120604,2012-06-04,291.9872227913804,"{""type"":""MultiPoint"",""coordinates"":[]}"
20120605,2012-06-05,292.8727503413222,"{""type"":""MultiPoint"",""coordinates"":[]}"
20120606,2012-06-06,292.89548639778474,"{""type"":""MultiPoint"",""coordinates"":[]}"
20120607,2012-06-07,293.54275450616694,"{""type"":""MultiPoint"",""coordinates"":[]}"
20120608,2012-06-08,293.63423682443397,"{""type"":""MultiPoint"",""coordinates"":[]}"
20120609,2012-06-09,293.4290303942838,"{""type"":""MultiPoint"",""coordinates"":[]}"
20120610,2012-06-10,293.09198667615135,"{""type"":""MultiPoint"",""coordinates"":[]}"
20120611,2012-06-11,293.1978941043593,"{""type"":""MultiPoint"",""coordinates"":[]}"
20120612,2012-06-12,293.7299533536406,"{""type"":""MultiPoint"",""coordinates"":[]}"
20120613,2012-06-13,293.98180496875443,"{""type"":""MultiPoint"",""coordinates"":[]}"
20120614,2012-06-14,293.72403709854797,"{""type"":""MultiPoint"",""coordinates"":[]}"
20120615,2012-06-15,293.5698415871599,"{""type"":""MultiPoint"",""coordinates"":[]}"
20120616,2012-06-16,294.1031359717751,"{""type"":""MultiPoint"",""coordinates"":[]}"
20120617,2012-06-17,294.69740960501974,"{""type"":""MultiPoint"",""coordinates"":[]}"
20120618,2012-06-18,294.17042111781967,"{""type"":""MultiPoint"",""coordinates"":[]}"
20120619,2012-06-19,293.63940018219876,"{""type"":""MultiPoint"",""coordinates"":[]}"
20120620,2012-06-20,293.09565310505735,"{""type"":""MultiPoint"",""coordinates"":[]}"
20120621,2012-06-21,293.2260083275703,"{""type"":""MultiPoint"",""coordinates"":[]}"
20120622,2012-06-22,292.77173791771304,"{""type"":""MultiPoint"",""coordinates"":[]}"
20120623,2012-06-23,293.2287854594935,"{""type"":""MultiPoint"",""coordinates"":[]}"
20120624,2012-06-24,293.5819927808195,"{""type"":""MultiPoint"",""coordinates"":[]}"
20120625,2012-06-25,293.6461816125623,"{""type"":""MultiPoint"",""coordinates"":[]}"
20120626,2012-06-26,293.4478244293486,"{""type"":""MultiPoint"",""coordinates"":[]}"
20120627,2012-06-27,293.34599433228635,"{""type"":""MultiPoint"",""coordinates"":[]}"
20120628,2012-06-28,293.7684898566073,"{""type"":""MultiPoint"",""coordinates"":[]}"
20120629,2012-06-29,293.90515933966384,"{""type"":""MultiPoint"",""coordinates"":[]}"
20120630,2012-06-30,293.5327403249713,"{""type"":""MultiPoint"",""coordinates"":[]}"
20120701,2012-07-01,293.8628122061879,"{""type"":""MultiPoint"",""coordinates"":[]}"
20120702,2012-07-02,294.3937930631041,"{""type"":""MultiPoint"",""coordinates"":[]}"
20120703,2012-07-03,293.2534012349194,"{""type"":""MultiPoint"",""coordinates"":[]}"
20120704,2012-07-04,293.7268292412943,"{""type"":""MultiPoint"",""coordinates"":[]}"
20120705,2012-07-05,294.0685031373953,"{""type"":""MultiPoint"",""coordinates"":[]}"
20120706,2012-07-06,294.00337918546745,"{""type"":""MultiPoint"",""coordinates"":[]}"
20120707,2012-07-07,293.8653408995995,"{""type"":""MultiPoint"",""coordinates"":[]}"
20120708,2012-07-08,293.9399113236389,"{""type"":""MultiPoint"",""coordinates"":[]}"
20120709,2012-07-09,293.74731272031084,"{""type"":""MultiPoint"",""coordinates"":[]}"
20120710,2012-07-10,293.9276505137894,"{""type"":""MultiPoint"",""coordinates"":[]}"
20120711,2012-07-11,294.09762817888543,"{""type"":""MultiPoint"",""coordinates"":[]}"
20120712,2012-07-12,294.0557308141135,"{""type"":""MultiPoint"",""coordinates"":[]}"
20120713,2012-07-13,293.7389191020257,"{""type"":""MultiPoint"",""coordinates"":[]}"
20120714,2012-07-14,293.356732636659,"{""type"":""MultiPoint"",""coordinates"":[]}"
20120715,2012-07-15,293.48406193945294,"{""type"":""MultiPoint"",""coordinates"":[]}"
20120716,2012-07-16,293.7183536945135,"{""type"":""MultiPoint"",""coordinates"":[]}"
20120717,2012-07-17,294.07530590369214,"{""type"":""MultiPoint"",""coordinates"":[]}"
20120718,2012-07-18,293.9728497775128,"{""type"":""MultiPoint"",""coordinates"":[]}"
20120719,2012-07-19,294.19035544018857,"{""type"":""MultiPoint"",""coordinates"":[]}"
20120720,2012-07-20,293.9771330435822,"{""type"":""MultiPoint"",""coordinates"":[]}"
20120721,2012-07-21,294.02952153091826,"{""type"":""MultiPoint"",""coordinates"":[]}"
20120722,2012-07-22,293.7133387852423,"{""type"":""MultiPoint"",""coordinates"":[]}"
20120723,2012-07-23,293.86798986360145,"{""type"":""MultiPoint"",""coordinates"":[]}"
20120724,2012-07-24,293.9077418547982,"{""type"":""MultiPoint"",""coordinates"":[]}"
20120725,2012-07-25,294.1027108543399,"{""type"":""MultiPoint"",""coordinates"":[]}"
20120726,2012-07-26,293.9991527299502,"{""type"":""MultiPoint"",""coordinates"":[]}"
20120727,2012-07-27,293.85617299668604,"{""type"":""MultiPoint"",""coordinates"":[]}"
20120728,2012-07-28,293.58837028548334,"{""type"":""MultiPoint"",""coordinates"":[]}"
20120729,2012-07-29,293.3296584329009,"{""type"":""MultiPoint"",""coordinates"":[]}"
20120730,2012-07-30,293.33749501691875,"{""type"":""MultiPoint"",""coordinates"":[]}"
20120731,2012-07-31,293.5488940032875,"{""type"":""MultiPoint"",""coordinates"":[]}"
20120801,2012-08-01,293.49953139068964,"{""type"":""MultiPoint"",""coordinates"":[]}"
20120802,2012-08-02,293.77177530802913,"{""type"":""MultiPoint"",""coordinates"":[]}"
20120803,2012-08-03,293.56277137137704,"{""type"":""MultiPoint"",""coordinates"":[]}"
20120804,2012-08-04,293.8154472156533,"{""type"":""MultiPoint"",""coordinates"":[]}"
20120805,2012-08-05,294.0046839307286,"{""type"":""MultiPoint"",""coordinates"":[]}"
20120806,2012-08-06,294.0232626545323,"{""type"":""MultiPoint"",""coordinates"":[]}"
20120807,2012-08-07,293.74623754881844,"{""type"":""MultiPoint"",""coordinates"":[]}"
20120808,2012-08-08,293.5272320312128,"{""type"":""MultiPoint"",""coordinates"":[]}"
20120809,2012-08-09,293.2243586716574,"{""type"":""MultiPoint"",""coordinates"":[]}"
20120810,2012-08-10,293.5124288323795,"{""type"":""MultiPoint"",""coordinates"":[]}"
20120811,2012-08-11,293.56219858665185,"{""type"":""MultiPoint"",""coordinates"":[]}"
20120812,2012-08-12,293.628495881318,"{""type"":""MultiPoint"",""coordinates"":[]}"
20120813,2012-08-13,293.2070896815205,"{""type"":""MultiPoint"",""coordinates"":[]}"
20120814,2012-08-14,293.18283366570705,"{""type"":""MultiPoint"",""coordinates"":[]}"
20120815,2012-08-15,292.9173204869616,"{""type"":""MultiPoint"",""coordinates"":[]}"
20120816,2012-08-16,292.7984771234067,"{""type"":""MultiPoint"",""coordinates"":[]}"
20120817,2012-08-17,292.67652086790076,"{""type"":""MultiPoint"",""coordinates"":[]}"
20120818,2012-08-18,292.963938957145,"{""type"":""MultiPoint"",""coordinates"":[]}"
20120819,2012-08-19,293.35464864927263,"{""type"":""MultiPoint"",""coordinates"":[]}"
20120820,2012-08-20,293.43616948443577,"{""type"":""MultiPoint"",""coordinates"":[]}"
20120821,2012-08-21,292.7732970640539,"{""type"":""MultiPoint"",""coordinates"":[]}"
20120822,2012-08-22,293.08878931477926,"{""type"":""MultiPoint"",""coordinates"":[]}"
20120823,2012-08-23,293.44273824021667,"{""type"":""MultiPoint"",""coordinates"":[]}"
20120824,2012-08-24,293.20006878158046,"{""type"":""MultiPoint"",""coordinates"":[]}"
20120825,2012-08-25,292.8892921711388,"{""type"":""MultiPoint"",""coordinates"":[]}"
20120826,2012-08-26,293.3292076235781,"{""type"":""MultiPoint"",""coordinates"":[]}"
20120827,2012-08-27,293.521667455811,"{""type"":""MultiPoint"",""coordinates"":[]}"
20120828,2012-08-28,294.04332814428193,"{""type"":""MultiPoint"",""coordinates"":[]}"
20120829,2012-08-29,294.34537630689647,"{""type"":""MultiPoint"",""coordinates"":[]}"
20120830,2012-08-30,294.28869412538785,"{""type"":""MultiPoint"",""coordinates"":[]}"
20120831,2012-08-31,294.4535673382951,"{""type"":""MultiPoint"",""coordinates"":[]}"
20120901,2012-09-01,294.4910456907241,"{""type"":""MultiPoint"",""coordinates"":[]}"
20120902,2012-09-02,294.71145957113885,"{""type"":""MultiPoint"",""coordinates"":[]}"
20120903,2012-09-03,294.74012284657806,"{""type"":""MultiPoint"",""coordinates"":[]}"
20120904,2012-09-04,294.0754600796132,"{""type"":""MultiPoint"",""coordinates"":[]}"
20120905,2012-09-05,293.9545525980298,"{""type"":""MultiPoint"",""coordinates"":[]}"
20120906,2012-09-06,293.6000927402403,"{""type"":""MultiPoint"",""coordinates"":[]}"
20120907,2012-09-07,293.73319323431645,"{""type"":""MultiPoint"",""coordinates"":[]}"
20120908,2012-09-08,293.86985967075344,"{""type"":""MultiPoint"",""coordinates"":[]}"
20120909,2012-09-09,293.9618660863958,"{""type"":""MultiPoint"",""coordinates"":[]}"
20120910,2012-09-10,293.95545198322674,"{""type"":""MultiPoint"",""coordinates"":[]}"
20120911,2012-09-11,294.0215883053291,"{""type"":""MultiPoint"",""coordinates"":[]}"
20120912,2012-09-12,293.3248728969578,"{""type"":""MultiPoint"",""coordinates"":[]}"
20120913,2012-09-13,293.4202607193157,"{""type"":""MultiPoint"",""coordinates"":[]}"
20120914,2012-09-14,293.16500570562334,"{""type"":""MultiPoint"",""coordinates"":[]}"
20120915,2012-09-15,293.16211986195196,"{""type"":""MultiPoint"",""coordinates"":[]}"
20120916,2012-09-16,292.7683050151605,"{""type"":""MultiPoint"",""coordinates"":[]}"
20120917,2012-09-17,292.6321941838184,"{""type"":""MultiPoint"",""coordinates"":[]}"
20120918,2012-09-18,292.7391817819474,"{""type"":""MultiPoint"",""coordinates"":[]}"
20120919,2012-09-19,292.4018354468591,"{""type"":""MultiPoint"",""coordinates"":[]}"
20120920,2012-09-20,293.2615583296223,"{""type"":""MultiPoint"",""coordinates"":[]}"
20120921,2012-09-21,293.0755234742358,"{""type"":""MultiPoint"",""coordinates"":[]}"
20120922,2012-09-22,292.66526858629845,"{""type"":""MultiPoint"",""coordinates"":[]}"
20120923,2012-09-23,291.72323381993067,"{""type"":""MultiPoint"",""coordinates"":[]}"
20120924,2012-09-24,291.0011129965513,"{""type"":""MultiPoint"",""coordinates"":[]}"
20120925,2012-09-25,291.0269062444126,"{""type"":""MultiPoint"",""coordinates"":[]}"
20120926,2012-09-26,291.542438250626,"{""type"":""MultiPoint"",""coordinates"":[]}"
20120927,2012-09-27,292.5336905337602,"{""type"":""MultiPoint"",""coordinates"":[]}"
20120928,2012-09-28,292.8930207961063,"{""type"":""MultiPoint"",""coordinates"":[]}"
20120929,2012-09-29,291.8688068335998,"{""type"":""MultiPoint"",""coordinates"":[]}"
20120930,2012-09-30,291.9574352468856,"{""type"":""MultiPoint"",""coordinates"":[]}"
20121001,2012-10-01,294.1554181953748,"{""type"":""MultiPoint"",""coordinates"":[]}"
20121002,2012-10-02,294.67239252321,"{""type"":""MultiPoint"",""coordinates"":[]}"
20121003,2012-10-03,294.69672058325835,"{""type"":""MultiPoint"",""coordinates"":[]}"
20121004,2012-10-04,294.4222153839787,"{""type"":""MultiPoint"",""coordinates"":[]}"
20121005,2012-10-05,294.17410818239483,"{""type"":""MultiPoint"",""coordinates"":[]}"
20121006,2012-10-06,294.3075666685244,"{""type"":""MultiPoint"",""coordinates"":[]}"
20121007,2012-10-07,294.2499403425661,"{""type"":""MultiPoint"",""coordinates"":[]}"
20121008,2012-10-08,293.9729406945883,"{""type"":""MultiPoint"",""coordinates"":[]}"
20121009,2012-10-09,292.5789334479196,"{""type"":""MultiPoint"",""coordinates"":[]}"
20121010,2012-10-10,291.7003078492978,"{""type"":""MultiPoint"",""coordinates"":[]}"
20121011,2012-10-11,290.57707663784885,"{""type"":""MultiPoint"",""coordinates"":[]}"
20121012,2012-10-12,290.1737566541289,"{""type"":""MultiPoint"",""coordinates"":[]}"
20121013,2012-10-13,289.52570747056,"{""type"":""MultiPoint"",""coordinates"":[]}"
20121014,2012-10-14,288.39372728610294,"{""type"":""MultiPoint"",""coordinates"":[]}"
20121015,2012-10-15,288.3726995216991,"{""type"":""MultiPoint"",""coordinates"":[]}"
20121016,2012-10-16,288.02121601553563,"{""type"":""MultiPoint"",""coordinates"":[]}"
20121017,2012-10-17,286.80505370823954,"{""type"":""MultiPoint"",""coordinates"":[]}"
20121018,2012-10-18,286.58471313209486,"{""type"":""MultiPoint"",""coordinates"":[]}"
20121019,2012-10-19,285.2787265240753,"{""type"":""MultiPoint"",""coordinates"":[]}"
20121020,2012-10-20,287.12070375364925,"{""type"":""MultiPoint"",""coordinates"":[]}"
20121021,2012-10-21,290.2436871326327,"{""type"":""MultiPoint"",""coordinates"":[]}"
20121022,2012-10-22,289.5598209114729,"{""type"":""MultiPoint"",""coordinates"":[]}"
20121023,2012-10-23,292.47302931483074,"{""type"":""MultiPoint"",""coordinates"":[]}"
20121024,2012-10-24,292.5632413594119,"{""type"":""MultiPoint"",""coordinates"":[]}"
20121025,2012-10-25,291.4580100322381,"{""type"":""MultiPoint"",""coordinates"":[]}"
20121026,2012-10-26,291.0542584554801,"{""type"":""MultiPoint"",""coordinates"":[]}"
20121027,2012-10-27,291.1927014974029,"{""type"":""MultiPoint"",""coordinates"":[]}"
20121028,2012-10-28,289.6875014565296,"{""type"":""MultiPoint"",""coordinates"":[]}"
20121029,2012-10-29,285.3345174823096,"{""type"":""MultiPoint"",""coordinates"":[]}"
20121030,2012-10-30,280.7100228332896,"{""type"":""MultiPoint"",""coordinates"":[]}"
20121031,2012-10-31,283.58046450559436,"{""type"":""MultiPoint"",""coordinates"":[]}"
20121101,2012-11-01,287.84687470623106,"{""type"":""MultiPoint"",""coordinates"":[]}"
20121102,2012-11-02,291.4113237532205,"{""type"":""MultiPoint"",""coordinates"":[]}"
20121103,2012-11-03,292.1474518684453,"{""type"":""MultiPoint"",""coordinates"":[]}"
20121104,2012-11-04,289.2218622353195,"{""type"":""MultiPoint"",""coordinates"":[]}"
20121105,2012-11-05,287.6135208175125,"{""type"":""MultiPoint"",""coordinates"":[]}"
20121106,2012-11-06,287.19327002405123,"{""type"":""MultiPoint"",""coordinates"":[]}"
20121107,2012-11-07,287.2819980507447,"{""type"":""MultiPoint"",""coordinates"":[]}"
20121108,2012-11-08,285.5808854689868,"{""type"":""MultiPoint"",""coordinates"":[]}"
20121109,2012-11-09,284.80827912800936,"{""type"":""MultiPoint"",""coordinates"":[]}"
20121110,2012-11-10,287.3506733585551,"{""type"":""MultiPoint"",""coordinates"":[]}"
20121111,2012-11-11,287.2056367921798,"{""type"":""MultiPoint"",""coordinates"":[]}"
20121112,2012-11-12,288.16973821501847,"{""type"":""MultiPoint"",""coordinates"":[]}"
20121113,2012-11-13,286.5478216296345,"{""type"":""MultiPoint"",""coordinates"":[]}"
20121114,2012-11-14,282.8521411111715,"{""type"":""MultiPoint"",""coordinates"":[]}"
20121115,2012-11-15,282.58863094502624,"{""type"":""MultiPoint"",""coordinates"":[]}"
20121116,2012-11-16,279.21524897922944,"{""type"":""MultiPoint"",""coordinates"":[]}"
20121117,2012-11-17,278.6748311715724,"{""type"":""MultiPoint"",""coordinates"":[]}"
20121118,2012-11-18,279.19189819719185,"{""type"":""MultiPoint"",""coordinates"":[]}"
20121119,2012-11-19,278.9026073424846,"{""type"":""MultiPoint"",""coordinates"":[]}"
20121120,2012-11-20,279.25749268569047,"{""type"":""MultiPoint"",""coordinates"":[]}"
20121121,2012-11-21,283.19503194187126,"{""type"":""MultiPoint"",""coordinates"":[]}"
20121122,2012-11-22,284.752405671481,"{""type"":""MultiPoint"",""coordinates"":[]}"
20121123,2012-11-23,284.6855446219956,"{""type"":""MultiPoint"",""coordinates"":[]}"
20121124,2012-11-24,286.25875458985206,"{""type"":""MultiPoint"",""coordinates"":[]}"
20121125,2012-11-25,287.2255981421516,"{""type"":""MultiPoint"",""coordinates"":[]}"
20121126,2012-11-26,287.96147762632,"{""type"":""MultiPoint"",""coordinates"":[]}"
20121127,2012-11-27,287.8194607727887,"{""type"":""MultiPoint"",""coordinates"":[]}"
20121128,2012-11-28,284.8082606939224,"{""type"":""MultiPoint"",""coordinates"":[]}"
20121129,2012-11-29,282.39483042909677,"{""type"":""MultiPoint"",""coordinates"":[]}"
20121130,2012-11-30,281.94128278852304,"{""type"":""MultiPoint"",""coordinates"":[]}"
20121201,2012-12-01,284.21522576191825,"{""type"":""MultiPoint"",""coordinates"":[]}"
20121202,2012-12-02,286.22050513253646,"{""type"":""MultiPoint"",""coordinates"":[]}"
20121203,2012-12-03,284.78271901833557,"{""type"":""MultiPoint"",""coordinates"":[]}"
20121204,2012-12-04,284.8164536991224,"{""type"":""MultiPoint"",""coordinates"":[]}"
20121205,2012-12-05,286.17301328110835,"{""type"":""MultiPoint"",""coordinates"":[]}"
20121206,2012-12-06,290.07581944825495,"{""type"":""MultiPoint"",""coordinates"":[]}"
20121207,2012-12-07,288.67004328086296,"{""type"":""MultiPoint"",""coordinates"":[]}"
20121208,2012-12-08,288.45150255189304,"{""type"":""MultiPoint"",""coordinates"":[]}"
20121209,2012-12-09,287.9555489779979,"{""type"":""MultiPoint"",""coordinates"":[]}"
20121210,2012-12-10,285.14546033245307,"{""type"":""MultiPoint"",""coordinates"":[]}"
20121211,2012-12-11,284.1642717989052,"{""type"":""MultiPoint"",""coordinates"":[]}"
20121212,2012-12-12,283.2072748144884,"{""type"":""MultiPoint"",""coordinates"":[]}"
20121213,2012-12-13,281.83933957781846,"{""type"":""MultiPoint"",""coordinates"":[]}"
20121214,2012-12-14,282.4974186483911,"{""type"":""MultiPoint"",""coordinates"":[]}"
20121215,2012-12-15,284.00253357747727,"{""type"":""MultiPoint"",""coordinates"":[]}"
20121216,2012-12-16,283.3812999763057,"{""type"":""MultiPoint"",""coordinates"":[]}"
20121217,2012-12-17,283.6806275340086,"{""type"":""MultiPoint"",""coordinates"":[]}"
20121218,2012-12-18,281.93872473541313,"{""type"":""MultiPoint"",""coordinates"":[]}"
20121219,2012-12-19,281.3830055515236,"{""type"":""MultiPoint"",""coordinates"":[]}"
20121220,2012-12-20,281.1742165685015,"{""type"":""MultiPoint"",""coordinates"":[]}"
20121221,2012-12-21,283.85145254995984,"{""type"":""MultiPoint"",""coordinates"":[]}"
20121222,2012-12-22,285.1151097134332,"{""type"":""MultiPoint"",""coordinates"":[]}"
20121223,2012-12-23,285.27279762049824,"{""type"":""MultiPoint"",""coordinates"":[]}"
20121224,2012-12-24,284.2493562075441,"{""type"":""MultiPoint"",""coordinates"":[]}"
20121225,2012-12-25,282.1150482163522,"{""type"":""MultiPoint"",""coordinates"":[]}"
20121226,2012-12-26,277.87195457737687,"{""type"":""MultiPoint"",""coordinates"":[]}"
20121227,2012-12-27,277.89323545317393,"{""type"":""MultiPoint"",""coordinates"":[]}"
20121228,2012-12-28,279.5288505698635,"{""type"":""MultiPoint"",""coordinates"":[]}"
20121229,2012-12-29,283.38797769738056,"{""type"":""MultiPoint"",""coordinates"":[]}"
20121230,2012-12-30,287.8437057670289,"{""type"":""MultiPoint"",""coordinates"":[]}"
20121231,2012-12-31,290.3001928852885,"{""type"":""MultiPoint"",""coordinates"":[]}"
20130101,2013-01-01,289.94272693314895,"{""type"":""MultiPoint"",""coordinates"":[]}"
20130102,2013-01-02,287.81793595956407,"{""type"":""MultiPoint"",""coordinates"":[]}"
20130103,2013-01-03,285.099178076908,"{""type"":""MultiPoint"",""coordinates"":[]}"
20130104,2013-01-04,281.70289558752853,"{""type"":""MultiPoint"",""coordinates"":[]}"
20130105,2013-01-05,278.4060129327246,"{""type"":""MultiPoint"",""coordinates"":[]}"
20130106,2013-01-06,278.7728717757902,"{""type"":""MultiPoint"",""coordinates"":[]}"
20130107,2013-01-07,280.83972827767127,"{""type"":""MultiPoint"",""coordinates"":[]}"
20130108,2013-01-08,284.6141583077055,"{""type"":""MultiPoint"",""coordinates"":[]}"
20130109,2013-01-09,285.72650488089704,"{""type"":""MultiPoint"",""coordinates"":[]}"
20130110,2013-01-10,284.4900707510225,"{""type"":""MultiPoint"",""coordinates"":[]}"
20130111,2013-01-11,281.23366695632825,"{""type"":""MultiPoint"",""coordinates"":[]}"
20130112,2013-01-12,278.4978562389871,"{""type"":""MultiPoint"",""coordinates"":[]}"
20130113,2013-01-13,277.8198803625268,"{""type"":""MultiPoint"",""coordinates"":[]}"
20130114,2013-01-14,279.30766333955955,"{""type"":""MultiPoint"",""coordinates"":[]}"
20130115,2013-01-15,280.08595155150874,"{""type"":""MultiPoint"",""coordinates"":[]}"
20130116,2013-01-16,281.36789107338916,"{""type"":""MultiPoint"",""coordinates"":[]}"
20130117,2013-01-17,283.47450060485755,"{""type"":""MultiPoint"",""coordinates"":[]}"
20130118,2013-01-18,284.2493715713295,"{""type"":""MultiPoint"",""coordinates"":[]}"
20130119,2013-01-19,281.3627579292901,"{""type"":""MultiPoint"",""coordinates"":[]}"
20130120,2013-01-20,282.2775274087825,"{""type"":""MultiPoint"",""coordinates"":[]}"
20130121,2013-01-21,282.3534174885512,"{""type"":""MultiPoint"",""coordinates"":[]}"
20130122,2013-01-22,283.3745841412048,"{""type"":""MultiPoint"",""coordinates"":[]}"
20130123,2013-01-23,283.0251008041217,"{""type"":""MultiPoint"",""coordinates"":[]}"
20130124,2013-01-24,281.7047730590196,"{""type"":""MultiPoint"",""coordinates"":[]}"
20130125,2013-01-25,281.08433175306357,"{""type"":""MultiPoint"",""coordinates"":[]}"
20130126,2013-01-26,282.6190009292459,"{""type"":""MultiPoint"",""coordinates"":[]}"
20130127,2013-01-27,283.298336142749,"{""type"":""MultiPoint"",""coordinates"":[]}"
20130128,2013-01-28,282.9053719785244,"{""type"":""MultiPoint"",""coordinates"":[]}"
20130129,2013-01-29,282.01182443703783,"{""type"":""MultiPoint"",""coordinates"":[]}"
20130130,2013-01-30,282.74554480695804,"{""type"":""MultiPoint"",""coordinates"":[]}"
20130131,2013-01-31,285.528219939216,"{""type"":""MultiPoint"",""coordinates"":[]}"
20130201,2013-02-01,285.75734038797174,"{""type"":""MultiPoint"",""coordinates"":[]}"
20130202,2013-02-02,285.95936560811776,"{""type"":""MultiPoint"",""coordinates"":[]}"
20130203,2013-02-03,286.1468876706557,"{""type"":""MultiPoint"",""coordinates"":[]}"
20130204,2013-02-04,287.42164349384797,"{""type"":""MultiPoint"",""coordinates"":[]}"
20130205,2013-02-05,286.78608918112405,"{""type"":""MultiPoint"",""coordinates"":[]}"
20130206,2013-02-06,284.91103306148966,"{""type"":""MultiPoint"",""coordinates"":[]}"
20130207,2013-02-07,283.7225065887442,"{""type"":""MultiPoint"",""coordinates"":[]}"
20130208,2013-02-08,284.6011275152963,"{""type"":""MultiPoint"",""coordinates"":[]}"
20130209,2013-02-09,284.6438755493028,"{""type"":""MultiPoint"",""coordinates"":[]}"
20130210,2013-02-10,285.64900030862213,"{""type"":""MultiPoint"",""coordinates"":[]}"
20130211,2013-02-11,285.6735471861341,"{""type"":""MultiPoint"",""coordinates"":[]}"
20130212,2013-02-12,284.34896241813306,"{""type"":""MultiPoint"",""coordinates"":[]}"
20130213,2013-02-13,284.8348051279316,"{""type"":""MultiPoint"",""coordinates"":[]}"
20130214,2013-02-14,284.1271348917335,"{""type"":""MultiPoint"",""coordinates"":[]}"
20130215,2013-02-15,286.38057073156557,"{""type"":""MultiPoint"",""coordinates"":[]}"
20130216,2013-02-16,285.67683602005553,"{""type"":""MultiPoint"",""coordinates"":[]}"
20130217,2013-02-17,277.401043124483,"{""type"":""MultiPoint"",""coordinates"":[]}"
20130218,2013-02-18,276.2663064965097,"{""type"":""MultiPoint"",""coordinates"":[]}"
20130219,2013-02-19,279.46301688816806,"{""type"":""MultiPoint"",""coordinates"":[]}"
20130220,2013-02-20,279.8364607395249,"{""type"":""MultiPoint"",""coordinates"":[]}"
20130221,2013-02-21,282.76582334165226,"{""type"":""MultiPoint"",""coordinates"":[]}"
20130222,2013-02-22,282.9022391863442,"{""type"":""MultiPoint"",""coordinates"":[]}"
20130223,2013-02-23,281.95703426833757,"{""type"":""MultiPoint"",""coordinates"":[]}"
20130224,2013-02-24,278.3404123623595,"{""type"":""MultiPoint"",""coordinates"":[]}"
20130225,2013-02-25,280.7952288992345,"{""type"":""MultiPoint"",""coordinates"":[]}"
20130226,2013-02-26,281.005910719436,"{""type"":""MultiPoint"",""coordinates"":[]}"
20130227,2013-02-27,279.7068859518744,"{""type"":""MultiPoint"",""coordinates"":[]}"
20130228,2013-02-28,279.8540366590981,"{""type"":""MultiPoint"",""coordinates"":[]}"
20130301,2013-03-01,279.6287813397875,"{""type"":""MultiPoint"",""coordinates"":[]}"
20130302,2013-03-02,277.90459549417517,"{""type"":""MultiPoint"",""coordinates"":[]}"
20130303,2013-03-03,272.22233598399737,"{""type"":""MultiPoint"",""coordinates"":[]}"
20130304,2013-03-04,271.50366119797235,"{""type"":""MultiPoint"",""coordinates"":[]}"
20130305,2013-03-05,275.37947598051744,"{""type"":""MultiPoint"",""coordinates"":[]}"
20130306,2013-03-06,278.65187659173023,"{""type"":""MultiPoint"",""coordinates"":[]}"
20130307,2013-03-07,281.06357425451324,"{""type"":""MultiPoint"",""coordinates"":[]}"
20130308,2013-03-08,283.2087965242771,"{""type"":""MultiPoint"",""coordinates"":[]}"
20130309,2013-03-09,280.5484540995166,"{""type"":""MultiPoint"",""coordinates"":[]}"
20130310,2013-03-10,279.6262321721419,"{""type"":""MultiPoint"",""coordinates"":[]}"
20130311,2013-03-11,281.8507203608644,"{""type"":""MultiPoint"",""coordinates"":[]}"
20130312,2013-03-12,283.93368420592964,"{""type"":""MultiPoint"",""coordinates"":[]}"
20130313,2013-03-13,283.1871949655669,"{""type"":""MultiPoint"",""coordinates"":[]}"
20130314,2013-03-14,282.92066714071035,"{""type"":""MultiPoint"",""coordinates"":[]}"
20130315,2013-03-15,283.8441193585834,"{""type"":""MultiPoint"",""coordinates"":[]}"
20130316,2013-03-16,285.79919205928906,"{""type"":""MultiPoint"",""coordinates"":[]}"
20130317,2013-03-17,283.5901422913188,"{""type"":""MultiPoint"",""coordinates"":[]}"
20130318,2013-03-18,282.8002217045129,"{""type"":""MultiPoint"",""coordinates"":[]}"
20130319,2013-03-19,277.73168499756326,"{""type"":""MultiPoint"",""coordinates"":[]}"
20130320,2013-03-20,276.7162880328755,"{""type"":""MultiPoint"",""coordinates"":[]}"
20130321,2013-03-21,278.5012008067281,"{""type"":""MultiPoint"",""coordinates"":[]}"
20130322,2013-03-22,284.573793361123,"{""type"":""MultiPoint"",""coordinates"":[]}"
20130323,2013-03-23,286.66184324614863,"{""type"":""MultiPoint"",""coordinates"":[]}"
20130324,2013-03-24,284.94050895838035,"{""type"":""MultiPoint"",""coordinates"":[]}"
20130325,2013-03-25,285.8013878074509,"{""type"":""MultiPoint"",""coordinates"":[]}"
20130326,2013-03-26,286.904704489387,"{""type"":""MultiPoint"",""coordinates"":[]}"
20130327,2013-03-27,285.1653488678309,"{""type"":""MultiPoint"",""coordinates"":[]}"
20130328,2013-03-28,286.30280271612486,"{""type"":""MultiPoint"",""coordinates"":[]}"
20130329,2013-03-29,282.3658317615538,"{""type"":""MultiPoint"",""coordinates"":[]}"
20130330,2013-03-30,279.9741816199316,"{""type"":""MultiPoint"",""coordinates"":[]}"
20130331,2013-03-31,283.09107645900065,"{""type"":""MultiPoint"",""coordinates"":[]}"
20130401,2013-04-01,285.5895519418098,"{""type"":""MultiPoint"",""coordinates"":[]}"
20130402,2013-04-02,286.5440836265308,"{""type"":""MultiPoint"",""coordinates"":[]}"
20130403,2013-04-03,284.0959919740472,"{""type"":""MultiPoint"",""coordinates"":[]}"
20130404,2013-04-04,281.46559556952667,"{""type"":""MultiPoint"",""coordinates"":[]}"
20130405,2013-04-05,283.0352195338693,"{""type"":""MultiPoint"",""coordinates"":[]}"
20130406,2013-04-06,283.58757963089687,"{""type"":""MultiPoint"",""coordinates"":[]}"
20130407,2013-04-07,280.9521513840693,"{""type"":""MultiPoint"",""coordinates"":[]}"
20130408,2013-04-08,281.4368501380347,"{""type"":""MultiPoint"",""coordinates"":[]}"
20130409,2013-04-09,282.7284527154487,"{""type"":""MultiPoint"",""coordinates"":[]}"
20130410,2013-04-10,286.78756145783746,"{""type"":""MultiPoint"",""coordinates"":[]}"
20130411,2013-04-11,285.53469620094063,"{""type"":""MultiPoint"",""coordinates"":[]}"
20130412,2013-04-12,284.72294570693856,"{""type"":""MultiPoint"",""coordinates"":[]}"
20130413,2013-04-13,286.5782620282329,"{""type"":""MultiPoint"",""coordinates"":[]}"
20130414,2013-04-14,285.5087056931103,"{""type"":""MultiPoint"",""coordinates"":[]}"
20130415,2013-04-15,283.77000360766306,"{""type"":""MultiPoint"",""coordinates"":[]}"
20130416,2013-04-16,282.72733457378416,"{""type"":""MultiPoint"",""coordinates"":[]}"
20130417,2013-04-17,286.38403087037153,"{""type"":""MultiPoint"",""coordinates"":[]}"
20130418,2013-04-18,286.40817228866587,"{""type"":""MultiPoint"",""coordinates"":[]}"
20130419,2013-04-19,288.4001259262573,"{""type"":""MultiPoint"",""coordinates"":[]}"
20130420,2013-04-20,287.927829238096,"{""type"":""MultiPoint"",""coordinates"":[]}"
20130421,2013-04-21,288.5748069998655,"{""type"":""MultiPoint"",""coordinates"":[]}"
20130422,2013-04-22,289.19785827256845,"{""type"":""MultiPoint"",""coordinates"":[]}"
20130423,2013-04-23,289.3979685291334,"{""type"":""MultiPoint"",""coordinates"":[]}"
20130424,2013-04-24,288.92194614299365,"{""type"":""MultiPoint"",""coordinates"":[]}"
20130425,2013-04-25,288.6806443285374,"{""type"":""MultiPoint"",""coordinates"":[]}"
20130426,2013-04-26,287.11057919314595,"{""type"":""MultiPoint"",""coordinates"":[]}"
20130427,2013-04-27,284.4230257114947,"{""type"":""MultiPoint"",""coordinates"":[]}"
20130428,2013-04-28,285.4736179205012,"{""type"":""MultiPoint"",""coordinates"":[]}"
20130429,2013-04-29,286.0377282648094,"{""type"":""MultiPoint"",""coordinates"":[]}"
20130430,2013-04-30,286.660444320766,"{""type"":""MultiPoint"",""coordinates"":[]}"
20130501,2013-05-01,288.4605579691918,"{""type"":""MultiPoint"",""coordinates"":[]}"
20130502,2013-05-02,288.35259235172316,"{""type"":""MultiPoint"",""coordinates"":[]}"
20130503,2013-05-03,286.39407948913936,"{""type"":""MultiPoint"",""coordinates"":[]}"
20130504,2013-05-04,289.37632463289475,"{""type"":""MultiPoint"",""coordinates"":[]}"
20130505,2013-05-05,287.38295329329674,"{""type"":""MultiPoint"",""coordinates"":[]}"
20130506,2013-05-06,288.4287889809598,"{""type"":""MultiPoint"",""coordinates"":[]}"
20130507,2013-05-07,290.23742241509717,"{""type"":""MultiPoint"",""coordinates"":[]}"
20130508,2013-05-08,290.9533057207158,"{""type"":""MultiPoint"",""coordinates"":[]}"
20130509,2013-05-09,290.03782104338825,"{""type"":""MultiPoint"",""coordinates"":[]}"
20130510,2013-05-10,289.19946941841897,"{""type"":""MultiPoint"",""coordinates"":[]}"
20130511,2013-05-11,289.65947234104107,"{""type"":""MultiPoint"",""coordinates"":[]}"
20130512,2013-05-12,288.10343002343535,"{""type"":""MultiPoint"",""coordinates"":[]}"
20130513,2013-05-13,289.5559980488681,"{""type"":""MultiPoint"",""coordinates"":[]}"
20130514,2013-05-14,290.1130932986494,"{""type"":""MultiPoint"",""coordinates"":[]}"
20130515,2013-05-15,290.8635813980628,"{""type"":""MultiPoint"",""coordinates"":[]}"
20130516,2013-05-16,291.85855804217977,"{""type"":""MultiPoint"",""coordinates"":[]}"
20130517,2013-05-17,289.7483472765317,"{""type"":""MultiPoint"",""coordinates"":[]}"
20130518,2013-05-18,289.37077411824646,"{""type"":""MultiPoint"",""coordinates"":[]}"
20130519,2013-05-19,291.82424066581024,"{""type"":""MultiPoint"",""coordinates"":[]}"
20130520,2013-05-20,291.9654281260591,"{""type"":""MultiPoint"",""coordinates"":[]}"
20130521,2013-05-21,291.18614707450007,"{""type"":""MultiPoint"",""coordinates"":[]}"
20130522,2013-05-22,291.4932202361101,"{""type"":""MultiPoint"",""coordinates"":[]}"
20130523,2013-05-23,291.094935663781,"{""type"":""MultiPoint"",""coordinates"":[]}"
20130524,2013-05-24,291.3153663500713,"{""type"":""MultiPoint"",""coordinates"":[]}"
20130525,2013-05-25,291.8654866092744,"{""type"":""MultiPoint"",""coordinates"":[]}"
20130526,2013-05-26,292.04051201822335,"{""type"":""MultiPoint"",""coordinates"":[]}"
20130527,2013-05-27,292.85972804981577,"{""type"":""MultiPoint"",""coordinates"":[]}"
20130528,2013-05-28,293.30642713584484,"{""type"":""MultiPoint"",""coordinates"":[]}"
20130529,2013-05-29,293.549189376337,"{""type"":""MultiPoint"",""coordinates"":[]}"
20130530,2013-05-30,291.88113388842,"{""type"":""MultiPoint"",""coordinates"":[]}"
20130531,2013-05-31,291.6733841683111,"{""type"":""MultiPoint"",""coordinates"":[]}"
20130601,2013-06-01,291.4206651742383,"{""type"":""MultiPoint"",""coordinates"":[]}"
20130602,2013-06-02,292.6303528337972,"{""type"":""MultiPoint"",""coordinates"":[]}"
20130603,2013-06-03,294.2393849662024,"{""type"":""MultiPoint"",""coordinates"":[]}"
20130604,2013-06-04,294.13957542694203,"{""type"":""MultiPoint"",""coordinates"":[]}"
20130605,2013-06-05,294.51634511013754,"{""type"":""MultiPoint"",""coordinates"":[]}"
20130606,2013-06-06,295.09146887779406,"{""type"":""MultiPoint"",""coordinates"":[]}"
20130607,2013-06-07,295.32740482869457,"{""type"":""MultiPoint"",""coordinates"":[]}"
20130608,2013-06-08,294.84426878646065,"{""type"":""MultiPoint"",""coordinates"":[]}"
20130609,2013-06-09,294.70984126757,"{""type"":""MultiPoint"",""coordinates"":[]}"
20130610,2013-06-10,294.8883990767713,"{""type"":""MultiPoint"",""coordinates"":[]}"
20130611,2013-06-11,294.1851003529862,"{""type"":""MultiPoint"",""coordinates"":[]}"
20130612,2013-06-12,293.8581114510114,"{""type"":""MultiPoint"",""coordinates"":[]}"
20130613,2013-06-13,294.4310771985572,"{""type"":""MultiPoint"",""coordinates"":[]}"
20130614,2013-06-14,294.32725234250756,"{""type"":""MultiPoint"",""coordinates"":[]}"
20130615,2013-06-15,294.06502269513646,"{""type"":""MultiPoint"",""coordinates"":[]}"
20130616,2013-06-16,294.4681389557164,"{""type"":""MultiPoint"",""coordinates"":[]}"
20130617,2013-06-17,294.3869353815081,"{""type"":""MultiPoint"",""coordinates"":[]}"
20130618,2013-06-18,294.7025583943443,"{""type"":""MultiPoint"",""coordinates"":[]}"
20130619,2013-06-19,294.4278991254656,"{""type"":""MultiPoint"",""coordinates"":[]}"
20130620,2013-06-20,294.33105159200556,"{""type"":""MultiPoint"",""coordinates"":[]}"
20130621,2013-06-21,294.0677931441621,"{""type"":""MultiPoint"",""coordinates"":[]}"
20130622,2013-06-22,293.831598578265,"{""type"":""MultiPoint"",""coordinates"":[]}"
20130623,2013-06-23,293.9230416613283,"{""type"":""MultiPoint"",""coordinates"":[]}"
20130624,2013-06-24,294.17189625058455,"{""type"":""MultiPoint"",""coordinates"":[]}"
20130625,2013-06-25,294.1838125095541,"{""type"":""MultiPoint"",""coordinates"":[]}"
20130626,2013-06-26,294.2007864686281,"{""type"":""MultiPoint"",""coordinates"":[]}"
20130627,2013-06-27,293.7410271959587,"{""type"":""MultiPoint"",""coordinates"":[]}"
20130628,2013-06-28,293.5119275994692,"{""type"":""MultiPoint"",""coordinates"":[]}"
20130629,2013-06-29,293.4600999073983,"{""type"":""MultiPoint"",""coordinates"":[]}"
20130630,2013-06-30,293.62797896659407,"{""type"":""MultiPoint"",""coordinates"":[]}"
20130701,2013-07-01,293.7152865449945,"{""type"":""MultiPoint"",""coordinates"":[]}"
20130702,2013-07-02,294.32170227262213,"{""type"":""MultiPoint"",""coordinates"":[]}"
20130703,2013-07-03,293.919954999698,"{""type"":""MultiPoint"",""coordinates"":[]}"
20130704,2013-07-04,293.707680558544,"{""type"":""MultiPoint"",""coordinates"":[]}"
20130705,2013-07-05,293.5734002204598,"{""type"":""MultiPoint"",""coordinates"":[]}"
20130706,2013-07-06,293.6791662468582,"{""type"":""MultiPoint"",""coordinates"":[]}"
20130707,2013-07-07,294.05872271652197,"{""type"":""MultiPoint"",""coordinates"":[]}"
20130708,2013-07-08,293.9574886268153,"{""type"":""MultiPoint"",""coordinates"":[]}"
20130709,2013-07-09,293.58172603181373,"{""type"":""MultiPoint"",""coordinates"":[]}"
20130710,2013-07-10,293.5855585188643,"{""type"":""MultiPoint"",""coordinates"":[]}"
20130711,2013-07-11,293.65002895176934,"{""type"":""MultiPoint"",""coordinates"":[]}"
20130712,2013-07-12,293.83097915062143,"{""type"":""MultiPoint"",""coordinates"":[]}"
20130713,2013-07-13,293.55402879666207,"{""type"":""MultiPoint"",""coordinates"":[]}"
20130714,2013-07-14,293.5948025419974,"{""type"":""MultiPoint"",""coordinates"":[]}"
20130715,2013-07-15,293.75422881630413,"{""type"":""MultiPoint"",""coordinates"":[]}"
20130716,2013-07-16,293.85643839564835,"{""type"":""MultiPoint"",""coordinates"":[]}"
20130717,2013-07-17,294.1272337146787,"{""type"":""MultiPoint"",""coordinates"":[]}"
20130718,2013-07-18,293.83843516546153,"{""type"":""MultiPoint"",""coordinates"":[]}"
20130719,2013-07-19,293.83346212035735,"{""type"":""MultiPoint"",""coordinates"":[]}"
20130720,2013-07-20,293.6792472809918,"{""type"":""MultiPoint"",""coordinates"":[]}"
20130721,2013-07-21,293.7785083047675,"{""type"":""MultiPoint"",""coordinates"":[]}"
20130722,2013-07-22,293.6391602592944,"{""type"":""MultiPoint"",""coordinates"":[]}"
20130723,2013-07-23,293.7586666551838,"{""type"":""MultiPoint"",""coordinates"":[]}"
20130724,2013-07-24,293.58039636125056,"{""type"":""MultiPoint"",""coordinates"":[]}"
20130725,2013-07-25,293.5143712944595,"{""type"":""MultiPoint"",""coordinates"":[]}"
20130726,2013-07-26,293.683486656034,"{""type"":""MultiPoint"",""coordinates"":[]}"
20130727,2013-07-27,293.5123255232147,"{""type"":""MultiPoint"",""coordinates"":[]}"
20130728,2013-07-28,293.3703801009187,"{""type"":""MultiPoint"",""coordinates"":[]}"
20130729,2013-07-29,293.1048156681912,"{""type"":""MultiPoint"",""coordinates"":[]}"
20130730,2013-07-30,293.22767257629425,"{""type"":""MultiPoint"",""coordinates"":[]}"
20130731,2013-07-31,293.29742584712807,"{""type"":""MultiPoint"",""coordinates"":[]}"
20130801,2013-08-01,293.29555228981627,"{""type"":""MultiPoint"",""coordinates"":[]}"
20130802,2013-08-02,293.05773200323273,"{""type"":""MultiPoint"",""coordinates"":[]}"
20130803,2013-08-03,293.37436677178425,"{""type"":""MultiPoint"",""coordinates"":[]}"
20130804,2013-08-04,293.370299533756,"{""type"":""MultiPoint"",""coordinates"":[]}"
20130805,2013-08-05,293.080945368348,"{""type"":""MultiPoint"",""coordinates"":[]}"
20130806,2013-08-06,293.215988958484,"{""type"":""MultiPoint"",""coordinates"":[]}"
20130807,2013-08-07,293.3247268780354,"{""type"":""MultiPoint"",""coordinates"":[]}"
20130808,2013-08-08,293.3366914249279,"{""type"":""MultiPoint"",""coordinates"":[]}"
20130809,2013-08-09,293.39947429051034,"{""type"":""MultiPoint"",""coordinates"":[]}"
20130810,2013-08-10,293.55123590977115,"{""type"":""MultiPoint"",""coordinates"":[]}"
20130811,2013-08-11,293.40980086786624,"{""type"":""MultiPoint"",""coordinates"":[]}"
20130812,2013-08-12,293.5550945704897,"{""type"":""MultiPoint"",""coordinates"":[]}"
20130813,2013-08-13,293.612525366825,"{""type"":""MultiPoint"",""coordinates"":[]}"
20130814,2013-08-14,293.379772897023,"{""type"":""MultiPoint"",""coordinates"":[]}"
20130815,2013-08-15,293.61902887268064,"{""type"":""MultiPoint"",""coordinates"":[]}"
20130816,2013-08-16,293.77735497375505,"{""type"":""MultiPoint"",""coordinates"":[]}"
20130817,2013-08-17,294.2184458196478,"{""type"":""MultiPoint"",""coordinates"":[]}"
20130818,2013-08-18,293.82252428771756,"{""type"":""MultiPoint"",""coordinates"":[]}"
20130819,2013-08-19,293.24822739228614,"{""type"":""MultiPoint"",""coordinates"":[]}"
20130820,2013-08-20,293.00174280728527,"{""type"":""MultiPoint"",""coordinates"":[]}"
20130821,2013-08-21,293.0585305627168,"{""type"":""MultiPoint"",""coordinates"":[]}"
20130822,2013-08-22,293.0637708554926,"{""type"":""MultiPoint"",""coordinates"":[]}"
20130823,2013-08-23,292.9569709899055,"{""type"":""MultiPoint"",""coordinates"":[]}"
20130824,2013-08-24,293.38200684445604,"{""type"":""MultiPoint"",""coordinates"":[]}"
20130825,2013-08-25,293.29822173946275,"{""type"":""MultiPoint"",""coordinates"":[]}"
20130826,2013-08-26,292.9217955125603,"{""type"":""MultiPoint"",""coordinates"":[]}"
20130827,2013-08-27,293.0369737962891,"{""type"":""MultiPoint"",""coordinates"":[]}"
20130828,2013-08-28,293.21707161208735,"{""type"":""MultiPoint"",""coordinates"":[]}"
20130829,2013-08-29,293.1900781698145,"{""type"":""MultiPoint"",""coordinates"":[]}"
20130830,2013-08-30,293.38237773636445,"{""type"":""MultiPoint"",""coordinates"":[]}"
20130831,2013-08-31,293.61634166484663,"{""type"":""MultiPoint"",""coordinates"":[]}"
20130901,2013-09-01,292.8888357903568,"{""type"":""MultiPoint"",""coordinates"":[]}"
20130902,2013-09-02,292.64945235284165,"{""type"":""MultiPoint"",""coordinates"":[]}"
20130903,2013-09-03,292.41607714663775,"{""type"":""MultiPoint"",""coordinates"":[]}"
20130904,2013-09-04,292.09864655883183,"{""type"":""MultiPoint"",""coordinates"":[]}"
20130905,2013-09-05,292.47575783723187,"{""type"":""MultiPoint"",""coordinates"":[]}"
20130906,2013-09-06,292.91079371151005,"{""type"":""MultiPoint"",""coordinates"":[]}"
20130907,2013-09-07,292.7380368137427,"{""type"":""MultiPoint"",""coordinates"":[]}"
20130908,2013-09-08,292.7587684260896,"{""type"":""MultiPoint"",""coordinates"":[]}"
20130909,2013-09-09,293.5069332273659,"{""type"":""MultiPoint"",""coordinates"":[]}"
20130910,2013-09-10,294.42032070094683,"{""type"":""MultiPoint"",""coordinates"":[]}"
20130911,2013-09-11,294.5798321516043,"{""type"":""MultiPoint"",""coordinates"":[]}"
20130912,2013-09-12,294.74209086278285,"{""type"":""MultiPoint"",""coordinates"":[]}"
20130913,2013-09-13,294.79298709650095,"{""type"":""MultiPoint"",""coordinates"":[]}"
20130914,2013-09-14,294.98614009832966,"{""type"":""MultiPoint"",""coordinates"":[]}"
20130915,2013-09-15,294.98368814602475,"{""type"":""MultiPoint"",""coordinates"":[]}"
20130916,2013-09-16,294.84542820507636,"{""type"":""MultiPoint"",""coordinates"":[]}"
20130917,2013-09-17,294.61425019179774,"{""type"":""MultiPoint"",""coordinates"":[]}"
20130918,2013-09-18,294.85894851394625,"{""type"":""MultiPoint"",""coordinates"":[]}"
20130919,2013-09-19,294.6448929298868,"{""type"":""MultiPoint"",""coordinates"":[]}"
20130920,2013-09-20,294.70232460652767,"{""type"":""MultiPoint"",""coordinates"":[]}"
20130921,2013-09-21,293.61625777479435,"{""type"":""MultiPoint"",""coordinates"":[]}"
20130922,2013-09-22,293.157279299839,"{""type"":""MultiPoint"",""coordinates"":[]}"
20130923,2013-09-23,292.7877120706299,"{""type"":""MultiPoint"",""coordinates"":[]}"
20130924,2013-09-24,293.37327086744443,"{""type"":""MultiPoint"",""coordinates"":[]}"
20130925,2013-09-25,293.2605502614112,"{""type"":""MultiPoint"",""coordinates"":[]}"
20130926,2013-09-26,293.7365831107356,"{""type"":""MultiPoint"",""coordinates"":[]}"
20130927,2013-09-27,293.78673220168696,"{""type"":""MultiPoint"",""coordinates"":[]}"
20130928,2013-09-28,293.32376861121014,"{""type"":""MultiPoint"",""coordinates"":[]}"
20130929,2013-09-29,293.44355290797506,"{""type"":""MultiPoint"",""coordinates"":[]}"
20130930,2013-09-30,293.79759412850314,"{""type"":""MultiPoint"",""coordinates"":[]}"
20131001,2013-10-01,293.45754559982873,"{""type"":""MultiPoint"",""coordinates"":[]}"
20131002,2013-10-02,293.56396239816615,"{""type"":""MultiPoint"",""coordinates"":[]}"
20131003,2013-10-03,293.69731180280496,"{""type"":""MultiPoint"",""coordinates"":[]}"
20131004,2013-10-04,293.3852790005772,"{""type"":""MultiPoint"",""coordinates"":[]}"
20131005,2013-10-05,293.54825291307776,"{""type"":""MultiPoint"",""coordinates"":[]}"
20131006,2013-10-06,293.94722429729507,"{""type"":""MultiPoint"",""coordinates"":[]}"
20131007,2013-10-07,293.62748235928575,"{""type"":""MultiPoint"",""coordinates"":[]}"
20131008,2013-10-08,293.486459825308,"{""type"":""MultiPoint"",""coordinates"":[]}"
20131009,2013-10-09,292.62924107027214,"{""type"":""MultiPoint"",""coordinates"":[]}"
20131010,2013-10-10,291.93618514143816,"{""type"":""MultiPoint"",""coordinates"":[]}"
20131011,2013-10-11,292.73210903365003,"{""type"":""MultiPoint"",""coordinates"":[]}"
20131012,2013-10-12,292.7198501761881,"{""type"":""MultiPoint"",""coordinates"":[]}"
20131013,2013-10-13,293.26796977743845,"{""type"":""MultiPoint"",""coordinates"":[]}"
20131014,2013-10-14,293.5953695137257,"{""type"":""MultiPoint"",""coordinates"":[]}"
20131015,2013-10-15,293.55313622582713,"{""type"":""MultiPoint"",""coordinates"":[]}"
20131016,2013-10-16,293.9779545349447,"{""type"":""MultiPoint"",""coordinates"":[]}"
20131017,2013-10-17,293.8515704095389,"{""type"":""MultiPoint"",""coordinates"":[]}"
20131018,2013-10-18,290.59929811842454,"{""type"":""MultiPoint"",""coordinates"":[]}"
20131019,2013-10-19,290.43648637229904,"{""type"":""MultiPoint"",""coordinates"":[]}"
20131020,2013-10-20,290.69567306264656,"{""type"":""MultiPoint"",""coordinates"":[]}"
20131021,2013-10-21,288.74823644433746,"{""type"":""MultiPoint"",""coordinates"":[]}"
20131022,2013-10-22,288.06022379669594,"{""type"":""MultiPoint"",""coordinates"":[]}"
20131023,2013-10-23,291.3455788533657,"{""type"":""MultiPoint"",""coordinates"":[]}"
20131024,2013-10-24,292.30768433476925,"{""type"":""MultiPoint"",""coordinates"":[]}"
20131025,2013-10-25,293.27476639222294,"{""type"":""MultiPoint"",""coordinates"":[]}"
20131026,2013-10-26,293.8637555728737,"{""type"":""MultiPoint"",""coordinates"":[]}"
20131027,2013-10-27,293.3678259197521,"{""type"":""MultiPoint"",""coordinates"":[]}"
20131028,2013-10-28,292.9497252658185,"{""type"":""MultiPoint"",""coordinates"":[]}"
20131029,2013-10-29,291.3645853844465,"{""type"":""MultiPoint"",""coordinates"":[]}"
20131030,2013-10-30,288.97249329035657,"{""type"":""MultiPoint"",""coordinates"":[]}"
20131031,2013-10-31,286.6508803183645,"{""type"":""MultiPoint"",""coordinates"":[]}"
20131101,2013-11-01,284.886479295716,"{""type"":""MultiPoint"",""coordinates"":[]}"
20131102,2013-11-02,289.3214178460113,"{""type"":""MultiPoint"",""coordinates"":[]}"
20131103,2013-11-03,290.75768688027034,"{""type"":""MultiPoint"",""coordinates"":[]}"
20131104,2013-11-04,290.3954655766078,"{""type"":""MultiPoint"",""coordinates"":[]}"
20131105,2013-11-05,287.49036641549765,"{""type"":""MultiPoint"",""coordinates"":[]}"
20131106,2013-11-06,287.89107173931205,"{""type"":""MultiPoint"",""coordinates"":[]}"
20131107,2013-11-07,287.8279206109294,"{""type"":""MultiPoint"",""coordinates"":[]}"
20131108,2013-11-08,288.3550596003335,"{""type"":""MultiPoint"",""coordinates"":[]}"
20131109,2013-11-09,287.0919280262684,"{""type"":""MultiPoint"",""coordinates"":[]}"
20131110,2013-11-10,284.348733524714,"{""type"":""MultiPoint"",""coordinates"":[]}"
20131111,2013-11-11,284.51027041026316,"{""type"":""MultiPoint"",""coordinates"":[]}"
20131112,2013-11-12,284.5999165321201,"{""type"":""MultiPoint"",""coordinates"":[]}"
20131113,2013-11-13,284.02258151480584,"{""type"":""MultiPoint"",""coordinates"":[]}"
20131114,2013-11-14,284.2531446236703,"{""type"":""MultiPoint"",""coordinates"":[]}"
20131115,2013-11-15,283.2334167433022,"{""type"":""MultiPoint"",""coordinates"":[]}"
20131116,2013-11-16,281.2583285936753,"{""type"":""MultiPoint"",""coordinates"":[]}"
20131117,2013-11-17,284.95235321140575,"{""type"":""MultiPoint"",""coordinates"":[]}"
20131118,2013-11-18,287.20593033732956,"{""type"":""MultiPoint"",""coordinates"":[]}"
20131119,2013-11-19,286.0727605168417,"{""type"":""MultiPoint"",""coordinates"":[]}"
20131120,2013-11-20,282.77529529751,"{""type"":""MultiPoint"",""coordinates"":[]}"
20131121,2013-11-21,281.33911516560255,"{""type"":""MultiPoint"",""coordinates"":[]}"
20131122,2013-11-22,281.55089600006625,"{""type"":""MultiPoint"",""coordinates"":[]}"
20131123,2013-11-23,286.58568838943603,"{""type"":""MultiPoint"",""coordinates"":[]}"
20131124,2013-11-24,290.19571552052724,"{""type"":""MultiPoint"",""coordinates"":[]}"
20131125,2013-11-25,291.4294518259078,"{""type"":""MultiPoint"",""coordinates"":[]}"
20131126,2013-11-26,291.9126946443565,"{""type"":""MultiPoint"",""coordinates"":[]}"
20131127,2013-11-27,288.4161277215878,"{""type"":""MultiPoint"",""coordinates"":[]}"
20131128,2013-11-28,280.4607930798465,"{""type"":""MultiPoint"",""coordinates"":[]}"
20131129,2013-11-29,287.50742017757807,"{""type"":""MultiPoint"",""coordinates"":[]}"
20131130,2013-11-30,291.22217311301216,"{""type"":""MultiPoint"",""coordinates"":[]}"
20131201,2013-12-01,290.60527223509786,"{""type"":""MultiPoint"",""coordinates"":[]}"
20131202,2013-12-02,291.04270488892627,"{""type"":""MultiPoint"",""coordinates"":[]}"
20131203,2013-12-03,290.8835631159608,"{""type"":""MultiPoint"",""coordinates"":[]}"
20131204,2013-12-04,290.657879952999,"{""type"":""MultiPoint"",""coordinates"":[]}"
20131205,2013-12-05,286.21614473688027,"{""type"":""MultiPoint"",""coordinates"":[]}"
20131206,2013-12-06,284.469869183338,"{""type"":""MultiPoint"",""coordinates"":[]}"
20131207,2013-12-07,281.0549810756912,"{""type"":""MultiPoint"",""coordinates"":[]}"
20131208,2013-12-08,279.80757516507435,"{""type"":""MultiPoint"",""coordinates"":[]}"
20131209,2013-12-09,279.18465202868043,"{""type"":""MultiPoint"",""coordinates"":[]}"
20131210,2013-12-10,279.7719876484547,"{""type"":""MultiPoint"",""coordinates"":[]}"
20131211,2013-12-11,280.3887559457005,"{""type"":""MultiPoint"",""coordinates"":[]}"
20131212,2013-12-12,279.9783625389299,"{""type"":""MultiPoint"",""coordinates"":[]}"
20131213,2013-12-13,278.9433384025603,"{""type"":""MultiPoint"",""coordinates"":[]}"
20131214,2013-12-14,279.61763055362496,"{""type"":""MultiPoint"",""coordinates"":[]}"
20131215,2013-12-15,278.77831803804565,"{""type"":""MultiPoint"",""coordinates"":[]}"
20131216,2013-12-16,279.2963792543708,"{""type"":""MultiPoint"",""coordinates"":[]}"
20131217,2013-12-17,279.80943919771033,"{""type"":""MultiPoint"",""coordinates"":[]}"
20131218,2013-12-18,279.35678419622025,"{""type"":""MultiPoint"",""coordinates"":[]}"
20131219,2013-12-19,279.7343263774217,"{""type"":""MultiPoint"",""coordinates"":[]}"
20131220,2013-12-20,281.5335043104003,"{""type"":""MultiPoint"",""coordinates"":[]}"
20131221,2013-12-21,282.1824478495384,"{""type"":""MultiPoint"",""coordinates"":[]}"
20131222,2013-12-22,282.99918794158344,"{""type"":""MultiPoint"",""coordinates"":[]}"
20131223,2013-12-23,284.21172524033824,"{""type"":""MultiPoint"",""coordinates"":[]}"
20131224,2013-12-24,283.89686187154456,"{""type"":""MultiPoint"",""coordinates"":[]}"
20131225,2013-12-25,285.0945155766168,"{""type"":""MultiPoint"",""coordinates"":[]}"
20131226,2013-12-26,284.22772243972827,"{""type"":""MultiPoint"",""coordinates"":[]}"
20131227,2013-12-27,285.38618166194425,"{""type"":""MultiPoint"",""coordinates"":[]}"
20131228,2013-12-28,285.83763702296505,"{""type"":""MultiPoint"",""coordinates"":[]}"
20131229,2013-12-29,285.901654460443,"{""type"":""MultiPoint"",""coordinates"":[]}"
20131230,2013-12-30,286.7275756438581,"{""type"":""MultiPoint"",""coordinates"":[]}"
20131231,2013-12-31,285.0617416107355,"{""type"":""MultiPoint"",""coordinates"":[]}"
20140101,2014-01-01,284.90684636423833,"{""type"":""MultiPoint"",""coordinates"":[]}"
20140102,2014-01-02,285.3746879773842,"{""type"":""MultiPoint"",""coordinates"":[]}"
20140103,2014-01-03,284.76931109299244,"{""type"":""MultiPoint"",""coordinates"":[]}"
20140104,2014-01-04,285.3350148655466,"{""type"":""MultiPoint"",""coordinates"":[]}"
20140105,2014-01-05,285.08329408965983,"{""type"":""MultiPoint"",""coordinates"":[]}"
20140106,2014-01-06,282.69773071824716,"{""type"":""MultiPoint"",""coordinates"":[]}"
20140107,2014-01-07,284.00429702135494,"{""type"":""MultiPoint"",""coordinates"":[]}"
20140108,2014-01-08,284.2857139249546,"{""type"":""MultiPoint"",""coordinates"":[]}"
20140109,2014-01-09,284.667254906443,"{""type"":""MultiPoint"",""coordinates"":[]}"
20140110,2014-01-10,282.0729960186926,"{""type"":""MultiPoint"",""coordinates"":[]}"
20140111,2014-01-11,279.21528010302535,"{""type"":""MultiPoint"",""coordinates"":[]}"
20140112,2014-01-12,283.4515051861201,"{""type"":""MultiPoint"",""coordinates"":[]}"
20140113,2014-01-13,286.22824577704404,"{""type"":""MultiPoint"",""coordinates"":[]}"
20140114,2014-01-14,286.65471588592067,"{""type"":""MultiPoint"",""coordinates"":[]}"
20140115,2014-01-15,285.0328186245069,"{""type"":""MultiPoint"",""coordinates"":[]}"
20140116,2014-01-16,283.8825686581252,"{""type"":""MultiPoint"",""coordinates"":[]}"
20140117,2014-01-17,285.4524665324445,"{""type"":""MultiPoint"",""coordinates"":[]}"
20140118,2014-01-18,282.0180841004809,"{""type"":""MultiPoint"",""coordinates"":[]}"
20140119,2014-01-19,283.7720977950891,"{""type"":""MultiPoint"",""coordinates"":[]}"
20140120,2014-01-20,284.93683389173003,"{""type"":""MultiPoint"",""coordinates"":[]}"
20140121,2014-01-21,285.4811997850076,"{""type"":""MultiPoint"",""coordinates"":[]}"
20140122,2014-01-22,285.3928483390011,"{""type"":""MultiPoint"",""coordinates"":[]}"
20140123,2014-01-23,286.46294967566814,"{""type"":""MultiPoint"",""coordinates"":[]}"
20140124,2014-01-24,287.55322007455214,"{""type"":""MultiPoint"",""coordinates"":[]}"
20140125,2014-01-25,285.70020174234816,"{""type"":""MultiPoint"",""coordinates"":[]}"
20140126,2014-01-26,285.69461932397144,"{""type"":""MultiPoint"",""coordinates"":[]}"
20140127,2014-01-27,282.91929012566055,"{""type"":""MultiPoint"",""coordinates"":[]}"
20140128,2014-01-28,280.5339323521578,"{""type"":""MultiPoint"",""coordinates"":[]}"
20140129,2014-01-29,280.9984510388965,"{""type"":""MultiPoint"",""coordinates"":[]}"
20140130,2014-01-30,282.8129415698229,"{""type"":""MultiPoint"",""coordinates"":[]}"
20140131,2014-01-31,282.573686373952,"{""type"":""MultiPoint"",""coordinates"":[]}"
20140201,2014-02-01,282.01864028101977,"{""type"":""MultiPoint"",""coordinates"":[]}"
20140202,2014-02-02,282.9201780426661,"{""type"":""MultiPoint"",""coordinates"":[]}"
20140203,2014-02-03,283.3259140739559,"{""type"":""MultiPoint"",""coordinates"":[]}"
20140204,2014-02-04,283.6246051293859,"{""type"":""MultiPoint"",""coordinates"":[]}"
20140205,2014-02-05,283.5008160366133,"{""type"":""MultiPoint"",""coordinates"":[]}"
20140206,2014-02-06,283.6355489005263,"{""type"":""MultiPoint"",""coordinates"":[]}"
20140207,2014-02-07,280.77076042398056,"{""type"":""MultiPoint"",""coordinates"":[]}"
20140208,2014-02-08,282.4789963736834,"{""type"":""MultiPoint"",""coordinates"":[]}"
20140209,2014-02-09,278.51733264161487,"{""type"":""MultiPoint"",""coordinates"":[]}"
20140210,2014-02-10,277.6139197369921,"{""type"":""MultiPoint"",""coordinates"":[]}"
20140211,2014-02-11,281.6646429536422,"{""type"":""MultiPoint"",""coordinates"":[]}"
20140212,2014-02-12,281.3414807816553,"{""type"":""MultiPoint"",""coordinates"":[]}"
20140213,2014-02-13,285.04340954270003,"{""type"":""MultiPoint"",""coordinates"":[]}"
20140214,2014-02-14,284.1471530057894,"{""type"":""MultiPoint"",""coordinates"":[]}"
20140215,2014-02-15,283.9977727166904,"{""type"":""MultiPoint"",""coordinates"":[]}"
20140216,2014-02-16,280.66420700451147,"{""type"":""MultiPoint"",""coordinates"":[]}"
20140217,2014-02-17,277.77628781106387,"{""type"":""MultiPoint"",""coordinates"":[]}"
20140218,2014-02-18,278.2483080144913,"{""type"":""MultiPoint"",""coordinates"":[]}"
20140219,2014-02-19,282.6318318942878,"{""type"":""MultiPoint"",""coordinates"":[]}"
20140220,2014-02-20,286.861589371076,"{""type"":""MultiPoint"",""coordinates"":[]}"
20140221,2014-02-21,288.95525301978813,"{""type"":""MultiPoint"",""coordinates"":[]}"
20140222,2014-02-22,286.70554063633233,"{""type"":""MultiPoint"",""coordinates"":[]}"
20140223,2014-02-23,285.73622581724464,"{""type"":""MultiPoint"",""coordinates"":[]}"
20140224,2014-02-24,286.5608452035604,"{""type"":""MultiPoint"",""coordinates"":[]}"
20140225,2014-02-25,285.0559627151044,"{""type"":""MultiPoint"",""coordinates"":[]}"
20140226,2014-02-26,288.29306937138534,"{""type"":""MultiPoint"",""coordinates"":[]}"
20140227,2014-02-27,287.551520214387,"{""type"":""MultiPoint"",""coordinates"":[]}"
20140228,2014-02-28,284.43367074256383,"{""type"":""MultiPoint"",""coordinates"":[]}"
20140301,2014-03-01,276.5516206014929,"{""type"":""MultiPoint"",""coordinates"":[]}"
20140302,2014-03-02,276.75892638286115,"{""type"":""MultiPoint"",""coordinates"":[]}"
20140303,2014-03-03,285.389111800746,"{""type"":""MultiPoint"",""coordinates"":[]}"
20140304,2014-03-04,286.363991166328,"{""type"":""MultiPoint"",""coordinates"":[]}"
20140305,2014-03-05,288.1691928410205,"{""type"":""MultiPoint"",""coordinates"":[]}"
20140306,2014-03-06,287.331138051246,"{""type"":""MultiPoint"",""coordinates"":[]}"
20140307,2014-03-07,286.32636679711305,"{""type"":""MultiPoint"",""coordinates"":[]}"
20140308,2014-03-08,287.23052057117565,"{""type"":""MultiPoint"",""coordinates"":[]}"
20140309,2014-03-09,289.1737969801043,"{""type"":""MultiPoint"",""coordinates"":[]}"
20140310,2014-03-10,287.4523341687746,"{""type"":""MultiPoint"",""coordinates"":[]}"
20140311,2014-03-11,284.4368610322137,"{""type"":""MultiPoint"",""coordinates"":[]}"
20140312,2014-03-12,286.8175296396142,"{""type"":""MultiPoint"",""coordinates"":[]}"
20140313,2014-03-13,288.6532910425562,"{""type"":""MultiPoint"",""coordinates"":[]}"
20140314,2014-03-14,286.8534049561485,"{""type"":""MultiPoint"",""coordinates"":[]}"
20140315,2014-03-15,285.5535245984445,"{""type"":""MultiPoint"",""coordinates"":[]}"
20140316,2014-03-16,286.1463393236387,"{""type"":""MultiPoint"",""coordinates"":[]}"
20140317,2014-03-17,286.9223198819697,"{""type"":""MultiPoint"",""coordinates"":[]}"
20140318,2014-03-18,285.9289059495975,"{""type"":""MultiPoint"",""coordinates"":[]}"
20140319,2014-03-19,285.73899051510824,"{""type"":""MultiPoint"",""coordinates"":[]}"
20140320,2014-03-20,281.51381262451537,"{""type"":""MultiPoint"",""coordinates"":[]}"
20140321,2014-03-21,280.067648868792,"{""type"":""MultiPoint"",""coordinates"":[]}"
20140322,2014-03-22,279.7673804182355,"{""type"":""MultiPoint"",""coordinates"":[]}"
20140323,2014-03-23,282.8455196423625,"{""type"":""MultiPoint"",""coordinates"":[]}"
20140324,2014-03-24,285.8602818067044,"{""type"":""MultiPoint"",""coordinates"":[]}"
20140325,2014-03-25,283.9223908045249,"{""type"":""MultiPoint"",""coordinates"":[]}"
20140326,2014-03-26,284.1111838228207,"{""type"":""MultiPoint"",""coordinates"":[]}"
20140327,2014-03-27,284.0267528293832,"{""type"":""MultiPoint"",""coordinates"":[]}"
20140328,2014-03-28,283.26475858184307,"{""type"":""MultiPoint"",""coordinates"":[]}"
20140329,2014-03-29,282.0222875158237,"{""type"":""MultiPoint"",""coordinates"":[]}"
20140330,2014-03-30,282.13958781947986,"{""type"":""MultiPoint"",""coordinates"":[]}"
20140331,2014-03-31,284.23862262616166,"{""type"":""MultiPoint"",""coordinates"":[]}"
20140401,2014-04-01,282.8380934551255,"{""type"":""MultiPoint"",""coordinates"":[]}"
20140402,2014-04-02,281.8714618035642,"{""type"":""MultiPoint"",""coordinates"":[]}"
20140403,2014-04-03,281.60250355355356,"{""type"":""MultiPoint"",""coordinates"":[]}"
20140404,2014-04-04,282.7810553813329,"{""type"":""MultiPoint"",""coordinates"":[]}"
20140405,2014-04-05,284.41171440225736,"{""type"":""MultiPoint"",""coordinates"":[]}"
20140406,2014-04-06,286.5161022251925,"{""type"":""MultiPoint"",""coordinates"":[]}"
20140407,2014-04-07,286.59147574888254,"{""type"":""MultiPoint"",""coordinates"":[]}"
20140408,2014-04-08,287.1941582352303,"{""type"":""MultiPoint"",""coordinates"":[]}"
20140409,2014-04-09,285.26391921819925,"{""type"":""MultiPoint"",""coordinates"":[]}"
20140410,2014-04-10,284.52022130722906,"{""type"":""MultiPoint"",""coordinates"":[]}"
20140411,2014-04-11,278.77197786112043,"{""type"":""MultiPoint"",""coordinates"":[]}"
20140412,2014-04-12,278.5558519461019,"{""type"":""MultiPoint"",""coordinates"":[]}"
20140413,2014-04-13,281.3133817450566,"{""type"":""MultiPoint"",""coordinates"":[]}"
20140414,2014-04-14,284.36330387235466,"{""type"":""MultiPoint"",""coordinates"":[]}"
20140415,2014-04-15,287.1909505761829,"{""type"":""MultiPoint"",""coordinates"":[]}"
20140416,2014-04-16,290.0151238797578,"{""type"":""MultiPoint"",""coordinates"":[]}"
20140417,2014-04-17,290.88366993555053,"{""type"":""MultiPoint"",""coordinates"":[]}"
20140418,2014-04-18,290.8566594739093,"{""type"":""MultiPoint"",""coordinates"":[]}"
20140419,2014-04-19,290.2764319991735,"{""type"":""MultiPoint"",""coordinates"":[]}"
20140420,2014-04-20,289.98566604328425,"{""type"":""MultiPoint"",""coordinates"":[]}"
20140421,2014-04-21,288.5983650358258,"{""type"":""MultiPoint"",""coordinates"":[]}"
20140422,2014-04-22,286.90559507471454,"{""type"":""MultiPoint"",""coordinates"":[]}"
20140423,2014-04-23,286.9890754018989,"{""type"":""MultiPoint"",""coordinates"":[]}"
20140424,2014-04-24,285.294305356096,"{""type"":""MultiPoint"",""coordinates"":[]}"
20140425,2014-04-25,287.2843480417953,"{""type"":""MultiPoint"",""coordinates"":[]}"
20140426,2014-04-26,286.92169712925977,"{""type"":""MultiPoint"",""coordinates"":[]}"
20140427,2014-04-27,288.25028045595315,"{""type"":""MultiPoint"",""coordinates"":[]}"
20140428,2014-04-28,289.91156154502204,"{""type"":""MultiPoint"",""coordinates"":[]}"
20140429,2014-04-29,288.97281701866024,"{""type"":""MultiPoint"",""coordinates"":[]}"
20140430,2014-04-30,289.6706083482833,"{""type"":""MultiPoint"",""coordinates"":[]}"
20140501,2014-05-01,289.43070218396264,"{""type"":""MultiPoint"",""coordinates"":[]}"
20140502,2014-05-02,288.762880769436,"{""type"":""MultiPoint"",""coordinates"":[]}"
20140503,2014-05-03,288.76507463211345,"{""type"":""MultiPoint"",""coordinates"":[]}"
20140504,2014-05-04,286.6096390779471,"{""type"":""MultiPoint"",""coordinates"":[]}"
20140505,2014-05-05,286.33964877996095,"{""type"":""MultiPoint"",""coordinates"":[]}"
20140506,2014-05-06,288.27241585286845,"{""type"":""MultiPoint"",""coordinates"":[]}"
20140507,2014-05-07,290.4457297962337,"{""type"":""MultiPoint"",""coordinates"":[]}"
20140508,2014-05-08,291.47827406791276,"{""type"":""MultiPoint"",""coordinates"":[]}"
20140509,2014-05-09,292.0649138350385,"{""type"":""MultiPoint"",""coordinates"":[]}"
20140510,2014-05-10,287.582893063978,"{""type"":""MultiPoint"",""coordinates"":[]}"
20140511,2014-05-11,287.4019984433429,"{""type"":""MultiPoint"",""coordinates"":[]}"
20140512,2014-05-12,288.16912226359744,"{""type"":""MultiPoint"",""coordinates"":[]}"
20140513,2014-05-13,288.87977693582883,"{""type"":""MultiPoint"",""coordinates"":[]}"
20140514,2014-05-14,289.33150617213016,"{""type"":""MultiPoint"",""coordinates"":[]}"
20140515,2014-05-15,289.7126177238996,"{""type"":""MultiPoint"",""coordinates"":[]}"
20140516,2014-05-16,289.66933147705026,"{""type"":""MultiPoint"",""coordinates"":[]}"
20140517,2014-05-17,290.6522870934359,"{""type"":""MultiPoint"",""coordinates"":[]}"
20140518,2014-05-18,292.76321440974874,"{""type"":""MultiPoint"",""coordinates"":[]}"
20140519,2014-05-19,291.051090167861,"{""type"":""MultiPoint"",""coordinates"":[]}"
20140520,2014-05-20,292.0339887216964,"{""type"":""MultiPoint"",""coordinates"":[]}"
20140521,2014-05-21,291.6261388086629,"{""type"":""MultiPoint"",""coordinates"":[]}"
20140522,2014-05-22,290.0875503385949,"{""type"":""MultiPoint"",""coordinates"":[]}"
20140523,2014-05-23,289.78483969713756,"{""type"":""MultiPoint"",""coordinates"":[]}"
20140524,2014-05-24,289.934811651923,"{""type"":""MultiPoint"",""coordinates"":[]}"
20140525,2014-05-25,289.72906858465126,"{""type"":""MultiPoint"",""coordinates"":[]}"
20140526,2014-05-26,291.6424271437394,"{""type"":""MultiPoint"",""coordinates"":[]}"
20140527,2014-05-27,294.0981405224838,"{""type"":""MultiPoint"",""coordinates"":[]}"
20140528,2014-05-28,293.5237907344331,"{""type"":""MultiPoint"",""coordinates"":[]}"
20140529,2014-05-29,293.71656083281107,"{""type"":""MultiPoint"",""coordinates"":[]}"
20140530,2014-05-30,292.8265195565593,"{""type"":""MultiPoint"",""coordinates"":[]}"
20140531,2014-05-31,291.1017242417761,"{""type"":""MultiPoint"",""coordinates"":[]}"
20140601,2014-06-01,291.833326411382,"{""type"":""MultiPoint"",""coordinates"":[]}"
20140602,2014-06-02,293.7549453737122,"{""type"":""MultiPoint"",""coordinates"":[]}"
20140603,2014-06-03,295.51493040130043,"{""type"":""MultiPoint"",""coordinates"":[]}"
20140604,2014-06-04,294.72353418096833,"{""type"":""MultiPoint"",""coordinates"":[]}"
20140605,2014-06-05,295.47430517432025,"{""type"":""MultiPoint"",""coordinates"":[]}"
20140606,2014-06-06,294.91076505434086,"{""type"":""MultiPoint"",""coordinates"":[]}"
20140607,2014-06-07,293.77013367279636,"{""type"":""MultiPoint"",""coordinates"":[]}"
20140608,2014-06-08,293.7220303274002,"{""type"":""MultiPoint"",""coordinates"":[]}"
20140609,2014-06-09,294.557542713166,"{""type"":""MultiPoint"",""coordinates"":[]}"
20140610,2014-06-10,294.01110510585295,"{""type"":""MultiPoint"",""coordinates"":[]}"
20140611,2014-06-11,293.2428267855658,"{""type"":""MultiPoint"",""coordinates"":[]}"
20140612,2014-06-12,293.2895106434313,"{""type"":""MultiPoint"",""coordinates"":[]}"
20140613,2014-06-13,293.5005394853525,"{""type"":""MultiPoint"",""coordinates"":[]}"
20140614,2014-06-14,293.57056184098195,"{""type"":""MultiPoint"",""coordinates"":[]}"
20140615,2014-06-15,293.6450302742127,"{""type"":""MultiPoint"",""coordinates"":[]}"
20140616,2014-06-16,294.0312154124975,"{""type"":""MultiPoint"",""coordinates"":[]}"
20140617,2014-06-17,293.25474067030046,"{""type"":""MultiPoint"",""coordinates"":[]}"
20140618,2014-06-18,293.5068321664358,"{""type"":""MultiPoint"",""coordinates"":[]}"
20140619,2014-06-19,294.1003527225272,"{""type"":""MultiPoint"",""coordinates"":[]}"
20140620,2014-06-20,293.8419973369078,"{""type"":""MultiPoint"",""coordinates"":[]}"
20140621,2014-06-21,293.5033211369197,"{""type"":""MultiPoint"",""coordinates"":[]}"
20140622,2014-06-22,293.24019245093587,"{""type"":""MultiPoint"",""coordinates"":[]}"
20140623,2014-06-23,293.3986011820575,"{""type"":""MultiPoint"",""coordinates"":[]}"
20140624,2014-06-24,293.245237660872,"{""type"":""MultiPoint"",""coordinates"":[]}"
20140625,2014-06-25,293.07325834286587,"{""type"":""MultiPoint"",""coordinates"":[]}"
20140626,2014-06-26,292.442416393509,"{""type"":""MultiPoint"",""coordinates"":[]}"
20140627,2014-06-27,292.56748855401895,"{""type"":""MultiPoint"",""coordinates"":[]}"
20140628,2014-06-28,292.9030016562428,"{""type"":""MultiPoint"",""coordinates"":[]}"
20140629,2014-06-29,292.56447563295956,"{""type"":""MultiPoint"",""coordinates"":[]}"
20140630,2014-06-30,292.6457383362766,"{""type"":""MultiPoint"",""coordinates"":[]}"
20140701,2014-07-01,293.1405562154664,"{""type"":""MultiPoint"",""coordinates"":[]}"
20140702,2014-07-02,292.96893621120165,"{""type"":""MultiPoint"",""coordinates"":[]}"
20140703,2014-07-03,293.47324126003815,"{""type"":""MultiPoint"",""coordinates"":[]}"
20140704,2014-07-04,293.81068626836674,"{""type"":""MultiPoint"",""coordinates"":[]}"
20140705,2014-07-05,293.7343089289496,"{""type"":""MultiPoint"",""coordinates"":[]}"
20140706,2014-07-06,293.8957615432915,"{""type"":""MultiPoint"",""coordinates"":[]}"
20140707,2014-07-07,294.04193422069386,"{""type"":""MultiPoint"",""coordinates"":[]}"
20140708,2014-07-08,293.9612142048416,"{""type"":""MultiPoint"",""coordinates"":[]}"
20140709,2014-07-09,294.3779846502531,"{""type"":""MultiPoint"",""coordinates"":[]}"
20140710,2014-07-10,294.24891883798676,"{""type"":""MultiPoint"",""coordinates"":[]}"
20140711,2014-07-11,294.1909910136918,"{""type"":""MultiPoint"",""coordinates"":[]}"
20140712,2014-07-12,294.44009813055936,"{""type"":""MultiPoint"",""coordinates"":[]}"
20140713,2014-07-13,294.3506390805122,"{""type"":""MultiPoint"",""coordinates"":[]}"
20140714,2014-07-14,294.2733805465565,"{""type"":""MultiPoint"",""coordinates"":[]}"
20140715,2014-07-15,294.36061622239924,"{""type"":""MultiPoint"",""coordinates"":[]}"
20140716,2014-07-16,293.85344026772196,"{""type"":""MultiPoint"",""coordinates"":[]}"
20140717,2014-07-17,294.1124470821673,"{""type"":""MultiPoint"",""coordinates"":[]}"
20140718,2014-07-18,294.04712004515414,"{""type"":""MultiPoint"",""coordinates"":[]}"
20140719,2014-07-19,293.95103898537326,"{""type"":""MultiPoint"",""coordinates"":[]}"
20140720,2014-07-20,293.7302063947169,"{""type"":""MultiPoint"",""coordinates"":[]}"
20140721,2014-07-21,293.44301143955386,"{""type"":""MultiPoint"",""coordinates"":[]}"
20140722,2014-07-22,293.50443230331575,"{""type"":""MultiPoint"",""coordinates"":[]}"
20140723,2014-07-23,293.5338768674004,"{""type"":""MultiPoint"",""coordinates"":[]}"
20140724,2014-07-24,293.2832836623308,"{""type"":""MultiPoint"",""coordinates"":[]}"
20140725,2014-07-25,293.65156717205264,"{""type"":""MultiPoint"",""coordinates"":[]}"
20140726,2014-07-26,293.8571563269735,"{""type"":""MultiPoint"",""coordinates"":[]}"
20140727,2014-07-27,294.0965366994396,"{""type"":""MultiPoint"",""coordinates"":[]}"
20140728,2014-07-28,294.1026978116384,"{""type"":""MultiPoint"",""coordinates"":[]}"
20140729,2014-07-29,293.91011871904504,"{""type"":""MultiPoint"",""coordinates"":[]}"
20140730,2014-07-30,294.5098041063958,"{""type"":""MultiPoint"",""coordinates"":[]}"
20140731,2014-07-31,294.58476123427005,"{""type"":""MultiPoint"",""coordinates"":[]}"
20140801,2014-08-01,294.1317896919424,"{""type"":""MultiPoint"",""coordinates"":[]}"
20140802,2014-08-02,293.81171611794593,"{""type"":""MultiPoint"",""coordinates"":[]}"
20140803,2014-08-03,293.911516153663,"{""type"":""MultiPoint"",""coordinates"":[]}"
20140804,2014-08-04,293.74294973579754,"{""type"":""MultiPoint"",""coordinates"":[]}"
20140805,2014-08-05,293.5005725511232,"{""type"":""MultiPoint"",""coordinates"":[]}"
20140806,2014-08-06,293.4752110006366,"{""type"":""MultiPoint"",""coordinates"":[]}"
20140807,2014-08-07,293.42825159996926,"{""type"":""MultiPoint"",""coordinates"":[]}"
20140808,2014-08-08,293.24846389617,"{""type"":""MultiPoint"",""coordinates"":[]}"
20140809,2014-08-09,293.56750294337115,"{""type"":""MultiPoint"",""coordinates"":[]}"
20140810,2014-08-10,293.8044278993614,"{""type"":""MultiPoint"",""coordinates"":[]}"
20140811,2014-08-11,293.67337841306113,"{""type"":""MultiPoint"",""coordinates"":[]}"
20140812,2014-08-12,293.44441852887303,"{""type"":""MultiPoint"",""coordinates"":[]}"
20140813,2014-08-13,293.5717900594621,"{""type"":""MultiPoint"",""coordinates"":[]}"
20140814,2014-08-14,293.56938338681437,"{""type"":""MultiPoint"",""coordinates"":[]}"
20140815,2014-08-15,293.42065884071036,"{""type"":""MultiPoint"",""coordinates"":[]}"
20140816,2014-08-16,293.079032107529,"{""type"":""MultiPoint"",""coordinates"":[]}"
20140817,2014-08-17,293.4522606268575,"{""type"":""MultiPoint"",""coordinates"":[]}"
20140818,2014-08-18,293.6275904905788,"{""type"":""MultiPoint"",""coordinates"":[]}"
20140819,2014-08-19,294.738844617701,"{""type"":""MultiPoint"",""coordinates"":[]}"
20140820,2014-08-20,295.4095364093353,"{""type"":""MultiPoint"",""coordinates"":[]}"
20140821,2014-08-21,295.39525268353765,"{""type"":""MultiPoint"",""coordinates"":[]}"
20140822,2014-08-22,295.1980530771018,"{""type"":""MultiPoint"",""coordinates"":[]}"
20140823,2014-08-23,295.1153081311635,"{""type"":""MultiPoint"",""coordinates"":[]}"
20140824,2014-08-24,295.1445665007167,"{""type"":""MultiPoint"",""coordinates"":[]}"
20140825,2014-08-25,294.91962949167896,"{""type"":""MultiPoint"",""coordinates"":[]}"
20140826,2014-08-26,294.31334535910963,"{""type"":""MultiPoint"",""coordinates"":[]}"
20140827,2014-08-27,293.63278913900757,"{""type"":""MultiPoint"",""coordinates"":[]}"
20140828,2014-08-28,293.8523413900921,"{""type"":""MultiPoint"",""coordinates"":[]}"
20140829,2014-08-29,294.4765184732925,"{""type"":""MultiPoint"",""coordinates"":[]}"
20140830,2014-08-30,294.80935211943967,"{""type"":""MultiPoint"",""coordinates"":[]}"
20140831,2014-08-31,294.3318178493878,"{""type"":""MultiPoint"",""coordinates"":[]}"
20140901,2014-09-01,293.72205692435443,"{""type"":""MultiPoint"",""coordinates"":[]}"
20140902,2014-09-02,293.7846602214809,"{""type"":""MultiPoint"",""coordinates"":[]}"
20140903,2014-09-03,293.7699652199115,"{""type"":""MultiPoint"",""coordinates"":[]}"
20140904,2014-09-04,293.6828167125298,"{""type"":""MultiPoint"",""coordinates"":[]}"
20140905,2014-09-05,293.7794444980997,"{""type"":""MultiPoint"",""coordinates"":[]}"
20140906,2014-09-06,293.6637037876173,"{""type"":""MultiPoint"",""coordinates"":[]}"
20140907,2014-09-07,293.22824223821283,"{""type"":""MultiPoint"",""coordinates"":[]}"
20140908,2014-09-08,293.4035670369738,"{""type"":""MultiPoint"",""coordinates"":[]}"
20140909,2014-09-09,293.0244764314031,"{""type"":""MultiPoint"",""coordinates"":[]}"
20140910,2014-09-10,293.3271414560057,"{""type"":""MultiPoint"",""coordinates"":[]}"
20140911,2014-09-11,293.617953038203,"{""type"":""MultiPoint"",""coordinates"":[]}"
20140912,2014-09-12,293.88248687421196,"{""type"":""MultiPoint"",""coordinates"":[]}"
20140913,2014-09-13,293.5127954008123,"{""type"":""MultiPoint"",""coordinates"":[]}"
20140914,2014-09-14,293.1237158702953,"{""type"":""MultiPoint"",""coordinates"":[]}"
20140915,2014-09-15,292.7543348440965,"{""type"":""MultiPoint"",""coordinates"":[]}"
20140916,2014-09-16,292.88141195326534,"{""type"":""MultiPoint"",""coordinates"":[]}"
20140917,2014-09-17,293.33984541347024,"{""type"":""MultiPoint"",""coordinates"":[]}"
20140918,2014-09-18,293.6543620416413,"{""type"":""MultiPoint"",""coordinates"":[]}"
20140919,2014-09-19,293.3486547113779,"{""type"":""MultiPoint"",""coordinates"":[]}"
20140920,2014-09-20,293.62281137214364,"{""type"":""MultiPoint"",""coordinates"":[]}"
20140921,2014-09-21,292.76515591221533,"{""type"":""MultiPoint"",""coordinates"":[]}"
20140922,2014-09-22,293.1897098561514,"{""type"":""MultiPoint"",""coordinates"":[]}"
20140923,2014-09-23,292.994597616276,"{""type"":""MultiPoint"",""coordinates"":[]}"
20140924,2014-09-24,293.8354534932281,"{""type"":""MultiPoint"",""coordinates"":[]}"
20140925,2014-09-25,294.33998763522817,"{""type"":""MultiPoint"",""coordinates"":[]}"
20140926,2014-09-26,292.5336089876344,"{""type"":""MultiPoint"",""coordinates"":[]}"
20140927,2014-09-27,290.3145469354878,"{""type"":""MultiPoint"",""coordinates"":[]}"
20140928,2014-09-28,291.61005128511687,"{""type"":""MultiPoint"",""coordinates"":[]}"
20140929,2014-09-29,292.0736641951488,"{""type"":""MultiPoint"",""coordinates"":[]}"
20140930,2014-09-30,292.5300388389065,"{""type"":""MultiPoint"",""coordinates"":[]}"
20141001,2014-10-01,292.06193319494434,"{""type"":""MultiPoint"",""coordinates"":[]}"
20141002,2014-10-02,291.0537454856933,"{""type"":""MultiPoint"",""coordinates"":[]}"
20141003,2014-10-03,291.04822431644925,"{""type"":""MultiPoint"",""coordinates"":[]}"
20141004,2014-10-04,293.5683566888058,"{""type"":""MultiPoint"",""coordinates"":[]}"
20141005,2014-10-05,292.9554564421447,"{""type"":""MultiPoint"",""coordinates"":[]}"
20141006,2014-10-06,291.95186444430504,"{""type"":""MultiPoint"",""coordinates"":[]}"
20141007,2014-10-07,292.3604952439052,"{""type"":""MultiPoint"",""coordinates"":[]}"
20141008,2014-10-08,293.3847204857922,"{""type"":""MultiPoint"",""coordinates"":[]}"
20141009,2014-10-09,294.1113167568824,"{""type"":""MultiPoint"",""coordinates"":[]}"
20141010,2014-10-10,294.334751055629,"{""type"":""MultiPoint"",""coordinates"":[]}"
20141011,2014-10-11,290.4077029176176,"{""type"":""MultiPoint"",""coordinates"":[]}"
20141012,2014-10-12,288.37046149957814,"{""type"":""MultiPoint"",""coordinates"":[]}"
20141013,2014-10-13,289.67319207986645,"{""type"":""MultiPoint"",""coordinates"":[]}"
20141014,2014-10-14,289.27329961239207,"{""type"":""MultiPoint"",""coordinates"":[]}"
20141015,2014-10-15,290.79636522580654,"{""type"":""MultiPoint"",""coordinates"":[]}"
20141016,2014-10-16,292.3586447781805,"{""type"":""MultiPoint"",""coordinates"":[]}"
20141017,2014-10-17,292.85853646009775,"{""type"":""MultiPoint"",""coordinates"":[]}"
20141018,2014-10-18,293.0580886038162,"{""type"":""MultiPoint"",""coordinates"":[]}"
20141019,2014-10-19,292.9913453846716,"{""type"":""MultiPoint"",""coordinates"":[]}"
20141020,2014-10-20,290.4960197695354,"{""type"":""MultiPoint"",""coordinates"":[]}"
20141021,2014-10-21,289.295549926779,"{""type"":""MultiPoint"",""coordinates"":[]}"
20141022,2014-10-22,290.12313458611345,"{""type"":""MultiPoint"",""coordinates"":[]}"
20141023,2014-10-23,287.47300011913904,"{""type"":""MultiPoint"",""coordinates"":[]}"
20141024,2014-10-24,288.4365004153782,"{""type"":""MultiPoint"",""coordinates"":[]}"
20141025,2014-10-25,291.5177928159056,"{""type"":""MultiPoint"",""coordinates"":[]}"
20141026,2014-10-26,290.8841014574961,"{""type"":""MultiPoint"",""coordinates"":[]}"
20141027,2014-10-27,290.80149253231843,"{""type"":""MultiPoint"",""coordinates"":[]}"
20141028,2014-10-28,289.11432868857065,"{""type"":""MultiPoint"",""coordinates"":[]}"
20141029,2014-10-29,287.4434617620062,"{""type"":""MultiPoint"",""coordinates"":[]}"
20141030,2014-10-30,286.5755146804329,"{""type"":""MultiPoint"",""coordinates"":[]}"
20141031,2014-10-31,287.1649018739232,"{""type"":""MultiPoint"",""coordinates"":[]}"
20141101,2014-11-01,286.8061128946218,"{""type"":""MultiPoint"",""coordinates"":[]}"
20141102,2014-11-02,287.2678462566372,"{""type"":""MultiPoint"",""coordinates"":[]}"
20141103,2014-11-03,287.0012492403915,"{""type"":""MultiPoint"",""coordinates"":[]}"
20141104,2014-11-04,285.40479332482136,"{""type"":""MultiPoint"",""coordinates"":[]}"
20141105,2014-11-05,285.6997124795884,"{""type"":""MultiPoint"",""coordinates"":[]}"
20141106,2014-11-06,285.00254803453174,"{""type"":""MultiPoint"",""coordinates"":[]}"
20141107,2014-11-07,284.97785390914834,"{""type"":""MultiPoint"",""coordinates"":[]}"
20141108,2014-11-08,284.3305399018059,"{""type"":""MultiPoint"",""coordinates"":[]}"
20141109,2014-11-09,284.63952411015543,"{""type"":""MultiPoint"",""coordinates"":[]}"
20141110,2014-11-10,288.79297674272453,"{""type"":""MultiPoint"",""coordinates"":[]}"
20141111,2014-11-11,292.4172486925529,"{""type"":""MultiPoint"",""coordinates"":[]}"
20141112,2014-11-12,290.309307096017,"{""type"":""MultiPoint"",""coordinates"":[]}"
20141113,2014-11-13,291.8025681107235,"{""type"":""MultiPoint"",""coordinates"":[]}"
20141114,2014-11-14,292.13955829501936,"{""type"":""MultiPoint"",""coordinates"":[]}"
20141115,2014-11-15,293.59452675266687,"{""type"":""MultiPoint"",""coordinates"":[]}"
20141116,2014-11-16,292.53070539532064,"{""type"":""MultiPoint"",""coordinates"":[]}"
20141117,2014-11-17,292.49181397536626,"{""type"":""MultiPoint"",""coordinates"":[]}"
20141118,2014-11-18,292.668632410348,"{""type"":""MultiPoint"",""coordinates"":[]}"
20141119,2014-11-19,291.8861062632291,"{""type"":""MultiPoint"",""coordinates"":[]}"
20141120,2014-11-20,289.54294983758774,"{""type"":""MultiPoint"",""coordinates"":[]}"
20141121,2014-11-21,287.44302736473486,"{""type"":""MultiPoint"",""coordinates"":[]}"
20141122,2014-11-22,287.7685423240919,"{""type"":""MultiPoint"",""coordinates"":[]}"
20141123,2014-11-23,288.19557204724987,"{""type"":""MultiPoint"",""coordinates"":[]}"
20141124,2014-11-24,287.7416136367256,"{""type"":""MultiPoint"",""coordinates"":[]}"
20141125,2014-11-25,286.0268572284129,"{""type"":""MultiPoint"",""coordinates"":[]}"
20141126,2014-11-26,283.31262829328784,"{""type"":""MultiPoint"",""coordinates"":[]}"
20141127,2014-11-27,283.6114375084479,"{""type"":""MultiPoint"",""coordinates"":[]}"
20141128,2014-11-28,283.85009502657937,"{""type"":""MultiPoint"",""coordinates"":[]}"
20141129,2014-11-29,283.3557179353679,"{""type"":""MultiPoint"",""coordinates"":[]}"
20141130,2014-11-30,282.0952967963019,"{""type"":""MultiPoint"",""coordinates"":[]}"
20141201,2014-12-01,281.90421928797514,"{""type"":""MultiPoint"",""coordinates"":[]}"
20141202,2014-12-02,284.13198032905296,"{""type"":""MultiPoint"",""coordinates"":[]}"
20141203,2014-12-03,285.6067790945789,"{""type"":""MultiPoint"",""coordinates"":[]}"
20141204,2014-12-04,284.7018653681735,"{""type"":""MultiPoint"",""coordinates"":[]}"
20141205,2014-12-05,283.0423377304202,"{""type"":""MultiPoint"",""coordinates"":[]}"
20141206,2014-12-06,282.06018106892253,"{""type"":""MultiPoint"",""coordinates"":[]}"
20141207,2014-12-07,283.08378803299,"{""type"":""MultiPoint"",""coordinates"":[]}"
20141208,2014-12-08,284.1345075995079,"{""type"":""MultiPoint"",""coordinates"":[]}"
20141209,2014-12-09,286.4489488179511,"{""type"":""MultiPoint"",""coordinates"":[]}"
20141210,2014-12-10,288.01017794233564,"{""type"":""MultiPoint"",""coordinates"":[]}"
20141211,2014-12-11,290.3330241952271,"{""type"":""MultiPoint"",""coordinates"":[]}"
20141212,2014-12-12,291.74060574706976,"{""type"":""MultiPoint"",""coordinates"":[]}"
20141213,2014-12-13,291.73910866691654,"{""type"":""MultiPoint"",""coordinates"":[]}"
20141214,2014-12-14,287.3630663707862,"{""type"":""MultiPoint"",""coordinates"":[]}"
20141215,2014-12-15,283.6153182074072,"{""type"":""MultiPoint"",""coordinates"":[]}"
20141216,2014-12-16,284.96000487669846,"{""type"":""MultiPoint"",""coordinates"":[]}"
20141217,2014-12-17,282.79014066519755,"{""type"":""MultiPoint"",""coordinates"":[]}"
20141218,2014-12-18,280.45863547197973,"{""type"":""MultiPoint"",""coordinates"":[]}"
20141219,2014-12-19,282.59019264416423,"{""type"":""MultiPoint"",""coordinates"":[]}"
20141220,2014-12-20,283.5118217113709,"{""type"":""MultiPoint"",""coordinates"":[]}"
20141221,2014-12-21,281.14844341393746,"{""type"":""MultiPoint"",""coordinates"":[]}"
20141222,2014-12-22,280.301391230451,"{""type"":""MultiPoint"",""coordinates"":[]}"
20141223,2014-12-23,281.81397051840213,"{""type"":""MultiPoint"",""coordinates"":[]}"
20141224,2014-12-24,282.7905520794566,"{""type"":""MultiPoint"",""coordinates"":[]}"
20141225,2014-12-25,283.8493660258735,"{""type"":""MultiPoint"",""coordinates"":[]}"
20141226,2014-12-26,282.1574053202332,"{""type"":""MultiPoint"",""coordinates"":[]}"
20141227,2014-12-27,280.77354320264016,"{""type"":""MultiPoint"",""coordinates"":[]}"
20141228,2014-12-28,279.63673930212474,"{""type"":""MultiPoint"",""coordinates"":[]}"
20141229,2014-12-29,281.1269734852666,"{""type"":""MultiPoint"",""coordinates"":[]}"
20141230,2014-12-30,285.52789164743206,"{""type"":""MultiPoint"",""coordinates"":[]}"
20141231,2014-12-31,286.64056182572506,"{""type"":""MultiPoint"",""coordinates"":[]}"
20150101,2015-01-01,287.27886541736547,"{""type"":""MultiPoint"",""coordinates"":[]}"
20150102,2015-01-02,286.3901036511927,"{""type"":""MultiPoint"",""coordinates"":[]}"
20150103,2015-01-03,286.8921978696999,"{""type"":""MultiPoint"",""coordinates"":[]}"
20150104,2015-01-04,287.1517144913008,"{""type"":""MultiPoint"",""coordinates"":[]}"
20150105,2015-01-05,287.07695239504994,"{""type"":""MultiPoint"",""coordinates"":[]}"
20150106,2015-01-06,286.08127557274645,"{""type"":""MultiPoint"",""coordinates"":[]}"
20150107,2015-01-07,284.4458887085434,"{""type"":""MultiPoint"",""coordinates"":[]}"
20150108,2015-01-08,281.5442434720704,"{""type"":""MultiPoint"",""coordinates"":[]}"
20150109,2015-01-09,278.5701567996732,"{""type"":""MultiPoint"",""coordinates"":[]}"
20150110,2015-01-10,277.3362897305428,"{""type"":""MultiPoint"",""coordinates"":[]}"
20150111,2015-01-11,277.1590778264124,"{""type"":""MultiPoint"",""coordinates"":[]}"
20150112,2015-01-12,277.863226511337,"{""type"":""MultiPoint"",""coordinates"":[]}"
20150113,2015-01-13,278.80477815162277,"{""type"":""MultiPoint"",""coordinates"":[]}"
20150114,2015-01-14,279.19964032720776,"{""type"":""MultiPoint"",""coordinates"":[]}"
20150115,2015-01-15,279.99433182087154,"{""type"":""MultiPoint"",""coordinates"":[]}"
20150116,2015-01-16,280.8805779056544,"{""type"":""MultiPoint"",""coordinates"":[]}"
20150117,2015-01-17,280.88610955536507,"{""type"":""MultiPoint"",""coordinates"":[]}"
20150118,2015-01-18,282.4670676024668,"{""type"":""MultiPoint"",""coordinates"":[]}"
20150119,2015-01-19,284.3933572634602,"{""type"":""MultiPoint"",""coordinates"":[]}"
20150120,2015-01-20,283.30211384309655,"{""type"":""MultiPoint"",""coordinates"":[]}"
20150121,2015-01-21,284.5914544819112,"{""type"":""MultiPoint"",""coordinates"":[]}"
20150122,2015-01-22,286.1245222314459,"{""type"":""MultiPoint"",""coordinates"":[]}"
20150123,2015-01-23,286.5590899793484,"{""type"":""MultiPoint"",""coordinates"":[]}"
20150124,2015-01-24,286.20148327856947,"{""type"":""MultiPoint"",""coordinates"":[]}"
20150125,2015-01-25,286.0603540231981,"{""type"":""MultiPoint"",""coordinates"":[]}"
20150126,2015-01-26,284.9364172989281,"{""type"":""MultiPoint"",""coordinates"":[]}"
20150127,2015-01-27,285.1392578202652,"{""type"":""MultiPoint"",""coordinates"":[]}"
20150128,2015-01-28,285.49791878427317,"{""type"":""MultiPoint"",""coordinates"":[]}"
20150129,2015-01-29,285.45125935343896,"{""type"":""MultiPoint"",""coordinates"":[]}"
20150130,2015-01-30,285.42410652565445,"{""type"":""MultiPoint"",""coordinates"":[]}"
20150131,2015-01-31,284.8055986294223,"{""type"":""MultiPoint"",""coordinates"":[]}"
20150201,2015-02-01,284.3034028791754,"{""type"":""MultiPoint"",""coordinates"":[]}"
20150202,2015-02-02,284.052479680752,"{""type"":""MultiPoint"",""coordinates"":[]}"
20150203,2015-02-03,283.79029972157247,"{""type"":""MultiPoint"",""coordinates"":[]}"
20150204,2015-02-04,280.40138630170753,"{""type"":""MultiPoint"",""coordinates"":[]}"
20150205,2015-02-05,280.1893088339719,"{""type"":""MultiPoint"",""coordinates"":[]}"
20150206,2015-02-06,279.38595094782994,"{""type"":""MultiPoint"",""coordinates"":[]}"
20150207,2015-02-07,283.15212604589476,"{""type"":""MultiPoint"",""coordinates"":[]}"
20150208,2015-02-08,280.5098901222318,"{""type"":""MultiPoint"",""coordinates"":[]}"
20150209,2015-02-09,281.5577301462101,"{""type"":""MultiPoint"",""coordinates"":[]}"
20150210,2015-02-10,284.06560594253784,"{""type"":""MultiPoint"",""coordinates"":[]}"
20150211,2015-02-11,284.03685741310477,"{""type"":""MultiPoint"",""coordinates"":[]}"
20150212,2015-02-12,283.6324219408573,"{""type"":""MultiPoint"",""coordinates"":[]}"
20150213,2015-02-13,284.0726617838048,"{""type"":""MultiPoint"",""coordinates"":[]}"
20150214,2015-02-14,282.65100814982503,"{""type"":""MultiPoint"",""coordinates"":[]}"
20150215,2015-02-15,280.8565066896405,"{""type"":""MultiPoint"",""coordinates"":[]}"
20150216,2015-02-16,281.2641255921439,"{""type"":""MultiPoint"",""coordinates"":[]}"
20150217,2015-02-17,280.8911289812629,"{""type"":""MultiPoint"",""coordinates"":[]}"
20150218,2015-02-18,280.12108995625044,"{""type"":""MultiPoint"",""coordinates"":[]}"
20150219,2015-02-19,282.77620776119267,"{""type"":""MultiPoint"",""coordinates"":[]}"
20150220,2015-02-20,281.00201807810316,"{""type"":""MultiPoint"",""coordinates"":[]}"
20150221,2015-02-21,281.85098989404804,"{""type"":""MultiPoint"",""coordinates"":[]}"
20150222,2015-02-22,281.92252576818294,"{""type"":""MultiPoint"",""coordinates"":[]}"
20150223,2015-02-23,281.1799008688048,"{""type"":""MultiPoint"",""coordinates"":[]}"
20150224,2015-02-24,283.52657023453963,"{""type"":""MultiPoint"",""coordinates"":[]}"
20150225,2015-02-25,285.24605775742924,"{""type"":""MultiPoint"",""coordinates"":[]}"
20150226,2015-02-26,283.685667305585,"{""type"":""MultiPoint"",""coordinates"":[]}"
20150227,2015-02-27,281.8938223212063,"{""type"":""MultiPoint"",""coordinates"":[]}"
20150228,2015-02-28,285.09497007580484,"{""type"":""MultiPoint"",""coordinates"":[]}"
20150301,2015-03-01,288.8982158511293,"{""type"":""MultiPoint"",""coordinates"":[]}"
20150302,2015-03-02,286.87056172026837,"{""type"":""MultiPoint"",""coordinates"":[]}"
20150303,2015-03-03,283.9532608784819,"{""type"":""MultiPoint"",""coordinates"":[]}"
20150304,2015-03-04,283.3362254568035,"{""type"":""MultiPoint"",""coordinates"":[]}"
20150305,2015-03-05,284.5344618271275,"{""type"":""MultiPoint"",""coordinates"":[]}"
20150306,2015-03-06,284.6933621502162,"{""type"":""MultiPoint"",""coordinates"":[]}"
20150307,2015-03-07,282.87270814794493,"{""type"":""MultiPoint"",""coordinates"":[]}"
20150308,2015-03-08,283.3089199487398,"{""type"":""MultiPoint"",""coordinates"":[]}"
20150309,2015-03-09,286.6670141710266,"{""type"":""MultiPoint"",""coordinates"":[]}"
20150310,2015-03-10,289.55719715483355,"{""type"":""MultiPoint"",""coordinates"":[]}"
20150311,2015-03-11,290.1431911105156,"{""type"":""MultiPoint"",""coordinates"":[]}"
20150312,2015-03-12,285.79074735616496,"{""type"":""MultiPoint"",""coordinates"":[]}"
20150313,2015-03-13,287.7535742946308,"{""type"":""MultiPoint"",""coordinates"":[]}"
20150314,2015-03-14,289.36577376898225,"{""type"":""MultiPoint"",""coordinates"":[]}"
20150315,2015-03-15,289.6657664404549,"{""type"":""MultiPoint"",""coordinates"":[]}"
20150316,2015-03-16,287.1170622687907,"{""type"":""MultiPoint"",""coordinates"":[]}"
20150317,2015-03-17,284.0060203592834,"{""type"":""MultiPoint"",""coordinates"":[]}"
20150318,2015-03-18,284.2965868827776,"{""type"":""MultiPoint"",""coordinates"":[]}"
20150319,2015-03-19,286.0656081455369,"{""type"":""MultiPoint"",""coordinates"":[]}"
20150320,2015-03-20,287.57360072191676,"{""type"":""MultiPoint"",""coordinates"":[]}"
20150321,2015-03-21,286.7245124621581,"{""type"":""MultiPoint"",""coordinates"":[]}"
20150322,2015-03-22,286.8613566792667,"{""type"":""MultiPoint"",""coordinates"":[]}"
20150323,2015-03-23,286.90605114291117,"{""type"":""MultiPoint"",""coordinates"":[]}"
20150324,2015-03-24,285.2718846454606,"{""type"":""MultiPoint"",""coordinates"":[]}"
20150325,2015-03-25,285.604409291856,"{""type"":""MultiPoint"",""coordinates"":[]}"
20150326,2015-03-26,288.8230796988698,"{""type"":""MultiPoint"",""coordinates"":[]}"
20150327,2015-03-27,289.87818993448633,"{""type"":""MultiPoint"",""coordinates"":[]}"
20150328,2015-03-28,289.5752634763876,"{""type"":""MultiPoint"",""coordinates"":[]}"
20150329,2015-03-29,290.4632580055537,"{""type"":""MultiPoint"",""coordinates"":[]}"
20150330,2015-03-30,287.84714171922775,"{""type"":""MultiPoint"",""coordinates"":[]}"
20150331,2015-03-31,280.7423132619842,"{""type"":""MultiPoint"",""coordinates"":[]}"
20150401,2015-04-01,280.5126646863278,"{""type"":""MultiPoint"",""coordinates"":[]}"
20150402,2015-04-02,283.75943613084013,"{""type"":""MultiPoint"",""coordinates"":[]}"
20150403,2015-04-03,283.2381909732972,"{""type"":""MultiPoint"",""coordinates"":[]}"
20150404,2015-04-04,282.22257687550024,"{""type"":""MultiPoint"",""coordinates"":[]}"
20150405,2015-04-05,286.0302500330397,"{""type"":""MultiPoint"",""coordinates"":[]}"
20150406,2015-04-06,285.00791972796674,"{""type"":""MultiPoint"",""coordinates"":[]}"
20150407,2015-04-07,285.5517436652306,"{""type"":""MultiPoint"",""coordinates"":[]}"
20150408,2015-04-08,288.79833244616503,"{""type"":""MultiPoint"",""coordinates"":[]}"
20150409,2015-04-09,290.08175911678774,"{""type"":""MultiPoint"",""coordinates"":[]}"
20150410,2015-04-10,291.75743632891897,"{""type"":""MultiPoint"",""coordinates"":[]}"
20150411,2015-04-11,291.96034609562327,"{""type"":""MultiPoint"",""coordinates"":[]}"
20150412,2015-04-12,287.45767899145307,"{""type"":""MultiPoint"",""coordinates"":[]}"
20150413,2015-04-13,287.13740798107295,"{""type"":""MultiPoint"",""coordinates"":[]}"
20150414,2015-04-14,288.34069554432915,"{""type"":""MultiPoint"",""coordinates"":[]}"
20150415,2015-04-15,288.32023881483786,"{""type"":""MultiPoint"",""coordinates"":[]}"
20150416,2015-04-16,289.0375972288321,"{""type"":""MultiPoint"",""coordinates"":[]}"
20150417,2015-04-17,288.8776340667335,"{""type"":""MultiPoint"",""coordinates"":[]}"
20150418,2015-04-18,288.45580558053865,"{""type"":""MultiPoint"",""coordinates"":[]}"
20150419,2015-04-19,287.6028658328239,"{""type"":""MultiPoint"",""coordinates"":[]}"
20150420,2015-04-20,289.13702093495704,"{""type"":""MultiPoint"",""coordinates"":[]}"
20150421,2015-04-21,291.7809829538742,"{""type"":""MultiPoint"",""coordinates"":[]}"
20150422,2015-04-22,292.9229859075868,"{""type"":""MultiPoint"",""coordinates"":[]}"
20150423,2015-04-23,291.23407022753287,"{""type"":""MultiPoint"",""coordinates"":[]}"
20150424,2015-04-24,287.07714667925524,"{""type"":""MultiPoint"",""coordinates"":[]}"
20150425,2015-04-25,286.0050953166108,"{""type"":""MultiPoint"",""coordinates"":[]}"
20150426,2015-04-26,287.3731426621679,"{""type"":""MultiPoint"",""coordinates"":[]}"
20150427,2015-04-27,289.417951871749,"{""type"":""MultiPoint"",""coordinates"":[]}"
20150428,2015-04-28,288.84687575583894,"{""type"":""MultiPoint"",""coordinates"":[]}"
20150429,2015-04-29,287.80625847963415,"{""type"":""MultiPoint"",""coordinates"":[]}"
20150430,2015-04-30,288.5577706489693,"{""type"":""MultiPoint"",""coordinates"":[]}"
20150501,2015-05-01,287.9743905689159,"{""type"":""MultiPoint"",""coordinates"":[]}"
20150502,2015-05-02,287.7898125196465,"{""type"":""MultiPoint"",""coordinates"":[]}"
20150503,2015-05-03,287.65432986216524,"{""type"":""MultiPoint"",""coordinates"":[]}"
20150504,2015-05-04,286.6938492969603,"{""type"":""MultiPoint"",""coordinates"":[]}"
20150505,2015-05-05,290.2779422621761,"{""type"":""MultiPoint"",""coordinates"":[]}"
20150506,2015-05-06,289.7084348103391,"{""type"":""MultiPoint"",""coordinates"":[]}"
20150507,2015-05-07,289.8938400753698,"{""type"":""MultiPoint"",""coordinates"":[]}"
20150508,2015-05-08,289.34500693602007,"{""type"":""MultiPoint"",""coordinates"":[]}"
20150509,2015-05-09,288.9620097592846,"{""type"":""MultiPoint"",""coordinates"":[]}"
20150510,2015-05-10,286.87607491443714,"{""type"":""MultiPoint"",""coordinates"":[]}"
20150511,2015-05-11,288.76461814668403,"{""type"":""MultiPoint"",""coordinates"":[]}"
20150512,2015-05-12,290.95854932116197,"{""type"":""MultiPoint"",""coordinates"":[]}"
20150513,2015-05-13,292.68911996333696,"{""type"":""MultiPoint"",""coordinates"":[]}"
20150514,2015-05-14,292.4427472308135,"{""type"":""MultiPoint"",""coordinates"":[]}"
20150515,2015-05-15,293.33335594105495,"{""type"":""MultiPoint"",""coordinates"":[]}"
20150516,2015-05-16,292.51679995891016,"{""type"":""MultiPoint"",""coordinates"":[]}"
20150517,2015-05-17,290.9651302836198,"{""type"":""MultiPoint"",""coordinates"":[]}"
20150518,2015-05-18,290.8414465931508,"{""type"":""MultiPoint"",""coordinates"":[]}"
20150519,2015-05-19,291.6711017362567,"{""type"":""MultiPoint"",""coordinates"":[]}"
20150520,2015-05-20,291.65199300620515,"{""type"":""MultiPoint"",""coordinates"":[]}"
20150521,2015-05-21,292.5332142673047,"{""type"":""MultiPoint"",""coordinates"":[]}"
20150522,2015-05-22,292.4701940833369,"{""type"":""MultiPoint"",""coordinates"":[]}"
20150523,2015-05-23,292.18152979932205,"{""type"":""MultiPoint"",""coordinates"":[]}"
20150524,2015-05-24,292.18443261709336,"{""type"":""MultiPoint"",""coordinates"":[]}"
20150525,2015-05-25,292.27311457597216,"{""type"":""MultiPoint"",""coordinates"":[]}"
20150526,2015-05-26,292.03874416834344,"{""type"":""MultiPoint"",""coordinates"":[]}"
20150527,2015-05-27,291.4906641542719,"{""type"":""MultiPoint"",""coordinates"":[]}"
20150528,2015-05-28,292.0587532285181,"{""type"":""MultiPoint"",""coordinates"":[]}"
20150529,2015-05-29,293.15330272073345,"{""type"":""MultiPoint"",""coordinates"":[]}"
20150530,2015-05-30,293.70976266398776,"{""type"":""MultiPoint"",""coordinates"":[]}"
20150531,2015-05-31,293.4544400989228,"{""type"":""MultiPoint"",""coordinates"":[]}"
20150601,2015-06-01,291.95072016599914,"{""type"":""MultiPoint"",""coordinates"":[]}"
20150602,2015-06-02,290.60389775138844,"{""type"":""MultiPoint"",""coordinates"":[]}"
20150603,2015-06-03,290.89419209908505,"{""type"":""MultiPoint"",""coordinates"":[]}"
20150604,2015-06-04,290.99551105341754,"{""type"":""MultiPoint"",""coordinates"":[]}"
20150605,2015-06-05,293.671126564784,"{""type"":""MultiPoint"",""coordinates"":[]}"
20150606,2015-06-06,294.1719933291916,"{""type"":""MultiPoint"",""coordinates"":[]}"
20150607,2015-06-07,294.7841030874927,"{""type"":""MultiPoint"",""coordinates"":[]}"
20150608,2015-06-08,294.14870160827616,"{""type"":""MultiPoint"",""coordinates"":[]}"
20150609,2015-06-09,293.7642980046451,"{""type"":""MultiPoint"",""coordinates"":[]}"
20150610,2015-06-10,294.1146475424603,"{""type"":""MultiPoint"",""coordinates"":[]}"
20150611,2015-06-11,294.57603900315394,"{""type"":""MultiPoint"",""coordinates"":[]}"
20150612,2015-06-12,294.89967601105883,"{""type"":""MultiPoint"",""coordinates"":[]}"
20150613,2015-06-13,294.79760539866714,"{""type"":""MultiPoint"",""coordinates"":[]}"
20150614,2015-06-14,294.69256909300327,"{""type"":""MultiPoint"",""coordinates"":[]}"
20150615,2015-06-15,294.3094290569751,"{""type"":""MultiPoint"",""coordinates"":[]}"
20150616,2015-06-16,294.08365316838535,"{""type"":""MultiPoint"",""coordinates"":[]}"
20150617,2015-06-17,294.0561007492393,"{""type"":""MultiPoint"",""coordinates"":[]}"
20150618,2015-06-18,294.39371965207766,"{""type"":""MultiPoint"",""coordinates"":[]}"
20150619,2015-06-19,294.6768672683845,"{""type"":""MultiPoint"",""coordinates"":[]}"
20150620,2015-06-20,294.7030498776279,"{""type"":""MultiPoint"",""coordinates"":[]}"
20150621,2015-06-21,294.8075877742728,"{""type"":""MultiPoint"",""coordinates"":[]}"
20150622,2015-06-22,294.4846171369834,"{""type"":""MultiPoint"",""coordinates"":[]}"
20150623,2015-06-23,294.6743695589355,"{""type"":""MultiPoint"",""coordinates"":[]}"
20150624,2015-06-24,294.7517555121505,"{""type"":""MultiPoint"",""coordinates"":[]}"
20150625,2015-06-25,294.24623545237694,"{""type"":""MultiPoint"",""coordinates"":[]}"
20150626,2015-06-26,294.0960353635611,"{""type"":""MultiPoint"",""coordinates"":[]}"
20150627,2015-06-27,294.05107335532347,"{""type"":""MultiPoint"",""coordinates"":[]}"
20150628,2015-06-28,293.85966512337393,"{""type"":""MultiPoint"",""coordinates"":[]}"
20150629,2015-06-29,293.42655241043747,"{""type"":""MultiPoint"",""coordinates"":[]}"
20150630,2015-06-30,293.76916364041,"{""type"":""MultiPoint"",""coordinates"":[]}"
20150701,2015-07-01,293.56183164036395,"{""type"":""MultiPoint"",""coordinates"":[]}"
20150702,2015-07-02,293.2596537174174,"{""type"":""MultiPoint"",""coordinates"":[]}"
20150703,2015-07-03,292.8189828997283,"{""type"":""MultiPoint"",""coordinates"":[]}"
20150704,2015-07-04,293.04280824948705,"{""type"":""MultiPoint"",""coordinates"":[]}"
20150705,2015-07-05,293.1240139545404,"{""type"":""MultiPoint"",""coordinates"":[]}"
20150706,2015-07-06,293.2287511884336,"{""type"":""MultiPoint"",""coordinates"":[]}"
20150707,2015-07-07,293.7744040977861,"{""type"":""MultiPoint"",""coordinates"":[]}"
20150708,2015-07-08,293.94807888518835,"{""type"":""MultiPoint"",""coordinates"":[]}"
20150709,2015-07-09,294.073490958599,"{""type"":""MultiPoint"",""coordinates"":[]}"
20150710,2015-07-10,293.7964775752483,"{""type"":""MultiPoint"",""coordinates"":[]}"
20150711,2015-07-11,293.6072616465744,"{""type"":""MultiPoint"",""coordinates"":[]}"
20150712,2015-07-12,293.52184836564356,"{""type"":""MultiPoint"",""coordinates"":[]}"
20150713,2015-07-13,293.5563924399382,"{""type"":""MultiPoint"",""coordinates"":[]}"
20150714,2015-07-14,293.5346061289684,"{""type"":""MultiPoint"",""coordinates"":[]}"
20150715,2015-07-15,292.9329882030343,"{""type"":""MultiPoint"",""coordinates"":[]}"
20150716,2015-07-16,293.5043566526607,"{""type"":""MultiPoint"",""coordinates"":[]}"
20150717,2015-07-17,293.85820068749086,"{""type"":""MultiPoint"",""coordinates"":[]}"
20150718,2015-07-18,293.9510358788424,"{""type"":""MultiPoint"",""coordinates"":[]}"
20150719,2015-07-19,293.74160222021715,"{""type"":""MultiPoint"",""coordinates"":[]}"
20150720,2015-07-20,293.96234554428196,"{""type"":""MultiPoint"",""coordinates"":[]}"
20150721,2015-07-21,293.83022023953697,"{""type"":""MultiPoint"",""coordinates"":[]}"
20150722,2015-07-22,294.07639412479494,"{""type"":""MultiPoint"",""coordinates"":[]}"
20150723,2015-07-23,293.96447103036957,"{""type"":""MultiPoint"",""coordinates"":[]}"
20150724,2015-07-24,294.0792029240108,"{""type"":""MultiPoint"",""coordinates"":[]}"
20150725,2015-07-25,293.4330384358368,"{""type"":""MultiPoint"",""coordinates"":[]}"
20150726,2015-07-26,293.27843924401657,"{""type"":""MultiPoint"",""coordinates"":[]}"
20150727,2015-07-27,293.0407070629649,"{""type"":""MultiPoint"",""coordinates"":[]}"
20150728,2015-07-28,292.8571644981254,"{""type"":""MultiPoint"",""coordinates"":[]}"
20150729,2015-07-29,292.9623647756968,"{""type"":""MultiPoint"",""coordinates"":[]}"
20150730,2015-07-30,292.91207454773274,"{""type"":""MultiPoint"",""coordinates"":[]}"
20150731,2015-07-31,293.1641847720999,"{""type"":""MultiPoint"",""coordinates"":[]}"
20150801,2015-08-01,293.05826020145764,"{""type"":""MultiPoint"",""coordinates"":[]}"
20150802,2015-08-02,293.0743652668187,"{""type"":""MultiPoint"",""coordinates"":[]}"
20150803,2015-08-03,293.1548931946761,"{""type"":""MultiPoint"",""coordinates"":[]}"
20150804,2015-08-04,293.26472837995976,"{""type"":""MultiPoint"",""coordinates"":[]}"
20150805,2015-08-05,293.7563122218822,"{""type"":""MultiPoint"",""coordinates"":[]}"
20150806,2015-08-06,294.08568558926913,"{""type"":""MultiPoint"",""coordinates"":[]}"
20150807,2015-08-07,294.0645391189252,"{""type"":""MultiPoint"",""coordinates"":[]}"
20150808,2015-08-08,293.78542038686425,"{""type"":""MultiPoint"",""coordinates"":[]}"
20150809,2015-08-09,294.2473428134222,"{""type"":""MultiPoint"",""coordinates"":[]}"
20150810,2015-08-10,294.00545979176536,"{""type"":""MultiPoint"",""coordinates"":[]}"
20150811,2015-08-11,293.8235496319443,"{""type"":""MultiPoint"",""coordinates"":[]}"
20150812,2015-08-12,294.320792789348,"{""type"":""MultiPoint"",""coordinates"":[]}"
20150813,2015-08-13,293.71117768144,"{""type"":""MultiPoint"",""coordinates"":[]}"
20150814,2015-08-14,293.9239871735709,"{""type"":""MultiPoint"",""coordinates"":[]}"
20150815,2015-08-15,293.9832551469029,"{""type"":""MultiPoint"",""coordinates"":[]}"
20150816,2015-08-16,293.76578568826534,"{""type"":""MultiPoint"",""coordinates"":[]}"
20150817,2015-08-17,293.9509046874159,"{""type"":""MultiPoint"",""coordinates"":[]}"
20150818,2015-08-18,293.5176885865235,"{""type"":""MultiPoint"",""coordinates"":[]}"
20150819,2015-08-19,293.67291900651054,"{""type"":""MultiPoint"",""coordinates"":[]}"
20150820,2015-08-20,293.5073623742928,"{""type"":""MultiPoint"",""coordinates"":[]}"
20150821,2015-08-21,293.31027544988046,"{""type"":""MultiPoint"",""coordinates"":[]}"
20150822,2015-08-22,293.4898906906259,"{""type"":""MultiPoint"",""coordinates"":[]}"
20150823,2015-08-23,293.3979538291551,"{""type"":""MultiPoint"",""coordinates"":[]}"
20150824,2015-08-24,293.19279975321626,"{""type"":""MultiPoint"",""coordinates"":[]}"
20150825,2015-08-25,293.2783946619916,"{""type"":""MultiPoint"",""coordinates"":[]}"
20150826,2015-08-26,293.50284295966617,"{""type"":""MultiPoint"",""coordinates"":[]}"
20150827,2015-08-27,293.34978942199996,"{""type"":""MultiPoint"",""coordinates"":[]}"
20150828,2015-08-28,293.49200290527324,"{""type"":""MultiPoint"",""coordinates"":[]}"
20150829,2015-08-29,293.72952780908935,"{""type"":""MultiPoint"",""coordinates"":[]}"
20150830,2015-08-30,293.4771161400767,"{""type"":""MultiPoint"",""coordinates"":[]}"
20150831,2015-08-31,293.0891357607256,"{""type"":""MultiPoint"",""coordinates"":[]}"
20150901,2015-09-01,292.51611672784935,"{""type"":""MultiPoint"",""coordinates"":[]}"
20150902,2015-09-02,292.09696690360613,"{""type"":""MultiPoint"",""coordinates"":[]}"
20150903,2015-09-03,291.34825411960554,"{""type"":""MultiPoint"",""coordinates"":[]}"
20150904,2015-09-04,292.3560935271455,"{""type"":""MultiPoint"",""coordinates"":[]}"
20150905,2015-09-05,293.2626336242712,"{""type"":""MultiPoint"",""coordinates"":[]}"
20150906,2015-09-06,292.7853733360823,"{""type"":""MultiPoint"",""coordinates"":[]}"
20150907,2015-09-07,292.5077235486972,"{""type"":""MultiPoint"",""coordinates"":[]}"
20150908,2015-09-08,292.7369433660872,"{""type"":""MultiPoint"",""coordinates"":[]}"
20150909,2015-09-09,294.3793604554523,"{""type"":""MultiPoint"",""coordinates"":[]}"
20150910,2015-09-10,294.5889207007001,"{""type"":""MultiPoint"",""coordinates"":[]}"
20150911,2015-09-11,294.6179178886048,"{""type"":""MultiPoint"",""coordinates"":[]}"
20150912,2015-09-12,294.7074741775395,"{""type"":""MultiPoint"",""coordinates"":[]}"
20150913,2015-09-13,294.7303453764119,"{""type"":""MultiPoint"",""coordinates"":[]}"
20150914,2015-09-14,294.8246948769449,"{""type"":""MultiPoint"",""coordinates"":[]}"
20150915,2015-09-15,294.71999085350996,"{""type"":""MultiPoint"",""coordinates"":[]}"
20150916,2015-09-16,294.48005065414327,"{""type"":""MultiPoint"",""coordinates"":[]}"
20150917,2015-09-17,294.69473724445226,"{""type"":""MultiPoint"",""coordinates"":[]}"
20150918,2015-09-18,294.4199150818863,"{""type"":""MultiPoint"",""coordinates"":[]}"
20150919,2015-09-19,293.81797879599657,"{""type"":""MultiPoint"",""coordinates"":[]}"
20150920,2015-09-20,293.5812928143544,"{""type"":""MultiPoint"",""coordinates"":[]}"
20150921,2015-09-21,293.3773867811107,"{""type"":""MultiPoint"",""coordinates"":[]}"
20150922,2015-09-22,293.52001700467486,"{""type"":""MultiPoint"",""coordinates"":[]}"
20150923,2015-09-23,293.7220440906966,"{""type"":""MultiPoint"",""coordinates"":[]}"
20150924,2015-09-24,293.6514615271765,"{""type"":""MultiPoint"",""coordinates"":[]}"
20150925,2015-09-25,292.86029222686307,"{""type"":""MultiPoint"",""coordinates"":[]}"
20150926,2015-09-26,290.8771282411792,"{""type"":""MultiPoint"",""coordinates"":[]}"
20150927,2015-09-27,291.57470231265773,"{""type"":""MultiPoint"",""coordinates"":[]}"
20150928,2015-09-28,291.6033732116815,"{""type"":""MultiPoint"",""coordinates"":[]}"
20150929,2015-09-29,291.7440877545263,"{""type"":""MultiPoint"",""coordinates"":[]}"
20150930,2015-09-30,291.72980749512715,"{""type"":""MultiPoint"",""coordinates"":[]}"
20151001,2015-10-01,294.23327267677354,"{""type"":""MultiPoint"",""coordinates"":[]}"
20151002,2015-10-02,294.92331670696666,"{""type"":""MultiPoint"",""coordinates"":[]}"
20151003,2015-10-03,295.21447194877123,"{""type"":""MultiPoint"",""coordinates"":[]}"
20151004,2015-10-04,295.28264488281957,"{""type"":""MultiPoint"",""coordinates"":[]}"
20151005,2015-10-05,294.58961672049185,"{""type"":""MultiPoint"",""coordinates"":[]}"
20151006,2015-10-06,290.98392767352874,"{""type"":""MultiPoint"",""coordinates"":[]}"
20151007,2015-10-07,290.719810018163,"{""type"":""MultiPoint"",""coordinates"":[]}"
20151008,2015-10-08,291.69553068316054,"{""type"":""MultiPoint"",""coordinates"":[]}"
20151009,2015-10-09,293.675367880024,"{""type"":""MultiPoint"",""coordinates"":[]}"
20151010,2015-10-10,294.0869127665883,"{""type"":""MultiPoint"",""coordinates"":[]}"
20151011,2015-10-11,294.55139540966434,"{""type"":""MultiPoint"",""coordinates"":[]}"
20151012,2015-10-12,294.33379719745295,"{""type"":""MultiPoint"",""coordinates"":[]}"
20151013,2015-10-13,293.5797146404385,"{""type"":""MultiPoint"",""coordinates"":[]}"
20151014,2015-10-14,291.3919654575019,"{""type"":""MultiPoint"",""coordinates"":[]}"
20151015,2015-10-15,289.6416442671021,"{""type"":""MultiPoint"",""coordinates"":[]}"
20151016,2015-10-16,289.4828440932112,"{""type"":""MultiPoint"",""coordinates"":[]}"
20151017,2015-10-17,291.92681847516127,"{""type"":""MultiPoint"",""coordinates"":[]}"
20151018,2015-10-18,292.3477449328756,"{""type"":""MultiPoint"",""coordinates"":[]}"
20151019,2015-10-19,290.7666677907092,"{""type"":""MultiPoint"",""coordinates"":[]}"
20151020,2015-10-20,289.767612090355,"{""type"":""MultiPoint"",""coordinates"":[]}"
20151021,2015-10-21,289.6772507387846,"{""type"":""MultiPoint"",""coordinates"":[]}"
20151022,2015-10-22,289.4117836122004,"{""type"":""MultiPoint"",""coordinates"":[]}"
20151023,2015-10-23,289.78969753770116,"{""type"":""MultiPoint"",""coordinates"":[]}"
20151024,2015-10-24,290.0986073609153,"{""type"":""MultiPoint"",""coordinates"":[]}"
20151025,2015-10-25,290.12218027315396,"{""type"":""MultiPoint"",""coordinates"":[]}"
20151026,2015-10-26,290.375053146507,"{""type"":""MultiPoint"",""coordinates"":[]}"
20151027,2015-10-27,289.87190515248517,"{""type"":""MultiPoint"",""coordinates"":[]}"
20151028,2015-10-28,288.7993631768095,"{""type"":""MultiPoint"",""coordinates"":[]}"
20151029,2015-10-29,289.0007699716473,"{""type"":""MultiPoint"",""coordinates"":[]}"
20151030,2015-10-30,289.0001873414807,"{""type"":""MultiPoint"",""coordinates"":[]}"
20151031,2015-10-31,289.27171983265515,"{""type"":""MultiPoint"",""coordinates"":[]}"
20151101,2015-11-01,288.5616609880059,"{""type"":""MultiPoint"",""coordinates"":[]}"
20151102,2015-11-02,287.55014596845507,"{""type"":""MultiPoint"",""coordinates"":[]}"
20151103,2015-11-03,287.58576782418106,"{""type"":""MultiPoint"",""coordinates"":[]}"
20151104,2015-11-04,288.7098791877579,"{""type"":""MultiPoint"",""coordinates"":[]}"
20151105,2015-11-05,289.33567628288216,"{""type"":""MultiPoint"",""coordinates"":[]}"
20151106,2015-11-06,288.09176575842355,"{""type"":""MultiPoint"",""coordinates"":[]}"
20151107,2015-11-07,287.37609237128663,"{""type"":""MultiPoint"",""coordinates"":[]}"
20151108,2015-11-08,286.21296911588365,"{""type"":""MultiPoint"",""coordinates"":[]}"
20151109,2015-11-09,285.1675524933383,"{""type"":""MultiPoint"",""coordinates"":[]}"
20151110,2015-11-10,285.021627241381,"{""type"":""MultiPoint"",""coordinates"":[]}"
20151111,2015-11-11,285.2512334694014,"{""type"":""MultiPoint"",""coordinates"":[]}"
20151112,2015-11-12,284.6897017477676,"{""type"":""MultiPoint"",""coordinates"":[]}"
20151113,2015-11-13,284.4481066438307,"{""type"":""MultiPoint"",""coordinates"":[]}"
20151114,2015-11-14,285.13103793464404,"{""type"":""MultiPoint"",""coordinates"":[]}"
20151115,2015-11-15,284.48711945284896,"{""type"":""MultiPoint"",""coordinates"":[]}"
20151116,2015-11-16,285.7494861421616,"{""type"":""MultiPoint"",""coordinates"":[]}"
20151117,2015-11-17,284.3530999815737,"{""type"":""MultiPoint"",""coordinates"":[]}"
20151118,2015-11-18,281.8375645889659,"{""type"":""MultiPoint"",""coordinates"":[]}"
20151119,2015-11-19,281.5942669583871,"{""type"":""MultiPoint"",""coordinates"":[]}"
20151120,2015-11-20,287.3259636680137,"{""type"":""MultiPoint"",""coordinates"":[]}"
20151121,2015-11-21,292.5094343170878,"{""type"":""MultiPoint"",""coordinates"":[]}"
20151122,2015-11-22,293.64285103996355,"{""type"":""MultiPoint"",""coordinates"":[]}"
20151123,2015-11-23,293.4727243256048,"{""type"":""MultiPoint"",""coordinates"":[]}"
20151124,2015-11-24,293.3992167945018,"{""type"":""MultiPoint"",""coordinates"":[]}"
20151125,2015-11-25,292.3048257863771,"{""type"":""MultiPoint"",""coordinates"":[]}"
20151126,2015-11-26,290.0823548771398,"{""type"":""MultiPoint"",""coordinates"":[]}"
20151127,2015-11-27,290.2471818592111,"{""type"":""MultiPoint"",""coordinates"":[]}"
20151128,2015-11-28,290.34857651746887,"{""type"":""MultiPoint"",""coordinates"":[]}"
20151129,2015-11-29,288.20381683649157,"{""type"":""MultiPoint"",""coordinates"":[]}"
20151130,2015-11-30,288.1000084163875,"{""type"":""MultiPoint"",""coordinates"":[]}"
20151201,2015-12-01,289.95195981148436,"{""type"":""MultiPoint"",""coordinates"":[]}"
20151202,2015-12-02,289.63053762659393,"{""type"":""MultiPoint"",""coordinates"":[]}"
20151203,2015-12-03,289.4280268557717,"{""type"":""MultiPoint"",""coordinates"":[]}"
20151204,2015-12-04,286.8113304049362,"{""type"":""MultiPoint"",""coordinates"":[]}"
20151205,2015-12-05,286.686412983121,"{""type"":""MultiPoint"",""coordinates"":[]}"
20151206,2015-12-06,284.99367149442236,"{""type"":""MultiPoint"",""coordinates"":[]}"
20151207,2015-12-07,285.0376383813909,"{""type"":""MultiPoint"",""coordinates"":[]}"
20151208,2015-12-08,284.9139170378692,"{""type"":""MultiPoint"",""coordinates"":[]}"
20151209,2015-12-09,284.07527337603125,"{""type"":""MultiPoint"",""coordinates"":[]}"
20151210,2015-12-10,288.86317652531113,"{""type"":""MultiPoint"",""coordinates"":[]}"
20151211,2015-12-11,288.5112707000435,"{""type"":""MultiPoint"",""coordinates"":[]}"
20151212,2015-12-12,287.8260747104082,"{""type"":""MultiPoint"",""coordinates"":[]}"
20151213,2015-12-13,286.44395987190785,"{""type"":""MultiPoint"",""coordinates"":[]}"
20151214,2015-12-14,287.0694532309459,"{""type"":""MultiPoint"",""coordinates"":[]}"
20151215,2015-12-15,288.9994348040564,"{""type"":""MultiPoint"",""coordinates"":[]}"
20151216,2015-12-16,288.92569024759683,"{""type"":""MultiPoint"",""coordinates"":[]}"
20151217,2015-12-17,284.9140691706984,"{""type"":""MultiPoint"",""coordinates"":[]}"
20151218,2015-12-18,284.2129788593482,"{""type"":""MultiPoint"",""coordinates"":[]}"
20151219,2015-12-19,287.8389414849743,"{""type"":""MultiPoint"",""coordinates"":[]}"
20151220,2015-12-20,288.4458640004918,"{""type"":""MultiPoint"",""coordinates"":[]}"
20151221,2015-12-21,286.0727036460431,"{""type"":""MultiPoint"",""coordinates"":[]}"
20151222,2015-12-22,281.2871161076394,"{""type"":""MultiPoint"",""coordinates"":[]}"
20151223,2015-12-23,282.0148190275735,"{""type"":""MultiPoint"",""coordinates"":[]}"
20151224,2015-12-24,280.62649751432025,"{""type"":""MultiPoint"",""coordinates"":[]}"
20151225,2015-12-25,277.8769570910101,"{""type"":""MultiPoint"",""coordinates"":[]}"
20151226,2015-12-26,276.2847697420087,"{""type"":""MultiPoint"",""coordinates"":[]}"
20151227,2015-12-27,277.0584016482568,"{""type"":""MultiPoint"",""coordinates"":[]}"
20151228,2015-12-28,278.72280720894105,"{""type"":""MultiPoint"",""coordinates"":[]}"
20151229,2015-12-29,279.04406917472465,"{""type"":""MultiPoint"",""coordinates"":[]}"
20151230,2015-12-30,279.77107284705664,"{""type"":""MultiPoint"",""coordinates"":[]}"
20151231,2015-12-31,280.77600874512916,"{""type"":""MultiPoint"",""coordinates"":[]}"
20160101,2016-01-01,280.6767541528135,"{""type"":""MultiPoint"",""coordinates"":[]}"
20160102,2016-01-02,280.97982254941775,"{""type"":""MultiPoint"",""coordinates"":[]}"
20160103,2016-01-03,279.1332692788275,"{""type"":""MultiPoint"",""coordinates"":[]}"
20160104,2016-01-04,281.0575996482032,"{""type"":""MultiPoint"",""coordinates"":[]}"
20160105,2016-01-05,283.1589028918243,"{""type"":""MultiPoint"",""coordinates"":[]}"
20160106,2016-01-06,282.36744675858546,"{""type"":""MultiPoint"",""coordinates"":[]}"
20160107,2016-01-07,283.2009699043582,"{""type"":""MultiPoint"",""coordinates"":[]}"
20160108,2016-01-08,283.1799041685347,"{""type"":""MultiPoint"",""coordinates"":[]}"
20160109,2016-01-09,282.31527161358395,"{""type"":""MultiPoint"",""coordinates"":[]}"
20160110,2016-01-10,281.7269319213831,"{""type"":""MultiPoint"",""coordinates"":[]}"
20160111,2016-01-11,281.3981286108319,"{""type"":""MultiPoint"",""coordinates"":[]}"
20160112,2016-01-12,283.343330457597,"{""type"":""MultiPoint"",""coordinates"":[]}"
20160113,2016-01-13,284.26180834762175,"{""type"":""MultiPoint"",""coordinates"":[]}"
20160114,2016-01-14,284.8740661848452,"{""type"":""MultiPoint"",""coordinates"":[]}"
20160115,2016-01-15,286.12923899573184,"{""type"":""MultiPoint"",""coordinates"":[]}"
20160116,2016-01-16,286.48258968941053,"{""type"":""MultiPoint"",""coordinates"":[]}"
20160117,2016-01-17,283.2086334446109,"{""type"":""MultiPoint"",""coordinates"":[]}"
20160118,2016-01-18,282.0373079785787,"{""type"":""MultiPoint"",""coordinates"":[]}"
20160119,2016-01-19,279.99577105009234,"{""type"":""MultiPoint"",""coordinates"":[]}"
20160120,2016-01-20,278.089909028371,"{""type"":""MultiPoint"",""coordinates"":[]}"
20160121,2016-01-21,279.78134614100367,"{""type"":""MultiPoint"",""coordinates"":[]}"
20160122,2016-01-22,279.9637666962406,"{""type"":""MultiPoint"",""coordinates"":[]}"
20160123,2016-01-23,281.5920536972091,"{""type"":""MultiPoint"",""coordinates"":[]}"
20160124,2016-01-24,283.22140895444653,"{""type"":""MultiPoint"",""coordinates"":[]}"
20160125,2016-01-25,281.34008804166575,"{""type"":""MultiPoint"",""coordinates"":[]}"
20160126,2016-01-26,282.01198832833944,"{""type"":""MultiPoint"",""coordinates"":[]}"
20160127,2016-01-27,280.5247613931228,"{""type"":""MultiPoint"",""coordinates"":[]}"
20160128,2016-01-28,279.5466161236301,"{""type"":""MultiPoint"",""coordinates"":[]}"
20160129,2016-01-29,281.6627978709262,"{""type"":""MultiPoint"",""coordinates"":[]}"
20160130,2016-01-30,282.1567068621454,"{""type"":""MultiPoint"",""coordinates"":[]}"
20160131,2016-01-31,282.9993775444312,"{""type"":""MultiPoint"",""coordinates"":[]}"
20160201,2016-02-01,283.096870233964,"{""type"":""MultiPoint"",""coordinates"":[]}"
20160202,2016-02-02,280.1060864248637,"{""type"":""MultiPoint"",""coordinates"":[]}"
20160203,2016-02-03,278.2955323099749,"{""type"":""MultiPoint"",""coordinates"":[]}"
20160204,2016-02-04,279.15472628638287,"{""type"":""MultiPoint"",""coordinates"":[]}"
20160205,2016-02-05,283.07697327455753,"{""type"":""MultiPoint"",""coordinates"":[]}"
20160206,2016-02-06,283.6285382079734,"{""type"":""MultiPoint"",""coordinates"":[]}"
20160207,2016-02-07,283.89996004330595,"{""type"":""MultiPoint"",""coordinates"":[]}"
20160208,2016-02-08,283.73891134766757,"{""type"":""MultiPoint"",""coordinates"":[]}"
20160209,2016-02-09,286.28150868410836,"{""type"":""MultiPoint"",""coordinates"":[]}"
20160210,2016-02-10,286.7145092873238,"{""type"":""MultiPoint"",""coordinates"":[]}"
20160211,2016-02-11,286.46773338135097,"{""type"":""MultiPoint"",""coordinates"":[]}"
20160212,2016-02-12,285.15001445728007,"{""type"":""MultiPoint"",""coordinates"":[]}"
20160213,2016-02-13,283.2562802065991,"{""type"":""MultiPoint"",""coordinates"":[]}"
20160214,2016-02-14,283.6671932398548,"{""type"":""MultiPoint"",""coordinates"":[]}"
20160215,2016-02-15,284.5161485558781,"{""type"":""MultiPoint"",""coordinates"":[]}"
20160216,2016-02-16,285.3267529452749,"{""type"":""MultiPoint"",""coordinates"":[]}"
20160217,2016-02-17,285.389051868181,"{""type"":""MultiPoint"",""coordinates"":[]}"
20160218,2016-02-18,284.74168312514934,"{""type"":""MultiPoint"",""coordinates"":[]}"
20160219,2016-02-19,288.59195193752174,"{""type"":""MultiPoint"",""coordinates"":[]}"
20160220,2016-02-20,288.7260333063137,"{""type"":""MultiPoint"",""coordinates"":[]}"
20160221,2016-02-21,288.39728701409956,"{""type"":""MultiPoint"",""coordinates"":[]}"
20160222,2016-02-22,282.3392556829814,"{""type"":""MultiPoint"",""coordinates"":[]}"
20160223,2016-02-23,283.93224233592133,"{""type"":""MultiPoint"",""coordinates"":[]}"
20160224,2016-02-24,283.7387062609182,"{""type"":""MultiPoint"",""coordinates"":[]}"
20160225,2016-02-25,282.4104222451539,"{""type"":""MultiPoint"",""coordinates"":[]}"
20160226,2016-02-26,283.81735941451825,"{""type"":""MultiPoint"",""coordinates"":[]}"
20160227,2016-02-27,286.7329044189031,"{""type"":""MultiPoint"",""coordinates"":[]}"
20160228,2016-02-28,288.9316213995061,"{""type"":""MultiPoint"",""coordinates"":[]}"
20160229,2016-02-29,289.4726006481235,"{""type"":""MultiPoint"",""coordinates"":[]}"
20160301,2016-03-01,290.1435737390206,"{""type"":""MultiPoint"",""coordinates"":[]}"
20160302,2016-03-02,290.82603348572525,"{""type"":""MultiPoint"",""coordinates"":[]}"
20160303,2016-03-03,289.55935283228166,"{""type"":""MultiPoint"",""coordinates"":[]}"
20160304,2016-03-04,289.3949659749366,"{""type"":""MultiPoint"",""coordinates"":[]}"
20160305,2016-03-05,287.7953013431913,"{""type"":""MultiPoint"",""coordinates"":[]}"
20160306,2016-03-06,284.6197355436766,"{""type"":""MultiPoint"",""coordinates"":[]}"
20160307,2016-03-07,283.08503432257646,"{""type"":""MultiPoint"",""coordinates"":[]}"
20160308,2016-03-08,283.7028293762921,"{""type"":""MultiPoint"",""coordinates"":[]}"
20160309,2016-03-09,282.87378292170234,"{""type"":""MultiPoint"",""coordinates"":[]}"
20160310,2016-03-10,283.9607007846238,"{""type"":""MultiPoint"",""coordinates"":[]}"
20160311,2016-03-11,285.9451143406393,"{""type"":""MultiPoint"",""coordinates"":[]}"
20160312,2016-03-12,285.6582746013738,"{""type"":""MultiPoint"",""coordinates"":[]}"
20160313,2016-03-13,284.7390392984061,"{""type"":""MultiPoint"",""coordinates"":[]}"
20160314,2016-03-14,284.54883289320753,"{""type"":""MultiPoint"",""coordinates"":[]}"
20160315,2016-03-15,286.2678340018248,"{""type"":""MultiPoint"",""coordinates"":[]}"
20160316,2016-03-16,286.6622986671614,"{""type"":""MultiPoint"",""coordinates"":[]}"
20160317,2016-03-17,287.02431798660865,"{""type"":""MultiPoint"",""coordinates"":[]}"
20160318,2016-03-18,286.9721507831997,"{""type"":""MultiPoint"",""coordinates"":[]}"
20160319,2016-03-19,284.15984667519655,"{""type"":""MultiPoint"",""coordinates"":[]}"
20160320,2016-03-20,283.4830590805414,"{""type"":""MultiPoint"",""coordinates"":[]}"
20160321,2016-03-21,281.7375715805285,"{""type"":""MultiPoint"",""coordinates"":[]}"
20160322,2016-03-22,279.75104102128375,"{""type"":""MultiPoint"",""coordinates"":[]}"
20160323,2016-03-23,279.9315023352166,"{""type"":""MultiPoint"",""coordinates"":[]}"
20160324,2016-03-24,285.98883462512475,"{""type"":""MultiPoint"",""coordinates"":[]}"
20160325,2016-03-25,289.3468969067984,"{""type"":""MultiPoint"",""coordinates"":[]}"
20160326,2016-03-26,289.1337985367562,"{""type"":""MultiPoint"",""coordinates"":[]}"
20160327,2016-03-27,286.1503493084367,"{""type"":""MultiPoint"",""coordinates"":[]}"
20160328,2016-03-28,283.5069517125179,"{""type"":""MultiPoint"",""coordinates"":[]}"
20160329,2016-03-29,282.45340660123134,"{""type"":""MultiPoint"",""coordinates"":[]}"
20160330,2016-03-30,284.5969906380951,"{""type"":""MultiPoint"",""coordinates"":[]}"
20160331,2016-03-31,283.76048428187806,"{""type"":""MultiPoint"",""coordinates"":[]}"
20160401,2016-04-01,284.45590863609624,"{""type"":""MultiPoint"",""coordinates"":[]}"
20160402,2016-04-02,287.36208751110547,"{""type"":""MultiPoint"",""coordinates"":[]}"
20160403,2016-04-03,289.17891364199056,"{""type"":""MultiPoint"",""coordinates"":[]}"
20160404,2016-04-04,289.17001938921516,"{""type"":""MultiPoint"",""coordinates"":[]}"
20160405,2016-04-05,290.92740889997697,"{""type"":""MultiPoint"",""coordinates"":[]}"
20160406,2016-04-06,290.10695074887263,"{""type"":""MultiPoint"",""coordinates"":[]}"
20160407,2016-04-07,286.91042588008287,"{""type"":""MultiPoint"",""coordinates"":[]}"
20160408,2016-04-08,284.1187205990082,"{""type"":""MultiPoint"",""coordinates"":[]}"
20160409,2016-04-09,284.4813634154534,"{""type"":""MultiPoint"",""coordinates"":[]}"
20160410,2016-04-10,285.3269921481609,"{""type"":""MultiPoint"",""coordinates"":[]}"
20160411,2016-04-11,286.09339901289974,"{""type"":""MultiPoint"",""coordinates"":[]}"
20160412,2016-04-12,285.88421240425544,"{""type"":""MultiPoint"",""coordinates"":[]}"
20160413,2016-04-13,286.4965434443045,"{""type"":""MultiPoint"",""coordinates"":[]}"
20160414,2016-04-14,287.44801831585806,"{""type"":""MultiPoint"",""coordinates"":[]}"
20160415,2016-04-15,285.11890583544033,"{""type"":""MultiPoint"",""coordinates"":[]}"
20160416,2016-04-16,285.97860715076,"{""type"":""MultiPoint"",""coordinates"":[]}"
20160417,2016-04-17,284.98938169727404,"{""type"":""MultiPoint"",""coordinates"":[]}"
20160418,2016-04-18,288.6147053065844,"{""type"":""MultiPoint"",""coordinates"":[]}"
20160419,2016-04-19,290.19585377095984,"{""type"":""MultiPoint"",""coordinates"":[]}"
20160420,2016-04-20,290.13453614157197,"{""type"":""MultiPoint"",""coordinates"":[]}"
20160421,2016-04-21,288.5785636975872,"{""type"":""MultiPoint"",""coordinates"":[]}"
20160422,2016-04-22,286.4579849490572,"{""type"":""MultiPoint"",""coordinates"":[]}"
20160423,2016-04-23,288.0199783744602,"{""type"":""MultiPoint"",""coordinates"":[]}"
20160424,2016-04-24,287.6950497564725,"{""type"":""MultiPoint"",""coordinates"":[]}"
20160425,2016-04-25,287.1237833662004,"{""type"":""MultiPoint"",""coordinates"":[]}"
20160426,2016-04-26,286.0912113007062,"{""type"":""MultiPoint"",""coordinates"":[]}"
20160427,2016-04-27,284.0780963119139,"{""type"":""MultiPoint"",""coordinates"":[]}"
20160428,2016-04-28,286.4088001324466,"{""type"":""MultiPoint"",""coordinates"":[]}"
20160429,2016-04-29,287.89332275999726,"{""type"":""MultiPoint"",""coordinates"":[]}"
20160430,2016-04-30,287.47970941356454,"{""type"":""MultiPoint"",""coordinates"":[]}"
20160501,2016-05-01,287.114241841946,"{""type"":""MultiPoint"",""coordinates"":[]}"
20160502,2016-05-02,288.02261847738396,"{""type"":""MultiPoint"",""coordinates"":[]}"
20160503,2016-05-03,286.81835539430665,"{""type"":""MultiPoint"",""coordinates"":[]}"
20160504,2016-05-04,286.8985841354858,"{""type"":""MultiPoint"",""coordinates"":[]}"
20160505,2016-05-05,289.34695194389354,"{""type"":""MultiPoint"",""coordinates"":[]}"
20160506,2016-05-06,289.3147465400407,"{""type"":""MultiPoint"",""coordinates"":[]}"
20160507,2016-05-07,289.74020507647265,"{""type"":""MultiPoint"",""coordinates"":[]}"
20160508,2016-05-08,291.4642050133526,"{""type"":""MultiPoint"",""coordinates"":[]}"
20160509,2016-05-09,291.80575800753184,"{""type"":""MultiPoint"",""coordinates"":[]}"
20160510,2016-05-10,291.36298167529696,"{""type"":""MultiPoint"",""coordinates"":[]}"
20160511,2016-05-11,292.4705327982492,"{""type"":""MultiPoint"",""coordinates"":[]}"
20160512,2016-05-12,292.7701337580868,"{""type"":""MultiPoint"",""coordinates"":[]}"
20160513,2016-05-13,293.3935145426648,"{""type"":""MultiPoint"",""coordinates"":[]}"
20160514,2016-05-14,292.6804438167856,"{""type"":""MultiPoint"",""coordinates"":[]}"
20160515,2016-05-15,292.47991743395124,"{""type"":""MultiPoint"",""coordinates"":[]}"
20160516,2016-05-16,290.80658797689824,"{""type"":""MultiPoint"",""coordinates"":[]}"
20160517,2016-05-17,290.92028367097316,"{""type"":""MultiPoint"",""coordinates"":[]}"
20160518,2016-05-18,293.3026276778358,"{""type"":""MultiPoint"",""coordinates"":[]}"
20160519,2016-05-19,293.8314562581763,"{""type"":""MultiPoint"",""coordinates"":[]}"
20160520,2016-05-20,293.58502287954894,"{""type"":""MultiPoint"",""coordinates"":[]}"
20160521,2016-05-21,293.00334777175397,"{""type"":""MultiPoint"",""coordinates"":[]}"
20160522,2016-05-22,292.8227722569703,"{""type"":""MultiPoint"",""coordinates"":[]}"
20160523,2016-05-23,293.46205289803487,"{""type"":""MultiPoint"",""coordinates"":[]}"
20160524,2016-05-24,293.2862173614686,"{""type"":""MultiPoint"",""coordinates"":[]}"
20160525,2016-05-25,293.67001023020487,"{""type"":""MultiPoint"",""coordinates"":[]}"
20160526,2016-05-26,293.7957742112802,"{""type"":""MultiPoint"",""coordinates"":[]}"
20160527,2016-05-27,293.8913501702576,"{""type"":""MultiPoint"",""coordinates"":[]}"
20160528,2016-05-28,293.73452234156946,"{""type"":""MultiPoint"",""coordinates"":[]}"
20160529,2016-05-29,293.2782284687327,"{""type"":""MultiPoint"",""coordinates"":[]}"
20160530,2016-05-30,292.62123096610344,"{""type"":""MultiPoint"",""coordinates"":[]}"
20160531,2016-05-31,292.9235741359075,"{""type"":""MultiPoint"",""coordinates"":[]}"
20160601,2016-06-01,293.2088548737178,"{""type"":""MultiPoint"",""coordinates"":[]}"
20160602,2016-06-02,293.2846481472068,"{""type"":""MultiPoint"",""coordinates"":[]}"
20160603,2016-06-03,293.7510777088926,"{""type"":""MultiPoint"",""coordinates"":[]}"
20160604,2016-06-04,294.69464953351087,"{""type"":""MultiPoint"",""coordinates"":[]}"
20160605,2016-06-05,294.407294827089,"{""type"":""MultiPoint"",""coordinates"":[]}"
20160606,2016-06-06,294.85546090257657,"{""type"":""MultiPoint"",""coordinates"":[]}"
20160607,2016-06-07,294.6644574645218,"{""type"":""MultiPoint"",""coordinates"":[]}"
20160608,2016-06-08,294.5423093901632,"{""type"":""MultiPoint"",""coordinates"":[]}"
20160609,2016-06-09,293.9447915965809,"{""type"":""MultiPoint"",""coordinates"":[]}"
20160610,2016-06-10,294.44184592517973,"{""type"":""MultiPoint"",""coordinates"":[]}"
20160611,2016-06-11,294.7716619449006,"{""type"":""MultiPoint"",""coordinates"":[]}"
20160612,2016-06-12,294.7831058520711,"{""type"":""MultiPoint"",""coordinates"":[]}"
20160613,2016-06-13,293.9328710606386,"{""type"":""MultiPoint"",""coordinates"":[]}"
20160614,2016-06-14,293.8329415886127,"{""type"":""MultiPoint"",""coordinates"":[]}"
20160615,2016-06-15,293.850853267848,"{""type"":""MultiPoint"",""coordinates"":[]}"
20160616,2016-06-16,293.3295372745038,"{""type"":""MultiPoint"",""coordinates"":[]}"
20160617,2016-06-17,293.03815695827797,"{""type"":""MultiPoint"",""coordinates"":[]}"
20160618,2016-06-18,293.96291422265614,"{""type"":""MultiPoint"",""coordinates"":[]}"
20160619,2016-06-19,294.3541848012723,"{""type"":""MultiPoint"",""coordinates"":[]}"
20160620,2016-06-20,294.2201953302509,"{""type"":""MultiPoint"",""coordinates"":[]}"
20160621,2016-06-21,294.66791506943565,"{""type"":""MultiPoint"",""coordinates"":[]}"
20160622,2016-06-22,294.4082910263239,"{""type"":""MultiPoint"",""coordinates"":[]}"
20160623,2016-06-23,294.67714691427835,"{""type"":""MultiPoint"",""coordinates"":[]}"
20160624,2016-06-24,294.61344645275307,"{""type"":""MultiPoint"",""coordinates"":[]}"
20160625,2016-06-25,294.6000532555747,"{""type"":""MultiPoint"",""coordinates"":[]}"
20160626,2016-06-26,294.4377756838273,"{""type"":""MultiPoint"",""coordinates"":[]}"
20160627,2016-06-27,294.70012369104285,"{""type"":""MultiPoint"",""coordinates"":[]}"
20160628,2016-06-28,295.0030137111133,"{""type"":""MultiPoint"",""coordinates"":[]}"
20160629,2016-06-29,294.60383941009553,"{""type"":""MultiPoint"",""coordinates"":[]}"
20160630,2016-06-30,294.76990142461506,"{""type"":""MultiPoint"",""coordinates"":[]}"
20160701,2016-07-01,294.7494522642251,"{""type"":""MultiPoint"",""coordinates"":[]}"
20160702,2016-07-02,294.8264080141363,"{""type"":""MultiPoint"",""coordinates"":[]}"
20160703,2016-07-03,294.86708749803364,"{""type"":""MultiPoint"",""coordinates"":[]}"
20160704,2016-07-04,294.8787635478329,"{""type"":""MultiPoint"",""coordinates"":[]}"
20160705,2016-07-05,294.47518329420586,"{""type"":""MultiPoint"",""coordinates"":[]}"
20160706,2016-07-06,294.15433981382154,"{""type"":""MultiPoint"",""coordinates"":[]}"
20160707,2016-07-07,293.87185786361187,"{""type"":""MultiPoint"",""coordinates"":[]}"
20160708,2016-07-08,293.996387449726,"{""type"":""MultiPoint"",""coordinates"":[]}"
20160709,2016-07-09,294.3503127263448,"{""type"":""MultiPoint"",""coordinates"":[]}"
20160710,2016-07-10,294.36042903450647,"{""type"":""MultiPoint"",""coordinates"":[]}"
20160711,2016-07-11,294.5690528378837,"{""type"":""MultiPoint"",""coordinates"":[]}"
20160712,2016-07-12,294.02966501166634,"{""type"":""MultiPoint"",""coordinates"":[]}"
20160713,2016-07-13,293.9772788616732,"{""type"":""MultiPoint"",""coordinates"":[]}"
20160714,2016-07-14,293.92391465649854,"{""type"":""MultiPoint"",""coordinates"":[]}"
20160715,2016-07-15,293.8774251911175,"{""type"":""MultiPoint"",""coordinates"":[]}"
20160716,2016-07-16,293.8615527041283,"{""type"":""MultiPoint"",""coordinates"":[]}"
20160717,2016-07-17,294.0472306146625,"{""type"":""MultiPoint"",""coordinates"":[]}"
20160718,2016-07-18,293.83257070304785,"{""type"":""MultiPoint"",""coordinates"":[]}"
20160719,2016-07-19,293.8988604143718,"{""type"":""MultiPoint"",""coordinates"":[]}"
20160720,2016-07-20,294.1175330393263,"{""type"":""MultiPoint"",""coordinates"":[]}"
20160721,2016-07-21,293.8300247193088,"{""type"":""MultiPoint"",""coordinates"":[]}"
20160722,2016-07-22,294.014245465082,"{""type"":""MultiPoint"",""coordinates"":[]}"
20160723,2016-07-23,294.04418571520426,"{""type"":""MultiPoint"",""coordinates"":[]}"
20160724,2016-07-24,294.22206407450835,"{""type"":""MultiPoint"",""coordinates"":[]}"
20160725,2016-07-25,294.3023062032424,"{""type"":""MultiPoint"",""coordinates"":[]}"
20160726,2016-07-26,293.90463842128105,"{""type"":""MultiPoint"",""coordinates"":[]}"
20160727,2016-07-27,294.2917364775832,"{""type"":""MultiPoint"",""coordinates"":[]}"
20160728,2016-07-28,294.3402073967022,"{""type"":""MultiPoint"",""coordinates"":[]}"
20160729,2016-07-29,294.0049501664809,"{""type"":""MultiPoint"",""coordinates"":[]}"
20160730,2016-07-30,294.14465519720795,"{""type"":""MultiPoint"",""coordinates"":[]}"
20160731,2016-07-31,294.1607662867672,"{""type"":""MultiPoint"",""coordinates"":[]}"
20160801,2016-08-01,293.92579898885026,"{""type"":""MultiPoint"",""coordinates"":[]}"
20160802,2016-08-02,293.85904085741583,"{""type"":""MultiPoint"",""coordinates"":[]}"
20160803,2016-08-03,293.9065119594804,"{""type"":""MultiPoint"",""coordinates"":[]}"
20160804,2016-08-04,293.77802752739217,"{""type"":""MultiPoint"",""coordinates"":[]}"
20160805,2016-08-05,294.1193886013129,"{""type"":""MultiPoint"",""coordinates"":[]}"
20160806,2016-08-06,293.8702327747477,"{""type"":""MultiPoint"",""coordinates"":[]}"
20160807,2016-08-07,293.6396221973298,"{""type"":""MultiPoint"",""coordinates"":[]}"
20160808,2016-08-08,293.7533442195998,"{""type"":""MultiPoint"",""coordinates"":[]}"
20160809,2016-08-09,293.6290180888042,"{""type"":""MultiPoint"",""coordinates"":[]}"
20160810,2016-08-10,293.546510467,"{""type"":""MultiPoint"",""coordinates"":[]}"
20160811,2016-08-11,293.8719605166982,"{""type"":""MultiPoint"",""coordinates"":[]}"
20160812,2016-08-12,293.9455755790611,"{""type"":""MultiPoint"",""coordinates"":[]}"
20160813,2016-08-13,293.6529563185937,"{""type"":""MultiPoint"",""coordinates"":[]}"
20160814,2016-08-14,293.3313344429891,"{""type"":""MultiPoint"",""coordinates"":[]}"
20160815,2016-08-15,293.3854171750792,"{""type"":""MultiPoint"",""coordinates"":[]}"
20160816,2016-08-16,293.3009771002353,"{""type"":""MultiPoint"",""coordinates"":[]}"
20160817,2016-08-17,293.34981600896054,"{""type"":""MultiPoint"",""coordinates"":[]}"
20160818,2016-08-18,293.2285439977384,"{""type"":""MultiPoint"",""coordinates"":[]}"
20160819,2016-08-19,293.1516601320201,"{""type"":""MultiPoint"",""coordinates"":[]}"
20160820,2016-08-20,293.2300324115616,"{""type"":""MultiPoint"",""coordinates"":[]}"
20160821,2016-08-21,293.6604797159553,"{""type"":""MultiPoint"",""coordinates"":[]}"
20160822,2016-08-22,293.7352042657174,"{""type"":""MultiPoint"",""coordinates"":[]}"
20160823,2016-08-23,294.0665752449138,"{""type"":""MultiPoint"",""coordinates"":[]}"
20160824,2016-08-24,293.83081286164736,"{""type"":""MultiPoint"",""coordinates"":[]}"
20160825,2016-08-25,293.1381924694793,"{""type"":""MultiPoint"",""coordinates"":[]}"
20160826,2016-08-26,293.91066618275244,"{""type"":""MultiPoint"",""coordinates"":[]}"
20160827,2016-08-27,293.94705646074107,"{""type"":""MultiPoint"",""coordinates"":[]}"
20160828,2016-08-28,294.209079310891,"{""type"":""MultiPoint"",""coordinates"":[]}"
20160829,2016-08-29,294.18878922577244,"{""type"":""MultiPoint"",""coordinates"":[]}"
20160830,2016-08-30,294.0707666930746,"{""type"":""MultiPoint"",""coordinates"":[]}"
20160831,2016-08-31,293.74583957149656,"{""type"":""MultiPoint"",""coordinates"":[]}"
20160901,2016-09-01,293.8956170439581,"{""type"":""MultiPoint"",""coordinates"":[]}"
20160902,2016-09-02,293.2615415127537,"{""type"":""MultiPoint"",""coordinates"":[]}"
20160903,2016-09-03,292.6804344980697,"{""type"":""MultiPoint"",""coordinates"":[]}"
20160904,2016-09-04,291.88075689413677,"{""type"":""MultiPoint"",""coordinates"":[]}"
20160905,2016-09-05,291.87047372221394,"{""type"":""MultiPoint"",""coordinates"":[]}"
20160906,2016-09-06,292.01193369493427,"{""type"":""MultiPoint"",""coordinates"":[]}"
20160907,2016-09-07,291.9648088484151,"{""type"":""MultiPoint"",""coordinates"":[]}"
20160908,2016-09-08,292.2169643672334,"{""type"":""MultiPoint"",""coordinates"":[]}"
20160909,2016-09-09,292.30361760628466,"{""type"":""MultiPoint"",""coordinates"":[]}"
20160910,2016-09-10,292.5254683930288,"{""type"":""MultiPoint"",""coordinates"":[]}"
20160911,2016-09-11,292.6233321485471,"{""type"":""MultiPoint"",""coordinates"":[]}"
20160912,2016-09-12,292.5948964235614,"{""type"":""MultiPoint"",""coordinates"":[]}"
20160913,2016-09-13,293.2144116127206,"{""type"":""MultiPoint"",""coordinates"":[]}"
20160914,2016-09-14,294.0685611040333,"{""type"":""MultiPoint"",""coordinates"":[]}"
20160915,2016-09-15,294.6750105661394,"{""type"":""MultiPoint"",""coordinates"":[]}"
20160916,2016-09-16,294.9498623441282,"{""type"":""MultiPoint"",""coordinates"":[]}"
20160917,2016-09-17,294.4696505211681,"{""type"":""MultiPoint"",""coordinates"":[]}"
20160918,2016-09-18,293.84145066653394,"{""type"":""MultiPoint"",""coordinates"":[]}"
20160919,2016-09-19,293.6914352856284,"{""type"":""MultiPoint"",""coordinates"":[]}"
20160920,2016-09-20,293.5308379771659,"{""type"":""MultiPoint"",""coordinates"":[]}"
20160921,2016-09-21,294.0270264268801,"{""type"":""MultiPoint"",""coordinates"":[]}"
20160922,2016-09-22,294.33673826840896,"{""type"":""MultiPoint"",""coordinates"":[]}"
20160923,2016-09-23,294.9880615270973,"{""type"":""MultiPoint"",""coordinates"":[]}"
20160924,2016-09-24,294.70847348983557,"{""type"":""MultiPoint"",""coordinates"":[]}"
20160925,2016-09-25,294.4578606354798,"{""type"":""MultiPoint"",""coordinates"":[]}"
20160926,2016-09-26,294.48479083424763,"{""type"":""MultiPoint"",""coordinates"":[]}"
20160927,2016-09-27,294.6005384748542,"{""type"":""MultiPoint"",""coordinates"":[]}"
20160928,2016-09-28,294.3526128085436,"{""type"":""MultiPoint"",""coordinates"":[]}"
20160929,2016-09-29,293.7772771841436,"{""type"":""MultiPoint"",""coordinates"":[]}"
20160930,2016-09-30,293.20539458475116,"{""type"":""MultiPoint"",""coordinates"":[]}"
20161001,2016-10-01,293.68686068135327,"{""type"":""MultiPoint"",""coordinates"":[]}"
20161002,2016-10-02,293.4641331966463,"{""type"":""MultiPoint"",""coordinates"":[]}"
20161003,2016-10-03,292.7637007106701,"{""type"":""MultiPoint"",""coordinates"":[]}"
20161004,2016-10-04,292.0717747762874,"{""type"":""MultiPoint"",""coordinates"":[]}"
20161005,2016-10-05,292.8271320739595,"{""type"":""MultiPoint"",""coordinates"":[]}"
20161006,2016-10-06,292.8625814292133,"{""type"":""MultiPoint"",""coordinates"":[]}"
20161007,2016-10-07,293.63643519887586,"{""type"":""MultiPoint"",""coordinates"":[]}"
20161008,2016-10-08,293.6628308050991,"{""type"":""MultiPoint"",""coordinates"":[]}"
20161009,2016-10-09,294.1407299083242,"{""type"":""MultiPoint"",""coordinates"":[]}"
20161010,2016-10-10,294.2685164913046,"{""type"":""MultiPoint"",""coordinates"":[]}"
20161011,2016-10-11,293.67538411712366,"{""type"":""MultiPoint"",""coordinates"":[]}"
20161012,2016-10-12,293.0392069588507,"{""type"":""MultiPoint"",""coordinates"":[]}"
20161013,2016-10-13,292.93755065391764,"{""type"":""MultiPoint"",""coordinates"":[]}"
20161014,2016-10-14,292.5845690474989,"{""type"":""MultiPoint"",""coordinates"":[]}"
20161015,2016-10-15,292.2128104992815,"{""type"":""MultiPoint"",""coordinates"":[]}"
20161016,2016-10-16,290.49087663323644,"{""type"":""MultiPoint"",""coordinates"":[]}"
20161017,2016-10-17,289.8341242348689,"{""type"":""MultiPoint"",""coordinates"":[]}"
20161018,2016-10-18,288.42526730590544,"{""type"":""MultiPoint"",""coordinates"":[]}"
20161019,2016-10-19,288.7425353809728,"{""type"":""MultiPoint"",""coordinates"":[]}"
20161020,2016-10-20,288.451296607333,"{""type"":""MultiPoint"",""coordinates"":[]}"
20161021,2016-10-21,288.37295970172653,"{""type"":""MultiPoint"",""coordinates"":[]}"
20161022,2016-10-22,288.56702481428397,"{""type"":""MultiPoint"",""coordinates"":[]}"
20161023,2016-10-23,289.31941808610816,"{""type"":""MultiPoint"",""coordinates"":[]}"
20161024,2016-10-24,289.4881589771149,"{""type"":""MultiPoint"",""coordinates"":[]}"
20161025,2016-10-25,289.1283970484067,"{""type"":""MultiPoint"",""coordinates"":[]}"
20161026,2016-10-26,286.95068891618604,"{""type"":""MultiPoint"",""coordinates"":[]}"
20161027,2016-10-27,286.38896439787817,"{""type"":""MultiPoint"",""coordinates"":[]}"
20161028,2016-10-28,284.9156742908762,"{""type"":""MultiPoint"",""coordinates"":[]}"
20161029,2016-10-29,283.09688367362446,"{""type"":""MultiPoint"",""coordinates"":[]}"
20161030,2016-10-30,286.5821060281131,"{""type"":""MultiPoint"",""coordinates"":[]}"
20161031,2016-10-31,289.6831658200676,"{""type"":""MultiPoint"",""coordinates"":[]}"
20161101,2016-11-01,285.6140851750506,"{""type"":""MultiPoint"",""coordinates"":[]}"
20161102,2016-11-02,284.365423595997,"{""type"":""MultiPoint"",""coordinates"":[]}"
20161103,2016-11-03,284.4297466251048,"{""type"":""MultiPoint"",""coordinates"":[]}"
20161104,2016-11-04,285.8023620416384,"{""type"":""MultiPoint"",""coordinates"":[]}"
20161105,2016-11-05,285.8699908664756,"{""type"":""MultiPoint"",""coordinates"":[]}"
20161106,2016-11-06,284.16908104613174,"{""type"":""MultiPoint"",""coordinates"":[]}"
20161107,2016-11-07,282.71158289439387,"{""type"":""MultiPoint"",""coordinates"":[]}"
20161108,2016-11-08,283.1501093739328,"{""type"":""MultiPoint"",""coordinates"":[]}"
20161109,2016-11-09,283.00057641765227,"{""type"":""MultiPoint"",""coordinates"":[]}"
20161110,2016-11-10,282.4298255830513,"{""type"":""MultiPoint"",""coordinates"":[]}"
20161111,2016-11-11,282.097715510872,"{""type"":""MultiPoint"",""coordinates"":[]}"
20161112,2016-11-12,282.4037339453776,"{""type"":""MultiPoint"",""coordinates"":[]}"
20161113,2016-11-13,285.2741583213581,"{""type"":""MultiPoint"",""coordinates"":[]}"
20161114,2016-11-14,288.38369070830544,"{""type"":""MultiPoint"",""coordinates"":[]}"
20161115,2016-11-15,290.3717401973973,"{""type"":""MultiPoint"",""coordinates"":[]}"
20161116,2016-11-16,289.6823575223729,"{""type"":""MultiPoint"",""coordinates"":[]}"
20161117,2016-11-17,285.6536286796172,"{""type"":""MultiPoint"",""coordinates"":[]}"
20161118,2016-11-18,282.9317832487496,"{""type"":""MultiPoint"",""coordinates"":[]}"
20161119,2016-11-19,282.1662096487464,"{""type"":""MultiPoint"",""coordinates"":[]}"
20161120,2016-11-20,282.70596404720914,"{""type"":""MultiPoint"",""coordinates"":[]}"
20161121,2016-11-21,282.3198179541026,"{""type"":""MultiPoint"",""coordinates"":[]}"
20161122,2016-11-22,283.4418057498435,"{""type"":""MultiPoint"",""coordinates"":[]}"
20161123,2016-11-23,283.3559391568644,"{""type"":""MultiPoint"",""coordinates"":[]}"
20161124,2016-11-24,283.3456281852576,"{""type"":""MultiPoint"",""coordinates"":[]}"
20161125,2016-11-25,282.59420892124984,"{""type"":""MultiPoint"",""coordinates"":[]}"
20161126,2016-11-26,281.6413964985732,"{""type"":""MultiPoint"",""coordinates"":[]}"
20161127,2016-11-27,282.9465822617282,"{""type"":""MultiPoint"",""coordinates"":[]}"
20161128,2016-11-28,283.9458797419071,"{""type"":""MultiPoint"",""coordinates"":[]}"
20161129,2016-11-29,284.1276731417626,"{""type"":""MultiPoint"",""coordinates"":[]}"
20161130,2016-11-30,283.6298022953787,"{""type"":""MultiPoint"",""coordinates"":[]}"
20161201,2016-12-01,284.8710934693713,"{""type"":""MultiPoint"",""coordinates"":[]}"
20161202,2016-12-02,283.5977896893801,"{""type"":""MultiPoint"",""coordinates"":[]}"
20161203,2016-12-03,287.8161404163668,"{""type"":""MultiPoint"",""coordinates"":[]}"
20161204,2016-12-04,289.9457241987273,"{""type"":""MultiPoint"",""coordinates"":[]}"
20161205,2016-12-05,289.23058217774,"{""type"":""MultiPoint"",""coordinates"":[]}"
20161206,2016-12-06,284.0734112675784,"{""type"":""MultiPoint"",""coordinates"":[]}"
20161207,2016-12-07,283.4117859884844,"{""type"":""MultiPoint"",""coordinates"":[]}"
20161208,2016-12-08,282.9989059561816,"{""type"":""MultiPoint"",""coordinates"":[]}"
20161209,2016-12-09,280.99318960964575,"{""type"":""MultiPoint"",""coordinates"":[]}"
20161210,2016-12-10,279.92136702972465,"{""type"":""MultiPoint"",""coordinates"":[]}"
20161211,2016-12-11,281.5857745213869,"{""type"":""MultiPoint"",""coordinates"":[]}"
20161212,2016-12-12,282.3278388514597,"{""type"":""MultiPoint"",""coordinates"":[]}"
20161213,2016-12-13,282.0268309028611,"{""type"":""MultiPoint"",""coordinates"":[]}"
20161214,2016-12-14,288.9696964294853,"{""type"":""MultiPoint"",""coordinates"":[]}"
20161215,2016-12-15,289.8365061433458,"{""type"":""MultiPoint"",""coordinates"":[]}"
20161216,2016-12-16,289.3185009443106,"{""type"":""MultiPoint"",""coordinates"":[]}"
20161217,2016-12-17,287.77972377483667,"{""type"":""MultiPoint"",""coordinates"":[]}"
20161218,2016-12-18,285.30239240169374,"{""type"":""MultiPoint"",""coordinates"":[]}"
20161219,2016-12-19,284.9695394806493,"{""type"":""MultiPoint"",""coordinates"":[]}"
20161220,2016-12-20,283.55430020526086,"{""type"":""MultiPoint"",""coordinates"":[]}"
20161221,2016-12-21,282.49956466366626,"{""type"":""MultiPoint"",""coordinates"":[]}"
20161222,2016-12-22,281.4178095669153,"{""type"":""MultiPoint"",""coordinates"":[]}"
20161223,2016-12-23,280.50085664011124,"{""type"":""MultiPoint"",""coordinates"":[]}"
20161224,2016-12-24,280.7417720699615,"{""type"":""MultiPoint"",""coordinates"":[]}"
20161225,2016-12-25,282.0918165678893,"{""type"":""MultiPoint"",""coordinates"":[]}"
20161226,2016-12-26,282.91759913054085,"{""type"":""MultiPoint"",""coordinates"":[]}"
20161227,2016-12-27,281.19226378314926,"{""type"":""MultiPoint"",""coordinates"":[]}"
20161228,2016-12-28,281.3998970882576,"{""type"":""MultiPoint"",""coordinates"":[]}"
20161229,2016-12-29,281.19087742315895,"{""type"":""MultiPoint"",""coordinates"":[]}"
20161230,2016-12-30,283.0115506598089,"{""type"":""MultiPoint"",""coordinates"":[]}"
20161231,2016-12-31,283.00612870274983,"{""type"":""MultiPoint"",""coordinates"":[]}"
20170101,2017-01-01,283.6146195508839,"{""type"":""MultiPoint"",""coordinates"":[]}"
20170102,2017-01-02,282.84393129642507,"{""type"":""MultiPoint"",""coordinates"":[]}"
20170103,2017-01-03,280.58532675368315,"{""type"":""MultiPoint"",""coordinates"":[]}"
20170104,2017-01-04,280.8888538329186,"{""type"":""MultiPoint"",""coordinates"":[]}"
20170105,2017-01-05,279.99541763430636,"{""type"":""MultiPoint"",""coordinates"":[]}"
20170106,2017-01-06,281.1309439208693,"{""type"":""MultiPoint"",""coordinates"":[]}"
20170107,2017-01-07,281.4972616622119,"{""type"":""MultiPoint"",""coordinates"":[]}"
20170108,2017-01-08,283.50729392353077,"{""type"":""MultiPoint"",""coordinates"":[]}"
20170109,2017-01-09,284.19025836508666,"{""type"":""MultiPoint"",""coordinates"":[]}"
20170110,2017-01-10,281.17590149935575,"{""type"":""MultiPoint"",""coordinates"":[]}"
20170111,2017-01-11,279.8091473694365,"{""type"":""MultiPoint"",""coordinates"":[]}"
20170112,2017-01-12,281.0432323382384,"{""type"":""MultiPoint"",""coordinates"":[]}"
20170113,2017-01-13,283.09933338996024,"{""type"":""MultiPoint"",""coordinates"":[]}"
20170114,2017-01-14,286.01257323692386,"{""type"":""MultiPoint"",""coordinates"":[]}"
20170115,2017-01-15,286.8420817831486,"{""type"":""MultiPoint"",""coordinates"":[]}"
20170116,2017-01-16,286.3122990569878,"{""type"":""MultiPoint"",""coordinates"":[]}"
20170117,2017-01-17,285.0892489978209,"{""type"":""MultiPoint"",""coordinates"":[]}"
20170118,2017-01-18,283.96508036875895,"{""type"":""MultiPoint"",""coordinates"":[]}"
20170119,2017-01-19,282.0318946003707,"{""type"":""MultiPoint"",""coordinates"":[]}"
20170120,2017-01-20,282.6472929287744,"{""type"":""MultiPoint"",""coordinates"":[]}"
20170121,2017-01-21,283.55532431591377,"{""type"":""MultiPoint"",""coordinates"":[]}"
20170122,2017-01-22,283.3143816137682,"{""type"":""MultiPoint"",""coordinates"":[]}"
20170123,2017-01-23,283.97643822433605,"{""type"":""MultiPoint"",""coordinates"":[]}"
20170124,2017-01-24,284.5078843401795,"{""type"":""MultiPoint"",""coordinates"":[]}"
20170125,2017-01-25,283.90651105526064,"{""type"":""MultiPoint"",""coordinates"":[]}"
20170126,2017-01-26,285.47499421550145,"{""type"":""MultiPoint"",""coordinates"":[]}"
20170127,2017-01-27,283.65166515218704,"{""type"":""MultiPoint"",""coordinates"":[]}"
20170128,2017-01-28,283.1829013613005,"{""type"":""MultiPoint"",""coordinates"":[]}"
20170129,2017-01-29,283.71526571156295,"{""type"":""MultiPoint"",""coordinates"":[]}"
20170130,2017-01-30,282.919015376062,"{""type"":""MultiPoint"",""coordinates"":[]}"
20170131,2017-01-31,283.9409837379193,"{""type"":""MultiPoint"",""coordinates"":[]}"
20170201,2017-02-01,283.57421495919397,"{""type"":""MultiPoint"",""coordinates"":[]}"
20170202,2017-02-02,283.92881792043016,"{""type"":""MultiPoint"",""coordinates"":[]}"
20170203,2017-02-03,285.5299135875866,"{""type"":""MultiPoint"",""coordinates"":[]}"
20170204,2017-02-04,286.16082475067975,"{""type"":""MultiPoint"",""coordinates"":[]}"
20170205,2017-02-05,287.0372392079172,"{""type"":""MultiPoint"",""coordinates"":[]}"
20170206,2017-02-06,286.0806477483666,"{""type"":""MultiPoint"",""coordinates"":[]}"
20170207,2017-02-07,285.01761699538486,"{""type"":""MultiPoint"",""coordinates"":[]}"
20170208,2017-02-08,286.09619690837377,"{""type"":""MultiPoint"",""coordinates"":[]}"
20170209,2017-02-09,284.8838004974396,"{""type"":""MultiPoint"",""coordinates"":[]}"
20170210,2017-02-10,284.6418471214898,"{""type"":""MultiPoint"",""coordinates"":[]}"
20170211,2017-02-11,282.79980125957945,"{""type"":""MultiPoint"",""coordinates"":[]}"
20170212,2017-02-12,282.0429011924098,"{""type"":""MultiPoint"",""coordinates"":[]}"
20170213,2017-02-13,282.66600505003373,"{""type"":""MultiPoint"",""coordinates"":[]}"
20170214,2017-02-14,283.6085091080917,"{""type"":""MultiPoint"",""coordinates"":[]}"
20170215,2017-02-15,283.5621971713228,"{""type"":""MultiPoint"",""coordinates"":[]}"
20170216,2017-02-16,282.3473034281602,"{""type"":""MultiPoint"",""coordinates"":[]}"
20170217,2017-02-17,281.3601849745711,"{""type"":""MultiPoint"",""coordinates"":[]}"
20170218,2017-02-18,280.8954902822043,"{""type"":""MultiPoint"",""coordinates"":[]}"
20170219,2017-02-19,281.7940830946948,"{""type"":""MultiPoint"",""coordinates"":[]}"
20170220,2017-02-20,282.2277434576836,"{""type"":""MultiPoint"",""coordinates"":[]}"
20170221,2017-02-21,281.43422910314985,"{""type"":""MultiPoint"",""coordinates"":[]}"
20170222,2017-02-22,283.23447860473794,"{""type"":""MultiPoint"",""coordinates"":[]}"
20170223,2017-02-23,280.27714503890957,"{""type"":""MultiPoint"",""coordinates"":[]}"
20170224,2017-02-24,278.62029890198966,"{""type"":""MultiPoint"",""coordinates"":[]}"
20170225,2017-02-25,277.9347923840821,"{""type"":""MultiPoint"",""coordinates"":[]}"
20170226,2017-02-26,276.65815032151136,"{""type"":""MultiPoint"",""coordinates"":[]}"
20170227,2017-02-27,276.45499674402663,"{""type"":""MultiPoint"",""coordinates"":[]}"
20170228,2017-02-28,279.54056746545143,"{""type"":""MultiPoint"",""coordinates"":[]}"
20170301,2017-03-01,280.4600908865059,"{""type"":""MultiPoint"",""coordinates"":[]}"
20170302,2017-03-02,281.9267139101,"{""type"":""MultiPoint"",""coordinates"":[]}"
20170303,2017-03-03,281.25034442439016,"{""type"":""MultiPoint"",""coordinates"":[]}"
20170304,2017-03-04,278.81247503078475,"{""type"":""MultiPoint"",""coordinates"":[]}"
20170305,2017-03-05,279.96760054389165,"{""type"":""MultiPoint"",""coordinates"":[]}"
20170306,2017-03-06,282.56846531286055,"{""type"":""MultiPoint"",""coordinates"":[]}"
20170307,2017-03-07,282.37560769498225,"{""type"":""MultiPoint"",""coordinates"":[]}"
20170308,2017-03-08,282.0790023998313,"{""type"":""MultiPoint"",""coordinates"":[]}"
20170309,2017-03-09,280.1721102901321,"{""type"":""MultiPoint"",""coordinates"":[]}"
20170310,2017-03-10,284.58886686795404,"{""type"":""MultiPoint"",""coordinates"":[]}"
20170311,2017-03-11,283.1372013975397,"{""type"":""MultiPoint"",""coordinates"":[]}"
20170312,2017-03-12,275.98706317650505,"{""type"":""MultiPoint"",""coordinates"":[]}"
20170313,2017-03-13,277.231243445733,"{""type"":""MultiPoint"",""coordinates"":[]}"
20170314,2017-03-14,278.15403905304885,"{""type"":""MultiPoint"",""coordinates"":[]}"
20170315,2017-03-15,284.32808536874523,"{""type"":""MultiPoint"",""coordinates"":[]}"
20170316,2017-03-16,282.92092195971736,"{""type"":""MultiPoint"",""coordinates"":[]}"
20170317,2017-03-17,280.62501527715915,"{""type"":""MultiPoint"",""coordinates"":[]}"
20170318,2017-03-18,282.2605513756913,"{""type"":""MultiPoint"",""coordinates"":[]}"
20170319,2017-03-19,280.86687025352944,"{""type"":""MultiPoint"",""coordinates"":[]}"
20170320,2017-03-20,281.13215545823095,"{""type"":""MultiPoint"",""coordinates"":[]}"
20170321,2017-03-21,283.92138202108123,"{""type"":""MultiPoint"",""coordinates"":[]}"
20170322,2017-03-22,283.4319754718405,"{""type"":""MultiPoint"",""coordinates"":[]}"
20170323,2017-03-23,283.11373566651184,"{""type"":""MultiPoint"",""coordinates"":[]}"
20170324,2017-03-24,284.5149436554392,"{""type"":""MultiPoint"",""coordinates"":[]}"
20170325,2017-03-25,284.64310969590974,"{""type"":""MultiPoint"",""coordinates"":[]}"
20170326,2017-03-26,283.44439484519796,"{""type"":""MultiPoint"",""coordinates"":[]}"
20170327,2017-03-27,281.10786225369384,"{""type"":""MultiPoint"",""coordinates"":[]}"
20170328,2017-03-28,286.57371015735947,"{""type"":""MultiPoint"",""coordinates"":[]}"
20170329,2017-03-29,289.51594188280023,"{""type"":""MultiPoint"",""coordinates"":[]}"
20170330,2017-03-30,290.71789011248046,"{""type"":""MultiPoint"",""coordinates"":[]}"
20170331,2017-03-31,288.1585981008017,"{""type"":""MultiPoint"",""coordinates"":[]}"
20170401,2017-04-01,287.17513599247496,"{""type"":""MultiPoint"",""coordinates"":[]}"
20170402,2017-04-02,285.3674851572339,"{""type"":""MultiPoint"",""coordinates"":[]}"
20170403,2017-04-03,285.3636349191292,"{""type"":""MultiPoint"",""coordinates"":[]}"
20170404,2017-04-04,286.32170284879845,"{""type"":""MultiPoint"",""coordinates"":[]}"
20170405,2017-04-05,286.7539519164688,"{""type"":""MultiPoint"",""coordinates"":[]}"
20170406,2017-04-06,286.65011405406904,"{""type"":""MultiPoint"",""coordinates"":[]}"
20170407,2017-04-07,283.8704563005872,"{""type"":""MultiPoint"",""coordinates"":[]}"
20170408,2017-04-08,279.2733195249513,"{""type"":""MultiPoint"",""coordinates"":[]}"
20170409,2017-04-09,279.0762556669273,"{""type"":""MultiPoint"",""coordinates"":[]}"
20170410,2017-04-10,278.503619387395,"{""type"":""MultiPoint"",""coordinates"":[]}"
20170411,2017-04-11,279.2742168778984,"{""type"":""MultiPoint"",""coordinates"":[]}"
20170412,2017-04-12,278.2819679847648,"{""type"":""MultiPoint"",""coordinates"":[]}"
20170413,2017-04-13,278.2388525874836,"{""type"":""MultiPoint"",""coordinates"":[]}"
20170414,2017-04-14,283.0400905307566,"{""type"":""MultiPoint"",""coordinates"":[]}"
20170415,2017-04-15,286.9132125857271,"{""type"":""MultiPoint"",""coordinates"":[]}"
20170416,2017-04-16,283.14555333532013,"{""type"":""MultiPoint"",""coordinates"":[]}"
20170417,2017-04-17,284.49091513343143,"{""type"":""MultiPoint"",""coordinates"":[]}"
20170418,2017-04-18,280.5104294446243,"{""type"":""MultiPoint"",""coordinates"":[]}"
20170419,2017-04-19,284.26722043444744,"{""type"":""MultiPoint"",""coordinates"":[]}"
20170420,2017-04-20,285.64642631445423,"{""type"":""MultiPoint"",""coordinates"":[]}"
20170421,2017-04-21,287.2847825868443,"{""type"":""MultiPoint"",""coordinates"":[]}"
20170422,2017-04-22,287.0109107768673,"{""type"":""MultiPoint"",""coordinates"":[]}"
20170423,2017-04-23,287.5645474346664,"{""type"":""MultiPoint"",""coordinates"":[]}"
20170424,2017-04-24,286.86603627295204,"{""type"":""MultiPoint"",""coordinates"":[]}"
20170425,2017-04-25,284.36328291171884,"{""type"":""MultiPoint"",""coordinates"":[]}"
20170426,2017-04-26,286.79431429095365,"{""type"":""MultiPoint"",""coordinates"":[]}"
20170427,2017-04-27,285.8173662589684,"{""type"":""MultiPoint"",""coordinates"":[]}"
20170428,2017-04-28,286.3691719242179,"{""type"":""MultiPoint"",""coordinates"":[]}"
20170429,2017-04-29,284.42186433515957,"{""type"":""MultiPoint"",""coordinates"":[]}"
20170430,2017-04-30,285.540765530284,"{""type"":""MultiPoint"",""coordinates"":[]}"
20170501,2017-05-01,287.404650836761,"{""type"":""MultiPoint"",""coordinates"":[]}"
20170502,2017-05-02,287.53540338188463,"{""type"":""MultiPoint"",""coordinates"":[]}"
20170503,2017-05-03,289.95937875019797,"{""type"":""MultiPoint"",""coordinates"":[]}"
20170504,2017-05-04,290.42828311809376,"{""type"":""MultiPoint"",""coordinates"":[]}"
20170505,2017-05-05,291.12565590557057,"{""type"":""MultiPoint"",""coordinates"":[]}"
20170506,2017-05-06,290.22224146189836,"{""type"":""MultiPoint"",""coordinates"":[]}"
20170507,2017-05-07,289.2029094781314,"{""type"":""MultiPoint"",""coordinates"":[]}"
20170508,2017-05-08,289.4118745502728,"{""type"":""MultiPoint"",""coordinates"":[]}"
20170509,2017-05-09,288.4945555494316,"{""type"":""MultiPoint"",""coordinates"":[]}"
20170510,2017-05-10,287.56391899440314,"{""type"":""MultiPoint"",""coordinates"":[]}"
20170511,2017-05-11,288.5126828616057,"{""type"":""MultiPoint"",""coordinates"":[]}"
20170512,2017-05-12,289.80255679684495,"{""type"":""MultiPoint"",""coordinates"":[]}"
20170513,2017-05-13,292.21138588383303,"{""type"":""MultiPoint"",""coordinates"":[]}"
20170514,2017-05-14,292.5488863813003,"{""type"":""MultiPoint"",""coordinates"":[]}"
20170515,2017-05-15,291.99586829929024,"{""type"":""MultiPoint"",""coordinates"":[]}"
20170516,2017-05-16,291.22954480340746,"{""type"":""MultiPoint"",""coordinates"":[]}"
20170517,2017-05-17,292.12851525296026,"{""type"":""MultiPoint"",""coordinates"":[]}"
20170518,2017-05-18,290.532256204417,"{""type"":""MultiPoint"",""coordinates"":[]}"
20170519,2017-05-19,291.1157200430477,"{""type"":""MultiPoint"",""coordinates"":[]}"
20170520,2017-05-20,288.8224370177188,"{""type"":""MultiPoint"",""coordinates"":[]}"
20170521,2017-05-21,289.52763827396467,"{""type"":""MultiPoint"",""coordinates"":[]}"
20170522,2017-05-22,290.5082759915644,"{""type"":""MultiPoint"",""coordinates"":[]}"
20170523,2017-05-23,290.33929312638116,"{""type"":""MultiPoint"",""coordinates"":[]}"
20170524,2017-05-24,290.87933347635357,"{""type"":""MultiPoint"",""coordinates"":[]}"
20170525,2017-05-25,292.4939200088978,"{""type"":""MultiPoint"",""coordinates"":[]}"
20170526,2017-05-26,292.8974054437019,"{""type"":""MultiPoint"",""coordinates"":[]}"
20170527,2017-05-27,292.87924390977787,"{""type"":""MultiPoint"",""coordinates"":[]}"
20170528,2017-05-28,293.24164688101456,"{""type"":""MultiPoint"",""coordinates"":[]}"
20170529,2017-05-29,293.5466429217204,"{""type"":""MultiPoint"",""coordinates"":[]}"
20170530,2017-05-30,294.3072293348537,"{""type"":""MultiPoint"",""coordinates"":[]}"
20170531,2017-05-31,294.2490924407681,"{""type"":""MultiPoint"",""coordinates"":[]}"
20170601,2017-06-01,294.735696251908,"{""type"":""MultiPoint"",""coordinates"":[]}"
20170602,2017-06-02,295.1790641405936,"{""type"":""MultiPoint"",""coordinates"":[]}"
20170603,2017-06-03,295.11306754351926,"{""type"":""MultiPoint"",""coordinates"":[]}"
20170604,2017-06-04,294.42739928312534,"{""type"":""MultiPoint"",""coordinates"":[]}"
20170605,2017-06-05,294.82485032811803,"{""type"":""MultiPoint"",""coordinates"":[]}"
20170606,2017-06-06,294.3744798852396,"{""type"":""MultiPoint"",""coordinates"":[]}"
20170607,2017-06-07,294.12610811847213,"{""type"":""MultiPoint"",""coordinates"":[]}"
20170608,2017-06-08,294.2480008981808,"{""type"":""MultiPoint"",""coordinates"":[]}"
20170609,2017-06-09,294.6239791535616,"{""type"":""MultiPoint"",""coordinates"":[]}"
20170610,2017-06-10,294.7662397336821,"{""type"":""MultiPoint"",""coordinates"":[]}"
20170611,2017-06-11,295.11557554367295,"{""type"":""MultiPoint"",""coordinates"":[]}"
20170612,2017-06-12,295.460264701729,"{""type"":""MultiPoint"",""coordinates"":[]}"
20170613,2017-06-13,295.2766590610452,"{""type"":""MultiPoint"",""coordinates"":[]}"
20170614,2017-06-14,295.35962541640606,"{""type"":""MultiPoint"",""coordinates"":[]}"
20170615,2017-06-15,295.58306428199415,"{""type"":""MultiPoint"",""coordinates"":[]}"
20170616,2017-06-16,295.0822917086941,"{""type"":""MultiPoint"",""coordinates"":[]}"
20170617,2017-06-17,295.02352353154293,"{""type"":""MultiPoint"",""coordinates"":[]}"
20170618,2017-06-18,295.03521721423385,"{""type"":""MultiPoint"",""coordinates"":[]}"
20170619,2017-06-19,294.52946807818677,"{""type"":""MultiPoint"",""coordinates"":[]}"
20170620,2017-06-20,294.053241754743,"{""type"":""MultiPoint"",""coordinates"":[]}"
20170621,2017-06-21,293.84291488657874,"{""type"":""MultiPoint"",""coordinates"":[]}"
20170622,2017-06-22,294.14791896845344,"{""type"":""MultiPoint"",""coordinates"":[]}"
20170623,2017-06-23,294.3724652185319,"{""type"":""MultiPoint"",""coordinates"":[]}"
20170624,2017-06-24,294.15514608942135,"{""type"":""MultiPoint"",""coordinates"":[]}"
20170625,2017-06-25,294.44320715711837,"{""type"":""MultiPoint"",""coordinates"":[]}"
20170626,2017-06-26,294.5607947781719,"{""type"":""MultiPoint"",""coordinates"":[]}"
20170627,2017-06-27,294.3787018609638,"{""type"":""MultiPoint"",""coordinates"":[]}"
20170628,2017-06-28,294.15090806780415,"{""type"":""MultiPoint"",""coordinates"":[]}"
20170629,2017-06-29,294.4139753677352,"{""type"":""MultiPoint"",""coordinates"":[]}"
20170630,2017-06-30,294.28819789409476,"{""type"":""MultiPoint"",""coordinates"":[]}"
20170701,2017-07-01,294.1994424825718,"{""type"":""MultiPoint"",""coordinates"":[]}"
20170702,2017-07-02,294.0449587742875,"{""type"":""MultiPoint"",""coordinates"":[]}"
20170703,2017-07-03,294.00447670438064,"{""type"":""MultiPoint"",""coordinates"":[]}"
20170704,2017-07-04,293.73026634841966,"{""type"":""MultiPoint"",""coordinates"":[]}"
20170705,2017-07-05,293.8067653048296,"{""type"":""MultiPoint"",""coordinates"":[]}"
20170706,2017-07-06,293.8516118633781,"{""type"":""MultiPoint"",""coordinates"":[]}"
20170707,2017-07-07,293.54272643001775,"{""type"":""MultiPoint"",""coordinates"":[]}"
20170708,2017-07-08,293.5005396185404,"{""type"":""MultiPoint"",""coordinates"":[]}"
20170709,2017-07-09,293.537226097747,"{""type"":""MultiPoint"",""coordinates"":[]}"
20170710,2017-07-10,293.574678533159,"{""type"":""MultiPoint"",""coordinates"":[]}"
20170711,2017-07-11,293.5772833660995,"{""type"":""MultiPoint"",""coordinates"":[]}"
20170712,2017-07-12,293.35769061562416,"{""type"":""MultiPoint"",""coordinates"":[]}"
20170713,2017-07-13,293.73386318928044,"{""type"":""MultiPoint"",""coordinates"":[]}"
20170714,2017-07-14,293.6853455569396,"{""type"":""MultiPoint"",""coordinates"":[]}"
20170715,2017-07-15,293.4251998535848,"{""type"":""MultiPoint"",""coordinates"":[]}"
20170716,2017-07-16,293.39828470705726,"{""type"":""MultiPoint"",""coordinates"":[]}"
20170717,2017-07-17,293.94362900504086,"{""type"":""MultiPoint"",""coordinates"":[]}"
20170718,2017-07-18,294.48324191543406,"{""type"":""MultiPoint"",""coordinates"":[]}"
20170719,2017-07-19,294.6651917929838,"{""type"":""MultiPoint"",""coordinates"":[]}"
20170720,2017-07-20,294.5697003682182,"{""type"":""MultiPoint"",""coordinates"":[]}"
20170721,2017-07-21,294.34012489232396,"{""type"":""MultiPoint"",""coordinates"":[]}"
20170722,2017-07-22,293.9049881249231,"{""type"":""MultiPoint"",""coordinates"":[]}"
20170723,2017-07-23,293.9612565919182,"{""type"":""MultiPoint"",""coordinates"":[]}"
20170724,2017-07-24,293.99742368108537,"{""type"":""MultiPoint"",""coordinates"":[]}"
20170725,2017-07-25,293.9187430677762,"{""type"":""MultiPoint"",""coordinates"":[]}"
20170726,2017-07-26,293.7545727490575,"{""type"":""MultiPoint"",""coordinates"":[]}"
20170727,2017-07-27,293.98265915214375,"{""type"":""MultiPoint"",""coordinates"":[]}"
20170728,2017-07-28,293.909786689139,"{""type"":""MultiPoint"",""coordinates"":[]}"
20170729,2017-07-29,293.93464661761584,"{""type"":""MultiPoint"",""coordinates"":[]}"
20170730,2017-07-30,293.7099170289207,"{""type"":""MultiPoint"",""coordinates"":[]}"
20170731,2017-07-31,293.94166368930706,"{""type"":""MultiPoint"",""coordinates"":[]}"
20170801,2017-08-01,294.023483747327,"{""type"":""MultiPoint"",""coordinates"":[]}"
20170802,2017-08-02,293.6491727890373,"{""type"":""MultiPoint"",""coordinates"":[]}"
20170803,2017-08-03,293.8386776526023,"{""type"":""MultiPoint"",""coordinates"":[]}"
20170804,2017-08-04,293.657405956367,"{""type"":""MultiPoint"",""coordinates"":[]}"
20170805,2017-08-05,293.46161333540294,"{""type"":""MultiPoint"",""coordinates"":[]}"
20170806,2017-08-06,293.6535029525145,"{""type"":""MultiPoint"",""coordinates"":[]}"
20170807,2017-08-07,293.9223446032447,"{""type"":""MultiPoint"",""coordinates"":[]}"
20170808,2017-08-08,293.8948101335497,"{""type"":""MultiPoint"",""coordinates"":[]}"
20170809,2017-08-09,294.38103770344486,"{""type"":""MultiPoint"",""coordinates"":[]}"
20170810,2017-08-10,294.02743014464687,"{""type"":""MultiPoint"",""coordinates"":[]}"
20170811,2017-08-11,293.9030075686243,"{""type"":""MultiPoint"",""coordinates"":[]}"
20170812,2017-08-12,293.51141611212523,"{""type"":""MultiPoint"",""coordinates"":[]}"
20170813,2017-08-13,293.2897351289322,"{""type"":""MultiPoint"",""coordinates"":[]}"
20170814,2017-08-14,293.7513705850639,"{""type"":""MultiPoint"",""coordinates"":[]}"
20170815,2017-08-15,294.0152453711594,"{""type"":""MultiPoint"",""coordinates"":[]}"
20170816,2017-08-16,293.728531318134,"{""type"":""MultiPoint"",""coordinates"":[]}"
20170817,2017-08-17,293.6504657114052,"{""type"":""MultiPoint"",""coordinates"":[]}"
20170818,2017-08-18,293.82643876583285,"{""type"":""MultiPoint"",""coordinates"":[]}"
20170819,2017-08-19,293.99083946599006,"{""type"":""MultiPoint"",""coordinates"":[]}"
20170820,2017-08-20,293.39999251963513,"{""type"":""MultiPoint"",""coordinates"":[]}"
20170821,2017-08-21,293.40941403625817,"{""type"":""MultiPoint"",""coordinates"":[]}"
20170822,2017-08-22,293.75162575252546,"{""type"":""MultiPoint"",""coordinates"":[]}"
20170823,2017-08-23,294.20303313327827,"{""type"":""MultiPoint"",""coordinates"":[]}"
20170824,2017-08-24,294.15309225483037,"{""type"":""MultiPoint"",""coordinates"":[]}"
20170825,2017-08-25,294.46806025874844,"{""type"":""MultiPoint"",""coordinates"":[]}"
20170826,2017-08-26,294.4333791374205,"{""type"":""MultiPoint"",""coordinates"":[]}"
20170827,2017-08-27,294.6362061642386,"{""type"":""MultiPoint"",""coordinates"":[]}"
20170828,2017-08-28,294.7907906719753,"{""type"":""MultiPoint"",""coordinates"":[]}"
20170829,2017-08-29,294.2941299339344,"{""type"":""MultiPoint"",""coordinates"":[]}"
20170830,2017-08-30,294.15001174849226,"{""type"":""MultiPoint"",""coordinates"":[]}"
20170831,2017-08-31,293.7302038909082,"{""type"":""MultiPoint"",""coordinates"":[]}"
20170901,2017-09-01,293.52780043689273,"{""type"":""MultiPoint"",""coordinates"":[]}"
20170902,2017-09-02,294.0287190399993,"{""type"":""MultiPoint"",""coordinates"":[]}"
20170903,2017-09-03,294.5882633102392,"{""type"":""MultiPoint"",""coordinates"":[]}"
20170904,2017-09-04,294.1178766609579,"{""type"":""MultiPoint"",""coordinates"":[]}"
20170905,2017-09-05,293.74826585674003,"{""type"":""MultiPoint"",""coordinates"":[]}"
20170906,2017-09-06,293.7502660436919,"{""type"":""MultiPoint"",""coordinates"":[]}"
20170907,2017-09-07,294.9197851036487,"{""type"":""MultiPoint"",""coordinates"":[]}"
20170908,2017-09-08,295.19131302601517,"{""type"":""MultiPoint"",""coordinates"":[]}"
20170909,2017-09-09,295.3655601926219,"{""type"":""MultiPoint"",""coordinates"":[]}"
20170910,2017-09-10,295.26356925137634,"{""type"":""MultiPoint"",""coordinates"":[]}"
20170911,2017-09-11,295.63826468369945,"{""type"":""MultiPoint"",""coordinates"":[]}"
20170912,2017-09-12,295.6284527070775,"{""type"":""MultiPoint"",""coordinates"":[]}"
20170913,2017-09-13,295.5790366469986,"{""type"":""MultiPoint"",""coordinates"":[]}"
20170914,2017-09-14,295.187289907195,"{""type"":""MultiPoint"",""coordinates"":[]}"
20170915,2017-09-15,294.8814756919365,"{""type"":""MultiPoint"",""coordinates"":[]}"
20170916,2017-09-16,294.3949868248912,"{""type"":""MultiPoint"",""coordinates"":[]}"
20170917,2017-09-17,294.14945930216516,"{""type"":""MultiPoint"",""coordinates"":[]}"
20170918,2017-09-18,294.89153891605014,"{""type"":""MultiPoint"",""coordinates"":[]}"
20170919,2017-09-19,294.9039564135615,"{""type"":""MultiPoint"",""coordinates"":[]}"
20170920,2017-09-20,293.56101669425664,"{""type"":""MultiPoint"",""coordinates"":[]}"
20170921,2017-09-21,294.0356253267797,"{""type"":""MultiPoint"",""coordinates"":[]}"
20170922,2017-09-22,293.6193968127926,"{""type"":""MultiPoint"",""coordinates"":[]}"
20170923,2017-09-23,293.8663600384806,"{""type"":""MultiPoint"",""coordinates"":[]}"
20170924,2017-09-24,294.6246625279189,"{""type"":""MultiPoint"",""coordinates"":[]}"
20170925,2017-09-25,294.2677453783002,"{""type"":""MultiPoint"",""coordinates"":[]}"
20170926,2017-09-26,294.3643823004309,"{""type"":""MultiPoint"",""coordinates"":[]}"
20170927,2017-09-27,294.902406548569,"{""type"":""MultiPoint"",""coordinates"":[]}"
20170928,2017-09-28,294.44301679867954,"{""type"":""MultiPoint"",""coordinates"":[]}"
20170929,2017-09-29,295.0684259140043,"{""type"":""MultiPoint"",""coordinates"":[]}"
20170930,2017-09-30,294.9854574094934,"{""type"":""MultiPoint"",""coordinates"":[]}"
20171001,2017-10-01,294.17980683171623,"{""type"":""MultiPoint"",""coordinates"":[]}"
20171002,2017-10-02,293.64222520970947,"{""type"":""MultiPoint"",""coordinates"":[]}"
20171003,2017-10-03,292.91573869432625,"{""type"":""MultiPoint"",""coordinates"":[]}"
20171004,2017-10-04,291.0632488282583,"{""type"":""MultiPoint"",""coordinates"":[]}"
20171005,2017-10-05,290.65458853422933,"{""type"":""MultiPoint"",""coordinates"":[]}"
20171006,2017-10-06,294.5876131916593,"{""type"":""MultiPoint"",""coordinates"":[]}"
20171007,2017-10-07,295.31856056391337,"{""type"":""MultiPoint"",""coordinates"":[]}"
20171008,2017-10-08,295.20888501268405,"{""type"":""MultiPoint"",""coordinates"":[]}"
20171009,2017-10-09,295.0740839440496,"{""type"":""MultiPoint"",""coordinates"":[]}"
20171010,2017-10-10,294.90973870798916,"{""type"":""MultiPoint"",""coordinates"":[]}"
20171011,2017-10-11,294.7674726642727,"{""type"":""MultiPoint"",""coordinates"":[]}"
20171012,2017-10-12,294.5532783255588,"{""type"":""MultiPoint"",""coordinates"":[]}"
20171013,2017-10-13,295.07627869934606,"{""type"":""MultiPoint"",""coordinates"":[]}"
20171014,2017-10-14,295.1017553295758,"{""type"":""MultiPoint"",""coordinates"":[]}"
20171015,2017-10-15,295.0664406075648,"{""type"":""MultiPoint"",""coordinates"":[]}"
20171016,2017-10-16,294.67332647543014,"{""type"":""MultiPoint"",""coordinates"":[]}"
20171017,2017-10-17,292.52300771282336,"{""type"":""MultiPoint"",""coordinates"":[]}"
20171018,2017-10-18,289.93515066751354,"{""type"":""MultiPoint"",""coordinates"":[]}"
20171019,2017-10-19,288.7835610061351,"{""type"":""MultiPoint"",""coordinates"":[]}"
20171020,2017-10-20,291.14323897153383,"{""type"":""MultiPoint"",""coordinates"":[]}"
20171021,2017-10-21,293.40296433390165,"{""type"":""MultiPoint"",""coordinates"":[]}"
20171022,2017-10-22,294.06431281800707,"{""type"":""MultiPoint"",""coordinates"":[]}"
20171023,2017-10-23,292.48005380608566,"{""type"":""MultiPoint"",""coordinates"":[]}"
20171024,2017-10-24,287.6148221542225,"{""type"":""MultiPoint"",""coordinates"":[]}"
20171025,2017-10-25,287.55098748062215,"{""type"":""MultiPoint"",""coordinates"":[]}"
20171026,2017-10-26,290.2680581253489,"{""type"":""MultiPoint"",""coordinates"":[]}"
20171027,2017-10-27,291.9909061614447,"{""type"":""MultiPoint"",""coordinates"":[]}"
20171028,2017-10-28,290.4151219340043,"{""type"":""MultiPoint"",""coordinates"":[]}"
20171029,2017-10-29,287.61528883105916,"{""type"":""MultiPoint"",""coordinates"":[]}"
20171030,2017-10-30,286.9469168333977,"{""type"":""MultiPoint"",""coordinates"":[]}"
20171031,2017-10-31,286.633556412188,"{""type"":""MultiPoint"",""coordinates"":[]}"
20171101,2017-11-01,285.4161005117188,"{""type"":""MultiPoint"",""coordinates"":[]}"
20171102,2017-11-02,285.16180282243175,"{""type"":""MultiPoint"",""coordinates"":[]}"
20171103,2017-11-03,283.6696216298017,"{""type"":""MultiPoint"",""coordinates"":[]}"
20171104,2017-11-04,282.7801473738777,"{""type"":""MultiPoint"",""coordinates"":[]}"
20171105,2017-11-05,287.18578510411123,"{""type"":""MultiPoint"",""coordinates"":[]}"
20171106,2017-11-06,287.36745765753665,"{""type"":""MultiPoint"",""coordinates"":[]}"
20171107,2017-11-07,285.8858874072571,"{""type"":""MultiPoint"",""coordinates"":[]}"
20171108,2017-11-08,285.7159454045219,"{""type"":""MultiPoint"",""coordinates"":[]}"
20171109,2017-11-09,286.2827216499792,"{""type"":""MultiPoint"",""coordinates"":[]}"
20171110,2017-11-10,285.80673717774164,"{""type"":""MultiPoint"",""coordinates"":[]}"
20171111,2017-11-11,283.992442110164,"{""type"":""MultiPoint"",""coordinates"":[]}"
20171112,2017-11-12,282.8857322533623,"{""type"":""MultiPoint"",""coordinates"":[]}"
20171113,2017-11-13,284.1864439824486,"{""type"":""MultiPoint"",""coordinates"":[]}"
20171114,2017-11-14,285.09159681152397,"{""type"":""MultiPoint"",""coordinates"":[]}"
20171115,2017-11-15,285.566590194149,"{""type"":""MultiPoint"",""coordinates"":[]}"
20171116,2017-11-16,285.4515368250525,"{""type"":""MultiPoint"",""coordinates"":[]}"
20171117,2017-11-17,286.0847777279792,"{""type"":""MultiPoint"",""coordinates"":[]}"
20171118,2017-11-18,286.24146580903846,"{""type"":""MultiPoint"",""coordinates"":[]}"
20171119,2017-11-19,288.2067018950769,"{""type"":""MultiPoint"",""coordinates"":[]}"
20171120,2017-11-20,291.5916988854436,"{""type"":""MultiPoint"",""coordinates"":[]}"
20171121,2017-11-21,292.1232497072237,"{""type"":""MultiPoint"",""coordinates"":[]}"
20171122,2017-11-22,292.0786232963299,"{""type"":""MultiPoint"",""coordinates"":[]}"
20171123,2017-11-23,289.05448047963824,"{""type"":""MultiPoint"",""coordinates"":[]}"
20171124,2017-11-24,286.2835442968513,"{""type"":""MultiPoint"",""coordinates"":[]}"
20171125,2017-11-25,288.5817081462934,"{""type"":""MultiPoint"",""coordinates"":[]}"
20171126,2017-11-26,286.5292158811359,"{""type"":""MultiPoint"",""coordinates"":[]}"
20171127,2017-11-27,284.8064449315418,"{""type"":""MultiPoint"",""coordinates"":[]}"
20171128,2017-11-28,284.6446690540939,"{""type"":""MultiPoint"",""coordinates"":[]}"
20171129,2017-11-29,284.0779645547813,"{""type"":""MultiPoint"",""coordinates"":[]}"
20171130,2017-11-30,283.9848025106731,"{""type"":""MultiPoint"",""coordinates"":[]}"
20171201,2017-12-01,284.3967238058885,"{""type"":""MultiPoint"",""coordinates"":[]}"
20171202,2017-12-02,287.0765329083949,"{""type"":""MultiPoint"",""coordinates"":[]}"
20171203,2017-12-03,287.69942547695246,"{""type"":""MultiPoint"",""coordinates"":[]}"
20171204,2017-12-04,288.418428238145,"{""type"":""MultiPoint"",""coordinates"":[]}"
20171205,2017-12-05,290.5597465143398,"{""type"":""MultiPoint"",""coordinates"":[]}"
20171206,2017-12-06,291.8041105677403,"{""type"":""MultiPoint"",""coordinates"":[]}"
20171207,2017-12-07,290.629113296538,"{""type"":""MultiPoint"",""coordinates"":[]}"
20171208,2017-12-08,290.40699034442275,"{""type"":""MultiPoint"",""coordinates"":[]}"
20171209,2017-12-09,288.59733571421356,"{""type"":""MultiPoint"",""coordinates"":[]}"
20171210,2017-12-10,288.1758948019865,"{""type"":""MultiPoint"",""coordinates"":[]}"
20171211,2017-12-11,288.6688128334044,"{""type"":""MultiPoint"",""coordinates"":[]}"
20171212,2017-12-12,287.9002719694831,"{""type"":""MultiPoint"",""coordinates"":[]}"
20171213,2017-12-13,287.18303176546544,"{""type"":""MultiPoint"",""coordinates"":[]}"
20171214,2017-12-14,286.4266843356688,"{""type"":""MultiPoint"",""coordinates"":[]}"
20171215,2017-12-15,287.01349972629833,"{""type"":""MultiPoint"",""coordinates"":[]}"
20171216,2017-12-16,285.56322665164635,"{""type"":""MultiPoint"",""coordinates"":[]}"
20171217,2017-12-17,282.8347388141953,"{""type"":""MultiPoint"",""coordinates"":[]}"
20171218,2017-12-18,283.671708611089,"{""type"":""MultiPoint"",""coordinates"":[]}"
20171219,2017-12-19,280.0062749797671,"{""type"":""MultiPoint"",""coordinates"":[]}"
20171220,2017-12-20,278.9230074257947,"{""type"":""MultiPoint"",""coordinates"":[]}"
20171221,2017-12-21,280.09765540371063,"{""type"":""MultiPoint"",""coordinates"":[]}"
20171222,2017-12-22,281.1703513976486,"{""type"":""MultiPoint"",""coordinates"":[]}"
20171223,2017-12-23,282.57656873206577,"{""type"":""MultiPoint"",""coordinates"":[]}"
20171224,2017-12-24,283.1739039678622,"{""type"":""MultiPoint"",""coordinates"":[]}"
20171225,2017-12-25,282.45207690793086,"{""type"":""MultiPoint"",""coordinates"":[]}"
20171226,2017-12-26,283.02688948397906,"{""type"":""MultiPoint"",""coordinates"":[]}"
20171227,2017-12-27,282.43838943804013,"{""type"":""MultiPoint"",""coordinates"":[]}"
20171228,2017-12-28,280.41753959995435,"{""type"":""MultiPoint"",""coordinates"":[]}"
20171229,2017-12-29,281.1618555165637,"{""type"":""MultiPoint"",""coordinates"":[]}"
20171230,2017-12-30,281.37617892654475,"{""type"":""MultiPoint"",""coordinates"":[]}"
20171231,2017-12-31,282.50350790338086,"{""type"":""MultiPoint"",""coordinates"":[]}"
20180101,2018-01-01,282.91505512591993,"{""type"":""MultiPoint"",""coordinates"":[]}"
20180102,2018-01-02,282.961708528041,"{""type"":""MultiPoint"",""coordinates"":[]}"
20180103,2018-01-03,283.2220291524852,"{""type"":""MultiPoint"",""coordinates"":[]}"
20180104,2018-01-04,284.16213649643066,"{""type"":""MultiPoint"",""coordinates"":[]}"
20180105,2018-01-05,284.00594060150183,"{""type"":""MultiPoint"",""coordinates"":[]}"
20180106,2018-01-06,282.9946101483619,"{""type"":""MultiPoint"",""coordinates"":[]}"
20180107,2018-01-07,282.06370031238805,"{""type"":""MultiPoint"",""coordinates"":[]}"
20180108,2018-01-08,282.7484957900263,"{""type"":""MultiPoint"",""coordinates"":[]}"
20180109,2018-01-09,283.4164663137692,"{""type"":""MultiPoint"",""coordinates"":[]}"
20180110,2018-01-10,285.357782861714,"{""type"":""MultiPoint"",""coordinates"":[]}"
20180111,2018-01-11,287.450007687477,"{""type"":""MultiPoint"",""coordinates"":[]}"
20180112,2018-01-12,287.9330256967593,"{""type"":""MultiPoint"",""coordinates"":[]}"
20180113,2018-01-13,288.41989083834727,"{""type"":""MultiPoint"",""coordinates"":[]}"
20180114,2018-01-14,287.16929494757954,"{""type"":""MultiPoint"",""coordinates"":[]}"
20180115,2018-01-15,287.1074804373332,"{""type"":""MultiPoint"",""coordinates"":[]}"
20180116,2018-01-16,285.96345480632215,"{""type"":""MultiPoint"",""coordinates"":[]}"
20180117,2018-01-17,283.73960904998387,"{""type"":""MultiPoint"",""coordinates"":[]}"
20180118,2018-01-18,283.6694517231858,"{""type"":""MultiPoint"",""coordinates"":[]}"
20180119,2018-01-19,283.6903603691157,"{""type"":""MultiPoint"",""coordinates"":[]}"
20180120,2018-01-20,281.98968765794456,"{""type"":""MultiPoint"",""coordinates"":[]}"
20180121,2018-01-21,281.2164739137348,"{""type"":""MultiPoint"",""coordinates"":[]}"
20180122,2018-01-22,283.2917653878853,"{""type"":""MultiPoint"",""coordinates"":[]}"
20180123,2018-01-23,284.3954504176678,"{""type"":""MultiPoint"",""coordinates"":[]}"
20180124,2018-01-24,282.7717792137647,"{""type"":""MultiPoint"",""coordinates"":[]}"
20180125,2018-01-25,281.7293033670863,"{""type"":""MultiPoint"",""coordinates"":[]}"
20180126,2018-01-26,280.51380006046685,"{""type"":""MultiPoint"",""coordinates"":[]}"
20180127,2018-01-27,281.31224047125664,"{""type"":""MultiPoint"",""coordinates"":[]}"
20180128,2018-01-28,282.39346223408114,"{""type"":""MultiPoint"",""coordinates"":[]}"
20180129,2018-01-29,282.50410914248295,"{""type"":""MultiPoint"",""coordinates"":[]}"
20180130,2018-01-30,280.4898658013064,"{""type"":""MultiPoint"",""coordinates"":[]}"
20180131,2018-01-31,278.91920455318706,"{""type"":""MultiPoint"",""coordinates"":[]}"
20180201,2018-02-01,278.6494546447769,"{""type"":""MultiPoint"",""coordinates"":[]}"
20180202,2018-02-02,279.7201304049851,"{""type"":""MultiPoint"",""coordinates"":[]}"
20180203,2018-02-03,280.82538622542313,"{""type"":""MultiPoint"",""coordinates"":[]}"
20180204,2018-02-04,281.66139751772465,"{""type"":""MultiPoint"",""coordinates"":[]}"
20180205,2018-02-05,280.18346387802,"{""type"":""MultiPoint"",""coordinates"":[]}"
20180206,2018-02-06,280.66387354394175,"{""type"":""MultiPoint"",""coordinates"":[]}"
20180207,2018-02-07,283.6695295143907,"{""type"":""MultiPoint"",""coordinates"":[]}"
20180208,2018-02-08,283.25206165585365,"{""type"":""MultiPoint"",""coordinates"":[]}"
20180209,2018-02-09,280.2114041391571,"{""type"":""MultiPoint"",""coordinates"":[]}"
20180210,2018-02-10,281.44267284781745,"{""type"":""MultiPoint"",""coordinates"":[]}"
20180211,2018-02-11,285.49768497188023,"{""type"":""MultiPoint"",""coordinates"":[]}"
20180212,2018-02-12,283.6850462951152,"{""type"":""MultiPoint"",""coordinates"":[]}"
20180213,2018-02-13,281.93714789936575,"{""type"":""MultiPoint"",""coordinates"":[]}"
20180214,2018-02-14,286.4885543807995,"{""type"":""MultiPoint"",""coordinates"":[]}"
20180215,2018-02-15,286.0407903165365,"{""type"":""MultiPoint"",""coordinates"":[]}"
20180216,2018-02-16,285.27047143687884,"{""type"":""MultiPoint"",""coordinates"":[]}"
20180217,2018-02-17,283.69459484370896,"{""type"":""MultiPoint"",""coordinates"":[]}"
20180218,2018-02-18,281.9024329460483,"{""type"":""MultiPoint"",""coordinates"":[]}"
20180219,2018-02-19,281.0114587259498,"{""type"":""MultiPoint"",""coordinates"":[]}"
20180220,2018-02-20,281.5511152099468,"{""type"":""MultiPoint"",""coordinates"":[]}"
20180221,2018-02-21,282.68332356179485,"{""type"":""MultiPoint"",""coordinates"":[]}"
20180222,2018-02-22,284.5577561140787,"{""type"":""MultiPoint"",""coordinates"":[]}"
20180223,2018-02-23,285.53348221363945,"{""type"":""MultiPoint"",""coordinates"":[]}"
20180224,2018-02-24,284.0259131195431,"{""type"":""MultiPoint"",""coordinates"":[]}"
20180225,2018-02-25,280.8799030992538,"{""type"":""MultiPoint"",""coordinates"":[]}"
20180226,2018-02-26,280.0044821352321,"{""type"":""MultiPoint"",""coordinates"":[]}"
20180227,2018-02-27,280.9205049995005,"{""type"":""MultiPoint"",""coordinates"":[]}"
20180228,2018-02-28,280.9075077038396,"{""type"":""MultiPoint"",""coordinates"":[]}"
20180301,2018-03-01,282.4060253701906,"{""type"":""MultiPoint"",""coordinates"":[]}"
20180302,2018-03-02,283.3466032136671,"{""type"":""MultiPoint"",""coordinates"":[]}"
20180303,2018-03-03,285.1973384701459,"{""type"":""MultiPoint"",""coordinates"":[]}"
20180304,2018-03-04,286.76986044138204,"{""type"":""MultiPoint"",""coordinates"":[]}"
20180305,2018-03-05,283.90727743812005,"{""type"":""MultiPoint"",""coordinates"":[]}"
20180306,2018-03-06,282.89934852958885,"{""type"":""MultiPoint"",""coordinates"":[]}"
20180307,2018-03-07,285.61002882883605,"{""type"":""MultiPoint"",""coordinates"":[]}"
20180308,2018-03-08,285.7173043207852,"{""type"":""MultiPoint"",""coordinates"":[]}"
20180309,2018-03-09,283.1757957336918,"{""type"":""MultiPoint"",""coordinates"":[]}"
20180310,2018-03-10,283.6559739540966,"{""type"":""MultiPoint"",""coordinates"":[]}"
20180311,2018-03-11,281.99056418360647,"{""type"":""MultiPoint"",""coordinates"":[]}"
20180312,2018-03-12,282.4417200457513,"{""type"":""MultiPoint"",""coordinates"":[]}"
20180313,2018-03-13,283.213363936636,"{""type"":""MultiPoint"",""coordinates"":[]}"
20180314,2018-03-14,279.1172584918589,"{""type"":""MultiPoint"",""coordinates"":[]}"
20180315,2018-03-15,279.44255103224924,"{""type"":""MultiPoint"",""coordinates"":[]}"
20180316,2018-03-16,285.2968444646686,"{""type"":""MultiPoint"",""coordinates"":[]}"
20180317,2018-03-17,286.7678118156059,"{""type"":""MultiPoint"",""coordinates"":[]}"
20180318,2018-03-18,287.8472818067044,"{""type"":""MultiPoint"",""coordinates"":[]}"
20180319,2018-03-19,288.58185686107385,"{""type"":""MultiPoint"",""coordinates"":[]}"
20180320,2018-03-20,285.2409023246494,"{""type"":""MultiPoint"",""coordinates"":[]}"
20180321,2018-03-21,283.96190070150953,"{""type"":""MultiPoint"",""coordinates"":[]}"
20180322,2018-03-22,280.8762103731366,"{""type"":""MultiPoint"",""coordinates"":[]}"
20180323,2018-03-23,282.53896286532887,"{""type"":""MultiPoint"",""coordinates"":[]}"
20180324,2018-03-24,282.57940218585236,"{""type"":""MultiPoint"",""coordinates"":[]}"
20180325,2018-03-25,279.2837617472406,"{""type"":""MultiPoint"",""coordinates"":[]}"
20180326,2018-03-26,283.21355300993196,"{""type"":""MultiPoint"",""coordinates"":[]}"
20180327,2018-03-27,285.894887154826,"{""type"":""MultiPoint"",""coordinates"":[]}"
20180328,2018-03-28,285.8262401189245,"{""type"":""MultiPoint"",""coordinates"":[]}"
20180329,2018-03-29,285.25895835535283,"{""type"":""MultiPoint"",""coordinates"":[]}"
20180330,2018-03-30,285.68741396853034,"{""type"":""MultiPoint"",""coordinates"":[]}"
20180331,2018-03-31,286.852928189988,"{""type"":""MultiPoint"",""coordinates"":[]}"
20180401,2018-04-01,284.35236393761215,"{""type"":""MultiPoint"",""coordinates"":[]}"
20180402,2018-04-02,284.84275115064776,"{""type"":""MultiPoint"",""coordinates"":[]}"
20180403,2018-04-03,285.0405425963684,"{""type"":""MultiPoint"",""coordinates"":[]}"
20180404,2018-04-04,286.48813097558667,"{""type"":""MultiPoint"",""coordinates"":[]}"
20180405,2018-04-05,286.4772970405545,"{""type"":""MultiPoint"",""coordinates"":[]}"
20180406,2018-04-06,286.4537035078119,"{""type"":""MultiPoint"",""coordinates"":[]}"
20180407,2018-04-07,287.0931442324243,"{""type"":""MultiPoint"",""coordinates"":[]}"
20180408,2018-04-08,285.09756436168544,"{""type"":""MultiPoint"",""coordinates"":[]}"
20180409,2018-04-09,284.0959218327713,"{""type"":""MultiPoint"",""coordinates"":[]}"
20180410,2018-04-10,285.16790375391656,"{""type"":""MultiPoint"",""coordinates"":[]}"
20180411,2018-04-11,286.94148351449303,"{""type"":""MultiPoint"",""coordinates"":[]}"
20180412,2018-04-12,287.7315037831488,"{""type"":""MultiPoint"",""coordinates"":[]}"
20180413,2018-04-13,287.48207435290976,"{""type"":""MultiPoint"",""coordinates"":[]}"
20180414,2018-04-14,287.7485738763415,"{""type"":""MultiPoint"",""coordinates"":[]}"
20180415,2018-04-15,289.9577796270456,"{""type"":""MultiPoint"",""coordinates"":[]}"
20180416,2018-04-16,289.85441074655404,"{""type"":""MultiPoint"",""coordinates"":[]}"
20180417,2018-04-17,291.2790342330074,"{""type"":""MultiPoint"",""coordinates"":[]}"
20180418,2018-04-18,290.73428289857344,"{""type"":""MultiPoint"",""coordinates"":[]}"
20180419,2018-04-19,286.33612335886437,"{""type"":""MultiPoint"",""coordinates"":[]}"
20180420,2018-04-20,286.88504080418846,"{""type"":""MultiPoint"",""coordinates"":[]}"
20180421,2018-04-21,286.7188519227939,"{""type"":""MultiPoint"",""coordinates"":[]}"
20180422,2018-04-22,284.44707622130034,"{""type"":""MultiPoint"",""coordinates"":[]}"
20180423,2018-04-23,286.66225016921777,"{""type"":""MultiPoint"",""coordinates"":[]}"
20180424,2018-04-24,283.24186172399783,"{""type"":""MultiPoint"",""coordinates"":[]}"
20180425,2018-04-25,282.90883660673836,"{""type"":""MultiPoint"",""coordinates"":[]}"
20180426,2018-04-26,284.78725317315804,"{""type"":""MultiPoint"",""coordinates"":[]}"
20180427,2018-04-27,286.8820261116375,"{""type"":""MultiPoint"",""coordinates"":[]}"
20180428,2018-04-28,288.9420691827637,"{""type"":""MultiPoint"",""coordinates"":[]}"
20180429,2018-04-29,289.3940562374705,"{""type"":""MultiPoint"",""coordinates"":[]}"
20180430,2018-04-30,287.1038004357455,"{""type"":""MultiPoint"",""coordinates"":[]}"
20180501,2018-05-01,288.7229985333853,"{""type"":""MultiPoint"",""coordinates"":[]}"
20180502,2018-05-02,287.7913665965621,"{""type"":""MultiPoint"",""coordinates"":[]}"
20180503,2018-05-03,287.129564345694,"{""type"":""MultiPoint"",""coordinates"":[]}"
20180504,2018-05-04,287.2693942673654,"{""type"":""MultiPoint"",""coordinates"":[]}"
20180505,2018-05-05,289.281128600631,"{""type"":""MultiPoint"",""coordinates"":[]}"
20180506,2018-05-06,291.3098177544194,"{""type"":""MultiPoint"",""coordinates"":[]}"
20180507,2018-05-07,288.557887189529,"{""type"":""MultiPoint"",""coordinates"":[]}"
20180508,2018-05-08,287.455900326852,"{""type"":""MultiPoint"",""coordinates"":[]}"
20180509,2018-05-09,287.3504813678905,"{""type"":""MultiPoint"",""coordinates"":[]}"
20180510,2018-05-10,290.6575461490533,"{""type"":""MultiPoint"",""coordinates"":[]}"
20180511,2018-05-11,291.22084038049684,"{""type"":""MultiPoint"",""coordinates"":[]}"
20180512,2018-05-12,290.46502723856844,"{""type"":""MultiPoint"",""coordinates"":[]}"
20180513,2018-05-13,290.26024881179745,"{""type"":""MultiPoint"",""coordinates"":[]}"
20180514,2018-05-14,291.0877787500413,"{""type"":""MultiPoint"",""coordinates"":[]}"
20180515,2018-05-15,290.44527365834784,"{""type"":""MultiPoint"",""coordinates"":[]}"
20180516,2018-05-16,291.0719616806904,"{""type"":""MultiPoint"",""coordinates"":[]}"
20180517,2018-05-17,291.72245691662965,"{""type"":""MultiPoint"",""coordinates"":[]}"
20180518,2018-05-18,293.09334050842284,"{""type"":""MultiPoint"",""coordinates"":[]}"
20180519,2018-05-19,290.28765675354265,"{""type"":""MultiPoint"",""coordinates"":[]}"
20180520,2018-05-20,290.2692100759238,"{""type"":""MultiPoint"",""coordinates"":[]}"
20180521,2018-05-21,290.89273826042813,"{""type"":""MultiPoint"",""coordinates"":[]}"
20180522,2018-05-22,289.0618283535756,"{""type"":""MultiPoint"",""coordinates"":[]}"
20180523,2018-05-23,290.2481800041758,"{""type"":""MultiPoint"",""coordinates"":[]}"
20180524,2018-05-24,291.75551054732557,"{""type"":""MultiPoint"",""coordinates"":[]}"
20180525,2018-05-25,291.483781317239,"{""type"":""MultiPoint"",""coordinates"":[]}"
20180526,2018-05-26,292.29701881524323,"{""type"":""MultiPoint"",""coordinates"":[]}"
20180527,2018-05-27,293.8941650097543,"{""type"":""MultiPoint"",""coordinates"":[]}"
20180528,2018-05-28,293.842935125089,"{""type"":""MultiPoint"",""coordinates"":[]}"
20180529,2018-05-29,293.59906033344,"{""type"":""MultiPoint"",""coordinates"":[]}"
20180530,2018-05-30,293.27022582570333,"{""type"":""MultiPoint"",""coordinates"":[]}"
20180531,2018-05-31,294.18003642633926,"{""type"":""MultiPoint"",""coordinates"":[]}"
20180601,2018-06-01,294.8552425454167,"{""type"":""MultiPoint"",""coordinates"":[]}"
20180602,2018-06-02,295.2761166481939,"{""type"":""MultiPoint"",""coordinates"":[]}"
20180603,2018-06-03,295.2997232582978,"{""type"":""MultiPoint"",""coordinates"":[]}"
20180604,2018-06-04,295.30670214109807,"{""type"":""MultiPoint"",""coordinates"":[]}"
20180605,2018-06-05,295.2168295590542,"{""type"":""MultiPoint"",""coordinates"":[]}"
20180606,2018-06-06,295.5806312769606,"{""type"":""MultiPoint"",""coordinates"":[]}"
20180607,2018-06-07,295.87927925365994,"{""type"":""MultiPoint"",""coordinates"":[]}"
20180608,2018-06-08,295.69391479026274,"{""type"":""MultiPoint"",""coordinates"":[]}"
20180609,2018-06-09,295.2325872468588,"{""type"":""MultiPoint"",""coordinates"":[]}"
20180610,2018-06-10,295.1550870498294,"{""type"":""MultiPoint"",""coordinates"":[]}"
20180611,2018-06-11,295.33098791939335,"{""type"":""MultiPoint"",""coordinates"":[]}"
20180612,2018-06-12,294.6104889683879,"{""type"":""MultiPoint"",""coordinates"":[]}"
20180613,2018-06-13,294.570116703159,"{""type"":""MultiPoint"",""coordinates"":[]}"
20180614,2018-06-14,294.4253152172134,"{""type"":""MultiPoint"",""coordinates"":[]}"
20180615,2018-06-15,294.0553615130782,"{""type"":""MultiPoint"",""coordinates"":[]}"
20180616,2018-06-16,293.6317468263829,"{""type"":""MultiPoint"",""coordinates"":[]}"
20180617,2018-06-17,294.0439656191904,"{""type"":""MultiPoint"",""coordinates"":[]}"
20180618,2018-06-18,294.74588259414475,"{""type"":""MultiPoint"",""coordinates"":[]}"
20180619,2018-06-19,294.7519507872573,"{""type"":""MultiPoint"",""coordinates"":[]}"
20180620,2018-06-20,295.4256552134845,"{""type"":""MultiPoint"",""coordinates"":[]}"
20180621,2018-06-21,295.4361121698713,"{""type"":""MultiPoint"",""coordinates"":[]}"
20180622,2018-06-22,294.98901860499996,"{""type"":""MultiPoint"",""coordinates"":[]}"
20180623,2018-06-23,294.4205762991424,"{""type"":""MultiPoint"",""coordinates"":[]}"
20180624,2018-06-24,294.6062325261669,"{""type"":""MultiPoint"",""coordinates"":[]}"
20180625,2018-06-25,294.63313993520796,"{""type"":""MultiPoint"",""coordinates"":[]}"
20180626,2018-06-26,294.3481823862493,"{""type"":""MultiPoint"",""coordinates"":[]}"
20180627,2018-06-27,294.15070661770693,"{""type"":""MultiPoint"",""coordinates"":[]}"
20180628,2018-06-28,293.9876504461605,"{""type"":""MultiPoint"",""coordinates"":[]}"
20180629,2018-06-29,294.096425743344,"{""type"":""MultiPoint"",""coordinates"":[]}"
20180630,2018-06-30,293.8838350202876,"{""type"":""MultiPoint"",""coordinates"":[]}"
20180701,2018-07-01,294.0607645305003,"{""type"":""MultiPoint"",""coordinates"":[]}"
20180702,2018-07-02,294.41322004088005,"{""type"":""MultiPoint"",""coordinates"":[]}"
20180703,2018-07-03,294.3833155381987,"{""type"":""MultiPoint"",""coordinates"":[]}"
20180704,2018-07-04,294.0720677329001,"{""type"":""MultiPoint"",""coordinates"":[]}"
20180705,2018-07-05,294.40516739597655,"{""type"":""MultiPoint"",""coordinates"":[]}"
20180706,2018-07-06,294.2529526647194,"{""type"":""MultiPoint"",""coordinates"":[]}"
20180707,2018-07-07,294.3409383446319,"{""type"":""MultiPoint"",""coordinates"":[]}"
20180708,2018-07-08,294.3012111746418,"{""type"":""MultiPoint"",""coordinates"":[]}"
20180709,2018-07-09,294.4503814226623,"{""type"":""MultiPoint"",""coordinates"":[]}"
20180710,2018-07-10,294.3761518351585,"{""type"":""MultiPoint"",""coordinates"":[]}"
20180711,2018-07-11,294.23522048571056,"{""type"":""MultiPoint"",""coordinates"":[]}"
20180712,2018-07-12,294.1672005183893,"{""type"":""MultiPoint"",""coordinates"":[]}"
20180713,2018-07-13,294.17813215855216,"{""type"":""MultiPoint"",""coordinates"":[]}"
20180714,2018-07-14,294.20830175403285,"{""type"":""MultiPoint"",""coordinates"":[]}"
20180715,2018-07-15,294.35095547707374,"{""type"":""MultiPoint"",""coordinates"":[]}"
20180716,2018-07-16,294.35286298071964,"{""type"":""MultiPoint"",""coordinates"":[]}"
20180717,2018-07-17,294.13590451805595,"{""type"":""MultiPoint"",""coordinates"":[]}"
20180718,2018-07-18,293.7647241871029,"{""type"":""MultiPoint"",""coordinates"":[]}"
20180719,2018-07-19,293.87991347857144,"{""type"":""MultiPoint"",""coordinates"":[]}"
20180720,2018-07-20,294.0171795146254,"{""type"":""MultiPoint"",""coordinates"":[]}"
20180721,2018-07-21,293.84242749304536,"{""type"":""MultiPoint"",""coordinates"":[]}"
20180722,2018-07-22,293.90978842512885,"{""type"":""MultiPoint"",""coordinates"":[]}"
20180723,2018-07-23,293.9197173488028,"{""type"":""MultiPoint"",""coordinates"":[]}"
20180724,2018-07-24,293.8301510394623,"{""type"":""MultiPoint"",""coordinates"":[]}"
20180725,2018-07-25,293.4741113497298,"{""type"":""MultiPoint"",""coordinates"":[]}"
20180726,2018-07-26,293.6214483420844,"{""type"":""MultiPoint"",""coordinates"":[]}"
20180727,2018-07-27,293.64044461834976,"{""type"":""MultiPoint"",""coordinates"":[]}"
20180728,2018-07-28,293.7149852624357,"{""type"":""MultiPoint"",""coordinates"":[]}"
20180729,2018-07-29,293.57829737859663,"{""type"":""MultiPoint"",""coordinates"":[]}"
20180730,2018-07-30,293.6003087093104,"{""type"":""MultiPoint"",""coordinates"":[]}"
20180731,2018-07-31,293.48264206563294,"{""type"":""MultiPoint"",""coordinates"":[]}"
20180801,2018-08-01,293.4874121059721,"{""type"":""MultiPoint"",""coordinates"":[]}"
20180802,2018-08-02,293.4469312030162,"{""type"":""MultiPoint"",""coordinates"":[]}"
20180803,2018-08-03,293.4081349684339,"{""type"":""MultiPoint"",""coordinates"":[]}"
20180804,2018-08-04,293.4565570227037,"{""type"":""MultiPoint"",""coordinates"":[]}"
20180805,2018-08-05,293.05561575722584,"{""type"":""MultiPoint"",""coordinates"":[]}"
20180806,2018-08-06,293.0240076982218,"{""type"":""MultiPoint"",""coordinates"":[]}"
20180807,2018-08-07,293.0833476707164,"{""type"":""MultiPoint"",""coordinates"":[]}"
20180808,2018-08-08,293.61437650449056,"{""type"":""MultiPoint"",""coordinates"":[]}"
20180809,2018-08-09,293.3662077754319,"{""type"":""MultiPoint"",""coordinates"":[]}"
20180810,2018-08-10,293.4456814535338,"{""type"":""MultiPoint"",""coordinates"":[]}"
20180811,2018-08-11,293.56936046543643,"{""type"":""MultiPoint"",""coordinates"":[]}"
20180812,2018-08-12,293.177223459991,"{""type"":""MultiPoint"",""coordinates"":[]}"
20180813,2018-08-13,293.5525880297379,"{""type"":""MultiPoint"",""coordinates"":[]}"
20180814,2018-08-14,293.8470719350829,"{""type"":""MultiPoint"",""coordinates"":[]}"
20180815,2018-08-15,294.0116592534675,"{""type"":""MultiPoint"",""coordinates"":[]}"
20180816,2018-08-16,293.77071686711486,"{""type"":""MultiPoint"",""coordinates"":[]}"
20180817,2018-08-17,293.7559180801237,"{""type"":""MultiPoint"",""coordinates"":[]}"
20180818,2018-08-18,293.6564150327763,"{""type"":""MultiPoint"",""coordinates"":[]}"
20180819,2018-08-19,293.5162545443402,"{""type"":""MultiPoint"",""coordinates"":[]}"
20180820,2018-08-20,293.4939639700197,"{""type"":""MultiPoint"",""coordinates"":[]}"
20180821,2018-08-21,293.56299324076286,"{""type"":""MultiPoint"",""coordinates"":[]}"
20180822,2018-08-22,293.57944114674086,"{""type"":""MultiPoint"",""coordinates"":[]}"
20180823,2018-08-23,293.3139412180733,"{""type"":""MultiPoint"",""coordinates"":[]}"
20180824,2018-08-24,293.3442753163977,"{""type"":""MultiPoint"",""coordinates"":[]}"
20180825,2018-08-25,293.10534770182835,"{""type"":""MultiPoint"",""coordinates"":[]}"
20180826,2018-08-26,293.1296578548298,"{""type"":""MultiPoint"",""coordinates"":[]}"
20180827,2018-08-27,293.27188392957623,"{""type"":""MultiPoint"",""coordinates"":[]}"
20180828,2018-08-28,293.2982784965925,"{""type"":""MultiPoint"",""coordinates"":[]}"
20180829,2018-08-29,293.3206822361711,"{""type"":""MultiPoint"",""coordinates"":[]}"
20180830,2018-08-30,293.3032511143166,"{""type"":""MultiPoint"",""coordinates"":[]}"
20180831,2018-08-31,293.0488642617285,"{""type"":""MultiPoint"",""coordinates"":[]}"
20180901,2018-09-01,293.2081234735399,"{""type"":""MultiPoint"",""coordinates"":[]}"
20180902,2018-09-02,293.0979899151065,"{""type"":""MultiPoint"",""coordinates"":[]}"
20180903,2018-09-03,292.9941749614383,"{""type"":""MultiPoint"",""coordinates"":[]}"
20180904,2018-09-04,292.6096763149228,"{""type"":""MultiPoint"",""coordinates"":[]}"
20180905,2018-09-05,292.3159766997434,"{""type"":""MultiPoint"",""coordinates"":[]}"
20180906,2018-09-06,292.19950110390664,"{""type"":""MultiPoint"",""coordinates"":[]}"
20180907,2018-09-07,292.2330657324327,"{""type"":""MultiPoint"",""coordinates"":[]}"
20180908,2018-09-08,291.64150323097186,"{""type"":""MultiPoint"",""coordinates"":[]}"
20180909,2018-09-09,291.3962199984024,"{""type"":""MultiPoint"",""coordinates"":[]}"
20180910,2018-09-10,291.96979784449326,"{""type"":""MultiPoint"",""coordinates"":[]}"
20180911,2018-09-11,292.215287167626,"{""type"":""MultiPoint"",""coordinates"":[]}"
20180912,2018-09-12,291.3213384518774,"{""type"":""MultiPoint"",""coordinates"":[]}"
20180913,2018-09-13,291.5261338566412,"{""type"":""MultiPoint"",""coordinates"":[]}"
20180914,2018-09-14,292.3249361053088,"{""type"":""MultiPoint"",""coordinates"":[]}"
20180915,2018-09-15,292.95591082374784,"{""type"":""MultiPoint"",""coordinates"":[]}"
20180916,2018-09-16,293.246575077792,"{""type"":""MultiPoint"",""coordinates"":[]}"
20180917,2018-09-17,292.23670360307204,"{""type"":""MultiPoint"",""coordinates"":[]}"
20180918,2018-09-18,292.21215045933826,"{""type"":""MultiPoint"",""coordinates"":[]}"
20180919,2018-09-19,293.29884479810266,"{""type"":""MultiPoint"",""coordinates"":[]}"
20180920,2018-09-20,293.5950969611276,"{""type"":""MultiPoint"",""coordinates"":[]}"
20180921,2018-09-21,293.80034582469386,"{""type"":""MultiPoint"",""coordinates"":[]}"
20180922,2018-09-22,293.1664961075768,"{""type"":""MultiPoint"",""coordinates"":[]}"
20180923,2018-09-23,293.2716152751605,"{""type"":""MultiPoint"",""coordinates"":[]}"
20180924,2018-09-24,293.6350666077664,"{""type"":""MultiPoint"",""coordinates"":[]}"
20180925,2018-09-25,293.7090021574004,"{""type"":""MultiPoint"",""coordinates"":[]}"
20180926,2018-09-26,293.929748166042,"{""type"":""MultiPoint"",""coordinates"":[]}"
20180927,2018-09-27,293.75826047692175,"{""type"":""MultiPoint"",""coordinates"":[]}"
20180928,2018-09-28,293.68419322604217,"{""type"":""MultiPoint"",""coordinates"":[]}"
20180929,2018-09-29,293.720515633262,"{""type"":""MultiPoint"",""coordinates"":[]}"
20180930,2018-09-30,294.03141959899773,"{""type"":""MultiPoint"",""coordinates"":[]}"
20181001,2018-10-01,293.8646596408122,"{""type"":""MultiPoint"",""coordinates"":[]}"
20181002,2018-10-02,294.0328204238065,"{""type"":""MultiPoint"",""coordinates"":[]}"
20181003,2018-10-03,294.10909775720916,"{""type"":""MultiPoint"",""coordinates"":[]}"
20181004,2018-10-04,293.6296467765938,"{""type"":""MultiPoint"",""coordinates"":[]}"
20181005,2018-10-05,293.16565871627375,"{""type"":""MultiPoint"",""coordinates"":[]}"
20181006,2018-10-06,290.8671115107089,"{""type"":""MultiPoint"",""coordinates"":[]}"
20181007,2018-10-07,290.3793404402374,"{""type"":""MultiPoint"",""coordinates"":[]}"
20181008,2018-10-08,291.3345900585916,"{""type"":""MultiPoint"",""coordinates"":[]}"
20181009,2018-10-09,291.5173624929223,"{""type"":""MultiPoint"",""coordinates"":[]}"
20181010,2018-10-10,291.38083255330446,"{""type"":""MultiPoint"",""coordinates"":[]}"
20181011,2018-10-11,290.6587544160972,"{""type"":""MultiPoint"",""coordinates"":[]}"
20181012,2018-10-12,289.2610060898,"{""type"":""MultiPoint"",""coordinates"":[]}"
20181013,2018-10-13,287.22825835759085,"{""type"":""MultiPoint"",""coordinates"":[]}"
20181014,2018-10-14,287.16265742941647,"{""type"":""MultiPoint"",""coordinates"":[]}"
20181015,2018-10-15,287.6666104516766,"{""type"":""MultiPoint"",""coordinates"":[]}"
20181016,2018-10-16,289.79580777847957,"{""type"":""MultiPoint"",""coordinates"":[]}"
20181017,2018-10-17,291.95450115243375,"{""type"":""MultiPoint"",""coordinates"":[]}"
20181018,2018-10-18,292.9024387801873,"{""type"":""MultiPoint"",""coordinates"":[]}"
20181019,2018-10-19,292.3934496127818,"{""type"":""MultiPoint"",""coordinates"":[]}"
20181020,2018-10-20,290.6903519485231,"{""type"":""MultiPoint"",""coordinates"":[]}"
20181021,2018-10-21,290.4790566685096,"{""type"":""MultiPoint"",""coordinates"":[]}"
20181022,2018-10-22,289.86735075535125,"{""type"":""MultiPoint"",""coordinates"":[]}"
20181023,2018-10-23,286.59790092061615,"{""type"":""MultiPoint"",""coordinates"":[]}"
20181024,2018-10-24,286.6165350597462,"{""type"":""MultiPoint"",""coordinates"":[]}"
20181025,2018-10-25,290.24661077870644,"{""type"":""MultiPoint"",""coordinates"":[]}"
20181026,2018-10-26,287.1742310839956,"{""type"":""MultiPoint"",""coordinates"":[]}"
20181027,2018-10-27,284.4919274507251,"{""type"":""MultiPoint"",""coordinates"":[]}"
20181028,2018-10-28,282.49175325575925,"{""type"":""MultiPoint"",""coordinates"":[]}"
20181029,2018-10-29,282.0137395516993,"{""type"":""MultiPoint"",""coordinates"":[]}"
20181030,2018-10-30,282.0847359250652,"{""type"":""MultiPoint"",""coordinates"":[]}"
20181031,2018-10-31,284.26558848830405,"{""type"":""MultiPoint"",""coordinates"":[]}"
20181101,2018-11-01,285.24407546195323,"{""type"":""MultiPoint"",""coordinates"":[]}"
20181102,2018-11-02,288.40965276189894,"{""type"":""MultiPoint"",""coordinates"":[]}"
20181103,2018-11-03,291.95151078622644,"{""type"":""MultiPoint"",""coordinates"":[]}"
20181104,2018-11-04,291.9302129093712,"{""type"":""MultiPoint"",""coordinates"":[]}"
20181105,2018-11-05,293.01184617330745,"{""type"":""MultiPoint"",""coordinates"":[]}"
20181106,2018-11-06,291.78833732497657,"{""type"":""MultiPoint"",""coordinates"":[]}"
20181107,2018-11-07,288.3286080916766,"{""type"":""MultiPoint"",""coordinates"":[]}"
20181108,2018-11-08,288.093681681173,"{""type"":""MultiPoint"",""coordinates"":[]}"
20181109,2018-11-09,287.35228485873654,"{""type"":""MultiPoint"",""coordinates"":[]}"
20181110,2018-11-10,286.0826690752086,"{""type"":""MultiPoint"",""coordinates"":[]}"
20181111,2018-11-11,285.00137847461326,"{""type"":""MultiPoint"",""coordinates"":[]}"
20181112,2018-11-12,282.36126950218835,"{""type"":""MultiPoint"",""coordinates"":[]}"
20181113,2018-11-13,282.77256944390155,"{""type"":""MultiPoint"",""coordinates"":[]}"
20181114,2018-11-14,283.5792137349947,"{""type"":""MultiPoint"",""coordinates"":[]}"
20181115,2018-11-15,281.45681266148466,"{""type"":""MultiPoint"",""coordinates"":[]}"
20181116,2018-11-16,281.9196496611624,"{""type"":""MultiPoint"",""coordinates"":[]}"
20181117,2018-11-17,284.8494861982202,"{""type"":""MultiPoint"",""coordinates"":[]}"
20181118,2018-11-18,289.02609872133763,"{""type"":""MultiPoint"",""coordinates"":[]}"
20181119,2018-11-19,292.490053192879,"{""type"":""MultiPoint"",""coordinates"":[]}"
20181120,2018-11-20,292.9404361868885,"{""type"":""MultiPoint"",""coordinates"":[]}"
20181121,2018-11-21,291.8807386529634,"{""type"":""MultiPoint"",""coordinates"":[]}"
20181122,2018-11-22,288.0832367970105,"{""type"":""MultiPoint"",""coordinates"":[]}"
20181123,2018-11-23,285.4030667576232,"{""type"":""MultiPoint"",""coordinates"":[]}"
20181124,2018-11-24,284.9358851440113,"{""type"":""MultiPoint"",""coordinates"":[]}"
20181125,2018-11-25,286.1852581641296,"{""type"":""MultiPoint"",""coordinates"":[]}"
20181126,2018-11-26,284.8807171623524,"{""type"":""MultiPoint"",""coordinates"":[]}"
20181127,2018-11-27,283.31199787709335,"{""type"":""MultiPoint"",""coordinates"":[]}"
20181128,2018-11-28,282.9107020691138,"{""type"":""MultiPoint"",""coordinates"":[]}"
20181129,2018-11-29,283.2439461970139,"{""type"":""MultiPoint"",""coordinates"":[]}"
20181130,2018-11-30,282.7729711807298,"{""type"":""MultiPoint"",""coordinates"":[]}"
20181201,2018-12-01,283.4893154606157,"{""type"":""MultiPoint"",""coordinates"":[]}"
20181202,2018-12-02,284.6878845264747,"{""type"":""MultiPoint"",""coordinates"":[]}"
20181203,2018-12-03,285.10917071234843,"{""type"":""MultiPoint"",""coordinates"":[]}"
20181204,2018-12-04,286.48151256382573,"{""type"":""MultiPoint"",""coordinates"":[]}"
20181205,2018-12-05,288.0311653219467,"{""type"":""MultiPoint"",""coordinates"":[]}"
20181206,2018-12-06,287.3596879508718,"{""type"":""MultiPoint"",""coordinates"":[]}"
20181207,2018-12-07,287.8237738235881,"{""type"":""MultiPoint"",""coordinates"":[]}"
20181208,2018-12-08,288.15603379801445,"{""type"":""MultiPoint"",""coordinates"":[]}"
20181209,2018-12-09,287.0368416621885,"{""type"":""MultiPoint"",""coordinates"":[]}"
20181210,2018-12-10,281.2635822311605,"{""type"":""MultiPoint"",""coordinates"":[]}"
20181211,2018-12-11,279.85192412010275,"{""type"":""MultiPoint"",""coordinates"":[]}"
20181212,2018-12-12,282.06838600019796,"{""type"":""MultiPoint"",""coordinates"":[]}"
20181213,2018-12-13,282.3519881378985,"{""type"":""MultiPoint"",""coordinates"":[]}"
20181214,2018-12-14,285.5190713519828,"{""type"":""MultiPoint"",""coordinates"":[]}"
20181215,2018-12-15,284.32442427978464,"{""type"":""MultiPoint"",""coordinates"":[]}"
20181216,2018-12-16,281.4880860035795,"{""type"":""MultiPoint"",""coordinates"":[]}"
20181217,2018-12-17,281.82795606910065,"{""type"":""MultiPoint"",""coordinates"":[]}"
20181218,2018-12-18,283.9683766028956,"{""type"":""MultiPoint"",""coordinates"":[]}"
20181219,2018-12-19,281.3547174680536,"{""type"":""MultiPoint"",""coordinates"":[]}"
20181220,2018-12-20,284.545565356918,"{""type"":""MultiPoint"",""coordinates"":[]}"
20181221,2018-12-21,284.81200312513226,"{""type"":""MultiPoint"",""coordinates"":[]}"
20181222,2018-12-22,284.9929064985967,"{""type"":""MultiPoint"",""coordinates"":[]}"
20181223,2018-12-23,286.50622776929964,"{""type"":""MultiPoint"",""coordinates"":[]}"
20181224,2018-12-24,287.39608757341,"{""type"":""MultiPoint"",""coordinates"":[]}"
20181225,2018-12-25,286.90025846835806,"{""type"":""MultiPoint"",""coordinates"":[]}"
20181226,2018-12-26,283.86930896319086,"{""type"":""MultiPoint"",""coordinates"":[]}"
20181227,2018-12-27,277.43038072307877,"{""type"":""MultiPoint"",""coordinates"":[]}"
20181228,2018-12-28,276.38103711576593,"{""type"":""MultiPoint"",""coordinates"":[]}"
20181229,2018-12-29,276.26015625949157,"{""type"":""MultiPoint"",""coordinates"":[]}"
20181230,2018-12-30,276.70721063867006,"{""type"":""MultiPoint"",""coordinates"":[]}"
20181231,2018-12-31,277.51853586049845,"{""type"":""MultiPoint"",""coordinates"":[]}"
20190101,2019-01-01,277.50406684520425,"{""type"":""MultiPoint"",""coordinates"":[]}"
20190102,2019-01-02,277.2929225006363,"{""type"":""MultiPoint"",""coordinates"":[]}"
20190103,2019-01-03,278.6175680622476,"{""type"":""MultiPoint"",""coordinates"":[]}"
20190104,2019-01-04,280.2026623083455,"{""type"":""MultiPoint"",""coordinates"":[]}"
20190105,2019-01-05,282.0672709216626,"{""type"":""MultiPoint"",""coordinates"":[]}"
20190106,2019-01-06,280.69825439294635,"{""type"":""MultiPoint"",""coordinates"":[]}"
20190107,2019-01-07,279.9138235907365,"{""type"":""MultiPoint"",""coordinates"":[]}"
20190108,2019-01-08,279.55774653515704,"{""type"":""MultiPoint"",""coordinates"":[]}"
20190109,2019-01-09,279.6676724352451,"{""type"":""MultiPoint"",""coordinates"":[]}"
20190110,2019-01-10,280.19027464914626,"{""type"":""MultiPoint"",""coordinates"":[]}"
20190111,2019-01-11,281.6260458749537,"{""type"":""MultiPoint"",""coordinates"":[]}"
20190112,2019-01-12,282.29119309227565,"{""type"":""MultiPoint"",""coordinates"":[]}"
20190113,2019-01-13,281.6254660239443,"{""type"":""MultiPoint"",""coordinates"":[]}"
20190114,2019-01-14,283.77188511743174,"{""type"":""MultiPoint"",""coordinates"":[]}"
20190115,2019-01-15,283.8719446589484,"{""type"":""MultiPoint"",""coordinates"":[]}"
20190116,2019-01-16,283.9335523023212,"{""type"":""MultiPoint"",""coordinates"":[]}"
20190117,2019-01-17,283.04910708637203,"{""type"":""MultiPoint"",""coordinates"":[]}"
20190118,2019-01-18,282.3800500802035,"{""type"":""MultiPoint"",""coordinates"":[]}"
20190119,2019-01-19,282.90178175941475,"{""type"":""MultiPoint"",""coordinates"":[]}"
20190120,2019-01-20,281.985913542202,"{""type"":""MultiPoint"",""coordinates"":[]}"
20190121,2019-01-21,282.56339917575957,"{""type"":""MultiPoint"",""coordinates"":[]}"
20190122,2019-01-22,283.23142279251095,"{""type"":""MultiPoint"",""coordinates"":[]}"
20190123,2019-01-23,283.85508359392975,"{""type"":""MultiPoint"",""coordinates"":[]}"
20190124,2019-01-24,283.07538822172535,"{""type"":""MultiPoint"",""coordinates"":[]}"
20190125,2019-01-25,278.3340884439886,"{""type"":""MultiPoint"",""coordinates"":[]}"
20190126,2019-01-26,282.350601610222,"{""type"":""MultiPoint"",""coordinates"":[]}"
20190127,2019-01-27,282.6065632498186,"{""type"":""MultiPoint"",""coordinates"":[]}"
20190128,2019-01-28,280.2785613388541,"{""type"":""MultiPoint"",""coordinates"":[]}"
20190129,2019-01-29,278.8715735829528,"{""type"":""MultiPoint"",""coordinates"":[]}"
20190130,2019-01-30,279.3699089884608,"{""type"":""MultiPoint"",""coordinates"":[]}"
20190131,2019-01-31,281.37966529089283,"{""type"":""MultiPoint"",""coordinates"":[]}"
20190201,2019-02-01,283.1718870085576,"{""type"":""MultiPoint"",""coordinates"":[]}"
20190202,2019-02-02,284.0380114339012,"{""type"":""MultiPoint"",""coordinates"":[]}"
20190203,2019-02-03,283.72820685378457,"{""type"":""MultiPoint"",""coordinates"":[]}"
20190204,2019-02-04,283.45237482092875,"{""type"":""MultiPoint"",""coordinates"":[]}"
20190205,2019-02-05,284.68039883351173,"{""type"":""MultiPoint"",""coordinates"":[]}"
20190206,2019-02-06,286.00288510577485,"{""type"":""MultiPoint"",""coordinates"":[]}"
20190207,2019-02-07,282.51398021896375,"{""type"":""MultiPoint"",""coordinates"":[]}"
20190208,2019-02-08,277.99269124317044,"{""type"":""MultiPoint"",""coordinates"":[]}"
20190209,2019-02-09,271.9821012787022,"{""type"":""MultiPoint"",""coordinates"":[]}"
20190210,2019-02-10,278.16257571447187,"{""type"":""MultiPoint"",""coordinates"":[]}"
20190211,2019-02-11,283.35629144359166,"{""type"":""MultiPoint"",""coordinates"":[]}"
20190212,2019-02-12,287.2635969270061,"{""type"":""MultiPoint"",""coordinates"":[]}"
20190213,2019-02-13,285.08357329412974,"{""type"":""MultiPoint"",""coordinates"":[]}"
20190214,2019-02-14,283.96741975240207,"{""type"":""MultiPoint"",""coordinates"":[]}"
20190215,2019-02-15,283.0768023228343,"{""type"":""MultiPoint"",""coordinates"":[]}"
20190216,2019-02-16,279.16428000649256,"{""type"":""MultiPoint"",""coordinates"":[]}"
20190217,2019-02-17,280.2326438982598,"{""type"":""MultiPoint"",""coordinates"":[]}"
20190218,2019-02-18,281.84754203198764,"{""type"":""MultiPoint"",""coordinates"":[]}"
20190219,2019-02-19,282.4406596458325,"{""type"":""MultiPoint"",""coordinates"":[]}"
20190220,2019-02-20,285.94543064620643,"{""type"":""MultiPoint"",""coordinates"":[]}"
20190221,2019-02-21,287.5006005403265,"{""type"":""MultiPoint"",""coordinates"":[]}"
20190222,2019-02-22,285.87865828589497,"{""type"":""MultiPoint"",""coordinates"":[]}"
20190223,2019-02-23,283.87857192352726,"{""type"":""MultiPoint"",""coordinates"":[]}"
20190224,2019-02-24,280.36707376257317,"{""type"":""MultiPoint"",""coordinates"":[]}"
20190225,2019-02-25,278.4225430767435,"{""type"":""MultiPoint"",""coordinates"":[]}"
20190226,2019-02-26,277.8915609682286,"{""type"":""MultiPoint"",""coordinates"":[]}"
20190227,2019-02-27,280.83263575899593,"{""type"":""MultiPoint"",""coordinates"":[]}"
20190228,2019-02-28,280.24261659259577,"{""type"":""MultiPoint"",""coordinates"":[]}"
20190301,2019-03-01,279.24878445456403,"{""type"":""MultiPoint"",""coordinates"":[]}"
20190302,2019-03-02,283.03778726624176,"{""type"":""MultiPoint"",""coordinates"":[]}"
20190303,2019-03-03,284.9375239417775,"{""type"":""MultiPoint"",""coordinates"":[]}"
20190304,2019-03-04,286.6757583319088,"{""type"":""MultiPoint"",""coordinates"":[]}"
20190305,2019-03-05,284.94099038655236,"{""type"":""MultiPoint"",""coordinates"":[]}"
20190306,2019-03-06,283.2458904143006,"{""type"":""MultiPoint"",""coordinates"":[]}"
20190307,2019-03-07,279.4401715501367,"{""type"":""MultiPoint"",""coordinates"":[]}"
20190308,2019-03-08,281.5973296156444,"{""type"":""MultiPoint"",""coordinates"":[]}"
20190309,2019-03-09,281.9352842066214,"{""type"":""MultiPoint"",""coordinates"":[]}"
20190310,2019-03-10,282.1821606306817,"{""type"":""MultiPoint"",""coordinates"":[]}"
20190311,2019-03-11,282.7582449806233,"{""type"":""MultiPoint"",""coordinates"":[]}"
20190312,2019-03-12,282.8459819334219,"{""type"":""MultiPoint"",""coordinates"":[]}"
20190313,2019-03-13,282.2110695941678,"{""type"":""MultiPoint"",""coordinates"":[]}"
20190314,2019-03-14,281.43508468374694,"{""type"":""MultiPoint"",""coordinates"":[]}"
20190315,2019-03-15,279.5690354600605,"{""type"":""MultiPoint"",""coordinates"":[]}"
20190316,2019-03-16,280.0951776044501,"{""type"":""MultiPoint"",""coordinates"":[]}"
20190317,2019-03-17,280.68989993587303,"{""type"":""MultiPoint"",""coordinates"":[]}"
20190318,2019-03-18,280.8424744762106,"{""type"":""MultiPoint"",""coordinates"":[]}"
20190319,2019-03-19,280.17476483587535,"{""type"":""MultiPoint"",""coordinates"":[]}"
20190320,2019-03-20,283.3973263198242,"{""type"":""MultiPoint"",""coordinates"":[]}"
20190321,2019-03-21,282.0272903607821,"{""type"":""MultiPoint"",""coordinates"":[]}"
20190322,2019-03-22,277.97754927533396,"{""type"":""MultiPoint"",""coordinates"":[]}"
20190323,2019-03-23,280.90185091536136,"{""type"":""MultiPoint"",""coordinates"":[]}"
20190324,2019-03-24,280.51348938707395,"{""type"":""MultiPoint"",""coordinates"":[]}"
20190325,2019-03-25,282.5572942192643,"{""type"":""MultiPoint"",""coordinates"":[]}"
20190326,2019-03-26,281.80030908193174,"{""type"":""MultiPoint"",""coordinates"":[]}"
20190327,2019-03-27,283.45851191191576,"{""type"":""MultiPoint"",""coordinates"":[]}"
20190328,2019-03-28,282.95333675991054,"{""type"":""MultiPoint"",""coordinates"":[]}"
20190329,2019-03-29,284.1948537774773,"{""type"":""MultiPoint"",""coordinates"":[]}"
20190330,2019-03-30,287.5930182251414,"{""type"":""MultiPoint"",""coordinates"":[]}"
20190331,2019-03-31,285.7096870287322,"{""type"":""MultiPoint"",""coordinates"":[]}"
20190401,2019-04-01,283.4046299808945,"{""type"":""MultiPoint"",""coordinates"":[]}"
20190402,2019-04-02,284.5779667577829,"{""type"":""MultiPoint"",""coordinates"":[]}"
20190403,2019-04-03,284.43667743575224,"{""type"":""MultiPoint"",""coordinates"":[]}"
20190404,2019-04-04,286.9505757121723,"{""type"":""MultiPoint"",""coordinates"":[]}"
20190405,2019-04-05,289.1506139117339,"{""type"":""MultiPoint"",""coordinates"":[]}"
20190406,2019-04-06,285.4471081396234,"{""type"":""MultiPoint"",""coordinates"":[]}"
20190407,2019-04-07,285.48343864552896,"{""type"":""MultiPoint"",""coordinates"":[]}"
20190408,2019-04-08,285.53165376931497,"{""type"":""MultiPoint"",""coordinates"":[]}"
20190409,2019-04-09,285.84284302100144,"{""type"":""MultiPoint"",""coordinates"":[]}"
20190410,2019-04-10,285.20792061423566,"{""type"":""MultiPoint"",""coordinates"":[]}"
20190411,2019-04-11,285.06487449088183,"{""type"":""MultiPoint"",""coordinates"":[]}"
20190412,2019-04-12,285.8910768210497,"{""type"":""MultiPoint"",""coordinates"":[]}"
20190413,2019-04-13,285.8485636716184,"{""type"":""MultiPoint"",""coordinates"":[]}"
20190414,2019-04-14,286.68099224458757,"{""type"":""MultiPoint"",""coordinates"":[]}"
20190415,2019-04-15,288.62303122582773,"{""type"":""MultiPoint"",""coordinates"":[]}"
20190416,2019-04-16,291.0506892278424,"{""type"":""MultiPoint"",""coordinates"":[]}"
20190417,2019-04-17,285.47731687110434,"{""type"":""MultiPoint"",""coordinates"":[]}"
20190418,2019-04-18,283.24632595448355,"{""type"":""MultiPoint"",""coordinates"":[]}"
20190419,2019-04-19,285.8820734969491,"{""type"":""MultiPoint"",""coordinates"":[]}"
20190420,2019-04-20,285.3981834021662,"{""type"":""MultiPoint"",""coordinates"":[]}"
20190421,2019-04-21,285.80424937563726,"{""type"":""MultiPoint"",""coordinates"":[]}"
20190422,2019-04-22,284.42438288007963,"{""type"":""MultiPoint"",""coordinates"":[]}"
20190423,2019-04-23,284.5637660389523,"{""type"":""MultiPoint"",""coordinates"":[]}"
20190424,2019-04-24,285.8806569399052,"{""type"":""MultiPoint"",""coordinates"":[]}"
20190425,2019-04-25,285.5385899857707,"{""type"":""MultiPoint"",""coordinates"":[]}"
20190426,2019-04-26,284.9486111598053,"{""type"":""MultiPoint"",""coordinates"":[]}"
20190427,2019-04-27,286.3663322151475,"{""type"":""MultiPoint"",""coordinates"":[]}"
20190428,2019-04-28,286.5398600439629,"{""type"":""MultiPoint"",""coordinates"":[]}"
20190429,2019-04-29,289.0621644536766,"{""type"":""MultiPoint"",""coordinates"":[]}"
20190430,2019-04-30,288.1548360859158,"{""type"":""MultiPoint"",""coordinates"":[]}"
20190501,2019-05-01,287.96670996463627,"{""type"":""MultiPoint"",""coordinates"":[]}"
20190502,2019-05-02,286.4201827846158,"{""type"":""MultiPoint"",""coordinates"":[]}"
20190503,2019-05-03,287.75599927155514,"{""type"":""MultiPoint"",""coordinates"":[]}"
20190504,2019-05-04,289.0885468630055,"{""type"":""MultiPoint"",""coordinates"":[]}"
20190505,2019-05-05,288.782611838631,"{""type"":""MultiPoint"",""coordinates"":[]}"
20190506,2019-05-06,288.11810639609365,"{""type"":""MultiPoint"",""coordinates"":[]}"
20190507,2019-05-07,289.69614418496263,"{""type"":""MultiPoint"",""coordinates"":[]}"
20190508,2019-05-08,290.69349987945213,"{""type"":""MultiPoint"",""coordinates"":[]}"
20190509,2019-05-09,289.06180635830344,"{""type"":""MultiPoint"",""coordinates"":[]}"
20190510,2019-05-10,290.0602376294735,"{""type"":""MultiPoint"",""coordinates"":[]}"
20190511,2019-05-11,288.7379296437322,"{""type"":""MultiPoint"",""coordinates"":[]}"
20190512,2019-05-12,288.8698507408408,"{""type"":""MultiPoint"",""coordinates"":[]}"
20190513,2019-05-13,288.8670429104721,"{""type"":""MultiPoint"",""coordinates"":[]}"
20190514,2019-05-14,287.30232335050624,"{""type"":""MultiPoint"",""coordinates"":[]}"
20190515,2019-05-15,285.80179165060133,"{""type"":""MultiPoint"",""coordinates"":[]}"
20190516,2019-05-16,286.66071079420846,"{""type"":""MultiPoint"",""coordinates"":[]}"
20190517,2019-05-17,287.5125833145254,"{""type"":""MultiPoint"",""coordinates"":[]}"
20190518,2019-05-18,286.02640973772867,"{""type"":""MultiPoint"",""coordinates"":[]}"
20190519,2019-05-19,285.8988755140697,"{""type"":""MultiPoint"",""coordinates"":[]}"
20190520,2019-05-20,288.1352853863309,"{""type"":""MultiPoint"",""coordinates"":[]}"
20190521,2019-05-21,290.51086727733764,"{""type"":""MultiPoint"",""coordinates"":[]}"
20190522,2019-05-22,291.11384603410426,"{""type"":""MultiPoint"",""coordinates"":[]}"
20190523,2019-05-23,291.3419904405,"{""type"":""MultiPoint"",""coordinates"":[]}"
20190524,2019-05-24,290.9403485481261,"{""type"":""MultiPoint"",""coordinates"":[]}"
20190525,2019-05-25,291.1401134247286,"{""type"":""MultiPoint"",""coordinates"":[]}"
20190526,2019-05-26,290.10409158437267,"{""type"":""MultiPoint"",""coordinates"":[]}"
20190527,2019-05-27,292.0105756640686,"{""type"":""MultiPoint"",""coordinates"":[]}"
20190528,2019-05-28,290.3305351179156,"{""type"":""MultiPoint"",""coordinates"":[]}"
20190529,2019-05-29,289.4193575244891,"{""type"":""MultiPoint"",""coordinates"":[]}"
20190530,2019-05-30,291.2019790422869,"{""type"":""MultiPoint"",""coordinates"":[]}"
20190531,2019-05-31,291.06911134035937,"{""type"":""MultiPoint"",""coordinates"":[]}"
20190601,2019-06-01,291.9351049634492,"{""type"":""MultiPoint"",""coordinates"":[]}"
20190602,2019-06-02,292.5744400217574,"{""type"":""MultiPoint"",""coordinates"":[]}"
20190603,2019-06-03,293.0344937814432,"{""type"":""MultiPoint"",""coordinates"":[]}"
20190604,2019-06-04,293.2637879902323,"{""type"":""MultiPoint"",""coordinates"":[]}"
20190605,2019-06-05,293.26135571545205,"{""type"":""MultiPoint"",""coordinates"":[]}"
20190606,2019-06-06,293.58072340116854,"{""type"":""MultiPoint"",""coordinates"":[]}"
20190607,2019-06-07,294.1112315723151,"{""type"":""MultiPoint"",""coordinates"":[]}"
20190608,2019-06-08,294.8807908628889,"{""type"":""MultiPoint"",""coordinates"":[]}"
20190609,2019-06-09,295.48046328027345,"{""type"":""MultiPoint"",""coordinates"":[]}"
20190610,2019-06-10,295.2381767105238,"{""type"":""MultiPoint"",""coordinates"":[]}"
20190611,2019-06-11,294.7294555318618,"{""type"":""MultiPoint"",""coordinates"":[]}"
20190612,2019-06-12,293.84997338090943,"{""type"":""MultiPoint"",""coordinates"":[]}"
20190613,2019-06-13,294.4719222553043,"{""type"":""MultiPoint"",""coordinates"":[]}"
20190614,2019-06-14,294.38343400872503,"{""type"":""MultiPoint"",""coordinates"":[]}"
20190615,2019-06-15,294.21513921017385,"{""type"":""MultiPoint"",""coordinates"":[]}"
20190616,2019-06-16,294.3069071365183,"{""type"":""MultiPoint"",""coordinates"":[]}"
20190617,2019-06-17,293.80265900766875,"{""type"":""MultiPoint"",""coordinates"":[]}"
20190618,2019-06-18,294.1166163120982,"{""type"":""MultiPoint"",""coordinates"":[]}"
20190619,2019-06-19,294.6494734854254,"{""type"":""MultiPoint"",""coordinates"":[]}"
20190620,2019-06-20,294.00065316567674,"{""type"":""MultiPoint"",""coordinates"":[]}"
20190621,2019-06-21,293.84868165988536,"{""type"":""MultiPoint"",""coordinates"":[]}"
20190622,2019-06-22,293.8665600631361,"{""type"":""MultiPoint"",""coordinates"":[]}"
20190623,2019-06-23,294.50320992139973,"{""type"":""MultiPoint"",""coordinates"":[]}"
20190624,2019-06-24,294.92948534768914,"{""type"":""MultiPoint"",""coordinates"":[]}"
20190625,2019-06-25,295.1096138878412,"{""type"":""MultiPoint"",""coordinates"":[]}"
20190626,2019-06-26,295.17163317368187,"{""type"":""MultiPoint"",""coordinates"":[]}"
20190627,2019-06-27,295.26520769749453,"{""type"":""MultiPoint"",""coordinates"":[]}"
20190628,2019-06-28,295.0858565750059,"{""type"":""MultiPoint"",""coordinates"":[]}"
20190629,2019-06-29,294.9155989029471,"{""type"":""MultiPoint"",""coordinates"":[]}"
20190630,2019-06-30,294.6099988635722,"{""type"":""MultiPoint"",""coordinates"":[]}"
20190701,2019-07-01,294.72661139222606,"{""type"":""MultiPoint"",""coordinates"":[]}"
20190702,2019-07-02,294.350058527058,"{""type"":""MultiPoint"",""coordinates"":[]}"
20190703,2019-07-03,294.6446921502884,"{""type"":""MultiPoint"",""coordinates"":[]}"
20190704,2019-07-04,294.7741776407699,"{""type"":""MultiPoint"",""coordinates"":[]}"
20190705,2019-07-05,294.68487570939106,"{""type"":""MultiPoint"",""coordinates"":[]}"
20190706,2019-07-06,294.4539085911546,"{""type"":""MultiPoint"",""coordinates"":[]}"
20190707,2019-07-07,294.6366983627838,"{""type"":""MultiPoint"",""coordinates"":[]}"
20190708,2019-07-08,294.57247082194374,"{""type"":""MultiPoint"",""coordinates"":[]}"
20190709,2019-07-09,294.71786099629617,"{""type"":""MultiPoint"",""coordinates"":[]}"
20190710,2019-07-10,294.6202719101466,"{""type"":""MultiPoint"",""coordinates"":[]}"
20190711,2019-07-11,294.41208595442146,"{""type"":""MultiPoint"",""coordinates"":[]}"
20190712,2019-07-12,294.3364612847595,"{""type"":""MultiPoint"",""coordinates"":[]}"
20190713,2019-07-13,294.54771632012813,"{""type"":""MultiPoint"",""coordinates"":[]}"
20190714,2019-07-14,294.5471365722338,"{""type"":""MultiPoint"",""coordinates"":[]}"
20190715,2019-07-15,294.2388418124231,"{""type"":""MultiPoint"",""coordinates"":[]}"
20190716,2019-07-16,294.2210980925386,"{""type"":""MultiPoint"",""coordinates"":[]}"
20190717,2019-07-17,294.1775823017333,"{""type"":""MultiPoint"",""coordinates"":[]}"
20190718,2019-07-18,294.6638726799676,"{""type"":""MultiPoint"",""coordinates"":[]}"
20190719,2019-07-19,294.548561575548,"{""type"":""MultiPoint"",""coordinates"":[]}"
20190720,2019-07-20,295.44598978698855,"{""type"":""MultiPoint"",""coordinates"":[]}"
20190721,2019-07-21,295.3154218479914,"{""type"":""MultiPoint"",""coordinates"":[]}"
20190722,2019-07-22,295.34109939130957,"{""type"":""MultiPoint"",""coordinates"":[]}"
20190723,2019-07-23,295.1100728152655,"{""type"":""MultiPoint"",""coordinates"":[]}"
20190724,2019-07-24,294.9508225774413,"{""type"":""MultiPoint"",""coordinates"":[]}"
20190725,2019-07-25,294.67870469655554,"{""type"":""MultiPoint"",""coordinates"":[]}"
20190726,2019-07-26,294.375721781913,"{""type"":""MultiPoint"",""coordinates"":[]}"
20190727,2019-07-27,294.3497805563306,"{""type"":""MultiPoint"",""coordinates"":[]}"
20190728,2019-07-28,294.2092822520545,"{""type"":""MultiPoint"",""coordinates"":[]}"
20190729,2019-07-29,294.11962228743107,"{""type"":""MultiPoint"",""coordinates"":[]}"
20190730,2019-07-30,294.1859890599969,"{""type"":""MultiPoint"",""coordinates"":[]}"
20190731,2019-07-31,294.2682620203083,"{""type"":""MultiPoint"",""coordinates"":[]}"
20190801,2019-08-01,293.9747671759359,"{""type"":""MultiPoint"",""coordinates"":[]}"
20190802,2019-08-02,293.92827051339987,"{""type"":""MultiPoint"",""coordinates"":[]}"
20190803,2019-08-03,294.0397456555814,"{""type"":""MultiPoint"",""coordinates"":[]}"
20190804,2019-08-04,294.4781927304753,"{""type"":""MultiPoint"",""coordinates"":[]}"
20190805,2019-08-05,294.5690643254799,"{""type"":""MultiPoint"",""coordinates"":[]}"
20190806,2019-08-06,294.4955817276642,"{""type"":""MultiPoint"",""coordinates"":[]}"
20190807,2019-08-07,294.4015309821396,"{""type"":""MultiPoint"",""coordinates"":[]}"
20190808,2019-08-08,294.4995681812892,"{""type"":""MultiPoint"",""coordinates"":[]}"
20190809,2019-08-09,294.38205375783906,"{""type"":""MultiPoint"",""coordinates"":[]}"
20190810,2019-08-10,293.8291644745595,"{""type"":""MultiPoint"",""coordinates"":[]}"
20190811,2019-08-11,293.7902450039007,"{""type"":""MultiPoint"",""coordinates"":[]}"
20190812,2019-08-12,293.86796694627475,"{""type"":""MultiPoint"",""coordinates"":[]}"
20190813,2019-08-13,294.16092169676875,"{""type"":""MultiPoint"",""coordinates"":[]}"
20190814,2019-08-14,294.2432807837334,"{""type"":""MultiPoint"",""coordinates"":[]}"
20190815,2019-08-15,294.12251497496163,"{""type"":""MultiPoint"",""coordinates"":[]}"
20190816,2019-08-16,294.0651946699736,"{""type"":""MultiPoint"",""coordinates"":[]}"
20190817,2019-08-17,293.78687868377745,"{""type"":""MultiPoint"",""coordinates"":[]}"
20190818,2019-08-18,294.0493997643962,"{""type"":""MultiPoint"",""coordinates"":[]}"
20190819,2019-08-19,293.7974683709158,"{""type"":""MultiPoint"",""coordinates"":[]}"
20190820,2019-08-20,293.6493271345689,"{""type"":""MultiPoint"",""coordinates"":[]}"
20190821,2019-08-21,293.7953121711126,"{""type"":""MultiPoint"",""coordinates"":[]}"
20190822,2019-08-22,293.81029378715806,"{""type"":""MultiPoint"",""coordinates"":[]}"
20190823,2019-08-23,293.77516522182384,"{""type"":""MultiPoint"",""coordinates"":[]}"
20190824,2019-08-24,293.8807826023608,"{""type"":""MultiPoint"",""coordinates"":[]}"
20190825,2019-08-25,293.21733899269725,"{""type"":""MultiPoint"",""coordinates"":[]}"
20190826,2019-08-26,293.03306598897456,"{""type"":""MultiPoint"",""coordinates"":[]}"
20190827,2019-08-27,293.1259360893521,"{""type"":""MultiPoint"",""coordinates"":[]}"
20190828,2019-08-28,293.6327448716443,"{""type"":""MultiPoint"",""coordinates"":[]}"
20190829,2019-08-29,294.4010804155926,"{""type"":""MultiPoint"",""coordinates"":[]}"
20190830,2019-08-30,294.6153880402659,"{""type"":""MultiPoint"",""coordinates"":[]}"
20190831,2019-08-31,294.5196531480855,"{""type"":""MultiPoint"",""coordinates"":[]}"
20190901,2019-09-01,294.1927448255147,"{""type"":""MultiPoint"",""coordinates"":[]}"
20190902,2019-09-02,294.28494779646564,"{""type"":""MultiPoint"",""coordinates"":[]}"
20190903,2019-09-03,294.5408167347785,"{""type"":""MultiPoint"",""coordinates"":[]}"
20190904,2019-09-04,294.68968610165484,"{""type"":""MultiPoint"",""coordinates"":[]}"
20190905,2019-09-05,294.6008155281615,"{""type"":""MultiPoint"",""coordinates"":[]}"
20190906,2019-09-06,294.5241858466622,"{""type"":""MultiPoint"",""coordinates"":[]}"
20190907,2019-09-07,294.6833486861906,"{""type"":""MultiPoint"",""coordinates"":[]}"
20190908,2019-09-08,294.65544216754967,"{""type"":""MultiPoint"",""coordinates"":[]}"
20190909,2019-09-09,294.4213374895698,"{""type"":""MultiPoint"",""coordinates"":[]}"
20190910,2019-09-10,294.2877776651774,"{""type"":""MultiPoint"",""coordinates"":[]}"
20190911,2019-09-11,293.9456010321038,"{""type"":""MultiPoint"",""coordinates"":[]}"
20190912,2019-09-12,293.985414864329,"{""type"":""MultiPoint"",""coordinates"":[]}"
20190913,2019-09-13,294.0328605527944,"{""type"":""MultiPoint"",""coordinates"":[]}"
20190914,2019-09-14,294.3564032461306,"{""type"":""MultiPoint"",""coordinates"":[]}"
20190915,2019-09-15,294.1926159216833,"{""type"":""MultiPoint"",""coordinates"":[]}"
20190916,2019-09-16,294.0528585552769,"{""type"":""MultiPoint"",""coordinates"":[]}"
20190917,2019-09-17,294.3398663248867,"{""type"":""MultiPoint"",""coordinates"":[]}"
20190918,2019-09-18,294.80098274572305,"{""type"":""MultiPoint"",""coordinates"":[]}"
20190919,2019-09-19,294.96222889578524,"{""type"":""MultiPoint"",""coordinates"":[]}"
20190920,2019-09-20,294.06261097290314,"{""type"":""MultiPoint"",""coordinates"":[]}"
20190921,2019-09-21,293.8532269632732,"{""type"":""MultiPoint"",""coordinates"":[]}"
20190922,2019-09-22,294.01153463309714,"{""type"":""MultiPoint"",""coordinates"":[]}"
20190923,2019-09-23,294.27829957620315,"{""type"":""MultiPoint"",""coordinates"":[]}"
20190924,2019-09-24,294.94428443448027,"{""type"":""MultiPoint"",""coordinates"":[]}"
20190925,2019-09-25,295.2469302749098,"{""type"":""MultiPoint"",""coordinates"":[]}"
20190926,2019-09-26,294.51842068159203,"{""type"":""MultiPoint"",""coordinates"":[]}"
20190927,2019-09-27,293.7050089369553,"{""type"":""MultiPoint"",""coordinates"":[]}"
20190928,2019-09-28,293.2386132079601,"{""type"":""MultiPoint"",""coordinates"":[]}"
20190929,2019-09-29,293.2933960699167,"{""type"":""MultiPoint"",""coordinates"":[]}"
20190930,2019-09-30,293.81084045652585,"{""type"":""MultiPoint"",""coordinates"":[]}"
20191001,2019-10-01,293.68861916213075,"{""type"":""MultiPoint"",""coordinates"":[]}"
20191002,2019-10-02,293.6110156114038,"{""type"":""MultiPoint"",""coordinates"":[]}"
20191003,2019-10-03,294.19627484762157,"{""type"":""MultiPoint"",""coordinates"":[]}"
20191004,2019-10-04,294.1993923267365,"{""type"":""MultiPoint"",""coordinates"":[]}"
20191005,2019-10-05,293.892929588517,"{""type"":""MultiPoint"",""coordinates"":[]}"
20191006,2019-10-06,294.02661592924767,"{""type"":""MultiPoint"",""coordinates"":[]}"
20191007,2019-10-07,294.23464115174664,"{""type"":""MultiPoint"",""coordinates"":[]}"
20191008,2019-10-08,294.43223026305606,"{""type"":""MultiPoint"",""coordinates"":[]}"
20191009,2019-10-09,294.3625214215772,"{""type"":""MultiPoint"",""coordinates"":[]}"
20191010,2019-10-10,294.2238611625561,"{""type"":""MultiPoint"",""coordinates"":[]}"
20191011,2019-10-11,294.2196876690286,"{""type"":""MultiPoint"",""coordinates"":[]}"
20191012,2019-10-12,294.43629526339856,"{""type"":""MultiPoint"",""coordinates"":[]}"
20191013,2019-10-13,294.57082703579505,"{""type"":""MultiPoint"",""coordinates"":[]}"
20191014,2019-10-14,294.4229268399882,"{""type"":""MultiPoint"",""coordinates"":[]}"
20191015,2019-10-15,291.4579386280952,"{""type"":""MultiPoint"",""coordinates"":[]}"
20191016,2019-10-16,291.4159619089789,"{""type"":""MultiPoint"",""coordinates"":[]}"
20191017,2019-10-17,292.55452980234435,"{""type"":""MultiPoint"",""coordinates"":[]}"
20191018,2019-10-18,294.05118104325965,"{""type"":""MultiPoint"",""coordinates"":[]}"
20191019,2019-10-19,293.95392212960473,"{""type"":""MultiPoint"",""coordinates"":[]}"
20191020,2019-10-20,293.6055502799988,"{""type"":""MultiPoint"",""coordinates"":[]}"
20191021,2019-10-21,293.8253162069873,"{""type"":""MultiPoint"",""coordinates"":[]}"
20191022,2019-10-22,293.83006695818005,"{""type"":""MultiPoint"",""coordinates"":[]}"
20191023,2019-10-23,293.6368461643318,"{""type"":""MultiPoint"",""coordinates"":[]}"
20191024,2019-10-24,293.8304066183782,"{""type"":""MultiPoint"",""coordinates"":[]}"
20191025,2019-10-25,293.5935845619024,"{""type"":""MultiPoint"",""coordinates"":[]}"
20191026,2019-10-26,293.42276104741154,"{""type"":""MultiPoint"",""coordinates"":[]}"
20191027,2019-10-27,292.2540257292578,"{""type"":""MultiPoint"",""coordinates"":[]}"
20191028,2019-10-28,292.8553891274203,"{""type"":""MultiPoint"",""coordinates"":[]}"
20191029,2019-10-29,293.71252581196387,"{""type"":""MultiPoint"",""coordinates"":[]}"
20191030,2019-10-30,293.47575591772033,"{""type"":""MultiPoint"",""coordinates"":[]}"
20191031,2019-10-31,292.9076681521304,"{""type"":""MultiPoint"",""coordinates"":[]}"
20191101,2019-11-01,293.09617912200207,"{""type"":""MultiPoint"",""coordinates"":[]}"
20191102,2019-11-02,291.9834111188401,"{""type"":""MultiPoint"",""coordinates"":[]}"
20191103,2019-11-03,293.17606542062987,"{""type"":""MultiPoint"",""coordinates"":[]}"
20191104,2019-11-04,293.9580471565699,"{""type"":""MultiPoint"",""coordinates"":[]}"
20191105,2019-11-05,293.83269242822854,"{""type"":""MultiPoint"",""coordinates"":[]}"
20191106,2019-11-06,293.54638058744206,"{""type"":""MultiPoint"",""coordinates"":[]}"
20191107,2019-11-07,292.83293710751184,"{""type"":""MultiPoint"",""coordinates"":[]}"
20191108,2019-11-08,291.7055596896296,"{""type"":""MultiPoint"",""coordinates"":[]}"
20191109,2019-11-09,290.4434627785836,"{""type"":""MultiPoint"",""coordinates"":[]}"
20191110,2019-11-10,290.19311796223343,"{""type"":""MultiPoint"",""coordinates"":[]}"
20191111,2019-11-11,290.8088051117759,"{""type"":""MultiPoint"",""coordinates"":[]}"
20191112,2019-11-12,291.2080284499431,"{""type"":""MultiPoint"",""coordinates"":[]}"
20191113,2019-11-13,290.55803786455743,"{""type"":""MultiPoint"",""coordinates"":[]}"
20191114,2019-11-14,290.5721910658536,"{""type"":""MultiPoint"",""coordinates"":[]}"
20191115,2019-11-15,291.58152677787996,"{""type"":""MultiPoint"",""coordinates"":[]}"
20191116,2019-11-16,292.25434436548346,"{""type"":""MultiPoint"",""coordinates"":[]}"
20191117,2019-11-17,291.7055418141597,"{""type"":""MultiPoint"",""coordinates"":[]}"
20191118,2019-11-18,290.0845164911759,"{""type"":""MultiPoint"",""coordinates"":[]}"
20191119,2019-11-19,290.8638144835659,"{""type"":""MultiPoint"",""coordinates"":[]}"
20191120,2019-11-20,291.04231809137866,"{""type"":""MultiPoint"",""coordinates"":[]}"
20191121,2019-11-21,291.40696261259524,"{""type"":""MultiPoint"",""coordinates"":[]}"
20191122,2019-11-22,290.73252792455764,"{""type"":""MultiPoint"",""coordinates"":[]}"
20191123,2019-11-23,289.8473270831655,"{""type"":""MultiPoint"",""coordinates"":[]}"
20191124,2019-11-24,289.2764736712687,"{""type"":""MultiPoint"",""coordinates"":[]}"
20191125,2019-11-25,289.2184567707497,"{""type"":""MultiPoint"",""coordinates"":[]}"
20191126,2019-11-26,289.39371091935055,"{""type"":""MultiPoint"",""coordinates"":[]}"
20191127,2019-11-27,288.85556005645066,"{""type"":""MultiPoint"",""coordinates"":[]}"
20191128,2019-11-28,290.13504588181576,"{""type"":""MultiPoint"",""coordinates"":[]}"
20191129,2019-11-29,291.21809608288976,"{""type"":""MultiPoint"",""coordinates"":[]}"
20191130,2019-11-30,290.27549206021735,"{""type"":""MultiPoint"",""coordinates"":[]}"
20191201,2019-12-01,289.6330242415464,"{""type"":""MultiPoint"",""coordinates"":[]}"
20191202,2019-12-02,290.24301284587233,"{""type"":""MultiPoint"",""coordinates"":[]}"
20191203,2019-12-03,290.3369020801658,"{""type"":""MultiPoint"",""coordinates"":[]}"
20191204,2019-12-04,290.8457052202903,"{""type"":""MultiPoint"",""coordinates"":[]}"
20191205,2019-12-05,291.11212298470446,"{""type"":""MultiPoint"",""coordinates"":[]}"
20191206,2019-12-06,288.7658986128472,"{""type"":""MultiPoint"",""coordinates"":[]}"
20191207,2019-12-07,288.30777043792625,"{""type"":""MultiPoint"",""coordinates"":[]}"
20191208,2019-12-08,289.34986854979974,"{""type"":""MultiPoint"",""coordinates"":[]}"
20191209,2019-12-09,290.68489120829827,"{""type"":""MultiPoint"",""coordinates"":[]}"
20191210,2019-12-10,290.53758762717854,"{""type"":""MultiPoint"",""coordinates"":[]}"
20191211,2019-12-11,289.63943222255216,"{""type"":""MultiPoint"",""coordinates"":[]}"
20191212,2019-12-12,289.5044528228774,"{""type"":""MultiPoint"",""coordinates"":[]}"
20191213,2019-12-13,287.8875374906929,"{""type"":""MultiPoint"",""coordinates"":[]}"
20191214,2019-12-14,288.11692190337936,"{""type"":""MultiPoint"",""coordinates"":[]}"
20191215,2019-12-15,288.82664896834774,"{""type"":""MultiPoint"",""coordinates"":[]}"
20191216,2019-12-16,288.20125686432306,"{""type"":""MultiPoint"",""coordinates"":[]}"
20191217,2019-12-17,287.90918127766304,"{""type"":""MultiPoint"",""coordinates"":[]}"
20191218,2019-12-18,287.30970000473656,"{""type"":""MultiPoint"",""coordinates"":[]}"
20191219,2019-12-19,287.8892580699213,"{""type"":""MultiPoint"",""coordinates"":[]}"
20191220,2019-12-20,288.1755500907292,"{""type"":""MultiPoint"",""coordinates"":[]}"
20191221,2019-12-21,287.4466459960064,"{""type"":""MultiPoint"",""coordinates"":[]}"
20191222,2019-12-22,289.0091587540299,"{""type"":""MultiPoint"",""coordinates"":[]}"
20191223,2019-12-23,289.87628483099417,"{""type"":""MultiPoint"",""coordinates"":[]}"
20191224,2019-12-24,290.4619185792956,"{""type"":""MultiPoint"",""coordinates"":[]}"
20191225,2019-12-25,291.48377743046717,"{""type"":""MultiPoint"",""coordinates"":[]}"
20191226,2019-12-26,292.0338990697863,"{""type"":""MultiPoint"",""coordinates"":[]}"
20191227,2019-12-27,289.8318467487827,"{""type"":""MultiPoint"",""coordinates"":[]}"
20191228,2019-12-28,288.9459116173866,"{""type"":""MultiPoint"",""coordinates"":[]}"
20191229,2019-12-29,289.3672760797699,"{""type"":""MultiPoint"",""coordinates"":[]}"
20191230,2019-12-30,289.2080190287946,"{""type"":""MultiPoint"",""coordinates"":[]}"
20191231,2019-12-31,285.91618536502966,"{""type"":""MultiPoint"",""coordinates"":[]}"
20200101,2020-01-01,286.0527886162246,"{""type"":""MultiPoint"",""coordinates"":[]}"
20200102,2020-01-02,286.5796000905029,"{""type"":""MultiPoint"",""coordinates"":[]}"
20200103,2020-01-03,286.5974328798972,"{""type"":""MultiPoint"",""coordinates"":[]}"
20200104,2020-01-04,286.88330654565044,"{""type"":""MultiPoint"",""coordinates"":[]}"
20200105,2020-01-05,286.73511299392766,"{""type"":""MultiPoint"",""coordinates"":[]}"
20200106,2020-01-06,288.1417479314347,"{""type"":""MultiPoint"",""coordinates"":[]}"
20200107,2020-01-07,290.6302846834993,"{""type"":""MultiPoint"",""coordinates"":[]}"
20200108,2020-01-08,289.54040214652684,"{""type"":""MultiPoint"",""coordinates"":[]}"
20200109,2020-01-09,286.9128164612295,"{""type"":""MultiPoint"",""coordinates"":[]}"
20200110,2020-01-10,287.3441010094749,"{""type"":""MultiPoint"",""coordinates"":[]}"
20200111,2020-01-11,287.74482383445553,"{""type"":""MultiPoint"",""coordinates"":[]}"
20200112,2020-01-12,287.81428193360824,"{""type"":""MultiPoint"",""coordinates"":[]}"
20200113,2020-01-13,288.78746015201665,"{""type"":""MultiPoint"",""coordinates"":[]}"
20200114,2020-01-14,288.4280377579689,"{""type"":""MultiPoint"",""coordinates"":[]}"
20200115,2020-01-15,286.9350797157658,"{""type"":""MultiPoint"",""coordinates"":[]}"
20200116,2020-01-16,283.5276960654575,"{""type"":""MultiPoint"",""coordinates"":[]}"
20200117,2020-01-17,280.94117394142455,"{""type"":""MultiPoint"",""coordinates"":[]}"
20200118,2020-01-18,285.1498212362881,"{""type"":""MultiPoint"",""coordinates"":[]}"
20200119,2020-01-19,287.06800564436503,"{""type"":""MultiPoint"",""coordinates"":[]}"
20200120,2020-01-20,288.48612122386277,"{""type"":""MultiPoint"",""coordinates"":[]}"
20200121,2020-01-21,288.59607504541646,"{""type"":""MultiPoint"",""coordinates"":[]}"
20200122,2020-01-22,286.8252968085335,"{""type"":""MultiPoint"",""coordinates"":[]}"
20200123,2020-01-23,286.1558386015286,"{""type"":""MultiPoint"",""coordinates"":[]}"
20200124,2020-01-24,286.9423475156227,"{""type"":""MultiPoint"",""coordinates"":[]}"
20200125,2020-01-25,287.16874108481755,"{""type"":""MultiPoint"",""coordinates"":[]}"
20200126,2020-01-26,287.9753588182598,"{""type"":""MultiPoint"",""coordinates"":[]}"
20200127,2020-01-27,287.38203830737154,"{""type"":""MultiPoint"",""coordinates"":[]}"
20200128,2020-01-28,286.98054768760096,"{""type"":""MultiPoint"",""coordinates"":[]}"
20200129,2020-01-29,284.7390285533924,"{""type"":""MultiPoint"",""coordinates"":[]}"
20200130,2020-01-30,283.8411294149077,"{""type"":""MultiPoint"",""coordinates"":[]}"
20200131,2020-01-31,284.86936558329455,"{""type"":""MultiPoint"",""coordinates"":[]}"
20200201,2020-02-01,285.08458096351285,"{""type"":""MultiPoint"",""coordinates"":[]}"
20200202,2020-02-02,286.11884088869186,"{""type"":""MultiPoint"",""coordinates"":[]}"
20200203,2020-02-03,287.50600217754027,"{""type"":""MultiPoint"",""coordinates"":[]}"
20200204,2020-02-04,286.7684256716795,"{""type"":""MultiPoint"",""coordinates"":[]}"
20200205,2020-02-05,285.30279187997525,"{""type"":""MultiPoint"",""coordinates"":[]}"
20200206,2020-02-06,283.6219629637456,"{""type"":""MultiPoint"",""coordinates"":[]}"
20200207,2020-02-07,280.92191530875994,"{""type"":""MultiPoint"",""coordinates"":[]}"
20200208,2020-02-08,285.52505274040783,"{""type"":""MultiPoint"",""coordinates"":[]}"
20200209,2020-02-09,285.4529824873532,"{""type"":""MultiPoint"",""coordinates"":[]}"
20200210,2020-02-10,288.11679553812786,"{""type"":""MultiPoint"",""coordinates"":[]}"
20200211,2020-02-11,288.3634160549946,"{""type"":""MultiPoint"",""coordinates"":[]}"
20200212,2020-02-12,288.2159217657684,"{""type"":""MultiPoint"",""coordinates"":[]}"
20200213,2020-02-13,287.64649640315247,"{""type"":""MultiPoint"",""coordinates"":[]}"
20200214,2020-02-14,285.9126251598523,"{""type"":""MultiPoint"",""coordinates"":[]}"
20200215,2020-02-15,286.5188759201621,"{""type"":""MultiPoint"",""coordinates"":[]}"
20200216,2020-02-16,286.38560616091354,"{""type"":""MultiPoint"",""coordinates"":[]}"
20200217,2020-02-17,286.49872038492606,"{""type"":""MultiPoint"",""coordinates"":[]}"
20200218,2020-02-18,286.02282934781397,"{""type"":""MultiPoint"",""coordinates"":[]}"
20200219,2020-02-19,285.7256648681244,"{""type"":""MultiPoint"",""coordinates"":[]}"
20200220,2020-02-20,285.59381392311803,"{""type"":""MultiPoint"",""coordinates"":[]}"
20200221,2020-02-21,284.94705145283433,"{""type"":""MultiPoint"",""coordinates"":[]}"
20200222,2020-02-22,285.1170584666675,"{""type"":""MultiPoint"",""coordinates"":[]}"
20200223,2020-02-23,285.1600188529899,"{""type"":""MultiPoint"",""coordinates"":[]}"
20200224,2020-02-24,283.88498629116805,"{""type"":""MultiPoint"",""coordinates"":[]}"
20200225,2020-02-25,280.27343824759805,"{""type"":""MultiPoint"",""coordinates"":[]}"
20200226,2020-02-26,280.1084791706796,"{""type"":""MultiPoint"",""coordinates"":[]}"
20200227,2020-02-27,280.90826592074194,"{""type"":""MultiPoint"",""coordinates"":[]}"
20200228,2020-02-28,283.69260134560426,"{""type"":""MultiPoint"",""coordinates"":[]}"
20200229,2020-02-29,284.759906087977,"{""type"":""MultiPoint"",""coordinates"":[]}"
20200301,2020-03-01,285.0953504650181,"{""type"":""MultiPoint"",""coordinates"":[]}"
20200302,2020-03-02,284.8821152264865,"{""type"":""MultiPoint"",""coordinates"":[]}"
20200303,2020-03-03,283.60336470628,"{""type"":""MultiPoint"",""coordinates"":[]}"
20200304,2020-03-04,284.39016832935545,"{""type"":""MultiPoint"",""coordinates"":[]}"
20200305,2020-03-05,285.7498699182772,"{""type"":""MultiPoint"",""coordinates"":[]}"
20200306,2020-03-06,286.8105941373972,"{""type"":""MultiPoint"",""coordinates"":[]}"
20200307,2020-03-07,285.1344669618715,"{""type"":""MultiPoint"",""coordinates"":[]}"
20200308,2020-03-08,285.6611703388974,"{""type"":""MultiPoint"",""coordinates"":[]}"
20200309,2020-03-09,285.9576218394219,"{""type"":""MultiPoint"",""coordinates"":[]}"
20200310,2020-03-10,287.50128713718567,"{""type"":""MultiPoint"",""coordinates"":[]}"
20200311,2020-03-11,286.10387751402976,"{""type"":""MultiPoint"",""coordinates"":[]}"
20200312,2020-03-12,286.5077732629596,"{""type"":""MultiPoint"",""coordinates"":[]}"
20200313,2020-03-13,282.23128915090075,"{""type"":""MultiPoint"",""coordinates"":[]}"
20200314,2020-03-14,279.54646572710834,"{""type"":""MultiPoint"",""coordinates"":[]}"
20200315,2020-03-15,282.11955405575037,"{""type"":""MultiPoint"",""coordinates"":[]}"
20200316,2020-03-16,285.71866781956413,"{""type"":""MultiPoint"",""coordinates"":[]}"
20200317,2020-03-17,285.7758925384291,"{""type"":""MultiPoint"",""coordinates"":[]}"
20200318,2020-03-18,284.8489557676848,"{""type"":""MultiPoint"",""coordinates"":[]}"
20200319,2020-03-19,281.05531541200816,"{""type"":""MultiPoint"",""coordinates"":[]}"
20200320,2020-03-20,281.01192611558076,"{""type"":""MultiPoint"",""coordinates"":[]}"
20200321,2020-03-21,284.01586486297407,"{""type"":""MultiPoint"",""coordinates"":[]}"
20200322,2020-03-22,286.09736065872676,"{""type"":""MultiPoint"",""coordinates"":[]}"
20200323,2020-03-23,286.30499813596845,"{""type"":""MultiPoint"",""coordinates"":[]}"
20200324,2020-03-24,287.22465199463585,"{""type"":""MultiPoint"",""coordinates"":[]}"
20200325,2020-03-25,290.7597014482347,"{""type"":""MultiPoint"",""coordinates"":[]}"
20200326,2020-03-26,290.9621835140945,"{""type"":""MultiPoint"",""coordinates"":[]}"
20200327,2020-03-27,290.90733966380446,"{""type"":""MultiPoint"",""coordinates"":[]}"
20200328,2020-03-28,289.31969185980853,"{""type"":""MultiPoint"",""coordinates"":[]}"
20200329,2020-03-29,289.81569761168197,"{""type"":""MultiPoint"",""coordinates"":[]}"
20200330,2020-03-30,289.00627018486404,"{""type"":""MultiPoint"",""coordinates"":[]}"
20200331,2020-03-31,287.78842439142403,"{""type"":""MultiPoint"",""coordinates"":[]}"
20200401,2020-04-01,286.32420961279865,"{""type"":""MultiPoint"",""coordinates"":[]}"
20200402,2020-04-02,285.69233628614074,"{""type"":""MultiPoint"",""coordinates"":[]}"
20200403,2020-04-03,287.15459168815005,"{""type"":""MultiPoint"",""coordinates"":[]}"
20200404,2020-04-04,287.51893354413244,"{""type"":""MultiPoint"",""coordinates"":[]}"
20200405,2020-04-05,287.3068482625061,"{""type"":""MultiPoint"",""coordinates"":[]}"
20200406,2020-04-06,288.092853910976,"{""type"":""MultiPoint"",""coordinates"":[]}"
20200407,2020-04-07,286.3415637001595,"{""type"":""MultiPoint"",""coordinates"":[]}"
20200408,2020-04-08,284.64804128335857,"{""type"":""MultiPoint"",""coordinates"":[]}"
20200409,2020-04-09,284.85167686420186,"{""type"":""MultiPoint"",""coordinates"":[]}"
20200410,2020-04-10,286.2215150841007,"{""type"":""MultiPoint"",""coordinates"":[]}"
20200411,2020-04-11,286.9474767654015,"{""type"":""MultiPoint"",""coordinates"":[]}"
20200412,2020-04-12,288.7972671455783,"{""type"":""MultiPoint"",""coordinates"":[]}"
20200413,2020-04-13,289.05385127075124,"{""type"":""MultiPoint"",""coordinates"":[]}"
20200414,2020-04-14,287.88879059015625,"{""type"":""MultiPoint"",""coordinates"":[]}"
20200415,2020-04-15,289.31617037069617,"{""type"":""MultiPoint"",""coordinates"":[]}"
20200416,2020-04-16,291.06944058440644,"{""type"":""MultiPoint"",""coordinates"":[]}"
20200417,2020-04-17,291.0823416986232,"{""type"":""MultiPoint"",""coordinates"":[]}"
20200418,2020-04-18,290.96263255770606,"{""type"":""MultiPoint"",""coordinates"":[]}"
20200419,2020-04-19,288.74842568931376,"{""type"":""MultiPoint"",""coordinates"":[]}"
20200420,2020-04-20,286.063066068626,"{""type"":""MultiPoint"",""coordinates"":[]}"
20200421,2020-04-21,285.7621352950628,"{""type"":""MultiPoint"",""coordinates"":[]}"
20200422,2020-04-22,289.14540955076126,"{""type"":""MultiPoint"",""coordinates"":[]}"
20200423,2020-04-23,290.04051456232355,"{""type"":""MultiPoint"",""coordinates"":[]}"
20200424,2020-04-24,289.9109313646737,"{""type"":""MultiPoint"",""coordinates"":[]}"
20200425,2020-04-25,287.77135741290556,"{""type"":""MultiPoint"",""coordinates"":[]}"
20200426,2020-04-26,287.24050582254887,"{""type"":""MultiPoint"",""coordinates"":[]}"
20200427,2020-04-27,289.9232458413044,"{""type"":""MultiPoint"",""coordinates"":[]}"
20200428,2020-04-28,288.9821802071872,"{""type"":""MultiPoint"",""coordinates"":[]}"
20200429,2020-04-29,290.9692454506377,"{""type"":""MultiPoint"",""coordinates"":[]}"
20200430,2020-04-30,292.29163701209086,"{""type"":""MultiPoint"",""coordinates"":[]}"
20200501,2020-05-01,292.3515891658417,"{""type"":""MultiPoint"",""coordinates"":[]}"
20200502,2020-05-02,292.09330807013407,"{""type"":""MultiPoint"",""coordinates"":[]}"
20200503,2020-05-03,290.05646483310403,"{""type"":""MultiPoint"",""coordinates"":[]}"
20200504,2020-05-04,289.7004819766522,"{""type"":""MultiPoint"",""coordinates"":[]}"
20200505,2020-05-05,290.4060852376671,"{""type"":""MultiPoint"",""coordinates"":[]}"
20200506,2020-05-06,290.4999274722119,"{""type"":""MultiPoint"",""coordinates"":[]}"
20200507,2020-05-07,288.04212070263713,"{""type"":""MultiPoint"",""coordinates"":[]}"
20200508,2020-05-08,289.3366462626623,"{""type"":""MultiPoint"",""coordinates"":[]}"
20200509,2020-05-09,290.31088958260733,"{""type"":""MultiPoint"",""coordinates"":[]}"
20200510,2020-05-10,291.03754746758807,"{""type"":""MultiPoint"",""coordinates"":[]}"
20200511,2020-05-11,291.58581837502004,"{""type"":""MultiPoint"",""coordinates"":[]}"
20200512,2020-05-12,288.70373805623234,"{""type"":""MultiPoint"",""coordinates"":[]}"
20200513,2020-05-13,291.4026771292412,"{""type"":""MultiPoint"",""coordinates"":[]}"
20200514,2020-05-14,293.72942493732216,"{""type"":""MultiPoint"",""coordinates"":[]}"
20200515,2020-05-15,293.8529150355772,"{""type"":""MultiPoint"",""coordinates"":[]}"
20200516,2020-05-16,293.4943257012149,"{""type"":""MultiPoint"",""coordinates"":[]}"
20200517,2020-05-17,292.8765986457503,"{""type"":""MultiPoint"",""coordinates"":[]}"
20200518,2020-05-18,292.20582705336875,"{""type"":""MultiPoint"",""coordinates"":[]}"
20200519,2020-05-19,292.1142912952226,"{""type"":""MultiPoint"",""coordinates"":[]}"
20200520,2020-05-20,292.0105666615532,"{""type"":""MultiPoint"",""coordinates"":[]}"
20200521,2020-05-21,291.8030248519343,"{""type"":""MultiPoint"",""coordinates"":[]}"
20200522,2020-05-22,291.6064878796865,"{""type"":""MultiPoint"",""coordinates"":[]}"
20200523,2020-05-23,290.1516544047148,"{""type"":""MultiPoint"",""coordinates"":[]}"
20200524,2020-05-24,291.66120818885577,"{""type"":""MultiPoint"",""coordinates"":[]}"
20200525,2020-05-25,292.00433049054635,"{""type"":""MultiPoint"",""coordinates"":[]}"
20200526,2020-05-26,291.8138341536232,"{""type"":""MultiPoint"",""coordinates"":[]}"
20200527,2020-05-27,290.8766771953772,"{""type"":""MultiPoint"",""coordinates"":[]}"
20200528,2020-05-28,291.6918564112719,"{""type"":""MultiPoint"",""coordinates"":[]}"
20200529,2020-05-29,292.6824303108948,"{""type"":""MultiPoint"",""coordinates"":[]}"
20200530,2020-05-30,292.5312564186798,"{""type"":""MultiPoint"",""coordinates"":[]}"
20200531,2020-05-31,292.82327397155166,"{""type"":""MultiPoint"",""coordinates"":[]}"
20200601,2020-06-01,294.3752172459901,"{""type"":""MultiPoint"",""coordinates"":[]}"
20200602,2020-06-02,294.5985904616878,"{""type"":""MultiPoint"",""coordinates"":[]}"
20200603,2020-06-03,294.515356006911,"{""type"":""MultiPoint"",""coordinates"":[]}"
20200604,2020-06-04,294.3124101534909,"{""type"":""MultiPoint"",""coordinates"":[]}"
20200605,2020-06-05,294.4032279178184,"{""type"":""MultiPoint"",""coordinates"":[]}"
20200606,2020-06-06,294.48853650187414,"{""type"":""MultiPoint"",""coordinates"":[]}"
20200607,2020-06-07,294.2761765757369,"{""type"":""MultiPoint"",""coordinates"":[]}"
20200608,2020-06-08,294.3523076838506,"{""type"":""MultiPoint"",""coordinates"":[]}"
20200609,2020-06-09,294.396796803509,"{""type"":""MultiPoint"",""coordinates"":[]}"
20200610,2020-06-10,294.9221003319723,"{""type"":""MultiPoint"",""coordinates"":[]}"
20200611,2020-06-11,294.842963511555,"{""type"":""MultiPoint"",""coordinates"":[]}"
20200612,2020-06-12,295.02749598088496,"{""type"":""MultiPoint"",""coordinates"":[]}"
20200613,2020-06-13,295.4717518451504,"{""type"":""MultiPoint"",""coordinates"":[]}"
20200614,2020-06-14,295.4335102151076,"{""type"":""MultiPoint"",""coordinates"":[]}"
20200615,2020-06-15,295.72426135262566,"{""type"":""MultiPoint"",""coordinates"":[]}"
20200616,2020-06-16,295.7158673719591,"{""type"":""MultiPoint"",""coordinates"":[]}"
20200617,2020-06-17,295.27569176430234,"{""type"":""MultiPoint"",""coordinates"":[]}"
20200618,2020-06-18,295.28127560420955,"{""type"":""MultiPoint"",""coordinates"":[]}"
20200619,2020-06-19,295.06094981118076,"{""type"":""MultiPoint"",""coordinates"":[]}"
20200620,2020-06-20,294.779979968754,"{""type"":""MultiPoint"",""coordinates"":[]}"
20200621,2020-06-21,294.71547673117504,"{""type"":""MultiPoint"",""coordinates"":[]}"
20200622,2020-06-22,294.2299832185392,"{""type"":""MultiPoint"",""coordinates"":[]}"
20200623,2020-06-23,294.5142300603104,"{""type"":""MultiPoint"",""coordinates"":[]}"
20200624,2020-06-24,294.71902747914186,"{""type"":""MultiPoint"",""coordinates"":[]}"
20200625,2020-06-25,295.2316242745972,"{""type"":""MultiPoint"",""coordinates"":[]}"
20200626,2020-06-26,295.5653115430278,"{""type"":""MultiPoint"",""coordinates"":[]}"
20200627,2020-06-27,295.52353404891187,"{""type"":""MultiPoint"",""coordinates"":[]}"
20200628,2020-06-28,295.3369582557763,"{""type"":""MultiPoint"",""coordinates"":[]}"
20200629,2020-06-29,295.62746117565985,"{""type"":""MultiPoint"",""coordinates"":[]}"
20200630,2020-06-30,295.58591807863627,"{""type"":""MultiPoint"",""coordinates"":[]}"
20200701,2020-07-01,294.91193550184784,"{""type"":""MultiPoint"",""coordinates"":[]}"
20200702,2020-07-02,295.0030493739239,"{""type"":""MultiPoint"",""coordinates"":[]}"
20200703,2020-07-03,295.3772819510989,"{""type"":""MultiPoint"",""coordinates"":[]}"
20200704,2020-07-04,295.24666259579385,"{""type"":""MultiPoint"",""coordinates"":[]}"
20200705,2020-07-05,294.83593049598454,"{""type"":""MultiPoint"",""coordinates"":[]}"
20200706,2020-07-06,294.5721250309441,"{""type"":""MultiPoint"",""coordinates"":[]}"
20200707,2020-07-07,295.436156197696,"{""type"":""MultiPoint"",""coordinates"":[]}"
20200708,2020-07-08,294.9949011340546,"{""type"":""MultiPoint"",""coordinates"":[]}"
20200709,2020-07-09,294.8385910014594,"{""type"":""MultiPoint"",""coordinates"":[]}"
20200710,2020-07-10,294.7446733711521,"{""type"":""MultiPoint"",""coordinates"":[]}"
20200711,2020-07-11,294.61453576648955,"{""type"":""MultiPoint"",""coordinates"":[]}"
20200712,2020-07-12,294.64091622043344,"{""type"":""MultiPoint"",""coordinates"":[]}"
20200713,2020-07-13,295.0910828865222,"{""type"":""MultiPoint"",""coordinates"":[]}"
20200714,2020-07-14,295.1943691207711,"{""type"":""MultiPoint"",""coordinates"":[]}"
20200715,2020-07-15,295.0993947660887,"{""type"":""MultiPoint"",""coordinates"":[]}"
20200716,2020-07-16,294.69126074782895,"{""type"":""MultiPoint"",""coordinates"":[]}"
20200717,2020-07-17,294.5970850861369,"{""type"":""MultiPoint"",""coordinates"":[]}"
20200718,2020-07-18,294.5104853889559,"{""type"":""MultiPoint"",""coordinates"":[]}"
20200719,2020-07-19,294.872595243146,"{""type"":""MultiPoint"",""coordinates"":[]}"
20200720,2020-07-20,295.1440491041779,"{""type"":""MultiPoint"",""coordinates"":[]}"
20200721,2020-07-21,295.17111620344144,"{""type"":""MultiPoint"",""coordinates"":[]}"
20200722,2020-07-22,295.32747408515155,"{""type"":""MultiPoint"",""coordinates"":[]}"
20200723,2020-07-23,295.1204877719636,"{""type"":""MultiPoint"",""coordinates"":[]}"
20200724,2020-07-24,295.077279329534,"{""type"":""MultiPoint"",""coordinates"":[]}"
20200725,2020-07-25,294.17309569725495,"{""type"":""MultiPoint"",""coordinates"":[]}"
20200726,2020-07-26,294.4450373228184,"{""type"":""MultiPoint"",""coordinates"":[]}"
20200727,2020-07-27,294.22725218957885,"{""type"":""MultiPoint"",""coordinates"":[]}"
20200728,2020-07-28,294.7827835887858,"{""type"":""MultiPoint"",""coordinates"":[]}"
20200729,2020-07-29,294.9880134595281,"{""type"":""MultiPoint"",""coordinates"":[]}"
20200730,2020-07-30,295.18004557986376,"{""type"":""MultiPoint"",""coordinates"":[]}"
20200731,2020-07-31,295.1285620695497,"{""type"":""MultiPoint"",""coordinates"":[]}"
20200801,2020-08-01,294.97480473468175,"{""type"":""MultiPoint"",""coordinates"":[]}"
20200802,2020-08-02,295.1671578150828,"{""type"":""MultiPoint"",""coordinates"":[]}"
20200803,2020-08-03,294.8515972472239,"{""type"":""MultiPoint"",""coordinates"":[]}"
20200804,2020-08-04,294.70654399187987,"{""type"":""MultiPoint"",""coordinates"":[]}"
20200805,2020-08-05,295.094901510941,"{""type"":""MultiPoint"",""coordinates"":[]}"
20200806,2020-08-06,294.77576046076115,"{""type"":""MultiPoint"",""coordinates"":[]}"
20200807,2020-08-07,294.5104769836295,"{""type"":""MultiPoint"",""coordinates"":[]}"
20200808,2020-08-08,294.2419193718896,"{""type"":""MultiPoint"",""coordinates"":[]}"
20200809,2020-08-09,294.1612321049941,"{""type"":""MultiPoint"",""coordinates"":[]}"
20200810,2020-08-10,294.46033571637605,"{""type"":""MultiPoint"",""coordinates"":[]}"
20200811,2020-08-11,294.2256233375234,"{""type"":""MultiPoint"",""coordinates"":[]}"
20200812,2020-08-12,294.3049873749804,"{""type"":""MultiPoint"",""coordinates"":[]}"
20200813,2020-08-13,294.0845358513026,"{""type"":""MultiPoint"",""coordinates"":[]}"
20200814,2020-08-14,293.91917443552853,"{""type"":""MultiPoint"",""coordinates"":[]}"
20200815,2020-08-15,294.2363955809666,"{""type"":""MultiPoint"",""coordinates"":[]}"
20200816,2020-08-16,294.4218011436037,"{""type"":""MultiPoint"",""coordinates"":[]}"
20200817,2020-08-17,294.3246608460328,"{""type"":""MultiPoint"",""coordinates"":[]}"
20200818,2020-08-18,294.10249545767056,"{""type"":""MultiPoint"",""coordinates"":[]}"
20200819,2020-08-19,294.1621562631395,"{""type"":""MultiPoint"",""coordinates"":[]}"
20200820,2020-08-20,294.46618658630297,"{""type"":""MultiPoint"",""coordinates"":[]}"
20200821,2020-08-21,294.35146227228404,"{""type"":""MultiPoint"",""coordinates"":[]}"
20200822,2020-08-22,294.3769913335465,"{""type"":""MultiPoint"",""coordinates"":[]}"
20200823,2020-08-23,294.196237371554,"{""type"":""MultiPoint"",""coordinates"":[]}"
20200824,2020-08-24,294.1313767876429,"{""type"":""MultiPoint"",""coordinates"":[]}"
20200825,2020-08-25,293.81401293208575,"{""type"":""MultiPoint"",""coordinates"":[]}"
20200826,2020-08-26,293.7767161685989,"{""type"":""MultiPoint"",""coordinates"":[]}"
20200827,2020-08-27,293.72621960046183,"{""type"":""MultiPoint"",""coordinates"":[]}"
20200828,2020-08-28,294.1026435929952,"{""type"":""MultiPoint"",""coordinates"":[]}"
20200829,2020-08-29,294.1395680787777,"{""type"":""MultiPoint"",""coordinates"":[]}"
20200830,2020-08-30,293.9115267776317,"{""type"":""MultiPoint"",""coordinates"":[]}"
20200831,2020-08-31,294.00350076835207,"{""type"":""MultiPoint"",""coordinates"":[]}"
20200901,2020-09-01,294.1817559455518,"{""type"":""MultiPoint"",""coordinates"":[]}"
20200902,2020-09-02,294.03874741165237,"{""type"":""MultiPoint"",""coordinates"":[]}"
20200903,2020-09-03,294.77236036463944,"{""type"":""MultiPoint"",""coordinates"":[]}"
20200904,2020-09-04,294.983936376753,"{""type"":""MultiPoint"",""coordinates"":[]}"
20200905,2020-09-05,295.2873715178959,"{""type"":""MultiPoint"",""coordinates"":[]}"
20200906,2020-09-06,295.80844216933383,"{""type"":""MultiPoint"",""coordinates"":[]}"
20200907,2020-09-07,295.46546991517766,"{""type"":""MultiPoint"",""coordinates"":[]}"
20200908,2020-09-08,295.296047431027,"{""type"":""MultiPoint"",""coordinates"":[]}"
20200909,2020-09-09,295.2125155494951,"{""type"":""MultiPoint"",""coordinates"":[]}"
20200910,2020-09-10,295.36678182801364,"{""type"":""MultiPoint"",""coordinates"":[]}"
20200911,2020-09-11,295.2712355362779,"{""type"":""MultiPoint"",""coordinates"":[]}"
20200912,2020-09-12,294.0301338636831,"{""type"":""MultiPoint"",""coordinates"":[]}"
20200913,2020-09-13,293.1969678854899,"{""type"":""MultiPoint"",""coordinates"":[]}"
20200914,2020-09-14,293.9363344472404,"{""type"":""MultiPoint"",""coordinates"":[]}"
20200915,2020-09-15,294.1689979526853,"{""type"":""MultiPoint"",""coordinates"":[]}"
20200916,2020-09-16,294.57938841239417,"{""type"":""MultiPoint"",""coordinates"":[]}"
20200917,2020-09-17,294.82726757223764,"{""type"":""MultiPoint"",""coordinates"":[]}"
20200918,2020-09-18,294.5021024510501,"{""type"":""MultiPoint"",""coordinates"":[]}"
20200919,2020-09-19,294.8510448938135,"{""type"":""MultiPoint"",""coordinates"":[]}"
20200920,2020-09-20,295.14516107279553,"{""type"":""MultiPoint"",""coordinates"":[]}"
20200921,2020-09-21,295.2307467308975,"{""type"":""MultiPoint"",""coordinates"":[]}"
20200922,2020-09-22,295.3702713933059,"{""type"":""MultiPoint"",""coordinates"":[]}"
20200923,2020-09-23,294.7833450750968,"{""type"":""MultiPoint"",""coordinates"":[]}"
20200924,2020-09-24,294.69190696644574,"{""type"":""MultiPoint"",""coordinates"":[]}"
20200925,2020-09-25,294.7990167264638,"{""type"":""MultiPoint"",""coordinates"":[]}"
20200926,2020-09-26,293.4167606765322,"{""type"":""MultiPoint"",""coordinates"":[]}"
20200927,2020-09-27,293.2468784908986,"{""type"":""MultiPoint"",""coordinates"":[]}"
20200928,2020-09-28,293.309088656062,"{""type"":""MultiPoint"",""coordinates"":[]}"
20200929,2020-09-29,293.15313314121903,"{""type"":""MultiPoint"",""coordinates"":[]}"
20200930,2020-09-30,293.4086512720701,"{""type"":""MultiPoint"",""coordinates"":[]}"
20201001,2020-10-01,293.2654183461884,"{""type"":""MultiPoint"",""coordinates"":[]}"
20201002,2020-10-02,294.1630990729396,"{""type"":""MultiPoint"",""coordinates"":[]}"
20201003,2020-10-03,293.95120011605655,"{""type"":""MultiPoint"",""coordinates"":[]}"
20201004,2020-10-04,293.98535329043904,"{""type"":""MultiPoint"",""coordinates"":[]}"
20201005,2020-10-05,293.6659174357991,"{""type"":""MultiPoint"",""coordinates"":[]}"
20201006,2020-10-06,292.7757211130156,"{""type"":""MultiPoint"",""coordinates"":[]}"
20201007,2020-10-07,292.6222040807367,"{""type"":""MultiPoint"",""coordinates"":[]}"
20201008,2020-10-08,292.56600663488206,"{""type"":""MultiPoint"",""coordinates"":[]}"
20201009,2020-10-09,293.7219880083632,"{""type"":""MultiPoint"",""coordinates"":[]}"
20201010,2020-10-10,295.17254300432853,"{""type"":""MultiPoint"",""coordinates"":[]}"
20201011,2020-10-11,293.7141944043295,"{""type"":""MultiPoint"",""coordinates"":[]}"
20201012,2020-10-12,293.7206301838388,"{""type"":""MultiPoint"",""coordinates"":[]}"
20201013,2020-10-13,295.02755892921664,"{""type"":""MultiPoint"",""coordinates"":[]}"
20201014,2020-10-14,295.0577147447599,"{""type"":""MultiPoint"",""coordinates"":[]}"
20201015,2020-10-15,294.6634726200875,"{""type"":""MultiPoint"",""coordinates"":[]}"
20201016,2020-10-16,293.680246781249,"{""type"":""MultiPoint"",""coordinates"":[]}"
20201017,2020-10-17,293.5051210251453,"{""type"":""MultiPoint"",""coordinates"":[]}"
20201018,2020-10-18,294.4346396821827,"{""type"":""MultiPoint"",""coordinates"":[]}"
20201019,2020-10-19,294.516757699278,"{""type"":""MultiPoint"",""coordinates"":[]}"
20201020,2020-10-20,294.8865527576213,"{""type"":""MultiPoint"",""coordinates"":[]}"
20201021,2020-10-21,294.48053487364524,"{""type"":""MultiPoint"",""coordinates"":[]}"
20201022,2020-10-22,294.75197698610475,"{""type"":""MultiPoint"",""coordinates"":[]}"
20201023,2020-10-23,294.3217833714419,"{""type"":""MultiPoint"",""coordinates"":[]}"
20201024,2020-10-24,294.0553650524203,"{""type"":""MultiPoint"",""coordinates"":[]}"
20201025,2020-10-25,293.53481524000154,"{""type"":""MultiPoint"",""coordinates"":[]}"
20201026,2020-10-26,293.1988989311772,"{""type"":""MultiPoint"",""coordinates"":[]}"
20201027,2020-10-27,291.85037325878943,"{""type"":""MultiPoint"",""coordinates"":[]}"
20201028,2020-10-28,291.90816965058633,"{""type"":""MultiPoint"",""coordinates"":[]}"
20201029,2020-10-29,290.83725175515343,"{""type"":""MultiPoint"",""coordinates"":[]}"
20201030,2020-10-30,289.85790868354036,"{""type"":""MultiPoint"",""coordinates"":[]}"
20201031,2020-10-31,289.7548273036041,"{""type"":""MultiPoint"",""coordinates"":[]}"
20201101,2020-11-01,290.83725319290215,"{""type"":""MultiPoint"",""coordinates"":[]}"
20201102,2020-11-02,290.84692623930147,"{""type"":""MultiPoint"",""coordinates"":[]}"
20201103,2020-11-03,289.4564004284854,"{""type"":""MultiPoint"",""coordinates"":[]}"
20201104,2020-11-04,288.5045632404318,"{""type"":""MultiPoint"",""coordinates"":[]}"
20201105,2020-11-05,286.82555193385843,"{""type"":""MultiPoint"",""coordinates"":[]}"
20201106,2020-11-06,284.8384028055552,"{""type"":""MultiPoint"",""coordinates"":[]}"
20201107,2020-11-07,287.8266061169861,"{""type"":""MultiPoint"",""coordinates"":[]}"
20201108,2020-11-08,287.652130339629,"{""type"":""MultiPoint"",""coordinates"":[]}"
20201109,2020-11-09,284.39221097124073,"{""type"":""MultiPoint"",""coordinates"":[]}"
20201110,2020-11-10,282.8173425512858,"{""type"":""MultiPoint"",""coordinates"":[]}"
20201111,2020-11-11,282.2681899418991,"{""type"":""MultiPoint"",""coordinates"":[]}"
20201112,2020-11-12,285.27370399190727,"{""type"":""MultiPoint"",""coordinates"":[]}"
20201113,2020-11-13,290.8247018653401,"{""type"":""MultiPoint"",""coordinates"":[]}"
20201114,2020-11-14,290.87549943611623,"{""type"":""MultiPoint"",""coordinates"":[]}"
20201115,2020-11-15,289.2655754531619,"{""type"":""MultiPoint"",""coordinates"":[]}"
20201116,2020-11-16,290.0229176961471,"{""type"":""MultiPoint"",""coordinates"":[]}"
20201117,2020-11-17,290.41271878059655,"{""type"":""MultiPoint"",""coordinates"":[]}"
20201118,2020-11-18,292.24152490457,"{""type"":""MultiPoint"",""coordinates"":[]}"
20201119,2020-11-19,292.1994489851211,"{""type"":""MultiPoint"",""coordinates"":[]}"
20201120,2020-11-20,291.5574938031589,"{""type"":""MultiPoint"",""coordinates"":[]}"
20201121,2020-11-21,290.5383025058803,"{""type"":""MultiPoint"",""coordinates"":[]}"
20201122,2020-11-22,290.6035355388338,"{""type"":""MultiPoint"",""coordinates"":[]}"
20201123,2020-11-23,290.07756095919314,"{""type"":""MultiPoint"",""coordinates"":[]}"
20201124,2020-11-24,288.5348128540311,"{""type"":""MultiPoint"",""coordinates"":[]}"
20201125,2020-11-25,284.9346249611895,"{""type"":""MultiPoint"",""coordinates"":[]}"
20201126,2020-11-26,285.17419889601786,"{""type"":""MultiPoint"",""coordinates"":[]}"
20201127,2020-11-27,286.3217742185346,"{""type"":""MultiPoint"",""coordinates"":[]}"
20201128,2020-11-28,289.42655713139885,"{""type"":""MultiPoint"",""coordinates"":[]}"
20201129,2020-11-29,290.0684861942228,"{""type"":""MultiPoint"",""coordinates"":[]}"
20201130,2020-11-30,290.93780245195757,"{""type"":""MultiPoint"",""coordinates"":[]}"
20201201,2020-12-01,290.11486662474266,"{""type"":""MultiPoint"",""coordinates"":[]}"
20201202,2020-12-02,287.4127413029469,"{""type"":""MultiPoint"",""coordinates"":[]}"
20201203,2020-12-03,284.55187653890096,"{""type"":""MultiPoint"",""coordinates"":[]}"
20201204,2020-12-04,283.0816685621216,"{""type"":""MultiPoint"",""coordinates"":[]}"
20201205,2020-12-05,282.455974034408,"{""type"":""MultiPoint"",""coordinates"":[]}"
20201206,2020-12-06,281.7967426222515,"{""type"":""MultiPoint"",""coordinates"":[]}"
20201207,2020-12-07,282.2394371520373,"{""type"":""MultiPoint"",""coordinates"":[]}"
20201208,2020-12-08,284.6823160176105,"{""type"":""MultiPoint"",""coordinates"":[]}"
20201209,2020-12-09,286.95331524187264,"{""type"":""MultiPoint"",""coordinates"":[]}"
20201210,2020-12-10,287.9839759617147,"{""type"":""MultiPoint"",""coordinates"":[]}"
20201211,2020-12-11,290.45612795806375,"{""type"":""MultiPoint"",""coordinates"":[]}"
20201212,2020-12-12,288.70927578251076,"{""type"":""MultiPoint"",""coordinates"":[]}"
20201213,2020-12-13,289.88424320184134,"{""type"":""MultiPoint"",""coordinates"":[]}"
20201214,2020-12-14,291.07199030912324,"{""type"":""MultiPoint"",""coordinates"":[]}"
20201215,2020-12-15,289.56883329901507,"{""type"":""MultiPoint"",""coordinates"":[]}"
20201216,2020-12-16,288.13896985021586,"{""type"":""MultiPoint"",""coordinates"":[]}"
20201217,2020-12-17,287.861173492535,"{""type"":""MultiPoint"",""coordinates"":[]}"
20201218,2020-12-18,287.06312474321516,"{""type"":""MultiPoint"",""coordinates"":[]}"
20201219,2020-12-19,285.6184811116007,"{""type"":""MultiPoint"",""coordinates"":[]}"
20201220,2020-12-20,282.85816858101884,"{""type"":""MultiPoint"",""coordinates"":[]}"
20201221,2020-12-21,280.85783799769933,"{""type"":""MultiPoint"",""coordinates"":[]}"
20201222,2020-12-22,280.9381825326549,"{""type"":""MultiPoint"",""coordinates"":[]}"
20201223,2020-12-23,281.61444704578344,"{""type"":""MultiPoint"",""coordinates"":[]}"
20201224,2020-12-24,283.7612974528288,"{""type"":""MultiPoint"",""coordinates"":[]}"
20201225,2020-12-25,285.2461901102597,"{""type"":""MultiPoint"",""coordinates"":[]}"
20201226,2020-12-26,286.5314709622033,"{""type"":""MultiPoint"",""coordinates"":[]}"
20201227,2020-12-27,286.96901563086453,"{""type"":""MultiPoint"",""coordinates"":[]}"
20201228,2020-12-28,286.9810783521382,"{""type"":""MultiPoint"",""coordinates"":[]}"
20201229,2020-12-29,286.6654263183512,"{""type"":""MultiPoint"",""coordinates"":[]}"
