system:index,evaporation_from_bare_soil_sum,date,.geo
20030101,-8.66E-04,2003-01-01,"{""type"":""MultiPoint"",""coordinates"":[]}"
20030102,-7.44E-04,2003-01-02,"{""type"":""MultiPoint"",""coordinates"":[]}"
20030103,-7.71E-04,2003-01-03,"{""type"":""MultiPoint"",""coordinates"":[]}"
20030104,-9.71E-04,2003-01-04,"{""type"":""MultiPoint"",""coordinates"":[]}"
20030105,-8.43E-04,2003-01-05,"{""type"":""MultiPoint"",""coordinates"":[]}"
20030106,-9.14E-04,2003-01-06,"{""type"":""MultiPoint"",""coordinates"":[]}"
20030107,-9.28E-04,2003-01-07,"{""type"":""MultiPoint"",""coordinates"":[]}"
20030108,-8.89E-04,2003-01-08,"{""type"":""MultiPoint"",""coordinates"":[]}"
20030109,-6.38E-04,2003-01-09,"{""type"":""MultiPoint"",""coordinates"":[]}"
20030110,-5.99E-04,2003-01-10,"{""type"":""MultiPoint"",""coordinates"":[]}"
20030111,-8.05E-04,2003-01-11,"{""type"":""MultiPoint"",""coordinates"":[]}"
20030112,-8.11E-04,2003-01-12,"{""type"":""MultiPoint"",""coordinates"":[]}"
20030113,-6.59E-04,2003-01-13,"{""type"":""MultiPoint"",""coordinates"":[]}"
20030114,-7.04E-04,2003-01-14,"{""type"":""MultiPoint"",""coordinates"":[]}"
20030115,-6.85E-04,2003-01-15,"{""type"":""MultiPoint"",""coordinates"":[]}"
20030116,-6.16E-04,2003-01-16,"{""type"":""MultiPoint"",""coordinates"":[]}"
20030117,-7.19E-04,2003-01-17,"{""type"":""MultiPoint"",""coordinates"":[]}"
20030118,-7.94E-04,2003-01-18,"{""type"":""MultiPoint"",""coordinates"":[]}"
20030119,-7.25E-04,2003-01-19,"{""type"":""MultiPoint"",""coordinates"":[]}"
20030120,-5.72E-04,2003-01-20,"{""type"":""MultiPoint"",""coordinates"":[]}"
20030121,-7.02E-04,2003-01-21,"{""type"":""MultiPoint"",""coordinates"":[]}"
20030122,-8.76E-04,2003-01-22,"{""type"":""MultiPoint"",""coordinates"":[]}"
20030123,-9.22E-04,2003-01-23,"{""type"":""MultiPoint"",""coordinates"":[]}"
20030124,-8.92E-04,2003-01-24,"{""type"":""MultiPoint"",""coordinates"":[]}"
20030125,-8.60E-04,2003-01-25,"{""type"":""MultiPoint"",""coordinates"":[]}"
20030126,-7.62E-04,2003-01-26,"{""type"":""MultiPoint"",""coordinates"":[]}"
20030127,-7.67E-04,2003-01-27,"{""type"":""MultiPoint"",""coordinates"":[]}"
20030128,-7.71E-04,2003-01-28,"{""type"":""MultiPoint"",""coordinates"":[]}"
20030129,-8.44E-04,2003-01-29,"{""type"":""MultiPoint"",""coordinates"":[]}"
20030130,-8.49E-04,2003-01-30,"{""type"":""MultiPoint"",""coordinates"":[]}"
20030131,-8.62E-04,2003-01-31,"{""type"":""MultiPoint"",""coordinates"":[]}"
20030201,-6.98E-04,2003-02-01,"{""type"":""MultiPoint"",""coordinates"":[]}"
20030202,-6.11E-04,2003-02-02,"{""type"":""MultiPoint"",""coordinates"":[]}"
20030203,-6.50E-04,2003-02-03,"{""type"":""MultiPoint"",""coordinates"":[]}"
20030204,-6.00E-04,2003-02-04,"{""type"":""MultiPoint"",""coordinates"":[]}"
20030205,-5.02E-04,2003-02-05,"{""type"":""MultiPoint"",""coordinates"":[]}"
20030206,-6.36E-04,2003-02-06,"{""type"":""MultiPoint"",""coordinates"":[]}"
20030207,-6.97E-04,2003-02-07,"{""type"":""MultiPoint"",""coordinates"":[]}"
20030208,-6.83E-04,2003-02-08,"{""type"":""MultiPoint"",""coordinates"":[]}"
20030209,-6.94E-04,2003-02-09,"{""type"":""MultiPoint"",""coordinates"":[]}"
20030210,-6.00E-04,2003-02-10,"{""type"":""MultiPoint"",""coordinates"":[]}"
20030211,-6.58E-04,2003-02-11,"{""type"":""MultiPoint"",""coordinates"":[]}"
20030212,-6.56E-04,2003-02-12,"{""type"":""MultiPoint"",""coordinates"":[]}"
20030213,-5.51E-04,2003-02-13,"{""type"":""MultiPoint"",""coordinates"":[]}"
20030214,-6.14E-04,2003-02-14,"{""type"":""MultiPoint"",""coordinates"":[]}"
20030215,-5.93E-04,2003-02-15,"{""type"":""MultiPoint"",""coordinates"":[]}"
20030216,-5.61E-04,2003-02-16,"{""type"":""MultiPoint"",""coordinates"":[]}"
20030217,-6.14E-04,2003-02-17,"{""type"":""MultiPoint"",""coordinates"":[]}"
20030218,-6.24E-04,2003-02-18,"{""type"":""MultiPoint"",""coordinates"":[]}"
20030219,-6.07E-04,2003-02-19,"{""type"":""MultiPoint"",""coordinates"":[]}"
20030220,-6.20E-04,2003-02-20,"{""type"":""MultiPoint"",""coordinates"":[]}"
20030221,-6.52E-04,2003-02-21,"{""type"":""MultiPoint"",""coordinates"":[]}"
20030222,-5.31E-04,2003-02-22,"{""type"":""MultiPoint"",""coordinates"":[]}"
20030223,-6.18E-04,2003-02-23,"{""type"":""MultiPoint"",""coordinates"":[]}"
20030224,-6.10E-04,2003-02-24,"{""type"":""MultiPoint"",""coordinates"":[]}"
20030225,-4.29E-04,2003-02-25,"{""type"":""MultiPoint"",""coordinates"":[]}"
20030226,-4.75E-04,2003-02-26,"{""type"":""MultiPoint"",""coordinates"":[]}"
20030227,-4.36E-04,2003-02-27,"{""type"":""MultiPoint"",""coordinates"":[]}"
20030228,-5.40E-04,2003-02-28,"{""type"":""MultiPoint"",""coordinates"":[]}"
20030301,-5.77E-04,2003-03-01,"{""type"":""MultiPoint"",""coordinates"":[]}"
20030302,-5.82E-04,2003-03-02,"{""type"":""MultiPoint"",""coordinates"":[]}"
20030303,-6.16E-04,2003-03-03,"{""type"":""MultiPoint"",""coordinates"":[]}"
20030304,-5.99E-04,2003-03-04,"{""type"":""MultiPoint"",""coordinates"":[]}"
20030305,-5.73E-04,2003-03-05,"{""type"":""MultiPoint"",""coordinates"":[]}"
20030306,-5.48E-04,2003-03-06,"{""type"":""MultiPoint"",""coordinates"":[]}"
20030307,-5.55E-04,2003-03-07,"{""type"":""MultiPoint"",""coordinates"":[]}"
20030308,-4.94E-04,2003-03-08,"{""type"":""MultiPoint"",""coordinates"":[]}"
20030309,-5.08E-04,2003-03-09,"{""type"":""MultiPoint"",""coordinates"":[]}"
20030310,-5.29E-04,2003-03-10,"{""type"":""MultiPoint"",""coordinates"":[]}"
20030311,-5.28E-04,2003-03-11,"{""type"":""MultiPoint"",""coordinates"":[]}"
20030312,-4.25E-04,2003-03-12,"{""type"":""MultiPoint"",""coordinates"":[]}"
20030313,-4.09E-04,2003-03-13,"{""type"":""MultiPoint"",""coordinates"":[]}"
20030314,-4.02E-04,2003-03-14,"{""type"":""MultiPoint"",""coordinates"":[]}"
20030315,-3.51E-04,2003-03-15,"{""type"":""MultiPoint"",""coordinates"":[]}"
20030316,-3.48E-04,2003-03-16,"{""type"":""MultiPoint"",""coordinates"":[]}"
20030317,-0.001374575,2003-03-17,"{""type"":""MultiPoint"",""coordinates"":[]}"
20030318,-0.001635763,2003-03-18,"{""type"":""MultiPoint"",""coordinates"":[]}"
20030319,-0.002427584,2003-03-19,"{""type"":""MultiPoint"",""coordinates"":[]}"
20030320,-0.002109029,2003-03-20,"{""type"":""MultiPoint"",""coordinates"":[]}"
20030321,-0.001790603,2003-03-21,"{""type"":""MultiPoint"",""coordinates"":[]}"
20030322,-0.002694342,2003-03-22,"{""type"":""MultiPoint"",""coordinates"":[]}"
20030323,-0.002536968,2003-03-23,"{""type"":""MultiPoint"",""coordinates"":[]}"
20030324,-0.002351923,2003-03-24,"{""type"":""MultiPoint"",""coordinates"":[]}"
20030325,-0.002086496,2003-03-25,"{""type"":""MultiPoint"",""coordinates"":[]}"
20030326,-0.001752284,2003-03-26,"{""type"":""MultiPoint"",""coordinates"":[]}"
20030327,-0.001635308,2003-03-27,"{""type"":""MultiPoint"",""coordinates"":[]}"
20030328,-0.001258841,2003-03-28,"{""type"":""MultiPoint"",""coordinates"":[]}"
20030329,-0.001055553,2003-03-29,"{""type"":""MultiPoint"",""coordinates"":[]}"
20030330,-9.54E-04,2003-03-30,"{""type"":""MultiPoint"",""coordinates"":[]}"
20030331,-8.38E-04,2003-03-31,"{""type"":""MultiPoint"",""coordinates"":[]}"
20030401,-8.27E-04,2003-04-01,"{""type"":""MultiPoint"",""coordinates"":[]}"
20030402,-6.91E-04,2003-04-02,"{""type"":""MultiPoint"",""coordinates"":[]}"
20030403,-6.99E-04,2003-04-03,"{""type"":""MultiPoint"",""coordinates"":[]}"
20030404,-6.70E-04,2003-04-04,"{""type"":""MultiPoint"",""coordinates"":[]}"
20030405,-5.09E-04,2003-04-05,"{""type"":""MultiPoint"",""coordinates"":[]}"
20030406,-9.09E-04,2003-04-06,"{""type"":""MultiPoint"",""coordinates"":[]}"
20030407,-0.001035221,2003-04-07,"{""type"":""MultiPoint"",""coordinates"":[]}"
20030408,-9.01E-04,2003-04-08,"{""type"":""MultiPoint"",""coordinates"":[]}"
20030409,-6.20E-04,2003-04-09,"{""type"":""MultiPoint"",""coordinates"":[]}"
20030410,-4.63E-04,2003-04-10,"{""type"":""MultiPoint"",""coordinates"":[]}"
20030411,-4.47E-04,2003-04-11,"{""type"":""MultiPoint"",""coordinates"":[]}"
20030412,-5.25E-04,2003-04-12,"{""type"":""MultiPoint"",""coordinates"":[]}"
20030413,-5.53E-04,2003-04-13,"{""type"":""MultiPoint"",""coordinates"":[]}"
20030414,-7.19E-04,2003-04-14,"{""type"":""MultiPoint"",""coordinates"":[]}"
20030415,-6.42E-04,2003-04-15,"{""type"":""MultiPoint"",""coordinates"":[]}"
20030416,-5.42E-04,2003-04-16,"{""type"":""MultiPoint"",""coordinates"":[]}"
20030417,-5.19E-04,2003-04-17,"{""type"":""MultiPoint"",""coordinates"":[]}"
20030418,-4.74E-04,2003-04-18,"{""type"":""MultiPoint"",""coordinates"":[]}"
20030419,-4.36E-04,2003-04-19,"{""type"":""MultiPoint"",""coordinates"":[]}"
20030420,-3.72E-04,2003-04-20,"{""type"":""MultiPoint"",""coordinates"":[]}"
20030421,-4.29E-04,2003-04-21,"{""type"":""MultiPoint"",""coordinates"":[]}"
20030422,-4.20E-04,2003-04-22,"{""type"":""MultiPoint"",""coordinates"":[]}"
20030423,-4.23E-04,2003-04-23,"{""type"":""MultiPoint"",""coordinates"":[]}"
20030424,-3.52E-04,2003-04-24,"{""type"":""MultiPoint"",""coordinates"":[]}"
20030425,-4.11E-04,2003-04-25,"{""type"":""MultiPoint"",""coordinates"":[]}"
20030426,-4.21E-04,2003-04-26,"{""type"":""MultiPoint"",""coordinates"":[]}"
20030427,-3.96E-04,2003-04-27,"{""type"":""MultiPoint"",""coordinates"":[]}"
20030428,-3.08E-04,2003-04-28,"{""type"":""MultiPoint"",""coordinates"":[]}"
20030429,-3.09E-04,2003-04-29,"{""type"":""MultiPoint"",""coordinates"":[]}"
20030430,-2.78E-04,2003-04-30,"{""type"":""MultiPoint"",""coordinates"":[]}"
20030501,-3.33E-04,2003-05-01,"{""type"":""MultiPoint"",""coordinates"":[]}"
20030502,-3.46E-04,2003-05-02,"{""type"":""MultiPoint"",""coordinates"":[]}"
20030503,-3.55E-04,2003-05-03,"{""type"":""MultiPoint"",""coordinates"":[]}"
20030504,-2.62E-04,2003-05-04,"{""type"":""MultiPoint"",""coordinates"":[]}"
20030505,-3.73E-04,2003-05-05,"{""type"":""MultiPoint"",""coordinates"":[]}"
20030506,-2.32E-04,2003-05-06,"{""type"":""MultiPoint"",""coordinates"":[]}"
20030507,-4.30E-04,2003-05-07,"{""type"":""MultiPoint"",""coordinates"":[]}"
20030508,-3.81E-04,2003-05-08,"{""type"":""MultiPoint"",""coordinates"":[]}"
20030509,-3.20E-04,2003-05-09,"{""type"":""MultiPoint"",""coordinates"":[]}"
20030510,-3.07E-04,2003-05-10,"{""type"":""MultiPoint"",""coordinates"":[]}"
20030511,-2.98E-04,2003-05-11,"{""type"":""MultiPoint"",""coordinates"":[]}"
20030512,-1.68E-04,2003-05-12,"{""type"":""MultiPoint"",""coordinates"":[]}"
20030513,-1.94E-04,2003-05-13,"{""type"":""MultiPoint"",""coordinates"":[]}"
20030514,-1.94E-04,2003-05-14,"{""type"":""MultiPoint"",""coordinates"":[]}"
20030515,-2.25E-04,2003-05-15,"{""type"":""MultiPoint"",""coordinates"":[]}"
20030516,-2.72E-04,2003-05-16,"{""type"":""MultiPoint"",""coordinates"":[]}"
20030517,-2.46E-04,2003-05-17,"{""type"":""MultiPoint"",""coordinates"":[]}"
20030518,-2.69E-04,2003-05-18,"{""type"":""MultiPoint"",""coordinates"":[]}"
20030519,-2.77E-04,2003-05-19,"{""type"":""MultiPoint"",""coordinates"":[]}"
20030520,-2.82E-04,2003-05-20,"{""type"":""MultiPoint"",""coordinates"":[]}"
20030521,-2.81E-04,2003-05-21,"{""type"":""MultiPoint"",""coordinates"":[]}"
20030522,-2.42E-04,2003-05-22,"{""type"":""MultiPoint"",""coordinates"":[]}"
20030523,-2.76E-04,2003-05-23,"{""type"":""MultiPoint"",""coordinates"":[]}"
20030524,-2.65E-04,2003-05-24,"{""type"":""MultiPoint"",""coordinates"":[]}"
20030525,-2.38E-04,2003-05-25,"{""type"":""MultiPoint"",""coordinates"":[]}"
20030526,-2.77E-04,2003-05-26,"{""type"":""MultiPoint"",""coordinates"":[]}"
20030527,-2.50E-04,2003-05-27,"{""type"":""MultiPoint"",""coordinates"":[]}"
20030528,-2.29E-04,2003-05-28,"{""type"":""MultiPoint"",""coordinates"":[]}"
20030529,-2.37E-04,2003-05-29,"{""type"":""MultiPoint"",""coordinates"":[]}"
20030530,-2.59E-04,2003-05-30,"{""type"":""MultiPoint"",""coordinates"":[]}"
20030531,-2.33E-04,2003-05-31,"{""type"":""MultiPoint"",""coordinates"":[]}"
20030601,-2.24E-04,2003-06-01,"{""type"":""MultiPoint"",""coordinates"":[]}"
20030602,-2.21E-04,2003-06-02,"{""type"":""MultiPoint"",""coordinates"":[]}"
20030603,-3.04E-04,2003-06-03,"{""type"":""MultiPoint"",""coordinates"":[]}"
20030604,-6.51E-04,2003-06-04,"{""type"":""MultiPoint"",""coordinates"":[]}"
20030605,-6.29E-04,2003-06-05,"{""type"":""MultiPoint"",""coordinates"":[]}"
20030606,-6.59E-04,2003-06-06,"{""type"":""MultiPoint"",""coordinates"":[]}"
20030607,-5.56E-04,2003-06-07,"{""type"":""MultiPoint"",""coordinates"":[]}"
20030608,-4.69E-04,2003-06-08,"{""type"":""MultiPoint"",""coordinates"":[]}"
20030609,-7.59E-04,2003-06-09,"{""type"":""MultiPoint"",""coordinates"":[]}"
20030610,-6.30E-04,2003-06-10,"{""type"":""MultiPoint"",""coordinates"":[]}"
20030611,-4.84E-04,2003-06-11,"{""type"":""MultiPoint"",""coordinates"":[]}"
20030612,-3.53E-04,2003-06-12,"{""type"":""MultiPoint"",""coordinates"":[]}"
20030613,-3.18E-04,2003-06-13,"{""type"":""MultiPoint"",""coordinates"":[]}"
20030614,-3.19E-04,2003-06-14,"{""type"":""MultiPoint"",""coordinates"":[]}"
20030615,-3.02E-04,2003-06-15,"{""type"":""MultiPoint"",""coordinates"":[]}"
20030616,-2.45E-04,2003-06-16,"{""type"":""MultiPoint"",""coordinates"":[]}"
20030617,-6.10E-04,2003-06-17,"{""type"":""MultiPoint"",""coordinates"":[]}"
20030618,-3.77E-04,2003-06-18,"{""type"":""MultiPoint"",""coordinates"":[]}"
20030619,-6.07E-04,2003-06-19,"{""type"":""MultiPoint"",""coordinates"":[]}"
20030620,-6.52E-04,2003-06-20,"{""type"":""MultiPoint"",""coordinates"":[]}"
20030621,-4.35E-04,2003-06-21,"{""type"":""MultiPoint"",""coordinates"":[]}"
20030622,-3.96E-04,2003-06-22,"{""type"":""MultiPoint"",""coordinates"":[]}"
20030623,-7.30E-04,2003-06-23,"{""type"":""MultiPoint"",""coordinates"":[]}"
20030624,-9.68E-04,2003-06-24,"{""type"":""MultiPoint"",""coordinates"":[]}"
20030625,-0.001561139,2003-06-25,"{""type"":""MultiPoint"",""coordinates"":[]}"
20030626,-0.00122475,2003-06-26,"{""type"":""MultiPoint"",""coordinates"":[]}"
20030627,-0.001380669,2003-06-27,"{""type"":""MultiPoint"",""coordinates"":[]}"
20030628,-0.001521044,2003-06-28,"{""type"":""MultiPoint"",""coordinates"":[]}"
20030629,-0.001272304,2003-06-29,"{""type"":""MultiPoint"",""coordinates"":[]}"
20030630,-0.001327042,2003-06-30,"{""type"":""MultiPoint"",""coordinates"":[]}"
20030701,-9.89E-04,2003-07-01,"{""type"":""MultiPoint"",""coordinates"":[]}"
20030702,-9.01E-04,2003-07-02,"{""type"":""MultiPoint"",""coordinates"":[]}"
20030703,-5.55E-04,2003-07-03,"{""type"":""MultiPoint"",""coordinates"":[]}"
20030704,-1.96E-04,2003-07-04,"{""type"":""MultiPoint"",""coordinates"":[]}"
20030705,-2.34E-04,2003-07-05,"{""type"":""MultiPoint"",""coordinates"":[]}"
20030706,-8.21E-04,2003-07-06,"{""type"":""MultiPoint"",""coordinates"":[]}"
20030707,-0.001359742,2003-07-07,"{""type"":""MultiPoint"",""coordinates"":[]}"
20030708,-8.48E-04,2003-07-08,"{""type"":""MultiPoint"",""coordinates"":[]}"
20030709,-0.001049521,2003-07-09,"{""type"":""MultiPoint"",""coordinates"":[]}"
20030710,-0.00104136,2003-07-10,"{""type"":""MultiPoint"",""coordinates"":[]}"
20030711,-8.93E-04,2003-07-11,"{""type"":""MultiPoint"",""coordinates"":[]}"
20030712,-0.001812074,2003-07-12,"{""type"":""MultiPoint"",""coordinates"":[]}"
20030713,-0.00122111,2003-07-13,"{""type"":""MultiPoint"",""coordinates"":[]}"
20030714,-0.001265146,2003-07-14,"{""type"":""MultiPoint"",""coordinates"":[]}"
20030715,-1.73E-04,2003-07-15,"{""type"":""MultiPoint"",""coordinates"":[]}"
20030716,-3.57E-04,2003-07-16,"{""type"":""MultiPoint"",""coordinates"":[]}"
20030717,-0.001449324,2003-07-17,"{""type"":""MultiPoint"",""coordinates"":[]}"
20030718,-0.001955394,2003-07-18,"{""type"":""MultiPoint"",""coordinates"":[]}"
20030719,-0.001660591,2003-07-19,"{""type"":""MultiPoint"",""coordinates"":[]}"
20030720,-0.001813843,2003-07-20,"{""type"":""MultiPoint"",""coordinates"":[]}"
20030721,-0.001553636,2003-07-21,"{""type"":""MultiPoint"",""coordinates"":[]}"
20030722,-0.001406246,2003-07-22,"{""type"":""MultiPoint"",""coordinates"":[]}"
20030723,-0.001530185,2003-07-23,"{""type"":""MultiPoint"",""coordinates"":[]}"
20030724,-0.001004512,2003-07-24,"{""type"":""MultiPoint"",""coordinates"":[]}"
20030725,-0.001607949,2003-07-25,"{""type"":""MultiPoint"",""coordinates"":[]}"
20030726,-0.001566077,2003-07-26,"{""type"":""MultiPoint"",""coordinates"":[]}"
20030727,-0.001693936,2003-07-27,"{""type"":""MultiPoint"",""coordinates"":[]}"
20030728,-0.001507713,2003-07-28,"{""type"":""MultiPoint"",""coordinates"":[]}"
20030729,-0.001502485,2003-07-29,"{""type"":""MultiPoint"",""coordinates"":[]}"
20030730,-0.001571485,2003-07-30,"{""type"":""MultiPoint"",""coordinates"":[]}"
20030731,-0.001643401,2003-07-31,"{""type"":""MultiPoint"",""coordinates"":[]}"
20030801,-0.001723187,2003-08-01,"{""type"":""MultiPoint"",""coordinates"":[]}"
20030802,-0.001567769,2003-08-02,"{""type"":""MultiPoint"",""coordinates"":[]}"
20030803,-0.001430698,2003-08-03,"{""type"":""MultiPoint"",""coordinates"":[]}"
20030804,-0.002012734,2003-08-04,"{""type"":""MultiPoint"",""coordinates"":[]}"
20030805,-0.001471618,2003-08-05,"{""type"":""MultiPoint"",""coordinates"":[]}"
20030806,-0.00134922,2003-08-06,"{""type"":""MultiPoint"",""coordinates"":[]}"
20030807,-0.001386497,2003-08-07,"{""type"":""MultiPoint"",""coordinates"":[]}"
20030808,-0.001371584,2003-08-08,"{""type"":""MultiPoint"",""coordinates"":[]}"
20030809,-0.001607371,2003-08-09,"{""type"":""MultiPoint"",""coordinates"":[]}"
20030810,-0.002126421,2003-08-10,"{""type"":""MultiPoint"",""coordinates"":[]}"
20030811,-0.002253049,2003-08-11,"{""type"":""MultiPoint"",""coordinates"":[]}"
20030812,-0.002287341,2003-08-12,"{""type"":""MultiPoint"",""coordinates"":[]}"
20030813,-0.001501333,2003-08-13,"{""type"":""MultiPoint"",""coordinates"":[]}"
20030814,-0.001436085,2003-08-14,"{""type"":""MultiPoint"",""coordinates"":[]}"
20030815,-0.001329526,2003-08-15,"{""type"":""MultiPoint"",""coordinates"":[]}"
20030816,-0.001352117,2003-08-16,"{""type"":""MultiPoint"",""coordinates"":[]}"
20030817,-0.001169632,2003-08-17,"{""type"":""MultiPoint"",""coordinates"":[]}"
20030818,-0.001381463,2003-08-18,"{""type"":""MultiPoint"",""coordinates"":[]}"
20030819,-8.20E-04,2003-08-19,"{""type"":""MultiPoint"",""coordinates"":[]}"
20030820,-0.001215548,2003-08-20,"{""type"":""MultiPoint"",""coordinates"":[]}"
20030821,-7.21E-04,2003-08-21,"{""type"":""MultiPoint"",""coordinates"":[]}"
20030822,-4.33E-06,2003-08-22,"{""type"":""MultiPoint"",""coordinates"":[]}"
20030823,-0.001367456,2003-08-23,"{""type"":""MultiPoint"",""coordinates"":[]}"
20030824,-0.001802209,2003-08-24,"{""type"":""MultiPoint"",""coordinates"":[]}"
20030825,-0.001863015,2003-08-25,"{""type"":""MultiPoint"",""coordinates"":[]}"
20030826,-0.001752425,2003-08-26,"{""type"":""MultiPoint"",""coordinates"":[]}"
20030827,-0.001548945,2003-08-27,"{""type"":""MultiPoint"",""coordinates"":[]}"
20030828,-0.001780477,2003-08-28,"{""type"":""MultiPoint"",""coordinates"":[]}"
20030829,-0.002237725,2003-08-29,"{""type"":""MultiPoint"",""coordinates"":[]}"
20030830,-0.002343547,2003-08-30,"{""type"":""MultiPoint"",""coordinates"":[]}"
20030831,-0.001494092,2003-08-31,"{""type"":""MultiPoint"",""coordinates"":[]}"
20030901,-0.001849761,2003-09-01,"{""type"":""MultiPoint"",""coordinates"":[]}"
20030902,-0.001687325,2003-09-02,"{""type"":""MultiPoint"",""coordinates"":[]}"
20030903,-0.002362202,2003-09-03,"{""type"":""MultiPoint"",""coordinates"":[]}"
20030904,-0.002268072,2003-09-04,"{""type"":""MultiPoint"",""coordinates"":[]}"
20030905,-0.002235059,2003-09-05,"{""type"":""MultiPoint"",""coordinates"":[]}"
20030906,-0.001439412,2003-09-06,"{""type"":""MultiPoint"",""coordinates"":[]}"
20030907,-0.001905597,2003-09-07,"{""type"":""MultiPoint"",""coordinates"":[]}"
20030908,-0.002142167,2003-09-08,"{""type"":""MultiPoint"",""coordinates"":[]}"
20030909,-0.001705259,2003-09-09,"{""type"":""MultiPoint"",""coordinates"":[]}"
20030910,-0.002627905,2003-09-10,"{""type"":""MultiPoint"",""coordinates"":[]}"
20030911,-0.002492035,2003-09-11,"{""type"":""MultiPoint"",""coordinates"":[]}"
20030912,-0.002211963,2003-09-12,"{""type"":""MultiPoint"",""coordinates"":[]}"
20030913,-0.002365279,2003-09-13,"{""type"":""MultiPoint"",""coordinates"":[]}"
20030914,-0.002199624,2003-09-14,"{""type"":""MultiPoint"",""coordinates"":[]}"
20030915,-0.001901451,2003-09-15,"{""type"":""MultiPoint"",""coordinates"":[]}"
20030916,-0.001648974,2003-09-16,"{""type"":""MultiPoint"",""coordinates"":[]}"
20030917,-0.00137265,2003-09-17,"{""type"":""MultiPoint"",""coordinates"":[]}"
20030918,-0.001507088,2003-09-18,"{""type"":""MultiPoint"",""coordinates"":[]}"
20030919,-0.001972864,2003-09-19,"{""type"":""MultiPoint"",""coordinates"":[]}"
20030920,-0.002277726,2003-09-20,"{""type"":""MultiPoint"",""coordinates"":[]}"
20030921,-0.001923582,2003-09-21,"{""type"":""MultiPoint"",""coordinates"":[]}"
20030922,-0.002051455,2003-09-22,"{""type"":""MultiPoint"",""coordinates"":[]}"
20030923,-0.001689665,2003-09-23,"{""type"":""MultiPoint"",""coordinates"":[]}"
20030924,-0.001249716,2003-09-24,"{""type"":""MultiPoint"",""coordinates"":[]}"
20030925,-0.001082457,2003-09-25,"{""type"":""MultiPoint"",""coordinates"":[]}"
20030926,-0.001356048,2003-09-26,"{""type"":""MultiPoint"",""coordinates"":[]}"
20030927,-0.001814724,2003-09-27,"{""type"":""MultiPoint"",""coordinates"":[]}"
20030928,-0.001951764,2003-09-28,"{""type"":""MultiPoint"",""coordinates"":[]}"
20030929,-0.001667376,2003-09-29,"{""type"":""MultiPoint"",""coordinates"":[]}"
20030930,-0.001500876,2003-09-30,"{""type"":""MultiPoint"",""coordinates"":[]}"
20031001,-0.001350409,2003-10-01,"{""type"":""MultiPoint"",""coordinates"":[]}"
20031002,-0.001872652,2003-10-02,"{""type"":""MultiPoint"",""coordinates"":[]}"
20031003,-0.001376872,2003-10-03,"{""type"":""MultiPoint"",""coordinates"":[]}"
20031004,-0.001094721,2003-10-04,"{""type"":""MultiPoint"",""coordinates"":[]}"
20031005,-0.00107445,2003-10-05,"{""type"":""MultiPoint"",""coordinates"":[]}"
20031006,-0.001197716,2003-10-06,"{""type"":""MultiPoint"",""coordinates"":[]}"
20031007,-0.001670204,2003-10-07,"{""type"":""MultiPoint"",""coordinates"":[]}"
20031008,-0.001934957,2003-10-08,"{""type"":""MultiPoint"",""coordinates"":[]}"
20031009,-0.002905535,2003-10-09,"{""type"":""MultiPoint"",""coordinates"":[]}"
20031010,-0.002354976,2003-10-10,"{""type"":""MultiPoint"",""coordinates"":[]}"
20031011,-0.002015593,2003-10-11,"{""type"":""MultiPoint"",""coordinates"":[]}"
20031012,-0.001683809,2003-10-12,"{""type"":""MultiPoint"",""coordinates"":[]}"
20031013,-0.002387456,2003-10-13,"{""type"":""MultiPoint"",""coordinates"":[]}"
20031014,-0.002255629,2003-10-14,"{""type"":""MultiPoint"",""coordinates"":[]}"
20031015,-0.00285996,2003-10-15,"{""type"":""MultiPoint"",""coordinates"":[]}"
20031016,-0.002780537,2003-10-16,"{""type"":""MultiPoint"",""coordinates"":[]}"
20031017,-0.002625501,2003-10-17,"{""type"":""MultiPoint"",""coordinates"":[]}"
20031018,-0.001737055,2003-10-18,"{""type"":""MultiPoint"",""coordinates"":[]}"
20031019,-0.001085231,2003-10-19,"{""type"":""MultiPoint"",""coordinates"":[]}"
20031020,-4.99E-04,2003-10-20,"{""type"":""MultiPoint"",""coordinates"":[]}"
20031021,-4.18E-04,2003-10-21,"{""type"":""MultiPoint"",""coordinates"":[]}"
20031022,-2.91E-05,2003-10-22,"{""type"":""MultiPoint"",""coordinates"":[]}"
20031023,-7.90E-04,2003-10-23,"{""type"":""MultiPoint"",""coordinates"":[]}"
20031024,-0.002240615,2003-10-24,"{""type"":""MultiPoint"",""coordinates"":[]}"
20031025,-0.00352204,2003-10-25,"{""type"":""MultiPoint"",""coordinates"":[]}"
20031026,-0.003476068,2003-10-26,"{""type"":""MultiPoint"",""coordinates"":[]}"
20031027,-0.00357329,2003-10-27,"{""type"":""MultiPoint"",""coordinates"":[]}"
20031028,-0.00343536,2003-10-28,"{""type"":""MultiPoint"",""coordinates"":[]}"
20031029,-0.002663101,2003-10-29,"{""type"":""MultiPoint"",""coordinates"":[]}"
20031030,-0.002473082,2003-10-30,"{""type"":""MultiPoint"",""coordinates"":[]}"
20031031,-0.003067582,2003-10-31,"{""type"":""MultiPoint"",""coordinates"":[]}"
20031101,-0.002714707,2003-11-01,"{""type"":""MultiPoint"",""coordinates"":[]}"
20031102,-0.002605299,2003-11-02,"{""type"":""MultiPoint"",""coordinates"":[]}"
20031103,-0.002100524,2003-11-03,"{""type"":""MultiPoint"",""coordinates"":[]}"
20031104,-0.002470944,2003-11-04,"{""type"":""MultiPoint"",""coordinates"":[]}"
20031105,-0.002769624,2003-11-05,"{""type"":""MultiPoint"",""coordinates"":[]}"
20031106,-0.002638203,2003-11-06,"{""type"":""MultiPoint"",""coordinates"":[]}"
20031107,-6.97E-04,2003-11-07,"{""type"":""MultiPoint"",""coordinates"":[]}"
20031108,-8.88E-04,2003-11-08,"{""type"":""MultiPoint"",""coordinates"":[]}"
20031109,-0.001888368,2003-11-09,"{""type"":""MultiPoint"",""coordinates"":[]}"
20031110,-0.002859631,2003-11-10,"{""type"":""MultiPoint"",""coordinates"":[]}"
20031111,-0.002982908,2003-11-11,"{""type"":""MultiPoint"",""coordinates"":[]}"
20031112,-0.001862005,2003-11-12,"{""type"":""MultiPoint"",""coordinates"":[]}"
20031113,-0.002246602,2003-11-13,"{""type"":""MultiPoint"",""coordinates"":[]}"
20031114,-0.001475497,2003-11-14,"{""type"":""MultiPoint"",""coordinates"":[]}"
20031115,-0.001876372,2003-11-15,"{""type"":""MultiPoint"",""coordinates"":[]}"
20031116,-0.002603634,2003-11-16,"{""type"":""MultiPoint"",""coordinates"":[]}"
20031117,-0.002457972,2003-11-17,"{""type"":""MultiPoint"",""coordinates"":[]}"
20031118,-0.002375246,2003-11-18,"{""type"":""MultiPoint"",""coordinates"":[]}"
20031119,-0.002391494,2003-11-19,"{""type"":""MultiPoint"",""coordinates"":[]}"
20031120,-0.002148367,2003-11-20,"{""type"":""MultiPoint"",""coordinates"":[]}"
20031121,-8.68E-04,2003-11-21,"{""type"":""MultiPoint"",""coordinates"":[]}"
20031122,-1.34E-04,2003-11-22,"{""type"":""MultiPoint"",""coordinates"":[]}"
20031123,-0.002429089,2003-11-23,"{""type"":""MultiPoint"",""coordinates"":[]}"
20031124,-0.001937176,2003-11-24,"{""type"":""MultiPoint"",""coordinates"":[]}"
20031125,-0.002503215,2003-11-25,"{""type"":""MultiPoint"",""coordinates"":[]}"
20031126,-0.002568759,2003-11-26,"{""type"":""MultiPoint"",""coordinates"":[]}"
20031127,-0.002482714,2003-11-27,"{""type"":""MultiPoint"",""coordinates"":[]}"
20031128,-0.001495932,2003-11-28,"{""type"":""MultiPoint"",""coordinates"":[]}"
20031129,-7.02E-04,2003-11-29,"{""type"":""MultiPoint"",""coordinates"":[]}"
20031130,-0.001855422,2003-11-30,"{""type"":""MultiPoint"",""coordinates"":[]}"
20031201,-0.002221162,2003-12-01,"{""type"":""MultiPoint"",""coordinates"":[]}"
20031202,-0.002186648,2003-12-02,"{""type"":""MultiPoint"",""coordinates"":[]}"
20031203,-0.00206998,2003-12-03,"{""type"":""MultiPoint"",""coordinates"":[]}"
20031204,-0.002009665,2003-12-04,"{""type"":""MultiPoint"",""coordinates"":[]}"
20031205,-0.001930719,2003-12-05,"{""type"":""MultiPoint"",""coordinates"":[]}"
20031206,-0.001864416,2003-12-06,"{""type"":""MultiPoint"",""coordinates"":[]}"
20031207,-0.001990107,2003-12-07,"{""type"":""MultiPoint"",""coordinates"":[]}"
20031208,-0.001783207,2003-12-08,"{""type"":""MultiPoint"",""coordinates"":[]}"
20031209,-0.001631998,2003-12-09,"{""type"":""MultiPoint"",""coordinates"":[]}"
20031210,-0.001617318,2003-12-10,"{""type"":""MultiPoint"",""coordinates"":[]}"
20031211,-0.001453661,2003-12-11,"{""type"":""MultiPoint"",""coordinates"":[]}"
20031212,-0.00121354,2003-12-12,"{""type"":""MultiPoint"",""coordinates"":[]}"
20031213,-0.001389029,2003-12-13,"{""type"":""MultiPoint"",""coordinates"":[]}"
20031214,-0.001168589,2003-12-14,"{""type"":""MultiPoint"",""coordinates"":[]}"
20031215,-0.001118017,2003-12-15,"{""type"":""MultiPoint"",""coordinates"":[]}"
20031216,-0.001527325,2003-12-16,"{""type"":""MultiPoint"",""coordinates"":[]}"
20031217,-0.00135359,2003-12-17,"{""type"":""MultiPoint"",""coordinates"":[]}"
20031218,-5.43E-04,2003-12-18,"{""type"":""MultiPoint"",""coordinates"":[]}"
20031219,-0.001443186,2003-12-19,"{""type"":""MultiPoint"",""coordinates"":[]}"
20031220,-0.001373457,2003-12-20,"{""type"":""MultiPoint"",""coordinates"":[]}"
20031221,-0.001358628,2003-12-21,"{""type"":""MultiPoint"",""coordinates"":[]}"
20031222,-0.001265593,2003-12-22,"{""type"":""MultiPoint"",""coordinates"":[]}"
20031223,-0.001097266,2003-12-23,"{""type"":""MultiPoint"",""coordinates"":[]}"
20031224,-4.74E-04,2003-12-24,"{""type"":""MultiPoint"",""coordinates"":[]}"
20031225,-4.69E-04,2003-12-25,"{""type"":""MultiPoint"",""coordinates"":[]}"
20031226,-7.47E-04,2003-12-26,"{""type"":""MultiPoint"",""coordinates"":[]}"
20031227,-5.39E-04,2003-12-27,"{""type"":""MultiPoint"",""coordinates"":[]}"
20031228,-0.001049818,2003-12-28,"{""type"":""MultiPoint"",""coordinates"":[]}"
20031229,-9.67E-04,2003-12-29,"{""type"":""MultiPoint"",""coordinates"":[]}"
20031230,-9.44E-04,2003-12-30,"{""type"":""MultiPoint"",""coordinates"":[]}"
20031231,-6.83E-04,2003-12-31,"{""type"":""MultiPoint"",""coordinates"":[]}"
20040101,-8.49E-04,2004-01-01,"{""type"":""MultiPoint"",""coordinates"":[]}"
20040102,-8.87E-04,2004-01-02,"{""type"":""MultiPoint"",""coordinates"":[]}"
20040103,-9.84E-04,2004-01-03,"{""type"":""MultiPoint"",""coordinates"":[]}"
20040104,-9.49E-04,2004-01-04,"{""type"":""MultiPoint"",""coordinates"":[]}"
20040105,-8.72E-04,2004-01-05,"{""type"":""MultiPoint"",""coordinates"":[]}"
20040106,-6.27E-04,2004-01-06,"{""type"":""MultiPoint"",""coordinates"":[]}"
20040107,-5.07E-04,2004-01-07,"{""type"":""MultiPoint"",""coordinates"":[]}"
20040108,-8.63E-04,2004-01-08,"{""type"":""MultiPoint"",""coordinates"":[]}"
20040109,-7.50E-04,2004-01-09,"{""type"":""MultiPoint"",""coordinates"":[]}"
20040110,-8.31E-04,2004-01-10,"{""type"":""MultiPoint"",""coordinates"":[]}"
20040111,-8.90E-04,2004-01-11,"{""type"":""MultiPoint"",""coordinates"":[]}"
20040112,-8.83E-04,2004-01-12,"{""type"":""MultiPoint"",""coordinates"":[]}"
20040113,-9.32E-04,2004-01-13,"{""type"":""MultiPoint"",""coordinates"":[]}"
20040114,-9.74E-04,2004-01-14,"{""type"":""MultiPoint"",""coordinates"":[]}"
20040115,-9.51E-04,2004-01-15,"{""type"":""MultiPoint"",""coordinates"":[]}"
20040116,-9.62E-04,2004-01-16,"{""type"":""MultiPoint"",""coordinates"":[]}"
20040117,-9.17E-04,2004-01-17,"{""type"":""MultiPoint"",""coordinates"":[]}"
20040118,-8.94E-04,2004-01-18,"{""type"":""MultiPoint"",""coordinates"":[]}"
20040119,-9.02E-04,2004-01-19,"{""type"":""MultiPoint"",""coordinates"":[]}"
20040120,-7.99E-04,2004-01-20,"{""type"":""MultiPoint"",""coordinates"":[]}"
20040121,-7.23E-04,2004-01-21,"{""type"":""MultiPoint"",""coordinates"":[]}"
20040122,-6.26E-04,2004-01-22,"{""type"":""MultiPoint"",""coordinates"":[]}"
20040123,-6.11E-04,2004-01-23,"{""type"":""MultiPoint"",""coordinates"":[]}"
20040124,-5.36E-04,2004-01-24,"{""type"":""MultiPoint"",""coordinates"":[]}"
20040125,-6.47E-04,2004-01-25,"{""type"":""MultiPoint"",""coordinates"":[]}"
20040126,-5.99E-04,2004-01-26,"{""type"":""MultiPoint"",""coordinates"":[]}"
20040127,-7.60E-04,2004-01-27,"{""type"":""MultiPoint"",""coordinates"":[]}"
20040128,-4.54E-04,2004-01-28,"{""type"":""MultiPoint"",""coordinates"":[]}"
20040129,-4.87E-04,2004-01-29,"{""type"":""MultiPoint"",""coordinates"":[]}"
20040130,-4.61E-04,2004-01-30,"{""type"":""MultiPoint"",""coordinates"":[]}"
20040131,-4.09E-04,2004-01-31,"{""type"":""MultiPoint"",""coordinates"":[]}"
20040201,-3.73E-04,2004-02-01,"{""type"":""MultiPoint"",""coordinates"":[]}"
20040202,-6.33E-04,2004-02-02,"{""type"":""MultiPoint"",""coordinates"":[]}"
20040203,-7.09E-04,2004-02-03,"{""type"":""MultiPoint"",""coordinates"":[]}"
20040204,-6.74E-04,2004-02-04,"{""type"":""MultiPoint"",""coordinates"":[]}"
20040205,-5.03E-04,2004-02-05,"{""type"":""MultiPoint"",""coordinates"":[]}"
20040206,-5.11E-04,2004-02-06,"{""type"":""MultiPoint"",""coordinates"":[]}"
20040207,-2.72E-04,2004-02-07,"{""type"":""MultiPoint"",""coordinates"":[]}"
20040208,-6.17E-04,2004-02-08,"{""type"":""MultiPoint"",""coordinates"":[]}"
20040209,-7.49E-04,2004-02-09,"{""type"":""MultiPoint"",""coordinates"":[]}"
20040210,-6.13E-04,2004-02-10,"{""type"":""MultiPoint"",""coordinates"":[]}"
20040211,-6.69E-04,2004-02-11,"{""type"":""MultiPoint"",""coordinates"":[]}"
20040212,-6.98E-04,2004-02-12,"{""type"":""MultiPoint"",""coordinates"":[]}"
20040213,-6.22E-04,2004-02-13,"{""type"":""MultiPoint"",""coordinates"":[]}"
20040214,-6.04E-04,2004-02-14,"{""type"":""MultiPoint"",""coordinates"":[]}"
20040215,-6.08E-04,2004-02-15,"{""type"":""MultiPoint"",""coordinates"":[]}"
20040216,-6.00E-04,2004-02-16,"{""type"":""MultiPoint"",""coordinates"":[]}"
20040217,-5.72E-04,2004-02-17,"{""type"":""MultiPoint"",""coordinates"":[]}"
20040218,-5.92E-04,2004-02-18,"{""type"":""MultiPoint"",""coordinates"":[]}"
20040219,-6.20E-04,2004-02-19,"{""type"":""MultiPoint"",""coordinates"":[]}"
20040220,-5.87E-04,2004-02-20,"{""type"":""MultiPoint"",""coordinates"":[]}"
20040221,-5.73E-04,2004-02-21,"{""type"":""MultiPoint"",""coordinates"":[]}"
20040222,-5.54E-04,2004-02-22,"{""type"":""MultiPoint"",""coordinates"":[]}"
20040223,-6.16E-04,2004-02-23,"{""type"":""MultiPoint"",""coordinates"":[]}"
20040224,-5.86E-04,2004-02-24,"{""type"":""MultiPoint"",""coordinates"":[]}"
20040225,-5.73E-04,2004-02-25,"{""type"":""MultiPoint"",""coordinates"":[]}"
20040226,-5.87E-04,2004-02-26,"{""type"":""MultiPoint"",""coordinates"":[]}"
20040227,-6.10E-04,2004-02-27,"{""type"":""MultiPoint"",""coordinates"":[]}"
20040228,-5.71E-04,2004-02-28,"{""type"":""MultiPoint"",""coordinates"":[]}"
20040229,-5.76E-04,2004-02-29,"{""type"":""MultiPoint"",""coordinates"":[]}"
20040301,-5.60E-04,2004-03-01,"{""type"":""MultiPoint"",""coordinates"":[]}"
20040302,-5.39E-04,2004-03-02,"{""type"":""MultiPoint"",""coordinates"":[]}"
20040303,-5.32E-04,2004-03-03,"{""type"":""MultiPoint"",""coordinates"":[]}"
20040304,-5.04E-04,2004-03-04,"{""type"":""MultiPoint"",""coordinates"":[]}"
20040305,-5.19E-04,2004-03-05,"{""type"":""MultiPoint"",""coordinates"":[]}"
20040306,-5.51E-04,2004-03-06,"{""type"":""MultiPoint"",""coordinates"":[]}"
20040307,-5.42E-04,2004-03-07,"{""type"":""MultiPoint"",""coordinates"":[]}"
20040308,-4.46E-04,2004-03-08,"{""type"":""MultiPoint"",""coordinates"":[]}"
20040309,-4.15E-04,2004-03-09,"{""type"":""MultiPoint"",""coordinates"":[]}"
20040310,-4.21E-04,2004-03-10,"{""type"":""MultiPoint"",""coordinates"":[]}"
20040311,-4.43E-04,2004-03-11,"{""type"":""MultiPoint"",""coordinates"":[]}"
20040312,-4.56E-04,2004-03-12,"{""type"":""MultiPoint"",""coordinates"":[]}"
20040313,-4.34E-04,2004-03-13,"{""type"":""MultiPoint"",""coordinates"":[]}"
20040314,-4.22E-04,2004-03-14,"{""type"":""MultiPoint"",""coordinates"":[]}"
20040315,-4.52E-04,2004-03-15,"{""type"":""MultiPoint"",""coordinates"":[]}"
20040316,-4.66E-04,2004-03-16,"{""type"":""MultiPoint"",""coordinates"":[]}"
20040317,-4.77E-04,2004-03-17,"{""type"":""MultiPoint"",""coordinates"":[]}"
20040318,-4.66E-04,2004-03-18,"{""type"":""MultiPoint"",""coordinates"":[]}"
20040319,-4.79E-04,2004-03-19,"{""type"":""MultiPoint"",""coordinates"":[]}"
20040320,-4.62E-04,2004-03-20,"{""type"":""MultiPoint"",""coordinates"":[]}"
20040321,-4.11E-04,2004-03-21,"{""type"":""MultiPoint"",""coordinates"":[]}"
20040322,-4.40E-04,2004-03-22,"{""type"":""MultiPoint"",""coordinates"":[]}"
20040323,-4.04E-04,2004-03-23,"{""type"":""MultiPoint"",""coordinates"":[]}"
20040324,-3.09E-04,2004-03-24,"{""type"":""MultiPoint"",""coordinates"":[]}"
20040325,-2.76E-04,2004-03-25,"{""type"":""MultiPoint"",""coordinates"":[]}"
20040326,-3.03E-04,2004-03-26,"{""type"":""MultiPoint"",""coordinates"":[]}"
20040327,-3.58E-04,2004-03-27,"{""type"":""MultiPoint"",""coordinates"":[]}"
20040328,-2.72E-04,2004-03-28,"{""type"":""MultiPoint"",""coordinates"":[]}"
20040329,-2.40E-04,2004-03-29,"{""type"":""MultiPoint"",""coordinates"":[]}"
20040330,-5.39E-04,2004-03-30,"{""type"":""MultiPoint"",""coordinates"":[]}"
20040331,-0.001286329,2004-03-31,"{""type"":""MultiPoint"",""coordinates"":[]}"
20040401,-0.001534055,2004-04-01,"{""type"":""MultiPoint"",""coordinates"":[]}"
20040402,-0.002196942,2004-04-02,"{""type"":""MultiPoint"",""coordinates"":[]}"
20040403,-0.002460643,2004-04-03,"{""type"":""MultiPoint"",""coordinates"":[]}"
20040404,-0.002602583,2004-04-04,"{""type"":""MultiPoint"",""coordinates"":[]}"
20040405,-0.00220361,2004-04-05,"{""type"":""MultiPoint"",""coordinates"":[]}"
20040406,-0.001526535,2004-04-06,"{""type"":""MultiPoint"",""coordinates"":[]}"
20040407,-0.002455557,2004-04-07,"{""type"":""MultiPoint"",""coordinates"":[]}"
20040408,-0.003010594,2004-04-08,"{""type"":""MultiPoint"",""coordinates"":[]}"
20040409,-0.00324171,2004-04-09,"{""type"":""MultiPoint"",""coordinates"":[]}"
20040410,-0.002776459,2004-04-10,"{""type"":""MultiPoint"",""coordinates"":[]}"
20040411,-0.003173095,2004-04-11,"{""type"":""MultiPoint"",""coordinates"":[]}"
20040412,-0.002985415,2004-04-12,"{""type"":""MultiPoint"",""coordinates"":[]}"
20040413,-0.002755947,2004-04-13,"{""type"":""MultiPoint"",""coordinates"":[]}"
20040414,-0.002353316,2004-04-14,"{""type"":""MultiPoint"",""coordinates"":[]}"
20040415,-0.002028532,2004-04-15,"{""type"":""MultiPoint"",""coordinates"":[]}"
20040416,-0.001917828,2004-04-16,"{""type"":""MultiPoint"",""coordinates"":[]}"
20040417,-0.002046046,2004-04-17,"{""type"":""MultiPoint"",""coordinates"":[]}"
20040418,-0.0015427,2004-04-18,"{""type"":""MultiPoint"",""coordinates"":[]}"
20040419,-0.001762917,2004-04-19,"{""type"":""MultiPoint"",""coordinates"":[]}"
20040420,-0.001405987,2004-04-20,"{""type"":""MultiPoint"",""coordinates"":[]}"
20040421,-0.001288494,2004-04-21,"{""type"":""MultiPoint"",""coordinates"":[]}"
20040422,-0.001258232,2004-04-22,"{""type"":""MultiPoint"",""coordinates"":[]}"
20040423,-9.71E-04,2004-04-23,"{""type"":""MultiPoint"",""coordinates"":[]}"
20040424,-9.77E-04,2004-04-24,"{""type"":""MultiPoint"",""coordinates"":[]}"
20040425,-0.001058213,2004-04-25,"{""type"":""MultiPoint"",""coordinates"":[]}"
20040426,-0.001433114,2004-04-26,"{""type"":""MultiPoint"",""coordinates"":[]}"
20040427,-0.001158349,2004-04-27,"{""type"":""MultiPoint"",""coordinates"":[]}"
20040428,-0.001634719,2004-04-28,"{""type"":""MultiPoint"",""coordinates"":[]}"
20040429,-0.001413534,2004-04-29,"{""type"":""MultiPoint"",""coordinates"":[]}"
20040430,-0.001278454,2004-04-30,"{""type"":""MultiPoint"",""coordinates"":[]}"
20040501,-0.001618716,2004-05-01,"{""type"":""MultiPoint"",""coordinates"":[]}"
20040502,-0.001152173,2004-05-02,"{""type"":""MultiPoint"",""coordinates"":[]}"
20040503,-7.92E-05,2004-05-03,"{""type"":""MultiPoint"",""coordinates"":[]}"
20040504,-1.94E-04,2004-05-04,"{""type"":""MultiPoint"",""coordinates"":[]}"
20040505,-0.001443119,2004-05-05,"{""type"":""MultiPoint"",""coordinates"":[]}"
20040506,-5.08E-04,2004-05-06,"{""type"":""MultiPoint"",""coordinates"":[]}"
20040507,-0.001362509,2004-05-07,"{""type"":""MultiPoint"",""coordinates"":[]}"
20040508,-0.001901916,2004-05-08,"{""type"":""MultiPoint"",""coordinates"":[]}"
20040509,-0.002493452,2004-05-09,"{""type"":""MultiPoint"",""coordinates"":[]}"
20040510,-0.002698766,2004-05-10,"{""type"":""MultiPoint"",""coordinates"":[]}"
20040511,-0.003018377,2004-05-11,"{""type"":""MultiPoint"",""coordinates"":[]}"
20040512,-0.003315366,2004-05-12,"{""type"":""MultiPoint"",""coordinates"":[]}"
20040513,-0.003033643,2004-05-13,"{""type"":""MultiPoint"",""coordinates"":[]}"
20040514,-0.002503434,2004-05-14,"{""type"":""MultiPoint"",""coordinates"":[]}"
20040515,-0.002506306,2004-05-15,"{""type"":""MultiPoint"",""coordinates"":[]}"
20040516,-0.001831309,2004-05-16,"{""type"":""MultiPoint"",""coordinates"":[]}"
20040517,-7.18E-04,2004-05-17,"{""type"":""MultiPoint"",""coordinates"":[]}"
20040518,-0.001798948,2004-05-18,"{""type"":""MultiPoint"",""coordinates"":[]}"
20040519,-0.002169364,2004-05-19,"{""type"":""MultiPoint"",""coordinates"":[]}"
20040520,-0.002453529,2004-05-20,"{""type"":""MultiPoint"",""coordinates"":[]}"
20040521,-0.002413749,2004-05-21,"{""type"":""MultiPoint"",""coordinates"":[]}"
20040522,-0.002084793,2004-05-22,"{""type"":""MultiPoint"",""coordinates"":[]}"
20040523,-0.001780744,2004-05-23,"{""type"":""MultiPoint"",""coordinates"":[]}"
20040524,-0.001865221,2004-05-24,"{""type"":""MultiPoint"",""coordinates"":[]}"
20040525,-9.25E-04,2004-05-25,"{""type"":""MultiPoint"",""coordinates"":[]}"
20040526,-0.00214282,2004-05-26,"{""type"":""MultiPoint"",""coordinates"":[]}"
20040527,-0.002169505,2004-05-27,"{""type"":""MultiPoint"",""coordinates"":[]}"
20040528,-0.002781543,2004-05-28,"{""type"":""MultiPoint"",""coordinates"":[]}"
20040529,-0.002130891,2004-05-29,"{""type"":""MultiPoint"",""coordinates"":[]}"
20040530,-0.001319818,2004-05-30,"{""type"":""MultiPoint"",""coordinates"":[]}"
20040531,-0.002006271,2004-05-31,"{""type"":""MultiPoint"",""coordinates"":[]}"
20040601,-0.001619041,2004-06-01,"{""type"":""MultiPoint"",""coordinates"":[]}"
20040602,-0.002320201,2004-06-02,"{""type"":""MultiPoint"",""coordinates"":[]}"
20040603,-0.002677974,2004-06-03,"{""type"":""MultiPoint"",""coordinates"":[]}"
20040604,-0.003020934,2004-06-04,"{""type"":""MultiPoint"",""coordinates"":[]}"
20040605,-0.001624946,2004-06-05,"{""type"":""MultiPoint"",""coordinates"":[]}"
20040606,-0.002581672,2004-06-06,"{""type"":""MultiPoint"",""coordinates"":[]}"
20040607,-0.002377674,2004-06-07,"{""type"":""MultiPoint"",""coordinates"":[]}"
20040608,-0.001963447,2004-06-08,"{""type"":""MultiPoint"",""coordinates"":[]}"
20040609,-8.21E-04,2004-06-09,"{""type"":""MultiPoint"",""coordinates"":[]}"
20040610,-0.001169098,2004-06-10,"{""type"":""MultiPoint"",""coordinates"":[]}"
20040611,-0.002061128,2004-06-11,"{""type"":""MultiPoint"",""coordinates"":[]}"
20040612,-0.001564849,2004-06-12,"{""type"":""MultiPoint"",""coordinates"":[]}"
20040613,-0.001535552,2004-06-13,"{""type"":""MultiPoint"",""coordinates"":[]}"
20040614,-0.001997166,2004-06-14,"{""type"":""MultiPoint"",""coordinates"":[]}"
20040615,-0.001991434,2004-06-15,"{""type"":""MultiPoint"",""coordinates"":[]}"
20040616,-0.001762678,2004-06-16,"{""type"":""MultiPoint"",""coordinates"":[]}"
20040617,-0.00296238,2004-06-17,"{""type"":""MultiPoint"",""coordinates"":[]}"
20040618,-0.002355436,2004-06-18,"{""type"":""MultiPoint"",""coordinates"":[]}"
20040619,-0.002676412,2004-06-19,"{""type"":""MultiPoint"",""coordinates"":[]}"
20040620,-0.003078689,2004-06-20,"{""type"":""MultiPoint"",""coordinates"":[]}"
20040621,-0.002929525,2004-06-21,"{""type"":""MultiPoint"",""coordinates"":[]}"
20040622,-0.002927104,2004-06-22,"{""type"":""MultiPoint"",""coordinates"":[]}"
20040623,-0.002969821,2004-06-23,"{""type"":""MultiPoint"",""coordinates"":[]}"
20040624,-0.002517161,2004-06-24,"{""type"":""MultiPoint"",""coordinates"":[]}"
20040625,-0.002218894,2004-06-25,"{""type"":""MultiPoint"",""coordinates"":[]}"
20040626,-0.001474763,2004-06-26,"{""type"":""MultiPoint"",""coordinates"":[]}"
20040627,-0.001316911,2004-06-27,"{""type"":""MultiPoint"",""coordinates"":[]}"
20040628,-0.001761247,2004-06-28,"{""type"":""MultiPoint"",""coordinates"":[]}"
20040629,-0.00223474,2004-06-29,"{""type"":""MultiPoint"",""coordinates"":[]}"
20040630,-0.001915575,2004-06-30,"{""type"":""MultiPoint"",""coordinates"":[]}"
20040701,-0.002405181,2004-07-01,"{""type"":""MultiPoint"",""coordinates"":[]}"
20040702,-0.001325445,2004-07-02,"{""type"":""MultiPoint"",""coordinates"":[]}"
20040703,-0.001599425,2004-07-03,"{""type"":""MultiPoint"",""coordinates"":[]}"
20040704,-0.001903061,2004-07-04,"{""type"":""MultiPoint"",""coordinates"":[]}"
20040705,-0.002479802,2004-07-05,"{""type"":""MultiPoint"",""coordinates"":[]}"
20040706,-0.002555383,2004-07-06,"{""type"":""MultiPoint"",""coordinates"":[]}"
20040707,-0.002584375,2004-07-07,"{""type"":""MultiPoint"",""coordinates"":[]}"
20040708,-0.002272573,2004-07-08,"{""type"":""MultiPoint"",""coordinates"":[]}"
20040709,-0.001696275,2004-07-09,"{""type"":""MultiPoint"",""coordinates"":[]}"
20040710,-0.002398975,2004-07-10,"{""type"":""MultiPoint"",""coordinates"":[]}"
20040711,-0.0015454,2004-07-11,"{""type"":""MultiPoint"",""coordinates"":[]}"
20040712,-9.27E-04,2004-07-12,"{""type"":""MultiPoint"",""coordinates"":[]}"
20040713,-6.43E-04,2004-07-13,"{""type"":""MultiPoint"",""coordinates"":[]}"
20040714,-0.001762521,2004-07-14,"{""type"":""MultiPoint"",""coordinates"":[]}"
20040715,-0.001420744,2004-07-15,"{""type"":""MultiPoint"",""coordinates"":[]}"
20040716,-0.002087243,2004-07-16,"{""type"":""MultiPoint"",""coordinates"":[]}"
20040717,-0.002724769,2004-07-17,"{""type"":""MultiPoint"",""coordinates"":[]}"
20040718,-0.002792461,2004-07-18,"{""type"":""MultiPoint"",""coordinates"":[]}"
20040719,-0.002735692,2004-07-19,"{""type"":""MultiPoint"",""coordinates"":[]}"
20040720,-0.002031174,2004-07-20,"{""type"":""MultiPoint"",""coordinates"":[]}"
20040721,-0.002104098,2004-07-21,"{""type"":""MultiPoint"",""coordinates"":[]}"
20040722,-0.002023926,2004-07-22,"{""type"":""MultiPoint"",""coordinates"":[]}"
20040723,-7.77E-04,2004-07-23,"{""type"":""MultiPoint"",""coordinates"":[]}"
20040724,-0.002056561,2004-07-24,"{""type"":""MultiPoint"",""coordinates"":[]}"
20040725,-0.001582824,2004-07-25,"{""type"":""MultiPoint"",""coordinates"":[]}"
20040726,-0.001432991,2004-07-26,"{""type"":""MultiPoint"",""coordinates"":[]}"
20040727,-0.001839484,2004-07-27,"{""type"":""MultiPoint"",""coordinates"":[]}"
20040728,-0.001978462,2004-07-28,"{""type"":""MultiPoint"",""coordinates"":[]}"
20040729,-0.002113445,2004-07-29,"{""type"":""MultiPoint"",""coordinates"":[]}"
20040730,-0.002116897,2004-07-30,"{""type"":""MultiPoint"",""coordinates"":[]}"
20040731,-0.001132345,2004-07-31,"{""type"":""MultiPoint"",""coordinates"":[]}"
20040801,-0.001868566,2004-08-01,"{""type"":""MultiPoint"",""coordinates"":[]}"
20040802,-0.002042428,2004-08-02,"{""type"":""MultiPoint"",""coordinates"":[]}"
20040803,-7.62E-04,2004-08-03,"{""type"":""MultiPoint"",""coordinates"":[]}"
20040804,-5.04E-05,2004-08-04,"{""type"":""MultiPoint"",""coordinates"":[]}"
20040805,-0.001377487,2004-08-05,"{""type"":""MultiPoint"",""coordinates"":[]}"
20040806,-0.001936528,2004-08-06,"{""type"":""MultiPoint"",""coordinates"":[]}"
20040807,-0.00194662,2004-08-07,"{""type"":""MultiPoint"",""coordinates"":[]}"
20040808,-0.001819814,2004-08-08,"{""type"":""MultiPoint"",""coordinates"":[]}"
20040809,-0.002434365,2004-08-09,"{""type"":""MultiPoint"",""coordinates"":[]}"
20040810,-0.002463223,2004-08-10,"{""type"":""MultiPoint"",""coordinates"":[]}"
20040811,-0.002546817,2004-08-11,"{""type"":""MultiPoint"",""coordinates"":[]}"
20040812,-0.002005355,2004-08-12,"{""type"":""MultiPoint"",""coordinates"":[]}"
20040813,-0.001018744,2004-08-13,"{""type"":""MultiPoint"",""coordinates"":[]}"
20040814,-0.002060663,2004-08-14,"{""type"":""MultiPoint"",""coordinates"":[]}"
20040815,-0.001898296,2004-08-15,"{""type"":""MultiPoint"",""coordinates"":[]}"
20040816,-0.002018288,2004-08-16,"{""type"":""MultiPoint"",""coordinates"":[]}"
20040817,-0.002606468,2004-08-17,"{""type"":""MultiPoint"",""coordinates"":[]}"
20040818,-0.002363452,2004-08-18,"{""type"":""MultiPoint"",""coordinates"":[]}"
20040819,-0.002068996,2004-08-19,"{""type"":""MultiPoint"",""coordinates"":[]}"
20040820,-0.002155355,2004-08-20,"{""type"":""MultiPoint"",""coordinates"":[]}"
20040821,-0.002496634,2004-08-21,"{""type"":""MultiPoint"",""coordinates"":[]}"
20040822,-0.002359489,2004-08-22,"{""type"":""MultiPoint"",""coordinates"":[]}"
20040823,-0.002145952,2004-08-23,"{""type"":""MultiPoint"",""coordinates"":[]}"
20040824,-0.00236673,2004-08-24,"{""type"":""MultiPoint"",""coordinates"":[]}"
20040825,-0.00252685,2004-08-25,"{""type"":""MultiPoint"",""coordinates"":[]}"
20040826,-0.00218015,2004-08-26,"{""type"":""MultiPoint"",""coordinates"":[]}"
20040827,-0.002568316,2004-08-27,"{""type"":""MultiPoint"",""coordinates"":[]}"
20040828,-0.002710718,2004-08-28,"{""type"":""MultiPoint"",""coordinates"":[]}"
20040829,-0.002905576,2004-08-29,"{""type"":""MultiPoint"",""coordinates"":[]}"
20040830,-0.002772649,2004-08-30,"{""type"":""MultiPoint"",""coordinates"":[]}"
20040831,-0.002705485,2004-08-31,"{""type"":""MultiPoint"",""coordinates"":[]}"
20040901,-0.002552642,2004-09-01,"{""type"":""MultiPoint"",""coordinates"":[]}"
20040902,-0.002606095,2004-09-02,"{""type"":""MultiPoint"",""coordinates"":[]}"
20040903,-0.00228643,2004-09-03,"{""type"":""MultiPoint"",""coordinates"":[]}"
20040904,-0.001550909,2004-09-04,"{""type"":""MultiPoint"",""coordinates"":[]}"
20040905,-9.80E-04,2004-09-05,"{""type"":""MultiPoint"",""coordinates"":[]}"
20040906,-6.39E-04,2004-09-06,"{""type"":""MultiPoint"",""coordinates"":[]}"
20040907,-0.002112286,2004-09-07,"{""type"":""MultiPoint"",""coordinates"":[]}"
20040908,-0.00241498,2004-09-08,"{""type"":""MultiPoint"",""coordinates"":[]}"
20040909,-0.001995655,2004-09-09,"{""type"":""MultiPoint"",""coordinates"":[]}"
20040910,-0.001400613,2004-09-10,"{""type"":""MultiPoint"",""coordinates"":[]}"
20040911,-0.001466663,2004-09-11,"{""type"":""MultiPoint"",""coordinates"":[]}"
20040912,-0.00187162,2004-09-12,"{""type"":""MultiPoint"",""coordinates"":[]}"
20040913,-0.002625141,2004-09-13,"{""type"":""MultiPoint"",""coordinates"":[]}"
20040914,-0.00234536,2004-09-14,"{""type"":""MultiPoint"",""coordinates"":[]}"
20040915,-0.002454513,2004-09-15,"{""type"":""MultiPoint"",""coordinates"":[]}"
20040916,-0.002985088,2004-09-16,"{""type"":""MultiPoint"",""coordinates"":[]}"
20040917,-0.003014498,2004-09-17,"{""type"":""MultiPoint"",""coordinates"":[]}"
20040918,-0.002915604,2004-09-18,"{""type"":""MultiPoint"",""coordinates"":[]}"
20040919,-0.002518342,2004-09-19,"{""type"":""MultiPoint"",""coordinates"":[]}"
20040920,-0.002908754,2004-09-20,"{""type"":""MultiPoint"",""coordinates"":[]}"
20040921,-0.003043196,2004-09-21,"{""type"":""MultiPoint"",""coordinates"":[]}"
20040922,-0.003102573,2004-09-22,"{""type"":""MultiPoint"",""coordinates"":[]}"
20040923,-0.002527587,2004-09-23,"{""type"":""MultiPoint"",""coordinates"":[]}"
20040924,-0.001119789,2004-09-24,"{""type"":""MultiPoint"",""coordinates"":[]}"
20040925,-0.001442628,2004-09-25,"{""type"":""MultiPoint"",""coordinates"":[]}"
20040926,-0.002158175,2004-09-26,"{""type"":""MultiPoint"",""coordinates"":[]}"
20040927,-0.001867061,2004-09-27,"{""type"":""MultiPoint"",""coordinates"":[]}"
20040928,-6.23E-04,2004-09-28,"{""type"":""MultiPoint"",""coordinates"":[]}"
20040929,-0.002174983,2004-09-29,"{""type"":""MultiPoint"",""coordinates"":[]}"
20040930,-0.003314276,2004-09-30,"{""type"":""MultiPoint"",""coordinates"":[]}"
20041001,-0.002520354,2004-10-01,"{""type"":""MultiPoint"",""coordinates"":[]}"
20041002,-0.00163604,2004-10-02,"{""type"":""MultiPoint"",""coordinates"":[]}"
20041003,-0.001115194,2004-10-03,"{""type"":""MultiPoint"",""coordinates"":[]}"
20041004,-0.001569352,2004-10-04,"{""type"":""MultiPoint"",""coordinates"":[]}"
20041005,-0.001998747,2004-10-05,"{""type"":""MultiPoint"",""coordinates"":[]}"
20041006,-0.00359197,2004-10-06,"{""type"":""MultiPoint"",""coordinates"":[]}"
20041007,-0.003744302,2004-10-07,"{""type"":""MultiPoint"",""coordinates"":[]}"
20041008,-0.003894582,2004-10-08,"{""type"":""MultiPoint"",""coordinates"":[]}"
20041009,-0.003705147,2004-10-09,"{""type"":""MultiPoint"",""coordinates"":[]}"
20041010,-0.003537195,2004-10-10,"{""type"":""MultiPoint"",""coordinates"":[]}"
20041011,-0.003250492,2004-10-11,"{""type"":""MultiPoint"",""coordinates"":[]}"
20041012,-0.002570968,2004-10-12,"{""type"":""MultiPoint"",""coordinates"":[]}"
20041013,-0.002444148,2004-10-13,"{""type"":""MultiPoint"",""coordinates"":[]}"
20041014,-0.002402385,2004-10-14,"{""type"":""MultiPoint"",""coordinates"":[]}"
20041015,-0.002071629,2004-10-15,"{""type"":""MultiPoint"",""coordinates"":[]}"
20041016,-0.001507879,2004-10-16,"{""type"":""MultiPoint"",""coordinates"":[]}"
20041017,-0.001461224,2004-10-17,"{""type"":""MultiPoint"",""coordinates"":[]}"
20041018,-0.001069321,2004-10-18,"{""type"":""MultiPoint"",""coordinates"":[]}"
20041019,-0.002158369,2004-10-19,"{""type"":""MultiPoint"",""coordinates"":[]}"
20041020,-0.002211996,2004-10-20,"{""type"":""MultiPoint"",""coordinates"":[]}"
20041021,-0.001838928,2004-10-21,"{""type"":""MultiPoint"",""coordinates"":[]}"
20041022,-0.002246229,2004-10-22,"{""type"":""MultiPoint"",""coordinates"":[]}"
20041023,-0.002086248,2004-10-23,"{""type"":""MultiPoint"",""coordinates"":[]}"
20041024,-0.002496979,2004-10-24,"{""type"":""MultiPoint"",""coordinates"":[]}"
20041025,-0.002335718,2004-10-25,"{""type"":""MultiPoint"",""coordinates"":[]}"
20041026,-0.00265897,2004-10-26,"{""type"":""MultiPoint"",""coordinates"":[]}"
20041027,-0.002154169,2004-10-27,"{""type"":""MultiPoint"",""coordinates"":[]}"
20041028,-0.002265868,2004-10-28,"{""type"":""MultiPoint"",""coordinates"":[]}"
20041029,-0.001088075,2004-10-29,"{""type"":""MultiPoint"",""coordinates"":[]}"
20041030,-0.001028165,2004-10-30,"{""type"":""MultiPoint"",""coordinates"":[]}"
20041031,-5.84E-04,2004-10-31,"{""type"":""MultiPoint"",""coordinates"":[]}"
20041101,-0.001871844,2004-11-01,"{""type"":""MultiPoint"",""coordinates"":[]}"
20041102,-0.00245063,2004-11-02,"{""type"":""MultiPoint"",""coordinates"":[]}"
20041103,-0.003345638,2004-11-03,"{""type"":""MultiPoint"",""coordinates"":[]}"
20041104,-0.003506664,2004-11-04,"{""type"":""MultiPoint"",""coordinates"":[]}"
20041105,-9.26E-04,2004-11-05,"{""type"":""MultiPoint"",""coordinates"":[]}"
20041106,-0.001062614,2004-11-06,"{""type"":""MultiPoint"",""coordinates"":[]}"
20041107,-0.001360715,2004-11-07,"{""type"":""MultiPoint"",""coordinates"":[]}"
20041108,-4.33E-04,2004-11-08,"{""type"":""MultiPoint"",""coordinates"":[]}"
20041109,-0.001973618,2004-11-09,"{""type"":""MultiPoint"",""coordinates"":[]}"
20041110,-0.002031726,2004-11-10,"{""type"":""MultiPoint"",""coordinates"":[]}"
20041111,-0.001874914,2004-11-11,"{""type"":""MultiPoint"",""coordinates"":[]}"
20041112,-0.001183187,2004-11-12,"{""type"":""MultiPoint"",""coordinates"":[]}"
20041113,-0.002553537,2004-11-13,"{""type"":""MultiPoint"",""coordinates"":[]}"
20041114,-0.003012529,2004-11-14,"{""type"":""MultiPoint"",""coordinates"":[]}"
20041115,-0.002915538,2004-11-15,"{""type"":""MultiPoint"",""coordinates"":[]}"
20041116,-0.00307393,2004-11-16,"{""type"":""MultiPoint"",""coordinates"":[]}"
20041117,-0.002638097,2004-11-17,"{""type"":""MultiPoint"",""coordinates"":[]}"
20041118,-0.002664563,2004-11-18,"{""type"":""MultiPoint"",""coordinates"":[]}"
20041119,-0.003347271,2004-11-19,"{""type"":""MultiPoint"",""coordinates"":[]}"
20041120,-0.003415802,2004-11-20,"{""type"":""MultiPoint"",""coordinates"":[]}"
20041121,-0.00324694,2004-11-21,"{""type"":""MultiPoint"",""coordinates"":[]}"
20041122,-0.003075697,2004-11-22,"{""type"":""MultiPoint"",""coordinates"":[]}"
20041123,-0.002673565,2004-11-23,"{""type"":""MultiPoint"",""coordinates"":[]}"
20041124,-0.00301166,2004-11-24,"{""type"":""MultiPoint"",""coordinates"":[]}"
20041125,-0.002798095,2004-11-25,"{""type"":""MultiPoint"",""coordinates"":[]}"
20041126,-0.001130392,2004-11-26,"{""type"":""MultiPoint"",""coordinates"":[]}"
20041127,-0.001454411,2004-11-27,"{""type"":""MultiPoint"",""coordinates"":[]}"
20041128,-0.002574731,2004-11-28,"{""type"":""MultiPoint"",""coordinates"":[]}"
20041129,-0.002646535,2004-11-29,"{""type"":""MultiPoint"",""coordinates"":[]}"
20041130,-0.002610544,2004-11-30,"{""type"":""MultiPoint"",""coordinates"":[]}"
20041201,-0.002482855,2004-12-01,"{""type"":""MultiPoint"",""coordinates"":[]}"
20041202,-0.002359705,2004-12-02,"{""type"":""MultiPoint"",""coordinates"":[]}"
20041203,-0.002299713,2004-12-03,"{""type"":""MultiPoint"",""coordinates"":[]}"
20041204,-0.002236718,2004-12-04,"{""type"":""MultiPoint"",""coordinates"":[]}"
20041205,-0.002190323,2004-12-05,"{""type"":""MultiPoint"",""coordinates"":[]}"
20041206,-0.002134455,2004-12-06,"{""type"":""MultiPoint"",""coordinates"":[]}"
20041207,-0.002084034,2004-12-07,"{""type"":""MultiPoint"",""coordinates"":[]}"
20041208,-0.001624662,2004-12-08,"{""type"":""MultiPoint"",""coordinates"":[]}"
20041209,-0.001684072,2004-12-09,"{""type"":""MultiPoint"",""coordinates"":[]}"
20041210,-0.001859555,2004-12-10,"{""type"":""MultiPoint"",""coordinates"":[]}"
20041211,-0.001852797,2004-12-11,"{""type"":""MultiPoint"",""coordinates"":[]}"
20041212,-0.001800107,2004-12-12,"{""type"":""MultiPoint"",""coordinates"":[]}"
20041213,-0.001546079,2004-12-13,"{""type"":""MultiPoint"",""coordinates"":[]}"
20041214,-0.001599195,2004-12-14,"{""type"":""MultiPoint"",""coordinates"":[]}"
20041215,-0.001855077,2004-12-15,"{""type"":""MultiPoint"",""coordinates"":[]}"
20041216,-0.001656044,2004-12-16,"{""type"":""MultiPoint"",""coordinates"":[]}"
20041217,-0.001703578,2004-12-17,"{""type"":""MultiPoint"",""coordinates"":[]}"
20041218,-0.001665083,2004-12-18,"{""type"":""MultiPoint"",""coordinates"":[]}"
20041219,-0.001671849,2004-12-19,"{""type"":""MultiPoint"",""coordinates"":[]}"
20041220,-0.001606348,2004-12-20,"{""type"":""MultiPoint"",""coordinates"":[]}"
20041221,-0.001547975,2004-12-21,"{""type"":""MultiPoint"",""coordinates"":[]}"
20041222,-0.001611785,2004-12-22,"{""type"":""MultiPoint"",""coordinates"":[]}"
20041223,-0.001700025,2004-12-23,"{""type"":""MultiPoint"",""coordinates"":[]}"
20041224,-0.001427259,2004-12-24,"{""type"":""MultiPoint"",""coordinates"":[]}"
20041225,-0.001343713,2004-12-25,"{""type"":""MultiPoint"",""coordinates"":[]}"
20041226,-0.001372619,2004-12-26,"{""type"":""MultiPoint"",""coordinates"":[]}"
20041227,-0.001229344,2004-12-27,"{""type"":""MultiPoint"",""coordinates"":[]}"
20041228,-0.001179195,2004-12-28,"{""type"":""MultiPoint"",""coordinates"":[]}"
20041229,-0.001146456,2004-12-29,"{""type"":""MultiPoint"",""coordinates"":[]}"
20041230,-0.001220264,2004-12-30,"{""type"":""MultiPoint"",""coordinates"":[]}"
20041231,-0.001206909,2004-12-31,"{""type"":""MultiPoint"",""coordinates"":[]}"
20050101,-6.41E-04,2005-01-01,"{""type"":""MultiPoint"",""coordinates"":[]}"
20050102,-0.001040173,2005-01-02,"{""type"":""MultiPoint"",""coordinates"":[]}"
20050103,-0.001448267,2005-01-03,"{""type"":""MultiPoint"",""coordinates"":[]}"
20050104,-0.001504255,2005-01-04,"{""type"":""MultiPoint"",""coordinates"":[]}"
20050105,-0.001481439,2005-01-05,"{""type"":""MultiPoint"",""coordinates"":[]}"
20050106,-0.001249962,2005-01-06,"{""type"":""MultiPoint"",""coordinates"":[]}"
20050107,-0.001230448,2005-01-07,"{""type"":""MultiPoint"",""coordinates"":[]}"
20050108,-0.001137669,2005-01-08,"{""type"":""MultiPoint"",""coordinates"":[]}"
20050109,-0.001203304,2005-01-09,"{""type"":""MultiPoint"",""coordinates"":[]}"
20050110,-0.001259467,2005-01-10,"{""type"":""MultiPoint"",""coordinates"":[]}"
20050111,-0.001290802,2005-01-11,"{""type"":""MultiPoint"",""coordinates"":[]}"
20050112,-0.001227673,2005-01-12,"{""type"":""MultiPoint"",""coordinates"":[]}"
20050113,-0.001105436,2005-01-13,"{""type"":""MultiPoint"",""coordinates"":[]}"
20050114,-0.001050455,2005-01-14,"{""type"":""MultiPoint"",""coordinates"":[]}"
20050115,-0.001064007,2005-01-15,"{""type"":""MultiPoint"",""coordinates"":[]}"
20050116,-0.001087542,2005-01-16,"{""type"":""MultiPoint"",""coordinates"":[]}"
20050117,-9.83E-04,2005-01-17,"{""type"":""MultiPoint"",""coordinates"":[]}"
20050118,-9.42E-04,2005-01-18,"{""type"":""MultiPoint"",""coordinates"":[]}"
20050119,-8.49E-04,2005-01-19,"{""type"":""MultiPoint"",""coordinates"":[]}"
20050120,-8.83E-04,2005-01-20,"{""type"":""MultiPoint"",""coordinates"":[]}"
20050121,-7.23E-04,2005-01-21,"{""type"":""MultiPoint"",""coordinates"":[]}"
20050122,-6.11E-04,2005-01-22,"{""type"":""MultiPoint"",""coordinates"":[]}"
20050123,-6.03E-04,2005-01-23,"{""type"":""MultiPoint"",""coordinates"":[]}"
20050124,-8.07E-04,2005-01-24,"{""type"":""MultiPoint"",""coordinates"":[]}"
20050125,-9.33E-04,2005-01-25,"{""type"":""MultiPoint"",""coordinates"":[]}"
20050126,-8.41E-04,2005-01-26,"{""type"":""MultiPoint"",""coordinates"":[]}"
20050127,-7.08E-04,2005-01-27,"{""type"":""MultiPoint"",""coordinates"":[]}"
20050128,-6.08E-04,2005-01-28,"{""type"":""MultiPoint"",""coordinates"":[]}"
20050129,-7.06E-04,2005-01-29,"{""type"":""MultiPoint"",""coordinates"":[]}"
20050130,-6.39E-04,2005-01-30,"{""type"":""MultiPoint"",""coordinates"":[]}"
20050131,-1.72E-04,2005-01-31,"{""type"":""MultiPoint"",""coordinates"":[]}"
20050201,-4.06E-04,2005-02-01,"{""type"":""MultiPoint"",""coordinates"":[]}"
20050202,-6.20E-04,2005-02-02,"{""type"":""MultiPoint"",""coordinates"":[]}"
20050203,-8.07E-04,2005-02-03,"{""type"":""MultiPoint"",""coordinates"":[]}"
20050204,-7.55E-04,2005-02-04,"{""type"":""MultiPoint"",""coordinates"":[]}"
20050205,-0.001048243,2005-02-05,"{""type"":""MultiPoint"",""coordinates"":[]}"
20050206,-0.00109678,2005-02-06,"{""type"":""MultiPoint"",""coordinates"":[]}"
20050207,-0.001192368,2005-02-07,"{""type"":""MultiPoint"",""coordinates"":[]}"
20050208,-9.84E-04,2005-02-08,"{""type"":""MultiPoint"",""coordinates"":[]}"
20050209,-9.04E-04,2005-02-09,"{""type"":""MultiPoint"",""coordinates"":[]}"
20050210,-8.66E-04,2005-02-10,"{""type"":""MultiPoint"",""coordinates"":[]}"
20050211,-9.01E-04,2005-02-11,"{""type"":""MultiPoint"",""coordinates"":[]}"
20050212,-9.13E-04,2005-02-12,"{""type"":""MultiPoint"",""coordinates"":[]}"
20050213,-9.28E-04,2005-02-13,"{""type"":""MultiPoint"",""coordinates"":[]}"
20050214,-1.00E-03,2005-02-14,"{""type"":""MultiPoint"",""coordinates"":[]}"
20050215,-9.98E-04,2005-02-15,"{""type"":""MultiPoint"",""coordinates"":[]}"
20050216,-0.001046973,2005-02-16,"{""type"":""MultiPoint"",""coordinates"":[]}"
20050217,-9.76E-04,2005-02-17,"{""type"":""MultiPoint"",""coordinates"":[]}"
20050218,-9.23E-04,2005-02-18,"{""type"":""MultiPoint"",""coordinates"":[]}"
20050219,-8.93E-04,2005-02-19,"{""type"":""MultiPoint"",""coordinates"":[]}"
20050220,-8.24E-04,2005-02-20,"{""type"":""MultiPoint"",""coordinates"":[]}"
20050221,-7.67E-04,2005-02-21,"{""type"":""MultiPoint"",""coordinates"":[]}"
20050222,-5.87E-04,2005-02-22,"{""type"":""MultiPoint"",""coordinates"":[]}"
20050223,-5.44E-04,2005-02-23,"{""type"":""MultiPoint"",""coordinates"":[]}"
20050224,-6.36E-04,2005-02-24,"{""type"":""MultiPoint"",""coordinates"":[]}"
20050225,-7.43E-04,2005-02-25,"{""type"":""MultiPoint"",""coordinates"":[]}"
20050226,-7.34E-04,2005-02-26,"{""type"":""MultiPoint"",""coordinates"":[]}"
20050227,-7.34E-04,2005-02-27,"{""type"":""MultiPoint"",""coordinates"":[]}"
20050228,-7.07E-04,2005-02-28,"{""type"":""MultiPoint"",""coordinates"":[]}"
20050301,-6.68E-04,2005-03-01,"{""type"":""MultiPoint"",""coordinates"":[]}"
20050302,-7.08E-04,2005-03-02,"{""type"":""MultiPoint"",""coordinates"":[]}"
20050303,-6.83E-04,2005-03-03,"{""type"":""MultiPoint"",""coordinates"":[]}"
20050304,-6.83E-04,2005-03-04,"{""type"":""MultiPoint"",""coordinates"":[]}"
20050305,-6.16E-04,2005-03-05,"{""type"":""MultiPoint"",""coordinates"":[]}"
20050306,-4.80E-04,2005-03-06,"{""type"":""MultiPoint"",""coordinates"":[]}"
20050307,-5.00E-04,2005-03-07,"{""type"":""MultiPoint"",""coordinates"":[]}"
20050308,-5.28E-04,2005-03-08,"{""type"":""MultiPoint"",""coordinates"":[]}"
20050309,-4.82E-04,2005-03-09,"{""type"":""MultiPoint"",""coordinates"":[]}"
20050310,-4.28E-04,2005-03-10,"{""type"":""MultiPoint"",""coordinates"":[]}"
20050311,-7.34E-04,2005-03-11,"{""type"":""MultiPoint"",""coordinates"":[]}"
20050312,-6.33E-04,2005-03-12,"{""type"":""MultiPoint"",""coordinates"":[]}"
20050313,-6.34E-04,2005-03-13,"{""type"":""MultiPoint"",""coordinates"":[]}"
20050314,-6.49E-04,2005-03-14,"{""type"":""MultiPoint"",""coordinates"":[]}"
20050315,-6.55E-04,2005-03-15,"{""type"":""MultiPoint"",""coordinates"":[]}"
20050316,-5.55E-04,2005-03-16,"{""type"":""MultiPoint"",""coordinates"":[]}"
20050317,-5.35E-04,2005-03-17,"{""type"":""MultiPoint"",""coordinates"":[]}"
20050318,-5.31E-04,2005-03-18,"{""type"":""MultiPoint"",""coordinates"":[]}"
20050319,-5.43E-04,2005-03-19,"{""type"":""MultiPoint"",""coordinates"":[]}"
20050320,-5.39E-04,2005-03-20,"{""type"":""MultiPoint"",""coordinates"":[]}"
20050321,-5.73E-04,2005-03-21,"{""type"":""MultiPoint"",""coordinates"":[]}"
20050322,-5.75E-04,2005-03-22,"{""type"":""MultiPoint"",""coordinates"":[]}"
20050323,-4.33E-04,2005-03-23,"{""type"":""MultiPoint"",""coordinates"":[]}"
20050324,-5.09E-04,2005-03-24,"{""type"":""MultiPoint"",""coordinates"":[]}"
20050325,-5.42E-04,2005-03-25,"{""type"":""MultiPoint"",""coordinates"":[]}"
20050326,-5.18E-04,2005-03-26,"{""type"":""MultiPoint"",""coordinates"":[]}"
20050327,-3.85E-04,2005-03-27,"{""type"":""MultiPoint"",""coordinates"":[]}"
20050328,-4.49E-04,2005-03-28,"{""type"":""MultiPoint"",""coordinates"":[]}"
20050329,-3.84E-04,2005-03-29,"{""type"":""MultiPoint"",""coordinates"":[]}"
20050330,-4.22E-04,2005-03-30,"{""type"":""MultiPoint"",""coordinates"":[]}"
20050331,-3.61E-04,2005-03-31,"{""type"":""MultiPoint"",""coordinates"":[]}"
20050401,-3.17E-04,2005-04-01,"{""type"":""MultiPoint"",""coordinates"":[]}"
20050402,-3.90E-04,2005-04-02,"{""type"":""MultiPoint"",""coordinates"":[]}"
20050403,-3.24E-04,2005-04-03,"{""type"":""MultiPoint"",""coordinates"":[]}"
20050404,-1.36E-04,2005-04-04,"{""type"":""MultiPoint"",""coordinates"":[]}"
20050405,-5.61E-05,2005-04-05,"{""type"":""MultiPoint"",""coordinates"":[]}"
20050406,-8.47E-04,2005-04-06,"{""type"":""MultiPoint"",""coordinates"":[]}"
20050407,-0.001003028,2005-04-07,"{""type"":""MultiPoint"",""coordinates"":[]}"
20050408,-0.002064104,2005-04-08,"{""type"":""MultiPoint"",""coordinates"":[]}"
20050409,-0.001563796,2005-04-09,"{""type"":""MultiPoint"",""coordinates"":[]}"
20050410,-0.001764966,2005-04-10,"{""type"":""MultiPoint"",""coordinates"":[]}"
20050411,-0.001243781,2005-04-11,"{""type"":""MultiPoint"",""coordinates"":[]}"
20050412,-0.00168393,2005-04-12,"{""type"":""MultiPoint"",""coordinates"":[]}"
20050413,-0.002395808,2005-04-13,"{""type"":""MultiPoint"",""coordinates"":[]}"
20050414,-0.002578442,2005-04-14,"{""type"":""MultiPoint"",""coordinates"":[]}"
20050415,-0.002484136,2005-04-15,"{""type"":""MultiPoint"",""coordinates"":[]}"
20050416,-0.002650089,2005-04-16,"{""type"":""MultiPoint"",""coordinates"":[]}"
20050417,-0.002460643,2005-04-17,"{""type"":""MultiPoint"",""coordinates"":[]}"
20050418,-0.002177012,2005-04-18,"{""type"":""MultiPoint"",""coordinates"":[]}"
20050419,-0.001894607,2005-04-19,"{""type"":""MultiPoint"",""coordinates"":[]}"
20050420,-0.001317608,2005-04-20,"{""type"":""MultiPoint"",""coordinates"":[]}"
20050421,-0.001361063,2005-04-21,"{""type"":""MultiPoint"",""coordinates"":[]}"
20050422,-0.001344858,2005-04-22,"{""type"":""MultiPoint"",""coordinates"":[]}"
20050423,-0.001277279,2005-04-23,"{""type"":""MultiPoint"",""coordinates"":[]}"
20050424,-0.00104347,2005-04-24,"{""type"":""MultiPoint"",""coordinates"":[]}"
20050425,-8.27E-04,2005-04-25,"{""type"":""MultiPoint"",""coordinates"":[]}"
20050426,-9.99E-04,2005-04-26,"{""type"":""MultiPoint"",""coordinates"":[]}"
20050427,-7.38E-04,2005-04-27,"{""type"":""MultiPoint"",""coordinates"":[]}"
20050428,-0.00245342,2005-04-28,"{""type"":""MultiPoint"",""coordinates"":[]}"
20050429,-0.002321583,2005-04-29,"{""type"":""MultiPoint"",""coordinates"":[]}"
20050430,-0.00236049,2005-04-30,"{""type"":""MultiPoint"",""coordinates"":[]}"
20050501,-0.001719337,2005-05-01,"{""type"":""MultiPoint"",""coordinates"":[]}"
20050502,-0.001405674,2005-05-02,"{""type"":""MultiPoint"",""coordinates"":[]}"
20050503,-0.001039599,2005-05-03,"{""type"":""MultiPoint"",""coordinates"":[]}"
20050504,-0.001121113,2005-05-04,"{""type"":""MultiPoint"",""coordinates"":[]}"
20050505,-7.10E-04,2005-05-05,"{""type"":""MultiPoint"",""coordinates"":[]}"
20050506,-0.001345098,2005-05-06,"{""type"":""MultiPoint"",""coordinates"":[]}"
20050507,-0.001134567,2005-05-07,"{""type"":""MultiPoint"",""coordinates"":[]}"
20050508,-0.001063419,2005-05-08,"{""type"":""MultiPoint"",""coordinates"":[]}"
20050509,-7.63E-04,2005-05-09,"{""type"":""MultiPoint"",""coordinates"":[]}"
20050510,-0.001009343,2005-05-10,"{""type"":""MultiPoint"",""coordinates"":[]}"
20050511,-0.001388941,2005-05-11,"{""type"":""MultiPoint"",""coordinates"":[]}"
20050512,-0.001485948,2005-05-12,"{""type"":""MultiPoint"",""coordinates"":[]}"
20050513,-0.001076566,2005-05-13,"{""type"":""MultiPoint"",""coordinates"":[]}"
20050514,-0.002044542,2005-05-14,"{""type"":""MultiPoint"",""coordinates"":[]}"
20050515,-0.001694938,2005-05-15,"{""type"":""MultiPoint"",""coordinates"":[]}"
20050516,-0.001233488,2005-05-16,"{""type"":""MultiPoint"",""coordinates"":[]}"
20050517,-9.89E-04,2005-05-17,"{""type"":""MultiPoint"",""coordinates"":[]}"
20050518,-8.05E-04,2005-05-18,"{""type"":""MultiPoint"",""coordinates"":[]}"
20050519,-7.37E-04,2005-05-19,"{""type"":""MultiPoint"",""coordinates"":[]}"
20050520,-6.45E-04,2005-05-20,"{""type"":""MultiPoint"",""coordinates"":[]}"
20050521,-5.90E-04,2005-05-21,"{""type"":""MultiPoint"",""coordinates"":[]}"
20050522,-5.14E-04,2005-05-22,"{""type"":""MultiPoint"",""coordinates"":[]}"
20050523,-4.08E-04,2005-05-23,"{""type"":""MultiPoint"",""coordinates"":[]}"
20050524,-7.30E-04,2005-05-24,"{""type"":""MultiPoint"",""coordinates"":[]}"
20050525,-0.001369341,2005-05-25,"{""type"":""MultiPoint"",""coordinates"":[]}"
20050526,-0.002201464,2005-05-26,"{""type"":""MultiPoint"",""coordinates"":[]}"
20050527,-0.00164419,2005-05-27,"{""type"":""MultiPoint"",""coordinates"":[]}"
20050528,-0.002358503,2005-05-28,"{""type"":""MultiPoint"",""coordinates"":[]}"
20050529,-0.002619842,2005-05-29,"{""type"":""MultiPoint"",""coordinates"":[]}"
20050530,-0.00154932,2005-05-30,"{""type"":""MultiPoint"",""coordinates"":[]}"
20050531,-0.002609529,2005-05-31,"{""type"":""MultiPoint"",""coordinates"":[]}"
20050601,-0.00226426,2005-06-01,"{""type"":""MultiPoint"",""coordinates"":[]}"
20050602,-0.002254875,2005-06-02,"{""type"":""MultiPoint"",""coordinates"":[]}"
20050603,-0.002760489,2005-06-03,"{""type"":""MultiPoint"",""coordinates"":[]}"
20050604,-0.003287371,2005-06-04,"{""type"":""MultiPoint"",""coordinates"":[]}"
20050605,-0.00216434,2005-06-05,"{""type"":""MultiPoint"",""coordinates"":[]}"
20050606,-0.002531591,2005-06-06,"{""type"":""MultiPoint"",""coordinates"":[]}"
20050607,-0.002874224,2005-06-07,"{""type"":""MultiPoint"",""coordinates"":[]}"
20050608,-0.002120261,2005-06-08,"{""type"":""MultiPoint"",""coordinates"":[]}"
20050609,-0.001561098,2005-06-09,"{""type"":""MultiPoint"",""coordinates"":[]}"
20050610,-0.001531378,2005-06-10,"{""type"":""MultiPoint"",""coordinates"":[]}"
20050611,-0.002627108,2005-06-11,"{""type"":""MultiPoint"",""coordinates"":[]}"
20050612,-0.00299343,2005-06-12,"{""type"":""MultiPoint"",""coordinates"":[]}"
20050613,-0.003134457,2005-06-13,"{""type"":""MultiPoint"",""coordinates"":[]}"
20050614,-0.002864703,2005-06-14,"{""type"":""MultiPoint"",""coordinates"":[]}"
20050615,-0.003412341,2005-06-15,"{""type"":""MultiPoint"",""coordinates"":[]}"
20050616,-0.003011445,2005-06-16,"{""type"":""MultiPoint"",""coordinates"":[]}"
20050617,-0.002263429,2005-06-17,"{""type"":""MultiPoint"",""coordinates"":[]}"
20050618,-0.001190622,2005-06-18,"{""type"":""MultiPoint"",""coordinates"":[]}"
20050619,-0.002095722,2005-06-19,"{""type"":""MultiPoint"",""coordinates"":[]}"
20050620,-0.001268841,2005-06-20,"{""type"":""MultiPoint"",""coordinates"":[]}"
20050621,-9.74E-04,2005-06-21,"{""type"":""MultiPoint"",""coordinates"":[]}"
20050622,-7.47E-04,2005-06-22,"{""type"":""MultiPoint"",""coordinates"":[]}"
20050623,-0.001917121,2005-06-23,"{""type"":""MultiPoint"",""coordinates"":[]}"
20050624,-0.001981591,2005-06-24,"{""type"":""MultiPoint"",""coordinates"":[]}"
20050625,-0.001832334,2005-06-25,"{""type"":""MultiPoint"",""coordinates"":[]}"
20050626,-0.001866584,2005-06-26,"{""type"":""MultiPoint"",""coordinates"":[]}"
20050627,-0.001914316,2005-06-27,"{""type"":""MultiPoint"",""coordinates"":[]}"
20050628,-0.001617449,2005-06-28,"{""type"":""MultiPoint"",""coordinates"":[]}"
20050629,-0.001604494,2005-06-29,"{""type"":""MultiPoint"",""coordinates"":[]}"
20050630,-0.001321309,2005-06-30,"{""type"":""MultiPoint"",""coordinates"":[]}"
20050701,-0.001507827,2005-07-01,"{""type"":""MultiPoint"",""coordinates"":[]}"
20050702,-0.001694493,2005-07-02,"{""type"":""MultiPoint"",""coordinates"":[]}"
20050703,-0.001701232,2005-07-03,"{""type"":""MultiPoint"",""coordinates"":[]}"
20050704,-0.001572933,2005-07-04,"{""type"":""MultiPoint"",""coordinates"":[]}"
20050705,-0.001365073,2005-07-05,"{""type"":""MultiPoint"",""coordinates"":[]}"
20050706,-0.001461356,2005-07-06,"{""type"":""MultiPoint"",""coordinates"":[]}"
20050707,-0.001351734,2005-07-07,"{""type"":""MultiPoint"",""coordinates"":[]}"
20050708,-0.00161309,2005-07-08,"{""type"":""MultiPoint"",""coordinates"":[]}"
20050709,-0.001224571,2005-07-09,"{""type"":""MultiPoint"",""coordinates"":[]}"
20050710,-0.001388824,2005-07-10,"{""type"":""MultiPoint"",""coordinates"":[]}"
20050711,-0.001444074,2005-07-11,"{""type"":""MultiPoint"",""coordinates"":[]}"
20050712,-0.001309584,2005-07-12,"{""type"":""MultiPoint"",""coordinates"":[]}"
20050713,-0.001226644,2005-07-13,"{""type"":""MultiPoint"",""coordinates"":[]}"
20050714,-0.001279365,2005-07-14,"{""type"":""MultiPoint"",""coordinates"":[]}"
20050715,-0.001202408,2005-07-15,"{""type"":""MultiPoint"",""coordinates"":[]}"
20050716,-0.001423248,2005-07-16,"{""type"":""MultiPoint"",""coordinates"":[]}"
20050717,-0.001621327,2005-07-17,"{""type"":""MultiPoint"",""coordinates"":[]}"
20050718,-0.002152847,2005-07-18,"{""type"":""MultiPoint"",""coordinates"":[]}"
20050719,-0.002003731,2005-07-19,"{""type"":""MultiPoint"",""coordinates"":[]}"
20050720,-0.001588024,2005-07-20,"{""type"":""MultiPoint"",""coordinates"":[]}"
20050721,-0.001365298,2005-07-21,"{""type"":""MultiPoint"",""coordinates"":[]}"
20050722,-0.001078752,2005-07-22,"{""type"":""MultiPoint"",""coordinates"":[]}"
20050723,-0.001341911,2005-07-23,"{""type"":""MultiPoint"",""coordinates"":[]}"
20050724,-4.60E-04,2005-07-24,"{""type"":""MultiPoint"",""coordinates"":[]}"
20050725,-8.31E-04,2005-07-25,"{""type"":""MultiPoint"",""coordinates"":[]}"
20050726,-5.92E-04,2005-07-26,"{""type"":""MultiPoint"",""coordinates"":[]}"
20050727,-0.001391225,2005-07-27,"{""type"":""MultiPoint"",""coordinates"":[]}"
20050728,-0.001943594,2005-07-28,"{""type"":""MultiPoint"",""coordinates"":[]}"
20050729,-0.001321295,2005-07-29,"{""type"":""MultiPoint"",""coordinates"":[]}"
20050730,-0.001535844,2005-07-30,"{""type"":""MultiPoint"",""coordinates"":[]}"
20050731,-0.001950087,2005-07-31,"{""type"":""MultiPoint"",""coordinates"":[]}"
20050801,-0.001810661,2005-08-01,"{""type"":""MultiPoint"",""coordinates"":[]}"
20050802,-0.002161745,2005-08-02,"{""type"":""MultiPoint"",""coordinates"":[]}"
20050803,-0.001729041,2005-08-03,"{""type"":""MultiPoint"",""coordinates"":[]}"
20050804,-0.001477538,2005-08-04,"{""type"":""MultiPoint"",""coordinates"":[]}"
20050805,-0.001772546,2005-08-05,"{""type"":""MultiPoint"",""coordinates"":[]}"
20050806,-0.002316378,2005-08-06,"{""type"":""MultiPoint"",""coordinates"":[]}"
20050807,-0.001976966,2005-08-07,"{""type"":""MultiPoint"",""coordinates"":[]}"
20050808,-0.001762054,2005-08-08,"{""type"":""MultiPoint"",""coordinates"":[]}"
20050809,-9.14E-04,2005-08-09,"{""type"":""MultiPoint"",""coordinates"":[]}"
20050810,-0.00132272,2005-08-10,"{""type"":""MultiPoint"",""coordinates"":[]}"
20050811,-0.001645957,2005-08-11,"{""type"":""MultiPoint"",""coordinates"":[]}"
20050812,-0.001869749,2005-08-12,"{""type"":""MultiPoint"",""coordinates"":[]}"
20050813,-0.002073652,2005-08-13,"{""type"":""MultiPoint"",""coordinates"":[]}"
20050814,-0.002063147,2005-08-14,"{""type"":""MultiPoint"",""coordinates"":[]}"
20050815,-0.001572401,2005-08-15,"{""type"":""MultiPoint"",""coordinates"":[]}"
20050816,-9.85E-04,2005-08-16,"{""type"":""MultiPoint"",""coordinates"":[]}"
20050817,-0.001347036,2005-08-17,"{""type"":""MultiPoint"",""coordinates"":[]}"
20050818,-0.002433478,2005-08-18,"{""type"":""MultiPoint"",""coordinates"":[]}"
20050819,-0.0018238,2005-08-19,"{""type"":""MultiPoint"",""coordinates"":[]}"
20050820,-0.002717641,2005-08-20,"{""type"":""MultiPoint"",""coordinates"":[]}"
20050821,-0.002396413,2005-08-21,"{""type"":""MultiPoint"",""coordinates"":[]}"
20050822,-0.002510856,2005-08-22,"{""type"":""MultiPoint"",""coordinates"":[]}"
20050823,-0.002077913,2005-08-23,"{""type"":""MultiPoint"",""coordinates"":[]}"
20050824,-0.001661677,2005-08-24,"{""type"":""MultiPoint"",""coordinates"":[]}"
20050825,-0.002514584,2005-08-25,"{""type"":""MultiPoint"",""coordinates"":[]}"
20050826,-0.002149928,2005-08-26,"{""type"":""MultiPoint"",""coordinates"":[]}"
20050827,-0.002115036,2005-08-27,"{""type"":""MultiPoint"",""coordinates"":[]}"
20050828,-0.002461204,2005-08-28,"{""type"":""MultiPoint"",""coordinates"":[]}"
20050829,-0.002484729,2005-08-29,"{""type"":""MultiPoint"",""coordinates"":[]}"
20050830,-0.002339886,2005-08-30,"{""type"":""MultiPoint"",""coordinates"":[]}"
20050831,-0.001769232,2005-08-31,"{""type"":""MultiPoint"",""coordinates"":[]}"
20050901,-0.002043905,2005-09-01,"{""type"":""MultiPoint"",""coordinates"":[]}"
20050902,-0.001930656,2005-09-02,"{""type"":""MultiPoint"",""coordinates"":[]}"
20050903,-0.002014475,2005-09-03,"{""type"":""MultiPoint"",""coordinates"":[]}"
20050904,-0.001942303,2005-09-04,"{""type"":""MultiPoint"",""coordinates"":[]}"
20050905,-0.001307653,2005-09-05,"{""type"":""MultiPoint"",""coordinates"":[]}"
20050906,-0.00196824,2005-09-06,"{""type"":""MultiPoint"",""coordinates"":[]}"
20050907,-0.001324571,2005-09-07,"{""type"":""MultiPoint"",""coordinates"":[]}"
20050908,-0.001848479,2005-09-08,"{""type"":""MultiPoint"",""coordinates"":[]}"
20050909,-0.001568289,2005-09-09,"{""type"":""MultiPoint"",""coordinates"":[]}"
20050910,-0.001940875,2005-09-10,"{""type"":""MultiPoint"",""coordinates"":[]}"
20050911,-0.001757071,2005-09-11,"{""type"":""MultiPoint"",""coordinates"":[]}"
20050912,-0.001857152,2005-09-12,"{""type"":""MultiPoint"",""coordinates"":[]}"
20050913,-0.002041165,2005-09-13,"{""type"":""MultiPoint"",""coordinates"":[]}"
20050914,-0.002014521,2005-09-14,"{""type"":""MultiPoint"",""coordinates"":[]}"
20050915,-0.002121977,2005-09-15,"{""type"":""MultiPoint"",""coordinates"":[]}"
20050916,-0.003074958,2005-09-16,"{""type"":""MultiPoint"",""coordinates"":[]}"
20050917,-0.002952745,2005-09-17,"{""type"":""MultiPoint"",""coordinates"":[]}"
20050918,-0.003010715,2005-09-18,"{""type"":""MultiPoint"",""coordinates"":[]}"
20050919,-0.001709195,2005-09-19,"{""type"":""MultiPoint"",""coordinates"":[]}"
20050920,-9.29E-04,2005-09-20,"{""type"":""MultiPoint"",""coordinates"":[]}"
20050921,-0.002496321,2005-09-21,"{""type"":""MultiPoint"",""coordinates"":[]}"
20050922,-0.003096906,2005-09-22,"{""type"":""MultiPoint"",""coordinates"":[]}"
20050923,-0.003082581,2005-09-23,"{""type"":""MultiPoint"",""coordinates"":[]}"
20050924,-0.00308304,2005-09-24,"{""type"":""MultiPoint"",""coordinates"":[]}"
20050925,-0.002995174,2005-09-25,"{""type"":""MultiPoint"",""coordinates"":[]}"
20050926,-0.00307421,2005-09-26,"{""type"":""MultiPoint"",""coordinates"":[]}"
20050927,-0.002292065,2005-09-27,"{""type"":""MultiPoint"",""coordinates"":[]}"
20050928,-0.002176838,2005-09-28,"{""type"":""MultiPoint"",""coordinates"":[]}"
20050929,-0.001645682,2005-09-29,"{""type"":""MultiPoint"",""coordinates"":[]}"
20050930,-0.00197896,2005-09-30,"{""type"":""MultiPoint"",""coordinates"":[]}"
20051001,-0.002246374,2005-10-01,"{""type"":""MultiPoint"",""coordinates"":[]}"
20051002,-0.001846298,2005-10-02,"{""type"":""MultiPoint"",""coordinates"":[]}"
20051003,-0.0018016,2005-10-03,"{""type"":""MultiPoint"",""coordinates"":[]}"
20051004,-0.002124686,2005-10-04,"{""type"":""MultiPoint"",""coordinates"":[]}"
20051005,-0.001986566,2005-10-05,"{""type"":""MultiPoint"",""coordinates"":[]}"
20051006,-0.002447403,2005-10-06,"{""type"":""MultiPoint"",""coordinates"":[]}"
20051007,-0.002057247,2005-10-07,"{""type"":""MultiPoint"",""coordinates"":[]}"
20051008,-0.00204695,2005-10-08,"{""type"":""MultiPoint"",""coordinates"":[]}"
20051009,-0.001781692,2005-10-09,"{""type"":""MultiPoint"",""coordinates"":[]}"
20051010,-6.20E-04,2005-10-10,"{""type"":""MultiPoint"",""coordinates"":[]}"
20051011,-9.66E-04,2005-10-11,"{""type"":""MultiPoint"",""coordinates"":[]}"
20051012,-2.32E-04,2005-10-12,"{""type"":""MultiPoint"",""coordinates"":[]}"
20051013,-1.94E-04,2005-10-13,"{""type"":""MultiPoint"",""coordinates"":[]}"
20051014,-0.001019124,2005-10-14,"{""type"":""MultiPoint"",""coordinates"":[]}"
20051015,-0.002382799,2005-10-15,"{""type"":""MultiPoint"",""coordinates"":[]}"
20051016,-0.002194545,2005-10-16,"{""type"":""MultiPoint"",""coordinates"":[]}"
20051017,-0.002012732,2005-10-17,"{""type"":""MultiPoint"",""coordinates"":[]}"
20051018,-0.001273535,2005-10-18,"{""type"":""MultiPoint"",""coordinates"":[]}"
20051019,-0.001216565,2005-10-19,"{""type"":""MultiPoint"",""coordinates"":[]}"
20051020,-0.002146839,2005-10-20,"{""type"":""MultiPoint"",""coordinates"":[]}"
20051021,-0.002544999,2005-10-21,"{""type"":""MultiPoint"",""coordinates"":[]}"
20051022,-0.001916197,2005-10-22,"{""type"":""MultiPoint"",""coordinates"":[]}"
20051023,-0.001470274,2005-10-23,"{""type"":""MultiPoint"",""coordinates"":[]}"
20051024,-0.001121324,2005-10-24,"{""type"":""MultiPoint"",""coordinates"":[]}"
20051025,-9.82E-04,2005-10-25,"{""type"":""MultiPoint"",""coordinates"":[]}"
20051026,-0.001573134,2005-10-26,"{""type"":""MultiPoint"",""coordinates"":[]}"
20051027,-4.65E-07,2005-10-27,"{""type"":""MultiPoint"",""coordinates"":[]}"
20051028,-2.62E-04,2005-10-28,"{""type"":""MultiPoint"",""coordinates"":[]}"
20051029,-0.00127651,2005-10-29,"{""type"":""MultiPoint"",""coordinates"":[]}"
20051030,-0.00183219,2005-10-30,"{""type"":""MultiPoint"",""coordinates"":[]}"
20051031,-0.001824807,2005-10-31,"{""type"":""MultiPoint"",""coordinates"":[]}"
20051101,-0.001359357,2005-11-01,"{""type"":""MultiPoint"",""coordinates"":[]}"
20051102,-0.00126792,2005-11-02,"{""type"":""MultiPoint"",""coordinates"":[]}"
20051103,-0.001334371,2005-11-03,"{""type"":""MultiPoint"",""coordinates"":[]}"
20051104,-0.002152442,2005-11-04,"{""type"":""MultiPoint"",""coordinates"":[]}"
20051105,-0.001524578,2005-11-05,"{""type"":""MultiPoint"",""coordinates"":[]}"
20051106,-0.001120961,2005-11-06,"{""type"":""MultiPoint"",""coordinates"":[]}"
20051107,-0.001804187,2005-11-07,"{""type"":""MultiPoint"",""coordinates"":[]}"
20051108,-0.001495096,2005-11-08,"{""type"":""MultiPoint"",""coordinates"":[]}"
20051109,-5.82E-04,2005-11-09,"{""type"":""MultiPoint"",""coordinates"":[]}"
20051110,-0.00143497,2005-11-10,"{""type"":""MultiPoint"",""coordinates"":[]}"
20051111,-0.001870617,2005-11-11,"{""type"":""MultiPoint"",""coordinates"":[]}"
20051112,-0.002982559,2005-11-12,"{""type"":""MultiPoint"",""coordinates"":[]}"
20051113,-0.003578406,2005-11-13,"{""type"":""MultiPoint"",""coordinates"":[]}"
20051114,-0.003518851,2005-11-14,"{""type"":""MultiPoint"",""coordinates"":[]}"
20051115,-0.00336715,2005-11-15,"{""type"":""MultiPoint"",""coordinates"":[]}"
20051116,-0.003451747,2005-11-16,"{""type"":""MultiPoint"",""coordinates"":[]}"
20051117,-0.003384089,2005-11-17,"{""type"":""MultiPoint"",""coordinates"":[]}"
20051118,-0.003293744,2005-11-18,"{""type"":""MultiPoint"",""coordinates"":[]}"
20051119,-0.003124071,2005-11-19,"{""type"":""MultiPoint"",""coordinates"":[]}"
20051120,-0.003064952,2005-11-20,"{""type"":""MultiPoint"",""coordinates"":[]}"
20051121,-0.001200368,2005-11-21,"{""type"":""MultiPoint"",""coordinates"":[]}"
20051122,-3.20E-04,2005-11-22,"{""type"":""MultiPoint"",""coordinates"":[]}"
20051123,-6.29E-04,2005-11-23,"{""type"":""MultiPoint"",""coordinates"":[]}"
20051124,-6.10E-05,2005-11-24,"{""type"":""MultiPoint"",""coordinates"":[]}"
20051125,-0.001071724,2005-11-25,"{""type"":""MultiPoint"",""coordinates"":[]}"
20051126,-0.001666845,2005-11-26,"{""type"":""MultiPoint"",""coordinates"":[]}"
20051127,-0.001837982,2005-11-27,"{""type"":""MultiPoint"",""coordinates"":[]}"
20051128,-0.003269242,2005-11-28,"{""type"":""MultiPoint"",""coordinates"":[]}"
20051129,-0.003041357,2005-11-29,"{""type"":""MultiPoint"",""coordinates"":[]}"
20051130,-0.003234457,2005-11-30,"{""type"":""MultiPoint"",""coordinates"":[]}"
20051201,-0.003155879,2005-12-01,"{""type"":""MultiPoint"",""coordinates"":[]}"
20051202,-0.002109359,2005-12-02,"{""type"":""MultiPoint"",""coordinates"":[]}"
20051203,-1.40E-04,2005-12-03,"{""type"":""MultiPoint"",""coordinates"":[]}"
20051204,-1.81E-06,2005-12-04,"{""type"":""MultiPoint"",""coordinates"":[]}"
20051205,-0.001747146,2005-12-05,"{""type"":""MultiPoint"",""coordinates"":[]}"
20051206,-0.00310683,2005-12-06,"{""type"":""MultiPoint"",""coordinates"":[]}"
20051207,-0.003046866,2005-12-07,"{""type"":""MultiPoint"",""coordinates"":[]}"
20051208,-0.003397974,2005-12-08,"{""type"":""MultiPoint"",""coordinates"":[]}"
20051209,-0.002937237,2005-12-09,"{""type"":""MultiPoint"",""coordinates"":[]}"
20051210,-0.001883306,2005-12-10,"{""type"":""MultiPoint"",""coordinates"":[]}"
20051211,-0.001087681,2005-12-11,"{""type"":""MultiPoint"",""coordinates"":[]}"
20051212,-0.002000076,2005-12-12,"{""type"":""MultiPoint"",""coordinates"":[]}"
20051213,-0.001214074,2005-12-13,"{""type"":""MultiPoint"",""coordinates"":[]}"
20051214,-0.002192505,2005-12-14,"{""type"":""MultiPoint"",""coordinates"":[]}"
20051215,-0.002800322,2005-12-15,"{""type"":""MultiPoint"",""coordinates"":[]}"
20051216,-0.003001499,2005-12-16,"{""type"":""MultiPoint"",""coordinates"":[]}"
20051217,-0.001909222,2005-12-17,"{""type"":""MultiPoint"",""coordinates"":[]}"
20051218,-0.001131664,2005-12-18,"{""type"":""MultiPoint"",""coordinates"":[]}"
20051219,-0.002209705,2005-12-19,"{""type"":""MultiPoint"",""coordinates"":[]}"
20051220,-0.002246216,2005-12-20,"{""type"":""MultiPoint"",""coordinates"":[]}"
20051221,-0.001483017,2005-12-21,"{""type"":""MultiPoint"",""coordinates"":[]}"
20051222,-0.002204768,2005-12-22,"{""type"":""MultiPoint"",""coordinates"":[]}"
20051223,-0.002551045,2005-12-23,"{""type"":""MultiPoint"",""coordinates"":[]}"
20051224,-0.002536666,2005-12-24,"{""type"":""MultiPoint"",""coordinates"":[]}"
20051225,-0.002405482,2005-12-25,"{""type"":""MultiPoint"",""coordinates"":[]}"
20051226,-0.002639877,2005-12-26,"{""type"":""MultiPoint"",""coordinates"":[]}"
20051227,-0.002776874,2005-12-27,"{""type"":""MultiPoint"",""coordinates"":[]}"
20051228,-0.002312266,2005-12-28,"{""type"":""MultiPoint"",""coordinates"":[]}"
20051229,-0.002384348,2005-12-29,"{""type"":""MultiPoint"",""coordinates"":[]}"
20051230,-0.002465269,2005-12-30,"{""type"":""MultiPoint"",""coordinates"":[]}"
20051231,-0.001942593,2005-12-31,"{""type"":""MultiPoint"",""coordinates"":[]}"
20060101,-0.002156629,2006-01-01,"{""type"":""MultiPoint"",""coordinates"":[]}"
20060102,-0.002182913,2006-01-02,"{""type"":""MultiPoint"",""coordinates"":[]}"
20060103,-0.002321246,2006-01-03,"{""type"":""MultiPoint"",""coordinates"":[]}"
20060104,-0.002368462,2006-01-04,"{""type"":""MultiPoint"",""coordinates"":[]}"
20060105,-0.002186674,2006-01-05,"{""type"":""MultiPoint"",""coordinates"":[]}"
20060106,-0.002369686,2006-01-06,"{""type"":""MultiPoint"",""coordinates"":[]}"
20060107,-0.001896637,2006-01-07,"{""type"":""MultiPoint"",""coordinates"":[]}"
20060108,-8.72E-04,2006-01-08,"{""type"":""MultiPoint"",""coordinates"":[]}"
20060109,-0.001627968,2006-01-09,"{""type"":""MultiPoint"",""coordinates"":[]}"
20060110,-0.002533938,2006-01-10,"{""type"":""MultiPoint"",""coordinates"":[]}"
20060111,-0.002386763,2006-01-11,"{""type"":""MultiPoint"",""coordinates"":[]}"
20060112,-0.002326998,2006-01-12,"{""type"":""MultiPoint"",""coordinates"":[]}"
20060113,-0.002455243,2006-01-13,"{""type"":""MultiPoint"",""coordinates"":[]}"
20060114,-0.002467331,2006-01-14,"{""type"":""MultiPoint"",""coordinates"":[]}"
20060115,-0.00165879,2006-01-15,"{""type"":""MultiPoint"",""coordinates"":[]}"
20060116,-0.001905302,2006-01-16,"{""type"":""MultiPoint"",""coordinates"":[]}"
20060117,-0.002217414,2006-01-17,"{""type"":""MultiPoint"",""coordinates"":[]}"
20060118,-0.002488759,2006-01-18,"{""type"":""MultiPoint"",""coordinates"":[]}"
20060119,-0.002475239,2006-01-19,"{""type"":""MultiPoint"",""coordinates"":[]}"
20060120,-0.002334618,2006-01-20,"{""type"":""MultiPoint"",""coordinates"":[]}"
20060121,-0.002274805,2006-01-21,"{""type"":""MultiPoint"",""coordinates"":[]}"
20060122,-0.0024256,2006-01-22,"{""type"":""MultiPoint"",""coordinates"":[]}"
20060123,-0.00235484,2006-01-23,"{""type"":""MultiPoint"",""coordinates"":[]}"
20060124,-0.0022839,2006-01-24,"{""type"":""MultiPoint"",""coordinates"":[]}"
20060125,-0.001998922,2006-01-25,"{""type"":""MultiPoint"",""coordinates"":[]}"
20060126,-0.00204428,2006-01-26,"{""type"":""MultiPoint"",""coordinates"":[]}"
20060127,-0.001094636,2006-01-27,"{""type"":""MultiPoint"",""coordinates"":[]}"
20060128,-0.001867859,2006-01-28,"{""type"":""MultiPoint"",""coordinates"":[]}"
20060129,-0.002005593,2006-01-29,"{""type"":""MultiPoint"",""coordinates"":[]}"
20060130,-0.001987919,2006-01-30,"{""type"":""MultiPoint"",""coordinates"":[]}"
20060131,-0.001939852,2006-01-31,"{""type"":""MultiPoint"",""coordinates"":[]}"
20060201,-0.001714128,2006-02-01,"{""type"":""MultiPoint"",""coordinates"":[]}"
20060202,-0.001719515,2006-02-02,"{""type"":""MultiPoint"",""coordinates"":[]}"
20060203,-0.001554348,2006-02-03,"{""type"":""MultiPoint"",""coordinates"":[]}"
20060204,-0.00161925,2006-02-04,"{""type"":""MultiPoint"",""coordinates"":[]}"
20060205,-0.001817938,2006-02-05,"{""type"":""MultiPoint"",""coordinates"":[]}"
20060206,-0.001973701,2006-02-06,"{""type"":""MultiPoint"",""coordinates"":[]}"
20060207,-0.001831167,2006-02-07,"{""type"":""MultiPoint"",""coordinates"":[]}"
20060208,-0.001797489,2006-02-08,"{""type"":""MultiPoint"",""coordinates"":[]}"
20060209,-0.001661032,2006-02-09,"{""type"":""MultiPoint"",""coordinates"":[]}"
20060210,-0.0017899,2006-02-10,"{""type"":""MultiPoint"",""coordinates"":[]}"
20060211,-0.001665724,2006-02-11,"{""type"":""MultiPoint"",""coordinates"":[]}"
20060212,-0.001620844,2006-02-12,"{""type"":""MultiPoint"",""coordinates"":[]}"
20060213,-0.001675135,2006-02-13,"{""type"":""MultiPoint"",""coordinates"":[]}"
20060214,-0.001758067,2006-02-14,"{""type"":""MultiPoint"",""coordinates"":[]}"
20060215,-0.001823094,2006-02-15,"{""type"":""MultiPoint"",""coordinates"":[]}"
20060216,-0.001906947,2006-02-16,"{""type"":""MultiPoint"",""coordinates"":[]}"
20060217,-0.001830329,2006-02-17,"{""type"":""MultiPoint"",""coordinates"":[]}"
20060218,-0.001759955,2006-02-18,"{""type"":""MultiPoint"",""coordinates"":[]}"
20060219,-0.001710469,2006-02-19,"{""type"":""MultiPoint"",""coordinates"":[]}"
20060220,-0.001664195,2006-02-20,"{""type"":""MultiPoint"",""coordinates"":[]}"
20060221,-0.00164394,2006-02-21,"{""type"":""MultiPoint"",""coordinates"":[]}"
20060222,-0.001666194,2006-02-22,"{""type"":""MultiPoint"",""coordinates"":[]}"
20060223,-0.001578647,2006-02-23,"{""type"":""MultiPoint"",""coordinates"":[]}"
20060224,-0.001644473,2006-02-24,"{""type"":""MultiPoint"",""coordinates"":[]}"
20060225,-0.001696218,2006-02-25,"{""type"":""MultiPoint"",""coordinates"":[]}"
20060226,-0.001647392,2006-02-26,"{""type"":""MultiPoint"",""coordinates"":[]}"
20060227,-0.001543816,2006-02-27,"{""type"":""MultiPoint"",""coordinates"":[]}"
20060228,-0.001412734,2006-02-28,"{""type"":""MultiPoint"",""coordinates"":[]}"
20060301,-0.001394378,2006-03-01,"{""type"":""MultiPoint"",""coordinates"":[]}"
20060302,-0.001260558,2006-03-02,"{""type"":""MultiPoint"",""coordinates"":[]}"
20060303,-9.87E-04,2006-03-03,"{""type"":""MultiPoint"",""coordinates"":[]}"
20060304,-0.001081435,2006-03-04,"{""type"":""MultiPoint"",""coordinates"":[]}"
20060305,-0.001216166,2006-03-05,"{""type"":""MultiPoint"",""coordinates"":[]}"
20060306,-0.001954571,2006-03-06,"{""type"":""MultiPoint"",""coordinates"":[]}"
20060307,-0.002104899,2006-03-07,"{""type"":""MultiPoint"",""coordinates"":[]}"
20060308,-0.002235144,2006-03-08,"{""type"":""MultiPoint"",""coordinates"":[]}"
20060309,-0.001491845,2006-03-09,"{""type"":""MultiPoint"",""coordinates"":[]}"
20060310,-0.001233309,2006-03-10,"{""type"":""MultiPoint"",""coordinates"":[]}"
20060311,-0.002320805,2006-03-11,"{""type"":""MultiPoint"",""coordinates"":[]}"
20060312,-0.003111117,2006-03-12,"{""type"":""MultiPoint"",""coordinates"":[]}"
20060313,-0.00273904,2006-03-13,"{""type"":""MultiPoint"",""coordinates"":[]}"
20060314,-0.002009026,2006-03-14,"{""type"":""MultiPoint"",""coordinates"":[]}"
20060315,-0.001952367,2006-03-15,"{""type"":""MultiPoint"",""coordinates"":[]}"
20060316,-0.002335171,2006-03-16,"{""type"":""MultiPoint"",""coordinates"":[]}"
20060317,-0.002254005,2006-03-17,"{""type"":""MultiPoint"",""coordinates"":[]}"
20060318,-0.002313641,2006-03-18,"{""type"":""MultiPoint"",""coordinates"":[]}"
20060319,-0.002067274,2006-03-19,"{""type"":""MultiPoint"",""coordinates"":[]}"
20060320,-0.002012966,2006-03-20,"{""type"":""MultiPoint"",""coordinates"":[]}"
20060321,-0.002117484,2006-03-21,"{""type"":""MultiPoint"",""coordinates"":[]}"
20060322,-0.002137434,2006-03-22,"{""type"":""MultiPoint"",""coordinates"":[]}"
20060323,-0.002054819,2006-03-23,"{""type"":""MultiPoint"",""coordinates"":[]}"
20060324,-0.001886247,2006-03-24,"{""type"":""MultiPoint"",""coordinates"":[]}"
20060325,-0.001909909,2006-03-25,"{""type"":""MultiPoint"",""coordinates"":[]}"
20060326,-0.001815618,2006-03-26,"{""type"":""MultiPoint"",""coordinates"":[]}"
20060327,-0.001386021,2006-03-27,"{""type"":""MultiPoint"",""coordinates"":[]}"
20060328,-0.001746195,2006-03-28,"{""type"":""MultiPoint"",""coordinates"":[]}"
20060329,-0.001660153,2006-03-29,"{""type"":""MultiPoint"",""coordinates"":[]}"
20060330,-0.001484995,2006-03-30,"{""type"":""MultiPoint"",""coordinates"":[]}"
20060331,-0.001400076,2006-03-31,"{""type"":""MultiPoint"",""coordinates"":[]}"
20060401,-0.001422252,2006-04-01,"{""type"":""MultiPoint"",""coordinates"":[]}"
20060402,-0.001348474,2006-04-02,"{""type"":""MultiPoint"",""coordinates"":[]}"
20060403,-0.00102699,2006-04-03,"{""type"":""MultiPoint"",""coordinates"":[]}"
20060404,-0.001018084,2006-04-04,"{""type"":""MultiPoint"",""coordinates"":[]}"
20060405,-0.001034708,2006-04-05,"{""type"":""MultiPoint"",""coordinates"":[]}"
20060406,-0.001153795,2006-04-06,"{""type"":""MultiPoint"",""coordinates"":[]}"
20060407,-0.001132543,2006-04-07,"{""type"":""MultiPoint"",""coordinates"":[]}"
20060408,-9.95E-04,2006-04-08,"{""type"":""MultiPoint"",""coordinates"":[]}"
20060409,-0.001037933,2006-04-09,"{""type"":""MultiPoint"",""coordinates"":[]}"
20060410,-0.001016957,2006-04-10,"{""type"":""MultiPoint"",""coordinates"":[]}"
20060411,-0.001215034,2006-04-11,"{""type"":""MultiPoint"",""coordinates"":[]}"
20060412,-0.001113962,2006-04-12,"{""type"":""MultiPoint"",""coordinates"":[]}"
20060413,-0.001092748,2006-04-13,"{""type"":""MultiPoint"",""coordinates"":[]}"
20060414,-0.001101507,2006-04-14,"{""type"":""MultiPoint"",""coordinates"":[]}"
20060415,-7.10E-04,2006-04-15,"{""type"":""MultiPoint"",""coordinates"":[]}"
20060416,-0.001019302,2006-04-16,"{""type"":""MultiPoint"",""coordinates"":[]}"
20060417,-0.001581779,2006-04-17,"{""type"":""MultiPoint"",""coordinates"":[]}"
20060418,-0.002170309,2006-04-18,"{""type"":""MultiPoint"",""coordinates"":[]}"
20060419,-0.002876134,2006-04-19,"{""type"":""MultiPoint"",""coordinates"":[]}"
20060420,-0.002576004,2006-04-20,"{""type"":""MultiPoint"",""coordinates"":[]}"
20060421,-0.002665999,2006-04-21,"{""type"":""MultiPoint"",""coordinates"":[]}"
20060422,-0.002832742,2006-04-22,"{""type"":""MultiPoint"",""coordinates"":[]}"
20060423,-0.002368029,2006-04-23,"{""type"":""MultiPoint"",""coordinates"":[]}"
20060424,-0.002327058,2006-04-24,"{""type"":""MultiPoint"",""coordinates"":[]}"
20060425,-0.001750844,2006-04-25,"{""type"":""MultiPoint"",""coordinates"":[]}"
20060426,-0.00151446,2006-04-26,"{""type"":""MultiPoint"",""coordinates"":[]}"
20060427,-0.001550365,2006-04-27,"{""type"":""MultiPoint"",""coordinates"":[]}"
20060428,-0.001553531,2006-04-28,"{""type"":""MultiPoint"",""coordinates"":[]}"
20060429,-0.001535568,2006-04-29,"{""type"":""MultiPoint"",""coordinates"":[]}"
20060430,-0.001526224,2006-04-30,"{""type"":""MultiPoint"",""coordinates"":[]}"
20060501,-0.001247669,2006-05-01,"{""type"":""MultiPoint"",""coordinates"":[]}"
20060502,-0.001259478,2006-05-02,"{""type"":""MultiPoint"",""coordinates"":[]}"
20060503,-0.001285913,2006-05-03,"{""type"":""MultiPoint"",""coordinates"":[]}"
20060504,-0.001194564,2006-05-04,"{""type"":""MultiPoint"",""coordinates"":[]}"
20060505,-0.001089764,2006-05-05,"{""type"":""MultiPoint"",""coordinates"":[]}"
20060506,-9.38E-04,2006-05-06,"{""type"":""MultiPoint"",""coordinates"":[]}"
20060507,-0.001033106,2006-05-07,"{""type"":""MultiPoint"",""coordinates"":[]}"
20060508,-0.001155295,2006-05-08,"{""type"":""MultiPoint"",""coordinates"":[]}"
20060509,-0.001101272,2006-05-09,"{""type"":""MultiPoint"",""coordinates"":[]}"
20060510,-7.85E-04,2006-05-10,"{""type"":""MultiPoint"",""coordinates"":[]}"
20060511,-0.001362643,2006-05-11,"{""type"":""MultiPoint"",""coordinates"":[]}"
20060512,-0.002313575,2006-05-12,"{""type"":""MultiPoint"",""coordinates"":[]}"
20060513,-0.002455993,2006-05-13,"{""type"":""MultiPoint"",""coordinates"":[]}"
20060514,-0.002257819,2006-05-14,"{""type"":""MultiPoint"",""coordinates"":[]}"
20060515,-0.001903229,2006-05-15,"{""type"":""MultiPoint"",""coordinates"":[]}"
20060516,-0.001662216,2006-05-16,"{""type"":""MultiPoint"",""coordinates"":[]}"
20060517,-0.001535319,2006-05-17,"{""type"":""MultiPoint"",""coordinates"":[]}"
20060518,-0.001086404,2006-05-18,"{""type"":""MultiPoint"",""coordinates"":[]}"
20060519,-0.00170982,2006-05-19,"{""type"":""MultiPoint"",""coordinates"":[]}"
20060520,-0.001617962,2006-05-20,"{""type"":""MultiPoint"",""coordinates"":[]}"
20060521,-0.001502946,2006-05-21,"{""type"":""MultiPoint"",""coordinates"":[]}"
20060522,-0.001357933,2006-05-22,"{""type"":""MultiPoint"",""coordinates"":[]}"
20060523,-0.00113132,2006-05-23,"{""type"":""MultiPoint"",""coordinates"":[]}"
20060524,-8.44E-04,2006-05-24,"{""type"":""MultiPoint"",""coordinates"":[]}"
20060525,-7.29E-04,2006-05-25,"{""type"":""MultiPoint"",""coordinates"":[]}"
20060526,-7.62E-04,2006-05-26,"{""type"":""MultiPoint"",""coordinates"":[]}"
20060527,-8.15E-04,2006-05-27,"{""type"":""MultiPoint"",""coordinates"":[]}"
20060528,-1.81E-04,2006-05-28,"{""type"":""MultiPoint"",""coordinates"":[]}"
20060529,-9.38E-04,2006-05-29,"{""type"":""MultiPoint"",""coordinates"":[]}"
20060530,-8.05E-04,2006-05-30,"{""type"":""MultiPoint"",""coordinates"":[]}"
20060531,-7.64E-04,2006-05-31,"{""type"":""MultiPoint"",""coordinates"":[]}"
20060601,-9.38E-04,2006-06-01,"{""type"":""MultiPoint"",""coordinates"":[]}"
20060602,-0.001296201,2006-06-02,"{""type"":""MultiPoint"",""coordinates"":[]}"
20060603,-0.001531666,2006-06-03,"{""type"":""MultiPoint"",""coordinates"":[]}"
20060604,-0.001571663,2006-06-04,"{""type"":""MultiPoint"",""coordinates"":[]}"
20060605,-0.001325839,2006-06-05,"{""type"":""MultiPoint"",""coordinates"":[]}"
20060606,-0.001674908,2006-06-06,"{""type"":""MultiPoint"",""coordinates"":[]}"
20060607,-0.001707191,2006-06-07,"{""type"":""MultiPoint"",""coordinates"":[]}"
20060608,-0.002035267,2006-06-08,"{""type"":""MultiPoint"",""coordinates"":[]}"
20060609,-0.002064554,2006-06-09,"{""type"":""MultiPoint"",""coordinates"":[]}"
20060610,-0.001843377,2006-06-10,"{""type"":""MultiPoint"",""coordinates"":[]}"
20060611,-0.001503479,2006-06-11,"{""type"":""MultiPoint"",""coordinates"":[]}"
20060612,-0.001685484,2006-06-12,"{""type"":""MultiPoint"",""coordinates"":[]}"
20060613,-0.001876305,2006-06-13,"{""type"":""MultiPoint"",""coordinates"":[]}"
20060614,-0.001506999,2006-06-14,"{""type"":""MultiPoint"",""coordinates"":[]}"
20060615,-0.001149793,2006-06-15,"{""type"":""MultiPoint"",""coordinates"":[]}"
20060616,-0.001289823,2006-06-16,"{""type"":""MultiPoint"",""coordinates"":[]}"
20060617,-0.001821406,2006-06-17,"{""type"":""MultiPoint"",""coordinates"":[]}"
20060618,-0.002306699,2006-06-18,"{""type"":""MultiPoint"",""coordinates"":[]}"
20060619,-0.002346253,2006-06-19,"{""type"":""MultiPoint"",""coordinates"":[]}"
20060620,-0.001899925,2006-06-20,"{""type"":""MultiPoint"",""coordinates"":[]}"
20060621,-0.002317299,2006-06-21,"{""type"":""MultiPoint"",""coordinates"":[]}"
20060622,-0.002139929,2006-06-22,"{""type"":""MultiPoint"",""coordinates"":[]}"
20060623,-0.001751716,2006-06-23,"{""type"":""MultiPoint"",""coordinates"":[]}"
20060624,-0.001709672,2006-06-24,"{""type"":""MultiPoint"",""coordinates"":[]}"
20060625,-0.001018829,2006-06-25,"{""type"":""MultiPoint"",""coordinates"":[]}"
20060626,-7.34E-04,2006-06-26,"{""type"":""MultiPoint"",""coordinates"":[]}"
20060627,-0.001551826,2006-06-27,"{""type"":""MultiPoint"",""coordinates"":[]}"
20060628,-5.99E-04,2006-06-28,"{""type"":""MultiPoint"",""coordinates"":[]}"
20060629,-0.00184127,2006-06-29,"{""type"":""MultiPoint"",""coordinates"":[]}"
20060630,-0.00128986,2006-06-30,"{""type"":""MultiPoint"",""coordinates"":[]}"
20060701,-0.002184985,2006-07-01,"{""type"":""MultiPoint"",""coordinates"":[]}"
20060702,-0.001633825,2006-07-02,"{""type"":""MultiPoint"",""coordinates"":[]}"
20060703,-0.002084216,2006-07-03,"{""type"":""MultiPoint"",""coordinates"":[]}"
20060704,-0.001812844,2006-07-04,"{""type"":""MultiPoint"",""coordinates"":[]}"
20060705,-0.002399534,2006-07-05,"{""type"":""MultiPoint"",""coordinates"":[]}"
20060706,-0.002051824,2006-07-06,"{""type"":""MultiPoint"",""coordinates"":[]}"
20060707,-0.001971626,2006-07-07,"{""type"":""MultiPoint"",""coordinates"":[]}"
20060708,-0.001730916,2006-07-08,"{""type"":""MultiPoint"",""coordinates"":[]}"
20060709,-0.00190806,2006-07-09,"{""type"":""MultiPoint"",""coordinates"":[]}"
20060710,-0.002021855,2006-07-10,"{""type"":""MultiPoint"",""coordinates"":[]}"
20060711,-0.001728247,2006-07-11,"{""type"":""MultiPoint"",""coordinates"":[]}"
20060712,-0.001244473,2006-07-12,"{""type"":""MultiPoint"",""coordinates"":[]}"
20060713,-0.001007882,2006-07-13,"{""type"":""MultiPoint"",""coordinates"":[]}"
20060714,-0.00157215,2006-07-14,"{""type"":""MultiPoint"",""coordinates"":[]}"
20060715,-0.001542462,2006-07-15,"{""type"":""MultiPoint"",""coordinates"":[]}"
20060716,-0.001881862,2006-07-16,"{""type"":""MultiPoint"",""coordinates"":[]}"
20060717,-0.001955594,2006-07-17,"{""type"":""MultiPoint"",""coordinates"":[]}"
20060718,-0.002100654,2006-07-18,"{""type"":""MultiPoint"",""coordinates"":[]}"
20060719,-0.001784946,2006-07-19,"{""type"":""MultiPoint"",""coordinates"":[]}"
20060720,-0.001444731,2006-07-20,"{""type"":""MultiPoint"",""coordinates"":[]}"
20060721,-0.001506519,2006-07-21,"{""type"":""MultiPoint"",""coordinates"":[]}"
20060722,-0.001849687,2006-07-22,"{""type"":""MultiPoint"",""coordinates"":[]}"
20060723,-0.002068314,2006-07-23,"{""type"":""MultiPoint"",""coordinates"":[]}"
20060724,-0.002242255,2006-07-24,"{""type"":""MultiPoint"",""coordinates"":[]}"
20060725,-0.001448579,2006-07-25,"{""type"":""MultiPoint"",""coordinates"":[]}"
20060726,-4.76E-04,2006-07-26,"{""type"":""MultiPoint"",""coordinates"":[]}"
20060727,-8.52E-04,2006-07-27,"{""type"":""MultiPoint"",""coordinates"":[]}"
20060728,-0.001308345,2006-07-28,"{""type"":""MultiPoint"",""coordinates"":[]}"
20060729,-0.002176339,2006-07-29,"{""type"":""MultiPoint"",""coordinates"":[]}"
20060730,-0.002043748,2006-07-30,"{""type"":""MultiPoint"",""coordinates"":[]}"
20060731,-0.001563186,2006-07-31,"{""type"":""MultiPoint"",""coordinates"":[]}"
20060801,-0.001687876,2006-08-01,"{""type"":""MultiPoint"",""coordinates"":[]}"
20060802,-0.001475806,2006-08-02,"{""type"":""MultiPoint"",""coordinates"":[]}"
20060803,-0.001122227,2006-08-03,"{""type"":""MultiPoint"",""coordinates"":[]}"
20060804,-8.49E-04,2006-08-04,"{""type"":""MultiPoint"",""coordinates"":[]}"
20060805,-0.001399198,2006-08-05,"{""type"":""MultiPoint"",""coordinates"":[]}"
20060806,-0.001351148,2006-08-06,"{""type"":""MultiPoint"",""coordinates"":[]}"
20060807,-0.001886996,2006-08-07,"{""type"":""MultiPoint"",""coordinates"":[]}"
20060808,-0.001619593,2006-08-08,"{""type"":""MultiPoint"",""coordinates"":[]}"
20060809,-0.001340732,2006-08-09,"{""type"":""MultiPoint"",""coordinates"":[]}"
20060810,-0.001125497,2006-08-10,"{""type"":""MultiPoint"",""coordinates"":[]}"
20060811,-5.29E-04,2006-08-11,"{""type"":""MultiPoint"",""coordinates"":[]}"
20060812,-8.92E-04,2006-08-12,"{""type"":""MultiPoint"",""coordinates"":[]}"
20060813,-0.00128607,2006-08-13,"{""type"":""MultiPoint"",""coordinates"":[]}"
20060814,-0.001736458,2006-08-14,"{""type"":""MultiPoint"",""coordinates"":[]}"
20060815,-0.001026105,2006-08-15,"{""type"":""MultiPoint"",""coordinates"":[]}"
20060816,-0.001380486,2006-08-16,"{""type"":""MultiPoint"",""coordinates"":[]}"
20060817,-0.001486205,2006-08-17,"{""type"":""MultiPoint"",""coordinates"":[]}"
20060818,-0.001274791,2006-08-18,"{""type"":""MultiPoint"",""coordinates"":[]}"
20060819,-0.001647226,2006-08-19,"{""type"":""MultiPoint"",""coordinates"":[]}"
20060820,-0.001646186,2006-08-20,"{""type"":""MultiPoint"",""coordinates"":[]}"
20060821,-0.001550313,2006-08-21,"{""type"":""MultiPoint"",""coordinates"":[]}"
20060822,-0.001667253,2006-08-22,"{""type"":""MultiPoint"",""coordinates"":[]}"
20060823,-0.002578858,2006-08-23,"{""type"":""MultiPoint"",""coordinates"":[]}"
20060824,-0.002580843,2006-08-24,"{""type"":""MultiPoint"",""coordinates"":[]}"
20060825,-0.002494709,2006-08-25,"{""type"":""MultiPoint"",""coordinates"":[]}"
20060826,-0.002611587,2006-08-26,"{""type"":""MultiPoint"",""coordinates"":[]}"
20060827,-0.002407746,2006-08-27,"{""type"":""MultiPoint"",""coordinates"":[]}"
20060828,-0.001459694,2006-08-28,"{""type"":""MultiPoint"",""coordinates"":[]}"
20060829,-0.001291252,2006-08-29,"{""type"":""MultiPoint"",""coordinates"":[]}"
20060830,-0.001380824,2006-08-30,"{""type"":""MultiPoint"",""coordinates"":[]}"
20060831,-0.001797383,2006-08-31,"{""type"":""MultiPoint"",""coordinates"":[]}"
20060901,-0.001968316,2006-09-01,"{""type"":""MultiPoint"",""coordinates"":[]}"
20060902,-0.001991902,2006-09-02,"{""type"":""MultiPoint"",""coordinates"":[]}"
20060903,-0.001342886,2006-09-03,"{""type"":""MultiPoint"",""coordinates"":[]}"
20060904,-0.001718742,2006-09-04,"{""type"":""MultiPoint"",""coordinates"":[]}"
20060905,-0.002297788,2006-09-05,"{""type"":""MultiPoint"",""coordinates"":[]}"
20060906,-0.002082344,2006-09-06,"{""type"":""MultiPoint"",""coordinates"":[]}"
20060907,-0.00184797,2006-09-07,"{""type"":""MultiPoint"",""coordinates"":[]}"
20060908,-0.002132726,2006-09-08,"{""type"":""MultiPoint"",""coordinates"":[]}"
20060909,-0.001859502,2006-09-09,"{""type"":""MultiPoint"",""coordinates"":[]}"
20060910,-0.002030578,2006-09-10,"{""type"":""MultiPoint"",""coordinates"":[]}"
20060911,-0.001816729,2006-09-11,"{""type"":""MultiPoint"",""coordinates"":[]}"
20060912,-0.001716974,2006-09-12,"{""type"":""MultiPoint"",""coordinates"":[]}"
20060913,-0.001623792,2006-09-13,"{""type"":""MultiPoint"",""coordinates"":[]}"
20060914,-6.98E-04,2006-09-14,"{""type"":""MultiPoint"",""coordinates"":[]}"
20060915,-0.001028369,2006-09-15,"{""type"":""MultiPoint"",""coordinates"":[]}"
20060916,-3.70E-04,2006-09-16,"{""type"":""MultiPoint"",""coordinates"":[]}"
20060917,-0.001308987,2006-09-17,"{""type"":""MultiPoint"",""coordinates"":[]}"
20060918,-0.00177565,2006-09-18,"{""type"":""MultiPoint"",""coordinates"":[]}"
20060919,-0.001520651,2006-09-19,"{""type"":""MultiPoint"",""coordinates"":[]}"
20060920,-9.91E-04,2006-09-20,"{""type"":""MultiPoint"",""coordinates"":[]}"
20060921,-0.001647942,2006-09-21,"{""type"":""MultiPoint"",""coordinates"":[]}"
20060922,-0.001651607,2006-09-22,"{""type"":""MultiPoint"",""coordinates"":[]}"
20060923,-0.002019507,2006-09-23,"{""type"":""MultiPoint"",""coordinates"":[]}"
20060924,-0.001851389,2006-09-24,"{""type"":""MultiPoint"",""coordinates"":[]}"
20060925,-0.001404139,2006-09-25,"{""type"":""MultiPoint"",""coordinates"":[]}"
20060926,-0.001606109,2006-09-26,"{""type"":""MultiPoint"",""coordinates"":[]}"
20060927,-0.002281832,2006-09-27,"{""type"":""MultiPoint"",""coordinates"":[]}"
20060928,-0.002307436,2006-09-28,"{""type"":""MultiPoint"",""coordinates"":[]}"
20060929,-0.0016064,2006-09-29,"{""type"":""MultiPoint"",""coordinates"":[]}"
20060930,-0.002057008,2006-09-30,"{""type"":""MultiPoint"",""coordinates"":[]}"
20061001,-0.002368456,2006-10-01,"{""type"":""MultiPoint"",""coordinates"":[]}"
20061002,-0.001792528,2006-10-02,"{""type"":""MultiPoint"",""coordinates"":[]}"
20061003,-0.002634159,2006-10-03,"{""type"":""MultiPoint"",""coordinates"":[]}"
20061004,-0.002301265,2006-10-04,"{""type"":""MultiPoint"",""coordinates"":[]}"
20061005,-0.001899511,2006-10-05,"{""type"":""MultiPoint"",""coordinates"":[]}"
20061006,-0.001958084,2006-10-06,"{""type"":""MultiPoint"",""coordinates"":[]}"
20061007,-0.001494862,2006-10-07,"{""type"":""MultiPoint"",""coordinates"":[]}"
20061008,-0.001114007,2006-10-08,"{""type"":""MultiPoint"",""coordinates"":[]}"
20061009,-0.001733269,2006-10-09,"{""type"":""MultiPoint"",""coordinates"":[]}"
20061010,-0.002547033,2006-10-10,"{""type"":""MultiPoint"",""coordinates"":[]}"
20061011,-0.002294852,2006-10-11,"{""type"":""MultiPoint"",""coordinates"":[]}"
20061012,-0.002375183,2006-10-12,"{""type"":""MultiPoint"",""coordinates"":[]}"
20061013,-0.003207344,2006-10-13,"{""type"":""MultiPoint"",""coordinates"":[]}"
20061014,-0.00284579,2006-10-14,"{""type"":""MultiPoint"",""coordinates"":[]}"
20061015,-0.002550561,2006-10-15,"{""type"":""MultiPoint"",""coordinates"":[]}"
20061016,-0.002104364,2006-10-16,"{""type"":""MultiPoint"",""coordinates"":[]}"
20061017,-0.001427026,2006-10-17,"{""type"":""MultiPoint"",""coordinates"":[]}"
20061018,-0.001626141,2006-10-18,"{""type"":""MultiPoint"",""coordinates"":[]}"
20061019,-0.001598622,2006-10-19,"{""type"":""MultiPoint"",""coordinates"":[]}"
20061020,-0.001919866,2006-10-20,"{""type"":""MultiPoint"",""coordinates"":[]}"
20061021,-0.001710369,2006-10-21,"{""type"":""MultiPoint"",""coordinates"":[]}"
20061022,-0.002572698,2006-10-22,"{""type"":""MultiPoint"",""coordinates"":[]}"
20061023,-0.001970182,2006-10-23,"{""type"":""MultiPoint"",""coordinates"":[]}"
20061024,-0.001618002,2006-10-24,"{""type"":""MultiPoint"",""coordinates"":[]}"
20061025,-0.001448566,2006-10-25,"{""type"":""MultiPoint"",""coordinates"":[]}"
20061026,-7.47E-04,2006-10-26,"{""type"":""MultiPoint"",""coordinates"":[]}"
20061027,-5.44E-04,2006-10-27,"{""type"":""MultiPoint"",""coordinates"":[]}"
20061028,-1.66E-04,2006-10-28,"{""type"":""MultiPoint"",""coordinates"":[]}"
20061029,-4.52E-04,2006-10-29,"{""type"":""MultiPoint"",""coordinates"":[]}"
20061030,-0.001568965,2006-10-30,"{""type"":""MultiPoint"",""coordinates"":[]}"
20061031,-0.00148913,2006-10-31,"{""type"":""MultiPoint"",""coordinates"":[]}"
20061101,-0.001072835,2006-11-01,"{""type"":""MultiPoint"",""coordinates"":[]}"
20061102,-0.001821808,2006-11-02,"{""type"":""MultiPoint"",""coordinates"":[]}"
20061103,-0.001337133,2006-11-03,"{""type"":""MultiPoint"",""coordinates"":[]}"
20061104,-0.00139934,2006-11-04,"{""type"":""MultiPoint"",""coordinates"":[]}"
20061105,-0.002060437,2006-11-05,"{""type"":""MultiPoint"",""coordinates"":[]}"
20061106,-0.001855269,2006-11-06,"{""type"":""MultiPoint"",""coordinates"":[]}"
20061107,-0.001083506,2006-11-07,"{""type"":""MultiPoint"",""coordinates"":[]}"
20061108,-0.001649054,2006-11-08,"{""type"":""MultiPoint"",""coordinates"":[]}"
20061109,-9.86E-04,2006-11-09,"{""type"":""MultiPoint"",""coordinates"":[]}"
20061110,-0.001917193,2006-11-10,"{""type"":""MultiPoint"",""coordinates"":[]}"
20061111,-0.002030877,2006-11-11,"{""type"":""MultiPoint"",""coordinates"":[]}"
20061112,-0.002168427,2006-11-12,"{""type"":""MultiPoint"",""coordinates"":[]}"
20061113,-0.001806678,2006-11-13,"{""type"":""MultiPoint"",""coordinates"":[]}"
20061114,-0.001665088,2006-11-14,"{""type"":""MultiPoint"",""coordinates"":[]}"
20061115,-0.001295104,2006-11-15,"{""type"":""MultiPoint"",""coordinates"":[]}"
20061116,-0.001474304,2006-11-16,"{""type"":""MultiPoint"",""coordinates"":[]}"
20061117,-0.00146434,2006-11-17,"{""type"":""MultiPoint"",""coordinates"":[]}"
20061118,-5.11E-04,2006-11-18,"{""type"":""MultiPoint"",""coordinates"":[]}"
20061119,-9.95E-04,2006-11-19,"{""type"":""MultiPoint"",""coordinates"":[]}"
20061120,-9.21E-04,2006-11-20,"{""type"":""MultiPoint"",""coordinates"":[]}"
20061121,-0.002782717,2006-11-21,"{""type"":""MultiPoint"",""coordinates"":[]}"
20061122,-0.002313325,2006-11-22,"{""type"":""MultiPoint"",""coordinates"":[]}"
20061123,-0.002697115,2006-11-23,"{""type"":""MultiPoint"",""coordinates"":[]}"
20061124,-0.002658918,2006-11-24,"{""type"":""MultiPoint"",""coordinates"":[]}"
20061125,-0.002978842,2006-11-25,"{""type"":""MultiPoint"",""coordinates"":[]}"
20061126,-0.002171005,2006-11-26,"{""type"":""MultiPoint"",""coordinates"":[]}"
20061127,-0.001551755,2006-11-27,"{""type"":""MultiPoint"",""coordinates"":[]}"
20061128,-0.00203893,2006-11-28,"{""type"":""MultiPoint"",""coordinates"":[]}"
20061129,-0.002025798,2006-11-29,"{""type"":""MultiPoint"",""coordinates"":[]}"
20061130,-0.002299319,2006-11-30,"{""type"":""MultiPoint"",""coordinates"":[]}"
20061201,-0.002432897,2006-12-01,"{""type"":""MultiPoint"",""coordinates"":[]}"
20061202,-0.002216819,2006-12-02,"{""type"":""MultiPoint"",""coordinates"":[]}"
20061203,-0.001294484,2006-12-03,"{""type"":""MultiPoint"",""coordinates"":[]}"
20061204,-0.001915553,2006-12-04,"{""type"":""MultiPoint"",""coordinates"":[]}"
20061205,-0.002155643,2006-12-05,"{""type"":""MultiPoint"",""coordinates"":[]}"
20061206,-0.002059795,2006-12-06,"{""type"":""MultiPoint"",""coordinates"":[]}"
20061207,-0.002126646,2006-12-07,"{""type"":""MultiPoint"",""coordinates"":[]}"
20061208,-0.001925798,2006-12-08,"{""type"":""MultiPoint"",""coordinates"":[]}"
20061209,-0.00175139,2006-12-09,"{""type"":""MultiPoint"",""coordinates"":[]}"
20061210,-5.95E-04,2006-12-10,"{""type"":""MultiPoint"",""coordinates"":[]}"
20061211,-9.05E-04,2006-12-11,"{""type"":""MultiPoint"",""coordinates"":[]}"
20061212,-8.45E-04,2006-12-12,"{""type"":""MultiPoint"",""coordinates"":[]}"
20061213,-0.001645415,2006-12-13,"{""type"":""MultiPoint"",""coordinates"":[]}"
20061214,-0.001597508,2006-12-14,"{""type"":""MultiPoint"",""coordinates"":[]}"
20061215,-0.001570897,2006-12-15,"{""type"":""MultiPoint"",""coordinates"":[]}"
20061216,-0.00161404,2006-12-16,"{""type"":""MultiPoint"",""coordinates"":[]}"
20061217,-0.001369379,2006-12-17,"{""type"":""MultiPoint"",""coordinates"":[]}"
20061218,-0.00169809,2006-12-18,"{""type"":""MultiPoint"",""coordinates"":[]}"
20061219,-0.001559397,2006-12-19,"{""type"":""MultiPoint"",""coordinates"":[]}"
20061220,-0.001216183,2006-12-20,"{""type"":""MultiPoint"",""coordinates"":[]}"
20061221,-0.001255402,2006-12-21,"{""type"":""MultiPoint"",""coordinates"":[]}"
20061222,-6.00E-04,2006-12-22,"{""type"":""MultiPoint"",""coordinates"":[]}"
20061223,-0.001260818,2006-12-23,"{""type"":""MultiPoint"",""coordinates"":[]}"
20061224,-9.43E-04,2006-12-24,"{""type"":""MultiPoint"",""coordinates"":[]}"
20061225,-0.001146476,2006-12-25,"{""type"":""MultiPoint"",""coordinates"":[]}"
20061226,-0.001093131,2006-12-26,"{""type"":""MultiPoint"",""coordinates"":[]}"
20061227,-0.00113809,2006-12-27,"{""type"":""MultiPoint"",""coordinates"":[]}"
20061228,-0.001249195,2006-12-28,"{""type"":""MultiPoint"",""coordinates"":[]}"
20061229,-0.001228154,2006-12-29,"{""type"":""MultiPoint"",""coordinates"":[]}"
20061230,-0.001163329,2006-12-30,"{""type"":""MultiPoint"",""coordinates"":[]}"
20061231,-0.001140811,2006-12-31,"{""type"":""MultiPoint"",""coordinates"":[]}"
20070101,-0.00108131,2007-01-01,"{""type"":""MultiPoint"",""coordinates"":[]}"
20070102,-0.001057493,2007-01-02,"{""type"":""MultiPoint"",""coordinates"":[]}"
20070103,-0.001037624,2007-01-03,"{""type"":""MultiPoint"",""coordinates"":[]}"
20070104,-0.001091753,2007-01-04,"{""type"":""MultiPoint"",""coordinates"":[]}"
20070105,-0.001075075,2007-01-05,"{""type"":""MultiPoint"",""coordinates"":[]}"
20070106,-9.34E-04,2007-01-06,"{""type"":""MultiPoint"",""coordinates"":[]}"
20070107,-8.61E-04,2007-01-07,"{""type"":""MultiPoint"",""coordinates"":[]}"
20070108,-8.05E-04,2007-01-08,"{""type"":""MultiPoint"",""coordinates"":[]}"
20070109,-8.63E-04,2007-01-09,"{""type"":""MultiPoint"",""coordinates"":[]}"
20070110,-8.31E-04,2007-01-10,"{""type"":""MultiPoint"",""coordinates"":[]}"
20070111,-7.59E-04,2007-01-11,"{""type"":""MultiPoint"",""coordinates"":[]}"
20070112,-8.20E-04,2007-01-12,"{""type"":""MultiPoint"",""coordinates"":[]}"
20070113,-9.61E-04,2007-01-13,"{""type"":""MultiPoint"",""coordinates"":[]}"
20070114,-9.88E-04,2007-01-14,"{""type"":""MultiPoint"",""coordinates"":[]}"
20070115,-8.40E-04,2007-01-15,"{""type"":""MultiPoint"",""coordinates"":[]}"
20070116,-9.05E-04,2007-01-16,"{""type"":""MultiPoint"",""coordinates"":[]}"
20070117,-9.19E-04,2007-01-17,"{""type"":""MultiPoint"",""coordinates"":[]}"
20070118,-8.80E-04,2007-01-18,"{""type"":""MultiPoint"",""coordinates"":[]}"
20070119,-8.04E-04,2007-01-19,"{""type"":""MultiPoint"",""coordinates"":[]}"
20070120,-8.18E-04,2007-01-20,"{""type"":""MultiPoint"",""coordinates"":[]}"
20070121,-8.49E-04,2007-01-21,"{""type"":""MultiPoint"",""coordinates"":[]}"
20070122,-8.44E-04,2007-01-22,"{""type"":""MultiPoint"",""coordinates"":[]}"
20070123,-8.48E-04,2007-01-23,"{""type"":""MultiPoint"",""coordinates"":[]}"
20070124,-7.49E-04,2007-01-24,"{""type"":""MultiPoint"",""coordinates"":[]}"
20070125,-6.31E-04,2007-01-25,"{""type"":""MultiPoint"",""coordinates"":[]}"
20070126,-7.65E-04,2007-01-26,"{""type"":""MultiPoint"",""coordinates"":[]}"
20070127,-6.06E-04,2007-01-27,"{""type"":""MultiPoint"",""coordinates"":[]}"
20070128,-5.31E-04,2007-01-28,"{""type"":""MultiPoint"",""coordinates"":[]}"
20070129,-5.87E-04,2007-01-29,"{""type"":""MultiPoint"",""coordinates"":[]}"
20070130,-6.33E-04,2007-01-30,"{""type"":""MultiPoint"",""coordinates"":[]}"
20070131,-7.66E-04,2007-01-31,"{""type"":""MultiPoint"",""coordinates"":[]}"
20070201,-7.56E-04,2007-02-01,"{""type"":""MultiPoint"",""coordinates"":[]}"
20070202,-7.09E-04,2007-02-02,"{""type"":""MultiPoint"",""coordinates"":[]}"
20070203,-7.50E-04,2007-02-03,"{""type"":""MultiPoint"",""coordinates"":[]}"
20070204,-7.53E-04,2007-02-04,"{""type"":""MultiPoint"",""coordinates"":[]}"
20070205,-7.26E-04,2007-02-05,"{""type"":""MultiPoint"",""coordinates"":[]}"
20070206,-7.37E-04,2007-02-06,"{""type"":""MultiPoint"",""coordinates"":[]}"
20070207,-7.11E-04,2007-02-07,"{""type"":""MultiPoint"",""coordinates"":[]}"
20070208,-7.00E-04,2007-02-08,"{""type"":""MultiPoint"",""coordinates"":[]}"
20070209,-6.38E-04,2007-02-09,"{""type"":""MultiPoint"",""coordinates"":[]}"
20070210,-4.89E-04,2007-02-10,"{""type"":""MultiPoint"",""coordinates"":[]}"
20070211,-4.36E-04,2007-02-11,"{""type"":""MultiPoint"",""coordinates"":[]}"
20070212,-5.01E-04,2007-02-12,"{""type"":""MultiPoint"",""coordinates"":[]}"
20070213,-5.20E-04,2007-02-13,"{""type"":""MultiPoint"",""coordinates"":[]}"
20070214,-6.74E-04,2007-02-14,"{""type"":""MultiPoint"",""coordinates"":[]}"
20070215,-7.08E-04,2007-02-15,"{""type"":""MultiPoint"",""coordinates"":[]}"
20070216,-6.68E-04,2007-02-16,"{""type"":""MultiPoint"",""coordinates"":[]}"
20070217,-5.61E-04,2007-02-17,"{""type"":""MultiPoint"",""coordinates"":[]}"
20070218,-2.49E-04,2007-02-18,"{""type"":""MultiPoint"",""coordinates"":[]}"
20070219,-2.66E-04,2007-02-19,"{""type"":""MultiPoint"",""coordinates"":[]}"
20070220,-5.17E-04,2007-02-20,"{""type"":""MultiPoint"",""coordinates"":[]}"
20070221,-5.31E-04,2007-02-21,"{""type"":""MultiPoint"",""coordinates"":[]}"
20070222,-5.79E-04,2007-02-22,"{""type"":""MultiPoint"",""coordinates"":[]}"
20070223,-5.73E-04,2007-02-23,"{""type"":""MultiPoint"",""coordinates"":[]}"
20070224,-6.08E-04,2007-02-24,"{""type"":""MultiPoint"",""coordinates"":[]}"
20070225,-6.37E-04,2007-02-25,"{""type"":""MultiPoint"",""coordinates"":[]}"
20070226,-6.34E-04,2007-02-26,"{""type"":""MultiPoint"",""coordinates"":[]}"
20070227,-6.14E-04,2007-02-27,"{""type"":""MultiPoint"",""coordinates"":[]}"
20070228,-6.27E-04,2007-02-28,"{""type"":""MultiPoint"",""coordinates"":[]}"
20070301,-6.15E-04,2007-03-01,"{""type"":""MultiPoint"",""coordinates"":[]}"
20070302,-6.13E-04,2007-03-02,"{""type"":""MultiPoint"",""coordinates"":[]}"
20070303,-4.50E-04,2007-03-03,"{""type"":""MultiPoint"",""coordinates"":[]}"
20070304,-4.99E-04,2007-03-04,"{""type"":""MultiPoint"",""coordinates"":[]}"
20070305,-5.95E-04,2007-03-05,"{""type"":""MultiPoint"",""coordinates"":[]}"
20070306,-6.30E-04,2007-03-06,"{""type"":""MultiPoint"",""coordinates"":[]}"
20070307,-5.88E-04,2007-03-07,"{""type"":""MultiPoint"",""coordinates"":[]}"
20070308,-5.60E-04,2007-03-08,"{""type"":""MultiPoint"",""coordinates"":[]}"
20070309,-5.11E-04,2007-03-09,"{""type"":""MultiPoint"",""coordinates"":[]}"
20070310,-5.36E-04,2007-03-10,"{""type"":""MultiPoint"",""coordinates"":[]}"
20070311,-5.69E-04,2007-03-11,"{""type"":""MultiPoint"",""coordinates"":[]}"
20070312,-5.68E-04,2007-03-12,"{""type"":""MultiPoint"",""coordinates"":[]}"
20070313,-6.04E-04,2007-03-13,"{""type"":""MultiPoint"",""coordinates"":[]}"
20070314,-5.13E-04,2007-03-14,"{""type"":""MultiPoint"",""coordinates"":[]}"
20070315,-5.90E-04,2007-03-15,"{""type"":""MultiPoint"",""coordinates"":[]}"
20070316,-5.55E-04,2007-03-16,"{""type"":""MultiPoint"",""coordinates"":[]}"
20070317,-5.64E-04,2007-03-17,"{""type"":""MultiPoint"",""coordinates"":[]}"
20070318,-5.87E-04,2007-03-18,"{""type"":""MultiPoint"",""coordinates"":[]}"
20070319,-6.03E-04,2007-03-19,"{""type"":""MultiPoint"",""coordinates"":[]}"
20070320,-5.78E-04,2007-03-20,"{""type"":""MultiPoint"",""coordinates"":[]}"
20070321,-5.22E-04,2007-03-21,"{""type"":""MultiPoint"",""coordinates"":[]}"
20070322,-5.23E-04,2007-03-22,"{""type"":""MultiPoint"",""coordinates"":[]}"
20070323,-5.26E-04,2007-03-23,"{""type"":""MultiPoint"",""coordinates"":[]}"
20070324,-5.50E-04,2007-03-24,"{""type"":""MultiPoint"",""coordinates"":[]}"
20070325,-5.18E-04,2007-03-25,"{""type"":""MultiPoint"",""coordinates"":[]}"
20070326,-4.74E-04,2007-03-26,"{""type"":""MultiPoint"",""coordinates"":[]}"
20070327,-5.27E-04,2007-03-27,"{""type"":""MultiPoint"",""coordinates"":[]}"
20070328,-5.24E-04,2007-03-28,"{""type"":""MultiPoint"",""coordinates"":[]}"
20070329,-5.40E-04,2007-03-29,"{""type"":""MultiPoint"",""coordinates"":[]}"
20070330,-5.25E-04,2007-03-30,"{""type"":""MultiPoint"",""coordinates"":[]}"
20070331,-5.21E-04,2007-03-31,"{""type"":""MultiPoint"",""coordinates"":[]}"
20070401,-4.93E-04,2007-04-01,"{""type"":""MultiPoint"",""coordinates"":[]}"
20070402,-5.21E-04,2007-04-02,"{""type"":""MultiPoint"",""coordinates"":[]}"
20070403,-5.10E-04,2007-04-03,"{""type"":""MultiPoint"",""coordinates"":[]}"
20070404,-4.91E-04,2007-04-04,"{""type"":""MultiPoint"",""coordinates"":[]}"
20070405,-4.64E-04,2007-04-05,"{""type"":""MultiPoint"",""coordinates"":[]}"
20070406,-4.89E-04,2007-04-06,"{""type"":""MultiPoint"",""coordinates"":[]}"
20070407,-4.87E-04,2007-04-07,"{""type"":""MultiPoint"",""coordinates"":[]}"
20070408,-4.42E-04,2007-04-08,"{""type"":""MultiPoint"",""coordinates"":[]}"
20070409,-4.67E-04,2007-04-09,"{""type"":""MultiPoint"",""coordinates"":[]}"
20070410,-4.60E-04,2007-04-10,"{""type"":""MultiPoint"",""coordinates"":[]}"
20070411,-3.89E-04,2007-04-11,"{""type"":""MultiPoint"",""coordinates"":[]}"
20070412,-3.53E-04,2007-04-12,"{""type"":""MultiPoint"",""coordinates"":[]}"
20070413,-4.05E-04,2007-04-13,"{""type"":""MultiPoint"",""coordinates"":[]}"
20070414,-3.96E-04,2007-04-14,"{""type"":""MultiPoint"",""coordinates"":[]}"
20070415,-4.22E-04,2007-04-15,"{""type"":""MultiPoint"",""coordinates"":[]}"
20070416,-4.86E-04,2007-04-16,"{""type"":""MultiPoint"",""coordinates"":[]}"
20070417,-3.31E-04,2007-04-17,"{""type"":""MultiPoint"",""coordinates"":[]}"
20070418,-6.30E-04,2007-04-18,"{""type"":""MultiPoint"",""coordinates"":[]}"
20070419,-0.001139274,2007-04-19,"{""type"":""MultiPoint"",""coordinates"":[]}"
20070420,-0.001314288,2007-04-20,"{""type"":""MultiPoint"",""coordinates"":[]}"
20070421,-0.001887923,2007-04-21,"{""type"":""MultiPoint"",""coordinates"":[]}"
20070422,-0.002547823,2007-04-22,"{""type"":""MultiPoint"",""coordinates"":[]}"
20070423,-0.002783256,2007-04-23,"{""type"":""MultiPoint"",""coordinates"":[]}"
20070424,-0.002885908,2007-04-24,"{""type"":""MultiPoint"",""coordinates"":[]}"
20070425,-0.002966571,2007-04-25,"{""type"":""MultiPoint"",""coordinates"":[]}"
20070426,-0.002953899,2007-04-26,"{""type"":""MultiPoint"",""coordinates"":[]}"
20070427,-0.002496819,2007-04-27,"{""type"":""MultiPoint"",""coordinates"":[]}"
20070428,-0.002417084,2007-04-28,"{""type"":""MultiPoint"",""coordinates"":[]}"
20070429,-0.002017389,2007-04-29,"{""type"":""MultiPoint"",""coordinates"":[]}"
20070430,-0.002018727,2007-04-30,"{""type"":""MultiPoint"",""coordinates"":[]}"
20070501,-0.001816413,2007-05-01,"{""type"":""MultiPoint"",""coordinates"":[]}"
20070502,-9.17E-04,2007-05-02,"{""type"":""MultiPoint"",""coordinates"":[]}"
20070503,-0.001114341,2007-05-03,"{""type"":""MultiPoint"",""coordinates"":[]}"
20070504,-0.002304448,2007-05-04,"{""type"":""MultiPoint"",""coordinates"":[]}"
20070505,-0.002167576,2007-05-05,"{""type"":""MultiPoint"",""coordinates"":[]}"
20070506,-0.002424701,2007-05-06,"{""type"":""MultiPoint"",""coordinates"":[]}"
20070507,-0.002639271,2007-05-07,"{""type"":""MultiPoint"",""coordinates"":[]}"
20070508,-0.002540781,2007-05-08,"{""type"":""MultiPoint"",""coordinates"":[]}"
20070509,-0.002984979,2007-05-09,"{""type"":""MultiPoint"",""coordinates"":[]}"
20070510,-0.003257331,2007-05-10,"{""type"":""MultiPoint"",""coordinates"":[]}"
20070511,-0.003060085,2007-05-11,"{""type"":""MultiPoint"",""coordinates"":[]}"
20070512,-0.002337768,2007-05-12,"{""type"":""MultiPoint"",""coordinates"":[]}"
20070513,-0.002811508,2007-05-13,"{""type"":""MultiPoint"",""coordinates"":[]}"
20070514,-0.002592796,2007-05-14,"{""type"":""MultiPoint"",""coordinates"":[]}"
20070515,-0.002317425,2007-05-15,"{""type"":""MultiPoint"",""coordinates"":[]}"
20070516,-0.00260927,2007-05-16,"{""type"":""MultiPoint"",""coordinates"":[]}"
20070517,-0.002272367,2007-05-17,"{""type"":""MultiPoint"",""coordinates"":[]}"
20070518,-0.001926064,2007-05-18,"{""type"":""MultiPoint"",""coordinates"":[]}"
20070519,-0.001821113,2007-05-19,"{""type"":""MultiPoint"",""coordinates"":[]}"
20070520,-0.001714348,2007-05-20,"{""type"":""MultiPoint"",""coordinates"":[]}"
20070521,-0.001599781,2007-05-21,"{""type"":""MultiPoint"",""coordinates"":[]}"
20070522,-0.001580977,2007-05-22,"{""type"":""MultiPoint"",""coordinates"":[]}"
20070523,-0.001551364,2007-05-23,"{""type"":""MultiPoint"",""coordinates"":[]}"
20070524,-0.001096723,2007-05-24,"{""type"":""MultiPoint"",""coordinates"":[]}"
20070525,-0.001005509,2007-05-25,"{""type"":""MultiPoint"",""coordinates"":[]}"
20070526,-0.001525096,2007-05-26,"{""type"":""MultiPoint"",""coordinates"":[]}"
20070527,-0.001703596,2007-05-27,"{""type"":""MultiPoint"",""coordinates"":[]}"
20070528,-0.001268354,2007-05-28,"{""type"":""MultiPoint"",""coordinates"":[]}"
20070529,-0.002033054,2007-05-29,"{""type"":""MultiPoint"",""coordinates"":[]}"
20070530,-0.001821711,2007-05-30,"{""type"":""MultiPoint"",""coordinates"":[]}"
20070531,-0.002570219,2007-05-31,"{""type"":""MultiPoint"",""coordinates"":[]}"
20070601,-0.002609299,2007-06-01,"{""type"":""MultiPoint"",""coordinates"":[]}"
20070602,-0.002526687,2007-06-02,"{""type"":""MultiPoint"",""coordinates"":[]}"
20070603,-0.002250381,2007-06-03,"{""type"":""MultiPoint"",""coordinates"":[]}"
20070604,-0.002138217,2007-06-04,"{""type"":""MultiPoint"",""coordinates"":[]}"
20070605,-0.001826792,2007-06-05,"{""type"":""MultiPoint"",""coordinates"":[]}"
20070606,-0.001881147,2007-06-06,"{""type"":""MultiPoint"",""coordinates"":[]}"
20070607,-0.001221527,2007-06-07,"{""type"":""MultiPoint"",""coordinates"":[]}"
20070608,-0.001928336,2007-06-08,"{""type"":""MultiPoint"",""coordinates"":[]}"
20070609,-0.001953731,2007-06-09,"{""type"":""MultiPoint"",""coordinates"":[]}"
20070610,-0.002007471,2007-06-10,"{""type"":""MultiPoint"",""coordinates"":[]}"
20070611,-0.002361973,2007-06-11,"{""type"":""MultiPoint"",""coordinates"":[]}"
20070612,-0.002305575,2007-06-12,"{""type"":""MultiPoint"",""coordinates"":[]}"
20070613,-0.001885232,2007-06-13,"{""type"":""MultiPoint"",""coordinates"":[]}"
20070614,-0.002011482,2007-06-14,"{""type"":""MultiPoint"",""coordinates"":[]}"
20070615,-0.001946095,2007-06-15,"{""type"":""MultiPoint"",""coordinates"":[]}"
20070616,-0.001566741,2007-06-16,"{""type"":""MultiPoint"",""coordinates"":[]}"
20070617,-0.001355432,2007-06-17,"{""type"":""MultiPoint"",""coordinates"":[]}"
20070618,-0.001736926,2007-06-18,"{""type"":""MultiPoint"",""coordinates"":[]}"
20070619,-0.001799943,2007-06-19,"{""type"":""MultiPoint"",""coordinates"":[]}"
20070620,-0.001160106,2007-06-20,"{""type"":""MultiPoint"",""coordinates"":[]}"
20070621,-7.32E-05,2007-06-21,"{""type"":""MultiPoint"",""coordinates"":[]}"
20070622,-9.85E-06,2007-06-22,"{""type"":""MultiPoint"",""coordinates"":[]}"
20070623,-5.96E-06,2007-06-23,"{""type"":""MultiPoint"",""coordinates"":[]}"
20070624,-0.00160748,2007-06-24,"{""type"":""MultiPoint"",""coordinates"":[]}"
20070625,-0.001501515,2007-06-25,"{""type"":""MultiPoint"",""coordinates"":[]}"
20070626,-0.001530741,2007-06-26,"{""type"":""MultiPoint"",""coordinates"":[]}"
20070627,-6.19E-04,2007-06-27,"{""type"":""MultiPoint"",""coordinates"":[]}"
20070628,-0.001001684,2007-06-28,"{""type"":""MultiPoint"",""coordinates"":[]}"
20070629,-9.76E-04,2007-06-29,"{""type"":""MultiPoint"",""coordinates"":[]}"
20070630,-0.001427964,2007-06-30,"{""type"":""MultiPoint"",""coordinates"":[]}"
20070701,-0.001421742,2007-07-01,"{""type"":""MultiPoint"",""coordinates"":[]}"
20070702,-0.00130261,2007-07-02,"{""type"":""MultiPoint"",""coordinates"":[]}"
20070703,-0.001985814,2007-07-03,"{""type"":""MultiPoint"",""coordinates"":[]}"
20070704,-0.001711088,2007-07-04,"{""type"":""MultiPoint"",""coordinates"":[]}"
20070705,-0.002075887,2007-07-05,"{""type"":""MultiPoint"",""coordinates"":[]}"
20070706,-0.001808976,2007-07-06,"{""type"":""MultiPoint"",""coordinates"":[]}"
20070707,-0.001976272,2007-07-07,"{""type"":""MultiPoint"",""coordinates"":[]}"
20070708,-0.001951573,2007-07-08,"{""type"":""MultiPoint"",""coordinates"":[]}"
20070709,-0.00187434,2007-07-09,"{""type"":""MultiPoint"",""coordinates"":[]}"
20070710,-0.001604964,2007-07-10,"{""type"":""MultiPoint"",""coordinates"":[]}"
20070711,-0.00154075,2007-07-11,"{""type"":""MultiPoint"",""coordinates"":[]}"
20070712,-0.001745472,2007-07-12,"{""type"":""MultiPoint"",""coordinates"":[]}"
20070713,-0.001176217,2007-07-13,"{""type"":""MultiPoint"",""coordinates"":[]}"
20070714,-0.001740913,2007-07-14,"{""type"":""MultiPoint"",""coordinates"":[]}"
20070715,-0.001167214,2007-07-15,"{""type"":""MultiPoint"",""coordinates"":[]}"
20070716,-8.80E-04,2007-07-16,"{""type"":""MultiPoint"",""coordinates"":[]}"
20070717,-7.73E-04,2007-07-17,"{""type"":""MultiPoint"",""coordinates"":[]}"
20070718,-0.002080952,2007-07-18,"{""type"":""MultiPoint"",""coordinates"":[]}"
20070719,-0.002155209,2007-07-19,"{""type"":""MultiPoint"",""coordinates"":[]}"
20070720,-0.002305742,2007-07-20,"{""type"":""MultiPoint"",""coordinates"":[]}"
20070721,-0.001825054,2007-07-21,"{""type"":""MultiPoint"",""coordinates"":[]}"
20070722,-0.001087913,2007-07-22,"{""type"":""MultiPoint"",""coordinates"":[]}"
20070723,-0.001066219,2007-07-23,"{""type"":""MultiPoint"",""coordinates"":[]}"
20070724,-0.001288994,2007-07-24,"{""type"":""MultiPoint"",""coordinates"":[]}"
20070725,-0.00130901,2007-07-25,"{""type"":""MultiPoint"",""coordinates"":[]}"
20070726,-0.001927597,2007-07-26,"{""type"":""MultiPoint"",""coordinates"":[]}"
20070727,-0.001686183,2007-07-27,"{""type"":""MultiPoint"",""coordinates"":[]}"
20070728,-0.001644179,2007-07-28,"{""type"":""MultiPoint"",""coordinates"":[]}"
20070729,-6.96E-04,2007-07-29,"{""type"":""MultiPoint"",""coordinates"":[]}"
20070730,-8.47E-04,2007-07-30,"{""type"":""MultiPoint"",""coordinates"":[]}"
20070731,-7.25E-04,2007-07-31,"{""type"":""MultiPoint"",""coordinates"":[]}"
20070801,-8.67E-04,2007-08-01,"{""type"":""MultiPoint"",""coordinates"":[]}"
20070802,-3.49E-04,2007-08-02,"{""type"":""MultiPoint"",""coordinates"":[]}"
20070803,-0.001452459,2007-08-03,"{""type"":""MultiPoint"",""coordinates"":[]}"
20070804,-0.001411801,2007-08-04,"{""type"":""MultiPoint"",""coordinates"":[]}"
20070805,-6.76E-04,2007-08-05,"{""type"":""MultiPoint"",""coordinates"":[]}"
20070806,-3.94E-04,2007-08-06,"{""type"":""MultiPoint"",""coordinates"":[]}"
20070807,-0.001179948,2007-08-07,"{""type"":""MultiPoint"",""coordinates"":[]}"
20070808,-0.002142654,2007-08-08,"{""type"":""MultiPoint"",""coordinates"":[]}"
20070809,-0.002020817,2007-08-09,"{""type"":""MultiPoint"",""coordinates"":[]}"
20070810,-0.001314648,2007-08-10,"{""type"":""MultiPoint"",""coordinates"":[]}"
20070811,-0.002063817,2007-08-11,"{""type"":""MultiPoint"",""coordinates"":[]}"
20070812,-0.00193695,2007-08-12,"{""type"":""MultiPoint"",""coordinates"":[]}"
20070813,-0.00246803,2007-08-13,"{""type"":""MultiPoint"",""coordinates"":[]}"
20070814,-0.003425729,2007-08-14,"{""type"":""MultiPoint"",""coordinates"":[]}"
20070815,-0.003197202,2007-08-15,"{""type"":""MultiPoint"",""coordinates"":[]}"
20070816,-0.002994537,2007-08-16,"{""type"":""MultiPoint"",""coordinates"":[]}"
20070817,-0.002660577,2007-08-17,"{""type"":""MultiPoint"",""coordinates"":[]}"
20070818,-0.002295238,2007-08-18,"{""type"":""MultiPoint"",""coordinates"":[]}"
20070819,-0.003005497,2007-08-19,"{""type"":""MultiPoint"",""coordinates"":[]}"
20070820,-0.00178327,2007-08-20,"{""type"":""MultiPoint"",""coordinates"":[]}"
20070821,-0.001105769,2007-08-21,"{""type"":""MultiPoint"",""coordinates"":[]}"
20070822,-0.00144688,2007-08-22,"{""type"":""MultiPoint"",""coordinates"":[]}"
20070823,-0.001620967,2007-08-23,"{""type"":""MultiPoint"",""coordinates"":[]}"
20070824,-0.001736175,2007-08-24,"{""type"":""MultiPoint"",""coordinates"":[]}"
20070825,-8.54E-04,2007-08-25,"{""type"":""MultiPoint"",""coordinates"":[]}"
20070826,-0.002190739,2007-08-26,"{""type"":""MultiPoint"",""coordinates"":[]}"
20070827,-0.00199904,2007-08-27,"{""type"":""MultiPoint"",""coordinates"":[]}"
20070828,-0.002250459,2007-08-28,"{""type"":""MultiPoint"",""coordinates"":[]}"
20070829,-0.001939211,2007-08-29,"{""type"":""MultiPoint"",""coordinates"":[]}"
20070830,-5.10E-04,2007-08-30,"{""type"":""MultiPoint"",""coordinates"":[]}"
20070831,-0.00111198,2007-08-31,"{""type"":""MultiPoint"",""coordinates"":[]}"
20070901,-0.001703251,2007-09-01,"{""type"":""MultiPoint"",""coordinates"":[]}"
20070902,-0.00120934,2007-09-02,"{""type"":""MultiPoint"",""coordinates"":[]}"
20070903,-0.002458152,2007-09-03,"{""type"":""MultiPoint"",""coordinates"":[]}"
20070904,-0.001955015,2007-09-04,"{""type"":""MultiPoint"",""coordinates"":[]}"
20070905,-0.001816206,2007-09-05,"{""type"":""MultiPoint"",""coordinates"":[]}"
20070906,-0.001918057,2007-09-06,"{""type"":""MultiPoint"",""coordinates"":[]}"
20070907,-0.002247407,2007-09-07,"{""type"":""MultiPoint"",""coordinates"":[]}"
20070908,-0.00268713,2007-09-08,"{""type"":""MultiPoint"",""coordinates"":[]}"
20070909,-0.002279547,2007-09-09,"{""type"":""MultiPoint"",""coordinates"":[]}"
20070910,-0.002683989,2007-09-10,"{""type"":""MultiPoint"",""coordinates"":[]}"
20070911,-0.002347234,2007-09-11,"{""type"":""MultiPoint"",""coordinates"":[]}"
20070912,-0.002653903,2007-09-12,"{""type"":""MultiPoint"",""coordinates"":[]}"
20070913,-0.002539916,2007-09-13,"{""type"":""MultiPoint"",""coordinates"":[]}"
20070914,-9.51E-04,2007-09-14,"{""type"":""MultiPoint"",""coordinates"":[]}"
20070915,-0.001782882,2007-09-15,"{""type"":""MultiPoint"",""coordinates"":[]}"
20070916,-0.001600949,2007-09-16,"{""type"":""MultiPoint"",""coordinates"":[]}"
20070917,-0.001099191,2007-09-17,"{""type"":""MultiPoint"",""coordinates"":[]}"
20070918,-1.28E-04,2007-09-18,"{""type"":""MultiPoint"",""coordinates"":[]}"
20070919,-0.002439303,2007-09-19,"{""type"":""MultiPoint"",""coordinates"":[]}"
20070920,-0.002773509,2007-09-20,"{""type"":""MultiPoint"",""coordinates"":[]}"
20070921,-0.003279489,2007-09-21,"{""type"":""MultiPoint"",""coordinates"":[]}"
20070922,-0.002450177,2007-09-22,"{""type"":""MultiPoint"",""coordinates"":[]}"
20070923,-0.002668375,2007-09-23,"{""type"":""MultiPoint"",""coordinates"":[]}"
20070924,-0.001716074,2007-09-24,"{""type"":""MultiPoint"",""coordinates"":[]}"
20070925,-0.00154274,2007-09-25,"{""type"":""MultiPoint"",""coordinates"":[]}"
20070926,-0.002126808,2007-09-26,"{""type"":""MultiPoint"",""coordinates"":[]}"
20070927,-0.003013685,2007-09-27,"{""type"":""MultiPoint"",""coordinates"":[]}"
20070928,-0.002860883,2007-09-28,"{""type"":""MultiPoint"",""coordinates"":[]}"
20070929,-0.00215624,2007-09-29,"{""type"":""MultiPoint"",""coordinates"":[]}"
20070930,-0.001817499,2007-09-30,"{""type"":""MultiPoint"",""coordinates"":[]}"
20071001,-0.001333166,2007-10-01,"{""type"":""MultiPoint"",""coordinates"":[]}"
20071002,-0.002180467,2007-10-02,"{""type"":""MultiPoint"",""coordinates"":[]}"
20071003,-0.003196068,2007-10-03,"{""type"":""MultiPoint"",""coordinates"":[]}"
20071004,-0.002554374,2007-10-04,"{""type"":""MultiPoint"",""coordinates"":[]}"
20071005,-0.002790968,2007-10-05,"{""type"":""MultiPoint"",""coordinates"":[]}"
20071006,-0.002898891,2007-10-06,"{""type"":""MultiPoint"",""coordinates"":[]}"
20071007,-0.002742381,2007-10-07,"{""type"":""MultiPoint"",""coordinates"":[]}"
20071008,-0.002633526,2007-10-08,"{""type"":""MultiPoint"",""coordinates"":[]}"
20071009,-0.002898745,2007-10-09,"{""type"":""MultiPoint"",""coordinates"":[]}"
20071010,-0.003145167,2007-10-10,"{""type"":""MultiPoint"",""coordinates"":[]}"
20071011,-0.003361337,2007-10-11,"{""type"":""MultiPoint"",""coordinates"":[]}"
20071012,-0.003684655,2007-10-12,"{""type"":""MultiPoint"",""coordinates"":[]}"
20071013,-0.003723292,2007-10-13,"{""type"":""MultiPoint"",""coordinates"":[]}"
20071014,-0.003436851,2007-10-14,"{""type"":""MultiPoint"",""coordinates"":[]}"
20071015,-0.003369083,2007-10-15,"{""type"":""MultiPoint"",""coordinates"":[]}"
20071016,-0.002531407,2007-10-16,"{""type"":""MultiPoint"",""coordinates"":[]}"
20071017,-0.002263324,2007-10-17,"{""type"":""MultiPoint"",""coordinates"":[]}"
20071018,-0.001982582,2007-10-18,"{""type"":""MultiPoint"",""coordinates"":[]}"
20071019,-0.001508842,2007-10-19,"{""type"":""MultiPoint"",""coordinates"":[]}"
20071020,-0.001473397,2007-10-20,"{""type"":""MultiPoint"",""coordinates"":[]}"
20071021,-0.001567676,2007-10-21,"{""type"":""MultiPoint"",""coordinates"":[]}"
20071022,-4.16E-04,2007-10-22,"{""type"":""MultiPoint"",""coordinates"":[]}"
20071023,-3.90E-04,2007-10-23,"{""type"":""MultiPoint"",""coordinates"":[]}"
20071024,-0.001237325,2007-10-24,"{""type"":""MultiPoint"",""coordinates"":[]}"
20071025,-0.00182308,2007-10-25,"{""type"":""MultiPoint"",""coordinates"":[]}"
20071026,-4.83E-04,2007-10-26,"{""type"":""MultiPoint"",""coordinates"":[]}"
20071027,-9.10E-04,2007-10-27,"{""type"":""MultiPoint"",""coordinates"":[]}"
20071028,-6.60E-05,2007-10-28,"{""type"":""MultiPoint"",""coordinates"":[]}"
20071029,-5.72E-04,2007-10-29,"{""type"":""MultiPoint"",""coordinates"":[]}"
20071030,-0.002143293,2007-10-30,"{""type"":""MultiPoint"",""coordinates"":[]}"
20071031,-0.002299965,2007-10-31,"{""type"":""MultiPoint"",""coordinates"":[]}"
20071101,-0.001818577,2007-11-01,"{""type"":""MultiPoint"",""coordinates"":[]}"
20071102,-0.001411827,2007-11-02,"{""type"":""MultiPoint"",""coordinates"":[]}"
20071103,-0.002102467,2007-11-03,"{""type"":""MultiPoint"",""coordinates"":[]}"
20071104,-4.51E-04,2007-11-04,"{""type"":""MultiPoint"",""coordinates"":[]}"
20071105,-0.001429925,2007-11-05,"{""type"":""MultiPoint"",""coordinates"":[]}"
20071106,-0.001900244,2007-11-06,"{""type"":""MultiPoint"",""coordinates"":[]}"
20071107,-0.002531438,2007-11-07,"{""type"":""MultiPoint"",""coordinates"":[]}"
20071108,-0.002998046,2007-11-08,"{""type"":""MultiPoint"",""coordinates"":[]}"
20071109,-0.003279213,2007-11-09,"{""type"":""MultiPoint"",""coordinates"":[]}"
20071110,-0.003567665,2007-11-10,"{""type"":""MultiPoint"",""coordinates"":[]}"
20071111,-0.003649551,2007-11-11,"{""type"":""MultiPoint"",""coordinates"":[]}"
20071112,-0.003434101,2007-11-12,"{""type"":""MultiPoint"",""coordinates"":[]}"
20071113,-0.00358847,2007-11-13,"{""type"":""MultiPoint"",""coordinates"":[]}"
20071114,-0.003625832,2007-11-14,"{""type"":""MultiPoint"",""coordinates"":[]}"
20071115,-0.003581142,2007-11-15,"{""type"":""MultiPoint"",""coordinates"":[]}"
20071116,-0.003520017,2007-11-16,"{""type"":""MultiPoint"",""coordinates"":[]}"
20071117,-0.003354205,2007-11-17,"{""type"":""MultiPoint"",""coordinates"":[]}"
20071118,-0.003171423,2007-11-18,"{""type"":""MultiPoint"",""coordinates"":[]}"
20071119,-0.001402685,2007-11-19,"{""type"":""MultiPoint"",""coordinates"":[]}"
20071120,-4.52E-04,2007-11-20,"{""type"":""MultiPoint"",""coordinates"":[]}"
20071121,-0.002045829,2007-11-21,"{""type"":""MultiPoint"",""coordinates"":[]}"
20071122,-0.002367825,2007-11-22,"{""type"":""MultiPoint"",""coordinates"":[]}"
20071123,-0.003171368,2007-11-23,"{""type"":""MultiPoint"",""coordinates"":[]}"
20071124,-0.003321034,2007-11-24,"{""type"":""MultiPoint"",""coordinates"":[]}"
20071125,-0.003116674,2007-11-25,"{""type"":""MultiPoint"",""coordinates"":[]}"
20071126,-0.001686315,2007-11-26,"{""type"":""MultiPoint"",""coordinates"":[]}"
20071127,-0.002410643,2007-11-27,"{""type"":""MultiPoint"",""coordinates"":[]}"
20071128,-0.001761988,2007-11-28,"{""type"":""MultiPoint"",""coordinates"":[]}"
20071129,-0.002030879,2007-11-29,"{""type"":""MultiPoint"",""coordinates"":[]}"
20071130,-0.002826357,2007-11-30,"{""type"":""MultiPoint"",""coordinates"":[]}"
20071201,-0.002672156,2007-12-01,"{""type"":""MultiPoint"",""coordinates"":[]}"
20071202,-0.001890119,2007-12-02,"{""type"":""MultiPoint"",""coordinates"":[]}"
20071203,-0.001642708,2007-12-03,"{""type"":""MultiPoint"",""coordinates"":[]}"
20071204,-0.001993355,2007-12-04,"{""type"":""MultiPoint"",""coordinates"":[]}"
20071205,-0.001224737,2007-12-05,"{""type"":""MultiPoint"",""coordinates"":[]}"
20071206,-9.69E-04,2007-12-06,"{""type"":""MultiPoint"",""coordinates"":[]}"
20071207,-0.001126229,2007-12-07,"{""type"":""MultiPoint"",""coordinates"":[]}"
20071208,-0.002234768,2007-12-08,"{""type"":""MultiPoint"",""coordinates"":[]}"
20071209,-0.001840797,2007-12-09,"{""type"":""MultiPoint"",""coordinates"":[]}"
20071210,-0.002021672,2007-12-10,"{""type"":""MultiPoint"",""coordinates"":[]}"
20071211,-0.002312607,2007-12-11,"{""type"":""MultiPoint"",""coordinates"":[]}"
20071212,-0.001952163,2007-12-12,"{""type"":""MultiPoint"",""coordinates"":[]}"
20071213,-0.001479353,2007-12-13,"{""type"":""MultiPoint"",""coordinates"":[]}"
20071214,-7.30E-04,2007-12-14,"{""type"":""MultiPoint"",""coordinates"":[]}"
20071215,-0.001251612,2007-12-15,"{""type"":""MultiPoint"",""coordinates"":[]}"
20071216,-0.001794418,2007-12-16,"{""type"":""MultiPoint"",""coordinates"":[]}"
20071217,-0.001858323,2007-12-17,"{""type"":""MultiPoint"",""coordinates"":[]}"
20071218,-2.05E-04,2007-12-18,"{""type"":""MultiPoint"",""coordinates"":[]}"
20071219,-1.12E-07,2007-12-19,"{""type"":""MultiPoint"",""coordinates"":[]}"
20071220,-7.60E-04,2007-12-20,"{""type"":""MultiPoint"",""coordinates"":[]}"
20071221,-0.0018872,2007-12-21,"{""type"":""MultiPoint"",""coordinates"":[]}"
20071222,-0.002942708,2007-12-22,"{""type"":""MultiPoint"",""coordinates"":[]}"
20071223,-0.002891673,2007-12-23,"{""type"":""MultiPoint"",""coordinates"":[]}"
20071224,-0.003041755,2007-12-24,"{""type"":""MultiPoint"",""coordinates"":[]}"
20071225,-0.002959332,2007-12-25,"{""type"":""MultiPoint"",""coordinates"":[]}"
20071226,-0.002736962,2007-12-26,"{""type"":""MultiPoint"",""coordinates"":[]}"
20071227,-0.002617345,2007-12-27,"{""type"":""MultiPoint"",""coordinates"":[]}"
20071228,-0.002483516,2007-12-28,"{""type"":""MultiPoint"",""coordinates"":[]}"
20071229,-0.002469547,2007-12-29,"{""type"":""MultiPoint"",""coordinates"":[]}"
20071230,-0.002418315,2007-12-30,"{""type"":""MultiPoint"",""coordinates"":[]}"
20071231,-0.002092398,2007-12-31,"{""type"":""MultiPoint"",""coordinates"":[]}"
20080101,-0.002372356,2008-01-01,"{""type"":""MultiPoint"",""coordinates"":[]}"
20080102,-0.002320434,2008-01-02,"{""type"":""MultiPoint"",""coordinates"":[]}"
20080103,-0.002348323,2008-01-03,"{""type"":""MultiPoint"",""coordinates"":[]}"
20080104,-0.0013722,2008-01-04,"{""type"":""MultiPoint"",""coordinates"":[]}"
20080105,-7.87E-04,2008-01-05,"{""type"":""MultiPoint"",""coordinates"":[]}"
20080106,-0.002049892,2008-01-06,"{""type"":""MultiPoint"",""coordinates"":[]}"
20080107,-0.001913292,2008-01-07,"{""type"":""MultiPoint"",""coordinates"":[]}"
20080108,-0.00208178,2008-01-08,"{""type"":""MultiPoint"",""coordinates"":[]}"
20080109,-0.002215065,2008-01-09,"{""type"":""MultiPoint"",""coordinates"":[]}"
20080110,-0.002161418,2008-01-10,"{""type"":""MultiPoint"",""coordinates"":[]}"
20080111,-0.002168033,2008-01-11,"{""type"":""MultiPoint"",""coordinates"":[]}"
20080112,-0.002073997,2008-01-12,"{""type"":""MultiPoint"",""coordinates"":[]}"
20080113,-0.002042444,2008-01-13,"{""type"":""MultiPoint"",""coordinates"":[]}"
20080114,-0.001954062,2008-01-14,"{""type"":""MultiPoint"",""coordinates"":[]}"
20080115,-0.001883297,2008-01-15,"{""type"":""MultiPoint"",""coordinates"":[]}"
20080116,-0.001861521,2008-01-16,"{""type"":""MultiPoint"",""coordinates"":[]}"
20080117,-0.001824577,2008-01-17,"{""type"":""MultiPoint"",""coordinates"":[]}"
20080118,-0.001859786,2008-01-18,"{""type"":""MultiPoint"",""coordinates"":[]}"
20080119,-0.001802501,2008-01-19,"{""type"":""MultiPoint"",""coordinates"":[]}"
20080120,-0.001767148,2008-01-20,"{""type"":""MultiPoint"",""coordinates"":[]}"
20080121,-0.0017,2008-01-21,"{""type"":""MultiPoint"",""coordinates"":[]}"
20080122,-0.001599196,2008-01-22,"{""type"":""MultiPoint"",""coordinates"":[]}"
20080123,-0.001604896,2008-01-23,"{""type"":""MultiPoint"",""coordinates"":[]}"
20080124,-0.001590411,2008-01-24,"{""type"":""MultiPoint"",""coordinates"":[]}"
20080125,-0.001260468,2008-01-25,"{""type"":""MultiPoint"",""coordinates"":[]}"
20080126,-0.00145585,2008-01-26,"{""type"":""MultiPoint"",""coordinates"":[]}"
20080127,-0.001337057,2008-01-27,"{""type"":""MultiPoint"",""coordinates"":[]}"
20080128,-8.87E-04,2008-01-28,"{""type"":""MultiPoint"",""coordinates"":[]}"
20080129,-0.001225743,2008-01-29,"{""type"":""MultiPoint"",""coordinates"":[]}"
20080130,-0.001348289,2008-01-30,"{""type"":""MultiPoint"",""coordinates"":[]}"
20080131,-0.001518189,2008-01-31,"{""type"":""MultiPoint"",""coordinates"":[]}"
20080201,-0.001088995,2008-02-01,"{""type"":""MultiPoint"",""coordinates"":[]}"
20080202,-0.001092404,2008-02-02,"{""type"":""MultiPoint"",""coordinates"":[]}"
20080203,-6.75E-04,2008-02-03,"{""type"":""MultiPoint"",""coordinates"":[]}"
20080204,-5.87E-04,2008-02-04,"{""type"":""MultiPoint"",""coordinates"":[]}"
20080205,-9.79E-04,2008-02-05,"{""type"":""MultiPoint"",""coordinates"":[]}"
20080206,-0.001228495,2008-02-06,"{""type"":""MultiPoint"",""coordinates"":[]}"
20080207,-8.98E-04,2008-02-07,"{""type"":""MultiPoint"",""coordinates"":[]}"
20080208,-7.25E-04,2008-02-08,"{""type"":""MultiPoint"",""coordinates"":[]}"
20080209,-4.03E-04,2008-02-09,"{""type"":""MultiPoint"",""coordinates"":[]}"
20080210,-8.11E-04,2008-02-10,"{""type"":""MultiPoint"",""coordinates"":[]}"
20080211,-0.001223929,2008-02-11,"{""type"":""MultiPoint"",""coordinates"":[]}"
20080212,-0.001699299,2008-02-12,"{""type"":""MultiPoint"",""coordinates"":[]}"
20080213,-0.001993483,2008-02-13,"{""type"":""MultiPoint"",""coordinates"":[]}"
20080214,-0.001720343,2008-02-14,"{""type"":""MultiPoint"",""coordinates"":[]}"
20080215,-0.001296627,2008-02-15,"{""type"":""MultiPoint"",""coordinates"":[]}"
20080216,-0.002243967,2008-02-16,"{""type"":""MultiPoint"",""coordinates"":[]}"
20080217,-0.002408377,2008-02-17,"{""type"":""MultiPoint"",""coordinates"":[]}"
20080218,-0.002392255,2008-02-18,"{""type"":""MultiPoint"",""coordinates"":[]}"
20080219,-0.002245916,2008-02-19,"{""type"":""MultiPoint"",""coordinates"":[]}"
20080220,-0.002063904,2008-02-20,"{""type"":""MultiPoint"",""coordinates"":[]}"
20080221,-0.002009736,2008-02-21,"{""type"":""MultiPoint"",""coordinates"":[]}"
20080222,-0.00187512,2008-02-22,"{""type"":""MultiPoint"",""coordinates"":[]}"
20080223,-0.001811249,2008-02-23,"{""type"":""MultiPoint"",""coordinates"":[]}"
20080224,-0.001883164,2008-02-24,"{""type"":""MultiPoint"",""coordinates"":[]}"
20080225,-0.001785073,2008-02-25,"{""type"":""MultiPoint"",""coordinates"":[]}"
20080226,-0.001619131,2008-02-26,"{""type"":""MultiPoint"",""coordinates"":[]}"
20080227,-0.001633169,2008-02-27,"{""type"":""MultiPoint"",""coordinates"":[]}"
20080228,-0.001500625,2008-02-28,"{""type"":""MultiPoint"",""coordinates"":[]}"
20080229,-0.001565424,2008-02-29,"{""type"":""MultiPoint"",""coordinates"":[]}"
20080301,-0.001556747,2008-03-01,"{""type"":""MultiPoint"",""coordinates"":[]}"
20080302,-0.001526587,2008-03-02,"{""type"":""MultiPoint"",""coordinates"":[]}"
20080303,-0.001505904,2008-03-03,"{""type"":""MultiPoint"",""coordinates"":[]}"
20080304,-0.001431932,2008-03-04,"{""type"":""MultiPoint"",""coordinates"":[]}"
20080305,-0.001374889,2008-03-05,"{""type"":""MultiPoint"",""coordinates"":[]}"
20080306,-0.001304796,2008-03-06,"{""type"":""MultiPoint"",""coordinates"":[]}"
20080307,-0.001217855,2008-03-07,"{""type"":""MultiPoint"",""coordinates"":[]}"
20080308,-0.001183188,2008-03-08,"{""type"":""MultiPoint"",""coordinates"":[]}"
20080309,-0.001193085,2008-03-09,"{""type"":""MultiPoint"",""coordinates"":[]}"
20080310,-0.0011511,2008-03-10,"{""type"":""MultiPoint"",""coordinates"":[]}"
20080311,-0.001027084,2008-03-11,"{""type"":""MultiPoint"",""coordinates"":[]}"
20080312,-4.45E-04,2008-03-12,"{""type"":""MultiPoint"",""coordinates"":[]}"
20080313,-4.82E-04,2008-03-13,"{""type"":""MultiPoint"",""coordinates"":[]}"
20080314,-1.00E-04,2008-03-14,"{""type"":""MultiPoint"",""coordinates"":[]}"
20080315,-0.001895648,2008-03-15,"{""type"":""MultiPoint"",""coordinates"":[]}"
20080316,-0.002059363,2008-03-16,"{""type"":""MultiPoint"",""coordinates"":[]}"
20080317,-0.002130838,2008-03-17,"{""type"":""MultiPoint"",""coordinates"":[]}"
20080318,-0.002666726,2008-03-18,"{""type"":""MultiPoint"",""coordinates"":[]}"
20080319,-0.002632107,2008-03-19,"{""type"":""MultiPoint"",""coordinates"":[]}"
20080320,-0.001259392,2008-03-20,"{""type"":""MultiPoint"",""coordinates"":[]}"
20080321,-1.80E-04,2008-03-21,"{""type"":""MultiPoint"",""coordinates"":[]}"
20080322,-8.30E-04,2008-03-22,"{""type"":""MultiPoint"",""coordinates"":[]}"
20080323,-8.01E-04,2008-03-23,"{""type"":""MultiPoint"",""coordinates"":[]}"
20080324,-0.001966482,2008-03-24,"{""type"":""MultiPoint"",""coordinates"":[]}"
20080325,-0.002517591,2008-03-25,"{""type"":""MultiPoint"",""coordinates"":[]}"
20080326,-0.001786417,2008-03-26,"{""type"":""MultiPoint"",""coordinates"":[]}"
20080327,-0.002827761,2008-03-27,"{""type"":""MultiPoint"",""coordinates"":[]}"
20080328,-0.001901073,2008-03-28,"{""type"":""MultiPoint"",""coordinates"":[]}"
20080329,-0.002476093,2008-03-29,"{""type"":""MultiPoint"",""coordinates"":[]}"
20080330,-0.002470534,2008-03-30,"{""type"":""MultiPoint"",""coordinates"":[]}"
20080331,-0.002324679,2008-03-31,"{""type"":""MultiPoint"",""coordinates"":[]}"
20080401,-0.001961133,2008-04-01,"{""type"":""MultiPoint"",""coordinates"":[]}"
20080402,-0.002703099,2008-04-02,"{""type"":""MultiPoint"",""coordinates"":[]}"
20080403,-0.0026844,2008-04-03,"{""type"":""MultiPoint"",""coordinates"":[]}"
20080404,-0.00251128,2008-04-04,"{""type"":""MultiPoint"",""coordinates"":[]}"
20080405,-0.002956708,2008-04-05,"{""type"":""MultiPoint"",""coordinates"":[]}"
20080406,-0.00369741,2008-04-06,"{""type"":""MultiPoint"",""coordinates"":[]}"
20080407,-0.003762921,2008-04-07,"{""type"":""MultiPoint"",""coordinates"":[]}"
20080408,-0.004160804,2008-04-08,"{""type"":""MultiPoint"",""coordinates"":[]}"
20080409,-0.004041011,2008-04-09,"{""type"":""MultiPoint"",""coordinates"":[]}"
20080410,-0.003868664,2008-04-10,"{""type"":""MultiPoint"",""coordinates"":[]}"
20080411,-0.003960887,2008-04-11,"{""type"":""MultiPoint"",""coordinates"":[]}"
20080412,-0.003831382,2008-04-12,"{""type"":""MultiPoint"",""coordinates"":[]}"
20080413,-0.003842427,2008-04-13,"{""type"":""MultiPoint"",""coordinates"":[]}"
20080414,-0.003607613,2008-04-14,"{""type"":""MultiPoint"",""coordinates"":[]}"
20080415,-0.003333447,2008-04-15,"{""type"":""MultiPoint"",""coordinates"":[]}"
20080416,-0.002881626,2008-04-16,"{""type"":""MultiPoint"",""coordinates"":[]}"
20080417,-0.00307263,2008-04-17,"{""type"":""MultiPoint"",""coordinates"":[]}"
20080418,-0.002909762,2008-04-18,"{""type"":""MultiPoint"",""coordinates"":[]}"
20080419,-0.002647189,2008-04-19,"{""type"":""MultiPoint"",""coordinates"":[]}"
20080420,-0.002793283,2008-04-20,"{""type"":""MultiPoint"",""coordinates"":[]}"
20080421,-0.002996349,2008-04-21,"{""type"":""MultiPoint"",""coordinates"":[]}"
20080422,-0.002602999,2008-04-22,"{""type"":""MultiPoint"",""coordinates"":[]}"
20080423,-0.002244026,2008-04-23,"{""type"":""MultiPoint"",""coordinates"":[]}"
20080424,-0.002240646,2008-04-24,"{""type"":""MultiPoint"",""coordinates"":[]}"
20080425,-0.002380857,2008-04-25,"{""type"":""MultiPoint"",""coordinates"":[]}"
20080426,-0.002087643,2008-04-26,"{""type"":""MultiPoint"",""coordinates"":[]}"
20080427,-0.001896627,2008-04-27,"{""type"":""MultiPoint"",""coordinates"":[]}"
20080428,-0.001445401,2008-04-28,"{""type"":""MultiPoint"",""coordinates"":[]}"
20080429,-0.002219872,2008-04-29,"{""type"":""MultiPoint"",""coordinates"":[]}"
20080430,-0.00267562,2008-04-30,"{""type"":""MultiPoint"",""coordinates"":[]}"
20080501,-0.002359267,2008-05-01,"{""type"":""MultiPoint"",""coordinates"":[]}"
20080502,-0.002294898,2008-05-02,"{""type"":""MultiPoint"",""coordinates"":[]}"
20080503,-0.002196976,2008-05-03,"{""type"":""MultiPoint"",""coordinates"":[]}"
20080504,-0.002303425,2008-05-04,"{""type"":""MultiPoint"",""coordinates"":[]}"
20080505,-0.001805353,2008-05-05,"{""type"":""MultiPoint"",""coordinates"":[]}"
20080506,-0.001590798,2008-05-06,"{""type"":""MultiPoint"",""coordinates"":[]}"
20080507,-0.0013666,2008-05-07,"{""type"":""MultiPoint"",""coordinates"":[]}"
20080508,-0.001444957,2008-05-08,"{""type"":""MultiPoint"",""coordinates"":[]}"
20080509,-0.001699924,2008-05-09,"{""type"":""MultiPoint"",""coordinates"":[]}"
20080510,-0.001721421,2008-05-10,"{""type"":""MultiPoint"",""coordinates"":[]}"
20080511,-0.001584137,2008-05-11,"{""type"":""MultiPoint"",""coordinates"":[]}"
20080512,-0.001900381,2008-05-12,"{""type"":""MultiPoint"",""coordinates"":[]}"
20080513,-0.001917812,2008-05-13,"{""type"":""MultiPoint"",""coordinates"":[]}"
20080514,-0.001644602,2008-05-14,"{""type"":""MultiPoint"",""coordinates"":[]}"
20080515,-0.001446911,2008-05-15,"{""type"":""MultiPoint"",""coordinates"":[]}"
20080516,-0.001458487,2008-05-16,"{""type"":""MultiPoint"",""coordinates"":[]}"
20080517,-0.001240384,2008-05-17,"{""type"":""MultiPoint"",""coordinates"":[]}"
20080518,-0.001212103,2008-05-18,"{""type"":""MultiPoint"",""coordinates"":[]}"
20080519,-0.001286445,2008-05-19,"{""type"":""MultiPoint"",""coordinates"":[]}"
20080520,-0.001027411,2008-05-20,"{""type"":""MultiPoint"",""coordinates"":[]}"
20080521,-0.001075009,2008-05-21,"{""type"":""MultiPoint"",""coordinates"":[]}"
20080522,-0.001722534,2008-05-22,"{""type"":""MultiPoint"",""coordinates"":[]}"
20080523,-0.00237205,2008-05-23,"{""type"":""MultiPoint"",""coordinates"":[]}"
20080524,-0.002714811,2008-05-24,"{""type"":""MultiPoint"",""coordinates"":[]}"
20080525,-0.002688169,2008-05-25,"{""type"":""MultiPoint"",""coordinates"":[]}"
20080526,-0.002657027,2008-05-26,"{""type"":""MultiPoint"",""coordinates"":[]}"
20080527,-0.002895633,2008-05-27,"{""type"":""MultiPoint"",""coordinates"":[]}"
20080528,-0.002397211,2008-05-28,"{""type"":""MultiPoint"",""coordinates"":[]}"
20080529,-0.002707944,2008-05-29,"{""type"":""MultiPoint"",""coordinates"":[]}"
20080530,-0.003009099,2008-05-30,"{""type"":""MultiPoint"",""coordinates"":[]}"
20080531,-0.001359921,2008-05-31,"{""type"":""MultiPoint"",""coordinates"":[]}"
20080601,-0.002041576,2008-06-01,"{""type"":""MultiPoint"",""coordinates"":[]}"
20080602,-0.002317522,2008-06-02,"{""type"":""MultiPoint"",""coordinates"":[]}"
20080603,-0.00285771,2008-06-03,"{""type"":""MultiPoint"",""coordinates"":[]}"
20080604,-0.00342514,2008-06-04,"{""type"":""MultiPoint"",""coordinates"":[]}"
20080605,-0.003223788,2008-06-05,"{""type"":""MultiPoint"",""coordinates"":[]}"
20080606,-0.002246236,2008-06-06,"{""type"":""MultiPoint"",""coordinates"":[]}"
20080607,-0.00172373,2008-06-07,"{""type"":""MultiPoint"",""coordinates"":[]}"
20080608,-0.001544842,2008-06-08,"{""type"":""MultiPoint"",""coordinates"":[]}"
20080609,-6.92E-04,2008-06-09,"{""type"":""MultiPoint"",""coordinates"":[]}"
20080610,-0.001091616,2008-06-10,"{""type"":""MultiPoint"",""coordinates"":[]}"
20080611,-0.002046506,2008-06-11,"{""type"":""MultiPoint"",""coordinates"":[]}"
20080612,-9.64E-04,2008-06-12,"{""type"":""MultiPoint"",""coordinates"":[]}"
20080613,-0.001565589,2008-06-13,"{""type"":""MultiPoint"",""coordinates"":[]}"
20080614,-0.001990032,2008-06-14,"{""type"":""MultiPoint"",""coordinates"":[]}"
20080615,-0.002398003,2008-06-15,"{""type"":""MultiPoint"",""coordinates"":[]}"
20080616,-0.002633237,2008-06-16,"{""type"":""MultiPoint"",""coordinates"":[]}"
20080617,-0.001429325,2008-06-17,"{""type"":""MultiPoint"",""coordinates"":[]}"
20080618,-0.001926475,2008-06-18,"{""type"":""MultiPoint"",""coordinates"":[]}"
20080619,-0.00117171,2008-06-19,"{""type"":""MultiPoint"",""coordinates"":[]}"
20080620,-0.002288081,2008-06-20,"{""type"":""MultiPoint"",""coordinates"":[]}"
20080621,-0.002903507,2008-06-21,"{""type"":""MultiPoint"",""coordinates"":[]}"
20080622,-0.002374562,2008-06-22,"{""type"":""MultiPoint"",""coordinates"":[]}"
20080623,-0.002900243,2008-06-23,"{""type"":""MultiPoint"",""coordinates"":[]}"
20080624,-0.002544305,2008-06-24,"{""type"":""MultiPoint"",""coordinates"":[]}"
20080625,-0.001942752,2008-06-25,"{""type"":""MultiPoint"",""coordinates"":[]}"
20080626,-0.002014796,2008-06-26,"{""type"":""MultiPoint"",""coordinates"":[]}"
20080627,-0.00188822,2008-06-27,"{""type"":""MultiPoint"",""coordinates"":[]}"
20080628,-0.001207207,2008-06-28,"{""type"":""MultiPoint"",""coordinates"":[]}"
20080629,-0.001827553,2008-06-29,"{""type"":""MultiPoint"",""coordinates"":[]}"
20080630,-0.001886382,2008-06-30,"{""type"":""MultiPoint"",""coordinates"":[]}"
20080701,-0.001165962,2008-07-01,"{""type"":""MultiPoint"",""coordinates"":[]}"
20080702,-0.002544131,2008-07-02,"{""type"":""MultiPoint"",""coordinates"":[]}"
20080703,-0.002160095,2008-07-03,"{""type"":""MultiPoint"",""coordinates"":[]}"
20080704,-0.002201607,2008-07-04,"{""type"":""MultiPoint"",""coordinates"":[]}"
20080705,-0.002017365,2008-07-05,"{""type"":""MultiPoint"",""coordinates"":[]}"
20080706,-0.001510512,2008-07-06,"{""type"":""MultiPoint"",""coordinates"":[]}"
20080707,-0.001941382,2008-07-07,"{""type"":""MultiPoint"",""coordinates"":[]}"
20080708,-0.001896373,2008-07-08,"{""type"":""MultiPoint"",""coordinates"":[]}"
20080709,-0.001424792,2008-07-09,"{""type"":""MultiPoint"",""coordinates"":[]}"
20080710,-0.001961887,2008-07-10,"{""type"":""MultiPoint"",""coordinates"":[]}"
20080711,-0.002208597,2008-07-11,"{""type"":""MultiPoint"",""coordinates"":[]}"
20080712,-0.002086549,2008-07-12,"{""type"":""MultiPoint"",""coordinates"":[]}"
20080713,-0.002445478,2008-07-13,"{""type"":""MultiPoint"",""coordinates"":[]}"
20080714,-0.002131746,2008-07-14,"{""type"":""MultiPoint"",""coordinates"":[]}"
20080715,-0.002028135,2008-07-15,"{""type"":""MultiPoint"",""coordinates"":[]}"
20080716,-0.002246016,2008-07-16,"{""type"":""MultiPoint"",""coordinates"":[]}"
20080717,-0.00201967,2008-07-17,"{""type"":""MultiPoint"",""coordinates"":[]}"
20080718,-0.002180124,2008-07-18,"{""type"":""MultiPoint"",""coordinates"":[]}"
20080719,-0.00173097,2008-07-19,"{""type"":""MultiPoint"",""coordinates"":[]}"
20080720,-0.002266304,2008-07-20,"{""type"":""MultiPoint"",""coordinates"":[]}"
20080721,-0.002508666,2008-07-21,"{""type"":""MultiPoint"",""coordinates"":[]}"
20080722,-0.001709003,2008-07-22,"{""type"":""MultiPoint"",""coordinates"":[]}"
20080723,-0.0022028,2008-07-23,"{""type"":""MultiPoint"",""coordinates"":[]}"
20080724,-0.001471382,2008-07-24,"{""type"":""MultiPoint"",""coordinates"":[]}"
20080725,-7.72E-04,2008-07-25,"{""type"":""MultiPoint"",""coordinates"":[]}"
20080726,-0.001577521,2008-07-26,"{""type"":""MultiPoint"",""coordinates"":[]}"
20080727,-2.36E-04,2008-07-27,"{""type"":""MultiPoint"",""coordinates"":[]}"
20080728,-2.88E-04,2008-07-28,"{""type"":""MultiPoint"",""coordinates"":[]}"
20080729,-7.64E-04,2008-07-29,"{""type"":""MultiPoint"",""coordinates"":[]}"
20080730,-0.001567391,2008-07-30,"{""type"":""MultiPoint"",""coordinates"":[]}"
20080731,-0.002064115,2008-07-31,"{""type"":""MultiPoint"",""coordinates"":[]}"
20080801,-0.00197244,2008-08-01,"{""type"":""MultiPoint"",""coordinates"":[]}"
20080802,-0.001884145,2008-08-02,"{""type"":""MultiPoint"",""coordinates"":[]}"
20080803,-0.001944559,2008-08-03,"{""type"":""MultiPoint"",""coordinates"":[]}"
20080804,-0.001781617,2008-08-04,"{""type"":""MultiPoint"",""coordinates"":[]}"
20080805,-0.002319212,2008-08-05,"{""type"":""MultiPoint"",""coordinates"":[]}"
20080806,-0.001922146,2008-08-06,"{""type"":""MultiPoint"",""coordinates"":[]}"
20080807,-0.002125985,2008-08-07,"{""type"":""MultiPoint"",""coordinates"":[]}"
20080808,-6.89E-04,2008-08-08,"{""type"":""MultiPoint"",""coordinates"":[]}"
20080809,-0.00136642,2008-08-09,"{""type"":""MultiPoint"",""coordinates"":[]}"
20080810,-1.72E-04,2008-08-10,"{""type"":""MultiPoint"",""coordinates"":[]}"
20080811,-1.45E-04,2008-08-11,"{""type"":""MultiPoint"",""coordinates"":[]}"
20080812,-0.001542643,2008-08-12,"{""type"":""MultiPoint"",""coordinates"":[]}"
20080813,-9.57E-04,2008-08-13,"{""type"":""MultiPoint"",""coordinates"":[]}"
20080814,-9.33E-04,2008-08-14,"{""type"":""MultiPoint"",""coordinates"":[]}"
20080815,-0.001057141,2008-08-15,"{""type"":""MultiPoint"",""coordinates"":[]}"
20080816,-0.001989067,2008-08-16,"{""type"":""MultiPoint"",""coordinates"":[]}"
20080817,-0.001776156,2008-08-17,"{""type"":""MultiPoint"",""coordinates"":[]}"
20080818,-0.002034458,2008-08-18,"{""type"":""MultiPoint"",""coordinates"":[]}"
20080819,-0.00160833,2008-08-19,"{""type"":""MultiPoint"",""coordinates"":[]}"
20080820,-0.002126156,2008-08-20,"{""type"":""MultiPoint"",""coordinates"":[]}"
20080821,-0.002347813,2008-08-21,"{""type"":""MultiPoint"",""coordinates"":[]}"
20080822,-0.002772672,2008-08-22,"{""type"":""MultiPoint"",""coordinates"":[]}"
20080823,-0.003123119,2008-08-23,"{""type"":""MultiPoint"",""coordinates"":[]}"
20080824,-0.003024087,2008-08-24,"{""type"":""MultiPoint"",""coordinates"":[]}"
20080825,-0.003011977,2008-08-25,"{""type"":""MultiPoint"",""coordinates"":[]}"
20080826,-0.002223372,2008-08-26,"{""type"":""MultiPoint"",""coordinates"":[]}"
20080827,-0.002466267,2008-08-27,"{""type"":""MultiPoint"",""coordinates"":[]}"
20080828,-0.002196285,2008-08-28,"{""type"":""MultiPoint"",""coordinates"":[]}"
20080829,-0.002329024,2008-08-29,"{""type"":""MultiPoint"",""coordinates"":[]}"
20080830,-0.002407437,2008-08-30,"{""type"":""MultiPoint"",""coordinates"":[]}"
20080831,-0.002269785,2008-08-31,"{""type"":""MultiPoint"",""coordinates"":[]}"
20080901,-0.001752872,2008-09-01,"{""type"":""MultiPoint"",""coordinates"":[]}"
20080902,-0.002343795,2008-09-02,"{""type"":""MultiPoint"",""coordinates"":[]}"
20080903,-0.002010999,2008-09-03,"{""type"":""MultiPoint"",""coordinates"":[]}"
20080904,-0.002750869,2008-09-04,"{""type"":""MultiPoint"",""coordinates"":[]}"
20080905,-0.002630459,2008-09-05,"{""type"":""MultiPoint"",""coordinates"":[]}"
20080906,-0.002742137,2008-09-06,"{""type"":""MultiPoint"",""coordinates"":[]}"
20080907,-0.001937647,2008-09-07,"{""type"":""MultiPoint"",""coordinates"":[]}"
20080908,-8.72E-04,2008-09-08,"{""type"":""MultiPoint"",""coordinates"":[]}"
20080909,-9.66E-04,2008-09-09,"{""type"":""MultiPoint"",""coordinates"":[]}"
20080910,-0.002273734,2008-09-10,"{""type"":""MultiPoint"",""coordinates"":[]}"
20080911,-0.003026089,2008-09-11,"{""type"":""MultiPoint"",""coordinates"":[]}"
20080912,-0.002565113,2008-09-12,"{""type"":""MultiPoint"",""coordinates"":[]}"
20080913,-0.002897505,2008-09-13,"{""type"":""MultiPoint"",""coordinates"":[]}"
20080914,-0.002162072,2008-09-14,"{""type"":""MultiPoint"",""coordinates"":[]}"
20080915,-0.003064688,2008-09-15,"{""type"":""MultiPoint"",""coordinates"":[]}"
20080916,-0.002437976,2008-09-16,"{""type"":""MultiPoint"",""coordinates"":[]}"
20080917,-0.002543395,2008-09-17,"{""type"":""MultiPoint"",""coordinates"":[]}"
20080918,-0.002954547,2008-09-18,"{""type"":""MultiPoint"",""coordinates"":[]}"
20080919,-0.00238435,2008-09-19,"{""type"":""MultiPoint"",""coordinates"":[]}"
20080920,-0.00119731,2008-09-20,"{""type"":""MultiPoint"",""coordinates"":[]}"
20080921,-0.002994606,2008-09-21,"{""type"":""MultiPoint"",""coordinates"":[]}"
20080922,-0.00333852,2008-09-22,"{""type"":""MultiPoint"",""coordinates"":[]}"
20080923,-0.003012273,2008-09-23,"{""type"":""MultiPoint"",""coordinates"":[]}"
20080924,-0.002312239,2008-09-24,"{""type"":""MultiPoint"",""coordinates"":[]}"
20080925,-0.003669534,2008-09-25,"{""type"":""MultiPoint"",""coordinates"":[]}"
20080926,-0.003000228,2008-09-26,"{""type"":""MultiPoint"",""coordinates"":[]}"
20080927,-0.003614831,2008-09-27,"{""type"":""MultiPoint"",""coordinates"":[]}"
20080928,-0.003612364,2008-09-28,"{""type"":""MultiPoint"",""coordinates"":[]}"
20080929,-0.003378597,2008-09-29,"{""type"":""MultiPoint"",""coordinates"":[]}"
20080930,-0.002706401,2008-09-30,"{""type"":""MultiPoint"",""coordinates"":[]}"
20081001,-0.00226682,2008-10-01,"{""type"":""MultiPoint"",""coordinates"":[]}"
20081002,-0.002448606,2008-10-02,"{""type"":""MultiPoint"",""coordinates"":[]}"
20081003,-0.002438731,2008-10-03,"{""type"":""MultiPoint"",""coordinates"":[]}"
20081004,-0.002028837,2008-10-04,"{""type"":""MultiPoint"",""coordinates"":[]}"
20081005,-0.002002113,2008-10-05,"{""type"":""MultiPoint"",""coordinates"":[]}"
20081006,-0.002048579,2008-10-06,"{""type"":""MultiPoint"",""coordinates"":[]}"
20081007,-0.002153749,2008-10-07,"{""type"":""MultiPoint"",""coordinates"":[]}"
20081008,-0.002563949,2008-10-08,"{""type"":""MultiPoint"",""coordinates"":[]}"
20081009,-0.00251422,2008-10-09,"{""type"":""MultiPoint"",""coordinates"":[]}"
20081010,-0.002898344,2008-10-10,"{""type"":""MultiPoint"",""coordinates"":[]}"
20081011,-0.003473009,2008-10-11,"{""type"":""MultiPoint"",""coordinates"":[]}"
20081012,-0.001311365,2008-10-12,"{""type"":""MultiPoint"",""coordinates"":[]}"
20081013,-0.001881946,2008-10-13,"{""type"":""MultiPoint"",""coordinates"":[]}"
20081014,-0.001293443,2008-10-14,"{""type"":""MultiPoint"",""coordinates"":[]}"
20081015,-0.00190565,2008-10-15,"{""type"":""MultiPoint"",""coordinates"":[]}"
20081016,-0.001532742,2008-10-16,"{""type"":""MultiPoint"",""coordinates"":[]}"
20081017,-0.001756603,2008-10-17,"{""type"":""MultiPoint"",""coordinates"":[]}"
20081018,-0.001578324,2008-10-18,"{""type"":""MultiPoint"",""coordinates"":[]}"
20081019,-0.001431864,2008-10-19,"{""type"":""MultiPoint"",""coordinates"":[]}"
20081020,-0.00166223,2008-10-20,"{""type"":""MultiPoint"",""coordinates"":[]}"
20081021,-6.52E-04,2008-10-21,"{""type"":""MultiPoint"",""coordinates"":[]}"
20081022,-2.92E-04,2008-10-22,"{""type"":""MultiPoint"",""coordinates"":[]}"
20081023,-0.001245075,2008-10-23,"{""type"":""MultiPoint"",""coordinates"":[]}"
20081024,-8.28E-04,2008-10-24,"{""type"":""MultiPoint"",""coordinates"":[]}"
20081025,-0.001109179,2008-10-25,"{""type"":""MultiPoint"",""coordinates"":[]}"
20081026,-0.001193282,2008-10-26,"{""type"":""MultiPoint"",""coordinates"":[]}"
20081027,-0.003959762,2008-10-27,"{""type"":""MultiPoint"",""coordinates"":[]}"
20081028,-0.0038983,2008-10-28,"{""type"":""MultiPoint"",""coordinates"":[]}"
20081029,-0.00372405,2008-10-29,"{""type"":""MultiPoint"",""coordinates"":[]}"
20081030,-0.003706434,2008-10-30,"{""type"":""MultiPoint"",""coordinates"":[]}"
20081031,-0.003750422,2008-10-31,"{""type"":""MultiPoint"",""coordinates"":[]}"
20081101,-0.003760678,2008-11-01,"{""type"":""MultiPoint"",""coordinates"":[]}"
20081102,-0.003710904,2008-11-02,"{""type"":""MultiPoint"",""coordinates"":[]}"
20081103,-0.003643362,2008-11-03,"{""type"":""MultiPoint"",""coordinates"":[]}"
20081104,-0.003558455,2008-11-04,"{""type"":""MultiPoint"",""coordinates"":[]}"
20081105,-0.003279644,2008-11-05,"{""type"":""MultiPoint"",""coordinates"":[]}"
20081106,-0.003319301,2008-11-06,"{""type"":""MultiPoint"",""coordinates"":[]}"
20081107,-0.003410447,2008-11-07,"{""type"":""MultiPoint"",""coordinates"":[]}"
20081108,-0.003247604,2008-11-08,"{""type"":""MultiPoint"",""coordinates"":[]}"
20081109,-0.003187019,2008-11-09,"{""type"":""MultiPoint"",""coordinates"":[]}"
20081110,-0.002237828,2008-11-10,"{""type"":""MultiPoint"",""coordinates"":[]}"
20081111,-0.002557633,2008-11-11,"{""type"":""MultiPoint"",""coordinates"":[]}"
20081112,-0.002925352,2008-11-12,"{""type"":""MultiPoint"",""coordinates"":[]}"
20081113,-0.00276892,2008-11-13,"{""type"":""MultiPoint"",""coordinates"":[]}"
20081114,-0.002531723,2008-11-14,"{""type"":""MultiPoint"",""coordinates"":[]}"
20081115,-0.002709736,2008-11-15,"{""type"":""MultiPoint"",""coordinates"":[]}"
20081116,-0.001185359,2008-11-16,"{""type"":""MultiPoint"",""coordinates"":[]}"
20081117,-0.002037539,2008-11-17,"{""type"":""MultiPoint"",""coordinates"":[]}"
20081118,-0.002237709,2008-11-18,"{""type"":""MultiPoint"",""coordinates"":[]}"
20081119,-0.002225243,2008-11-19,"{""type"":""MultiPoint"",""coordinates"":[]}"
20081120,-0.00160649,2008-11-20,"{""type"":""MultiPoint"",""coordinates"":[]}"
20081121,-0.002370701,2008-11-21,"{""type"":""MultiPoint"",""coordinates"":[]}"
20081122,-4.37E-04,2008-11-22,"{""type"":""MultiPoint"",""coordinates"":[]}"
20081123,-0.001120272,2008-11-23,"{""type"":""MultiPoint"",""coordinates"":[]}"
20081124,-0.001554295,2008-11-24,"{""type"":""MultiPoint"",""coordinates"":[]}"
20081125,-0.001603448,2008-11-25,"{""type"":""MultiPoint"",""coordinates"":[]}"
20081126,-0.00105836,2008-11-26,"{""type"":""MultiPoint"",""coordinates"":[]}"
20081127,-6.42E-05,2008-11-27,"{""type"":""MultiPoint"",""coordinates"":[]}"
20081128,-2.04E-06,2008-11-28,"{""type"":""MultiPoint"",""coordinates"":[]}"
20081129,-8.76E-04,2008-11-29,"{""type"":""MultiPoint"",""coordinates"":[]}"
20081130,-0.001269281,2008-11-30,"{""type"":""MultiPoint"",""coordinates"":[]}"
20081201,-0.001755669,2008-12-01,"{""type"":""MultiPoint"",""coordinates"":[]}"
20081202,-0.001832343,2008-12-02,"{""type"":""MultiPoint"",""coordinates"":[]}"
20081203,-0.002721543,2008-12-03,"{""type"":""MultiPoint"",""coordinates"":[]}"
20081204,-0.002752575,2008-12-04,"{""type"":""MultiPoint"",""coordinates"":[]}"
20081205,-0.003010731,2008-12-05,"{""type"":""MultiPoint"",""coordinates"":[]}"
20081206,-0.002923232,2008-12-06,"{""type"":""MultiPoint"",""coordinates"":[]}"
20081207,-0.002676581,2008-12-07,"{""type"":""MultiPoint"",""coordinates"":[]}"
20081208,-0.001673527,2008-12-08,"{""type"":""MultiPoint"",""coordinates"":[]}"
20081209,-0.001253947,2008-12-09,"{""type"":""MultiPoint"",""coordinates"":[]}"
20081210,-0.001262507,2008-12-10,"{""type"":""MultiPoint"",""coordinates"":[]}"
20081211,-0.002791028,2008-12-11,"{""type"":""MultiPoint"",""coordinates"":[]}"
20081212,-0.002891982,2008-12-12,"{""type"":""MultiPoint"",""coordinates"":[]}"
20081213,-0.002602356,2008-12-13,"{""type"":""MultiPoint"",""coordinates"":[]}"
20081214,-0.002769972,2008-12-14,"{""type"":""MultiPoint"",""coordinates"":[]}"
20081215,-0.002398722,2008-12-15,"{""type"":""MultiPoint"",""coordinates"":[]}"
20081216,-0.002297341,2008-12-16,"{""type"":""MultiPoint"",""coordinates"":[]}"
20081217,-0.002286339,2008-12-17,"{""type"":""MultiPoint"",""coordinates"":[]}"
20081218,-0.002179955,2008-12-18,"{""type"":""MultiPoint"",""coordinates"":[]}"
20081219,-0.002204474,2008-12-19,"{""type"":""MultiPoint"",""coordinates"":[]}"
20081220,-0.002254865,2008-12-20,"{""type"":""MultiPoint"",""coordinates"":[]}"
20081221,-0.002445292,2008-12-21,"{""type"":""MultiPoint"",""coordinates"":[]}"
20081222,-0.002522313,2008-12-22,"{""type"":""MultiPoint"",""coordinates"":[]}"
20081223,-0.002193214,2008-12-23,"{""type"":""MultiPoint"",""coordinates"":[]}"
20081224,-0.00188155,2008-12-24,"{""type"":""MultiPoint"",""coordinates"":[]}"
20081225,-0.002230017,2008-12-25,"{""type"":""MultiPoint"",""coordinates"":[]}"
20081226,-0.002084202,2008-12-26,"{""type"":""MultiPoint"",""coordinates"":[]}"
20081227,-0.002463657,2008-12-27,"{""type"":""MultiPoint"",""coordinates"":[]}"
20081228,-0.002411534,2008-12-28,"{""type"":""MultiPoint"",""coordinates"":[]}"
20081229,-0.0023849,2008-12-29,"{""type"":""MultiPoint"",""coordinates"":[]}"
20081230,-0.002184166,2008-12-30,"{""type"":""MultiPoint"",""coordinates"":[]}"
20081231,-0.00220469,2008-12-31,"{""type"":""MultiPoint"",""coordinates"":[]}"
20090101,-0.00216119,2009-01-01,"{""type"":""MultiPoint"",""coordinates"":[]}"
20090102,-0.001981093,2009-01-02,"{""type"":""MultiPoint"",""coordinates"":[]}"
20090103,-0.001922395,2009-01-03,"{""type"":""MultiPoint"",""coordinates"":[]}"
20090104,-0.001970795,2009-01-04,"{""type"":""MultiPoint"",""coordinates"":[]}"
20090105,-0.001904664,2009-01-05,"{""type"":""MultiPoint"",""coordinates"":[]}"
20090106,-0.001917018,2009-01-06,"{""type"":""MultiPoint"",""coordinates"":[]}"
20090107,-0.001591699,2009-01-07,"{""type"":""MultiPoint"",""coordinates"":[]}"
20090108,-6.57E-04,2009-01-08,"{""type"":""MultiPoint"",""coordinates"":[]}"
20090109,-0.001602967,2009-01-09,"{""type"":""MultiPoint"",""coordinates"":[]}"
20090110,-0.001635397,2009-01-10,"{""type"":""MultiPoint"",""coordinates"":[]}"
20090111,-0.001581186,2009-01-11,"{""type"":""MultiPoint"",""coordinates"":[]}"
20090112,-0.001814218,2009-01-12,"{""type"":""MultiPoint"",""coordinates"":[]}"
20090113,-0.001322538,2009-01-13,"{""type"":""MultiPoint"",""coordinates"":[]}"
20090114,-0.001193894,2009-01-14,"{""type"":""MultiPoint"",""coordinates"":[]}"
20090115,-0.001501998,2009-01-15,"{""type"":""MultiPoint"",""coordinates"":[]}"
20090116,-0.001295122,2009-01-16,"{""type"":""MultiPoint"",""coordinates"":[]}"
20090117,-0.001579991,2009-01-17,"{""type"":""MultiPoint"",""coordinates"":[]}"
20090118,-0.001601715,2009-01-18,"{""type"":""MultiPoint"",""coordinates"":[]}"
20090119,-0.001725523,2009-01-19,"{""type"":""MultiPoint"",""coordinates"":[]}"
20090120,-0.001588331,2009-01-20,"{""type"":""MultiPoint"",""coordinates"":[]}"
20090121,-0.001713541,2009-01-21,"{""type"":""MultiPoint"",""coordinates"":[]}"
20090122,-0.001739656,2009-01-22,"{""type"":""MultiPoint"",""coordinates"":[]}"
20090123,-0.001741609,2009-01-23,"{""type"":""MultiPoint"",""coordinates"":[]}"
20090124,-0.001782335,2009-01-24,"{""type"":""MultiPoint"",""coordinates"":[]}"
20090125,-0.001676662,2009-01-25,"{""type"":""MultiPoint"",""coordinates"":[]}"
20090126,-0.001587119,2009-01-26,"{""type"":""MultiPoint"",""coordinates"":[]}"
20090127,-0.001601926,2009-01-27,"{""type"":""MultiPoint"",""coordinates"":[]}"
20090128,-0.001597665,2009-01-28,"{""type"":""MultiPoint"",""coordinates"":[]}"
20090129,-0.001653863,2009-01-29,"{""type"":""MultiPoint"",""coordinates"":[]}"
20090130,-0.001759097,2009-01-30,"{""type"":""MultiPoint"",""coordinates"":[]}"
20090131,-0.001629849,2009-01-31,"{""type"":""MultiPoint"",""coordinates"":[]}"
20090201,-0.001640239,2009-02-01,"{""type"":""MultiPoint"",""coordinates"":[]}"
20090202,-0.00164231,2009-02-02,"{""type"":""MultiPoint"",""coordinates"":[]}"
20090203,-0.001548876,2009-02-03,"{""type"":""MultiPoint"",""coordinates"":[]}"
20090204,-0.001543681,2009-02-04,"{""type"":""MultiPoint"",""coordinates"":[]}"
20090205,-0.001459264,2009-02-05,"{""type"":""MultiPoint"",""coordinates"":[]}"
20090206,-0.001454959,2009-02-06,"{""type"":""MultiPoint"",""coordinates"":[]}"
20090207,-0.001383067,2009-02-07,"{""type"":""MultiPoint"",""coordinates"":[]}"
20090208,-0.001285826,2009-02-08,"{""type"":""MultiPoint"",""coordinates"":[]}"
20090209,-0.001244454,2009-02-09,"{""type"":""MultiPoint"",""coordinates"":[]}"
20090210,-0.001322471,2009-02-10,"{""type"":""MultiPoint"",""coordinates"":[]}"
20090211,-0.001425936,2009-02-11,"{""type"":""MultiPoint"",""coordinates"":[]}"
20090212,-0.001403319,2009-02-12,"{""type"":""MultiPoint"",""coordinates"":[]}"
20090213,-0.001389994,2009-02-13,"{""type"":""MultiPoint"",""coordinates"":[]}"
20090214,-0.001375122,2009-02-14,"{""type"":""MultiPoint"",""coordinates"":[]}"
20090215,-0.001355954,2009-02-15,"{""type"":""MultiPoint"",""coordinates"":[]}"
20090216,-0.001275243,2009-02-16,"{""type"":""MultiPoint"",""coordinates"":[]}"
20090217,-0.001135372,2009-02-17,"{""type"":""MultiPoint"",""coordinates"":[]}"
20090218,-0.001173225,2009-02-18,"{""type"":""MultiPoint"",""coordinates"":[]}"
20090219,-0.001211236,2009-02-19,"{""type"":""MultiPoint"",""coordinates"":[]}"
20090220,-0.001064114,2009-02-20,"{""type"":""MultiPoint"",""coordinates"":[]}"
20090221,-9.39E-04,2009-02-21,"{""type"":""MultiPoint"",""coordinates"":[]}"
20090222,-0.001109115,2009-02-22,"{""type"":""MultiPoint"",""coordinates"":[]}"
20090223,-0.00125497,2009-02-23,"{""type"":""MultiPoint"",""coordinates"":[]}"
20090224,-0.001323008,2009-02-24,"{""type"":""MultiPoint"",""coordinates"":[]}"
20090225,-0.00135071,2009-02-25,"{""type"":""MultiPoint"",""coordinates"":[]}"
20090226,-0.001327619,2009-02-26,"{""type"":""MultiPoint"",""coordinates"":[]}"
20090227,-0.001289875,2009-02-27,"{""type"":""MultiPoint"",""coordinates"":[]}"
20090228,-0.001302175,2009-02-28,"{""type"":""MultiPoint"",""coordinates"":[]}"
20090301,-0.001325913,2009-03-01,"{""type"":""MultiPoint"",""coordinates"":[]}"
20090302,-0.001240989,2009-03-02,"{""type"":""MultiPoint"",""coordinates"":[]}"
20090303,-0.001183765,2009-03-03,"{""type"":""MultiPoint"",""coordinates"":[]}"
20090304,-0.001231383,2009-03-04,"{""type"":""MultiPoint"",""coordinates"":[]}"
20090305,-0.001190989,2009-03-05,"{""type"":""MultiPoint"",""coordinates"":[]}"
20090306,-0.001214102,2009-03-06,"{""type"":""MultiPoint"",""coordinates"":[]}"
20090307,-0.001156686,2009-03-07,"{""type"":""MultiPoint"",""coordinates"":[]}"
20090308,-0.001093167,2009-03-08,"{""type"":""MultiPoint"",""coordinates"":[]}"
20090309,-7.05E-04,2009-03-09,"{""type"":""MultiPoint"",""coordinates"":[]}"
20090310,-3.60E-04,2009-03-10,"{""type"":""MultiPoint"",""coordinates"":[]}"
20090311,-5.00E-04,2009-03-11,"{""type"":""MultiPoint"",""coordinates"":[]}"
20090312,-6.73E-04,2009-03-12,"{""type"":""MultiPoint"",""coordinates"":[]}"
20090313,-0.001847319,2009-03-13,"{""type"":""MultiPoint"",""coordinates"":[]}"
20090314,-0.00160505,2009-03-14,"{""type"":""MultiPoint"",""coordinates"":[]}"
20090315,-0.001401887,2009-03-15,"{""type"":""MultiPoint"",""coordinates"":[]}"
20090316,-0.001360399,2009-03-16,"{""type"":""MultiPoint"",""coordinates"":[]}"
20090317,-0.001184694,2009-03-17,"{""type"":""MultiPoint"",""coordinates"":[]}"
20090318,-0.001114002,2009-03-18,"{""type"":""MultiPoint"",""coordinates"":[]}"
20090319,-0.00110654,2009-03-19,"{""type"":""MultiPoint"",""coordinates"":[]}"
20090320,-0.001075103,2009-03-20,"{""type"":""MultiPoint"",""coordinates"":[]}"
20090321,-8.64E-04,2009-03-21,"{""type"":""MultiPoint"",""coordinates"":[]}"
20090322,-7.88E-04,2009-03-22,"{""type"":""MultiPoint"",""coordinates"":[]}"
20090323,-8.14E-04,2009-03-23,"{""type"":""MultiPoint"",""coordinates"":[]}"
20090324,-6.68E-04,2009-03-24,"{""type"":""MultiPoint"",""coordinates"":[]}"
20090325,-6.24E-04,2009-03-25,"{""type"":""MultiPoint"",""coordinates"":[]}"
20090326,-7.71E-04,2009-03-26,"{""type"":""MultiPoint"",""coordinates"":[]}"
20090327,-7.85E-04,2009-03-27,"{""type"":""MultiPoint"",""coordinates"":[]}"
20090328,-7.86E-04,2009-03-28,"{""type"":""MultiPoint"",""coordinates"":[]}"
20090329,-8.20E-04,2009-03-29,"{""type"":""MultiPoint"",""coordinates"":[]}"
20090330,-8.57E-04,2009-03-30,"{""type"":""MultiPoint"",""coordinates"":[]}"
20090331,-8.72E-04,2009-03-31,"{""type"":""MultiPoint"",""coordinates"":[]}"
20090401,-8.63E-04,2009-04-01,"{""type"":""MultiPoint"",""coordinates"":[]}"
20090402,-8.31E-04,2009-04-02,"{""type"":""MultiPoint"",""coordinates"":[]}"
20090403,-8.63E-04,2009-04-03,"{""type"":""MultiPoint"",""coordinates"":[]}"
20090404,-8.56E-04,2009-04-04,"{""type"":""MultiPoint"",""coordinates"":[]}"
20090405,-8.62E-04,2009-04-05,"{""type"":""MultiPoint"",""coordinates"":[]}"
20090406,-8.19E-04,2009-04-06,"{""type"":""MultiPoint"",""coordinates"":[]}"
20090407,-7.40E-04,2009-04-07,"{""type"":""MultiPoint"",""coordinates"":[]}"
20090408,-8.23E-04,2009-04-08,"{""type"":""MultiPoint"",""coordinates"":[]}"
20090409,-6.72E-04,2009-04-09,"{""type"":""MultiPoint"",""coordinates"":[]}"
20090410,-6.58E-04,2009-04-10,"{""type"":""MultiPoint"",""coordinates"":[]}"
20090411,-6.78E-04,2009-04-11,"{""type"":""MultiPoint"",""coordinates"":[]}"
20090412,-6.74E-04,2009-04-12,"{""type"":""MultiPoint"",""coordinates"":[]}"
20090413,-6.50E-04,2009-04-13,"{""type"":""MultiPoint"",""coordinates"":[]}"
20090414,-5.43E-04,2009-04-14,"{""type"":""MultiPoint"",""coordinates"":[]}"
20090415,-6.09E-04,2009-04-15,"{""type"":""MultiPoint"",""coordinates"":[]}"
20090416,-6.02E-04,2009-04-16,"{""type"":""MultiPoint"",""coordinates"":[]}"
20090417,-5.49E-04,2009-04-17,"{""type"":""MultiPoint"",""coordinates"":[]}"
20090418,-6.52E-04,2009-04-18,"{""type"":""MultiPoint"",""coordinates"":[]}"
20090419,-5.36E-04,2009-04-19,"{""type"":""MultiPoint"",""coordinates"":[]}"
20090420,-6.78E-04,2009-04-20,"{""type"":""MultiPoint"",""coordinates"":[]}"
20090421,-0.002204039,2009-04-21,"{""type"":""MultiPoint"",""coordinates"":[]}"
20090422,-0.002091057,2009-04-22,"{""type"":""MultiPoint"",""coordinates"":[]}"
20090423,-0.002066277,2009-04-23,"{""type"":""MultiPoint"",""coordinates"":[]}"
20090424,-0.002204829,2009-04-24,"{""type"":""MultiPoint"",""coordinates"":[]}"
20090425,-0.001365071,2009-04-25,"{""type"":""MultiPoint"",""coordinates"":[]}"
20090426,-0.002219981,2009-04-26,"{""type"":""MultiPoint"",""coordinates"":[]}"
20090427,-0.002390583,2009-04-27,"{""type"":""MultiPoint"",""coordinates"":[]}"
20090428,-0.001915707,2009-04-28,"{""type"":""MultiPoint"",""coordinates"":[]}"
20090429,-0.001932298,2009-04-29,"{""type"":""MultiPoint"",""coordinates"":[]}"
20090430,-0.001621152,2009-04-30,"{""type"":""MultiPoint"",""coordinates"":[]}"
20090501,-0.001293721,2009-05-01,"{""type"":""MultiPoint"",""coordinates"":[]}"
20090502,-0.001296887,2009-05-02,"{""type"":""MultiPoint"",""coordinates"":[]}"
20090503,-9.58E-04,2009-05-03,"{""type"":""MultiPoint"",""coordinates"":[]}"
20090504,-0.001092359,2009-05-04,"{""type"":""MultiPoint"",""coordinates"":[]}"
20090505,-0.001460638,2009-05-05,"{""type"":""MultiPoint"",""coordinates"":[]}"
20090506,-0.001546076,2009-05-06,"{""type"":""MultiPoint"",""coordinates"":[]}"
20090507,-0.001742644,2009-05-07,"{""type"":""MultiPoint"",""coordinates"":[]}"
20090508,-0.001422119,2009-05-08,"{""type"":""MultiPoint"",""coordinates"":[]}"
20090509,-0.001031222,2009-05-09,"{""type"":""MultiPoint"",""coordinates"":[]}"
20090510,-0.001939744,2009-05-10,"{""type"":""MultiPoint"",""coordinates"":[]}"
20090511,-0.001912484,2009-05-11,"{""type"":""MultiPoint"",""coordinates"":[]}"
20090512,-0.001800955,2009-05-12,"{""type"":""MultiPoint"",""coordinates"":[]}"
20090513,-0.00137579,2009-05-13,"{""type"":""MultiPoint"",""coordinates"":[]}"
20090514,-0.001125957,2009-05-14,"{""type"":""MultiPoint"",""coordinates"":[]}"
20090515,-8.91E-04,2009-05-15,"{""type"":""MultiPoint"",""coordinates"":[]}"
20090516,-0.001394923,2009-05-16,"{""type"":""MultiPoint"",""coordinates"":[]}"
20090517,-0.00154005,2009-05-17,"{""type"":""MultiPoint"",""coordinates"":[]}"
20090518,-0.001920381,2009-05-18,"{""type"":""MultiPoint"",""coordinates"":[]}"
20090519,-0.002058445,2009-05-19,"{""type"":""MultiPoint"",""coordinates"":[]}"
20090520,-0.002211899,2009-05-20,"{""type"":""MultiPoint"",""coordinates"":[]}"
20090521,-0.002562663,2009-05-21,"{""type"":""MultiPoint"",""coordinates"":[]}"
20090522,-0.001755412,2009-05-22,"{""type"":""MultiPoint"",""coordinates"":[]}"
20090523,-0.002201674,2009-05-23,"{""type"":""MultiPoint"",""coordinates"":[]}"
20090524,-0.001845404,2009-05-24,"{""type"":""MultiPoint"",""coordinates"":[]}"
20090525,-0.002369351,2009-05-25,"{""type"":""MultiPoint"",""coordinates"":[]}"
20090526,-0.003732803,2009-05-26,"{""type"":""MultiPoint"",""coordinates"":[]}"
20090527,-0.003097257,2009-05-27,"{""type"":""MultiPoint"",""coordinates"":[]}"
20090528,-0.003290246,2009-05-28,"{""type"":""MultiPoint"",""coordinates"":[]}"
20090529,-0.002612455,2009-05-29,"{""type"":""MultiPoint"",""coordinates"":[]}"
20090530,-0.002879564,2009-05-30,"{""type"":""MultiPoint"",""coordinates"":[]}"
20090531,-0.002696497,2009-05-31,"{""type"":""MultiPoint"",""coordinates"":[]}"
20090601,-0.002844472,2009-06-01,"{""type"":""MultiPoint"",""coordinates"":[]}"
20090602,-0.003429753,2009-06-02,"{""type"":""MultiPoint"",""coordinates"":[]}"
20090603,-0.003363886,2009-06-03,"{""type"":""MultiPoint"",""coordinates"":[]}"
20090604,-0.003146214,2009-06-04,"{""type"":""MultiPoint"",""coordinates"":[]}"
20090605,-0.00218594,2009-06-05,"{""type"":""MultiPoint"",""coordinates"":[]}"
20090606,-9.49E-04,2009-06-06,"{""type"":""MultiPoint"",""coordinates"":[]}"
20090607,-0.002039182,2009-06-07,"{""type"":""MultiPoint"",""coordinates"":[]}"
20090608,-0.002258291,2009-06-08,"{""type"":""MultiPoint"",""coordinates"":[]}"
20090609,-0.00218418,2009-06-09,"{""type"":""MultiPoint"",""coordinates"":[]}"
20090610,-0.003373683,2009-06-10,"{""type"":""MultiPoint"",""coordinates"":[]}"
20090611,-0.002028293,2009-06-11,"{""type"":""MultiPoint"",""coordinates"":[]}"
20090612,-0.002992903,2009-06-12,"{""type"":""MultiPoint"",""coordinates"":[]}"
20090613,-0.003159506,2009-06-13,"{""type"":""MultiPoint"",""coordinates"":[]}"
20090614,-0.002571326,2009-06-14,"{""type"":""MultiPoint"",""coordinates"":[]}"
20090615,-0.002455235,2009-06-15,"{""type"":""MultiPoint"",""coordinates"":[]}"
20090616,-0.002544385,2009-06-16,"{""type"":""MultiPoint"",""coordinates"":[]}"
20090617,-0.002502912,2009-06-17,"{""type"":""MultiPoint"",""coordinates"":[]}"
20090618,-0.002958815,2009-06-18,"{""type"":""MultiPoint"",""coordinates"":[]}"
20090619,-0.002143393,2009-06-19,"{""type"":""MultiPoint"",""coordinates"":[]}"
20090620,-0.002346455,2009-06-20,"{""type"":""MultiPoint"",""coordinates"":[]}"
20090621,-0.003017525,2009-06-21,"{""type"":""MultiPoint"",""coordinates"":[]}"
20090622,-0.002302395,2009-06-22,"{""type"":""MultiPoint"",""coordinates"":[]}"
20090623,-0.003269185,2009-06-23,"{""type"":""MultiPoint"",""coordinates"":[]}"
20090624,-0.002675806,2009-06-24,"{""type"":""MultiPoint"",""coordinates"":[]}"
20090625,-0.001882844,2009-06-25,"{""type"":""MultiPoint"",""coordinates"":[]}"
20090626,-8.21E-04,2009-06-26,"{""type"":""MultiPoint"",""coordinates"":[]}"
20090627,-0.002171114,2009-06-27,"{""type"":""MultiPoint"",""coordinates"":[]}"
20090628,-0.002658921,2009-06-28,"{""type"":""MultiPoint"",""coordinates"":[]}"
20090629,-0.002404692,2009-06-29,"{""type"":""MultiPoint"",""coordinates"":[]}"
20090630,-0.002221822,2009-06-30,"{""type"":""MultiPoint"",""coordinates"":[]}"
20090701,-0.002103746,2009-07-01,"{""type"":""MultiPoint"",""coordinates"":[]}"
20090702,-9.51E-04,2009-07-02,"{""type"":""MultiPoint"",""coordinates"":[]}"
20090703,-8.17E-04,2009-07-03,"{""type"":""MultiPoint"",""coordinates"":[]}"
20090704,-8.33E-04,2009-07-04,"{""type"":""MultiPoint"",""coordinates"":[]}"
20090705,-6.66E-04,2009-07-05,"{""type"":""MultiPoint"",""coordinates"":[]}"
20090706,-0.001256044,2009-07-06,"{""type"":""MultiPoint"",""coordinates"":[]}"
20090707,-4.70E-04,2009-07-07,"{""type"":""MultiPoint"",""coordinates"":[]}"
20090708,-1.02E-04,2009-07-08,"{""type"":""MultiPoint"",""coordinates"":[]}"
20090709,-9.44E-04,2009-07-09,"{""type"":""MultiPoint"",""coordinates"":[]}"
20090710,-0.001922651,2009-07-10,"{""type"":""MultiPoint"",""coordinates"":[]}"
20090711,-0.001988869,2009-07-11,"{""type"":""MultiPoint"",""coordinates"":[]}"
20090712,-0.002697972,2009-07-12,"{""type"":""MultiPoint"",""coordinates"":[]}"
20090713,-0.001723377,2009-07-13,"{""type"":""MultiPoint"",""coordinates"":[]}"
20090714,-0.001765823,2009-07-14,"{""type"":""MultiPoint"",""coordinates"":[]}"
20090715,-7.03E-04,2009-07-15,"{""type"":""MultiPoint"",""coordinates"":[]}"
20090716,-9.47E-04,2009-07-16,"{""type"":""MultiPoint"",""coordinates"":[]}"
20090717,-9.74E-04,2009-07-17,"{""type"":""MultiPoint"",""coordinates"":[]}"
20090718,-4.89E-04,2009-07-18,"{""type"":""MultiPoint"",""coordinates"":[]}"
20090719,-4.70E-04,2009-07-19,"{""type"":""MultiPoint"",""coordinates"":[]}"
20090720,-0.001589269,2009-07-20,"{""type"":""MultiPoint"",""coordinates"":[]}"
20090721,-0.002048661,2009-07-21,"{""type"":""MultiPoint"",""coordinates"":[]}"
20090722,-0.002280156,2009-07-22,"{""type"":""MultiPoint"",""coordinates"":[]}"
20090723,-0.002819221,2009-07-23,"{""type"":""MultiPoint"",""coordinates"":[]}"
20090724,-0.002708041,2009-07-24,"{""type"":""MultiPoint"",""coordinates"":[]}"
20090725,-0.002516477,2009-07-25,"{""type"":""MultiPoint"",""coordinates"":[]}"
20090726,-0.003137453,2009-07-26,"{""type"":""MultiPoint"",""coordinates"":[]}"
20090727,-0.002244105,2009-07-27,"{""type"":""MultiPoint"",""coordinates"":[]}"
20090728,-0.001874582,2009-07-28,"{""type"":""MultiPoint"",""coordinates"":[]}"
20090729,-0.001378281,2009-07-29,"{""type"":""MultiPoint"",""coordinates"":[]}"
20090730,-0.001326808,2009-07-30,"{""type"":""MultiPoint"",""coordinates"":[]}"
20090731,-0.001578198,2009-07-31,"{""type"":""MultiPoint"",""coordinates"":[]}"
20090801,-0.001878456,2009-08-01,"{""type"":""MultiPoint"",""coordinates"":[]}"
20090802,-0.002782939,2009-08-02,"{""type"":""MultiPoint"",""coordinates"":[]}"
20090803,-0.002766974,2009-08-03,"{""type"":""MultiPoint"",""coordinates"":[]}"
20090804,-0.002255794,2009-08-04,"{""type"":""MultiPoint"",""coordinates"":[]}"
20090805,-0.002602506,2009-08-05,"{""type"":""MultiPoint"",""coordinates"":[]}"
20090806,-0.002801278,2009-08-06,"{""type"":""MultiPoint"",""coordinates"":[]}"
20090807,-0.002653648,2009-08-07,"{""type"":""MultiPoint"",""coordinates"":[]}"
20090808,-0.001990205,2009-08-08,"{""type"":""MultiPoint"",""coordinates"":[]}"
20090809,-0.00211035,2009-08-09,"{""type"":""MultiPoint"",""coordinates"":[]}"
20090810,-0.001991648,2009-08-10,"{""type"":""MultiPoint"",""coordinates"":[]}"
20090811,-0.001898533,2009-08-11,"{""type"":""MultiPoint"",""coordinates"":[]}"
20090812,-0.00221901,2009-08-12,"{""type"":""MultiPoint"",""coordinates"":[]}"
20090813,-0.002588144,2009-08-13,"{""type"":""MultiPoint"",""coordinates"":[]}"
20090814,-0.002523434,2009-08-14,"{""type"":""MultiPoint"",""coordinates"":[]}"
20090815,-0.001653848,2009-08-15,"{""type"":""MultiPoint"",""coordinates"":[]}"
20090816,-0.001650083,2009-08-16,"{""type"":""MultiPoint"",""coordinates"":[]}"
20090817,-5.84E-04,2009-08-17,"{""type"":""MultiPoint"",""coordinates"":[]}"
20090818,-0.001860759,2009-08-18,"{""type"":""MultiPoint"",""coordinates"":[]}"
20090819,-0.002773423,2009-08-19,"{""type"":""MultiPoint"",""coordinates"":[]}"
20090820,-0.002656568,2009-08-20,"{""type"":""MultiPoint"",""coordinates"":[]}"
20090821,-0.002270119,2009-08-21,"{""type"":""MultiPoint"",""coordinates"":[]}"
20090822,-0.00204811,2009-08-22,"{""type"":""MultiPoint"",""coordinates"":[]}"
20090823,-0.001084172,2009-08-23,"{""type"":""MultiPoint"",""coordinates"":[]}"
20090824,-0.001471827,2009-08-24,"{""type"":""MultiPoint"",""coordinates"":[]}"
20090825,-0.001289512,2009-08-25,"{""type"":""MultiPoint"",""coordinates"":[]}"
20090826,-0.002307293,2009-08-26,"{""type"":""MultiPoint"",""coordinates"":[]}"
20090827,-0.002524384,2009-08-27,"{""type"":""MultiPoint"",""coordinates"":[]}"
20090828,-0.002654436,2009-08-28,"{""type"":""MultiPoint"",""coordinates"":[]}"
20090829,-0.002706246,2009-08-29,"{""type"":""MultiPoint"",""coordinates"":[]}"
20090830,-0.002782296,2009-08-30,"{""type"":""MultiPoint"",""coordinates"":[]}"
20090831,-0.001665064,2009-08-31,"{""type"":""MultiPoint"",""coordinates"":[]}"
20090901,-8.84E-05,2009-09-01,"{""type"":""MultiPoint"",""coordinates"":[]}"
20090902,-8.00E-04,2009-09-02,"{""type"":""MultiPoint"",""coordinates"":[]}"
20090903,-0.001507063,2009-09-03,"{""type"":""MultiPoint"",""coordinates"":[]}"
20090904,-0.001342819,2009-09-04,"{""type"":""MultiPoint"",""coordinates"":[]}"
20090905,-0.001543588,2009-09-05,"{""type"":""MultiPoint"",""coordinates"":[]}"
20090906,-0.001865429,2009-09-06,"{""type"":""MultiPoint"",""coordinates"":[]}"
20090907,-0.002418833,2009-09-07,"{""type"":""MultiPoint"",""coordinates"":[]}"
20090908,-0.002874139,2009-09-08,"{""type"":""MultiPoint"",""coordinates"":[]}"
20090909,-0.003150957,2009-09-09,"{""type"":""MultiPoint"",""coordinates"":[]}"
20090910,-0.00314095,2009-09-10,"{""type"":""MultiPoint"",""coordinates"":[]}"
20090911,-0.003354287,2009-09-11,"{""type"":""MultiPoint"",""coordinates"":[]}"
20090912,-0.00260345,2009-09-12,"{""type"":""MultiPoint"",""coordinates"":[]}"
20090913,-0.002387857,2009-09-13,"{""type"":""MultiPoint"",""coordinates"":[]}"
20090914,-0.00222683,2009-09-14,"{""type"":""MultiPoint"",""coordinates"":[]}"
20090915,-0.002217116,2009-09-15,"{""type"":""MultiPoint"",""coordinates"":[]}"
20090916,-0.001989736,2009-09-16,"{""type"":""MultiPoint"",""coordinates"":[]}"
20090917,-0.00234936,2009-09-17,"{""type"":""MultiPoint"",""coordinates"":[]}"
20090918,-0.002255268,2009-09-18,"{""type"":""MultiPoint"",""coordinates"":[]}"
20090919,-0.002071282,2009-09-19,"{""type"":""MultiPoint"",""coordinates"":[]}"
20090920,-0.001989278,2009-09-20,"{""type"":""MultiPoint"",""coordinates"":[]}"
20090921,-0.001840566,2009-09-21,"{""type"":""MultiPoint"",""coordinates"":[]}"
20090922,-0.002274681,2009-09-22,"{""type"":""MultiPoint"",""coordinates"":[]}"
20090923,-0.002707163,2009-09-23,"{""type"":""MultiPoint"",""coordinates"":[]}"
20090924,-0.002916672,2009-09-24,"{""type"":""MultiPoint"",""coordinates"":[]}"
20090925,-0.002471176,2009-09-25,"{""type"":""MultiPoint"",""coordinates"":[]}"
20090926,-0.0030604,2009-09-26,"{""type"":""MultiPoint"",""coordinates"":[]}"
20090927,-0.002514241,2009-09-27,"{""type"":""MultiPoint"",""coordinates"":[]}"
20090928,-0.001984121,2009-09-28,"{""type"":""MultiPoint"",""coordinates"":[]}"
20090929,-0.001276553,2009-09-29,"{""type"":""MultiPoint"",""coordinates"":[]}"
20090930,-0.0015052,2009-09-30,"{""type"":""MultiPoint"",""coordinates"":[]}"
20091001,-1.38E-04,2009-10-01,"{""type"":""MultiPoint"",""coordinates"":[]}"
20091002,-0.001755143,2009-10-02,"{""type"":""MultiPoint"",""coordinates"":[]}"
20091003,-0.001426415,2009-10-03,"{""type"":""MultiPoint"",""coordinates"":[]}"
20091004,-0.002523818,2009-10-04,"{""type"":""MultiPoint"",""coordinates"":[]}"
20091005,-0.003004397,2009-10-05,"{""type"":""MultiPoint"",""coordinates"":[]}"
20091006,-0.002702531,2009-10-06,"{""type"":""MultiPoint"",""coordinates"":[]}"
20091007,-0.00319727,2009-10-07,"{""type"":""MultiPoint"",""coordinates"":[]}"
20091008,-0.002865776,2009-10-08,"{""type"":""MultiPoint"",""coordinates"":[]}"
20091009,-0.002816111,2009-10-09,"{""type"":""MultiPoint"",""coordinates"":[]}"
20091010,-0.002154058,2009-10-10,"{""type"":""MultiPoint"",""coordinates"":[]}"
20091011,-0.001212315,2009-10-11,"{""type"":""MultiPoint"",""coordinates"":[]}"
20091012,-0.001795365,2009-10-12,"{""type"":""MultiPoint"",""coordinates"":[]}"
20091013,-0.003086445,2009-10-13,"{""type"":""MultiPoint"",""coordinates"":[]}"
20091014,-0.00266265,2009-10-14,"{""type"":""MultiPoint"",""coordinates"":[]}"
20091015,-0.003323486,2009-10-15,"{""type"":""MultiPoint"",""coordinates"":[]}"
20091016,-0.003931119,2009-10-16,"{""type"":""MultiPoint"",""coordinates"":[]}"
20091017,-0.003461805,2009-10-17,"{""type"":""MultiPoint"",""coordinates"":[]}"
20091018,-0.003524226,2009-10-18,"{""type"":""MultiPoint"",""coordinates"":[]}"
20091019,-0.004029539,2009-10-19,"{""type"":""MultiPoint"",""coordinates"":[]}"
20091020,-0.00368338,2009-10-20,"{""type"":""MultiPoint"",""coordinates"":[]}"
20091021,-0.003922046,2009-10-21,"{""type"":""MultiPoint"",""coordinates"":[]}"
20091022,-0.003994323,2009-10-22,"{""type"":""MultiPoint"",""coordinates"":[]}"
20091023,-0.003551829,2009-10-23,"{""type"":""MultiPoint"",""coordinates"":[]}"
20091024,-0.003030809,2009-10-24,"{""type"":""MultiPoint"",""coordinates"":[]}"
20091025,-0.003076814,2009-10-25,"{""type"":""MultiPoint"",""coordinates"":[]}"
20091026,-0.00361674,2009-10-26,"{""type"":""MultiPoint"",""coordinates"":[]}"
20091027,-0.003186174,2009-10-27,"{""type"":""MultiPoint"",""coordinates"":[]}"
20091028,-0.001700116,2009-10-28,"{""type"":""MultiPoint"",""coordinates"":[]}"
20091029,-0.00125468,2009-10-29,"{""type"":""MultiPoint"",""coordinates"":[]}"
20091030,-0.00217816,2009-10-30,"{""type"":""MultiPoint"",""coordinates"":[]}"
20091031,-0.003434927,2009-10-31,"{""type"":""MultiPoint"",""coordinates"":[]}"
20091101,-0.003405858,2009-11-01,"{""type"":""MultiPoint"",""coordinates"":[]}"
20091102,-0.00349368,2009-11-02,"{""type"":""MultiPoint"",""coordinates"":[]}"
20091103,-0.001763316,2009-11-03,"{""type"":""MultiPoint"",""coordinates"":[]}"
20091104,-0.001522321,2009-11-04,"{""type"":""MultiPoint"",""coordinates"":[]}"
20091105,-0.001090099,2009-11-05,"{""type"":""MultiPoint"",""coordinates"":[]}"
20091106,-4.17E-04,2009-11-06,"{""type"":""MultiPoint"",""coordinates"":[]}"
20091107,-6.72E-05,2009-11-07,"{""type"":""MultiPoint"",""coordinates"":[]}"
20091108,-8.15E-05,2009-11-08,"{""type"":""MultiPoint"",""coordinates"":[]}"
20091109,-7.62E-04,2009-11-09,"{""type"":""MultiPoint"",""coordinates"":[]}"
20091110,-1.23E-04,2009-11-10,"{""type"":""MultiPoint"",""coordinates"":[]}"
20091111,-0.001620841,2009-11-11,"{""type"":""MultiPoint"",""coordinates"":[]}"
20091112,-0.002697098,2009-11-12,"{""type"":""MultiPoint"",""coordinates"":[]}"
20091113,-0.001650051,2009-11-13,"{""type"":""MultiPoint"",""coordinates"":[]}"
20091114,-0.001118832,2009-11-14,"{""type"":""MultiPoint"",""coordinates"":[]}"
20091115,-4.63E-04,2009-11-15,"{""type"":""MultiPoint"",""coordinates"":[]}"
20091116,-0.001801568,2009-11-16,"{""type"":""MultiPoint"",""coordinates"":[]}"
20091117,-0.001560528,2009-11-17,"{""type"":""MultiPoint"",""coordinates"":[]}"
20091118,-0.00119174,2009-11-18,"{""type"":""MultiPoint"",""coordinates"":[]}"
20091119,-0.001120862,2009-11-19,"{""type"":""MultiPoint"",""coordinates"":[]}"
20091120,-0.001748143,2009-11-20,"{""type"":""MultiPoint"",""coordinates"":[]}"
20091121,-0.0015504,2009-11-21,"{""type"":""MultiPoint"",""coordinates"":[]}"
20091122,-0.002394184,2009-11-22,"{""type"":""MultiPoint"",""coordinates"":[]}"
20091123,-0.002043159,2009-11-23,"{""type"":""MultiPoint"",""coordinates"":[]}"
20091124,-0.001820593,2009-11-24,"{""type"":""MultiPoint"",""coordinates"":[]}"
20091125,-0.002531856,2009-11-25,"{""type"":""MultiPoint"",""coordinates"":[]}"
20091126,-0.003140818,2009-11-26,"{""type"":""MultiPoint"",""coordinates"":[]}"
20091127,-0.003169683,2009-11-27,"{""type"":""MultiPoint"",""coordinates"":[]}"
20091128,-0.003051488,2009-11-28,"{""type"":""MultiPoint"",""coordinates"":[]}"
20091129,-0.003019959,2009-11-29,"{""type"":""MultiPoint"",""coordinates"":[]}"
20091130,-0.002603892,2009-11-30,"{""type"":""MultiPoint"",""coordinates"":[]}"
20091201,-0.003211985,2009-12-01,"{""type"":""MultiPoint"",""coordinates"":[]}"
20091202,-0.001256175,2009-12-02,"{""type"":""MultiPoint"",""coordinates"":[]}"
20091203,-0.001445813,2009-12-03,"{""type"":""MultiPoint"",""coordinates"":[]}"
20091204,-9.67E-04,2009-12-04,"{""type"":""MultiPoint"",""coordinates"":[]}"
20091205,-0.002697519,2009-12-05,"{""type"":""MultiPoint"",""coordinates"":[]}"
20091206,-0.002966563,2009-12-06,"{""type"":""MultiPoint"",""coordinates"":[]}"
20091207,-0.002932458,2009-12-07,"{""type"":""MultiPoint"",""coordinates"":[]}"
20091208,-0.002642494,2009-12-08,"{""type"":""MultiPoint"",""coordinates"":[]}"
20091209,-0.002747938,2009-12-09,"{""type"":""MultiPoint"",""coordinates"":[]}"
20091210,-0.00288652,2009-12-10,"{""type"":""MultiPoint"",""coordinates"":[]}"
20091211,-0.002749157,2009-12-11,"{""type"":""MultiPoint"",""coordinates"":[]}"
20091212,-0.001233079,2009-12-12,"{""type"":""MultiPoint"",""coordinates"":[]}"
20091213,-0.001398086,2009-12-13,"{""type"":""MultiPoint"",""coordinates"":[]}"
20091214,-0.002729217,2009-12-14,"{""type"":""MultiPoint"",""coordinates"":[]}"
20091215,-0.001322325,2009-12-15,"{""type"":""MultiPoint"",""coordinates"":[]}"
20091216,-8.72E-04,2009-12-16,"{""type"":""MultiPoint"",""coordinates"":[]}"
20091217,-8.80E-04,2009-12-17,"{""type"":""MultiPoint"",""coordinates"":[]}"
20091218,-0.001550304,2009-12-18,"{""type"":""MultiPoint"",""coordinates"":[]}"
20091219,-0.00215945,2009-12-19,"{""type"":""MultiPoint"",""coordinates"":[]}"
20091220,-0.002022142,2009-12-20,"{""type"":""MultiPoint"",""coordinates"":[]}"
20091221,-9.29E-04,2009-12-21,"{""type"":""MultiPoint"",""coordinates"":[]}"
20091222,-9.79E-04,2009-12-22,"{""type"":""MultiPoint"",""coordinates"":[]}"
20091223,-0.00176225,2009-12-23,"{""type"":""MultiPoint"",""coordinates"":[]}"
20091224,-0.002502594,2009-12-24,"{""type"":""MultiPoint"",""coordinates"":[]}"
20091225,-0.001836034,2009-12-25,"{""type"":""MultiPoint"",""coordinates"":[]}"
20091226,-0.001819096,2009-12-26,"{""type"":""MultiPoint"",""coordinates"":[]}"
20091227,-0.001514321,2009-12-27,"{""type"":""MultiPoint"",""coordinates"":[]}"
20091228,-0.001036403,2009-12-28,"{""type"":""MultiPoint"",""coordinates"":[]}"
20091229,-0.001412456,2009-12-29,"{""type"":""MultiPoint"",""coordinates"":[]}"
20091230,-0.002406393,2009-12-30,"{""type"":""MultiPoint"",""coordinates"":[]}"
20091231,-0.001766031,2009-12-31,"{""type"":""MultiPoint"",""coordinates"":[]}"
20100101,-0.001987447,2010-01-01,"{""type"":""MultiPoint"",""coordinates"":[]}"
20100102,-0.002615487,2010-01-02,"{""type"":""MultiPoint"",""coordinates"":[]}"
20100103,-0.002436281,2010-01-03,"{""type"":""MultiPoint"",""coordinates"":[]}"
20100104,-0.002605811,2010-01-04,"{""type"":""MultiPoint"",""coordinates"":[]}"
20100105,-0.002601266,2010-01-05,"{""type"":""MultiPoint"",""coordinates"":[]}"
20100106,-0.002254699,2010-01-06,"{""type"":""MultiPoint"",""coordinates"":[]}"
20100107,-0.002263293,2010-01-07,"{""type"":""MultiPoint"",""coordinates"":[]}"
20100108,-0.002227076,2010-01-08,"{""type"":""MultiPoint"",""coordinates"":[]}"
20100109,-0.001086015,2010-01-09,"{""type"":""MultiPoint"",""coordinates"":[]}"
20100110,-0.001687387,2010-01-10,"{""type"":""MultiPoint"",""coordinates"":[]}"
20100111,-0.001674886,2010-01-11,"{""type"":""MultiPoint"",""coordinates"":[]}"
20100112,-0.001441375,2010-01-12,"{""type"":""MultiPoint"",""coordinates"":[]}"
20100113,-9.06E-04,2010-01-13,"{""type"":""MultiPoint"",""coordinates"":[]}"
20100114,-0.001666062,2010-01-14,"{""type"":""MultiPoint"",""coordinates"":[]}"
20100115,-0.001915613,2010-01-15,"{""type"":""MultiPoint"",""coordinates"":[]}"
20100116,-0.00194515,2010-01-16,"{""type"":""MultiPoint"",""coordinates"":[]}"
20100117,-0.001860179,2010-01-17,"{""type"":""MultiPoint"",""coordinates"":[]}"
20100118,-0.001578335,2010-01-18,"{""type"":""MultiPoint"",""coordinates"":[]}"
20100119,-0.001447263,2010-01-19,"{""type"":""MultiPoint"",""coordinates"":[]}"
20100120,-0.00171939,2010-01-20,"{""type"":""MultiPoint"",""coordinates"":[]}"
20100121,-0.002038268,2010-01-21,"{""type"":""MultiPoint"",""coordinates"":[]}"
20100122,-0.00201603,2010-01-22,"{""type"":""MultiPoint"",""coordinates"":[]}"
20100123,-0.001935231,2010-01-23,"{""type"":""MultiPoint"",""coordinates"":[]}"
20100124,-0.001958593,2010-01-24,"{""type"":""MultiPoint"",""coordinates"":[]}"
20100125,-0.001630322,2010-01-25,"{""type"":""MultiPoint"",""coordinates"":[]}"
20100126,-0.001597322,2010-01-26,"{""type"":""MultiPoint"",""coordinates"":[]}"
20100127,-0.001357553,2010-01-27,"{""type"":""MultiPoint"",""coordinates"":[]}"
20100128,-0.001599179,2010-01-28,"{""type"":""MultiPoint"",""coordinates"":[]}"
20100129,-0.00169856,2010-01-29,"{""type"":""MultiPoint"",""coordinates"":[]}"
20100130,-0.001814199,2010-01-30,"{""type"":""MultiPoint"",""coordinates"":[]}"
20100131,-0.001746296,2010-01-31,"{""type"":""MultiPoint"",""coordinates"":[]}"
20100201,-0.001661972,2010-02-01,"{""type"":""MultiPoint"",""coordinates"":[]}"
20100202,-0.001723589,2010-02-02,"{""type"":""MultiPoint"",""coordinates"":[]}"
20100203,-0.001770947,2010-02-03,"{""type"":""MultiPoint"",""coordinates"":[]}"
20100204,-0.001744827,2010-02-04,"{""type"":""MultiPoint"",""coordinates"":[]}"
20100205,-0.001658029,2010-02-05,"{""type"":""MultiPoint"",""coordinates"":[]}"
20100206,-0.001516314,2010-02-06,"{""type"":""MultiPoint"",""coordinates"":[]}"
20100207,-0.001375471,2010-02-07,"{""type"":""MultiPoint"",""coordinates"":[]}"
20100208,-0.001638551,2010-02-08,"{""type"":""MultiPoint"",""coordinates"":[]}"
20100209,-0.001737484,2010-02-09,"{""type"":""MultiPoint"",""coordinates"":[]}"
20100210,-0.001481698,2010-02-10,"{""type"":""MultiPoint"",""coordinates"":[]}"
20100211,-0.001462563,2010-02-11,"{""type"":""MultiPoint"",""coordinates"":[]}"
20100212,-0.00147705,2010-02-12,"{""type"":""MultiPoint"",""coordinates"":[]}"
20100213,-0.001596407,2010-02-13,"{""type"":""MultiPoint"",""coordinates"":[]}"
20100214,-0.001686636,2010-02-14,"{""type"":""MultiPoint"",""coordinates"":[]}"
20100215,-0.001608058,2010-02-15,"{""type"":""MultiPoint"",""coordinates"":[]}"
20100216,-0.001542969,2010-02-16,"{""type"":""MultiPoint"",""coordinates"":[]}"
20100217,-0.001580852,2010-02-17,"{""type"":""MultiPoint"",""coordinates"":[]}"
20100218,-0.001566134,2010-02-18,"{""type"":""MultiPoint"",""coordinates"":[]}"
20100219,-0.00153224,2010-02-19,"{""type"":""MultiPoint"",""coordinates"":[]}"
20100220,-0.001571654,2010-02-20,"{""type"":""MultiPoint"",""coordinates"":[]}"
20100221,-0.00144863,2010-02-21,"{""type"":""MultiPoint"",""coordinates"":[]}"
20100222,-0.001484607,2010-02-22,"{""type"":""MultiPoint"",""coordinates"":[]}"
20100223,-0.001412454,2010-02-23,"{""type"":""MultiPoint"",""coordinates"":[]}"
20100224,-9.82E-04,2010-02-24,"{""type"":""MultiPoint"",""coordinates"":[]}"
20100225,-0.001037829,2010-02-25,"{""type"":""MultiPoint"",""coordinates"":[]}"
20100226,-0.001072253,2010-02-26,"{""type"":""MultiPoint"",""coordinates"":[]}"
20100227,-0.001436481,2010-02-27,"{""type"":""MultiPoint"",""coordinates"":[]}"
20100228,-0.001409672,2010-02-28,"{""type"":""MultiPoint"",""coordinates"":[]}"
20100301,-0.001371507,2010-03-01,"{""type"":""MultiPoint"",""coordinates"":[]}"
20100302,-0.001411705,2010-03-02,"{""type"":""MultiPoint"",""coordinates"":[]}"
20100303,-0.001431244,2010-03-03,"{""type"":""MultiPoint"",""coordinates"":[]}"
20100304,-0.001352325,2010-03-04,"{""type"":""MultiPoint"",""coordinates"":[]}"
20100305,-0.001272282,2010-03-05,"{""type"":""MultiPoint"",""coordinates"":[]}"
20100306,-0.00119621,2010-03-06,"{""type"":""MultiPoint"",""coordinates"":[]}"
20100307,-0.001180243,2010-03-07,"{""type"":""MultiPoint"",""coordinates"":[]}"
20100308,-0.00123429,2010-03-08,"{""type"":""MultiPoint"",""coordinates"":[]}"
20100309,-0.001263059,2010-03-09,"{""type"":""MultiPoint"",""coordinates"":[]}"
20100310,-0.0011473,2010-03-10,"{""type"":""MultiPoint"",""coordinates"":[]}"
20100311,-0.00105778,2010-03-11,"{""type"":""MultiPoint"",""coordinates"":[]}"
20100312,-0.00105377,2010-03-12,"{""type"":""MultiPoint"",""coordinates"":[]}"
20100313,-0.001068899,2010-03-13,"{""type"":""MultiPoint"",""coordinates"":[]}"
20100314,-0.001105492,2010-03-14,"{""type"":""MultiPoint"",""coordinates"":[]}"
20100315,-0.001166182,2010-03-15,"{""type"":""MultiPoint"",""coordinates"":[]}"
20100316,-9.56E-04,2010-03-16,"{""type"":""MultiPoint"",""coordinates"":[]}"
20100317,-0.001015233,2010-03-17,"{""type"":""MultiPoint"",""coordinates"":[]}"
20100318,-9.97E-04,2010-03-18,"{""type"":""MultiPoint"",""coordinates"":[]}"
20100319,-0.001012646,2010-03-19,"{""type"":""MultiPoint"",""coordinates"":[]}"
20100320,-0.001110821,2010-03-20,"{""type"":""MultiPoint"",""coordinates"":[]}"
20100321,-0.00109475,2010-03-21,"{""type"":""MultiPoint"",""coordinates"":[]}"
20100322,-0.001125356,2010-03-22,"{""type"":""MultiPoint"",""coordinates"":[]}"
20100323,-0.001093691,2010-03-23,"{""type"":""MultiPoint"",""coordinates"":[]}"
20100324,-0.001063761,2010-03-24,"{""type"":""MultiPoint"",""coordinates"":[]}"
20100325,-0.001021986,2010-03-25,"{""type"":""MultiPoint"",""coordinates"":[]}"
20100326,-0.001047911,2010-03-26,"{""type"":""MultiPoint"",""coordinates"":[]}"
20100327,-9.49E-04,2010-03-27,"{""type"":""MultiPoint"",""coordinates"":[]}"
20100328,-9.02E-04,2010-03-28,"{""type"":""MultiPoint"",""coordinates"":[]}"
20100329,-9.13E-04,2010-03-29,"{""type"":""MultiPoint"",""coordinates"":[]}"
20100330,-6.75E-04,2010-03-30,"{""type"":""MultiPoint"",""coordinates"":[]}"
20100331,-4.58E-04,2010-03-31,"{""type"":""MultiPoint"",""coordinates"":[]}"
20100401,-9.08E-04,2010-04-01,"{""type"":""MultiPoint"",""coordinates"":[]}"
20100402,-0.001023401,2010-04-02,"{""type"":""MultiPoint"",""coordinates"":[]}"
20100403,-7.55E-04,2010-04-03,"{""type"":""MultiPoint"",""coordinates"":[]}"
20100404,-8.46E-04,2010-04-04,"{""type"":""MultiPoint"",""coordinates"":[]}"
20100405,-9.23E-04,2010-04-05,"{""type"":""MultiPoint"",""coordinates"":[]}"
20100406,-8.80E-04,2010-04-06,"{""type"":""MultiPoint"",""coordinates"":[]}"
20100407,-8.16E-04,2010-04-07,"{""type"":""MultiPoint"",""coordinates"":[]}"
20100408,-6.38E-04,2010-04-08,"{""type"":""MultiPoint"",""coordinates"":[]}"
20100409,-8.37E-04,2010-04-09,"{""type"":""MultiPoint"",""coordinates"":[]}"
20100410,-8.73E-04,2010-04-10,"{""type"":""MultiPoint"",""coordinates"":[]}"
20100411,-9.13E-04,2010-04-11,"{""type"":""MultiPoint"",""coordinates"":[]}"
20100412,-7.23E-04,2010-04-12,"{""type"":""MultiPoint"",""coordinates"":[]}"
20100413,-6.98E-04,2010-04-13,"{""type"":""MultiPoint"",""coordinates"":[]}"
20100414,-5.86E-04,2010-04-14,"{""type"":""MultiPoint"",""coordinates"":[]}"
20100415,-8.10E-04,2010-04-15,"{""type"":""MultiPoint"",""coordinates"":[]}"
20100416,-7.23E-04,2010-04-16,"{""type"":""MultiPoint"",""coordinates"":[]}"
20100417,-7.50E-04,2010-04-17,"{""type"":""MultiPoint"",""coordinates"":[]}"
20100418,-6.35E-04,2010-04-18,"{""type"":""MultiPoint"",""coordinates"":[]}"
20100419,-3.89E-04,2010-04-19,"{""type"":""MultiPoint"",""coordinates"":[]}"
20100420,-0.001421928,2010-04-20,"{""type"":""MultiPoint"",""coordinates"":[]}"
20100421,-0.001648222,2010-04-21,"{""type"":""MultiPoint"",""coordinates"":[]}"
20100422,-0.001932744,2010-04-22,"{""type"":""MultiPoint"",""coordinates"":[]}"
20100423,-0.00251101,2010-04-23,"{""type"":""MultiPoint"",""coordinates"":[]}"
20100424,-0.001764334,2010-04-24,"{""type"":""MultiPoint"",""coordinates"":[]}"
20100425,-0.00224824,2010-04-25,"{""type"":""MultiPoint"",""coordinates"":[]}"
20100426,-0.001788093,2010-04-26,"{""type"":""MultiPoint"",""coordinates"":[]}"
20100427,-0.001838707,2010-04-27,"{""type"":""MultiPoint"",""coordinates"":[]}"
20100428,-0.001890441,2010-04-28,"{""type"":""MultiPoint"",""coordinates"":[]}"
20100429,-0.001944297,2010-04-29,"{""type"":""MultiPoint"",""coordinates"":[]}"
20100430,-0.001142149,2010-04-30,"{""type"":""MultiPoint"",""coordinates"":[]}"
20100501,-0.002060829,2010-05-01,"{""type"":""MultiPoint"",""coordinates"":[]}"
20100502,-0.001898321,2010-05-02,"{""type"":""MultiPoint"",""coordinates"":[]}"
20100503,-0.002057963,2010-05-03,"{""type"":""MultiPoint"",""coordinates"":[]}"
20100504,-0.001913119,2010-05-04,"{""type"":""MultiPoint"",""coordinates"":[]}"
20100505,-0.001673202,2010-05-05,"{""type"":""MultiPoint"",""coordinates"":[]}"
20100506,-0.001932013,2010-05-06,"{""type"":""MultiPoint"",""coordinates"":[]}"
20100507,-0.001472855,2010-05-07,"{""type"":""MultiPoint"",""coordinates"":[]}"
20100508,-0.001246351,2010-05-08,"{""type"":""MultiPoint"",""coordinates"":[]}"
20100509,-0.002742011,2010-05-09,"{""type"":""MultiPoint"",""coordinates"":[]}"
20100510,-0.002459746,2010-05-10,"{""type"":""MultiPoint"",""coordinates"":[]}"
20100511,-0.002626322,2010-05-11,"{""type"":""MultiPoint"",""coordinates"":[]}"
20100512,-0.002344213,2010-05-12,"{""type"":""MultiPoint"",""coordinates"":[]}"
20100513,-0.001887888,2010-05-13,"{""type"":""MultiPoint"",""coordinates"":[]}"
20100514,-0.001675499,2010-05-14,"{""type"":""MultiPoint"",""coordinates"":[]}"
20100515,-0.002086607,2010-05-15,"{""type"":""MultiPoint"",""coordinates"":[]}"
20100516,-0.001886363,2010-05-16,"{""type"":""MultiPoint"",""coordinates"":[]}"
20100517,-0.002397977,2010-05-17,"{""type"":""MultiPoint"",""coordinates"":[]}"
20100518,-0.002203841,2010-05-18,"{""type"":""MultiPoint"",""coordinates"":[]}"
20100519,-5.78E-04,2010-05-19,"{""type"":""MultiPoint"",""coordinates"":[]}"
20100520,-8.95E-04,2010-05-20,"{""type"":""MultiPoint"",""coordinates"":[]}"
20100521,-0.001593871,2010-05-21,"{""type"":""MultiPoint"",""coordinates"":[]}"
20100522,-0.003312378,2010-05-22,"{""type"":""MultiPoint"",""coordinates"":[]}"
20100523,-0.002624773,2010-05-23,"{""type"":""MultiPoint"",""coordinates"":[]}"
20100524,-0.00316587,2010-05-24,"{""type"":""MultiPoint"",""coordinates"":[]}"
20100525,-0.003505244,2010-05-25,"{""type"":""MultiPoint"",""coordinates"":[]}"
20100526,-0.002966008,2010-05-26,"{""type"":""MultiPoint"",""coordinates"":[]}"
20100527,-0.003490001,2010-05-27,"{""type"":""MultiPoint"",""coordinates"":[]}"
20100528,-0.003179705,2010-05-28,"{""type"":""MultiPoint"",""coordinates"":[]}"
20100529,-0.002960708,2010-05-29,"{""type"":""MultiPoint"",""coordinates"":[]}"
20100530,-0.002251349,2010-05-30,"{""type"":""MultiPoint"",""coordinates"":[]}"
20100531,-0.002160099,2010-05-31,"{""type"":""MultiPoint"",""coordinates"":[]}"
20100601,-0.003127645,2010-06-01,"{""type"":""MultiPoint"",""coordinates"":[]}"
20100602,-0.002878834,2010-06-02,"{""type"":""MultiPoint"",""coordinates"":[]}"
20100603,-0.002626834,2010-06-03,"{""type"":""MultiPoint"",""coordinates"":[]}"
20100604,-0.00264066,2010-06-04,"{""type"":""MultiPoint"",""coordinates"":[]}"
20100605,-0.00265231,2010-06-05,"{""type"":""MultiPoint"",""coordinates"":[]}"
20100606,-0.003208536,2010-06-06,"{""type"":""MultiPoint"",""coordinates"":[]}"
20100607,-0.001699537,2010-06-07,"{""type"":""MultiPoint"",""coordinates"":[]}"
20100608,-0.002439488,2010-06-08,"{""type"":""MultiPoint"",""coordinates"":[]}"
20100609,-0.001553374,2010-06-09,"{""type"":""MultiPoint"",""coordinates"":[]}"
20100610,-0.002061902,2010-06-10,"{""type"":""MultiPoint"",""coordinates"":[]}"
20100611,-7.05E-04,2010-06-11,"{""type"":""MultiPoint"",""coordinates"":[]}"
20100612,-0.001576126,2010-06-12,"{""type"":""MultiPoint"",""coordinates"":[]}"
20100613,-8.67E-04,2010-06-13,"{""type"":""MultiPoint"",""coordinates"":[]}"
20100614,-3.74E-04,2010-06-14,"{""type"":""MultiPoint"",""coordinates"":[]}"
20100615,-0.001137473,2010-06-15,"{""type"":""MultiPoint"",""coordinates"":[]}"
20100616,-0.001902564,2010-06-16,"{""type"":""MultiPoint"",""coordinates"":[]}"
20100617,-0.001549812,2010-06-17,"{""type"":""MultiPoint"",""coordinates"":[]}"
20100618,-0.002107067,2010-06-18,"{""type"":""MultiPoint"",""coordinates"":[]}"
20100619,-0.002041742,2010-06-19,"{""type"":""MultiPoint"",""coordinates"":[]}"
20100620,-0.002114051,2010-06-20,"{""type"":""MultiPoint"",""coordinates"":[]}"
20100621,-0.003076668,2010-06-21,"{""type"":""MultiPoint"",""coordinates"":[]}"
20100622,-0.002237826,2010-06-22,"{""type"":""MultiPoint"",""coordinates"":[]}"
20100623,-0.001917929,2010-06-23,"{""type"":""MultiPoint"",""coordinates"":[]}"
20100624,-0.001469957,2010-06-24,"{""type"":""MultiPoint"",""coordinates"":[]}"
20100625,-0.001262897,2010-06-25,"{""type"":""MultiPoint"",""coordinates"":[]}"
20100626,-0.001280077,2010-06-26,"{""type"":""MultiPoint"",""coordinates"":[]}"
20100627,-0.001581119,2010-06-27,"{""type"":""MultiPoint"",""coordinates"":[]}"
20100628,-0.002137325,2010-06-28,"{""type"":""MultiPoint"",""coordinates"":[]}"
20100629,-0.00212872,2010-06-29,"{""type"":""MultiPoint"",""coordinates"":[]}"
20100630,-0.001815581,2010-06-30,"{""type"":""MultiPoint"",""coordinates"":[]}"
20100701,-0.001065613,2010-07-01,"{""type"":""MultiPoint"",""coordinates"":[]}"
20100702,-2.20E-04,2010-07-02,"{""type"":""MultiPoint"",""coordinates"":[]}"
20100703,-3.35E-04,2010-07-03,"{""type"":""MultiPoint"",""coordinates"":[]}"
20100704,-0.001483843,2010-07-04,"{""type"":""MultiPoint"",""coordinates"":[]}"
20100705,-9.09E-04,2010-07-05,"{""type"":""MultiPoint"",""coordinates"":[]}"
20100706,-0.001620627,2010-07-06,"{""type"":""MultiPoint"",""coordinates"":[]}"
20100707,-0.001226493,2010-07-07,"{""type"":""MultiPoint"",""coordinates"":[]}"
20100708,-0.001395755,2010-07-08,"{""type"":""MultiPoint"",""coordinates"":[]}"
20100709,-0.002442124,2010-07-09,"{""type"":""MultiPoint"",""coordinates"":[]}"
20100710,-0.003022552,2010-07-10,"{""type"":""MultiPoint"",""coordinates"":[]}"
20100711,-0.002746942,2010-07-11,"{""type"":""MultiPoint"",""coordinates"":[]}"
20100712,-0.002330872,2010-07-12,"{""type"":""MultiPoint"",""coordinates"":[]}"
20100713,-0.002405535,2010-07-13,"{""type"":""MultiPoint"",""coordinates"":[]}"
20100714,-0.003195965,2010-07-14,"{""type"":""MultiPoint"",""coordinates"":[]}"
20100715,-0.002165365,2010-07-15,"{""type"":""MultiPoint"",""coordinates"":[]}"
20100716,-0.001561272,2010-07-16,"{""type"":""MultiPoint"",""coordinates"":[]}"
20100717,-0.001275126,2010-07-17,"{""type"":""MultiPoint"",""coordinates"":[]}"
20100718,-0.001451743,2010-07-18,"{""type"":""MultiPoint"",""coordinates"":[]}"
20100719,-0.001137066,2010-07-19,"{""type"":""MultiPoint"",""coordinates"":[]}"
20100720,-3.90E-04,2010-07-20,"{""type"":""MultiPoint"",""coordinates"":[]}"
20100721,-7.91E-04,2010-07-21,"{""type"":""MultiPoint"",""coordinates"":[]}"
20100722,-7.12E-04,2010-07-22,"{""type"":""MultiPoint"",""coordinates"":[]}"
20100723,-0.001873822,2010-07-23,"{""type"":""MultiPoint"",""coordinates"":[]}"
20100724,-0.001686566,2010-07-24,"{""type"":""MultiPoint"",""coordinates"":[]}"
20100725,-0.001606532,2010-07-25,"{""type"":""MultiPoint"",""coordinates"":[]}"
20100726,-0.002050063,2010-07-26,"{""type"":""MultiPoint"",""coordinates"":[]}"
20100727,-0.00217831,2010-07-27,"{""type"":""MultiPoint"",""coordinates"":[]}"
20100728,-0.001108058,2010-07-28,"{""type"":""MultiPoint"",""coordinates"":[]}"
20100729,-6.71E-04,2010-07-29,"{""type"":""MultiPoint"",""coordinates"":[]}"
20100730,-5.67E-04,2010-07-30,"{""type"":""MultiPoint"",""coordinates"":[]}"
20100731,-0.002084305,2010-07-31,"{""type"":""MultiPoint"",""coordinates"":[]}"
20100801,-0.002148629,2010-08-01,"{""type"":""MultiPoint"",""coordinates"":[]}"
20100802,-0.002332471,2010-08-02,"{""type"":""MultiPoint"",""coordinates"":[]}"
20100803,-0.001551566,2010-08-03,"{""type"":""MultiPoint"",""coordinates"":[]}"
20100804,-0.001396205,2010-08-04,"{""type"":""MultiPoint"",""coordinates"":[]}"
20100805,-0.002086968,2010-08-05,"{""type"":""MultiPoint"",""coordinates"":[]}"
20100806,-0.001993684,2010-08-06,"{""type"":""MultiPoint"",""coordinates"":[]}"
20100807,-0.002039229,2010-08-07,"{""type"":""MultiPoint"",""coordinates"":[]}"
20100808,-0.002193682,2010-08-08,"{""type"":""MultiPoint"",""coordinates"":[]}"
20100809,-0.002339377,2010-08-09,"{""type"":""MultiPoint"",""coordinates"":[]}"
20100810,-0.003035614,2010-08-10,"{""type"":""MultiPoint"",""coordinates"":[]}"
20100811,-0.002612462,2010-08-11,"{""type"":""MultiPoint"",""coordinates"":[]}"
20100812,-0.002202407,2010-08-12,"{""type"":""MultiPoint"",""coordinates"":[]}"
20100813,-0.001835305,2010-08-13,"{""type"":""MultiPoint"",""coordinates"":[]}"
20100814,-0.002091228,2010-08-14,"{""type"":""MultiPoint"",""coordinates"":[]}"
20100815,-0.001565165,2010-08-15,"{""type"":""MultiPoint"",""coordinates"":[]}"
20100816,-0.001466005,2010-08-16,"{""type"":""MultiPoint"",""coordinates"":[]}"
20100817,-0.002123667,2010-08-17,"{""type"":""MultiPoint"",""coordinates"":[]}"
20100818,-0.001730029,2010-08-18,"{""type"":""MultiPoint"",""coordinates"":[]}"
20100819,-0.002466833,2010-08-19,"{""type"":""MultiPoint"",""coordinates"":[]}"
20100820,-0.001758384,2010-08-20,"{""type"":""MultiPoint"",""coordinates"":[]}"
20100821,-7.20E-04,2010-08-21,"{""type"":""MultiPoint"",""coordinates"":[]}"
20100822,-0.001189992,2010-08-22,"{""type"":""MultiPoint"",""coordinates"":[]}"
20100823,-0.001558869,2010-08-23,"{""type"":""MultiPoint"",""coordinates"":[]}"
20100824,-8.44E-04,2010-08-24,"{""type"":""MultiPoint"",""coordinates"":[]}"
20100825,-6.59E-09,2010-08-25,"{""type"":""MultiPoint"",""coordinates"":[]}"
20100826,-9.62E-04,2010-08-26,"{""type"":""MultiPoint"",""coordinates"":[]}"
20100827,-0.00181807,2010-08-27,"{""type"":""MultiPoint"",""coordinates"":[]}"
20100828,-0.002167759,2010-08-28,"{""type"":""MultiPoint"",""coordinates"":[]}"
20100829,-0.001677515,2010-08-29,"{""type"":""MultiPoint"",""coordinates"":[]}"
20100830,-0.001303721,2010-08-30,"{""type"":""MultiPoint"",""coordinates"":[]}"
20100831,-6.08E-04,2010-08-31,"{""type"":""MultiPoint"",""coordinates"":[]}"
20100901,-0.002844651,2010-09-01,"{""type"":""MultiPoint"",""coordinates"":[]}"
20100902,-0.002263257,2010-09-02,"{""type"":""MultiPoint"",""coordinates"":[]}"
20100903,-0.001746514,2010-09-03,"{""type"":""MultiPoint"",""coordinates"":[]}"
20100904,-0.001972939,2010-09-04,"{""type"":""MultiPoint"",""coordinates"":[]}"
20100905,-0.001721425,2010-09-05,"{""type"":""MultiPoint"",""coordinates"":[]}"
20100906,-0.001837098,2010-09-06,"{""type"":""MultiPoint"",""coordinates"":[]}"
20100907,-0.001998084,2010-09-07,"{""type"":""MultiPoint"",""coordinates"":[]}"
20100908,-0.001895651,2010-09-08,"{""type"":""MultiPoint"",""coordinates"":[]}"
20100909,-0.002322444,2010-09-09,"{""type"":""MultiPoint"",""coordinates"":[]}"
20100910,-0.002239364,2010-09-10,"{""type"":""MultiPoint"",""coordinates"":[]}"
20100911,-0.001531459,2010-09-11,"{""type"":""MultiPoint"",""coordinates"":[]}"
20100912,-0.002388647,2010-09-12,"{""type"":""MultiPoint"",""coordinates"":[]}"
20100913,-0.001847925,2010-09-13,"{""type"":""MultiPoint"",""coordinates"":[]}"
20100914,-0.001201362,2010-09-14,"{""type"":""MultiPoint"",""coordinates"":[]}"
20100915,-0.001799599,2010-09-15,"{""type"":""MultiPoint"",""coordinates"":[]}"
20100916,-0.001867969,2010-09-16,"{""type"":""MultiPoint"",""coordinates"":[]}"
20100917,-0.001961111,2010-09-17,"{""type"":""MultiPoint"",""coordinates"":[]}"
20100918,-0.002053045,2010-09-18,"{""type"":""MultiPoint"",""coordinates"":[]}"
20100919,-0.002885959,2010-09-19,"{""type"":""MultiPoint"",""coordinates"":[]}"
20100920,-0.003095101,2010-09-20,"{""type"":""MultiPoint"",""coordinates"":[]}"
20100921,-0.002184695,2010-09-21,"{""type"":""MultiPoint"",""coordinates"":[]}"
20100922,-0.002362844,2010-09-22,"{""type"":""MultiPoint"",""coordinates"":[]}"
20100923,-0.002758236,2010-09-23,"{""type"":""MultiPoint"",""coordinates"":[]}"
20100924,-0.001947438,2010-09-24,"{""type"":""MultiPoint"",""coordinates"":[]}"
20100925,-0.002443559,2010-09-25,"{""type"":""MultiPoint"",""coordinates"":[]}"
20100926,-0.002355188,2010-09-26,"{""type"":""MultiPoint"",""coordinates"":[]}"
20100927,-0.001673136,2010-09-27,"{""type"":""MultiPoint"",""coordinates"":[]}"
20100928,-0.002811113,2010-09-28,"{""type"":""MultiPoint"",""coordinates"":[]}"
20100929,-0.002801511,2010-09-29,"{""type"":""MultiPoint"",""coordinates"":[]}"
20100930,-0.003085006,2010-09-30,"{""type"":""MultiPoint"",""coordinates"":[]}"
20101001,-0.001910631,2010-10-01,"{""type"":""MultiPoint"",""coordinates"":[]}"
20101002,-0.001904241,2010-10-02,"{""type"":""MultiPoint"",""coordinates"":[]}"
20101003,-0.001880008,2010-10-03,"{""type"":""MultiPoint"",""coordinates"":[]}"
20101004,-0.002636318,2010-10-04,"{""type"":""MultiPoint"",""coordinates"":[]}"
20101005,-0.002249777,2010-10-05,"{""type"":""MultiPoint"",""coordinates"":[]}"
20101006,-0.001694329,2010-10-06,"{""type"":""MultiPoint"",""coordinates"":[]}"
20101007,-0.002178609,2010-10-07,"{""type"":""MultiPoint"",""coordinates"":[]}"
20101008,-0.00289309,2010-10-08,"{""type"":""MultiPoint"",""coordinates"":[]}"
20101009,-0.00260766,2010-10-09,"{""type"":""MultiPoint"",""coordinates"":[]}"
20101010,-0.002185597,2010-10-10,"{""type"":""MultiPoint"",""coordinates"":[]}"
20101011,-0.003613522,2010-10-11,"{""type"":""MultiPoint"",""coordinates"":[]}"
20101012,-0.003061605,2010-10-12,"{""type"":""MultiPoint"",""coordinates"":[]}"
20101013,-0.002673849,2010-10-13,"{""type"":""MultiPoint"",""coordinates"":[]}"
20101014,-0.00271703,2010-10-14,"{""type"":""MultiPoint"",""coordinates"":[]}"
20101015,-0.00191919,2010-10-15,"{""type"":""MultiPoint"",""coordinates"":[]}"
20101016,-0.002707993,2010-10-16,"{""type"":""MultiPoint"",""coordinates"":[]}"
20101017,-0.002183266,2010-10-17,"{""type"":""MultiPoint"",""coordinates"":[]}"
20101018,-0.002671513,2010-10-18,"{""type"":""MultiPoint"",""coordinates"":[]}"
20101019,-0.002803184,2010-10-19,"{""type"":""MultiPoint"",""coordinates"":[]}"
20101020,-0.001865093,2010-10-20,"{""type"":""MultiPoint"",""coordinates"":[]}"
20101021,-0.001883803,2010-10-21,"{""type"":""MultiPoint"",""coordinates"":[]}"
20101022,-0.001849669,2010-10-22,"{""type"":""MultiPoint"",""coordinates"":[]}"
20101023,-8.88E-04,2010-10-23,"{""type"":""MultiPoint"",""coordinates"":[]}"
20101024,-0.002131156,2010-10-24,"{""type"":""MultiPoint"",""coordinates"":[]}"
20101025,-0.002636718,2010-10-25,"{""type"":""MultiPoint"",""coordinates"":[]}"
20101026,-0.002245301,2010-10-26,"{""type"":""MultiPoint"",""coordinates"":[]}"
20101027,-0.001770623,2010-10-27,"{""type"":""MultiPoint"",""coordinates"":[]}"
20101028,-0.002588321,2010-10-28,"{""type"":""MultiPoint"",""coordinates"":[]}"
20101029,-0.001587874,2010-10-29,"{""type"":""MultiPoint"",""coordinates"":[]}"
20101030,-8.12E-04,2010-10-30,"{""type"":""MultiPoint"",""coordinates"":[]}"
20101031,-7.63E-04,2010-10-31,"{""type"":""MultiPoint"",""coordinates"":[]}"
20101101,-4.74E-04,2010-11-01,"{""type"":""MultiPoint"",""coordinates"":[]}"
20101102,-7.09E-04,2010-11-02,"{""type"":""MultiPoint"",""coordinates"":[]}"
20101103,-0.001997372,2010-11-03,"{""type"":""MultiPoint"",""coordinates"":[]}"
20101104,-0.00205108,2010-11-04,"{""type"":""MultiPoint"",""coordinates"":[]}"
20101105,-0.001757502,2010-11-05,"{""type"":""MultiPoint"",""coordinates"":[]}"
20101106,-0.002556497,2010-11-06,"{""type"":""MultiPoint"",""coordinates"":[]}"
20101107,-3.72E-04,2010-11-07,"{""type"":""MultiPoint"",""coordinates"":[]}"
20101108,-7.07E-04,2010-11-08,"{""type"":""MultiPoint"",""coordinates"":[]}"
20101109,-0.001784853,2010-11-09,"{""type"":""MultiPoint"",""coordinates"":[]}"
20101110,-0.001234932,2010-11-10,"{""type"":""MultiPoint"",""coordinates"":[]}"
20101111,-0.001481787,2010-11-11,"{""type"":""MultiPoint"",""coordinates"":[]}"
20101112,-0.001821009,2010-11-12,"{""type"":""MultiPoint"",""coordinates"":[]}"
20101113,-0.001931278,2010-11-13,"{""type"":""MultiPoint"",""coordinates"":[]}"
20101114,-0.002615977,2010-11-14,"{""type"":""MultiPoint"",""coordinates"":[]}"
20101115,-0.002312817,2010-11-15,"{""type"":""MultiPoint"",""coordinates"":[]}"
20101116,-0.001430322,2010-11-16,"{""type"":""MultiPoint"",""coordinates"":[]}"
20101117,-4.28E-04,2010-11-17,"{""type"":""MultiPoint"",""coordinates"":[]}"
20101118,-0.001548864,2010-11-18,"{""type"":""MultiPoint"",""coordinates"":[]}"
20101119,-0.002159426,2010-11-19,"{""type"":""MultiPoint"",""coordinates"":[]}"
20101120,-0.003340074,2010-11-20,"{""type"":""MultiPoint"",""coordinates"":[]}"
20101121,-0.001688532,2010-11-21,"{""type"":""MultiPoint"",""coordinates"":[]}"
20101122,-0.002457412,2010-11-22,"{""type"":""MultiPoint"",""coordinates"":[]}"
20101123,-0.00204683,2010-11-23,"{""type"":""MultiPoint"",""coordinates"":[]}"
20101124,-0.002067844,2010-11-24,"{""type"":""MultiPoint"",""coordinates"":[]}"
20101125,-0.002484333,2010-11-25,"{""type"":""MultiPoint"",""coordinates"":[]}"
20101126,-0.001468734,2010-11-26,"{""type"":""MultiPoint"",""coordinates"":[]}"
20101127,-4.12E-04,2010-11-27,"{""type"":""MultiPoint"",""coordinates"":[]}"
20101128,-0.001976606,2010-11-28,"{""type"":""MultiPoint"",""coordinates"":[]}"
20101129,-0.003101672,2010-11-29,"{""type"":""MultiPoint"",""coordinates"":[]}"
20101130,-0.002584977,2010-11-30,"{""type"":""MultiPoint"",""coordinates"":[]}"
20101201,-0.001438082,2010-12-01,"{""type"":""MultiPoint"",""coordinates"":[]}"
20101202,-0.001293916,2010-12-02,"{""type"":""MultiPoint"",""coordinates"":[]}"
20101203,-0.002401734,2010-12-03,"{""type"":""MultiPoint"",""coordinates"":[]}"
20101204,-0.00279362,2010-12-04,"{""type"":""MultiPoint"",""coordinates"":[]}"
20101205,-0.002000181,2010-12-05,"{""type"":""MultiPoint"",""coordinates"":[]}"
20101206,-0.002172038,2010-12-06,"{""type"":""MultiPoint"",""coordinates"":[]}"
20101207,-0.001081647,2010-12-07,"{""type"":""MultiPoint"",""coordinates"":[]}"
20101208,-0.0011327,2010-12-08,"{""type"":""MultiPoint"",""coordinates"":[]}"
20101209,-0.001573396,2010-12-09,"{""type"":""MultiPoint"",""coordinates"":[]}"
20101210,-0.002865539,2010-12-10,"{""type"":""MultiPoint"",""coordinates"":[]}"
20101211,-0.002366398,2010-12-11,"{""type"":""MultiPoint"",""coordinates"":[]}"
20101212,-0.002201837,2010-12-12,"{""type"":""MultiPoint"",""coordinates"":[]}"
20101213,-0.002198614,2010-12-13,"{""type"":""MultiPoint"",""coordinates"":[]}"
20101214,-0.001609842,2010-12-14,"{""type"":""MultiPoint"",""coordinates"":[]}"
20101215,-0.001193854,2010-12-15,"{""type"":""MultiPoint"",""coordinates"":[]}"
20101216,-6.25E-04,2010-12-16,"{""type"":""MultiPoint"",""coordinates"":[]}"
20101217,-0.001367012,2010-12-17,"{""type"":""MultiPoint"",""coordinates"":[]}"
20101218,-0.002204487,2010-12-18,"{""type"":""MultiPoint"",""coordinates"":[]}"
20101219,-0.002084802,2010-12-19,"{""type"":""MultiPoint"",""coordinates"":[]}"
20101220,-5.81E-04,2010-12-20,"{""type"":""MultiPoint"",""coordinates"":[]}"
20101221,-0.002944976,2010-12-21,"{""type"":""MultiPoint"",""coordinates"":[]}"
20101222,-0.003016979,2010-12-22,"{""type"":""MultiPoint"",""coordinates"":[]}"
20101223,-0.002832257,2010-12-23,"{""type"":""MultiPoint"",""coordinates"":[]}"
20101224,-0.002568582,2010-12-24,"{""type"":""MultiPoint"",""coordinates"":[]}"
20101225,-0.002492696,2010-12-25,"{""type"":""MultiPoint"",""coordinates"":[]}"
20101226,-0.002570315,2010-12-26,"{""type"":""MultiPoint"",""coordinates"":[]}"
20101227,-0.00242442,2010-12-27,"{""type"":""MultiPoint"",""coordinates"":[]}"
20101228,-0.002184274,2010-12-28,"{""type"":""MultiPoint"",""coordinates"":[]}"
20101229,-0.001015757,2010-12-29,"{""type"":""MultiPoint"",""coordinates"":[]}"
20101230,-0.002113218,2010-12-30,"{""type"":""MultiPoint"",""coordinates"":[]}"
20101231,-0.002417934,2010-12-31,"{""type"":""MultiPoint"",""coordinates"":[]}"
20110101,-0.002203401,2011-01-01,"{""type"":""MultiPoint"",""coordinates"":[]}"
20110102,-0.0020984,2011-01-02,"{""type"":""MultiPoint"",""coordinates"":[]}"
20110103,-0.00134916,2011-01-03,"{""type"":""MultiPoint"",""coordinates"":[]}"
20110104,-0.001492461,2011-01-04,"{""type"":""MultiPoint"",""coordinates"":[]}"
20110105,-8.29E-04,2011-01-05,"{""type"":""MultiPoint"",""coordinates"":[]}"
20110106,-0.002231707,2011-01-06,"{""type"":""MultiPoint"",""coordinates"":[]}"
20110107,-0.002319798,2011-01-07,"{""type"":""MultiPoint"",""coordinates"":[]}"
20110108,-0.002397646,2011-01-08,"{""type"":""MultiPoint"",""coordinates"":[]}"
20110109,-0.002421144,2011-01-09,"{""type"":""MultiPoint"",""coordinates"":[]}"
20110110,-0.002479871,2011-01-10,"{""type"":""MultiPoint"",""coordinates"":[]}"
20110111,-0.002481014,2011-01-11,"{""type"":""MultiPoint"",""coordinates"":[]}"
20110112,-0.002455649,2011-01-12,"{""type"":""MultiPoint"",""coordinates"":[]}"
20110113,-0.002374081,2011-01-13,"{""type"":""MultiPoint"",""coordinates"":[]}"
20110114,-0.002336671,2011-01-14,"{""type"":""MultiPoint"",""coordinates"":[]}"
20110115,-0.002149759,2011-01-15,"{""type"":""MultiPoint"",""coordinates"":[]}"
20110116,-0.002100762,2011-01-16,"{""type"":""MultiPoint"",""coordinates"":[]}"
20110117,-0.002063189,2011-01-17,"{""type"":""MultiPoint"",""coordinates"":[]}"
20110118,-0.002257044,2011-01-18,"{""type"":""MultiPoint"",""coordinates"":[]}"
20110119,-0.002296139,2011-01-19,"{""type"":""MultiPoint"",""coordinates"":[]}"
20110120,-0.00232666,2011-01-20,"{""type"":""MultiPoint"",""coordinates"":[]}"
20110121,-0.002062835,2011-01-21,"{""type"":""MultiPoint"",""coordinates"":[]}"
20110122,-0.001778391,2011-01-22,"{""type"":""MultiPoint"",""coordinates"":[]}"
20110123,-0.001637115,2011-01-23,"{""type"":""MultiPoint"",""coordinates"":[]}"
20110124,-0.001689847,2011-01-24,"{""type"":""MultiPoint"",""coordinates"":[]}"
20110125,-0.001589049,2011-01-25,"{""type"":""MultiPoint"",""coordinates"":[]}"
20110126,-0.001489119,2011-01-26,"{""type"":""MultiPoint"",""coordinates"":[]}"
20110127,-0.001876921,2011-01-27,"{""type"":""MultiPoint"",""coordinates"":[]}"
20110128,-0.001906753,2011-01-28,"{""type"":""MultiPoint"",""coordinates"":[]}"
20110129,-0.0019093,2011-01-29,"{""type"":""MultiPoint"",""coordinates"":[]}"
20110130,-0.001781236,2011-01-30,"{""type"":""MultiPoint"",""coordinates"":[]}"
20110131,-0.001873125,2011-01-31,"{""type"":""MultiPoint"",""coordinates"":[]}"
20110201,-0.001856208,2011-02-01,"{""type"":""MultiPoint"",""coordinates"":[]}"
20110202,-0.001702241,2011-02-02,"{""type"":""MultiPoint"",""coordinates"":[]}"
20110203,-0.001598594,2011-02-03,"{""type"":""MultiPoint"",""coordinates"":[]}"
20110204,-0.001631696,2011-02-04,"{""type"":""MultiPoint"",""coordinates"":[]}"
20110205,-0.001687945,2011-02-05,"{""type"":""MultiPoint"",""coordinates"":[]}"
20110206,-0.001754542,2011-02-06,"{""type"":""MultiPoint"",""coordinates"":[]}"
20110207,-0.001795023,2011-02-07,"{""type"":""MultiPoint"",""coordinates"":[]}"
20110208,-0.001825182,2011-02-08,"{""type"":""MultiPoint"",""coordinates"":[]}"
20110209,-0.001876941,2011-02-09,"{""type"":""MultiPoint"",""coordinates"":[]}"
20110210,-0.00184148,2011-02-10,"{""type"":""MultiPoint"",""coordinates"":[]}"
20110211,-0.001705442,2011-02-11,"{""type"":""MultiPoint"",""coordinates"":[]}"
20110212,-0.001632949,2011-02-12,"{""type"":""MultiPoint"",""coordinates"":[]}"
20110213,-0.001685971,2011-02-13,"{""type"":""MultiPoint"",""coordinates"":[]}"
20110214,-0.001675393,2011-02-14,"{""type"":""MultiPoint"",""coordinates"":[]}"
20110215,-0.00151658,2011-02-15,"{""type"":""MultiPoint"",""coordinates"":[]}"
20110216,-0.001379945,2011-02-16,"{""type"":""MultiPoint"",""coordinates"":[]}"
20110217,-0.001513886,2011-02-17,"{""type"":""MultiPoint"",""coordinates"":[]}"
20110218,-0.001467735,2011-02-18,"{""type"":""MultiPoint"",""coordinates"":[]}"
20110219,-0.001261077,2011-02-19,"{""type"":""MultiPoint"",""coordinates"":[]}"
20110220,-0.001020974,2011-02-20,"{""type"":""MultiPoint"",""coordinates"":[]}"
20110221,-8.37E-04,2011-02-21,"{""type"":""MultiPoint"",""coordinates"":[]}"
20110222,-6.73E-04,2011-02-22,"{""type"":""MultiPoint"",""coordinates"":[]}"
20110223,-8.10E-04,2011-02-23,"{""type"":""MultiPoint"",""coordinates"":[]}"
20110224,-0.001221763,2011-02-24,"{""type"":""MultiPoint"",""coordinates"":[]}"
20110225,-0.001196482,2011-02-25,"{""type"":""MultiPoint"",""coordinates"":[]}"
20110226,-0.001123145,2011-02-26,"{""type"":""MultiPoint"",""coordinates"":[]}"
20110227,-0.001750546,2011-02-27,"{""type"":""MultiPoint"",""coordinates"":[]}"
20110228,-0.001788759,2011-02-28,"{""type"":""MultiPoint"",""coordinates"":[]}"
20110301,-0.001543033,2011-03-01,"{""type"":""MultiPoint"",""coordinates"":[]}"
20110302,-0.001596622,2011-03-02,"{""type"":""MultiPoint"",""coordinates"":[]}"
20110303,-0.001618326,2011-03-03,"{""type"":""MultiPoint"",""coordinates"":[]}"
20110304,-0.00172166,2011-03-04,"{""type"":""MultiPoint"",""coordinates"":[]}"
20110305,-0.00169877,2011-03-05,"{""type"":""MultiPoint"",""coordinates"":[]}"
20110306,-0.001661088,2011-03-06,"{""type"":""MultiPoint"",""coordinates"":[]}"
20110307,-0.001560555,2011-03-07,"{""type"":""MultiPoint"",""coordinates"":[]}"
20110308,-0.001559754,2011-03-08,"{""type"":""MultiPoint"",""coordinates"":[]}"
20110309,-0.001504791,2011-03-09,"{""type"":""MultiPoint"",""coordinates"":[]}"
20110310,-0.001600384,2011-03-10,"{""type"":""MultiPoint"",""coordinates"":[]}"
20110311,-0.001596981,2011-03-11,"{""type"":""MultiPoint"",""coordinates"":[]}"
20110312,-0.001423832,2011-03-12,"{""type"":""MultiPoint"",""coordinates"":[]}"
20110313,-0.001346452,2011-03-13,"{""type"":""MultiPoint"",""coordinates"":[]}"
20110314,-0.001401249,2011-03-14,"{""type"":""MultiPoint"",""coordinates"":[]}"
20110315,-0.001336654,2011-03-15,"{""type"":""MultiPoint"",""coordinates"":[]}"
20110316,-0.00128545,2011-03-16,"{""type"":""MultiPoint"",""coordinates"":[]}"
20110317,-0.001221692,2011-03-17,"{""type"":""MultiPoint"",""coordinates"":[]}"
20110318,-0.001200499,2011-03-18,"{""type"":""MultiPoint"",""coordinates"":[]}"
20110319,-0.001309257,2011-03-19,"{""type"":""MultiPoint"",""coordinates"":[]}"
20110320,-0.001406927,2011-03-20,"{""type"":""MultiPoint"",""coordinates"":[]}"
20110321,-0.001272871,2011-03-21,"{""type"":""MultiPoint"",""coordinates"":[]}"
20110322,-0.00133243,2011-03-22,"{""type"":""MultiPoint"",""coordinates"":[]}"
20110323,-0.001326294,2011-03-23,"{""type"":""MultiPoint"",""coordinates"":[]}"
20110324,-0.001300702,2011-03-24,"{""type"":""MultiPoint"",""coordinates"":[]}"
20110325,-0.001146897,2011-03-25,"{""type"":""MultiPoint"",""coordinates"":[]}"
20110326,-8.05E-04,2011-03-26,"{""type"":""MultiPoint"",""coordinates"":[]}"
20110327,-8.94E-04,2011-03-27,"{""type"":""MultiPoint"",""coordinates"":[]}"
20110328,-0.00109505,2011-03-28,"{""type"":""MultiPoint"",""coordinates"":[]}"
20110329,-0.001140946,2011-03-29,"{""type"":""MultiPoint"",""coordinates"":[]}"
20110330,-0.001191902,2011-03-30,"{""type"":""MultiPoint"",""coordinates"":[]}"
20110331,-0.001000859,2011-03-31,"{""type"":""MultiPoint"",""coordinates"":[]}"
20110401,-9.77E-04,2011-04-01,"{""type"":""MultiPoint"",""coordinates"":[]}"
20110402,-1.00E-03,2011-04-02,"{""type"":""MultiPoint"",""coordinates"":[]}"
20110403,-9.03E-04,2011-04-03,"{""type"":""MultiPoint"",""coordinates"":[]}"
20110404,-0.001068289,2011-04-04,"{""type"":""MultiPoint"",""coordinates"":[]}"
20110405,-8.67E-04,2011-04-05,"{""type"":""MultiPoint"",""coordinates"":[]}"
20110406,-7.97E-04,2011-04-06,"{""type"":""MultiPoint"",""coordinates"":[]}"
20110407,-0.001023234,2011-04-07,"{""type"":""MultiPoint"",""coordinates"":[]}"
20110408,-0.001036113,2011-04-08,"{""type"":""MultiPoint"",""coordinates"":[]}"
20110409,-0.001027916,2011-04-09,"{""type"":""MultiPoint"",""coordinates"":[]}"
20110410,-9.17E-04,2011-04-10,"{""type"":""MultiPoint"",""coordinates"":[]}"
20110411,-9.82E-04,2011-04-11,"{""type"":""MultiPoint"",""coordinates"":[]}"
20110412,-9.36E-04,2011-04-12,"{""type"":""MultiPoint"",""coordinates"":[]}"
20110413,-9.47E-04,2011-04-13,"{""type"":""MultiPoint"",""coordinates"":[]}"
20110414,-7.36E-04,2011-04-14,"{""type"":""MultiPoint"",""coordinates"":[]}"
20110415,-9.31E-04,2011-04-15,"{""type"":""MultiPoint"",""coordinates"":[]}"
20110416,-0.001872879,2011-04-16,"{""type"":""MultiPoint"",""coordinates"":[]}"
20110417,-0.001892275,2011-04-17,"{""type"":""MultiPoint"",""coordinates"":[]}"
20110418,-0.001622578,2011-04-18,"{""type"":""MultiPoint"",""coordinates"":[]}"
20110419,-0.001087694,2011-04-19,"{""type"":""MultiPoint"",""coordinates"":[]}"
20110420,-0.001498451,2011-04-20,"{""type"":""MultiPoint"",""coordinates"":[]}"
20110421,-0.001049677,2011-04-21,"{""type"":""MultiPoint"",""coordinates"":[]}"
20110422,-0.001155145,2011-04-22,"{""type"":""MultiPoint"",""coordinates"":[]}"
20110423,-0.002039356,2011-04-23,"{""type"":""MultiPoint"",""coordinates"":[]}"
20110424,-0.002834545,2011-04-24,"{""type"":""MultiPoint"",""coordinates"":[]}"
20110425,-0.003425891,2011-04-25,"{""type"":""MultiPoint"",""coordinates"":[]}"
20110426,-0.003432795,2011-04-26,"{""type"":""MultiPoint"",""coordinates"":[]}"
20110427,-0.003795847,2011-04-27,"{""type"":""MultiPoint"",""coordinates"":[]}"
20110428,-0.003639997,2011-04-28,"{""type"":""MultiPoint"",""coordinates"":[]}"
20110429,-0.003373782,2011-04-29,"{""type"":""MultiPoint"",""coordinates"":[]}"
20110430,-0.003050625,2011-04-30,"{""type"":""MultiPoint"",""coordinates"":[]}"
20110501,-0.003102289,2011-05-01,"{""type"":""MultiPoint"",""coordinates"":[]}"
20110502,-0.003127776,2011-05-02,"{""type"":""MultiPoint"",""coordinates"":[]}"
20110503,-0.003245932,2011-05-03,"{""type"":""MultiPoint"",""coordinates"":[]}"
20110504,-0.003390355,2011-05-04,"{""type"":""MultiPoint"",""coordinates"":[]}"
20110505,-0.004110339,2011-05-05,"{""type"":""MultiPoint"",""coordinates"":[]}"
20110506,-0.003941566,2011-05-06,"{""type"":""MultiPoint"",""coordinates"":[]}"
20110507,-0.003851857,2011-05-07,"{""type"":""MultiPoint"",""coordinates"":[]}"
20110508,-0.003446808,2011-05-08,"{""type"":""MultiPoint"",""coordinates"":[]}"
20110509,-0.003441518,2011-05-09,"{""type"":""MultiPoint"",""coordinates"":[]}"
20110510,-0.002876637,2011-05-10,"{""type"":""MultiPoint"",""coordinates"":[]}"
20110511,-0.002555058,2011-05-11,"{""type"":""MultiPoint"",""coordinates"":[]}"
20110512,-0.002294793,2011-05-12,"{""type"":""MultiPoint"",""coordinates"":[]}"
20110513,-0.002182937,2011-05-13,"{""type"":""MultiPoint"",""coordinates"":[]}"
20110514,-0.002113813,2011-05-14,"{""type"":""MultiPoint"",""coordinates"":[]}"
20110515,-0.003078282,2011-05-15,"{""type"":""MultiPoint"",""coordinates"":[]}"
20110516,-0.003403984,2011-05-16,"{""type"":""MultiPoint"",""coordinates"":[]}"
20110517,-0.00311137,2011-05-17,"{""type"":""MultiPoint"",""coordinates"":[]}"
20110518,-0.002825576,2011-05-18,"{""type"":""MultiPoint"",""coordinates"":[]}"
20110519,-0.002558994,2011-05-19,"{""type"":""MultiPoint"",""coordinates"":[]}"
20110520,-0.002370174,2011-05-20,"{""type"":""MultiPoint"",""coordinates"":[]}"
20110521,-0.002801085,2011-05-21,"{""type"":""MultiPoint"",""coordinates"":[]}"
20110522,-0.003262941,2011-05-22,"{""type"":""MultiPoint"",""coordinates"":[]}"
20110523,-0.002587447,2011-05-23,"{""type"":""MultiPoint"",""coordinates"":[]}"
20110524,-0.002373018,2011-05-24,"{""type"":""MultiPoint"",""coordinates"":[]}"
20110525,-0.002078779,2011-05-25,"{""type"":""MultiPoint"",""coordinates"":[]}"
20110526,-0.002605843,2011-05-26,"{""type"":""MultiPoint"",""coordinates"":[]}"
20110527,-0.00234305,2011-05-27,"{""type"":""MultiPoint"",""coordinates"":[]}"
20110528,-0.002237861,2011-05-28,"{""type"":""MultiPoint"",""coordinates"":[]}"
20110529,-0.002299888,2011-05-29,"{""type"":""MultiPoint"",""coordinates"":[]}"
20110530,-0.003063078,2011-05-30,"{""type"":""MultiPoint"",""coordinates"":[]}"
20110531,-0.002665316,2011-05-31,"{""type"":""MultiPoint"",""coordinates"":[]}"
20110601,-0.002730629,2011-06-01,"{""type"":""MultiPoint"",""coordinates"":[]}"
20110602,-8.41E-04,2011-06-02,"{""type"":""MultiPoint"",""coordinates"":[]}"
20110603,-6.34E-04,2011-06-03,"{""type"":""MultiPoint"",""coordinates"":[]}"
20110604,-0.002129061,2011-06-04,"{""type"":""MultiPoint"",""coordinates"":[]}"
20110605,-0.002072067,2011-06-05,"{""type"":""MultiPoint"",""coordinates"":[]}"
20110606,-0.001406024,2011-06-06,"{""type"":""MultiPoint"",""coordinates"":[]}"
20110607,-0.002332232,2011-06-07,"{""type"":""MultiPoint"",""coordinates"":[]}"
20110608,-0.002170755,2011-06-08,"{""type"":""MultiPoint"",""coordinates"":[]}"
20110609,-0.00260393,2011-06-09,"{""type"":""MultiPoint"",""coordinates"":[]}"
20110610,-0.002140636,2011-06-10,"{""type"":""MultiPoint"",""coordinates"":[]}"
20110611,-0.00178608,2011-06-11,"{""type"":""MultiPoint"",""coordinates"":[]}"
20110612,-0.002115842,2011-06-12,"{""type"":""MultiPoint"",""coordinates"":[]}"
20110613,-0.001872751,2011-06-13,"{""type"":""MultiPoint"",""coordinates"":[]}"
20110614,-0.001686528,2011-06-14,"{""type"":""MultiPoint"",""coordinates"":[]}"
20110615,-0.00107843,2011-06-15,"{""type"":""MultiPoint"",""coordinates"":[]}"
20110616,-0.00176038,2011-06-16,"{""type"":""MultiPoint"",""coordinates"":[]}"
20110617,-5.67E-04,2011-06-17,"{""type"":""MultiPoint"",""coordinates"":[]}"
20110618,-0.002620389,2011-06-18,"{""type"":""MultiPoint"",""coordinates"":[]}"
20110619,-0.002785688,2011-06-19,"{""type"":""MultiPoint"",""coordinates"":[]}"
20110620,-0.002768421,2011-06-20,"{""type"":""MultiPoint"",""coordinates"":[]}"
20110621,-0.002971072,2011-06-21,"{""type"":""MultiPoint"",""coordinates"":[]}"
20110622,-0.002488417,2011-06-22,"{""type"":""MultiPoint"",""coordinates"":[]}"
20110623,-0.001551377,2011-06-23,"{""type"":""MultiPoint"",""coordinates"":[]}"
20110624,-0.001708677,2011-06-24,"{""type"":""MultiPoint"",""coordinates"":[]}"
20110625,-0.001428736,2011-06-25,"{""type"":""MultiPoint"",""coordinates"":[]}"
20110626,-0.001350267,2011-06-26,"{""type"":""MultiPoint"",""coordinates"":[]}"
20110627,-0.001228749,2011-06-27,"{""type"":""MultiPoint"",""coordinates"":[]}"
20110628,-0.001148623,2011-06-28,"{""type"":""MultiPoint"",""coordinates"":[]}"
20110629,-0.001834368,2011-06-29,"{""type"":""MultiPoint"",""coordinates"":[]}"
20110630,-0.002539851,2011-06-30,"{""type"":""MultiPoint"",""coordinates"":[]}"
20110701,-0.001655571,2011-07-01,"{""type"":""MultiPoint"",""coordinates"":[]}"
20110702,-0.001183184,2011-07-02,"{""type"":""MultiPoint"",""coordinates"":[]}"
20110703,-0.001380143,2011-07-03,"{""type"":""MultiPoint"",""coordinates"":[]}"
20110704,-0.001556996,2011-07-04,"{""type"":""MultiPoint"",""coordinates"":[]}"
20110705,-0.001389497,2011-07-05,"{""type"":""MultiPoint"",""coordinates"":[]}"
20110706,-9.94E-04,2011-07-06,"{""type"":""MultiPoint"",""coordinates"":[]}"
20110707,-0.001760667,2011-07-07,"{""type"":""MultiPoint"",""coordinates"":[]}"
20110708,-0.002354293,2011-07-08,"{""type"":""MultiPoint"",""coordinates"":[]}"
20110709,-0.002743767,2011-07-09,"{""type"":""MultiPoint"",""coordinates"":[]}"
20110710,-0.00304481,2011-07-10,"{""type"":""MultiPoint"",""coordinates"":[]}"
20110711,-0.001570298,2011-07-11,"{""type"":""MultiPoint"",""coordinates"":[]}"
20110712,-0.001652308,2011-07-12,"{""type"":""MultiPoint"",""coordinates"":[]}"
20110713,-0.001650004,2011-07-13,"{""type"":""MultiPoint"",""coordinates"":[]}"
20110714,-0.001408636,2011-07-14,"{""type"":""MultiPoint"",""coordinates"":[]}"
20110715,-0.001021117,2011-07-15,"{""type"":""MultiPoint"",""coordinates"":[]}"
20110716,-2.32E-04,2011-07-16,"{""type"":""MultiPoint"",""coordinates"":[]}"
20110717,-6.82E-04,2011-07-17,"{""type"":""MultiPoint"",""coordinates"":[]}"
20110718,-2.20E-04,2011-07-18,"{""type"":""MultiPoint"",""coordinates"":[]}"
20110719,-0.0011329,2011-07-19,"{""type"":""MultiPoint"",""coordinates"":[]}"
20110720,-0.001298378,2011-07-20,"{""type"":""MultiPoint"",""coordinates"":[]}"
20110721,-0.001071571,2011-07-21,"{""type"":""MultiPoint"",""coordinates"":[]}"
20110722,-0.001931555,2011-07-22,"{""type"":""MultiPoint"",""coordinates"":[]}"
20110723,-0.001642572,2011-07-23,"{""type"":""MultiPoint"",""coordinates"":[]}"
20110724,-0.001544347,2011-07-24,"{""type"":""MultiPoint"",""coordinates"":[]}"
20110725,-0.001541462,2011-07-25,"{""type"":""MultiPoint"",""coordinates"":[]}"
20110726,-0.001836413,2011-07-26,"{""type"":""MultiPoint"",""coordinates"":[]}"
20110727,-0.0016139,2011-07-27,"{""type"":""MultiPoint"",""coordinates"":[]}"
20110728,-0.001823514,2011-07-28,"{""type"":""MultiPoint"",""coordinates"":[]}"
20110729,-0.001202578,2011-07-29,"{""type"":""MultiPoint"",""coordinates"":[]}"
20110730,-9.02E-04,2011-07-30,"{""type"":""MultiPoint"",""coordinates"":[]}"
20110731,-3.33E-04,2011-07-31,"{""type"":""MultiPoint"",""coordinates"":[]}"
20110801,-0.00241349,2011-08-01,"{""type"":""MultiPoint"",""coordinates"":[]}"
20110802,-7.41E-04,2011-08-02,"{""type"":""MultiPoint"",""coordinates"":[]}"
20110803,-5.91E-04,2011-08-03,"{""type"":""MultiPoint"",""coordinates"":[]}"
20110804,-0.001053295,2011-08-04,"{""type"":""MultiPoint"",""coordinates"":[]}"
20110805,-9.77E-04,2011-08-05,"{""type"":""MultiPoint"",""coordinates"":[]}"
20110806,-0.001645171,2011-08-06,"{""type"":""MultiPoint"",""coordinates"":[]}"
20110807,-0.00140521,2011-08-07,"{""type"":""MultiPoint"",""coordinates"":[]}"
20110808,-0.001423184,2011-08-08,"{""type"":""MultiPoint"",""coordinates"":[]}"
20110809,-0.002435179,2011-08-09,"{""type"":""MultiPoint"",""coordinates"":[]}"
20110810,-0.00233786,2011-08-10,"{""type"":""MultiPoint"",""coordinates"":[]}"
20110811,-0.002109137,2011-08-11,"{""type"":""MultiPoint"",""coordinates"":[]}"
20110812,-0.002118191,2011-08-12,"{""type"":""MultiPoint"",""coordinates"":[]}"
20110813,-0.002499304,2011-08-13,"{""type"":""MultiPoint"",""coordinates"":[]}"
20110814,-0.002784131,2011-08-14,"{""type"":""MultiPoint"",""coordinates"":[]}"
20110815,-0.002769897,2011-08-15,"{""type"":""MultiPoint"",""coordinates"":[]}"
20110816,-0.001267835,2011-08-16,"{""type"":""MultiPoint"",""coordinates"":[]}"
20110817,-0.001153673,2011-08-17,"{""type"":""MultiPoint"",""coordinates"":[]}"
20110818,-5.71E-04,2011-08-18,"{""type"":""MultiPoint"",""coordinates"":[]}"
20110819,-0.001104206,2011-08-19,"{""type"":""MultiPoint"",""coordinates"":[]}"
20110820,-8.85E-04,2011-08-20,"{""type"":""MultiPoint"",""coordinates"":[]}"
20110821,-5.83E-04,2011-08-21,"{""type"":""MultiPoint"",""coordinates"":[]}"
20110822,-0.002072193,2011-08-22,"{""type"":""MultiPoint"",""coordinates"":[]}"
20110823,-0.001965097,2011-08-23,"{""type"":""MultiPoint"",""coordinates"":[]}"
20110824,-0.001395338,2011-08-24,"{""type"":""MultiPoint"",""coordinates"":[]}"
20110825,-0.002024932,2011-08-25,"{""type"":""MultiPoint"",""coordinates"":[]}"
20110826,-0.002138908,2011-08-26,"{""type"":""MultiPoint"",""coordinates"":[]}"
20110827,-0.00139677,2011-08-27,"{""type"":""MultiPoint"",""coordinates"":[]}"
20110828,-0.003070617,2011-08-28,"{""type"":""MultiPoint"",""coordinates"":[]}"
20110829,-0.001524533,2011-08-29,"{""type"":""MultiPoint"",""coordinates"":[]}"
20110830,-5.30E-04,2011-08-30,"{""type"":""MultiPoint"",""coordinates"":[]}"
20110831,-0.001001377,2011-08-31,"{""type"":""MultiPoint"",""coordinates"":[]}"
20110901,-2.51E-04,2011-09-01,"{""type"":""MultiPoint"",""coordinates"":[]}"
20110902,-0.001671055,2011-09-02,"{""type"":""MultiPoint"",""coordinates"":[]}"
20110903,-0.001601365,2011-09-03,"{""type"":""MultiPoint"",""coordinates"":[]}"
20110904,-0.002066479,2011-09-04,"{""type"":""MultiPoint"",""coordinates"":[]}"
20110905,-0.002445665,2011-09-05,"{""type"":""MultiPoint"",""coordinates"":[]}"
20110906,-0.00208853,2011-09-06,"{""type"":""MultiPoint"",""coordinates"":[]}"
20110907,-0.002319362,2011-09-07,"{""type"":""MultiPoint"",""coordinates"":[]}"
20110908,-0.002363502,2011-09-08,"{""type"":""MultiPoint"",""coordinates"":[]}"
20110909,-0.002206233,2011-09-09,"{""type"":""MultiPoint"",""coordinates"":[]}"
20110910,-0.002033794,2011-09-10,"{""type"":""MultiPoint"",""coordinates"":[]}"
20110911,-0.002389999,2011-09-11,"{""type"":""MultiPoint"",""coordinates"":[]}"
20110912,-0.002493498,2011-09-12,"{""type"":""MultiPoint"",""coordinates"":[]}"
20110913,-0.001917104,2011-09-13,"{""type"":""MultiPoint"",""coordinates"":[]}"
20110914,-0.001671282,2011-09-14,"{""type"":""MultiPoint"",""coordinates"":[]}"
20110915,-0.001432323,2011-09-15,"{""type"":""MultiPoint"",""coordinates"":[]}"
20110916,-0.001744778,2011-09-16,"{""type"":""MultiPoint"",""coordinates"":[]}"
20110917,-0.002219844,2011-09-17,"{""type"":""MultiPoint"",""coordinates"":[]}"
20110918,-0.00250635,2011-09-18,"{""type"":""MultiPoint"",""coordinates"":[]}"
20110919,-0.002553872,2011-09-19,"{""type"":""MultiPoint"",""coordinates"":[]}"
20110920,-0.002104823,2011-09-20,"{""type"":""MultiPoint"",""coordinates"":[]}"
20110921,-0.002600663,2011-09-21,"{""type"":""MultiPoint"",""coordinates"":[]}"
20110922,-0.003375547,2011-09-22,"{""type"":""MultiPoint"",""coordinates"":[]}"
20110923,-0.003957263,2011-09-23,"{""type"":""MultiPoint"",""coordinates"":[]}"
20110924,-0.003986917,2011-09-24,"{""type"":""MultiPoint"",""coordinates"":[]}"
20110925,-0.003402686,2011-09-25,"{""type"":""MultiPoint"",""coordinates"":[]}"
20110926,-0.003355809,2011-09-26,"{""type"":""MultiPoint"",""coordinates"":[]}"
20110927,-0.002969194,2011-09-27,"{""type"":""MultiPoint"",""coordinates"":[]}"
20110928,-0.003324444,2011-09-28,"{""type"":""MultiPoint"",""coordinates"":[]}"
20110929,-0.003153033,2011-09-29,"{""type"":""MultiPoint"",""coordinates"":[]}"
20110930,-0.002978144,2011-09-30,"{""type"":""MultiPoint"",""coordinates"":[]}"
20111001,-0.002361191,2011-10-01,"{""type"":""MultiPoint"",""coordinates"":[]}"
20111002,-0.002014283,2011-10-02,"{""type"":""MultiPoint"",""coordinates"":[]}"
20111003,-0.002583578,2011-10-03,"{""type"":""MultiPoint"",""coordinates"":[]}"
20111004,-0.003128893,2011-10-04,"{""type"":""MultiPoint"",""coordinates"":[]}"
20111005,-0.003826609,2011-10-05,"{""type"":""MultiPoint"",""coordinates"":[]}"
20111006,-0.003057399,2011-10-06,"{""type"":""MultiPoint"",""coordinates"":[]}"
20111007,-0.002449241,2011-10-07,"{""type"":""MultiPoint"",""coordinates"":[]}"
20111008,-0.00252734,2011-10-08,"{""type"":""MultiPoint"",""coordinates"":[]}"
20111009,-0.002306962,2011-10-09,"{""type"":""MultiPoint"",""coordinates"":[]}"
20111010,-0.001593812,2011-10-10,"{""type"":""MultiPoint"",""coordinates"":[]}"
20111011,-0.001970706,2011-10-11,"{""type"":""MultiPoint"",""coordinates"":[]}"
20111012,-0.001190588,2011-10-12,"{""type"":""MultiPoint"",""coordinates"":[]}"
20111013,-0.001335914,2011-10-13,"{""type"":""MultiPoint"",""coordinates"":[]}"
20111014,-0.002077624,2011-10-14,"{""type"":""MultiPoint"",""coordinates"":[]}"
20111015,-0.00184253,2011-10-15,"{""type"":""MultiPoint"",""coordinates"":[]}"
20111016,-0.002813769,2011-10-16,"{""type"":""MultiPoint"",""coordinates"":[]}"
20111017,-0.002561663,2011-10-17,"{""type"":""MultiPoint"",""coordinates"":[]}"
20111018,-0.003696351,2011-10-18,"{""type"":""MultiPoint"",""coordinates"":[]}"
20111019,-0.003606201,2011-10-19,"{""type"":""MultiPoint"",""coordinates"":[]}"
20111020,-0.002665188,2011-10-20,"{""type"":""MultiPoint"",""coordinates"":[]}"
20111021,-0.002563604,2011-10-21,"{""type"":""MultiPoint"",""coordinates"":[]}"
20111022,-0.003265266,2011-10-22,"{""type"":""MultiPoint"",""coordinates"":[]}"
20111023,-0.002468132,2011-10-23,"{""type"":""MultiPoint"",""coordinates"":[]}"
20111024,-0.002184476,2011-10-24,"{""type"":""MultiPoint"",""coordinates"":[]}"
20111025,-0.001042426,2011-10-25,"{""type"":""MultiPoint"",""coordinates"":[]}"
20111026,-0.001388938,2011-10-26,"{""type"":""MultiPoint"",""coordinates"":[]}"
20111027,-0.001095157,2011-10-27,"{""type"":""MultiPoint"",""coordinates"":[]}"
20111028,-0.002212805,2011-10-28,"{""type"":""MultiPoint"",""coordinates"":[]}"
20111029,-0.00144801,2011-10-29,"{""type"":""MultiPoint"",""coordinates"":[]}"
20111030,-0.001700215,2011-10-30,"{""type"":""MultiPoint"",""coordinates"":[]}"
20111031,-9.59E-04,2011-10-31,"{""type"":""MultiPoint"",""coordinates"":[]}"
20111101,-6.83E-04,2011-11-01,"{""type"":""MultiPoint"",""coordinates"":[]}"
20111102,-9.15E-04,2011-11-02,"{""type"":""MultiPoint"",""coordinates"":[]}"
20111103,-4.46E-04,2011-11-03,"{""type"":""MultiPoint"",""coordinates"":[]}"
20111104,-9.05E-04,2011-11-04,"{""type"":""MultiPoint"",""coordinates"":[]}"
20111105,-0.001168894,2011-11-05,"{""type"":""MultiPoint"",""coordinates"":[]}"
20111106,-0.002223199,2011-11-06,"{""type"":""MultiPoint"",""coordinates"":[]}"
20111107,-0.003898433,2011-11-07,"{""type"":""MultiPoint"",""coordinates"":[]}"
20111108,-0.004057262,2011-11-08,"{""type"":""MultiPoint"",""coordinates"":[]}"
20111109,-0.003688035,2011-11-09,"{""type"":""MultiPoint"",""coordinates"":[]}"
20111110,-0.003668991,2011-11-10,"{""type"":""MultiPoint"",""coordinates"":[]}"
20111111,-0.003449257,2011-11-11,"{""type"":""MultiPoint"",""coordinates"":[]}"
20111112,-0.003493591,2011-11-12,"{""type"":""MultiPoint"",""coordinates"":[]}"
20111113,-0.003589915,2011-11-13,"{""type"":""MultiPoint"",""coordinates"":[]}"
20111114,-0.003652667,2011-11-14,"{""type"":""MultiPoint"",""coordinates"":[]}"
20111115,-0.003658896,2011-11-15,"{""type"":""MultiPoint"",""coordinates"":[]}"
20111116,-0.003629306,2011-11-16,"{""type"":""MultiPoint"",""coordinates"":[]}"
20111117,-0.002389208,2011-11-17,"{""type"":""MultiPoint"",""coordinates"":[]}"
20111118,-0.001913593,2011-11-18,"{""type"":""MultiPoint"",""coordinates"":[]}"
20111119,-0.003732021,2011-11-19,"{""type"":""MultiPoint"",""coordinates"":[]}"
20111120,-0.003526038,2011-11-20,"{""type"":""MultiPoint"",""coordinates"":[]}"
20111121,-0.003193734,2011-11-21,"{""type"":""MultiPoint"",""coordinates"":[]}"
20111122,-0.003119813,2011-11-22,"{""type"":""MultiPoint"",""coordinates"":[]}"
20111123,-0.002479888,2011-11-23,"{""type"":""MultiPoint"",""coordinates"":[]}"
20111124,-0.002336961,2011-11-24,"{""type"":""MultiPoint"",""coordinates"":[]}"
20111125,-9.05E-04,2011-11-25,"{""type"":""MultiPoint"",""coordinates"":[]}"
20111126,-4.78E-04,2011-11-26,"{""type"":""MultiPoint"",""coordinates"":[]}"
20111127,-5.99E-04,2011-11-27,"{""type"":""MultiPoint"",""coordinates"":[]}"
20111128,-5.03E-04,2011-11-28,"{""type"":""MultiPoint"",""coordinates"":[]}"
20111129,-0.001037611,2011-11-29,"{""type"":""MultiPoint"",""coordinates"":[]}"
20111130,-0.001807819,2011-11-30,"{""type"":""MultiPoint"",""coordinates"":[]}"
20111201,-0.002564393,2011-12-01,"{""type"":""MultiPoint"",""coordinates"":[]}"
20111202,-0.002727775,2011-12-02,"{""type"":""MultiPoint"",""coordinates"":[]}"
20111203,-0.00222814,2011-12-03,"{""type"":""MultiPoint"",""coordinates"":[]}"
20111204,-0.002367906,2011-12-04,"{""type"":""MultiPoint"",""coordinates"":[]}"
20111205,-0.002940669,2011-12-05,"{""type"":""MultiPoint"",""coordinates"":[]}"
20111206,-0.002953439,2011-12-06,"{""type"":""MultiPoint"",""coordinates"":[]}"
20111207,-0.002712201,2011-12-07,"{""type"":""MultiPoint"",""coordinates"":[]}"
20111208,-0.002125324,2011-12-08,"{""type"":""MultiPoint"",""coordinates"":[]}"
20111209,-0.001317733,2011-12-09,"{""type"":""MultiPoint"",""coordinates"":[]}"
20111210,-0.001788607,2011-12-10,"{""type"":""MultiPoint"",""coordinates"":[]}"
20111211,-0.002191721,2011-12-11,"{""type"":""MultiPoint"",""coordinates"":[]}"
20111212,-0.00268875,2011-12-12,"{""type"":""MultiPoint"",""coordinates"":[]}"
20111213,-0.002643006,2011-12-13,"{""type"":""MultiPoint"",""coordinates"":[]}"
20111214,-0.00256096,2011-12-14,"{""type"":""MultiPoint"",""coordinates"":[]}"
20111215,-0.001172183,2011-12-15,"{""type"":""MultiPoint"",""coordinates"":[]}"
20111216,-0.002369037,2011-12-16,"{""type"":""MultiPoint"",""coordinates"":[]}"
20111217,-0.002252069,2011-12-17,"{""type"":""MultiPoint"",""coordinates"":[]}"
20111218,-0.002262899,2011-12-18,"{""type"":""MultiPoint"",""coordinates"":[]}"
20111219,-0.002347326,2011-12-19,"{""type"":""MultiPoint"",""coordinates"":[]}"
20111220,-0.001949901,2011-12-20,"{""type"":""MultiPoint"",""coordinates"":[]}"
20111221,-0.002054333,2011-12-21,"{""type"":""MultiPoint"",""coordinates"":[]}"
20111222,-0.001870381,2011-12-22,"{""type"":""MultiPoint"",""coordinates"":[]}"
20111223,-0.001741787,2011-12-23,"{""type"":""MultiPoint"",""coordinates"":[]}"
20111224,-0.002381844,2011-12-24,"{""type"":""MultiPoint"",""coordinates"":[]}"
20111225,-0.002319637,2011-12-25,"{""type"":""MultiPoint"",""coordinates"":[]}"
20111226,-0.002319953,2011-12-26,"{""type"":""MultiPoint"",""coordinates"":[]}"
20111227,-0.002173047,2011-12-27,"{""type"":""MultiPoint"",""coordinates"":[]}"
20111228,-0.002336929,2011-12-28,"{""type"":""MultiPoint"",""coordinates"":[]}"
20111229,-0.001818929,2011-12-29,"{""type"":""MultiPoint"",""coordinates"":[]}"
20111230,-5.65E-05,2011-12-30,"{""type"":""MultiPoint"",""coordinates"":[]}"
20111231,-8.00E-04,2011-12-31,"{""type"":""MultiPoint"",""coordinates"":[]}"
20120101,-0.001906127,2012-01-01,"{""type"":""MultiPoint"",""coordinates"":[]}"
20120102,-0.001870901,2012-01-02,"{""type"":""MultiPoint"",""coordinates"":[]}"
20120103,-0.002049953,2012-01-03,"{""type"":""MultiPoint"",""coordinates"":[]}"
20120104,-0.002017677,2012-01-04,"{""type"":""MultiPoint"",""coordinates"":[]}"
20120105,-0.002137198,2012-01-05,"{""type"":""MultiPoint"",""coordinates"":[]}"
20120106,-0.002129489,2012-01-06,"{""type"":""MultiPoint"",""coordinates"":[]}"
20120107,-0.002157089,2012-01-07,"{""type"":""MultiPoint"",""coordinates"":[]}"
20120108,-0.002170523,2012-01-08,"{""type"":""MultiPoint"",""coordinates"":[]}"
20120109,-0.001929323,2012-01-09,"{""type"":""MultiPoint"",""coordinates"":[]}"
20120110,-0.001598907,2012-01-10,"{""type"":""MultiPoint"",""coordinates"":[]}"
20120111,-0.001767423,2012-01-11,"{""type"":""MultiPoint"",""coordinates"":[]}"
20120112,-0.001359553,2012-01-12,"{""type"":""MultiPoint"",""coordinates"":[]}"
20120113,-0.001418059,2012-01-13,"{""type"":""MultiPoint"",""coordinates"":[]}"
20120114,-0.001626325,2012-01-14,"{""type"":""MultiPoint"",""coordinates"":[]}"
20120115,-0.001758585,2012-01-15,"{""type"":""MultiPoint"",""coordinates"":[]}"
20120116,-0.001870904,2012-01-16,"{""type"":""MultiPoint"",""coordinates"":[]}"
20120117,-0.001867796,2012-01-17,"{""type"":""MultiPoint"",""coordinates"":[]}"
20120118,-0.001882049,2012-01-18,"{""type"":""MultiPoint"",""coordinates"":[]}"
20120119,-0.00174204,2012-01-19,"{""type"":""MultiPoint"",""coordinates"":[]}"
20120120,-0.001684362,2012-01-20,"{""type"":""MultiPoint"",""coordinates"":[]}"
20120121,-0.001730293,2012-01-21,"{""type"":""MultiPoint"",""coordinates"":[]}"
20120122,-0.001690807,2012-01-22,"{""type"":""MultiPoint"",""coordinates"":[]}"
20120123,-0.001542135,2012-01-23,"{""type"":""MultiPoint"",""coordinates"":[]}"
20120124,-0.001492717,2012-01-24,"{""type"":""MultiPoint"",""coordinates"":[]}"
20120125,-0.001485902,2012-01-25,"{""type"":""MultiPoint"",""coordinates"":[]}"
20120126,-0.001566705,2012-01-26,"{""type"":""MultiPoint"",""coordinates"":[]}"
20120127,-0.001422572,2012-01-27,"{""type"":""MultiPoint"",""coordinates"":[]}"
20120128,-0.001312139,2012-01-28,"{""type"":""MultiPoint"",""coordinates"":[]}"
20120129,-0.001282844,2012-01-29,"{""type"":""MultiPoint"",""coordinates"":[]}"
20120130,-0.001267367,2012-01-30,"{""type"":""MultiPoint"",""coordinates"":[]}"
20120131,-0.001367907,2012-01-31,"{""type"":""MultiPoint"",""coordinates"":[]}"
20120201,-0.001328634,2012-02-01,"{""type"":""MultiPoint"",""coordinates"":[]}"
20120202,-0.001317008,2012-02-02,"{""type"":""MultiPoint"",""coordinates"":[]}"
20120203,-0.001218906,2012-02-03,"{""type"":""MultiPoint"",""coordinates"":[]}"
20120204,-0.001473282,2012-02-04,"{""type"":""MultiPoint"",""coordinates"":[]}"
20120205,-0.001499834,2012-02-05,"{""type"":""MultiPoint"",""coordinates"":[]}"
20120206,-0.001458836,2012-02-06,"{""type"":""MultiPoint"",""coordinates"":[]}"
20120207,-0.001334056,2012-02-07,"{""type"":""MultiPoint"",""coordinates"":[]}"
20120208,-0.001459024,2012-02-08,"{""type"":""MultiPoint"",""coordinates"":[]}"
20120209,-0.001544166,2012-02-09,"{""type"":""MultiPoint"",""coordinates"":[]}"
20120210,-0.001411186,2012-02-10,"{""type"":""MultiPoint"",""coordinates"":[]}"
20120211,-0.001169378,2012-02-11,"{""type"":""MultiPoint"",""coordinates"":[]}"
20120212,-0.001235405,2012-02-12,"{""type"":""MultiPoint"",""coordinates"":[]}"
20120213,-0.001387117,2012-02-13,"{""type"":""MultiPoint"",""coordinates"":[]}"
20120214,-0.00148042,2012-02-14,"{""type"":""MultiPoint"",""coordinates"":[]}"
20120215,-0.001394253,2012-02-15,"{""type"":""MultiPoint"",""coordinates"":[]}"
20120216,-0.001461336,2012-02-16,"{""type"":""MultiPoint"",""coordinates"":[]}"
20120217,-0.001346321,2012-02-17,"{""type"":""MultiPoint"",""coordinates"":[]}"
20120218,-0.001389378,2012-02-18,"{""type"":""MultiPoint"",""coordinates"":[]}"
20120219,-0.001420392,2012-02-19,"{""type"":""MultiPoint"",""coordinates"":[]}"
20120220,-0.001433312,2012-02-20,"{""type"":""MultiPoint"",""coordinates"":[]}"
20120221,-0.001407256,2012-02-21,"{""type"":""MultiPoint"",""coordinates"":[]}"
20120222,-0.00132381,2012-02-22,"{""type"":""MultiPoint"",""coordinates"":[]}"
20120223,-0.001381127,2012-02-23,"{""type"":""MultiPoint"",""coordinates"":[]}"
20120224,-0.001376957,2012-02-24,"{""type"":""MultiPoint"",""coordinates"":[]}"
20120225,-0.001351352,2012-02-25,"{""type"":""MultiPoint"",""coordinates"":[]}"
20120226,-0.00133399,2012-02-26,"{""type"":""MultiPoint"",""coordinates"":[]}"
20120227,-0.001370885,2012-02-27,"{""type"":""MultiPoint"",""coordinates"":[]}"
20120228,-0.001526536,2012-02-28,"{""type"":""MultiPoint"",""coordinates"":[]}"
20120229,-0.001318079,2012-02-29,"{""type"":""MultiPoint"",""coordinates"":[]}"
20120301,-0.001389624,2012-03-01,"{""type"":""MultiPoint"",""coordinates"":[]}"
20120302,-0.001332706,2012-03-02,"{""type"":""MultiPoint"",""coordinates"":[]}"
20120303,-0.001394461,2012-03-03,"{""type"":""MultiPoint"",""coordinates"":[]}"
20120304,-0.001413171,2012-03-04,"{""type"":""MultiPoint"",""coordinates"":[]}"
20120305,-0.001232127,2012-03-05,"{""type"":""MultiPoint"",""coordinates"":[]}"
20120306,-0.001178317,2012-03-06,"{""type"":""MultiPoint"",""coordinates"":[]}"
20120307,-0.001222613,2012-03-07,"{""type"":""MultiPoint"",""coordinates"":[]}"
20120308,-0.001211533,2012-03-08,"{""type"":""MultiPoint"",""coordinates"":[]}"
20120309,-0.00125722,2012-03-09,"{""type"":""MultiPoint"",""coordinates"":[]}"
20120310,-0.001099477,2012-03-10,"{""type"":""MultiPoint"",""coordinates"":[]}"
20120311,-0.001142486,2012-03-11,"{""type"":""MultiPoint"",""coordinates"":[]}"
20120312,-9.69E-04,2012-03-12,"{""type"":""MultiPoint"",""coordinates"":[]}"
20120313,-8.08E-04,2012-03-13,"{""type"":""MultiPoint"",""coordinates"":[]}"
20120314,-8.23E-04,2012-03-14,"{""type"":""MultiPoint"",""coordinates"":[]}"
20120315,-9.07E-04,2012-03-15,"{""type"":""MultiPoint"",""coordinates"":[]}"
20120316,-0.00113857,2012-03-16,"{""type"":""MultiPoint"",""coordinates"":[]}"
20120317,-0.001172087,2012-03-17,"{""type"":""MultiPoint"",""coordinates"":[]}"
20120318,-0.001260834,2012-03-18,"{""type"":""MultiPoint"",""coordinates"":[]}"
20120319,-0.00122863,2012-03-19,"{""type"":""MultiPoint"",""coordinates"":[]}"
20120320,-0.001168612,2012-03-20,"{""type"":""MultiPoint"",""coordinates"":[]}"
20120321,-0.001101723,2012-03-21,"{""type"":""MultiPoint"",""coordinates"":[]}"
20120322,-0.001110571,2012-03-22,"{""type"":""MultiPoint"",""coordinates"":[]}"
20120323,-0.001120958,2012-03-23,"{""type"":""MultiPoint"",""coordinates"":[]}"
20120324,-0.001139335,2012-03-24,"{""type"":""MultiPoint"",""coordinates"":[]}"
20120325,-0.001110465,2012-03-25,"{""type"":""MultiPoint"",""coordinates"":[]}"
20120326,-0.001066359,2012-03-26,"{""type"":""MultiPoint"",""coordinates"":[]}"
20120327,-0.001069724,2012-03-27,"{""type"":""MultiPoint"",""coordinates"":[]}"
20120328,-0.001079569,2012-03-28,"{""type"":""MultiPoint"",""coordinates"":[]}"
20120329,-0.00110505,2012-03-29,"{""type"":""MultiPoint"",""coordinates"":[]}"
20120330,-9.28E-04,2012-03-30,"{""type"":""MultiPoint"",""coordinates"":[]}"
20120331,-8.37E-04,2012-03-31,"{""type"":""MultiPoint"",""coordinates"":[]}"
20120401,-7.91E-04,2012-04-01,"{""type"":""MultiPoint"",""coordinates"":[]}"
20120402,-9.19E-04,2012-04-02,"{""type"":""MultiPoint"",""coordinates"":[]}"
20120403,-9.82E-04,2012-04-03,"{""type"":""MultiPoint"",""coordinates"":[]}"
20120404,-0.001027561,2012-04-04,"{""type"":""MultiPoint"",""coordinates"":[]}"
20120405,-9.15E-04,2012-04-05,"{""type"":""MultiPoint"",""coordinates"":[]}"
20120406,-8.89E-04,2012-04-06,"{""type"":""MultiPoint"",""coordinates"":[]}"
20120407,-8.77E-04,2012-04-07,"{""type"":""MultiPoint"",""coordinates"":[]}"
20120408,-8.97E-04,2012-04-08,"{""type"":""MultiPoint"",""coordinates"":[]}"
20120409,-8.07E-04,2012-04-09,"{""type"":""MultiPoint"",""coordinates"":[]}"
20120410,-9.06E-04,2012-04-10,"{""type"":""MultiPoint"",""coordinates"":[]}"
20120411,-9.14E-04,2012-04-11,"{""type"":""MultiPoint"",""coordinates"":[]}"
20120412,-8.45E-04,2012-04-12,"{""type"":""MultiPoint"",""coordinates"":[]}"
20120413,-8.90E-04,2012-04-13,"{""type"":""MultiPoint"",""coordinates"":[]}"
20120414,-9.15E-04,2012-04-14,"{""type"":""MultiPoint"",""coordinates"":[]}"
20120415,-9.52E-04,2012-04-15,"{""type"":""MultiPoint"",""coordinates"":[]}"
20120416,-9.38E-04,2012-04-16,"{""type"":""MultiPoint"",""coordinates"":[]}"
20120417,-8.71E-04,2012-04-17,"{""type"":""MultiPoint"",""coordinates"":[]}"
20120418,-8.45E-04,2012-04-18,"{""type"":""MultiPoint"",""coordinates"":[]}"
20120419,-8.57E-04,2012-04-19,"{""type"":""MultiPoint"",""coordinates"":[]}"
20120420,-7.78E-04,2012-04-20,"{""type"":""MultiPoint"",""coordinates"":[]}"
20120421,-7.87E-04,2012-04-21,"{""type"":""MultiPoint"",""coordinates"":[]}"
20120422,-8.53E-04,2012-04-22,"{""type"":""MultiPoint"",""coordinates"":[]}"
20120423,-7.33E-04,2012-04-23,"{""type"":""MultiPoint"",""coordinates"":[]}"
20120424,-8.81E-04,2012-04-24,"{""type"":""MultiPoint"",""coordinates"":[]}"
20120425,-5.98E-04,2012-04-25,"{""type"":""MultiPoint"",""coordinates"":[]}"
20120426,-5.82E-04,2012-04-26,"{""type"":""MultiPoint"",""coordinates"":[]}"
20120427,-0.00145864,2012-04-27,"{""type"":""MultiPoint"",""coordinates"":[]}"
20120428,-0.001134186,2012-04-28,"{""type"":""MultiPoint"",""coordinates"":[]}"
20120429,-0.002222054,2012-04-29,"{""type"":""MultiPoint"",""coordinates"":[]}"
20120430,-0.001997019,2012-04-30,"{""type"":""MultiPoint"",""coordinates"":[]}"
20120501,-0.00238881,2012-05-01,"{""type"":""MultiPoint"",""coordinates"":[]}"
20120502,-0.002204755,2012-05-02,"{""type"":""MultiPoint"",""coordinates"":[]}"
20120503,-0.002200597,2012-05-03,"{""type"":""MultiPoint"",""coordinates"":[]}"
20120504,-0.002013005,2012-05-04,"{""type"":""MultiPoint"",""coordinates"":[]}"
20120505,-0.001949894,2012-05-05,"{""type"":""MultiPoint"",""coordinates"":[]}"
20120506,-0.001866232,2012-05-06,"{""type"":""MultiPoint"",""coordinates"":[]}"
20120507,-0.001805306,2012-05-07,"{""type"":""MultiPoint"",""coordinates"":[]}"
20120508,-0.001460062,2012-05-08,"{""type"":""MultiPoint"",""coordinates"":[]}"
20120509,-0.001280229,2012-05-09,"{""type"":""MultiPoint"",""coordinates"":[]}"
20120510,-0.001178578,2012-05-10,"{""type"":""MultiPoint"",""coordinates"":[]}"
20120511,-0.001363963,2012-05-11,"{""type"":""MultiPoint"",""coordinates"":[]}"
20120512,-0.001548984,2012-05-12,"{""type"":""MultiPoint"",""coordinates"":[]}"
20120513,-0.002407658,2012-05-13,"{""type"":""MultiPoint"",""coordinates"":[]}"
20120514,-0.002662673,2012-05-14,"{""type"":""MultiPoint"",""coordinates"":[]}"
20120515,-0.002021726,2012-05-15,"{""type"":""MultiPoint"",""coordinates"":[]}"
20120516,-0.002780193,2012-05-16,"{""type"":""MultiPoint"",""coordinates"":[]}"
20120517,-0.003050952,2012-05-17,"{""type"":""MultiPoint"",""coordinates"":[]}"
20120518,-0.003358255,2012-05-18,"{""type"":""MultiPoint"",""coordinates"":[]}"
20120519,-0.003242425,2012-05-19,"{""type"":""MultiPoint"",""coordinates"":[]}"
20120520,-0.003030793,2012-05-20,"{""type"":""MultiPoint"",""coordinates"":[]}"
20120521,-0.002055531,2012-05-21,"{""type"":""MultiPoint"",""coordinates"":[]}"
20120522,-0.002715069,2012-05-22,"{""type"":""MultiPoint"",""coordinates"":[]}"
20120523,-0.002287942,2012-05-23,"{""type"":""MultiPoint"",""coordinates"":[]}"
20120524,-0.002088559,2012-05-24,"{""type"":""MultiPoint"",""coordinates"":[]}"
20120525,-0.001637078,2012-05-25,"{""type"":""MultiPoint"",""coordinates"":[]}"
20120526,-0.001312954,2012-05-26,"{""type"":""MultiPoint"",""coordinates"":[]}"
20120527,-0.001743107,2012-05-27,"{""type"":""MultiPoint"",""coordinates"":[]}"
20120528,-0.001977178,2012-05-28,"{""type"":""MultiPoint"",""coordinates"":[]}"
20120529,-0.001916683,2012-05-29,"{""type"":""MultiPoint"",""coordinates"":[]}"
20120530,-0.001633359,2012-05-30,"{""type"":""MultiPoint"",""coordinates"":[]}"
20120531,-0.002376505,2012-05-31,"{""type"":""MultiPoint"",""coordinates"":[]}"
20120601,-0.002217241,2012-06-01,"{""type"":""MultiPoint"",""coordinates"":[]}"
20120602,-0.001887298,2012-06-02,"{""type"":""MultiPoint"",""coordinates"":[]}"
20120603,-0.00131859,2012-06-03,"{""type"":""MultiPoint"",""coordinates"":[]}"
20120604,-0.001690073,2012-06-04,"{""type"":""MultiPoint"",""coordinates"":[]}"
20120605,-0.001109544,2012-06-05,"{""type"":""MultiPoint"",""coordinates"":[]}"
20120606,-7.91E-04,2012-06-06,"{""type"":""MultiPoint"",""coordinates"":[]}"
20120607,-8.04E-04,2012-06-07,"{""type"":""MultiPoint"",""coordinates"":[]}"
20120608,-7.99E-04,2012-06-08,"{""type"":""MultiPoint"",""coordinates"":[]}"
20120609,-0.001280406,2012-06-09,"{""type"":""MultiPoint"",""coordinates"":[]}"
20120610,-0.001263049,2012-06-10,"{""type"":""MultiPoint"",""coordinates"":[]}"
20120611,-0.00139295,2012-06-11,"{""type"":""MultiPoint"",""coordinates"":[]}"
20120612,-8.69E-04,2012-06-12,"{""type"":""MultiPoint"",""coordinates"":[]}"
20120613,-7.36E-04,2012-06-13,"{""type"":""MultiPoint"",""coordinates"":[]}"
20120614,-0.00147959,2012-06-14,"{""type"":""MultiPoint"",""coordinates"":[]}"
20120615,-0.001227759,2012-06-15,"{""type"":""MultiPoint"",""coordinates"":[]}"
20120616,-0.001161923,2012-06-16,"{""type"":""MultiPoint"",""coordinates"":[]}"
20120617,-7.76E-04,2012-06-17,"{""type"":""MultiPoint"",""coordinates"":[]}"
20120618,-2.38E-05,2012-06-18,"{""type"":""MultiPoint"",""coordinates"":[]}"
20120619,-0.001405508,2012-06-19,"{""type"":""MultiPoint"",""coordinates"":[]}"
20120620,-0.002005443,2012-06-20,"{""type"":""MultiPoint"",""coordinates"":[]}"
20120621,-0.001389839,2012-06-21,"{""type"":""MultiPoint"",""coordinates"":[]}"
20120622,-0.001355976,2012-06-22,"{""type"":""MultiPoint"",""coordinates"":[]}"
20120623,-0.001932078,2012-06-23,"{""type"":""MultiPoint"",""coordinates"":[]}"
20120624,-0.001802832,2012-06-24,"{""type"":""MultiPoint"",""coordinates"":[]}"
20120625,-0.001638797,2012-06-25,"{""type"":""MultiPoint"",""coordinates"":[]}"
20120626,-0.001442769,2012-06-26,"{""type"":""MultiPoint"",""coordinates"":[]}"
20120627,-0.001295075,2012-06-27,"{""type"":""MultiPoint"",""coordinates"":[]}"
20120628,-6.75E-04,2012-06-28,"{""type"":""MultiPoint"",""coordinates"":[]}"
20120629,-9.49E-04,2012-06-29,"{""type"":""MultiPoint"",""coordinates"":[]}"
20120630,-0.001936844,2012-06-30,"{""type"":""MultiPoint"",""coordinates"":[]}"
20120701,-1.23E-04,2012-07-01,"{""type"":""MultiPoint"",""coordinates"":[]}"
20120702,-5.83E-05,2012-07-02,"{""type"":""MultiPoint"",""coordinates"":[]}"
20120703,-0.001231916,2012-07-03,"{""type"":""MultiPoint"",""coordinates"":[]}"
20120704,-0.002189124,2012-07-04,"{""type"":""MultiPoint"",""coordinates"":[]}"
20120705,-0.002485769,2012-07-05,"{""type"":""MultiPoint"",""coordinates"":[]}"
20120706,-0.002369227,2012-07-06,"{""type"":""MultiPoint"",""coordinates"":[]}"
20120707,-0.002066948,2012-07-07,"{""type"":""MultiPoint"",""coordinates"":[]}"
20120708,-0.001403464,2012-07-08,"{""type"":""MultiPoint"",""coordinates"":[]}"
20120709,-0.001489836,2012-07-09,"{""type"":""MultiPoint"",""coordinates"":[]}"
20120710,-0.001647998,2012-07-10,"{""type"":""MultiPoint"",""coordinates"":[]}"
20120711,-0.002036042,2012-07-11,"{""type"":""MultiPoint"",""coordinates"":[]}"
20120712,-0.001811356,2012-07-12,"{""type"":""MultiPoint"",""coordinates"":[]}"
20120713,-0.001878791,2012-07-13,"{""type"":""MultiPoint"",""coordinates"":[]}"
20120714,-0.001518351,2012-07-14,"{""type"":""MultiPoint"",""coordinates"":[]}"
20120715,-0.00146762,2012-07-15,"{""type"":""MultiPoint"",""coordinates"":[]}"
20120716,-0.001667669,2012-07-16,"{""type"":""MultiPoint"",""coordinates"":[]}"
20120717,-0.001525259,2012-07-17,"{""type"":""MultiPoint"",""coordinates"":[]}"
20120718,-9.71E-04,2012-07-18,"{""type"":""MultiPoint"",""coordinates"":[]}"
20120719,-0.001950221,2012-07-19,"{""type"":""MultiPoint"",""coordinates"":[]}"
20120720,-0.001460863,2012-07-20,"{""type"":""MultiPoint"",""coordinates"":[]}"
20120721,-9.71E-04,2012-07-21,"{""type"":""MultiPoint"",""coordinates"":[]}"
20120722,-0.001352082,2012-07-22,"{""type"":""MultiPoint"",""coordinates"":[]}"
20120723,-0.001911989,2012-07-23,"{""type"":""MultiPoint"",""coordinates"":[]}"
20120724,-0.002075955,2012-07-24,"{""type"":""MultiPoint"",""coordinates"":[]}"
20120725,-0.001661331,2012-07-25,"{""type"":""MultiPoint"",""coordinates"":[]}"
20120726,-0.001468365,2012-07-26,"{""type"":""MultiPoint"",""coordinates"":[]}"
20120727,-0.001072412,2012-07-27,"{""type"":""MultiPoint"",""coordinates"":[]}"
20120728,-0.001405663,2012-07-28,"{""type"":""MultiPoint"",""coordinates"":[]}"
20120729,-0.002035506,2012-07-29,"{""type"":""MultiPoint"",""coordinates"":[]}"
20120730,-0.002126884,2012-07-30,"{""type"":""MultiPoint"",""coordinates"":[]}"
20120731,-0.002113222,2012-07-31,"{""type"":""MultiPoint"",""coordinates"":[]}"
20120801,-0.001807628,2012-08-01,"{""type"":""MultiPoint"",""coordinates"":[]}"
20120802,-0.001755082,2012-08-02,"{""type"":""MultiPoint"",""coordinates"":[]}"
20120803,-0.001088704,2012-08-03,"{""type"":""MultiPoint"",""coordinates"":[]}"
20120804,-0.001296826,2012-08-04,"{""type"":""MultiPoint"",""coordinates"":[]}"
20120805,-0.001464189,2012-08-05,"{""type"":""MultiPoint"",""coordinates"":[]}"
20120806,-5.59E-04,2012-08-06,"{""type"":""MultiPoint"",""coordinates"":[]}"
20120807,-2.34E-04,2012-08-07,"{""type"":""MultiPoint"",""coordinates"":[]}"
20120808,-9.58E-04,2012-08-08,"{""type"":""MultiPoint"",""coordinates"":[]}"
20120809,-0.001087227,2012-08-09,"{""type"":""MultiPoint"",""coordinates"":[]}"
20120810,-9.00E-04,2012-08-10,"{""type"":""MultiPoint"",""coordinates"":[]}"
20120811,-5.78E-04,2012-08-11,"{""type"":""MultiPoint"",""coordinates"":[]}"
20120812,-1.40E-04,2012-08-12,"{""type"":""MultiPoint"",""coordinates"":[]}"
20120813,-0.001644939,2012-08-13,"{""type"":""MultiPoint"",""coordinates"":[]}"
20120814,-0.002629522,2012-08-14,"{""type"":""MultiPoint"",""coordinates"":[]}"
20120815,-0.002251619,2012-08-15,"{""type"":""MultiPoint"",""coordinates"":[]}"
20120816,-0.0023527,2012-08-16,"{""type"":""MultiPoint"",""coordinates"":[]}"
20120817,-0.001683618,2012-08-17,"{""type"":""MultiPoint"",""coordinates"":[]}"
20120818,-0.001748624,2012-08-18,"{""type"":""MultiPoint"",""coordinates"":[]}"
20120819,-0.00233806,2012-08-19,"{""type"":""MultiPoint"",""coordinates"":[]}"
20120820,-0.00279849,2012-08-20,"{""type"":""MultiPoint"",""coordinates"":[]}"
20120821,-0.002471207,2012-08-21,"{""type"":""MultiPoint"",""coordinates"":[]}"
20120822,-0.002238887,2012-08-22,"{""type"":""MultiPoint"",""coordinates"":[]}"
20120823,-0.002344201,2012-08-23,"{""type"":""MultiPoint"",""coordinates"":[]}"
20120824,-0.001013938,2012-08-24,"{""type"":""MultiPoint"",""coordinates"":[]}"
20120825,-0.00161657,2012-08-25,"{""type"":""MultiPoint"",""coordinates"":[]}"
20120826,-7.65E-04,2012-08-26,"{""type"":""MultiPoint"",""coordinates"":[]}"
20120827,-0.001299243,2012-08-27,"{""type"":""MultiPoint"",""coordinates"":[]}"
20120828,-0.001491501,2012-08-28,"{""type"":""MultiPoint"",""coordinates"":[]}"
20120829,-8.19E-04,2012-08-29,"{""type"":""MultiPoint"",""coordinates"":[]}"
20120830,-1.32E-04,2012-08-30,"{""type"":""MultiPoint"",""coordinates"":[]}"
20120831,-9.00E-04,2012-08-31,"{""type"":""MultiPoint"",""coordinates"":[]}"
20120901,-0.001681753,2012-09-01,"{""type"":""MultiPoint"",""coordinates"":[]}"
20120902,-0.001343716,2012-09-02,"{""type"":""MultiPoint"",""coordinates"":[]}"
20120903,-9.68E-04,2012-09-03,"{""type"":""MultiPoint"",""coordinates"":[]}"
20120904,-0.001416452,2012-09-04,"{""type"":""MultiPoint"",""coordinates"":[]}"
20120905,-0.002080036,2012-09-05,"{""type"":""MultiPoint"",""coordinates"":[]}"
20120906,-0.002314802,2012-09-06,"{""type"":""MultiPoint"",""coordinates"":[]}"
20120907,-0.001997123,2012-09-07,"{""type"":""MultiPoint"",""coordinates"":[]}"
20120908,-9.89E-04,2012-09-08,"{""type"":""MultiPoint"",""coordinates"":[]}"
20120909,-0.00138754,2012-09-09,"{""type"":""MultiPoint"",""coordinates"":[]}"
20120910,-0.002122987,2012-09-10,"{""type"":""MultiPoint"",""coordinates"":[]}"
20120911,-0.002422154,2012-09-11,"{""type"":""MultiPoint"",""coordinates"":[]}"
20120912,-0.002483683,2012-09-12,"{""type"":""MultiPoint"",""coordinates"":[]}"
20120913,-0.002369249,2012-09-13,"{""type"":""MultiPoint"",""coordinates"":[]}"
20120914,-0.002622659,2012-09-14,"{""type"":""MultiPoint"",""coordinates"":[]}"
20120915,-0.002105517,2012-09-15,"{""type"":""MultiPoint"",""coordinates"":[]}"
20120916,-0.002658295,2012-09-16,"{""type"":""MultiPoint"",""coordinates"":[]}"
20120917,-0.002440946,2012-09-17,"{""type"":""MultiPoint"",""coordinates"":[]}"
20120918,-0.003084377,2012-09-18,"{""type"":""MultiPoint"",""coordinates"":[]}"
20120919,-0.003452733,2012-09-19,"{""type"":""MultiPoint"",""coordinates"":[]}"
20120920,-0.003099531,2012-09-20,"{""type"":""MultiPoint"",""coordinates"":[]}"
20120921,-0.003585179,2012-09-21,"{""type"":""MultiPoint"",""coordinates"":[]}"
20120922,-0.003366788,2012-09-22,"{""type"":""MultiPoint"",""coordinates"":[]}"
20120923,-0.003641975,2012-09-23,"{""type"":""MultiPoint"",""coordinates"":[]}"
20120924,-0.003316044,2012-09-24,"{""type"":""MultiPoint"",""coordinates"":[]}"
20120925,-0.003283175,2012-09-25,"{""type"":""MultiPoint"",""coordinates"":[]}"
20120926,-0.002951414,2012-09-26,"{""type"":""MultiPoint"",""coordinates"":[]}"
20120927,-0.001585633,2012-09-27,"{""type"":""MultiPoint"",""coordinates"":[]}"
20120928,-0.001190353,2012-09-28,"{""type"":""MultiPoint"",""coordinates"":[]}"
20120929,-0.001307239,2012-09-29,"{""type"":""MultiPoint"",""coordinates"":[]}"
20120930,-0.001128492,2012-09-30,"{""type"":""MultiPoint"",""coordinates"":[]}"
20121001,-0.001252448,2012-10-01,"{""type"":""MultiPoint"",""coordinates"":[]}"
20121002,-0.002989289,2012-10-02,"{""type"":""MultiPoint"",""coordinates"":[]}"
20121003,-0.003920308,2012-10-03,"{""type"":""MultiPoint"",""coordinates"":[]}"
20121004,-0.00364182,2012-10-04,"{""type"":""MultiPoint"",""coordinates"":[]}"
20121005,-0.00368174,2012-10-05,"{""type"":""MultiPoint"",""coordinates"":[]}"
20121006,-0.0032185,2012-10-06,"{""type"":""MultiPoint"",""coordinates"":[]}"
20121007,-0.001318565,2012-10-07,"{""type"":""MultiPoint"",""coordinates"":[]}"
20121008,-0.002542422,2012-10-08,"{""type"":""MultiPoint"",""coordinates"":[]}"
20121009,-0.001379467,2012-10-09,"{""type"":""MultiPoint"",""coordinates"":[]}"
20121010,-0.003494838,2012-10-10,"{""type"":""MultiPoint"",""coordinates"":[]}"
20121011,-0.003633643,2012-10-11,"{""type"":""MultiPoint"",""coordinates"":[]}"
20121012,-0.002338617,2012-10-12,"{""type"":""MultiPoint"",""coordinates"":[]}"
20121013,-0.001473447,2012-10-13,"{""type"":""MultiPoint"",""coordinates"":[]}"
20121014,-0.00246744,2012-10-14,"{""type"":""MultiPoint"",""coordinates"":[]}"
20121015,-0.001796454,2012-10-15,"{""type"":""MultiPoint"",""coordinates"":[]}"
20121016,-0.001560388,2012-10-16,"{""type"":""MultiPoint"",""coordinates"":[]}"
20121017,-0.003779162,2012-10-17,"{""type"":""MultiPoint"",""coordinates"":[]}"
20121018,-0.003821647,2012-10-18,"{""type"":""MultiPoint"",""coordinates"":[]}"
20121019,-0.001591208,2012-10-19,"{""type"":""MultiPoint"",""coordinates"":[]}"
20121020,-1.94E-04,2012-10-20,"{""type"":""MultiPoint"",""coordinates"":[]}"
20121021,-0.001217277,2012-10-21,"{""type"":""MultiPoint"",""coordinates"":[]}"
20121022,-0.001759798,2012-10-22,"{""type"":""MultiPoint"",""coordinates"":[]}"
20121023,-0.00216345,2012-10-23,"{""type"":""MultiPoint"",""coordinates"":[]}"
20121024,-0.001571912,2012-10-24,"{""type"":""MultiPoint"",""coordinates"":[]}"
20121025,-0.002509519,2012-10-25,"{""type"":""MultiPoint"",""coordinates"":[]}"
20121026,-0.003697276,2012-10-26,"{""type"":""MultiPoint"",""coordinates"":[]}"
20121027,-0.003526511,2012-10-27,"{""type"":""MultiPoint"",""coordinates"":[]}"
20121028,-0.003468964,2012-10-28,"{""type"":""MultiPoint"",""coordinates"":[]}"
20121029,-0.002564057,2012-10-29,"{""type"":""MultiPoint"",""coordinates"":[]}"
20121030,-0.001891385,2012-10-30,"{""type"":""MultiPoint"",""coordinates"":[]}"
20121031,-4.98E-10,2012-10-31,"{""type"":""MultiPoint"",""coordinates"":[]}"
20121101,-4.55E-05,2012-11-01,"{""type"":""MultiPoint"",""coordinates"":[]}"
20121102,-0.001240431,2012-11-02,"{""type"":""MultiPoint"",""coordinates"":[]}"
20121103,-0.001944303,2012-11-03,"{""type"":""MultiPoint"",""coordinates"":[]}"
20121104,-0.002262324,2012-11-04,"{""type"":""MultiPoint"",""coordinates"":[]}"
20121105,-0.001582364,2012-11-05,"{""type"":""MultiPoint"",""coordinates"":[]}"
20121106,-0.003361188,2012-11-06,"{""type"":""MultiPoint"",""coordinates"":[]}"
20121107,-0.002408058,2012-11-07,"{""type"":""MultiPoint"",""coordinates"":[]}"
20121108,-0.003039634,2012-11-08,"{""type"":""MultiPoint"",""coordinates"":[]}"
20121109,-0.003459911,2012-11-09,"{""type"":""MultiPoint"",""coordinates"":[]}"
20121110,-0.003366034,2012-11-10,"{""type"":""MultiPoint"",""coordinates"":[]}"
20121111,-0.003178388,2012-11-11,"{""type"":""MultiPoint"",""coordinates"":[]}"
20121112,-0.003477643,2012-11-12,"{""type"":""MultiPoint"",""coordinates"":[]}"
20121113,-0.003536608,2012-11-13,"{""type"":""MultiPoint"",""coordinates"":[]}"
20121114,-0.003738201,2012-11-14,"{""type"":""MultiPoint"",""coordinates"":[]}"
20121115,-0.003520665,2012-11-15,"{""type"":""MultiPoint"",""coordinates"":[]}"
20121116,-0.003329724,2012-11-16,"{""type"":""MultiPoint"",""coordinates"":[]}"
20121117,-0.003293448,2012-11-17,"{""type"":""MultiPoint"",""coordinates"":[]}"
20121118,-0.003310941,2012-11-18,"{""type"":""MultiPoint"",""coordinates"":[]}"
20121119,-0.003246041,2012-11-19,"{""type"":""MultiPoint"",""coordinates"":[]}"
20121120,-0.003067426,2012-11-20,"{""type"":""MultiPoint"",""coordinates"":[]}"
20121121,-0.002483081,2012-11-21,"{""type"":""MultiPoint"",""coordinates"":[]}"
20121122,-0.002124062,2012-11-22,"{""type"":""MultiPoint"",""coordinates"":[]}"
20121123,-1.33E-04,2012-11-23,"{""type"":""MultiPoint"",""coordinates"":[]}"
20121124,-0.002831255,2012-11-24,"{""type"":""MultiPoint"",""coordinates"":[]}"
20121125,-0.003029859,2012-11-25,"{""type"":""MultiPoint"",""coordinates"":[]}"
20121126,-0.002878215,2012-11-26,"{""type"":""MultiPoint"",""coordinates"":[]}"
20121127,-0.003034267,2012-11-27,"{""type"":""MultiPoint"",""coordinates"":[]}"
20121128,-0.00315776,2012-11-28,"{""type"":""MultiPoint"",""coordinates"":[]}"
20121129,-0.003083815,2012-11-29,"{""type"":""MultiPoint"",""coordinates"":[]}"
20121130,-0.002778024,2012-11-30,"{""type"":""MultiPoint"",""coordinates"":[]}"
20121201,-0.002789789,2012-12-01,"{""type"":""MultiPoint"",""coordinates"":[]}"
20121202,-0.002888099,2012-12-02,"{""type"":""MultiPoint"",""coordinates"":[]}"
20121203,-0.001248109,2012-12-03,"{""type"":""MultiPoint"",""coordinates"":[]}"
20121204,-3.42E-05,2012-12-04,"{""type"":""MultiPoint"",""coordinates"":[]}"
20121205,-0.002069099,2012-12-05,"{""type"":""MultiPoint"",""coordinates"":[]}"
20121206,-0.002332669,2012-12-06,"{""type"":""MultiPoint"",""coordinates"":[]}"
20121207,-0.002906547,2012-12-07,"{""type"":""MultiPoint"",""coordinates"":[]}"
20121208,-0.002958006,2012-12-08,"{""type"":""MultiPoint"",""coordinates"":[]}"
20121209,-0.002882222,2012-12-09,"{""type"":""MultiPoint"",""coordinates"":[]}"
20121210,-0.003151034,2012-12-10,"{""type"":""MultiPoint"",""coordinates"":[]}"
20121211,-0.002991816,2012-12-11,"{""type"":""MultiPoint"",""coordinates"":[]}"
20121212,-0.002907711,2012-12-12,"{""type"":""MultiPoint"",""coordinates"":[]}"
20121213,-0.002807763,2012-12-13,"{""type"":""MultiPoint"",""coordinates"":[]}"
20121214,-0.002730642,2012-12-14,"{""type"":""MultiPoint"",""coordinates"":[]}"
20121215,-0.002573876,2012-12-15,"{""type"":""MultiPoint"",""coordinates"":[]}"
20121216,-0.002272881,2012-12-16,"{""type"":""MultiPoint"",""coordinates"":[]}"
20121217,-0.002105474,2012-12-17,"{""type"":""MultiPoint"",""coordinates"":[]}"
20121218,-0.002069965,2012-12-18,"{""type"":""MultiPoint"",""coordinates"":[]}"
20121219,-0.002183555,2012-12-19,"{""type"":""MultiPoint"",""coordinates"":[]}"
20121220,-0.002332817,2012-12-20,"{""type"":""MultiPoint"",""coordinates"":[]}"
20121221,-0.002111007,2012-12-21,"{""type"":""MultiPoint"",""coordinates"":[]}"
20121222,-0.002340091,2012-12-22,"{""type"":""MultiPoint"",""coordinates"":[]}"
20121223,-0.002009546,2012-12-23,"{""type"":""MultiPoint"",""coordinates"":[]}"
20121224,-0.002059423,2012-12-24,"{""type"":""MultiPoint"",""coordinates"":[]}"
20121225,-0.002050614,2012-12-25,"{""type"":""MultiPoint"",""coordinates"":[]}"
20121226,-0.001907965,2012-12-26,"{""type"":""MultiPoint"",""coordinates"":[]}"
20121227,-0.001933995,2012-12-27,"{""type"":""MultiPoint"",""coordinates"":[]}"
20121228,-0.001351571,2012-12-28,"{""type"":""MultiPoint"",""coordinates"":[]}"
20121229,-5.89E-04,2012-12-29,"{""type"":""MultiPoint"",""coordinates"":[]}"
20121230,-8.70E-04,2012-12-30,"{""type"":""MultiPoint"",""coordinates"":[]}"
20121231,-0.001028566,2012-12-31,"{""type"":""MultiPoint"",""coordinates"":[]}"
20130101,-0.001928407,2013-01-01,"{""type"":""MultiPoint"",""coordinates"":[]}"
20130102,-0.002082189,2013-01-02,"{""type"":""MultiPoint"",""coordinates"":[]}"
20130103,-0.002130857,2013-01-03,"{""type"":""MultiPoint"",""coordinates"":[]}"
20130104,-0.001970322,2013-01-04,"{""type"":""MultiPoint"",""coordinates"":[]}"
20130105,-0.001873354,2013-01-05,"{""type"":""MultiPoint"",""coordinates"":[]}"
20130106,-0.00172351,2013-01-06,"{""type"":""MultiPoint"",""coordinates"":[]}"
20130107,-0.001837809,2013-01-07,"{""type"":""MultiPoint"",""coordinates"":[]}"
20130108,-0.001981403,2013-01-08,"{""type"":""MultiPoint"",""coordinates"":[]}"
20130109,-0.001712198,2013-01-09,"{""type"":""MultiPoint"",""coordinates"":[]}"
20130110,-0.001720308,2013-01-10,"{""type"":""MultiPoint"",""coordinates"":[]}"
20130111,-0.001600364,2013-01-11,"{""type"":""MultiPoint"",""coordinates"":[]}"
20130112,-0.00161285,2013-01-12,"{""type"":""MultiPoint"",""coordinates"":[]}"
20130113,-0.001632076,2013-01-13,"{""type"":""MultiPoint"",""coordinates"":[]}"
20130114,-0.001653499,2013-01-14,"{""type"":""MultiPoint"",""coordinates"":[]}"
20130115,-0.001610399,2013-01-15,"{""type"":""MultiPoint"",""coordinates"":[]}"
20130116,-0.001434938,2013-01-16,"{""type"":""MultiPoint"",""coordinates"":[]}"
20130117,-0.001373588,2013-01-17,"{""type"":""MultiPoint"",""coordinates"":[]}"
20130118,-0.001433824,2013-01-18,"{""type"":""MultiPoint"",""coordinates"":[]}"
20130119,-0.001443498,2013-01-19,"{""type"":""MultiPoint"",""coordinates"":[]}"
20130120,-0.001438446,2013-01-20,"{""type"":""MultiPoint"",""coordinates"":[]}"
20130121,-0.001384364,2013-01-21,"{""type"":""MultiPoint"",""coordinates"":[]}"
20130122,-0.001377924,2013-01-22,"{""type"":""MultiPoint"",""coordinates"":[]}"
20130123,-0.001390813,2013-01-23,"{""type"":""MultiPoint"",""coordinates"":[]}"
20130124,-0.001437637,2013-01-24,"{""type"":""MultiPoint"",""coordinates"":[]}"
20130125,-0.001356806,2013-01-25,"{""type"":""MultiPoint"",""coordinates"":[]}"
20130126,-0.001369339,2013-01-26,"{""type"":""MultiPoint"",""coordinates"":[]}"
20130127,-0.001326002,2013-01-27,"{""type"":""MultiPoint"",""coordinates"":[]}"
20130128,-0.001337332,2013-01-28,"{""type"":""MultiPoint"",""coordinates"":[]}"
20130129,-0.00129519,2013-01-29,"{""type"":""MultiPoint"",""coordinates"":[]}"
20130130,-0.001213432,2013-01-30,"{""type"":""MultiPoint"",""coordinates"":[]}"
20130131,-0.001200528,2013-01-31,"{""type"":""MultiPoint"",""coordinates"":[]}"
20130201,-0.001206033,2013-02-01,"{""type"":""MultiPoint"",""coordinates"":[]}"
20130202,-0.001212266,2013-02-02,"{""type"":""MultiPoint"",""coordinates"":[]}"
20130203,-0.001261059,2013-02-03,"{""type"":""MultiPoint"",""coordinates"":[]}"
20130204,-0.001223061,2013-02-04,"{""type"":""MultiPoint"",""coordinates"":[]}"
20130205,-0.001032729,2013-02-05,"{""type"":""MultiPoint"",""coordinates"":[]}"
20130206,-8.77E-04,2013-02-06,"{""type"":""MultiPoint"",""coordinates"":[]}"
20130207,-0.00106091,2013-02-07,"{""type"":""MultiPoint"",""coordinates"":[]}"
20130208,-9.44E-04,2013-02-08,"{""type"":""MultiPoint"",""coordinates"":[]}"
20130209,-0.001089583,2013-02-09,"{""type"":""MultiPoint"",""coordinates"":[]}"
20130210,-0.001062322,2013-02-10,"{""type"":""MultiPoint"",""coordinates"":[]}"
20130211,-9.34E-04,2013-02-11,"{""type"":""MultiPoint"",""coordinates"":[]}"
20130212,-0.001004363,2013-02-12,"{""type"":""MultiPoint"",""coordinates"":[]}"
20130213,-8.34E-04,2013-02-13,"{""type"":""MultiPoint"",""coordinates"":[]}"
20130214,-5.06E-04,2013-02-14,"{""type"":""MultiPoint"",""coordinates"":[]}"
20130215,-6.87E-04,2013-02-15,"{""type"":""MultiPoint"",""coordinates"":[]}"
20130216,-6.87E-04,2013-02-16,"{""type"":""MultiPoint"",""coordinates"":[]}"
20130217,-6.65E-04,2013-02-17,"{""type"":""MultiPoint"",""coordinates"":[]}"
20130218,-9.24E-04,2013-02-18,"{""type"":""MultiPoint"",""coordinates"":[]}"
20130219,-0.001725501,2013-02-19,"{""type"":""MultiPoint"",""coordinates"":[]}"
20130220,-0.001748878,2013-02-20,"{""type"":""MultiPoint"",""coordinates"":[]}"
20130221,-0.001743395,2013-02-21,"{""type"":""MultiPoint"",""coordinates"":[]}"
20130222,-0.001559737,2013-02-22,"{""type"":""MultiPoint"",""coordinates"":[]}"
20130223,-0.001547447,2013-02-23,"{""type"":""MultiPoint"",""coordinates"":[]}"
20130224,-0.001496269,2013-02-24,"{""type"":""MultiPoint"",""coordinates"":[]}"
20130225,-0.001394113,2013-02-25,"{""type"":""MultiPoint"",""coordinates"":[]}"
20130226,-0.001291492,2013-02-26,"{""type"":""MultiPoint"",""coordinates"":[]}"
20130227,-0.001295027,2013-02-27,"{""type"":""MultiPoint"",""coordinates"":[]}"
20130228,-0.001212663,2013-02-28,"{""type"":""MultiPoint"",""coordinates"":[]}"
20130301,-0.001214889,2013-03-01,"{""type"":""MultiPoint"",""coordinates"":[]}"
20130302,-0.001150468,2013-03-02,"{""type"":""MultiPoint"",""coordinates"":[]}"
20130303,-0.001127101,2013-03-03,"{""type"":""MultiPoint"",""coordinates"":[]}"
20130304,-0.001099613,2013-03-04,"{""type"":""MultiPoint"",""coordinates"":[]}"
20130305,-7.53E-04,2013-03-05,"{""type"":""MultiPoint"",""coordinates"":[]}"
20130306,-4.14E-04,2013-03-06,"{""type"":""MultiPoint"",""coordinates"":[]}"
20130307,-5.16E-04,2013-03-07,"{""type"":""MultiPoint"",""coordinates"":[]}"
20130308,-0.001234469,2013-03-08,"{""type"":""MultiPoint"",""coordinates"":[]}"
20130309,-0.001383806,2013-03-09,"{""type"":""MultiPoint"",""coordinates"":[]}"
20130310,-0.001350294,2013-03-10,"{""type"":""MultiPoint"",""coordinates"":[]}"
20130311,-0.001208324,2013-03-11,"{""type"":""MultiPoint"",""coordinates"":[]}"
20130312,-0.001155241,2013-03-12,"{""type"":""MultiPoint"",""coordinates"":[]}"
20130313,-0.001206732,2013-03-13,"{""type"":""MultiPoint"",""coordinates"":[]}"
20130314,-0.001074163,2013-03-14,"{""type"":""MultiPoint"",""coordinates"":[]}"
20130315,-9.75E-04,2013-03-15,"{""type"":""MultiPoint"",""coordinates"":[]}"
20130316,-9.20E-04,2013-03-16,"{""type"":""MultiPoint"",""coordinates"":[]}"
20130317,-9.41E-04,2013-03-17,"{""type"":""MultiPoint"",""coordinates"":[]}"
20130318,-9.90E-04,2013-03-18,"{""type"":""MultiPoint"",""coordinates"":[]}"
20130319,-0.001017438,2013-03-19,"{""type"":""MultiPoint"",""coordinates"":[]}"
20130320,-9.91E-04,2013-03-20,"{""type"":""MultiPoint"",""coordinates"":[]}"
20130321,-9.78E-04,2013-03-21,"{""type"":""MultiPoint"",""coordinates"":[]}"
20130322,-9.57E-04,2013-03-22,"{""type"":""MultiPoint"",""coordinates"":[]}"
20130323,-8.73E-04,2013-03-23,"{""type"":""MultiPoint"",""coordinates"":[]}"
20130324,-9.49E-04,2013-03-24,"{""type"":""MultiPoint"",""coordinates"":[]}"
20130325,-8.70E-04,2013-03-25,"{""type"":""MultiPoint"",""coordinates"":[]}"
20130326,-7.87E-04,2013-03-26,"{""type"":""MultiPoint"",""coordinates"":[]}"
20130327,-7.51E-04,2013-03-27,"{""type"":""MultiPoint"",""coordinates"":[]}"
20130328,-8.59E-04,2013-03-28,"{""type"":""MultiPoint"",""coordinates"":[]}"
20130329,-7.41E-04,2013-03-29,"{""type"":""MultiPoint"",""coordinates"":[]}"
20130330,-8.34E-04,2013-03-30,"{""type"":""MultiPoint"",""coordinates"":[]}"
20130331,-7.76E-04,2013-03-31,"{""type"":""MultiPoint"",""coordinates"":[]}"
20130401,-6.16E-04,2013-04-01,"{""type"":""MultiPoint"",""coordinates"":[]}"
20130402,-0.001076908,2013-04-02,"{""type"":""MultiPoint"",""coordinates"":[]}"
20130403,-0.001201788,2013-04-03,"{""type"":""MultiPoint"",""coordinates"":[]}"
20130404,-0.001269823,2013-04-04,"{""type"":""MultiPoint"",""coordinates"":[]}"
20130405,-0.001088612,2013-04-05,"{""type"":""MultiPoint"",""coordinates"":[]}"
20130406,-9.33E-04,2013-04-06,"{""type"":""MultiPoint"",""coordinates"":[]}"
20130407,-9.90E-04,2013-04-07,"{""type"":""MultiPoint"",""coordinates"":[]}"
20130408,-7.75E-04,2013-04-08,"{""type"":""MultiPoint"",""coordinates"":[]}"
20130409,-6.44E-04,2013-04-09,"{""type"":""MultiPoint"",""coordinates"":[]}"
20130410,-7.67E-04,2013-04-10,"{""type"":""MultiPoint"",""coordinates"":[]}"
20130411,-7.71E-04,2013-04-11,"{""type"":""MultiPoint"",""coordinates"":[]}"
20130412,-7.66E-04,2013-04-12,"{""type"":""MultiPoint"",""coordinates"":[]}"
20130413,-7.38E-04,2013-04-13,"{""type"":""MultiPoint"",""coordinates"":[]}"
20130414,-7.38E-04,2013-04-14,"{""type"":""MultiPoint"",""coordinates"":[]}"
20130415,-5.77E-04,2013-04-15,"{""type"":""MultiPoint"",""coordinates"":[]}"
20130416,-6.70E-04,2013-04-16,"{""type"":""MultiPoint"",""coordinates"":[]}"
20130417,-7.45E-04,2013-04-17,"{""type"":""MultiPoint"",""coordinates"":[]}"
20130418,-7.07E-04,2013-04-18,"{""type"":""MultiPoint"",""coordinates"":[]}"
20130419,-5.79E-04,2013-04-19,"{""type"":""MultiPoint"",""coordinates"":[]}"
20130420,-5.95E-04,2013-04-20,"{""type"":""MultiPoint"",""coordinates"":[]}"
20130421,-6.61E-04,2013-04-21,"{""type"":""MultiPoint"",""coordinates"":[]}"
20130422,-5.29E-04,2013-04-22,"{""type"":""MultiPoint"",""coordinates"":[]}"
20130423,-4.95E-04,2013-04-23,"{""type"":""MultiPoint"",""coordinates"":[]}"
20130424,-4.74E-04,2013-04-24,"{""type"":""MultiPoint"",""coordinates"":[]}"
20130425,-5.37E-04,2013-04-25,"{""type"":""MultiPoint"",""coordinates"":[]}"
20130426,-0.001544768,2013-04-26,"{""type"":""MultiPoint"",""coordinates"":[]}"
20130427,-0.001363212,2013-04-27,"{""type"":""MultiPoint"",""coordinates"":[]}"
20130428,-0.001113931,2013-04-28,"{""type"":""MultiPoint"",""coordinates"":[]}"
20130429,-0.001046551,2013-04-29,"{""type"":""MultiPoint"",""coordinates"":[]}"
20130430,-0.001052541,2013-04-30,"{""type"":""MultiPoint"",""coordinates"":[]}"
20130501,-9.16E-04,2013-05-01,"{""type"":""MultiPoint"",""coordinates"":[]}"
20130502,-6.92E-04,2013-05-02,"{""type"":""MultiPoint"",""coordinates"":[]}"
20130503,-5.56E-04,2013-05-03,"{""type"":""MultiPoint"",""coordinates"":[]}"
20130504,-5.02E-04,2013-05-04,"{""type"":""MultiPoint"",""coordinates"":[]}"
20130505,-6.71E-04,2013-05-05,"{""type"":""MultiPoint"",""coordinates"":[]}"
20130506,-9.98E-04,2013-05-06,"{""type"":""MultiPoint"",""coordinates"":[]}"
20130507,-8.88E-04,2013-05-07,"{""type"":""MultiPoint"",""coordinates"":[]}"
20130508,-7.05E-04,2013-05-08,"{""type"":""MultiPoint"",""coordinates"":[]}"
20130509,-8.31E-04,2013-05-09,"{""type"":""MultiPoint"",""coordinates"":[]}"
20130510,-0.00113132,2013-05-10,"{""type"":""MultiPoint"",""coordinates"":[]}"
20130511,-9.20E-04,2013-05-11,"{""type"":""MultiPoint"",""coordinates"":[]}"
20130512,-0.001118209,2013-05-12,"{""type"":""MultiPoint"",""coordinates"":[]}"
20130513,-0.001254931,2013-05-13,"{""type"":""MultiPoint"",""coordinates"":[]}"
20130514,-0.001215152,2013-05-14,"{""type"":""MultiPoint"",""coordinates"":[]}"
20130515,-0.001079885,2013-05-15,"{""type"":""MultiPoint"",""coordinates"":[]}"
20130516,-8.78E-04,2013-05-16,"{""type"":""MultiPoint"",""coordinates"":[]}"
20130517,-8.66E-04,2013-05-17,"{""type"":""MultiPoint"",""coordinates"":[]}"
20130518,-6.64E-04,2013-05-18,"{""type"":""MultiPoint"",""coordinates"":[]}"
20130519,-0.001299824,2013-05-19,"{""type"":""MultiPoint"",""coordinates"":[]}"
20130520,-0.002462842,2013-05-20,"{""type"":""MultiPoint"",""coordinates"":[]}"
20130521,-0.003630535,2013-05-21,"{""type"":""MultiPoint"",""coordinates"":[]}"
20130522,-0.003466756,2013-05-22,"{""type"":""MultiPoint"",""coordinates"":[]}"
20130523,-0.003406037,2013-05-23,"{""type"":""MultiPoint"",""coordinates"":[]}"
20130524,-0.003975866,2013-05-24,"{""type"":""MultiPoint"",""coordinates"":[]}"
20130525,-0.002930534,2013-05-25,"{""type"":""MultiPoint"",""coordinates"":[]}"
20130526,-0.002298599,2013-05-26,"{""type"":""MultiPoint"",""coordinates"":[]}"
20130527,-0.002107592,2013-05-27,"{""type"":""MultiPoint"",""coordinates"":[]}"
20130528,-0.001370152,2013-05-28,"{""type"":""MultiPoint"",""coordinates"":[]}"
20130529,-0.001496328,2013-05-29,"{""type"":""MultiPoint"",""coordinates"":[]}"
20130530,-0.001985212,2013-05-30,"{""type"":""MultiPoint"",""coordinates"":[]}"
20130531,-0.001639091,2013-05-31,"{""type"":""MultiPoint"",""coordinates"":[]}"
20130601,-4.31E-04,2013-06-01,"{""type"":""MultiPoint"",""coordinates"":[]}"
20130602,-6.56E-04,2013-06-02,"{""type"":""MultiPoint"",""coordinates"":[]}"
20130603,-0.001196737,2013-06-03,"{""type"":""MultiPoint"",""coordinates"":[]}"
20130604,-0.00283597,2013-06-04,"{""type"":""MultiPoint"",""coordinates"":[]}"
20130605,-0.002326773,2013-06-05,"{""type"":""MultiPoint"",""coordinates"":[]}"
20130606,-0.001723384,2013-06-06,"{""type"":""MultiPoint"",""coordinates"":[]}"
20130607,-0.00205234,2013-06-07,"{""type"":""MultiPoint"",""coordinates"":[]}"
20130608,-0.001969894,2013-06-08,"{""type"":""MultiPoint"",""coordinates"":[]}"
20130609,-0.002605953,2013-06-09,"{""type"":""MultiPoint"",""coordinates"":[]}"
20130610,-0.001652346,2013-06-10,"{""type"":""MultiPoint"",""coordinates"":[]}"
20130611,-0.001050597,2013-06-11,"{""type"":""MultiPoint"",""coordinates"":[]}"
20130612,-6.20E-04,2013-06-12,"{""type"":""MultiPoint"",""coordinates"":[]}"
20130613,-0.002290226,2013-06-13,"{""type"":""MultiPoint"",""coordinates"":[]}"
20130614,-0.001364086,2013-06-14,"{""type"":""MultiPoint"",""coordinates"":[]}"
20130615,-0.001930334,2013-06-15,"{""type"":""MultiPoint"",""coordinates"":[]}"
20130616,-0.001918719,2013-06-16,"{""type"":""MultiPoint"",""coordinates"":[]}"
20130617,-9.66E-04,2013-06-17,"{""type"":""MultiPoint"",""coordinates"":[]}"
20130618,-7.31E-04,2013-06-18,"{""type"":""MultiPoint"",""coordinates"":[]}"
20130619,-0.001155629,2013-06-19,"{""type"":""MultiPoint"",""coordinates"":[]}"
20130620,-9.19E-04,2013-06-20,"{""type"":""MultiPoint"",""coordinates"":[]}"
20130621,-0.001192247,2013-06-21,"{""type"":""MultiPoint"",""coordinates"":[]}"
20130622,-0.00100115,2013-06-22,"{""type"":""MultiPoint"",""coordinates"":[]}"
20130623,-0.001399897,2013-06-23,"{""type"":""MultiPoint"",""coordinates"":[]}"
20130624,-0.001359586,2013-06-24,"{""type"":""MultiPoint"",""coordinates"":[]}"
20130625,-8.75E-04,2013-06-25,"{""type"":""MultiPoint"",""coordinates"":[]}"
20130626,-0.001374748,2013-06-26,"{""type"":""MultiPoint"",""coordinates"":[]}"
20130627,-9.66E-04,2013-06-27,"{""type"":""MultiPoint"",""coordinates"":[]}"
20130628,-0.002363553,2013-06-28,"{""type"":""MultiPoint"",""coordinates"":[]}"
20130629,-0.002007741,2013-06-29,"{""type"":""MultiPoint"",""coordinates"":[]}"
20130630,-0.002035196,2013-06-30,"{""type"":""MultiPoint"",""coordinates"":[]}"
20130701,-0.002299961,2013-07-01,"{""type"":""MultiPoint"",""coordinates"":[]}"
20130702,-0.001427358,2013-07-02,"{""type"":""MultiPoint"",""coordinates"":[]}"
20130703,-0.001570178,2013-07-03,"{""type"":""MultiPoint"",""coordinates"":[]}"
20130704,-0.001357768,2013-07-04,"{""type"":""MultiPoint"",""coordinates"":[]}"
20130705,-0.001885218,2013-07-05,"{""type"":""MultiPoint"",""coordinates"":[]}"
20130706,-0.002033872,2013-07-06,"{""type"":""MultiPoint"",""coordinates"":[]}"
20130707,-0.001404061,2013-07-07,"{""type"":""MultiPoint"",""coordinates"":[]}"
20130708,-0.001580746,2013-07-08,"{""type"":""MultiPoint"",""coordinates"":[]}"
20130709,-0.001489745,2013-07-09,"{""type"":""MultiPoint"",""coordinates"":[]}"
20130710,-0.001556016,2013-07-10,"{""type"":""MultiPoint"",""coordinates"":[]}"
20130711,-7.97E-04,2013-07-11,"{""type"":""MultiPoint"",""coordinates"":[]}"
20130712,-4.65E-04,2013-07-12,"{""type"":""MultiPoint"",""coordinates"":[]}"
20130713,-0.001557838,2013-07-13,"{""type"":""MultiPoint"",""coordinates"":[]}"
20130714,-0.001875048,2013-07-14,"{""type"":""MultiPoint"",""coordinates"":[]}"
20130715,-0.001567449,2013-07-15,"{""type"":""MultiPoint"",""coordinates"":[]}"
20130716,-0.001537275,2013-07-16,"{""type"":""MultiPoint"",""coordinates"":[]}"
20130717,-0.001549484,2013-07-17,"{""type"":""MultiPoint"",""coordinates"":[]}"
20130718,-0.001280474,2013-07-18,"{""type"":""MultiPoint"",""coordinates"":[]}"
20130719,-2.09E-04,2013-07-19,"{""type"":""MultiPoint"",""coordinates"":[]}"
20130720,-0.001275814,2013-07-20,"{""type"":""MultiPoint"",""coordinates"":[]}"
20130721,-7.80E-04,2013-07-21,"{""type"":""MultiPoint"",""coordinates"":[]}"
20130722,-8.80E-04,2013-07-22,"{""type"":""MultiPoint"",""coordinates"":[]}"
20130723,-0.001373461,2013-07-23,"{""type"":""MultiPoint"",""coordinates"":[]}"
20130724,-5.68E-04,2013-07-24,"{""type"":""MultiPoint"",""coordinates"":[]}"
20130725,-0.001253693,2013-07-25,"{""type"":""MultiPoint"",""coordinates"":[]}"
20130726,-0.001349809,2013-07-26,"{""type"":""MultiPoint"",""coordinates"":[]}"
20130727,-0.00152791,2013-07-27,"{""type"":""MultiPoint"",""coordinates"":[]}"
20130728,-0.001202477,2013-07-28,"{""type"":""MultiPoint"",""coordinates"":[]}"
20130729,-0.002201757,2013-07-29,"{""type"":""MultiPoint"",""coordinates"":[]}"
20130730,-0.001888452,2013-07-30,"{""type"":""MultiPoint"",""coordinates"":[]}"
20130731,-0.002033307,2013-07-31,"{""type"":""MultiPoint"",""coordinates"":[]}"
20130801,-0.001541095,2013-08-01,"{""type"":""MultiPoint"",""coordinates"":[]}"
20130802,-0.002113532,2013-08-02,"{""type"":""MultiPoint"",""coordinates"":[]}"
20130803,-0.001641599,2013-08-03,"{""type"":""MultiPoint"",""coordinates"":[]}"
20130804,-0.001560632,2013-08-04,"{""type"":""MultiPoint"",""coordinates"":[]}"
20130805,-0.001063533,2013-08-05,"{""type"":""MultiPoint"",""coordinates"":[]}"
20130806,-0.001456753,2013-08-06,"{""type"":""MultiPoint"",""coordinates"":[]}"
20130807,-0.002185872,2013-08-07,"{""type"":""MultiPoint"",""coordinates"":[]}"
20130808,-0.002074201,2013-08-08,"{""type"":""MultiPoint"",""coordinates"":[]}"
20130809,-0.001955956,2013-08-09,"{""type"":""MultiPoint"",""coordinates"":[]}"
20130810,-0.001706963,2013-08-10,"{""type"":""MultiPoint"",""coordinates"":[]}"
20130811,-0.001860609,2013-08-11,"{""type"":""MultiPoint"",""coordinates"":[]}"
20130812,-0.001788985,2013-08-12,"{""type"":""MultiPoint"",""coordinates"":[]}"
20130813,-0.001444962,2013-08-13,"{""type"":""MultiPoint"",""coordinates"":[]}"
20130814,-0.001487291,2013-08-14,"{""type"":""MultiPoint"",""coordinates"":[]}"
20130815,-8.98E-04,2013-08-15,"{""type"":""MultiPoint"",""coordinates"":[]}"
20130816,-1.80E-04,2013-08-16,"{""type"":""MultiPoint"",""coordinates"":[]}"
20130817,-0.001199115,2013-08-17,"{""type"":""MultiPoint"",""coordinates"":[]}"
20130818,-6.89E-04,2013-08-18,"{""type"":""MultiPoint"",""coordinates"":[]}"
20130819,-0.001240952,2013-08-19,"{""type"":""MultiPoint"",""coordinates"":[]}"
20130820,-0.001510611,2013-08-20,"{""type"":""MultiPoint"",""coordinates"":[]}"
20130821,-0.002160171,2013-08-21,"{""type"":""MultiPoint"",""coordinates"":[]}"
20130822,-0.002407537,2013-08-22,"{""type"":""MultiPoint"",""coordinates"":[]}"
20130823,-0.002324368,2013-08-23,"{""type"":""MultiPoint"",""coordinates"":[]}"
20130824,-0.002193969,2013-08-24,"{""type"":""MultiPoint"",""coordinates"":[]}"
20130825,-0.002541999,2013-08-25,"{""type"":""MultiPoint"",""coordinates"":[]}"
20130826,-0.002723571,2013-08-26,"{""type"":""MultiPoint"",""coordinates"":[]}"
20130827,-0.003169488,2013-08-27,"{""type"":""MultiPoint"",""coordinates"":[]}"
20130828,-0.002835293,2013-08-28,"{""type"":""MultiPoint"",""coordinates"":[]}"
20130829,-0.002686003,2013-08-29,"{""type"":""MultiPoint"",""coordinates"":[]}"
20130830,-0.002675637,2013-08-30,"{""type"":""MultiPoint"",""coordinates"":[]}"
20130831,-0.002091864,2013-08-31,"{""type"":""MultiPoint"",""coordinates"":[]}"
20130901,-0.002626275,2013-09-01,"{""type"":""MultiPoint"",""coordinates"":[]}"
20130902,-0.002519525,2013-09-02,"{""type"":""MultiPoint"",""coordinates"":[]}"
20130903,-0.002262658,2013-09-03,"{""type"":""MultiPoint"",""coordinates"":[]}"
20130904,-0.002049298,2013-09-04,"{""type"":""MultiPoint"",""coordinates"":[]}"
20130905,-0.002206238,2013-09-05,"{""type"":""MultiPoint"",""coordinates"":[]}"
20130906,-0.002243471,2013-09-06,"{""type"":""MultiPoint"",""coordinates"":[]}"
20130907,-0.001395099,2013-09-07,"{""type"":""MultiPoint"",""coordinates"":[]}"
20130908,-6.62E-04,2013-09-08,"{""type"":""MultiPoint"",""coordinates"":[]}"
20130909,-0.00117604,2013-09-09,"{""type"":""MultiPoint"",""coordinates"":[]}"
20130910,-0.001458921,2013-09-10,"{""type"":""MultiPoint"",""coordinates"":[]}"
20130911,-0.001036053,2013-09-11,"{""type"":""MultiPoint"",""coordinates"":[]}"
20130912,-5.60E-04,2013-09-12,"{""type"":""MultiPoint"",""coordinates"":[]}"
20130913,-0.001214191,2013-09-13,"{""type"":""MultiPoint"",""coordinates"":[]}"
20130914,-0.002009066,2013-09-14,"{""type"":""MultiPoint"",""coordinates"":[]}"
20130915,-0.002020155,2013-09-15,"{""type"":""MultiPoint"",""coordinates"":[]}"
20130916,-0.001631373,2013-09-16,"{""type"":""MultiPoint"",""coordinates"":[]}"
20130917,-7.74E-04,2013-09-17,"{""type"":""MultiPoint"",""coordinates"":[]}"
20130918,-5.27E-04,2013-09-18,"{""type"":""MultiPoint"",""coordinates"":[]}"
20130919,-0.00215186,2013-09-19,"{""type"":""MultiPoint"",""coordinates"":[]}"
20130920,-0.001120034,2013-09-20,"{""type"":""MultiPoint"",""coordinates"":[]}"
20130921,-0.0021014,2013-09-21,"{""type"":""MultiPoint"",""coordinates"":[]}"
20130922,-0.00334331,2013-09-22,"{""type"":""MultiPoint"",""coordinates"":[]}"
20130923,-0.003828854,2013-09-23,"{""type"":""MultiPoint"",""coordinates"":[]}"
20130924,-0.003034602,2013-09-24,"{""type"":""MultiPoint"",""coordinates"":[]}"
20130925,-0.002866007,2013-09-25,"{""type"":""MultiPoint"",""coordinates"":[]}"
20130926,-0.003837239,2013-09-26,"{""type"":""MultiPoint"",""coordinates"":[]}"
20130927,-0.003765998,2013-09-27,"{""type"":""MultiPoint"",""coordinates"":[]}"
20130928,-0.003104643,2013-09-28,"{""type"":""MultiPoint"",""coordinates"":[]}"
20130929,-0.003038094,2013-09-29,"{""type"":""MultiPoint"",""coordinates"":[]}"
20130930,-0.001711149,2013-09-30,"{""type"":""MultiPoint"",""coordinates"":[]}"
20131001,-0.00248069,2013-10-01,"{""type"":""MultiPoint"",""coordinates"":[]}"
20131002,-0.002549986,2013-10-02,"{""type"":""MultiPoint"",""coordinates"":[]}"
20131003,-0.002681872,2013-10-03,"{""type"":""MultiPoint"",""coordinates"":[]}"
20131004,-0.003645995,2013-10-04,"{""type"":""MultiPoint"",""coordinates"":[]}"
20131005,-0.002168527,2013-10-05,"{""type"":""MultiPoint"",""coordinates"":[]}"
20131006,-0.001806878,2013-10-06,"{""type"":""MultiPoint"",""coordinates"":[]}"
20131007,-0.002544835,2013-10-07,"{""type"":""MultiPoint"",""coordinates"":[]}"
20131008,-0.001731887,2013-10-08,"{""type"":""MultiPoint"",""coordinates"":[]}"
20131009,-0.001335425,2013-10-09,"{""type"":""MultiPoint"",""coordinates"":[]}"
20131010,-0.002764321,2013-10-10,"{""type"":""MultiPoint"",""coordinates"":[]}"
20131011,-0.002989265,2013-10-11,"{""type"":""MultiPoint"",""coordinates"":[]}"
20131012,-0.003165194,2013-10-12,"{""type"":""MultiPoint"",""coordinates"":[]}"
20131013,-0.00231789,2013-10-13,"{""type"":""MultiPoint"",""coordinates"":[]}"
20131014,-0.002335897,2013-10-14,"{""type"":""MultiPoint"",""coordinates"":[]}"
20131015,-0.002286639,2013-10-15,"{""type"":""MultiPoint"",""coordinates"":[]}"
20131016,-0.001458355,2013-10-16,"{""type"":""MultiPoint"",""coordinates"":[]}"
20131017,-0.002533221,2013-10-17,"{""type"":""MultiPoint"",""coordinates"":[]}"
20131018,-0.002779946,2013-10-18,"{""type"":""MultiPoint"",""coordinates"":[]}"
20131019,-0.002602946,2013-10-19,"{""type"":""MultiPoint"",""coordinates"":[]}"
20131020,-0.001345874,2013-10-20,"{""type"":""MultiPoint"",""coordinates"":[]}"
20131021,-0.001426643,2013-10-21,"{""type"":""MultiPoint"",""coordinates"":[]}"
20131022,-3.04E-04,2013-10-22,"{""type"":""MultiPoint"",""coordinates"":[]}"
20131023,-8.64E-04,2013-10-23,"{""type"":""MultiPoint"",""coordinates"":[]}"
20131024,-7.82E-04,2013-10-24,"{""type"":""MultiPoint"",""coordinates"":[]}"
20131025,-0.001026076,2013-10-25,"{""type"":""MultiPoint"",""coordinates"":[]}"
20131026,-0.002196827,2013-10-26,"{""type"":""MultiPoint"",""coordinates"":[]}"
20131027,-0.002761894,2013-10-27,"{""type"":""MultiPoint"",""coordinates"":[]}"
20131028,-0.001565234,2013-10-28,"{""type"":""MultiPoint"",""coordinates"":[]}"
20131029,-0.002331367,2013-10-29,"{""type"":""MultiPoint"",""coordinates"":[]}"
20131030,-0.002452189,2013-10-30,"{""type"":""MultiPoint"",""coordinates"":[]}"
20131031,-0.002661257,2013-10-31,"{""type"":""MultiPoint"",""coordinates"":[]}"
20131101,-0.002762466,2013-11-01,"{""type"":""MultiPoint"",""coordinates"":[]}"
20131102,-0.002073265,2013-11-02,"{""type"":""MultiPoint"",""coordinates"":[]}"
20131103,-0.002031411,2013-11-03,"{""type"":""MultiPoint"",""coordinates"":[]}"
20131104,-0.002008673,2013-11-04,"{""type"":""MultiPoint"",""coordinates"":[]}"
20131105,-0.002751191,2013-11-05,"{""type"":""MultiPoint"",""coordinates"":[]}"
20131106,-0.0030104,2013-11-06,"{""type"":""MultiPoint"",""coordinates"":[]}"
20131107,-0.003345293,2013-11-07,"{""type"":""MultiPoint"",""coordinates"":[]}"
20131108,-0.003064776,2013-11-08,"{""type"":""MultiPoint"",""coordinates"":[]}"
20131109,-0.003347628,2013-11-09,"{""type"":""MultiPoint"",""coordinates"":[]}"
20131110,-0.002919578,2013-11-10,"{""type"":""MultiPoint"",""coordinates"":[]}"
20131111,-0.002937361,2013-11-11,"{""type"":""MultiPoint"",""coordinates"":[]}"
20131112,-0.002636369,2013-11-12,"{""type"":""MultiPoint"",""coordinates"":[]}"
20131113,-0.002651405,2013-11-13,"{""type"":""MultiPoint"",""coordinates"":[]}"
20131114,-0.002646984,2013-11-14,"{""type"":""MultiPoint"",""coordinates"":[]}"
20131115,-0.003069671,2013-11-15,"{""type"":""MultiPoint"",""coordinates"":[]}"
20131116,-0.001007877,2013-11-16,"{""type"":""MultiPoint"",""coordinates"":[]}"
20131117,-0.001230093,2013-11-17,"{""type"":""MultiPoint"",""coordinates"":[]}"
20131118,-0.001447045,2013-11-18,"{""type"":""MultiPoint"",""coordinates"":[]}"
20131119,-0.002976854,2013-11-19,"{""type"":""MultiPoint"",""coordinates"":[]}"
20131120,-0.002980234,2013-11-20,"{""type"":""MultiPoint"",""coordinates"":[]}"
20131121,-0.003017777,2013-11-21,"{""type"":""MultiPoint"",""coordinates"":[]}"
20131122,-0.002908584,2013-11-22,"{""type"":""MultiPoint"",""coordinates"":[]}"
20131123,-0.00220114,2013-11-23,"{""type"":""MultiPoint"",""coordinates"":[]}"
20131124,-0.001876101,2013-11-24,"{""type"":""MultiPoint"",""coordinates"":[]}"
20131125,-0.001600875,2013-11-25,"{""type"":""MultiPoint"",""coordinates"":[]}"
20131126,-0.002439895,2013-11-26,"{""type"":""MultiPoint"",""coordinates"":[]}"
20131127,-0.002425396,2013-11-27,"{""type"":""MultiPoint"",""coordinates"":[]}"
20131128,-0.001634899,2013-11-28,"{""type"":""MultiPoint"",""coordinates"":[]}"
20131129,-0.001583418,2013-11-29,"{""type"":""MultiPoint"",""coordinates"":[]}"
20131130,-0.002402661,2013-11-30,"{""type"":""MultiPoint"",""coordinates"":[]}"
20131201,-0.001493355,2013-12-01,"{""type"":""MultiPoint"",""coordinates"":[]}"
20131202,-0.001126653,2013-12-02,"{""type"":""MultiPoint"",""coordinates"":[]}"
20131203,-0.001818313,2013-12-03,"{""type"":""MultiPoint"",""coordinates"":[]}"
20131204,-0.002436417,2013-12-04,"{""type"":""MultiPoint"",""coordinates"":[]}"
20131205,-0.002460498,2013-12-05,"{""type"":""MultiPoint"",""coordinates"":[]}"
20131206,-0.002443226,2013-12-06,"{""type"":""MultiPoint"",""coordinates"":[]}"
20131207,-0.002199335,2013-12-07,"{""type"":""MultiPoint"",""coordinates"":[]}"
20131208,-0.001868805,2013-12-08,"{""type"":""MultiPoint"",""coordinates"":[]}"
20131209,-0.002299601,2013-12-09,"{""type"":""MultiPoint"",""coordinates"":[]}"
20131210,-0.002483398,2013-12-10,"{""type"":""MultiPoint"",""coordinates"":[]}"
20131211,-0.002313402,2013-12-11,"{""type"":""MultiPoint"",""coordinates"":[]}"
20131212,-0.001122613,2013-12-12,"{""type"":""MultiPoint"",""coordinates"":[]}"
20131213,-0.001157749,2013-12-13,"{""type"":""MultiPoint"",""coordinates"":[]}"
20131214,-0.001339228,2013-12-14,"{""type"":""MultiPoint"",""coordinates"":[]}"
20131215,-0.002134969,2013-12-15,"{""type"":""MultiPoint"",""coordinates"":[]}"
20131216,-0.002061055,2013-12-16,"{""type"":""MultiPoint"",""coordinates"":[]}"
20131217,-0.001749199,2013-12-17,"{""type"":""MultiPoint"",""coordinates"":[]}"
20131218,-0.001616354,2013-12-18,"{""type"":""MultiPoint"",""coordinates"":[]}"
20131219,-0.00169494,2013-12-19,"{""type"":""MultiPoint"",""coordinates"":[]}"
20131220,-0.001816896,2013-12-20,"{""type"":""MultiPoint"",""coordinates"":[]}"
20131221,-0.001764011,2013-12-21,"{""type"":""MultiPoint"",""coordinates"":[]}"
20131222,-0.001530491,2013-12-22,"{""type"":""MultiPoint"",""coordinates"":[]}"
20131223,-0.001169435,2013-12-23,"{""type"":""MultiPoint"",""coordinates"":[]}"
20131224,-0.001178243,2013-12-24,"{""type"":""MultiPoint"",""coordinates"":[]}"
20131225,-0.001319577,2013-12-25,"{""type"":""MultiPoint"",""coordinates"":[]}"
20131226,-0.00150929,2013-12-26,"{""type"":""MultiPoint"",""coordinates"":[]}"
20131227,-0.001480841,2013-12-27,"{""type"":""MultiPoint"",""coordinates"":[]}"
20131228,-0.001350102,2013-12-28,"{""type"":""MultiPoint"",""coordinates"":[]}"
20131229,-0.001471549,2013-12-29,"{""type"":""MultiPoint"",""coordinates"":[]}"
20131230,-0.001442359,2013-12-30,"{""type"":""MultiPoint"",""coordinates"":[]}"
20131231,-0.001202016,2013-12-31,"{""type"":""MultiPoint"",""coordinates"":[]}"
20140101,-9.90E-04,2014-01-01,"{""type"":""MultiPoint"",""coordinates"":[]}"
20140102,-0.001241348,2014-01-02,"{""type"":""MultiPoint"",""coordinates"":[]}"
20140103,-0.001118998,2014-01-03,"{""type"":""MultiPoint"",""coordinates"":[]}"
20140104,-0.001257037,2014-01-04,"{""type"":""MultiPoint"",""coordinates"":[]}"
20140105,-0.001485641,2014-01-05,"{""type"":""MultiPoint"",""coordinates"":[]}"
20140106,-0.001567579,2014-01-06,"{""type"":""MultiPoint"",""coordinates"":[]}"
20140107,-0.001310707,2014-01-07,"{""type"":""MultiPoint"",""coordinates"":[]}"
20140108,-0.001073368,2014-01-08,"{""type"":""MultiPoint"",""coordinates"":[]}"
20140109,-9.51E-04,2014-01-09,"{""type"":""MultiPoint"",""coordinates"":[]}"
20140110,-0.001257471,2014-01-10,"{""type"":""MultiPoint"",""coordinates"":[]}"
20140111,-0.001253247,2014-01-11,"{""type"":""MultiPoint"",""coordinates"":[]}"
20140112,-0.001350791,2014-01-12,"{""type"":""MultiPoint"",""coordinates"":[]}"
20140113,-0.001235901,2014-01-13,"{""type"":""MultiPoint"",""coordinates"":[]}"
20140114,-0.001234514,2014-01-14,"{""type"":""MultiPoint"",""coordinates"":[]}"
20140115,-0.001216797,2014-01-15,"{""type"":""MultiPoint"",""coordinates"":[]}"
20140116,-8.52E-04,2014-01-16,"{""type"":""MultiPoint"",""coordinates"":[]}"
20140117,-8.52E-04,2014-01-17,"{""type"":""MultiPoint"",""coordinates"":[]}"
20140118,-0.001117612,2014-01-18,"{""type"":""MultiPoint"",""coordinates"":[]}"
20140119,-0.001101068,2014-01-19,"{""type"":""MultiPoint"",""coordinates"":[]}"
20140120,-9.89E-04,2014-01-20,"{""type"":""MultiPoint"",""coordinates"":[]}"
20140121,-9.35E-04,2014-01-21,"{""type"":""MultiPoint"",""coordinates"":[]}"
20140122,-9.40E-04,2014-01-22,"{""type"":""MultiPoint"",""coordinates"":[]}"
20140123,-0.001083903,2014-01-23,"{""type"":""MultiPoint"",""coordinates"":[]}"
20140124,-0.001152893,2014-01-24,"{""type"":""MultiPoint"",""coordinates"":[]}"
20140125,-9.80E-04,2014-01-25,"{""type"":""MultiPoint"",""coordinates"":[]}"
20140126,-9.33E-04,2014-01-26,"{""type"":""MultiPoint"",""coordinates"":[]}"
20140127,-7.89E-04,2014-01-27,"{""type"":""MultiPoint"",""coordinates"":[]}"
20140128,-9.09E-04,2014-01-28,"{""type"":""MultiPoint"",""coordinates"":[]}"
20140129,-0.001022827,2014-01-29,"{""type"":""MultiPoint"",""coordinates"":[]}"
20140130,-9.71E-04,2014-01-30,"{""type"":""MultiPoint"",""coordinates"":[]}"
20140131,-0.001082688,2014-01-31,"{""type"":""MultiPoint"",""coordinates"":[]}"
20140201,-9.37E-04,2014-02-01,"{""type"":""MultiPoint"",""coordinates"":[]}"
20140202,-9.11E-04,2014-02-02,"{""type"":""MultiPoint"",""coordinates"":[]}"
20140203,-0.001123519,2014-02-03,"{""type"":""MultiPoint"",""coordinates"":[]}"
20140204,-0.001161024,2014-02-04,"{""type"":""MultiPoint"",""coordinates"":[]}"
20140205,-0.001184233,2014-02-05,"{""type"":""MultiPoint"",""coordinates"":[]}"
20140206,-0.001220869,2014-02-06,"{""type"":""MultiPoint"",""coordinates"":[]}"
20140207,-0.001200666,2014-02-07,"{""type"":""MultiPoint"",""coordinates"":[]}"
20140208,-0.00116968,2014-02-08,"{""type"":""MultiPoint"",""coordinates"":[]}"
20140209,-0.001191323,2014-02-09,"{""type"":""MultiPoint"",""coordinates"":[]}"
20140210,-0.001112621,2014-02-10,"{""type"":""MultiPoint"",""coordinates"":[]}"
20140211,-0.001080558,2014-02-11,"{""type"":""MultiPoint"",""coordinates"":[]}"
20140212,-9.86E-04,2014-02-12,"{""type"":""MultiPoint"",""coordinates"":[]}"
20140213,-9.06E-04,2014-02-13,"{""type"":""MultiPoint"",""coordinates"":[]}"
20140214,-7.75E-04,2014-02-14,"{""type"":""MultiPoint"",""coordinates"":[]}"
20140215,-6.27E-04,2014-02-15,"{""type"":""MultiPoint"",""coordinates"":[]}"
20140216,-7.12E-04,2014-02-16,"{""type"":""MultiPoint"",""coordinates"":[]}"
20140217,-9.62E-04,2014-02-17,"{""type"":""MultiPoint"",""coordinates"":[]}"
20140218,-5.61E-04,2014-02-18,"{""type"":""MultiPoint"",""coordinates"":[]}"
20140219,-5.38E-04,2014-02-19,"{""type"":""MultiPoint"",""coordinates"":[]}"
20140220,-5.98E-04,2014-02-20,"{""type"":""MultiPoint"",""coordinates"":[]}"
20140221,-7.47E-04,2014-02-21,"{""type"":""MultiPoint"",""coordinates"":[]}"
20140222,-8.15E-04,2014-02-22,"{""type"":""MultiPoint"",""coordinates"":[]}"
20140223,-9.89E-04,2014-02-23,"{""type"":""MultiPoint"",""coordinates"":[]}"
20140224,-7.91E-04,2014-02-24,"{""type"":""MultiPoint"",""coordinates"":[]}"
20140225,-4.84E-04,2014-02-25,"{""type"":""MultiPoint"",""coordinates"":[]}"
20140226,-9.01E-04,2014-02-26,"{""type"":""MultiPoint"",""coordinates"":[]}"
20140227,-0.00101,2014-02-27,"{""type"":""MultiPoint"",""coordinates"":[]}"
20140228,-6.19E-04,2014-02-28,"{""type"":""MultiPoint"",""coordinates"":[]}"
20140301,-5.52E-04,2014-03-01,"{""type"":""MultiPoint"",""coordinates"":[]}"
20140302,-7.22E-04,2014-03-02,"{""type"":""MultiPoint"",""coordinates"":[]}"
20140303,-4.33E-04,2014-03-03,"{""type"":""MultiPoint"",""coordinates"":[]}"
20140304,-5.56E-04,2014-03-04,"{""type"":""MultiPoint"",""coordinates"":[]}"
20140305,-5.97E-04,2014-03-05,"{""type"":""MultiPoint"",""coordinates"":[]}"
20140306,-7.01E-04,2014-03-06,"{""type"":""MultiPoint"",""coordinates"":[]}"
20140307,-6.90E-04,2014-03-07,"{""type"":""MultiPoint"",""coordinates"":[]}"
20140308,-0.001212181,2014-03-08,"{""type"":""MultiPoint"",""coordinates"":[]}"
20140309,-8.64E-04,2014-03-09,"{""type"":""MultiPoint"",""coordinates"":[]}"
20140310,-9.91E-04,2014-03-10,"{""type"":""MultiPoint"",""coordinates"":[]}"
20140311,-9.02E-04,2014-03-11,"{""type"":""MultiPoint"",""coordinates"":[]}"
20140312,-9.20E-04,2014-03-12,"{""type"":""MultiPoint"",""coordinates"":[]}"
20140313,-9.69E-04,2014-03-13,"{""type"":""MultiPoint"",""coordinates"":[]}"
20140314,-9.69E-04,2014-03-14,"{""type"":""MultiPoint"",""coordinates"":[]}"
20140315,-0.001000635,2014-03-15,"{""type"":""MultiPoint"",""coordinates"":[]}"
20140316,-9.50E-04,2014-03-16,"{""type"":""MultiPoint"",""coordinates"":[]}"
20140317,-0.001015443,2014-03-17,"{""type"":""MultiPoint"",""coordinates"":[]}"
20140318,-0.001059657,2014-03-18,"{""type"":""MultiPoint"",""coordinates"":[]}"
20140319,-0.001036726,2014-03-19,"{""type"":""MultiPoint"",""coordinates"":[]}"
20140320,-0.001030632,2014-03-20,"{""type"":""MultiPoint"",""coordinates"":[]}"
20140321,-0.001043518,2014-03-21,"{""type"":""MultiPoint"",""coordinates"":[]}"
20140322,-8.80E-04,2014-03-22,"{""type"":""MultiPoint"",""coordinates"":[]}"
20140323,-9.70E-04,2014-03-23,"{""type"":""MultiPoint"",""coordinates"":[]}"
20140324,-9.83E-04,2014-03-24,"{""type"":""MultiPoint"",""coordinates"":[]}"
20140325,-9.34E-04,2014-03-25,"{""type"":""MultiPoint"",""coordinates"":[]}"
20140326,-9.18E-04,2014-03-26,"{""type"":""MultiPoint"",""coordinates"":[]}"
20140327,-9.28E-04,2014-03-27,"{""type"":""MultiPoint"",""coordinates"":[]}"
20140328,-9.43E-04,2014-03-28,"{""type"":""MultiPoint"",""coordinates"":[]}"
20140329,-9.21E-04,2014-03-29,"{""type"":""MultiPoint"",""coordinates"":[]}"
20140330,-9.22E-04,2014-03-30,"{""type"":""MultiPoint"",""coordinates"":[]}"
20140331,-9.39E-04,2014-03-31,"{""type"":""MultiPoint"",""coordinates"":[]}"
20140401,-8.84E-04,2014-04-01,"{""type"":""MultiPoint"",""coordinates"":[]}"
20140402,-7.73E-04,2014-04-02,"{""type"":""MultiPoint"",""coordinates"":[]}"
20140403,-8.48E-04,2014-04-03,"{""type"":""MultiPoint"",""coordinates"":[]}"
20140404,-8.43E-04,2014-04-04,"{""type"":""MultiPoint"",""coordinates"":[]}"
20140405,-8.37E-04,2014-04-05,"{""type"":""MultiPoint"",""coordinates"":[]}"
20140406,-7.98E-04,2014-04-06,"{""type"":""MultiPoint"",""coordinates"":[]}"
20140407,-8.32E-04,2014-04-07,"{""type"":""MultiPoint"",""coordinates"":[]}"
20140408,-8.28E-04,2014-04-08,"{""type"":""MultiPoint"",""coordinates"":[]}"
20140409,-5.94E-04,2014-04-09,"{""type"":""MultiPoint"",""coordinates"":[]}"
20140410,-5.27E-04,2014-04-10,"{""type"":""MultiPoint"",""coordinates"":[]}"
20140411,-7.14E-04,2014-04-11,"{""type"":""MultiPoint"",""coordinates"":[]}"
20140412,-6.21E-04,2014-04-12,"{""type"":""MultiPoint"",""coordinates"":[]}"
20140413,-6.37E-04,2014-04-13,"{""type"":""MultiPoint"",""coordinates"":[]}"
20140414,-5.53E-04,2014-04-14,"{""type"":""MultiPoint"",""coordinates"":[]}"
20140415,-6.17E-04,2014-04-15,"{""type"":""MultiPoint"",""coordinates"":[]}"
20140416,-6.84E-04,2014-04-16,"{""type"":""MultiPoint"",""coordinates"":[]}"
20140417,-5.61E-04,2014-04-17,"{""type"":""MultiPoint"",""coordinates"":[]}"
20140418,-5.17E-04,2014-04-18,"{""type"":""MultiPoint"",""coordinates"":[]}"
20140419,-7.43E-04,2014-04-19,"{""type"":""MultiPoint"",""coordinates"":[]}"
20140420,-8.21E-04,2014-04-20,"{""type"":""MultiPoint"",""coordinates"":[]}"
20140421,-7.82E-04,2014-04-21,"{""type"":""MultiPoint"",""coordinates"":[]}"
20140422,-7.81E-04,2014-04-22,"{""type"":""MultiPoint"",""coordinates"":[]}"
20140423,-7.25E-04,2014-04-23,"{""type"":""MultiPoint"",""coordinates"":[]}"
20140424,-7.59E-04,2014-04-24,"{""type"":""MultiPoint"",""coordinates"":[]}"
20140425,-7.26E-04,2014-04-25,"{""type"":""MultiPoint"",""coordinates"":[]}"
20140426,-6.49E-04,2014-04-26,"{""type"":""MultiPoint"",""coordinates"":[]}"
20140427,-6.63E-04,2014-04-27,"{""type"":""MultiPoint"",""coordinates"":[]}"
20140428,-6.17E-04,2014-04-28,"{""type"":""MultiPoint"",""coordinates"":[]}"
20140429,-7.10E-04,2014-04-29,"{""type"":""MultiPoint"",""coordinates"":[]}"
20140430,-6.74E-04,2014-04-30,"{""type"":""MultiPoint"",""coordinates"":[]}"
20140501,-6.20E-04,2014-05-01,"{""type"":""MultiPoint"",""coordinates"":[]}"
20140502,-5.49E-04,2014-05-02,"{""type"":""MultiPoint"",""coordinates"":[]}"
20140503,-5.20E-04,2014-05-03,"{""type"":""MultiPoint"",""coordinates"":[]}"
20140504,-5.58E-04,2014-05-04,"{""type"":""MultiPoint"",""coordinates"":[]}"
20140505,-5.76E-04,2014-05-05,"{""type"":""MultiPoint"",""coordinates"":[]}"
20140506,-5.13E-04,2014-05-06,"{""type"":""MultiPoint"",""coordinates"":[]}"
20140507,-3.87E-04,2014-05-07,"{""type"":""MultiPoint"",""coordinates"":[]}"
20140508,-2.08E-05,2014-05-08,"{""type"":""MultiPoint"",""coordinates"":[]}"
20140509,-7.34E-04,2014-05-09,"{""type"":""MultiPoint"",""coordinates"":[]}"
20140510,-0.003031696,2014-05-10,"{""type"":""MultiPoint"",""coordinates"":[]}"
20140511,-0.002995507,2014-05-11,"{""type"":""MultiPoint"",""coordinates"":[]}"
20140512,-0.003423676,2014-05-12,"{""type"":""MultiPoint"",""coordinates"":[]}"
20140513,-0.003082069,2014-05-13,"{""type"":""MultiPoint"",""coordinates"":[]}"
20140514,-0.003047543,2014-05-14,"{""type"":""MultiPoint"",""coordinates"":[]}"
20140515,-0.002909662,2014-05-15,"{""type"":""MultiPoint"",""coordinates"":[]}"
20140516,-0.002687314,2014-05-16,"{""type"":""MultiPoint"",""coordinates"":[]}"
20140517,-0.001791563,2014-05-17,"{""type"":""MultiPoint"",""coordinates"":[]}"
20140518,-0.002383345,2014-05-18,"{""type"":""MultiPoint"",""coordinates"":[]}"
20140519,-0.002356954,2014-05-19,"{""type"":""MultiPoint"",""coordinates"":[]}"
20140520,-0.001568197,2014-05-20,"{""type"":""MultiPoint"",""coordinates"":[]}"
20140521,-0.002826726,2014-05-21,"{""type"":""MultiPoint"",""coordinates"":[]}"
20140522,-0.003037931,2014-05-22,"{""type"":""MultiPoint"",""coordinates"":[]}"
20140523,-0.003100297,2014-05-23,"{""type"":""MultiPoint"",""coordinates"":[]}"
20140524,-0.003033987,2014-05-24,"{""type"":""MultiPoint"",""coordinates"":[]}"
20140525,-0.00295068,2014-05-25,"{""type"":""MultiPoint"",""coordinates"":[]}"
20140526,-0.002667413,2014-05-26,"{""type"":""MultiPoint"",""coordinates"":[]}"
20140527,-0.002153851,2014-05-27,"{""type"":""MultiPoint"",""coordinates"":[]}"
20140528,-0.002892968,2014-05-28,"{""type"":""MultiPoint"",""coordinates"":[]}"
20140529,-0.003022643,2014-05-29,"{""type"":""MultiPoint"",""coordinates"":[]}"
20140530,-0.003291918,2014-05-30,"{""type"":""MultiPoint"",""coordinates"":[]}"
20140531,-0.0031957,2014-05-31,"{""type"":""MultiPoint"",""coordinates"":[]}"
20140601,-0.002257143,2014-06-01,"{""type"":""MultiPoint"",""coordinates"":[]}"
20140602,-0.002822667,2014-06-02,"{""type"":""MultiPoint"",""coordinates"":[]}"
20140603,-0.002004547,2014-06-03,"{""type"":""MultiPoint"",""coordinates"":[]}"
20140604,-0.00353461,2014-06-04,"{""type"":""MultiPoint"",""coordinates"":[]}"
20140605,-0.003131545,2014-06-05,"{""type"":""MultiPoint"",""coordinates"":[]}"
20140606,-0.002775302,2014-06-06,"{""type"":""MultiPoint"",""coordinates"":[]}"
20140607,-0.003242808,2014-06-07,"{""type"":""MultiPoint"",""coordinates"":[]}"
20140608,-0.003410582,2014-06-08,"{""type"":""MultiPoint"",""coordinates"":[]}"
20140609,-0.001810971,2014-06-09,"{""type"":""MultiPoint"",""coordinates"":[]}"
20140610,-0.001629994,2014-06-10,"{""type"":""MultiPoint"",""coordinates"":[]}"
20140611,-0.002241266,2014-06-11,"{""type"":""MultiPoint"",""coordinates"":[]}"
20140612,-0.002334086,2014-06-12,"{""type"":""MultiPoint"",""coordinates"":[]}"
20140613,-0.0020314,2014-06-13,"{""type"":""MultiPoint"",""coordinates"":[]}"
20140614,-0.002656174,2014-06-14,"{""type"":""MultiPoint"",""coordinates"":[]}"
20140615,-0.002364993,2014-06-15,"{""type"":""MultiPoint"",""coordinates"":[]}"
20140616,-0.002375727,2014-06-16,"{""type"":""MultiPoint"",""coordinates"":[]}"
20140617,-0.001945656,2014-06-17,"{""type"":""MultiPoint"",""coordinates"":[]}"
20140618,-0.001315765,2014-06-18,"{""type"":""MultiPoint"",""coordinates"":[]}"
20140619,-0.001793361,2014-06-19,"{""type"":""MultiPoint"",""coordinates"":[]}"
20140620,-0.00165958,2014-06-20,"{""type"":""MultiPoint"",""coordinates"":[]}"
20140621,-0.001401699,2014-06-21,"{""type"":""MultiPoint"",""coordinates"":[]}"
20140622,-0.00150421,2014-06-22,"{""type"":""MultiPoint"",""coordinates"":[]}"
20140623,-0.001642329,2014-06-23,"{""type"":""MultiPoint"",""coordinates"":[]}"
20140624,-0.001999923,2014-06-24,"{""type"":""MultiPoint"",""coordinates"":[]}"
20140625,-0.001920808,2014-06-25,"{""type"":""MultiPoint"",""coordinates"":[]}"
20140626,-0.001902569,2014-06-26,"{""type"":""MultiPoint"",""coordinates"":[]}"
20140627,-0.001889619,2014-06-27,"{""type"":""MultiPoint"",""coordinates"":[]}"
20140628,-0.001471114,2014-06-28,"{""type"":""MultiPoint"",""coordinates"":[]}"
20140629,-0.001632345,2014-06-29,"{""type"":""MultiPoint"",""coordinates"":[]}"
20140630,-0.001533852,2014-06-30,"{""type"":""MultiPoint"",""coordinates"":[]}"
20140701,-0.001665725,2014-07-01,"{""type"":""MultiPoint"",""coordinates"":[]}"
20140702,-0.00134455,2014-07-02,"{""type"":""MultiPoint"",""coordinates"":[]}"
20140703,-0.001499101,2014-07-03,"{""type"":""MultiPoint"",""coordinates"":[]}"
20140704,-9.40E-04,2014-07-04,"{""type"":""MultiPoint"",""coordinates"":[]}"
20140705,-9.57E-04,2014-07-05,"{""type"":""MultiPoint"",""coordinates"":[]}"
20140706,-6.92E-04,2014-07-06,"{""type"":""MultiPoint"",""coordinates"":[]}"
20140707,-0.001225245,2014-07-07,"{""type"":""MultiPoint"",""coordinates"":[]}"
20140708,-8.34E-04,2014-07-08,"{""type"":""MultiPoint"",""coordinates"":[]}"
20140709,-0.001183731,2014-07-09,"{""type"":""MultiPoint"",""coordinates"":[]}"
20140710,-7.10E-04,2014-07-10,"{""type"":""MultiPoint"",""coordinates"":[]}"
20140711,-0.00111856,2014-07-11,"{""type"":""MultiPoint"",""coordinates"":[]}"
20140712,-0.001081512,2014-07-12,"{""type"":""MultiPoint"",""coordinates"":[]}"
20140713,-2.64E-04,2014-07-13,"{""type"":""MultiPoint"",""coordinates"":[]}"
20140714,-2.32E-04,2014-07-14,"{""type"":""MultiPoint"",""coordinates"":[]}"
20140715,-5.62E-04,2014-07-15,"{""type"":""MultiPoint"",""coordinates"":[]}"
20140716,-0.001677933,2014-07-16,"{""type"":""MultiPoint"",""coordinates"":[]}"
20140717,-0.001776084,2014-07-17,"{""type"":""MultiPoint"",""coordinates"":[]}"
20140718,-0.00182806,2014-07-18,"{""type"":""MultiPoint"",""coordinates"":[]}"
20140719,-0.0012138,2014-07-19,"{""type"":""MultiPoint"",""coordinates"":[]}"
20140720,-0.001260173,2014-07-20,"{""type"":""MultiPoint"",""coordinates"":[]}"
20140721,-0.001407097,2014-07-21,"{""type"":""MultiPoint"",""coordinates"":[]}"
20140722,-0.001212986,2014-07-22,"{""type"":""MultiPoint"",""coordinates"":[]}"
20140723,-9.22E-04,2014-07-23,"{""type"":""MultiPoint"",""coordinates"":[]}"
20140724,-0.001393042,2014-07-24,"{""type"":""MultiPoint"",""coordinates"":[]}"
20140725,-0.001448556,2014-07-25,"{""type"":""MultiPoint"",""coordinates"":[]}"
20140726,-0.001328243,2014-07-26,"{""type"":""MultiPoint"",""coordinates"":[]}"
20140727,-0.001296446,2014-07-27,"{""type"":""MultiPoint"",""coordinates"":[]}"
20140728,-0.001077385,2014-07-28,"{""type"":""MultiPoint"",""coordinates"":[]}"
20140729,-0.001559574,2014-07-29,"{""type"":""MultiPoint"",""coordinates"":[]}"
20140730,-0.001077915,2014-07-30,"{""type"":""MultiPoint"",""coordinates"":[]}"
20140731,-5.81E-04,2014-07-31,"{""type"":""MultiPoint"",""coordinates"":[]}"
20140801,-8.68E-04,2014-08-01,"{""type"":""MultiPoint"",""coordinates"":[]}"
20140802,-8.56E-04,2014-08-02,"{""type"":""MultiPoint"",""coordinates"":[]}"
20140803,-0.001388835,2014-08-03,"{""type"":""MultiPoint"",""coordinates"":[]}"
20140804,-0.001676475,2014-08-04,"{""type"":""MultiPoint"",""coordinates"":[]}"
20140805,-0.001494856,2014-08-05,"{""type"":""MultiPoint"",""coordinates"":[]}"
20140806,-0.001429962,2014-08-06,"{""type"":""MultiPoint"",""coordinates"":[]}"
20140807,-0.001153964,2014-08-07,"{""type"":""MultiPoint"",""coordinates"":[]}"
20140808,-0.001173503,2014-08-08,"{""type"":""MultiPoint"",""coordinates"":[]}"
20140809,-0.001662632,2014-08-09,"{""type"":""MultiPoint"",""coordinates"":[]}"
20140810,-0.001048368,2014-08-10,"{""type"":""MultiPoint"",""coordinates"":[]}"
20140811,-0.001031092,2014-08-11,"{""type"":""MultiPoint"",""coordinates"":[]}"
20140812,-6.00E-04,2014-08-12,"{""type"":""MultiPoint"",""coordinates"":[]}"
20140813,-0.001957448,2014-08-13,"{""type"":""MultiPoint"",""coordinates"":[]}"
20140814,-0.002051285,2014-08-14,"{""type"":""MultiPoint"",""coordinates"":[]}"
20140815,-0.002461621,2014-08-15,"{""type"":""MultiPoint"",""coordinates"":[]}"
20140816,-0.002431688,2014-08-16,"{""type"":""MultiPoint"",""coordinates"":[]}"
20140817,-0.001804251,2014-08-17,"{""type"":""MultiPoint"",""coordinates"":[]}"
20140818,-0.001923396,2014-08-18,"{""type"":""MultiPoint"",""coordinates"":[]}"
20140819,-0.00180245,2014-08-19,"{""type"":""MultiPoint"",""coordinates"":[]}"
20140820,-0.002713017,2014-08-20,"{""type"":""MultiPoint"",""coordinates"":[]}"
20140821,-0.002759593,2014-08-21,"{""type"":""MultiPoint"",""coordinates"":[]}"
20140822,-0.002995225,2014-08-22,"{""type"":""MultiPoint"",""coordinates"":[]}"
20140823,-0.002469731,2014-08-23,"{""type"":""MultiPoint"",""coordinates"":[]}"
20140824,-0.002192519,2014-08-24,"{""type"":""MultiPoint"",""coordinates"":[]}"
20140825,-0.001996293,2014-08-25,"{""type"":""MultiPoint"",""coordinates"":[]}"
20140826,-0.001891366,2014-08-26,"{""type"":""MultiPoint"",""coordinates"":[]}"
20140827,-6.91E-04,2014-08-27,"{""type"":""MultiPoint"",""coordinates"":[]}"
20140828,-7.11E-04,2014-08-28,"{""type"":""MultiPoint"",""coordinates"":[]}"
20140829,-0.001046538,2014-08-29,"{""type"":""MultiPoint"",""coordinates"":[]}"
20140830,-0.001928412,2014-08-30,"{""type"":""MultiPoint"",""coordinates"":[]}"
20140831,-0.001820793,2014-08-31,"{""type"":""MultiPoint"",""coordinates"":[]}"
20140901,-0.001376633,2014-09-01,"{""type"":""MultiPoint"",""coordinates"":[]}"
20140902,-0.00125702,2014-09-02,"{""type"":""MultiPoint"",""coordinates"":[]}"
20140903,-0.001464904,2014-09-03,"{""type"":""MultiPoint"",""coordinates"":[]}"
20140904,-0.001623179,2014-09-04,"{""type"":""MultiPoint"",""coordinates"":[]}"
20140905,-0.001500039,2014-09-05,"{""type"":""MultiPoint"",""coordinates"":[]}"
20140906,-0.001655633,2014-09-06,"{""type"":""MultiPoint"",""coordinates"":[]}"
20140907,-0.001621059,2014-09-07,"{""type"":""MultiPoint"",""coordinates"":[]}"
20140908,-0.002586332,2014-09-08,"{""type"":""MultiPoint"",""coordinates"":[]}"
20140909,-0.002493218,2014-09-09,"{""type"":""MultiPoint"",""coordinates"":[]}"
20140910,-0.003060698,2014-09-10,"{""type"":""MultiPoint"",""coordinates"":[]}"
20140911,-0.003112152,2014-09-11,"{""type"":""MultiPoint"",""coordinates"":[]}"
20140912,-0.003342431,2014-09-12,"{""type"":""MultiPoint"",""coordinates"":[]}"
20140913,-0.002734022,2014-09-13,"{""type"":""MultiPoint"",""coordinates"":[]}"
20140914,-0.002539856,2014-09-14,"{""type"":""MultiPoint"",""coordinates"":[]}"
20140915,-0.002218756,2014-09-15,"{""type"":""MultiPoint"",""coordinates"":[]}"
20140916,-0.001976516,2014-09-16,"{""type"":""MultiPoint"",""coordinates"":[]}"
20140917,-0.001865616,2014-09-17,"{""type"":""MultiPoint"",""coordinates"":[]}"
20140918,-0.001099753,2014-09-18,"{""type"":""MultiPoint"",""coordinates"":[]}"
20140919,-0.001663161,2014-09-19,"{""type"":""MultiPoint"",""coordinates"":[]}"
20140920,-0.002057383,2014-09-20,"{""type"":""MultiPoint"",""coordinates"":[]}"
20140921,-0.002212736,2014-09-21,"{""type"":""MultiPoint"",""coordinates"":[]}"
20140922,-0.002583119,2014-09-22,"{""type"":""MultiPoint"",""coordinates"":[]}"
20140923,-0.002182154,2014-09-23,"{""type"":""MultiPoint"",""coordinates"":[]}"
20140924,-0.00208606,2014-09-24,"{""type"":""MultiPoint"",""coordinates"":[]}"
20140925,-0.002109004,2014-09-25,"{""type"":""MultiPoint"",""coordinates"":[]}"
20140926,-0.00250159,2014-09-26,"{""type"":""MultiPoint"",""coordinates"":[]}"
20140927,-0.003193399,2014-09-27,"{""type"":""MultiPoint"",""coordinates"":[]}"
20140928,-0.002574964,2014-09-28,"{""type"":""MultiPoint"",""coordinates"":[]}"
20140929,-0.003028782,2014-09-29,"{""type"":""MultiPoint"",""coordinates"":[]}"
20140930,-0.002676621,2014-09-30,"{""type"":""MultiPoint"",""coordinates"":[]}"
20141001,-0.003207243,2014-10-01,"{""type"":""MultiPoint"",""coordinates"":[]}"
20141002,-0.004278694,2014-10-02,"{""type"":""MultiPoint"",""coordinates"":[]}"
20141003,-0.003082046,2014-10-03,"{""type"":""MultiPoint"",""coordinates"":[]}"
20141004,-0.002747811,2014-10-04,"{""type"":""MultiPoint"",""coordinates"":[]}"
20141005,-0.002691149,2014-10-05,"{""type"":""MultiPoint"",""coordinates"":[]}"
20141006,-0.002731942,2014-10-06,"{""type"":""MultiPoint"",""coordinates"":[]}"
20141007,-0.00227088,2014-10-07,"{""type"":""MultiPoint"",""coordinates"":[]}"
20141008,-0.001285003,2014-10-08,"{""type"":""MultiPoint"",""coordinates"":[]}"
20141009,-0.001748664,2014-10-09,"{""type"":""MultiPoint"",""coordinates"":[]}"
20141010,-0.001946124,2014-10-10,"{""type"":""MultiPoint"",""coordinates"":[]}"
20141011,-0.001289487,2014-10-11,"{""type"":""MultiPoint"",""coordinates"":[]}"
20141012,-0.002323623,2014-10-12,"{""type"":""MultiPoint"",""coordinates"":[]}"
20141013,-0.003683113,2014-10-13,"{""type"":""MultiPoint"",""coordinates"":[]}"
20141014,-0.003456232,2014-10-14,"{""type"":""MultiPoint"",""coordinates"":[]}"
20141015,-0.003211665,2014-10-15,"{""type"":""MultiPoint"",""coordinates"":[]}"
20141016,-0.002296966,2014-10-16,"{""type"":""MultiPoint"",""coordinates"":[]}"
20141017,-0.002356477,2014-10-17,"{""type"":""MultiPoint"",""coordinates"":[]}"
20141018,-6.97E-04,2014-10-18,"{""type"":""MultiPoint"",""coordinates"":[]}"
20141019,-3.93E-04,2014-10-19,"{""type"":""MultiPoint"",""coordinates"":[]}"
20141020,-4.43E-04,2014-10-20,"{""type"":""MultiPoint"",""coordinates"":[]}"
20141021,-0.001578919,2014-10-21,"{""type"":""MultiPoint"",""coordinates"":[]}"
20141022,-0.002198681,2014-10-22,"{""type"":""MultiPoint"",""coordinates"":[]}"
20141023,-0.001825451,2014-10-23,"{""type"":""MultiPoint"",""coordinates"":[]}"
20141024,-0.001594448,2014-10-24,"{""type"":""MultiPoint"",""coordinates"":[]}"
20141025,-0.001285205,2014-10-25,"{""type"":""MultiPoint"",""coordinates"":[]}"
20141026,-0.001841532,2014-10-26,"{""type"":""MultiPoint"",""coordinates"":[]}"
20141027,-0.001294277,2014-10-27,"{""type"":""MultiPoint"",""coordinates"":[]}"
20141028,-0.001726236,2014-10-28,"{""type"":""MultiPoint"",""coordinates"":[]}"
20141029,-0.00279381,2014-10-29,"{""type"":""MultiPoint"",""coordinates"":[]}"
20141030,-0.003780095,2014-10-30,"{""type"":""MultiPoint"",""coordinates"":[]}"
20141031,-0.003674405,2014-10-31,"{""type"":""MultiPoint"",""coordinates"":[]}"
20141101,-0.001901203,2014-11-01,"{""type"":""MultiPoint"",""coordinates"":[]}"
20141102,-0.001252204,2014-11-02,"{""type"":""MultiPoint"",""coordinates"":[]}"
20141103,-0.002756017,2014-11-03,"{""type"":""MultiPoint"",""coordinates"":[]}"
20141104,-0.002249588,2014-11-04,"{""type"":""MultiPoint"",""coordinates"":[]}"
20141105,-0.00303703,2014-11-05,"{""type"":""MultiPoint"",""coordinates"":[]}"
20141106,-0.003672909,2014-11-06,"{""type"":""MultiPoint"",""coordinates"":[]}"
20141107,-0.003445977,2014-11-07,"{""type"":""MultiPoint"",""coordinates"":[]}"
20141108,-0.003331172,2014-11-08,"{""type"":""MultiPoint"",""coordinates"":[]}"
20141109,-0.002991774,2014-11-09,"{""type"":""MultiPoint"",""coordinates"":[]}"
20141110,-0.00287796,2014-11-10,"{""type"":""MultiPoint"",""coordinates"":[]}"
20141111,-0.002879802,2014-11-11,"{""type"":""MultiPoint"",""coordinates"":[]}"
20141112,-0.001809931,2014-11-12,"{""type"":""MultiPoint"",""coordinates"":[]}"
20141113,-9.58E-06,2014-11-13,"{""type"":""MultiPoint"",""coordinates"":[]}"
20141114,-0.001085103,2014-11-14,"{""type"":""MultiPoint"",""coordinates"":[]}"
20141115,-0.002044306,2014-11-15,"{""type"":""MultiPoint"",""coordinates"":[]}"
20141116,-0.003589972,2014-11-16,"{""type"":""MultiPoint"",""coordinates"":[]}"
20141117,-0.003717387,2014-11-17,"{""type"":""MultiPoint"",""coordinates"":[]}"
20141118,-0.003108714,2014-11-18,"{""type"":""MultiPoint"",""coordinates"":[]}"
20141119,-0.003233261,2014-11-19,"{""type"":""MultiPoint"",""coordinates"":[]}"
20141120,-0.003371167,2014-11-20,"{""type"":""MultiPoint"",""coordinates"":[]}"
20141121,-0.00301563,2014-11-21,"{""type"":""MultiPoint"",""coordinates"":[]}"
20141122,-0.002162144,2014-11-22,"{""type"":""MultiPoint"",""coordinates"":[]}"
20141123,-0.00327315,2014-11-23,"{""type"":""MultiPoint"",""coordinates"":[]}"
20141124,-0.003265023,2014-11-24,"{""type"":""MultiPoint"",""coordinates"":[]}"
20141125,-0.00281292,2014-11-25,"{""type"":""MultiPoint"",""coordinates"":[]}"
20141126,-0.002677039,2014-11-26,"{""type"":""MultiPoint"",""coordinates"":[]}"
20141127,-0.002870804,2014-11-27,"{""type"":""MultiPoint"",""coordinates"":[]}"
20141128,-0.002385373,2014-11-28,"{""type"":""MultiPoint"",""coordinates"":[]}"
20141129,-0.001629346,2014-11-29,"{""type"":""MultiPoint"",""coordinates"":[]}"
20141130,-0.001925819,2014-11-30,"{""type"":""MultiPoint"",""coordinates"":[]}"
20141201,-0.002456522,2014-12-01,"{""type"":""MultiPoint"",""coordinates"":[]}"
20141202,-0.002869536,2014-12-02,"{""type"":""MultiPoint"",""coordinates"":[]}"
20141203,-0.002652979,2014-12-03,"{""type"":""MultiPoint"",""coordinates"":[]}"
20141204,-0.002605462,2014-12-04,"{""type"":""MultiPoint"",""coordinates"":[]}"
20141205,-0.002546804,2014-12-05,"{""type"":""MultiPoint"",""coordinates"":[]}"
20141206,-0.002366238,2014-12-06,"{""type"":""MultiPoint"",""coordinates"":[]}"
20141207,-0.002010165,2014-12-07,"{""type"":""MultiPoint"",""coordinates"":[]}"
20141208,-0.001733615,2014-12-08,"{""type"":""MultiPoint"",""coordinates"":[]}"
20141209,-0.002130024,2014-12-09,"{""type"":""MultiPoint"",""coordinates"":[]}"
20141210,-0.00122496,2014-12-10,"{""type"":""MultiPoint"",""coordinates"":[]}"
20141211,-0.001354502,2014-12-11,"{""type"":""MultiPoint"",""coordinates"":[]}"
20141212,-9.94E-04,2014-12-12,"{""type"":""MultiPoint"",""coordinates"":[]}"
20141213,-0.00105391,2014-12-13,"{""type"":""MultiPoint"",""coordinates"":[]}"
20141214,-6.46E-04,2014-12-14,"{""type"":""MultiPoint"",""coordinates"":[]}"
20141215,-0.001217749,2014-12-15,"{""type"":""MultiPoint"",""coordinates"":[]}"
20141216,-0.001810933,2014-12-16,"{""type"":""MultiPoint"",""coordinates"":[]}"
20141217,-0.00115632,2014-12-17,"{""type"":""MultiPoint"",""coordinates"":[]}"
20141218,-0.001106696,2014-12-18,"{""type"":""MultiPoint"",""coordinates"":[]}"
20141219,-9.28E-04,2014-12-19,"{""type"":""MultiPoint"",""coordinates"":[]}"
20141220,-0.001792496,2014-12-20,"{""type"":""MultiPoint"",""coordinates"":[]}"
20141221,-0.001947307,2014-12-21,"{""type"":""MultiPoint"",""coordinates"":[]}"
20141222,-0.001924993,2014-12-22,"{""type"":""MultiPoint"",""coordinates"":[]}"
20141223,-0.002018649,2014-12-23,"{""type"":""MultiPoint"",""coordinates"":[]}"
20141224,-0.001915236,2014-12-24,"{""type"":""MultiPoint"",""coordinates"":[]}"
20141225,-0.001907071,2014-12-25,"{""type"":""MultiPoint"",""coordinates"":[]}"
20141226,-0.001840216,2014-12-26,"{""type"":""MultiPoint"",""coordinates"":[]}"
20141227,-0.001710787,2014-12-27,"{""type"":""MultiPoint"",""coordinates"":[]}"
20141228,-4.79E-04,2014-12-28,"{""type"":""MultiPoint"",""coordinates"":[]}"
20141229,-8.97E-04,2014-12-29,"{""type"":""MultiPoint"",""coordinates"":[]}"
20141230,-0.00171809,2014-12-30,"{""type"":""MultiPoint"",""coordinates"":[]}"
20141231,-0.001706919,2014-12-31,"{""type"":""MultiPoint"",""coordinates"":[]}"
20150101,-0.001099875,2015-01-01,"{""type"":""MultiPoint"",""coordinates"":[]}"
20150102,-0.001203776,2015-01-02,"{""type"":""MultiPoint"",""coordinates"":[]}"
20150103,-0.001735989,2015-01-03,"{""type"":""MultiPoint"",""coordinates"":[]}"
20150104,-0.001915575,2015-01-04,"{""type"":""MultiPoint"",""coordinates"":[]}"
20150105,-0.001689652,2015-01-05,"{""type"":""MultiPoint"",""coordinates"":[]}"
20150106,-0.001389624,2015-01-06,"{""type"":""MultiPoint"",""coordinates"":[]}"
20150107,-0.001428864,2015-01-07,"{""type"":""MultiPoint"",""coordinates"":[]}"
20150108,-0.00144043,2015-01-08,"{""type"":""MultiPoint"",""coordinates"":[]}"
20150109,-0.001293154,2015-01-09,"{""type"":""MultiPoint"",""coordinates"":[]}"
20150110,-0.001747634,2015-01-10,"{""type"":""MultiPoint"",""coordinates"":[]}"
20150111,-0.001623263,2015-01-11,"{""type"":""MultiPoint"",""coordinates"":[]}"
20150112,-0.001574515,2015-01-12,"{""type"":""MultiPoint"",""coordinates"":[]}"
20150113,-0.001519637,2015-01-13,"{""type"":""MultiPoint"",""coordinates"":[]}"
20150114,-0.001531435,2015-01-14,"{""type"":""MultiPoint"",""coordinates"":[]}"
20150115,-0.001514763,2015-01-15,"{""type"":""MultiPoint"",""coordinates"":[]}"
20150116,-0.001349318,2015-01-16,"{""type"":""MultiPoint"",""coordinates"":[]}"
20150117,-0.001106705,2015-01-17,"{""type"":""MultiPoint"",""coordinates"":[]}"
20150118,-0.001378911,2015-01-18,"{""type"":""MultiPoint"",""coordinates"":[]}"
20150119,-0.001372243,2015-01-19,"{""type"":""MultiPoint"",""coordinates"":[]}"
20150120,-0.001173344,2015-01-20,"{""type"":""MultiPoint"",""coordinates"":[]}"
20150121,-0.001088097,2015-01-21,"{""type"":""MultiPoint"",""coordinates"":[]}"
20150122,-0.001409779,2015-01-22,"{""type"":""MultiPoint"",""coordinates"":[]}"
20150123,-0.001199242,2015-01-23,"{""type"":""MultiPoint"",""coordinates"":[]}"
20150124,-7.15E-04,2015-01-24,"{""type"":""MultiPoint"",""coordinates"":[]}"
20150125,-0.001303164,2015-01-25,"{""type"":""MultiPoint"",""coordinates"":[]}"
20150126,-0.001224202,2015-01-26,"{""type"":""MultiPoint"",""coordinates"":[]}"
20150127,-0.001153582,2015-01-27,"{""type"":""MultiPoint"",""coordinates"":[]}"
20150128,-0.001108152,2015-01-28,"{""type"":""MultiPoint"",""coordinates"":[]}"
20150129,-9.90E-04,2015-01-29,"{""type"":""MultiPoint"",""coordinates"":[]}"
20150130,-0.00102894,2015-01-30,"{""type"":""MultiPoint"",""coordinates"":[]}"
20150131,-0.001169811,2015-01-31,"{""type"":""MultiPoint"",""coordinates"":[]}"
20150201,-0.001159519,2015-02-01,"{""type"":""MultiPoint"",""coordinates"":[]}"
20150202,-0.001059407,2015-02-02,"{""type"":""MultiPoint"",""coordinates"":[]}"
20150203,-0.001073565,2015-02-03,"{""type"":""MultiPoint"",""coordinates"":[]}"
20150204,-0.001077522,2015-02-04,"{""type"":""MultiPoint"",""coordinates"":[]}"
20150205,-0.00115317,2015-02-05,"{""type"":""MultiPoint"",""coordinates"":[]}"
20150206,-0.00118228,2015-02-06,"{""type"":""MultiPoint"",""coordinates"":[]}"
20150207,-0.001189811,2015-02-07,"{""type"":""MultiPoint"",""coordinates"":[]}"
20150208,-0.001180733,2015-02-08,"{""type"":""MultiPoint"",""coordinates"":[]}"
20150209,-0.001144248,2015-02-09,"{""type"":""MultiPoint"",""coordinates"":[]}"
20150210,-0.001040694,2015-02-10,"{""type"":""MultiPoint"",""coordinates"":[]}"
20150211,-0.001110963,2015-02-11,"{""type"":""MultiPoint"",""coordinates"":[]}"
20150212,-0.001070366,2015-02-12,"{""type"":""MultiPoint"",""coordinates"":[]}"
20150213,-0.001124573,2015-02-13,"{""type"":""MultiPoint"",""coordinates"":[]}"
20150214,-0.001209507,2015-02-14,"{""type"":""MultiPoint"",""coordinates"":[]}"
20150215,-0.001203087,2015-02-15,"{""type"":""MultiPoint"",""coordinates"":[]}"
20150216,-0.001153005,2015-02-16,"{""type"":""MultiPoint"",""coordinates"":[]}"
20150217,-0.001148714,2015-02-17,"{""type"":""MultiPoint"",""coordinates"":[]}"
20150218,-0.001170459,2015-02-18,"{""type"":""MultiPoint"",""coordinates"":[]}"
20150219,-0.001102567,2015-02-19,"{""type"":""MultiPoint"",""coordinates"":[]}"
20150220,-0.001009999,2015-02-20,"{""type"":""MultiPoint"",""coordinates"":[]}"
20150221,-9.63E-04,2015-02-21,"{""type"":""MultiPoint"",""coordinates"":[]}"
20150222,-9.63E-04,2015-02-22,"{""type"":""MultiPoint"",""coordinates"":[]}"
20150223,-0.001004466,2015-02-23,"{""type"":""MultiPoint"",""coordinates"":[]}"
20150224,-0.001063234,2015-02-24,"{""type"":""MultiPoint"",""coordinates"":[]}"
20150225,-0.001099013,2015-02-25,"{""type"":""MultiPoint"",""coordinates"":[]}"
20150226,-0.001022603,2015-02-26,"{""type"":""MultiPoint"",""coordinates"":[]}"
20150227,-9.42E-04,2015-02-27,"{""type"":""MultiPoint"",""coordinates"":[]}"
20150228,-6.12E-04,2015-02-28,"{""type"":""MultiPoint"",""coordinates"":[]}"
20150301,-7.37E-04,2015-03-01,"{""type"":""MultiPoint"",""coordinates"":[]}"
20150302,-8.71E-04,2015-03-02,"{""type"":""MultiPoint"",""coordinates"":[]}"
20150303,-7.71E-04,2015-03-03,"{""type"":""MultiPoint"",""coordinates"":[]}"
20150304,-7.45E-04,2015-03-04,"{""type"":""MultiPoint"",""coordinates"":[]}"
20150305,-0.001142364,2015-03-05,"{""type"":""MultiPoint"",""coordinates"":[]}"
20150306,-0.001122483,2015-03-06,"{""type"":""MultiPoint"",""coordinates"":[]}"
20150307,-9.72E-04,2015-03-07,"{""type"":""MultiPoint"",""coordinates"":[]}"
20150308,-0.001477916,2015-03-08,"{""type"":""MultiPoint"",""coordinates"":[]}"
20150309,-0.001484858,2015-03-09,"{""type"":""MultiPoint"",""coordinates"":[]}"
20150310,-0.001508044,2015-03-10,"{""type"":""MultiPoint"",""coordinates"":[]}"
20150311,-0.001315217,2015-03-11,"{""type"":""MultiPoint"",""coordinates"":[]}"
20150312,-0.001067873,2015-03-12,"{""type"":""MultiPoint"",""coordinates"":[]}"
20150313,-0.001088956,2015-03-13,"{""type"":""MultiPoint"",""coordinates"":[]}"
20150314,-1.00E-03,2015-03-14,"{""type"":""MultiPoint"",""coordinates"":[]}"
20150315,-7.26E-04,2015-03-15,"{""type"":""MultiPoint"",""coordinates"":[]}"
20150316,-8.72E-04,2015-03-16,"{""type"":""MultiPoint"",""coordinates"":[]}"
20150317,-0.001127102,2015-03-17,"{""type"":""MultiPoint"",""coordinates"":[]}"
20150318,-0.001136181,2015-03-18,"{""type"":""MultiPoint"",""coordinates"":[]}"
20150319,-0.001039917,2015-03-19,"{""type"":""MultiPoint"",""coordinates"":[]}"
20150320,-0.001000464,2015-03-20,"{""type"":""MultiPoint"",""coordinates"":[]}"
20150321,-0.001005925,2015-03-21,"{""type"":""MultiPoint"",""coordinates"":[]}"
20150322,-0.001008077,2015-03-22,"{""type"":""MultiPoint"",""coordinates"":[]}"
20150323,-8.73E-04,2015-03-23,"{""type"":""MultiPoint"",""coordinates"":[]}"
20150324,-9.27E-04,2015-03-24,"{""type"":""MultiPoint"",""coordinates"":[]}"
20150325,-8.01E-04,2015-03-25,"{""type"":""MultiPoint"",""coordinates"":[]}"
20150326,-7.81E-04,2015-03-26,"{""type"":""MultiPoint"",""coordinates"":[]}"
20150327,-8.08E-04,2015-03-27,"{""type"":""MultiPoint"",""coordinates"":[]}"
20150328,-8.41E-04,2015-03-28,"{""type"":""MultiPoint"",""coordinates"":[]}"
20150329,-8.34E-04,2015-03-29,"{""type"":""MultiPoint"",""coordinates"":[]}"
20150330,-7.89E-04,2015-03-30,"{""type"":""MultiPoint"",""coordinates"":[]}"
20150331,-6.10E-04,2015-03-31,"{""type"":""MultiPoint"",""coordinates"":[]}"
20150401,-4.62E-04,2015-04-01,"{""type"":""MultiPoint"",""coordinates"":[]}"
20150402,-6.45E-04,2015-04-02,"{""type"":""MultiPoint"",""coordinates"":[]}"
20150403,-5.75E-04,2015-04-03,"{""type"":""MultiPoint"",""coordinates"":[]}"
20150404,-6.97E-04,2015-04-04,"{""type"":""MultiPoint"",""coordinates"":[]}"
20150405,-7.23E-04,2015-04-05,"{""type"":""MultiPoint"",""coordinates"":[]}"
20150406,-5.98E-04,2015-04-06,"{""type"":""MultiPoint"",""coordinates"":[]}"
20150407,-6.04E-04,2015-04-07,"{""type"":""MultiPoint"",""coordinates"":[]}"
20150408,-6.08E-04,2015-04-08,"{""type"":""MultiPoint"",""coordinates"":[]}"
20150409,-6.05E-04,2015-04-09,"{""type"":""MultiPoint"",""coordinates"":[]}"
20150410,-5.60E-04,2015-04-10,"{""type"":""MultiPoint"",""coordinates"":[]}"
20150411,-5.65E-04,2015-04-11,"{""type"":""MultiPoint"",""coordinates"":[]}"
20150412,-3.75E-04,2015-04-12,"{""type"":""MultiPoint"",""coordinates"":[]}"
20150413,-0.001063876,2015-04-13,"{""type"":""MultiPoint"",""coordinates"":[]}"
20150414,-0.001621655,2015-04-14,"{""type"":""MultiPoint"",""coordinates"":[]}"
20150415,-0.001994164,2015-04-15,"{""type"":""MultiPoint"",""coordinates"":[]}"
20150416,-0.002289935,2015-04-16,"{""type"":""MultiPoint"",""coordinates"":[]}"
20150417,-0.00279953,2015-04-17,"{""type"":""MultiPoint"",""coordinates"":[]}"
20150418,-0.002646516,2015-04-18,"{""type"":""MultiPoint"",""coordinates"":[]}"
20150419,-0.003116785,2015-04-19,"{""type"":""MultiPoint"",""coordinates"":[]}"
20150420,-0.002988275,2015-04-20,"{""type"":""MultiPoint"",""coordinates"":[]}"
20150421,-0.002572812,2015-04-21,"{""type"":""MultiPoint"",""coordinates"":[]}"
20150422,-0.002737843,2015-04-22,"{""type"":""MultiPoint"",""coordinates"":[]}"
20150423,-0.001358065,2015-04-23,"{""type"":""MultiPoint"",""coordinates"":[]}"
20150424,-0.002406816,2015-04-24,"{""type"":""MultiPoint"",""coordinates"":[]}"
20150425,-0.002536984,2015-04-25,"{""type"":""MultiPoint"",""coordinates"":[]}"
20150426,-0.001925954,2015-04-26,"{""type"":""MultiPoint"",""coordinates"":[]}"
20150427,-0.002765275,2015-04-27,"{""type"":""MultiPoint"",""coordinates"":[]}"
20150428,-0.003080744,2015-04-28,"{""type"":""MultiPoint"",""coordinates"":[]}"
20150429,-0.002695842,2015-04-29,"{""type"":""MultiPoint"",""coordinates"":[]}"
20150430,-0.002373009,2015-04-30,"{""type"":""MultiPoint"",""coordinates"":[]}"
20150501,-0.002724781,2015-05-01,"{""type"":""MultiPoint"",""coordinates"":[]}"
20150502,-0.002525726,2015-05-02,"{""type"":""MultiPoint"",""coordinates"":[]}"
20150503,-0.002461047,2015-05-03,"{""type"":""MultiPoint"",""coordinates"":[]}"
20150504,-0.002406546,2015-05-04,"{""type"":""MultiPoint"",""coordinates"":[]}"
20150505,-0.002807655,2015-05-05,"{""type"":""MultiPoint"",""coordinates"":[]}"
20150506,-0.002014882,2015-05-06,"{""type"":""MultiPoint"",""coordinates"":[]}"
20150507,-0.002124423,2015-05-07,"{""type"":""MultiPoint"",""coordinates"":[]}"
20150508,-0.00248249,2015-05-08,"{""type"":""MultiPoint"",""coordinates"":[]}"
20150509,-0.002389762,2015-05-09,"{""type"":""MultiPoint"",""coordinates"":[]}"
20150510,-0.001992381,2015-05-10,"{""type"":""MultiPoint"",""coordinates"":[]}"
20150511,-0.00159345,2015-05-11,"{""type"":""MultiPoint"",""coordinates"":[]}"
20150512,-0.001165782,2015-05-12,"{""type"":""MultiPoint"",""coordinates"":[]}"
20150513,-9.40E-04,2015-05-13,"{""type"":""MultiPoint"",""coordinates"":[]}"
20150514,-5.49E-04,2015-05-14,"{""type"":""MultiPoint"",""coordinates"":[]}"
20150515,-7.10E-04,2015-05-15,"{""type"":""MultiPoint"",""coordinates"":[]}"
20150516,-9.65E-04,2015-05-16,"{""type"":""MultiPoint"",""coordinates"":[]}"
20150517,-0.0015996,2015-05-17,"{""type"":""MultiPoint"",""coordinates"":[]}"
20150518,-0.002488589,2015-05-18,"{""type"":""MultiPoint"",""coordinates"":[]}"
20150519,-0.002530523,2015-05-19,"{""type"":""MultiPoint"",""coordinates"":[]}"
20150520,-0.003550337,2015-05-20,"{""type"":""MultiPoint"",""coordinates"":[]}"
20150521,-0.003502392,2015-05-21,"{""type"":""MultiPoint"",""coordinates"":[]}"
20150522,-0.003113496,2015-05-22,"{""type"":""MultiPoint"",""coordinates"":[]}"
20150523,-0.003042044,2015-05-23,"{""type"":""MultiPoint"",""coordinates"":[]}"
20150524,-0.003534288,2015-05-24,"{""type"":""MultiPoint"",""coordinates"":[]}"
20150525,-0.003518064,2015-05-25,"{""type"":""MultiPoint"",""coordinates"":[]}"
20150526,-0.003326513,2015-05-26,"{""type"":""MultiPoint"",""coordinates"":[]}"
20150527,-0.002607112,2015-05-27,"{""type"":""MultiPoint"",""coordinates"":[]}"
20150528,-0.002494839,2015-05-28,"{""type"":""MultiPoint"",""coordinates"":[]}"
20150529,-0.001657613,2015-05-29,"{""type"":""MultiPoint"",""coordinates"":[]}"
20150530,-0.003180278,2015-05-30,"{""type"":""MultiPoint"",""coordinates"":[]}"
20150531,-0.002971905,2015-05-31,"{""type"":""MultiPoint"",""coordinates"":[]}"
20150601,-0.002606991,2015-06-01,"{""type"":""MultiPoint"",""coordinates"":[]}"
20150602,-0.002649109,2015-06-02,"{""type"":""MultiPoint"",""coordinates"":[]}"
20150603,-0.002938499,2015-06-03,"{""type"":""MultiPoint"",""coordinates"":[]}"
20150604,-0.001809696,2015-06-04,"{""type"":""MultiPoint"",""coordinates"":[]}"
20150605,-0.00260274,2015-06-05,"{""type"":""MultiPoint"",""coordinates"":[]}"
20150606,-0.003285875,2015-06-06,"{""type"":""MultiPoint"",""coordinates"":[]}"
20150607,-0.003500505,2015-06-07,"{""type"":""MultiPoint"",""coordinates"":[]}"
20150608,-0.002959696,2015-06-08,"{""type"":""MultiPoint"",""coordinates"":[]}"
20150609,-0.002744691,2015-06-09,"{""type"":""MultiPoint"",""coordinates"":[]}"
20150610,-0.0030385,2015-06-10,"{""type"":""MultiPoint"",""coordinates"":[]}"
20150611,-0.0027375,2015-06-11,"{""type"":""MultiPoint"",""coordinates"":[]}"
20150612,-0.001709817,2015-06-12,"{""type"":""MultiPoint"",""coordinates"":[]}"
20150613,-0.001474617,2015-06-13,"{""type"":""MultiPoint"",""coordinates"":[]}"
20150614,-0.002029691,2015-06-14,"{""type"":""MultiPoint"",""coordinates"":[]}"
20150615,-0.001719,2015-06-15,"{""type"":""MultiPoint"",""coordinates"":[]}"
20150616,-0.0015247,2015-06-16,"{""type"":""MultiPoint"",""coordinates"":[]}"
20150617,-0.001640876,2015-06-17,"{""type"":""MultiPoint"",""coordinates"":[]}"
20150618,-7.53E-04,2015-06-18,"{""type"":""MultiPoint"",""coordinates"":[]}"
20150619,-8.49E-04,2015-06-19,"{""type"":""MultiPoint"",""coordinates"":[]}"
20150620,-7.86E-04,2015-06-20,"{""type"":""MultiPoint"",""coordinates"":[]}"
20150621,-0.001007515,2015-06-21,"{""type"":""MultiPoint"",""coordinates"":[]}"
20150622,-0.001824903,2015-06-22,"{""type"":""MultiPoint"",""coordinates"":[]}"
20150623,-0.001449603,2015-06-23,"{""type"":""MultiPoint"",""coordinates"":[]}"
20150624,-0.002009603,2015-06-24,"{""type"":""MultiPoint"",""coordinates"":[]}"
20150625,-0.001943657,2015-06-25,"{""type"":""MultiPoint"",""coordinates"":[]}"
20150626,-0.00192297,2015-06-26,"{""type"":""MultiPoint"",""coordinates"":[]}"
20150627,-0.001754158,2015-06-27,"{""type"":""MultiPoint"",""coordinates"":[]}"
20150628,-0.002066106,2015-06-28,"{""type"":""MultiPoint"",""coordinates"":[]}"
20150629,-0.001773738,2015-06-29,"{""type"":""MultiPoint"",""coordinates"":[]}"
20150630,-0.002372565,2015-06-30,"{""type"":""MultiPoint"",""coordinates"":[]}"
20150701,-0.002351928,2015-07-01,"{""type"":""MultiPoint"",""coordinates"":[]}"
20150702,-0.002256387,2015-07-02,"{""type"":""MultiPoint"",""coordinates"":[]}"
20150703,-0.001786372,2015-07-03,"{""type"":""MultiPoint"",""coordinates"":[]}"
20150704,-0.002452778,2015-07-04,"{""type"":""MultiPoint"",""coordinates"":[]}"
20150705,-0.002532121,2015-07-05,"{""type"":""MultiPoint"",""coordinates"":[]}"
20150706,-0.00275025,2015-07-06,"{""type"":""MultiPoint"",""coordinates"":[]}"
20150707,-0.002332452,2015-07-07,"{""type"":""MultiPoint"",""coordinates"":[]}"
20150708,-0.001467573,2015-07-08,"{""type"":""MultiPoint"",""coordinates"":[]}"
20150709,-0.001296389,2015-07-09,"{""type"":""MultiPoint"",""coordinates"":[]}"
20150710,-9.73E-04,2015-07-10,"{""type"":""MultiPoint"",""coordinates"":[]}"
20150711,-0.001449859,2015-07-11,"{""type"":""MultiPoint"",""coordinates"":[]}"
20150712,-0.001646813,2015-07-12,"{""type"":""MultiPoint"",""coordinates"":[]}"
20150713,-0.001929653,2015-07-13,"{""type"":""MultiPoint"",""coordinates"":[]}"
20150714,-0.001349132,2015-07-14,"{""type"":""MultiPoint"",""coordinates"":[]}"
20150715,-9.00E-04,2015-07-15,"{""type"":""MultiPoint"",""coordinates"":[]}"
20150716,-0.001149289,2015-07-16,"{""type"":""MultiPoint"",""coordinates"":[]}"
20150717,-0.001467371,2015-07-17,"{""type"":""MultiPoint"",""coordinates"":[]}"
20150718,-0.001022478,2015-07-18,"{""type"":""MultiPoint"",""coordinates"":[]}"
20150719,-4.05E-04,2015-07-19,"{""type"":""MultiPoint"",""coordinates"":[]}"
20150720,-0.001258925,2015-07-20,"{""type"":""MultiPoint"",""coordinates"":[]}"
20150721,-0.001060618,2015-07-21,"{""type"":""MultiPoint"",""coordinates"":[]}"
20150722,-0.00103797,2015-07-22,"{""type"":""MultiPoint"",""coordinates"":[]}"
20150723,-0.001406653,2015-07-23,"{""type"":""MultiPoint"",""coordinates"":[]}"
20150724,-0.001400501,2015-07-24,"{""type"":""MultiPoint"",""coordinates"":[]}"
20150725,-9.81E-04,2015-07-25,"{""type"":""MultiPoint"",""coordinates"":[]}"
20150726,-0.001278613,2015-07-26,"{""type"":""MultiPoint"",""coordinates"":[]}"
20150727,-8.90E-04,2015-07-27,"{""type"":""MultiPoint"",""coordinates"":[]}"
20150728,-0.002110201,2015-07-28,"{""type"":""MultiPoint"",""coordinates"":[]}"
20150729,-0.003101627,2015-07-29,"{""type"":""MultiPoint"",""coordinates"":[]}"
20150730,-0.002754204,2015-07-30,"{""type"":""MultiPoint"",""coordinates"":[]}"
20150731,-0.001896569,2015-07-31,"{""type"":""MultiPoint"",""coordinates"":[]}"
20150801,-0.001774723,2015-08-01,"{""type"":""MultiPoint"",""coordinates"":[]}"
20150802,-0.00197268,2015-08-02,"{""type"":""MultiPoint"",""coordinates"":[]}"
20150803,-0.001716474,2015-08-03,"{""type"":""MultiPoint"",""coordinates"":[]}"
20150804,-0.001629249,2015-08-04,"{""type"":""MultiPoint"",""coordinates"":[]}"
20150805,-0.001952013,2015-08-05,"{""type"":""MultiPoint"",""coordinates"":[]}"
20150806,-0.002035935,2015-08-06,"{""type"":""MultiPoint"",""coordinates"":[]}"
20150807,-0.001735035,2015-08-07,"{""type"":""MultiPoint"",""coordinates"":[]}"
20150808,-0.00196634,2015-08-08,"{""type"":""MultiPoint"",""coordinates"":[]}"
20150809,-0.001615204,2015-08-09,"{""type"":""MultiPoint"",""coordinates"":[]}"
20150810,-0.001455483,2015-08-10,"{""type"":""MultiPoint"",""coordinates"":[]}"
20150811,-0.001761818,2015-08-11,"{""type"":""MultiPoint"",""coordinates"":[]}"
20150812,-7.93E-04,2015-08-12,"{""type"":""MultiPoint"",""coordinates"":[]}"
20150813,-0.001459499,2015-08-13,"{""type"":""MultiPoint"",""coordinates"":[]}"
20150814,-0.002176554,2015-08-14,"{""type"":""MultiPoint"",""coordinates"":[]}"
20150815,-0.002540914,2015-08-15,"{""type"":""MultiPoint"",""coordinates"":[]}"
20150816,-0.002359236,2015-08-16,"{""type"":""MultiPoint"",""coordinates"":[]}"
20150817,-0.002120594,2015-08-17,"{""type"":""MultiPoint"",""coordinates"":[]}"
20150818,-0.002545523,2015-08-18,"{""type"":""MultiPoint"",""coordinates"":[]}"
20150819,-0.002597138,2015-08-19,"{""type"":""MultiPoint"",""coordinates"":[]}"
20150820,-0.002803571,2015-08-20,"{""type"":""MultiPoint"",""coordinates"":[]}"
20150821,-0.002276196,2015-08-21,"{""type"":""MultiPoint"",""coordinates"":[]}"
20150822,-4.14E-04,2015-08-22,"{""type"":""MultiPoint"",""coordinates"":[]}"
20150823,-0.00152512,2015-08-23,"{""type"":""MultiPoint"",""coordinates"":[]}"
20150824,-0.003028765,2015-08-24,"{""type"":""MultiPoint"",""coordinates"":[]}"
20150825,-0.003025711,2015-08-25,"{""type"":""MultiPoint"",""coordinates"":[]}"
20150826,-0.00211988,2015-08-26,"{""type"":""MultiPoint"",""coordinates"":[]}"
20150827,-0.001512151,2015-08-27,"{""type"":""MultiPoint"",""coordinates"":[]}"
20150828,-0.003190122,2015-08-28,"{""type"":""MultiPoint"",""coordinates"":[]}"
20150829,-0.002851193,2015-08-29,"{""type"":""MultiPoint"",""coordinates"":[]}"
20150830,-0.003033263,2015-08-30,"{""type"":""MultiPoint"",""coordinates"":[]}"
20150831,-0.003437227,2015-08-31,"{""type"":""MultiPoint"",""coordinates"":[]}"
20150901,-0.003397455,2015-09-01,"{""type"":""MultiPoint"",""coordinates"":[]}"
20150902,-0.003213407,2015-09-02,"{""type"":""MultiPoint"",""coordinates"":[]}"
20150903,-0.002628954,2015-09-03,"{""type"":""MultiPoint"",""coordinates"":[]}"
20150904,-0.002394581,2015-09-04,"{""type"":""MultiPoint"",""coordinates"":[]}"
20150905,-0.002514528,2015-09-05,"{""type"":""MultiPoint"",""coordinates"":[]}"
20150906,-0.002721964,2015-09-06,"{""type"":""MultiPoint"",""coordinates"":[]}"
20150907,-9.19E-04,2015-09-07,"{""type"":""MultiPoint"",""coordinates"":[]}"
20150908,-0.001444174,2015-09-08,"{""type"":""MultiPoint"",""coordinates"":[]}"
20150909,-0.002042329,2015-09-09,"{""type"":""MultiPoint"",""coordinates"":[]}"
20150910,-0.002447192,2015-09-10,"{""type"":""MultiPoint"",""coordinates"":[]}"
20150911,-0.003208415,2015-09-11,"{""type"":""MultiPoint"",""coordinates"":[]}"
20150912,-0.003297611,2015-09-12,"{""type"":""MultiPoint"",""coordinates"":[]}"
20150913,-0.003221667,2015-09-13,"{""type"":""MultiPoint"",""coordinates"":[]}"
20150914,-0.002364148,2015-09-14,"{""type"":""MultiPoint"",""coordinates"":[]}"
20150915,-0.001935585,2015-09-15,"{""type"":""MultiPoint"",""coordinates"":[]}"
20150916,-0.002128221,2015-09-16,"{""type"":""MultiPoint"",""coordinates"":[]}"
20150917,-0.002871523,2015-09-17,"{""type"":""MultiPoint"",""coordinates"":[]}"
20150918,-0.002684811,2015-09-18,"{""type"":""MultiPoint"",""coordinates"":[]}"
20150919,-0.002688469,2015-09-19,"{""type"":""MultiPoint"",""coordinates"":[]}"
20150920,-0.001850524,2015-09-20,"{""type"":""MultiPoint"",""coordinates"":[]}"
20150921,-0.002855641,2015-09-21,"{""type"":""MultiPoint"",""coordinates"":[]}"
20150922,-0.003477572,2015-09-22,"{""type"":""MultiPoint"",""coordinates"":[]}"
20150923,-0.00316683,2015-09-23,"{""type"":""MultiPoint"",""coordinates"":[]}"
20150924,-0.002533604,2015-09-24,"{""type"":""MultiPoint"",""coordinates"":[]}"
20150925,-0.00272684,2015-09-25,"{""type"":""MultiPoint"",""coordinates"":[]}"
20150926,-0.002020922,2015-09-26,"{""type"":""MultiPoint"",""coordinates"":[]}"
20150927,-0.002414128,2015-09-27,"{""type"":""MultiPoint"",""coordinates"":[]}"
20150928,-0.001805177,2015-09-28,"{""type"":""MultiPoint"",""coordinates"":[]}"
20150929,-0.002342228,2015-09-29,"{""type"":""MultiPoint"",""coordinates"":[]}"
20150930,-0.001976342,2015-09-30,"{""type"":""MultiPoint"",""coordinates"":[]}"
20151001,-0.001919826,2015-10-01,"{""type"":""MultiPoint"",""coordinates"":[]}"
20151002,-0.002371307,2015-10-02,"{""type"":""MultiPoint"",""coordinates"":[]}"
20151003,-0.002757297,2015-10-03,"{""type"":""MultiPoint"",""coordinates"":[]}"
20151004,-0.001502762,2015-10-04,"{""type"":""MultiPoint"",""coordinates"":[]}"
20151005,-0.001519438,2015-10-05,"{""type"":""MultiPoint"",""coordinates"":[]}"
20151006,-0.002712967,2015-10-06,"{""type"":""MultiPoint"",""coordinates"":[]}"
20151007,-0.003128369,2015-10-07,"{""type"":""MultiPoint"",""coordinates"":[]}"
20151008,-0.002744436,2015-10-08,"{""type"":""MultiPoint"",""coordinates"":[]}"
20151009,-0.002209292,2015-10-09,"{""type"":""MultiPoint"",""coordinates"":[]}"
20151010,-0.002333484,2015-10-10,"{""type"":""MultiPoint"",""coordinates"":[]}"
20151011,-0.002183585,2015-10-11,"{""type"":""MultiPoint"",""coordinates"":[]}"
20151012,-0.002663202,2015-10-12,"{""type"":""MultiPoint"",""coordinates"":[]}"
20151013,-0.003756596,2015-10-13,"{""type"":""MultiPoint"",""coordinates"":[]}"
20151014,-0.004161149,2015-10-14,"{""type"":""MultiPoint"",""coordinates"":[]}"
20151015,-0.003837611,2015-10-15,"{""type"":""MultiPoint"",""coordinates"":[]}"
20151016,-0.003684745,2015-10-16,"{""type"":""MultiPoint"",""coordinates"":[]}"
20151017,-0.003730457,2015-10-17,"{""type"":""MultiPoint"",""coordinates"":[]}"
20151018,-0.003368841,2015-10-18,"{""type"":""MultiPoint"",""coordinates"":[]}"
20151019,-0.003717752,2015-10-19,"{""type"":""MultiPoint"",""coordinates"":[]}"
20151020,-0.003404484,2015-10-20,"{""type"":""MultiPoint"",""coordinates"":[]}"
20151021,-0.003609139,2015-10-21,"{""type"":""MultiPoint"",""coordinates"":[]}"
20151022,-0.003764603,2015-10-22,"{""type"":""MultiPoint"",""coordinates"":[]}"
20151023,-0.003760871,2015-10-23,"{""type"":""MultiPoint"",""coordinates"":[]}"
20151024,-0.00372111,2015-10-24,"{""type"":""MultiPoint"",""coordinates"":[]}"
20151025,-0.003212554,2015-10-25,"{""type"":""MultiPoint"",""coordinates"":[]}"
20151026,-0.002408434,2015-10-26,"{""type"":""MultiPoint"",""coordinates"":[]}"
20151027,-0.002456601,2015-10-27,"{""type"":""MultiPoint"",""coordinates"":[]}"
20151028,-0.002428161,2015-10-28,"{""type"":""MultiPoint"",""coordinates"":[]}"
20151029,-0.002489917,2015-10-29,"{""type"":""MultiPoint"",""coordinates"":[]}"
20151030,-0.002529251,2015-10-30,"{""type"":""MultiPoint"",""coordinates"":[]}"
20151031,-0.00172528,2015-10-31,"{""type"":""MultiPoint"",""coordinates"":[]}"
20151101,-9.14E-04,2015-11-01,"{""type"":""MultiPoint"",""coordinates"":[]}"
20151102,-6.82E-04,2015-11-02,"{""type"":""MultiPoint"",""coordinates"":[]}"
20151103,-0.001590904,2015-11-03,"{""type"":""MultiPoint"",""coordinates"":[]}"
20151104,-0.001420594,2015-11-04,"{""type"":""MultiPoint"",""coordinates"":[]}"
20151105,-0.002510113,2015-11-05,"{""type"":""MultiPoint"",""coordinates"":[]}"
20151106,-0.003469255,2015-11-06,"{""type"":""MultiPoint"",""coordinates"":[]}"
20151107,-0.002989348,2015-11-07,"{""type"":""MultiPoint"",""coordinates"":[]}"
20151108,-0.0026063,2015-11-08,"{""type"":""MultiPoint"",""coordinates"":[]}"
20151109,-1.41E-04,2015-11-09,"{""type"":""MultiPoint"",""coordinates"":[]}"
20151110,-2.72E-04,2015-11-10,"{""type"":""MultiPoint"",""coordinates"":[]}"
20151111,-6.10E-04,2015-11-11,"{""type"":""MultiPoint"",""coordinates"":[]}"
20151112,-0.001397056,2015-11-12,"{""type"":""MultiPoint"",""coordinates"":[]}"
20151113,-0.00192477,2015-11-13,"{""type"":""MultiPoint"",""coordinates"":[]}"
20151114,-0.002669757,2015-11-14,"{""type"":""MultiPoint"",""coordinates"":[]}"
20151115,-7.07E-04,2015-11-15,"{""type"":""MultiPoint"",""coordinates"":[]}"
20151116,-2.36E-11,2015-11-16,"{""type"":""MultiPoint"",""coordinates"":[]}"
20151117,-1.66E-04,2015-11-17,"{""type"":""MultiPoint"",""coordinates"":[]}"
20151118,-6.79E-04,2015-11-18,"{""type"":""MultiPoint"",""coordinates"":[]}"
20151119,-6.55E-04,2015-11-19,"{""type"":""MultiPoint"",""coordinates"":[]}"
20151120,-0.001045941,2015-11-20,"{""type"":""MultiPoint"",""coordinates"":[]}"
20151121,-0.001536861,2015-11-21,"{""type"":""MultiPoint"",""coordinates"":[]}"
20151122,-9.86E-04,2015-11-22,"{""type"":""MultiPoint"",""coordinates"":[]}"
20151123,-5.56E-04,2015-11-23,"{""type"":""MultiPoint"",""coordinates"":[]}"
20151124,-0.002144456,2015-11-24,"{""type"":""MultiPoint"",""coordinates"":[]}"
20151125,-0.003455856,2015-11-25,"{""type"":""MultiPoint"",""coordinates"":[]}"
20151126,-0.003115733,2015-11-26,"{""type"":""MultiPoint"",""coordinates"":[]}"
20151127,-0.003258345,2015-11-27,"{""type"":""MultiPoint"",""coordinates"":[]}"
20151128,-0.003391722,2015-11-28,"{""type"":""MultiPoint"",""coordinates"":[]}"
20151129,-7.84E-04,2015-11-29,"{""type"":""MultiPoint"",""coordinates"":[]}"
20151130,-5.76E-04,2015-11-30,"{""type"":""MultiPoint"",""coordinates"":[]}"
20151201,-7.20E-04,2015-12-01,"{""type"":""MultiPoint"",""coordinates"":[]}"
20151202,-1.03E-04,2015-12-02,"{""type"":""MultiPoint"",""coordinates"":[]}"
20151203,-4.82E-04,2015-12-03,"{""type"":""MultiPoint"",""coordinates"":[]}"
20151204,-0.002914109,2015-12-04,"{""type"":""MultiPoint"",""coordinates"":[]}"
20151205,-0.002328263,2015-12-05,"{""type"":""MultiPoint"",""coordinates"":[]}"
20151206,-0.001739092,2015-12-06,"{""type"":""MultiPoint"",""coordinates"":[]}"
20151207,-0.002485451,2015-12-07,"{""type"":""MultiPoint"",""coordinates"":[]}"
20151208,-0.002484228,2015-12-08,"{""type"":""MultiPoint"",""coordinates"":[]}"
20151209,-0.001927043,2015-12-09,"{""type"":""MultiPoint"",""coordinates"":[]}"
20151210,-0.001345857,2015-12-10,"{""type"":""MultiPoint"",""coordinates"":[]}"
20151211,-0.001947247,2015-12-11,"{""type"":""MultiPoint"",""coordinates"":[]}"
20151212,-0.002086198,2015-12-12,"{""type"":""MultiPoint"",""coordinates"":[]}"
20151213,-0.002665761,2015-12-13,"{""type"":""MultiPoint"",""coordinates"":[]}"
20151214,-0.002188129,2015-12-14,"{""type"":""MultiPoint"",""coordinates"":[]}"
20151215,-0.002535749,2015-12-15,"{""type"":""MultiPoint"",""coordinates"":[]}"
20151216,-0.002738723,2015-12-16,"{""type"":""MultiPoint"",""coordinates"":[]}"
20151217,-0.002865612,2015-12-17,"{""type"":""MultiPoint"",""coordinates"":[]}"
20151218,-0.002514184,2015-12-18,"{""type"":""MultiPoint"",""coordinates"":[]}"
20151219,-0.00242057,2015-12-19,"{""type"":""MultiPoint"",""coordinates"":[]}"
20151220,-0.002483674,2015-12-20,"{""type"":""MultiPoint"",""coordinates"":[]}"
20151221,-0.002805487,2015-12-21,"{""type"":""MultiPoint"",""coordinates"":[]}"
20151222,-0.002978695,2015-12-22,"{""type"":""MultiPoint"",""coordinates"":[]}"
20151223,-0.002667542,2015-12-23,"{""type"":""MultiPoint"",""coordinates"":[]}"
20151224,-0.002859224,2015-12-24,"{""type"":""MultiPoint"",""coordinates"":[]}"
20151225,-0.002702091,2015-12-25,"{""type"":""MultiPoint"",""coordinates"":[]}"
20151226,-0.002594524,2015-12-26,"{""type"":""MultiPoint"",""coordinates"":[]}"
20151227,-0.002009842,2015-12-27,"{""type"":""MultiPoint"",""coordinates"":[]}"
20151228,-0.002574405,2015-12-28,"{""type"":""MultiPoint"",""coordinates"":[]}"
20151229,-0.002674372,2015-12-29,"{""type"":""MultiPoint"",""coordinates"":[]}"
20151230,-0.002775981,2015-12-30,"{""type"":""MultiPoint"",""coordinates"":[]}"
20151231,-0.002701582,2015-12-31,"{""type"":""MultiPoint"",""coordinates"":[]}"
20160101,-0.002280552,2016-01-01,"{""type"":""MultiPoint"",""coordinates"":[]}"
20160102,-0.002683648,2016-01-02,"{""type"":""MultiPoint"",""coordinates"":[]}"
20160103,-0.002629335,2016-01-03,"{""type"":""MultiPoint"",""coordinates"":[]}"
20160104,-0.00253883,2016-01-04,"{""type"":""MultiPoint"",""coordinates"":[]}"
20160105,-0.002472863,2016-01-05,"{""type"":""MultiPoint"",""coordinates"":[]}"
20160106,-0.0023207,2016-01-06,"{""type"":""MultiPoint"",""coordinates"":[]}"
20160107,-0.002236124,2016-01-07,"{""type"":""MultiPoint"",""coordinates"":[]}"
20160108,-0.002241936,2016-01-08,"{""type"":""MultiPoint"",""coordinates"":[]}"
20160109,-0.002438292,2016-01-09,"{""type"":""MultiPoint"",""coordinates"":[]}"
20160110,-0.002425028,2016-01-10,"{""type"":""MultiPoint"",""coordinates"":[]}"
20160111,-0.002343204,2016-01-11,"{""type"":""MultiPoint"",""coordinates"":[]}"
20160112,-0.002249802,2016-01-12,"{""type"":""MultiPoint"",""coordinates"":[]}"
20160113,-0.002028998,2016-01-13,"{""type"":""MultiPoint"",""coordinates"":[]}"
20160114,-0.002188301,2016-01-14,"{""type"":""MultiPoint"",""coordinates"":[]}"
20160115,-0.002063288,2016-01-15,"{""type"":""MultiPoint"",""coordinates"":[]}"
20160116,-0.001863396,2016-01-16,"{""type"":""MultiPoint"",""coordinates"":[]}"
20160117,-0.001650262,2016-01-17,"{""type"":""MultiPoint"",""coordinates"":[]}"
20160118,-0.001612471,2016-01-18,"{""type"":""MultiPoint"",""coordinates"":[]}"
20160119,-9.89E-04,2016-01-19,"{""type"":""MultiPoint"",""coordinates"":[]}"
20160120,-4.96E-04,2016-01-20,"{""type"":""MultiPoint"",""coordinates"":[]}"
20160121,-8.10E-04,2016-01-21,"{""type"":""MultiPoint"",""coordinates"":[]}"
20160122,-9.95E-04,2016-01-22,"{""type"":""MultiPoint"",""coordinates"":[]}"
20160123,-9.97E-04,2016-01-23,"{""type"":""MultiPoint"",""coordinates"":[]}"
20160124,-0.001090246,2016-01-24,"{""type"":""MultiPoint"",""coordinates"":[]}"
20160125,-0.001663577,2016-01-25,"{""type"":""MultiPoint"",""coordinates"":[]}"
20160126,-0.001637826,2016-01-26,"{""type"":""MultiPoint"",""coordinates"":[]}"
20160127,-0.001799223,2016-01-27,"{""type"":""MultiPoint"",""coordinates"":[]}"
20160128,-0.002099711,2016-01-28,"{""type"":""MultiPoint"",""coordinates"":[]}"
20160129,-0.001928794,2016-01-29,"{""type"":""MultiPoint"",""coordinates"":[]}"
20160130,-0.001927676,2016-01-30,"{""type"":""MultiPoint"",""coordinates"":[]}"
20160131,-0.002093287,2016-01-31,"{""type"":""MultiPoint"",""coordinates"":[]}"
20160201,-0.002157173,2016-02-01,"{""type"":""MultiPoint"",""coordinates"":[]}"
20160202,-0.002161453,2016-02-02,"{""type"":""MultiPoint"",""coordinates"":[]}"
20160203,-0.001925262,2016-02-03,"{""type"":""MultiPoint"",""coordinates"":[]}"
20160204,-0.001987071,2016-02-04,"{""type"":""MultiPoint"",""coordinates"":[]}"
20160205,-0.001846482,2016-02-05,"{""type"":""MultiPoint"",""coordinates"":[]}"
20160206,-0.001805275,2016-02-06,"{""type"":""MultiPoint"",""coordinates"":[]}"
20160207,-0.001740747,2016-02-07,"{""type"":""MultiPoint"",""coordinates"":[]}"
20160208,-0.001619185,2016-02-08,"{""type"":""MultiPoint"",""coordinates"":[]}"
20160209,-0.001832427,2016-02-09,"{""type"":""MultiPoint"",""coordinates"":[]}"
20160210,-0.00186148,2016-02-10,"{""type"":""MultiPoint"",""coordinates"":[]}"
20160211,-0.001811379,2016-02-11,"{""type"":""MultiPoint"",""coordinates"":[]}"
20160212,-0.001601185,2016-02-12,"{""type"":""MultiPoint"",""coordinates"":[]}"
20160213,-0.001489843,2016-02-13,"{""type"":""MultiPoint"",""coordinates"":[]}"
20160214,-0.001652713,2016-02-14,"{""type"":""MultiPoint"",""coordinates"":[]}"
20160215,-0.001499139,2016-02-15,"{""type"":""MultiPoint"",""coordinates"":[]}"
20160216,-0.001497251,2016-02-16,"{""type"":""MultiPoint"",""coordinates"":[]}"
20160217,-0.001344331,2016-02-17,"{""type"":""MultiPoint"",""coordinates"":[]}"
20160218,-0.001262996,2016-02-18,"{""type"":""MultiPoint"",""coordinates"":[]}"
20160219,-0.001508518,2016-02-19,"{""type"":""MultiPoint"",""coordinates"":[]}"
20160220,-0.001642775,2016-02-20,"{""type"":""MultiPoint"",""coordinates"":[]}"
20160221,-0.00175493,2016-02-21,"{""type"":""MultiPoint"",""coordinates"":[]}"
20160222,-0.001786599,2016-02-22,"{""type"":""MultiPoint"",""coordinates"":[]}"
20160223,-0.001822369,2016-02-23,"{""type"":""MultiPoint"",""coordinates"":[]}"
20160224,-0.00158631,2016-02-24,"{""type"":""MultiPoint"",""coordinates"":[]}"
20160225,-0.001484885,2016-02-25,"{""type"":""MultiPoint"",""coordinates"":[]}"
20160226,-0.001347701,2016-02-26,"{""type"":""MultiPoint"",""coordinates"":[]}"
20160227,-0.001401157,2016-02-27,"{""type"":""MultiPoint"",""coordinates"":[]}"
20160228,-0.001160563,2016-02-28,"{""type"":""MultiPoint"",""coordinates"":[]}"
20160229,-0.001000271,2016-02-29,"{""type"":""MultiPoint"",""coordinates"":[]}"
20160301,-0.001283103,2016-03-01,"{""type"":""MultiPoint"",""coordinates"":[]}"
20160302,-0.001278932,2016-03-02,"{""type"":""MultiPoint"",""coordinates"":[]}"
20160303,-0.001379184,2016-03-03,"{""type"":""MultiPoint"",""coordinates"":[]}"
20160304,-0.001507009,2016-03-04,"{""type"":""MultiPoint"",""coordinates"":[]}"
20160305,-0.001459142,2016-03-05,"{""type"":""MultiPoint"",""coordinates"":[]}"
20160306,-0.001464943,2016-03-06,"{""type"":""MultiPoint"",""coordinates"":[]}"
20160307,-0.001341226,2016-03-07,"{""type"":""MultiPoint"",""coordinates"":[]}"
20160308,-0.001469594,2016-03-08,"{""type"":""MultiPoint"",""coordinates"":[]}"
20160309,-0.001461454,2016-03-09,"{""type"":""MultiPoint"",""coordinates"":[]}"
20160310,-0.001198004,2016-03-10,"{""type"":""MultiPoint"",""coordinates"":[]}"
20160311,-0.001468144,2016-03-11,"{""type"":""MultiPoint"",""coordinates"":[]}"
20160312,-0.001433317,2016-03-12,"{""type"":""MultiPoint"",""coordinates"":[]}"
20160313,-0.001291752,2016-03-13,"{""type"":""MultiPoint"",""coordinates"":[]}"
20160314,-0.00104633,2016-03-14,"{""type"":""MultiPoint"",""coordinates"":[]}"
20160315,-7.69E-04,2016-03-15,"{""type"":""MultiPoint"",""coordinates"":[]}"
20160316,-0.001255157,2016-03-16,"{""type"":""MultiPoint"",""coordinates"":[]}"
20160317,-0.001111657,2016-03-17,"{""type"":""MultiPoint"",""coordinates"":[]}"
20160318,-0.001341433,2016-03-18,"{""type"":""MultiPoint"",""coordinates"":[]}"
20160319,-0.001399758,2016-03-19,"{""type"":""MultiPoint"",""coordinates"":[]}"
20160320,-0.001417708,2016-03-20,"{""type"":""MultiPoint"",""coordinates"":[]}"
20160321,-0.001369549,2016-03-21,"{""type"":""MultiPoint"",""coordinates"":[]}"
20160322,-0.001162909,2016-03-22,"{""type"":""MultiPoint"",""coordinates"":[]}"
20160323,-0.001075976,2016-03-23,"{""type"":""MultiPoint"",""coordinates"":[]}"
20160324,-0.001218425,2016-03-24,"{""type"":""MultiPoint"",""coordinates"":[]}"
20160325,-0.001247052,2016-03-25,"{""type"":""MultiPoint"",""coordinates"":[]}"
20160326,-0.001257874,2016-03-26,"{""type"":""MultiPoint"",""coordinates"":[]}"
20160327,-0.001259078,2016-03-27,"{""type"":""MultiPoint"",""coordinates"":[]}"
20160328,-0.001183969,2016-03-28,"{""type"":""MultiPoint"",""coordinates"":[]}"
20160329,-0.001102981,2016-03-29,"{""type"":""MultiPoint"",""coordinates"":[]}"
20160330,-0.001045589,2016-03-30,"{""type"":""MultiPoint"",""coordinates"":[]}"
20160331,-0.001087892,2016-03-31,"{""type"":""MultiPoint"",""coordinates"":[]}"
20160401,-0.001005459,2016-04-01,"{""type"":""MultiPoint"",""coordinates"":[]}"
20160402,-0.001041397,2016-04-02,"{""type"":""MultiPoint"",""coordinates"":[]}"
20160403,-0.001001905,2016-04-03,"{""type"":""MultiPoint"",""coordinates"":[]}"
20160404,-0.001127695,2016-04-04,"{""type"":""MultiPoint"",""coordinates"":[]}"
20160405,-0.001141907,2016-04-05,"{""type"":""MultiPoint"",""coordinates"":[]}"
20160406,-9.47E-04,2016-04-06,"{""type"":""MultiPoint"",""coordinates"":[]}"
20160407,-9.93E-04,2016-04-07,"{""type"":""MultiPoint"",""coordinates"":[]}"
20160408,-8.31E-04,2016-04-08,"{""type"":""MultiPoint"",""coordinates"":[]}"
20160409,-6.37E-04,2016-04-09,"{""type"":""MultiPoint"",""coordinates"":[]}"
20160410,-7.93E-04,2016-04-10,"{""type"":""MultiPoint"",""coordinates"":[]}"
20160411,-9.63E-04,2016-04-11,"{""type"":""MultiPoint"",""coordinates"":[]}"
20160412,-0.001043868,2016-04-12,"{""type"":""MultiPoint"",""coordinates"":[]}"
20160413,-8.90E-04,2016-04-13,"{""type"":""MultiPoint"",""coordinates"":[]}"
20160414,-9.22E-04,2016-04-14,"{""type"":""MultiPoint"",""coordinates"":[]}"
20160415,-9.63E-04,2016-04-15,"{""type"":""MultiPoint"",""coordinates"":[]}"
20160416,-9.49E-04,2016-04-16,"{""type"":""MultiPoint"",""coordinates"":[]}"
20160417,-9.04E-04,2016-04-17,"{""type"":""MultiPoint"",""coordinates"":[]}"
20160418,-9.54E-04,2016-04-18,"{""type"":""MultiPoint"",""coordinates"":[]}"
20160419,-9.10E-04,2016-04-19,"{""type"":""MultiPoint"",""coordinates"":[]}"
20160420,-9.38E-04,2016-04-20,"{""type"":""MultiPoint"",""coordinates"":[]}"
20160421,-8.81E-04,2016-04-21,"{""type"":""MultiPoint"",""coordinates"":[]}"
20160422,-6.99E-04,2016-04-22,"{""type"":""MultiPoint"",""coordinates"":[]}"
20160423,-8.68E-04,2016-04-23,"{""type"":""MultiPoint"",""coordinates"":[]}"
20160424,-9.52E-04,2016-04-24,"{""type"":""MultiPoint"",""coordinates"":[]}"
20160425,-7.94E-04,2016-04-25,"{""type"":""MultiPoint"",""coordinates"":[]}"
20160426,-8.43E-04,2016-04-26,"{""type"":""MultiPoint"",""coordinates"":[]}"
20160427,-8.58E-04,2016-04-27,"{""type"":""MultiPoint"",""coordinates"":[]}"
20160428,-8.41E-04,2016-04-28,"{""type"":""MultiPoint"",""coordinates"":[]}"
20160429,-8.67E-04,2016-04-29,"{""type"":""MultiPoint"",""coordinates"":[]}"
20160430,-8.95E-04,2016-04-30,"{""type"":""MultiPoint"",""coordinates"":[]}"
20160501,-8.59E-04,2016-05-01,"{""type"":""MultiPoint"",""coordinates"":[]}"
20160502,-6.98E-04,2016-05-02,"{""type"":""MultiPoint"",""coordinates"":[]}"
20160503,-7.19E-04,2016-05-03,"{""type"":""MultiPoint"",""coordinates"":[]}"
20160504,-7.26E-04,2016-05-04,"{""type"":""MultiPoint"",""coordinates"":[]}"
20160505,-7.11E-04,2016-05-05,"{""type"":""MultiPoint"",""coordinates"":[]}"
20160506,-7.84E-04,2016-05-06,"{""type"":""MultiPoint"",""coordinates"":[]}"
20160507,-0.002173568,2016-05-07,"{""type"":""MultiPoint"",""coordinates"":[]}"
20160508,-0.002039791,2016-05-08,"{""type"":""MultiPoint"",""coordinates"":[]}"
20160509,-0.002529707,2016-05-09,"{""type"":""MultiPoint"",""coordinates"":[]}"
20160510,-0.002409956,2016-05-10,"{""type"":""MultiPoint"",""coordinates"":[]}"
20160511,-0.002632682,2016-05-11,"{""type"":""MultiPoint"",""coordinates"":[]}"
20160512,-0.00216838,2016-05-12,"{""type"":""MultiPoint"",""coordinates"":[]}"
20160513,-0.002565515,2016-05-13,"{""type"":""MultiPoint"",""coordinates"":[]}"
20160514,-0.001753479,2016-05-14,"{""type"":""MultiPoint"",""coordinates"":[]}"
20160515,-0.002590094,2016-05-15,"{""type"":""MultiPoint"",""coordinates"":[]}"
20160516,-0.001537767,2016-05-16,"{""type"":""MultiPoint"",""coordinates"":[]}"
20160517,-6.90E-04,2016-05-17,"{""type"":""MultiPoint"",""coordinates"":[]}"
20160518,-8.19E-05,2016-05-18,"{""type"":""MultiPoint"",""coordinates"":[]}"
20160519,-0.001506372,2016-05-19,"{""type"":""MultiPoint"",""coordinates"":[]}"
20160520,-0.001373805,2016-05-20,"{""type"":""MultiPoint"",""coordinates"":[]}"
20160521,-0.003170283,2016-05-21,"{""type"":""MultiPoint"",""coordinates"":[]}"
20160522,-0.003163187,2016-05-22,"{""type"":""MultiPoint"",""coordinates"":[]}"
20160523,-0.002957938,2016-05-23,"{""type"":""MultiPoint"",""coordinates"":[]}"
20160524,-0.002582914,2016-05-24,"{""type"":""MultiPoint"",""coordinates"":[]}"
20160525,-0.002206662,2016-05-25,"{""type"":""MultiPoint"",""coordinates"":[]}"
20160526,-0.002190002,2016-05-26,"{""type"":""MultiPoint"",""coordinates"":[]}"
20160527,-0.001813098,2016-05-27,"{""type"":""MultiPoint"",""coordinates"":[]}"
20160528,-0.002020311,2016-05-28,"{""type"":""MultiPoint"",""coordinates"":[]}"
20160529,-0.001029923,2016-05-29,"{""type"":""MultiPoint"",""coordinates"":[]}"
20160530,-0.002153022,2016-05-30,"{""type"":""MultiPoint"",""coordinates"":[]}"
20160531,-0.002212896,2016-05-31,"{""type"":""MultiPoint"",""coordinates"":[]}"
20160601,-0.002577116,2016-06-01,"{""type"":""MultiPoint"",""coordinates"":[]}"
20160602,-0.001904421,2016-06-02,"{""type"":""MultiPoint"",""coordinates"":[]}"
20160603,-0.002511268,2016-06-03,"{""type"":""MultiPoint"",""coordinates"":[]}"
20160604,-0.002188743,2016-06-04,"{""type"":""MultiPoint"",""coordinates"":[]}"
20160605,-0.001938947,2016-06-05,"{""type"":""MultiPoint"",""coordinates"":[]}"
20160606,-0.002534147,2016-06-06,"{""type"":""MultiPoint"",""coordinates"":[]}"
20160607,-0.001308958,2016-06-07,"{""type"":""MultiPoint"",""coordinates"":[]}"
20160608,-0.002188892,2016-06-08,"{""type"":""MultiPoint"",""coordinates"":[]}"
20160609,-0.001449784,2016-06-09,"{""type"":""MultiPoint"",""coordinates"":[]}"
20160610,-0.002397471,2016-06-10,"{""type"":""MultiPoint"",""coordinates"":[]}"
20160611,-0.002845178,2016-06-11,"{""type"":""MultiPoint"",""coordinates"":[]}"
20160612,-0.002207,2016-06-12,"{""type"":""MultiPoint"",""coordinates"":[]}"
20160613,-0.001633384,2016-06-13,"{""type"":""MultiPoint"",""coordinates"":[]}"
20160614,-0.002516104,2016-06-14,"{""type"":""MultiPoint"",""coordinates"":[]}"
20160615,-0.002943175,2016-06-15,"{""type"":""MultiPoint"",""coordinates"":[]}"
20160616,-0.002121735,2016-06-16,"{""type"":""MultiPoint"",""coordinates"":[]}"
20160617,-0.001965069,2016-06-17,"{""type"":""MultiPoint"",""coordinates"":[]}"
20160618,-0.002213569,2016-06-18,"{""type"":""MultiPoint"",""coordinates"":[]}"
20160619,-0.001251935,2016-06-19,"{""type"":""MultiPoint"",""coordinates"":[]}"
20160620,-0.001798753,2016-06-20,"{""type"":""MultiPoint"",""coordinates"":[]}"
20160621,-8.82E-04,2016-06-21,"{""type"":""MultiPoint"",""coordinates"":[]}"
20160622,-8.13E-04,2016-06-22,"{""type"":""MultiPoint"",""coordinates"":[]}"
20160623,-0.001134599,2016-06-23,"{""type"":""MultiPoint"",""coordinates"":[]}"
20160624,-0.001265009,2016-06-24,"{""type"":""MultiPoint"",""coordinates"":[]}"
20160625,-0.001691127,2016-06-25,"{""type"":""MultiPoint"",""coordinates"":[]}"
20160626,-0.001438713,2016-06-26,"{""type"":""MultiPoint"",""coordinates"":[]}"
20160627,-8.70E-04,2016-06-27,"{""type"":""MultiPoint"",""coordinates"":[]}"
20160628,-7.04E-05,2016-06-28,"{""type"":""MultiPoint"",""coordinates"":[]}"
20160629,-4.70E-07,2016-06-29,"{""type"":""MultiPoint"",""coordinates"":[]}"
20160630,-0.001422335,2016-06-30,"{""type"":""MultiPoint"",""coordinates"":[]}"
20160701,-0.002240082,2016-07-01,"{""type"":""MultiPoint"",""coordinates"":[]}"
20160702,-0.002410606,2016-07-02,"{""type"":""MultiPoint"",""coordinates"":[]}"
20160703,-0.002337233,2016-07-03,"{""type"":""MultiPoint"",""coordinates"":[]}"
20160704,-0.001054232,2016-07-04,"{""type"":""MultiPoint"",""coordinates"":[]}"
20160705,-8.79E-04,2016-07-05,"{""type"":""MultiPoint"",""coordinates"":[]}"
20160706,-0.001066856,2016-07-06,"{""type"":""MultiPoint"",""coordinates"":[]}"
20160707,-0.001614569,2016-07-07,"{""type"":""MultiPoint"",""coordinates"":[]}"
20160708,-0.002063915,2016-07-08,"{""type"":""MultiPoint"",""coordinates"":[]}"
20160709,-0.002280572,2016-07-09,"{""type"":""MultiPoint"",""coordinates"":[]}"
20160710,-0.002501925,2016-07-10,"{""type"":""MultiPoint"",""coordinates"":[]}"
20160711,-0.002097692,2016-07-11,"{""type"":""MultiPoint"",""coordinates"":[]}"
20160712,-0.002080837,2016-07-12,"{""type"":""MultiPoint"",""coordinates"":[]}"
20160713,-0.002276893,2016-07-13,"{""type"":""MultiPoint"",""coordinates"":[]}"
20160714,-0.002363533,2016-07-14,"{""type"":""MultiPoint"",""coordinates"":[]}"
20160715,-0.00235621,2016-07-15,"{""type"":""MultiPoint"",""coordinates"":[]}"
20160716,-0.002013167,2016-07-16,"{""type"":""MultiPoint"",""coordinates"":[]}"
20160717,-0.001888376,2016-07-17,"{""type"":""MultiPoint"",""coordinates"":[]}"
20160718,-0.001583177,2016-07-18,"{""type"":""MultiPoint"",""coordinates"":[]}"
20160719,-0.001940402,2016-07-19,"{""type"":""MultiPoint"",""coordinates"":[]}"
20160720,-0.001548473,2016-07-20,"{""type"":""MultiPoint"",""coordinates"":[]}"
20160721,-8.80E-04,2016-07-21,"{""type"":""MultiPoint"",""coordinates"":[]}"
20160722,-0.001070159,2016-07-22,"{""type"":""MultiPoint"",""coordinates"":[]}"
20160723,-0.001515579,2016-07-23,"{""type"":""MultiPoint"",""coordinates"":[]}"
20160724,-0.001149783,2016-07-24,"{""type"":""MultiPoint"",""coordinates"":[]}"
20160725,-0.002205178,2016-07-25,"{""type"":""MultiPoint"",""coordinates"":[]}"
20160726,-0.001579361,2016-07-26,"{""type"":""MultiPoint"",""coordinates"":[]}"
20160727,-0.002343137,2016-07-27,"{""type"":""MultiPoint"",""coordinates"":[]}"
20160728,-0.001878426,2016-07-28,"{""type"":""MultiPoint"",""coordinates"":[]}"
20160729,-8.94E-04,2016-07-29,"{""type"":""MultiPoint"",""coordinates"":[]}"
20160730,-7.42E-04,2016-07-30,"{""type"":""MultiPoint"",""coordinates"":[]}"
20160731,-0.001368147,2016-07-31,"{""type"":""MultiPoint"",""coordinates"":[]}"
20160801,-0.001831894,2016-08-01,"{""type"":""MultiPoint"",""coordinates"":[]}"
20160802,-0.002139068,2016-08-02,"{""type"":""MultiPoint"",""coordinates"":[]}"
20160803,-0.002472779,2016-08-03,"{""type"":""MultiPoint"",""coordinates"":[]}"
20160804,-0.002268357,2016-08-04,"{""type"":""MultiPoint"",""coordinates"":[]}"
20160805,-0.002049799,2016-08-05,"{""type"":""MultiPoint"",""coordinates"":[]}"
20160806,-0.002497473,2016-08-06,"{""type"":""MultiPoint"",""coordinates"":[]}"
20160807,-0.002190164,2016-08-07,"{""type"":""MultiPoint"",""coordinates"":[]}"
20160808,-0.002403133,2016-08-08,"{""type"":""MultiPoint"",""coordinates"":[]}"
20160809,-0.00245553,2016-08-09,"{""type"":""MultiPoint"",""coordinates"":[]}"
20160810,-0.00257666,2016-08-10,"{""type"":""MultiPoint"",""coordinates"":[]}"
20160811,-0.002529719,2016-08-11,"{""type"":""MultiPoint"",""coordinates"":[]}"
20160812,-0.002130467,2016-08-12,"{""type"":""MultiPoint"",""coordinates"":[]}"
20160813,-0.00197492,2016-08-13,"{""type"":""MultiPoint"",""coordinates"":[]}"
20160814,-0.002298771,2016-08-14,"{""type"":""MultiPoint"",""coordinates"":[]}"
20160815,-0.001813509,2016-08-15,"{""type"":""MultiPoint"",""coordinates"":[]}"
20160816,-0.002102736,2016-08-16,"{""type"":""MultiPoint"",""coordinates"":[]}"
20160817,-0.002109907,2016-08-17,"{""type"":""MultiPoint"",""coordinates"":[]}"
20160818,-0.002042595,2016-08-18,"{""type"":""MultiPoint"",""coordinates"":[]}"
20160819,-0.00228914,2016-08-19,"{""type"":""MultiPoint"",""coordinates"":[]}"
20160820,-0.002737655,2016-08-20,"{""type"":""MultiPoint"",""coordinates"":[]}"
20160821,-0.002919826,2016-08-21,"{""type"":""MultiPoint"",""coordinates"":[]}"
20160822,-0.002150741,2016-08-22,"{""type"":""MultiPoint"",""coordinates"":[]}"
20160823,-0.002411649,2016-08-23,"{""type"":""MultiPoint"",""coordinates"":[]}"
20160824,-0.002168511,2016-08-24,"{""type"":""MultiPoint"",""coordinates"":[]}"
20160825,-0.001657279,2016-08-25,"{""type"":""MultiPoint"",""coordinates"":[]}"
20160826,-0.001702304,2016-08-26,"{""type"":""MultiPoint"",""coordinates"":[]}"
20160827,-0.001530366,2016-08-27,"{""type"":""MultiPoint"",""coordinates"":[]}"
20160828,-0.001615315,2016-08-28,"{""type"":""MultiPoint"",""coordinates"":[]}"
20160829,-0.002522722,2016-08-29,"{""type"":""MultiPoint"",""coordinates"":[]}"
20160830,-0.001275678,2016-08-30,"{""type"":""MultiPoint"",""coordinates"":[]}"
20160831,-0.001281374,2016-08-31,"{""type"":""MultiPoint"",""coordinates"":[]}"
20160901,-0.001712377,2016-09-01,"{""type"":""MultiPoint"",""coordinates"":[]}"
20160902,-0.002248034,2016-09-02,"{""type"":""MultiPoint"",""coordinates"":[]}"
20160903,-0.001859169,2016-09-03,"{""type"":""MultiPoint"",""coordinates"":[]}"
20160904,-0.002130465,2016-09-04,"{""type"":""MultiPoint"",""coordinates"":[]}"
20160905,-0.002602224,2016-09-05,"{""type"":""MultiPoint"",""coordinates"":[]}"
20160906,-0.002243753,2016-09-06,"{""type"":""MultiPoint"",""coordinates"":[]}"
20160907,-0.002799935,2016-09-07,"{""type"":""MultiPoint"",""coordinates"":[]}"
20160908,-0.003185168,2016-09-08,"{""type"":""MultiPoint"",""coordinates"":[]}"
20160909,-0.002746142,2016-09-09,"{""type"":""MultiPoint"",""coordinates"":[]}"
20160910,-0.002912409,2016-09-10,"{""type"":""MultiPoint"",""coordinates"":[]}"
20160911,-0.002700543,2016-09-11,"{""type"":""MultiPoint"",""coordinates"":[]}"
20160912,-0.002221762,2016-09-12,"{""type"":""MultiPoint"",""coordinates"":[]}"
20160913,-0.001935516,2016-09-13,"{""type"":""MultiPoint"",""coordinates"":[]}"
20160914,-0.002047069,2016-09-14,"{""type"":""MultiPoint"",""coordinates"":[]}"
20160915,-0.001983465,2016-09-15,"{""type"":""MultiPoint"",""coordinates"":[]}"
20160916,-0.001883967,2016-09-16,"{""type"":""MultiPoint"",""coordinates"":[]}"
20160917,-0.002494759,2016-09-17,"{""type"":""MultiPoint"",""coordinates"":[]}"
20160918,-0.002273014,2016-09-18,"{""type"":""MultiPoint"",""coordinates"":[]}"
20160919,-0.002520601,2016-09-19,"{""type"":""MultiPoint"",""coordinates"":[]}"
20160920,-0.002100302,2016-09-20,"{""type"":""MultiPoint"",""coordinates"":[]}"
20160921,-9.69E-04,2016-09-21,"{""type"":""MultiPoint"",""coordinates"":[]}"
20160922,-0.001645275,2016-09-22,"{""type"":""MultiPoint"",""coordinates"":[]}"
20160923,-0.002004844,2016-09-23,"{""type"":""MultiPoint"",""coordinates"":[]}"
20160924,-0.001447943,2016-09-24,"{""type"":""MultiPoint"",""coordinates"":[]}"
20160925,-0.001589874,2016-09-25,"{""type"":""MultiPoint"",""coordinates"":[]}"
20160926,-0.00202407,2016-09-26,"{""type"":""MultiPoint"",""coordinates"":[]}"
20160927,-0.001666693,2016-09-27,"{""type"":""MultiPoint"",""coordinates"":[]}"
20160928,-0.001201863,2016-09-28,"{""type"":""MultiPoint"",""coordinates"":[]}"
20160929,-0.002166759,2016-09-29,"{""type"":""MultiPoint"",""coordinates"":[]}"
20160930,-0.002660863,2016-09-30,"{""type"":""MultiPoint"",""coordinates"":[]}"
20161001,-0.002335932,2016-10-01,"{""type"":""MultiPoint"",""coordinates"":[]}"
20161002,-0.003192903,2016-10-02,"{""type"":""MultiPoint"",""coordinates"":[]}"
20161003,-0.003139699,2016-10-03,"{""type"":""MultiPoint"",""coordinates"":[]}"
20161004,-0.002641916,2016-10-04,"{""type"":""MultiPoint"",""coordinates"":[]}"
20161005,-0.003119394,2016-10-05,"{""type"":""MultiPoint"",""coordinates"":[]}"
20161006,-0.00286511,2016-10-06,"{""type"":""MultiPoint"",""coordinates"":[]}"
20161007,-0.003067767,2016-10-07,"{""type"":""MultiPoint"",""coordinates"":[]}"
20161008,-0.002917862,2016-10-08,"{""type"":""MultiPoint"",""coordinates"":[]}"
20161009,-0.002306025,2016-10-09,"{""type"":""MultiPoint"",""coordinates"":[]}"
20161010,-0.001721418,2016-10-10,"{""type"":""MultiPoint"",""coordinates"":[]}"
20161011,-0.002186938,2016-10-11,"{""type"":""MultiPoint"",""coordinates"":[]}"
20161012,-0.00126468,2016-10-12,"{""type"":""MultiPoint"",""coordinates"":[]}"
20161013,-0.002030818,2016-10-13,"{""type"":""MultiPoint"",""coordinates"":[]}"
20161014,-0.00318536,2016-10-14,"{""type"":""MultiPoint"",""coordinates"":[]}"
20161015,-0.003411125,2016-10-15,"{""type"":""MultiPoint"",""coordinates"":[]}"
20161016,-0.003354435,2016-10-16,"{""type"":""MultiPoint"",""coordinates"":[]}"
20161017,-0.003306301,2016-10-17,"{""type"":""MultiPoint"",""coordinates"":[]}"
20161018,-0.003286516,2016-10-18,"{""type"":""MultiPoint"",""coordinates"":[]}"
20161019,-0.00333017,2016-10-19,"{""type"":""MultiPoint"",""coordinates"":[]}"
20161020,-0.003173538,2016-10-20,"{""type"":""MultiPoint"",""coordinates"":[]}"
20161021,-0.00299761,2016-10-21,"{""type"":""MultiPoint"",""coordinates"":[]}"
20161022,-0.002979691,2016-10-22,"{""type"":""MultiPoint"",""coordinates"":[]}"
20161023,-0.0027756,2016-10-23,"{""type"":""MultiPoint"",""coordinates"":[]}"
20161024,-0.002668971,2016-10-24,"{""type"":""MultiPoint"",""coordinates"":[]}"
20161025,-0.002550824,2016-10-25,"{""type"":""MultiPoint"",""coordinates"":[]}"
20161026,-0.002564163,2016-10-26,"{""type"":""MultiPoint"",""coordinates"":[]}"
20161027,-0.002050469,2016-10-27,"{""type"":""MultiPoint"",""coordinates"":[]}"
20161028,-0.00227736,2016-10-28,"{""type"":""MultiPoint"",""coordinates"":[]}"
20161029,-0.00229768,2016-10-29,"{""type"":""MultiPoint"",""coordinates"":[]}"
20161030,-0.001654248,2016-10-30,"{""type"":""MultiPoint"",""coordinates"":[]}"
20161031,-0.001418661,2016-10-31,"{""type"":""MultiPoint"",""coordinates"":[]}"
20161101,-0.001124229,2016-11-01,"{""type"":""MultiPoint"",""coordinates"":[]}"
20161102,-0.001251747,2016-11-02,"{""type"":""MultiPoint"",""coordinates"":[]}"
20161103,-0.001829203,2016-11-03,"{""type"":""MultiPoint"",""coordinates"":[]}"
20161104,-0.002004225,2016-11-04,"{""type"":""MultiPoint"",""coordinates"":[]}"
20161105,-0.002080145,2016-11-05,"{""type"":""MultiPoint"",""coordinates"":[]}"
20161106,-0.002087204,2016-11-06,"{""type"":""MultiPoint"",""coordinates"":[]}"
20161107,-0.001695539,2016-11-07,"{""type"":""MultiPoint"",""coordinates"":[]}"
20161108,-0.001967007,2016-11-08,"{""type"":""MultiPoint"",""coordinates"":[]}"
20161109,-0.001887288,2016-11-09,"{""type"":""MultiPoint"",""coordinates"":[]}"
20161110,-0.001872727,2016-11-10,"{""type"":""MultiPoint"",""coordinates"":[]}"
20161111,-0.00182772,2016-11-11,"{""type"":""MultiPoint"",""coordinates"":[]}"
20161112,-0.001537734,2016-11-12,"{""type"":""MultiPoint"",""coordinates"":[]}"
20161113,-0.001358469,2016-11-13,"{""type"":""MultiPoint"",""coordinates"":[]}"
20161114,-0.001124288,2016-11-14,"{""type"":""MultiPoint"",""coordinates"":[]}"
20161115,-0.001331727,2016-11-15,"{""type"":""MultiPoint"",""coordinates"":[]}"
20161116,-0.001171008,2016-11-16,"{""type"":""MultiPoint"",""coordinates"":[]}"
20161117,-9.44E-04,2016-11-17,"{""type"":""MultiPoint"",""coordinates"":[]}"
20161118,-0.001390731,2016-11-18,"{""type"":""MultiPoint"",""coordinates"":[]}"
20161119,-0.001386766,2016-11-19,"{""type"":""MultiPoint"",""coordinates"":[]}"
20161120,-0.001436917,2016-11-20,"{""type"":""MultiPoint"",""coordinates"":[]}"
20161121,-0.001454134,2016-11-21,"{""type"":""MultiPoint"",""coordinates"":[]}"
20161122,-0.001458731,2016-11-22,"{""type"":""MultiPoint"",""coordinates"":[]}"
20161123,-0.001411945,2016-11-23,"{""type"":""MultiPoint"",""coordinates"":[]}"
20161124,-0.001402157,2016-11-24,"{""type"":""MultiPoint"",""coordinates"":[]}"
20161125,-0.001381479,2016-11-25,"{""type"":""MultiPoint"",""coordinates"":[]}"
20161126,-0.001363189,2016-11-26,"{""type"":""MultiPoint"",""coordinates"":[]}"
20161127,-0.001335737,2016-11-27,"{""type"":""MultiPoint"",""coordinates"":[]}"
20161128,-0.001339412,2016-11-28,"{""type"":""MultiPoint"",""coordinates"":[]}"
20161129,-0.001154251,2016-11-29,"{""type"":""MultiPoint"",""coordinates"":[]}"
20161130,-9.71E-04,2016-11-30,"{""type"":""MultiPoint"",""coordinates"":[]}"
20161201,-6.33E-04,2016-12-01,"{""type"":""MultiPoint"",""coordinates"":[]}"
20161202,-5.10E-04,2016-12-02,"{""type"":""MultiPoint"",""coordinates"":[]}"
20161203,-4.75E-04,2016-12-03,"{""type"":""MultiPoint"",""coordinates"":[]}"
20161204,-0.001167825,2016-12-04,"{""type"":""MultiPoint"",""coordinates"":[]}"
20161205,-0.001132274,2016-12-05,"{""type"":""MultiPoint"",""coordinates"":[]}"
20161206,-0.001408589,2016-12-06,"{""type"":""MultiPoint"",""coordinates"":[]}"
20161207,-0.001306929,2016-12-07,"{""type"":""MultiPoint"",""coordinates"":[]}"
20161208,-0.001105709,2016-12-08,"{""type"":""MultiPoint"",""coordinates"":[]}"
20161209,-0.001452287,2016-12-09,"{""type"":""MultiPoint"",""coordinates"":[]}"
20161210,-0.001370297,2016-12-10,"{""type"":""MultiPoint"",""coordinates"":[]}"
20161211,-0.001264754,2016-12-11,"{""type"":""MultiPoint"",""coordinates"":[]}"
20161212,-6.38E-04,2016-12-12,"{""type"":""MultiPoint"",""coordinates"":[]}"
20161213,-1.23E-05,2016-12-13,"{""type"":""MultiPoint"",""coordinates"":[]}"
20161214,-0.001281077,2016-12-14,"{""type"":""MultiPoint"",""coordinates"":[]}"
20161215,-0.002325563,2016-12-15,"{""type"":""MultiPoint"",""coordinates"":[]}"
20161216,-0.001222448,2016-12-16,"{""type"":""MultiPoint"",""coordinates"":[]}"
20161217,-0.002121051,2016-12-17,"{""type"":""MultiPoint"",""coordinates"":[]}"
20161218,-0.002417222,2016-12-18,"{""type"":""MultiPoint"",""coordinates"":[]}"
20161219,-0.002472887,2016-12-19,"{""type"":""MultiPoint"",""coordinates"":[]}"
20161220,-0.002276004,2016-12-20,"{""type"":""MultiPoint"",""coordinates"":[]}"
20161221,-0.002179902,2016-12-21,"{""type"":""MultiPoint"",""coordinates"":[]}"
20161222,-0.002381623,2016-12-22,"{""type"":""MultiPoint"",""coordinates"":[]}"
20161223,-0.002302499,2016-12-23,"{""type"":""MultiPoint"",""coordinates"":[]}"
20161224,-0.002203431,2016-12-24,"{""type"":""MultiPoint"",""coordinates"":[]}"
20161225,-0.002037438,2016-12-25,"{""type"":""MultiPoint"",""coordinates"":[]}"
20161226,-0.001994093,2016-12-26,"{""type"":""MultiPoint"",""coordinates"":[]}"
20161227,-0.00188113,2016-12-27,"{""type"":""MultiPoint"",""coordinates"":[]}"
20161228,-0.00156995,2016-12-28,"{""type"":""MultiPoint"",""coordinates"":[]}"
20161229,-0.001670392,2016-12-29,"{""type"":""MultiPoint"",""coordinates"":[]}"
20161230,-0.001514523,2016-12-30,"{""type"":""MultiPoint"",""coordinates"":[]}"
20161231,-0.001507045,2016-12-31,"{""type"":""MultiPoint"",""coordinates"":[]}"
20170101,-0.001407395,2017-01-01,"{""type"":""MultiPoint"",""coordinates"":[]}"
20170102,-0.00132756,2017-01-02,"{""type"":""MultiPoint"",""coordinates"":[]}"
20170103,-0.001410311,2017-01-03,"{""type"":""MultiPoint"",""coordinates"":[]}"
20170104,-0.001339723,2017-01-04,"{""type"":""MultiPoint"",""coordinates"":[]}"
20170105,-0.001284126,2017-01-05,"{""type"":""MultiPoint"",""coordinates"":[]}"
20170106,-0.001278943,2017-01-06,"{""type"":""MultiPoint"",""coordinates"":[]}"
20170107,-0.001180288,2017-01-07,"{""type"":""MultiPoint"",""coordinates"":[]}"
20170108,-0.001158448,2017-01-08,"{""type"":""MultiPoint"",""coordinates"":[]}"
20170109,-0.001109535,2017-01-09,"{""type"":""MultiPoint"",""coordinates"":[]}"
20170110,-9.80E-04,2017-01-10,"{""type"":""MultiPoint"",""coordinates"":[]}"
20170111,-8.54E-04,2017-01-11,"{""type"":""MultiPoint"",""coordinates"":[]}"
20170112,-7.54E-04,2017-01-12,"{""type"":""MultiPoint"",""coordinates"":[]}"
20170113,-7.28E-04,2017-01-13,"{""type"":""MultiPoint"",""coordinates"":[]}"
20170114,-6.80E-04,2017-01-14,"{""type"":""MultiPoint"",""coordinates"":[]}"
20170115,-7.75E-04,2017-01-15,"{""type"":""MultiPoint"",""coordinates"":[]}"
20170116,-9.00E-04,2017-01-16,"{""type"":""MultiPoint"",""coordinates"":[]}"
20170117,-9.22E-04,2017-01-17,"{""type"":""MultiPoint"",""coordinates"":[]}"
20170118,-8.93E-04,2017-01-18,"{""type"":""MultiPoint"",""coordinates"":[]}"
20170119,-7.09E-04,2017-01-19,"{""type"":""MultiPoint"",""coordinates"":[]}"
20170120,-6.74E-04,2017-01-20,"{""type"":""MultiPoint"",""coordinates"":[]}"
20170121,-3.28E-04,2017-01-21,"{""type"":""MultiPoint"",""coordinates"":[]}"
20170122,-7.63E-04,2017-01-22,"{""type"":""MultiPoint"",""coordinates"":[]}"
20170123,-7.92E-04,2017-01-23,"{""type"":""MultiPoint"",""coordinates"":[]}"
20170124,-7.60E-04,2017-01-24,"{""type"":""MultiPoint"",""coordinates"":[]}"
20170125,-6.11E-04,2017-01-25,"{""type"":""MultiPoint"",""coordinates"":[]}"
20170126,-1.59E-04,2017-01-26,"{""type"":""MultiPoint"",""coordinates"":[]}"
20170127,-2.74E-04,2017-01-27,"{""type"":""MultiPoint"",""coordinates"":[]}"
20170128,-8.48E-04,2017-01-28,"{""type"":""MultiPoint"",""coordinates"":[]}"
20170129,-0.001713417,2017-01-29,"{""type"":""MultiPoint"",""coordinates"":[]}"
20170130,-0.001678496,2017-01-30,"{""type"":""MultiPoint"",""coordinates"":[]}"
20170131,-0.001711261,2017-01-31,"{""type"":""MultiPoint"",""coordinates"":[]}"
20170201,-0.001587573,2017-02-01,"{""type"":""MultiPoint"",""coordinates"":[]}"
20170202,-0.001420662,2017-02-02,"{""type"":""MultiPoint"",""coordinates"":[]}"
20170203,-0.001210235,2017-02-03,"{""type"":""MultiPoint"",""coordinates"":[]}"
20170204,-0.001133393,2017-02-04,"{""type"":""MultiPoint"",""coordinates"":[]}"
20170205,-0.001133777,2017-02-05,"{""type"":""MultiPoint"",""coordinates"":[]}"
20170206,-0.001059093,2017-02-06,"{""type"":""MultiPoint"",""coordinates"":[]}"
20170207,-0.001075505,2017-02-07,"{""type"":""MultiPoint"",""coordinates"":[]}"
20170208,-0.001039064,2017-02-08,"{""type"":""MultiPoint"",""coordinates"":[]}"
20170209,-9.89E-04,2017-02-09,"{""type"":""MultiPoint"",""coordinates"":[]}"
20170210,-9.93E-04,2017-02-10,"{""type"":""MultiPoint"",""coordinates"":[]}"
20170211,-9.35E-04,2017-02-11,"{""type"":""MultiPoint"",""coordinates"":[]}"
20170212,-8.39E-04,2017-02-12,"{""type"":""MultiPoint"",""coordinates"":[]}"
20170213,-7.12E-04,2017-02-13,"{""type"":""MultiPoint"",""coordinates"":[]}"
20170214,-4.74E-04,2017-02-14,"{""type"":""MultiPoint"",""coordinates"":[]}"
20170215,-7.48E-04,2017-02-15,"{""type"":""MultiPoint"",""coordinates"":[]}"
20170216,-7.29E-04,2017-02-16,"{""type"":""MultiPoint"",""coordinates"":[]}"
20170217,-6.89E-04,2017-02-17,"{""type"":""MultiPoint"",""coordinates"":[]}"
20170218,-7.39E-04,2017-02-18,"{""type"":""MultiPoint"",""coordinates"":[]}"
20170219,-8.00E-04,2017-02-19,"{""type"":""MultiPoint"",""coordinates"":[]}"
20170220,-8.67E-04,2017-02-20,"{""type"":""MultiPoint"",""coordinates"":[]}"
20170221,-8.45E-04,2017-02-21,"{""type"":""MultiPoint"",""coordinates"":[]}"
20170222,-9.00E-04,2017-02-22,"{""type"":""MultiPoint"",""coordinates"":[]}"
20170223,-8.30E-04,2017-02-23,"{""type"":""MultiPoint"",""coordinates"":[]}"
20170224,-7.99E-04,2017-02-24,"{""type"":""MultiPoint"",""coordinates"":[]}"
20170225,-8.01E-04,2017-02-25,"{""type"":""MultiPoint"",""coordinates"":[]}"
20170226,-7.56E-04,2017-02-26,"{""type"":""MultiPoint"",""coordinates"":[]}"
20170227,-6.36E-04,2017-02-27,"{""type"":""MultiPoint"",""coordinates"":[]}"
20170228,-6.96E-04,2017-02-28,"{""type"":""MultiPoint"",""coordinates"":[]}"
20170301,-6.62E-04,2017-03-01,"{""type"":""MultiPoint"",""coordinates"":[]}"
20170302,-7.26E-04,2017-03-02,"{""type"":""MultiPoint"",""coordinates"":[]}"
20170303,-6.38E-04,2017-03-03,"{""type"":""MultiPoint"",""coordinates"":[]}"
20170304,-6.04E-04,2017-03-04,"{""type"":""MultiPoint"",""coordinates"":[]}"
20170305,-5.22E-04,2017-03-05,"{""type"":""MultiPoint"",""coordinates"":[]}"
20170306,-3.96E-04,2017-03-06,"{""type"":""MultiPoint"",""coordinates"":[]}"
20170307,-9.74E-04,2017-03-07,"{""type"":""MultiPoint"",""coordinates"":[]}"
20170308,-0.001178416,2017-03-08,"{""type"":""MultiPoint"",""coordinates"":[]}"
20170309,-0.001110489,2017-03-09,"{""type"":""MultiPoint"",""coordinates"":[]}"
20170310,-0.001042169,2017-03-10,"{""type"":""MultiPoint"",""coordinates"":[]}"
20170311,-0.001036364,2017-03-11,"{""type"":""MultiPoint"",""coordinates"":[]}"
20170312,-0.001050254,2017-03-12,"{""type"":""MultiPoint"",""coordinates"":[]}"
20170313,-7.93E-04,2017-03-13,"{""type"":""MultiPoint"",""coordinates"":[]}"
20170314,-3.93E-04,2017-03-14,"{""type"":""MultiPoint"",""coordinates"":[]}"
20170315,-6.99E-04,2017-03-15,"{""type"":""MultiPoint"",""coordinates"":[]}"
20170316,-8.59E-04,2017-03-16,"{""type"":""MultiPoint"",""coordinates"":[]}"
20170317,-8.66E-04,2017-03-17,"{""type"":""MultiPoint"",""coordinates"":[]}"
20170318,-8.98E-04,2017-03-18,"{""type"":""MultiPoint"",""coordinates"":[]}"
20170319,-8.30E-04,2017-03-19,"{""type"":""MultiPoint"",""coordinates"":[]}"
20170320,-6.16E-04,2017-03-20,"{""type"":""MultiPoint"",""coordinates"":[]}"
20170321,-4.92E-04,2017-03-21,"{""type"":""MultiPoint"",""coordinates"":[]}"
20170322,-6.41E-04,2017-03-22,"{""type"":""MultiPoint"",""coordinates"":[]}"
20170323,-7.46E-04,2017-03-23,"{""type"":""MultiPoint"",""coordinates"":[]}"
20170324,-7.29E-04,2017-03-24,"{""type"":""MultiPoint"",""coordinates"":[]}"
20170325,-7.50E-04,2017-03-25,"{""type"":""MultiPoint"",""coordinates"":[]}"
20170326,-7.29E-04,2017-03-26,"{""type"":""MultiPoint"",""coordinates"":[]}"
20170327,-7.05E-04,2017-03-27,"{""type"":""MultiPoint"",""coordinates"":[]}"
20170328,-6.90E-04,2017-03-28,"{""type"":""MultiPoint"",""coordinates"":[]}"
20170329,-6.76E-04,2017-03-29,"{""type"":""MultiPoint"",""coordinates"":[]}"
20170330,-6.88E-04,2017-03-30,"{""type"":""MultiPoint"",""coordinates"":[]}"
20170331,-6.38E-04,2017-03-31,"{""type"":""MultiPoint"",""coordinates"":[]}"
20170401,-7.04E-04,2017-04-01,"{""type"":""MultiPoint"",""coordinates"":[]}"
20170402,-6.76E-04,2017-04-02,"{""type"":""MultiPoint"",""coordinates"":[]}"
20170403,-6.41E-04,2017-04-03,"{""type"":""MultiPoint"",""coordinates"":[]}"
20170404,-5.94E-04,2017-04-04,"{""type"":""MultiPoint"",""coordinates"":[]}"
20170405,-5.12E-04,2017-04-05,"{""type"":""MultiPoint"",""coordinates"":[]}"
20170406,-5.76E-04,2017-04-06,"{""type"":""MultiPoint"",""coordinates"":[]}"
20170407,-5.08E-04,2017-04-07,"{""type"":""MultiPoint"",""coordinates"":[]}"
20170408,-5.64E-04,2017-04-08,"{""type"":""MultiPoint"",""coordinates"":[]}"
20170409,-5.54E-04,2017-04-09,"{""type"":""MultiPoint"",""coordinates"":[]}"
20170410,-5.66E-04,2017-04-10,"{""type"":""MultiPoint"",""coordinates"":[]}"
20170411,-5.70E-04,2017-04-11,"{""type"":""MultiPoint"",""coordinates"":[]}"
20170412,-5.77E-04,2017-04-12,"{""type"":""MultiPoint"",""coordinates"":[]}"
20170413,-6.70E-04,2017-04-13,"{""type"":""MultiPoint"",""coordinates"":[]}"
20170414,-6.53E-04,2017-04-14,"{""type"":""MultiPoint"",""coordinates"":[]}"
20170415,-5.46E-04,2017-04-15,"{""type"":""MultiPoint"",""coordinates"":[]}"
20170416,-5.09E-04,2017-04-16,"{""type"":""MultiPoint"",""coordinates"":[]}"
20170417,-4.79E-04,2017-04-17,"{""type"":""MultiPoint"",""coordinates"":[]}"
20170418,-5.20E-04,2017-04-18,"{""type"":""MultiPoint"",""coordinates"":[]}"
20170419,-4.56E-04,2017-04-19,"{""type"":""MultiPoint"",""coordinates"":[]}"
20170420,-3.85E-04,2017-04-20,"{""type"":""MultiPoint"",""coordinates"":[]}"
20170421,-5.07E-04,2017-04-21,"{""type"":""MultiPoint"",""coordinates"":[]}"
20170422,-9.60E-04,2017-04-22,"{""type"":""MultiPoint"",""coordinates"":[]}"
20170423,-9.37E-04,2017-04-23,"{""type"":""MultiPoint"",""coordinates"":[]}"
20170424,-6.96E-04,2017-04-24,"{""type"":""MultiPoint"",""coordinates"":[]}"
20170425,-6.21E-04,2017-04-25,"{""type"":""MultiPoint"",""coordinates"":[]}"
20170426,-7.17E-04,2017-04-26,"{""type"":""MultiPoint"",""coordinates"":[]}"
20170427,-6.06E-04,2017-04-27,"{""type"":""MultiPoint"",""coordinates"":[]}"
20170428,-6.03E-04,2017-04-28,"{""type"":""MultiPoint"",""coordinates"":[]}"
20170429,-6.80E-04,2017-04-29,"{""type"":""MultiPoint"",""coordinates"":[]}"
20170430,-9.24E-04,2017-04-30,"{""type"":""MultiPoint"",""coordinates"":[]}"
20170501,-7.22E-04,2017-05-01,"{""type"":""MultiPoint"",""coordinates"":[]}"
20170502,-0.001050434,2017-05-02,"{""type"":""MultiPoint"",""coordinates"":[]}"
20170503,-9.55E-04,2017-05-03,"{""type"":""MultiPoint"",""coordinates"":[]}"
20170504,-9.37E-04,2017-05-04,"{""type"":""MultiPoint"",""coordinates"":[]}"
20170505,-8.10E-04,2017-05-05,"{""type"":""MultiPoint"",""coordinates"":[]}"
20170506,-6.40E-04,2017-05-06,"{""type"":""MultiPoint"",""coordinates"":[]}"
20170507,-6.50E-04,2017-05-07,"{""type"":""MultiPoint"",""coordinates"":[]}"
20170508,-0.001419744,2017-05-08,"{""type"":""MultiPoint"",""coordinates"":[]}"
20170509,-0.00139536,2017-05-09,"{""type"":""MultiPoint"",""coordinates"":[]}"
20170510,-0.001351944,2017-05-10,"{""type"":""MultiPoint"",""coordinates"":[]}"
20170511,-0.001576602,2017-05-11,"{""type"":""MultiPoint"",""coordinates"":[]}"
20170512,-0.001862783,2017-05-12,"{""type"":""MultiPoint"",""coordinates"":[]}"
20170513,-0.002582438,2017-05-13,"{""type"":""MultiPoint"",""coordinates"":[]}"
20170514,-0.002157311,2017-05-14,"{""type"":""MultiPoint"",""coordinates"":[]}"
20170515,-0.002420489,2017-05-15,"{""type"":""MultiPoint"",""coordinates"":[]}"
20170516,-0.002999428,2017-05-16,"{""type"":""MultiPoint"",""coordinates"":[]}"
20170517,-0.002740403,2017-05-17,"{""type"":""MultiPoint"",""coordinates"":[]}"
20170518,-0.00261728,2017-05-18,"{""type"":""MultiPoint"",""coordinates"":[]}"
20170519,-0.002960098,2017-05-19,"{""type"":""MultiPoint"",""coordinates"":[]}"
20170520,-0.002976765,2017-05-20,"{""type"":""MultiPoint"",""coordinates"":[]}"
20170521,-0.00211476,2017-05-21,"{""type"":""MultiPoint"",""coordinates"":[]}"
20170522,-0.00248837,2017-05-22,"{""type"":""MultiPoint"",""coordinates"":[]}"
20170523,-0.002823451,2017-05-23,"{""type"":""MultiPoint"",""coordinates"":[]}"
20170524,-0.002865888,2017-05-24,"{""type"":""MultiPoint"",""coordinates"":[]}"
20170525,-0.00292565,2017-05-25,"{""type"":""MultiPoint"",""coordinates"":[]}"
20170526,-0.003032459,2017-05-26,"{""type"":""MultiPoint"",""coordinates"":[]}"
20170527,-0.002791205,2017-05-27,"{""type"":""MultiPoint"",""coordinates"":[]}"
20170528,-0.002797671,2017-05-28,"{""type"":""MultiPoint"",""coordinates"":[]}"
20170529,-0.003314367,2017-05-29,"{""type"":""MultiPoint"",""coordinates"":[]}"
20170530,-0.003203214,2017-05-30,"{""type"":""MultiPoint"",""coordinates"":[]}"
20170531,-0.002671244,2017-05-31,"{""type"":""MultiPoint"",""coordinates"":[]}"
20170601,-0.002489795,2017-06-01,"{""type"":""MultiPoint"",""coordinates"":[]}"
20170602,-0.001969263,2017-06-02,"{""type"":""MultiPoint"",""coordinates"":[]}"
20170603,-0.002076053,2017-06-03,"{""type"":""MultiPoint"",""coordinates"":[]}"
20170604,-0.002450123,2017-06-04,"{""type"":""MultiPoint"",""coordinates"":[]}"
20170605,-0.002162262,2017-06-05,"{""type"":""MultiPoint"",""coordinates"":[]}"
20170606,-0.001685227,2017-06-06,"{""type"":""MultiPoint"",""coordinates"":[]}"
20170607,-6.85E-04,2017-06-07,"{""type"":""MultiPoint"",""coordinates"":[]}"
20170608,-0.001144753,2017-06-08,"{""type"":""MultiPoint"",""coordinates"":[]}"
20170609,-0.001079299,2017-06-09,"{""type"":""MultiPoint"",""coordinates"":[]}"
20170610,-0.001021354,2017-06-10,"{""type"":""MultiPoint"",""coordinates"":[]}"
20170611,-0.001824284,2017-06-11,"{""type"":""MultiPoint"",""coordinates"":[]}"
20170612,-8.55E-04,2017-06-12,"{""type"":""MultiPoint"",""coordinates"":[]}"
20170613,-0.001507241,2017-06-13,"{""type"":""MultiPoint"",""coordinates"":[]}"
20170614,-0.002036518,2017-06-14,"{""type"":""MultiPoint"",""coordinates"":[]}"
20170615,-0.002181034,2017-06-15,"{""type"":""MultiPoint"",""coordinates"":[]}"
20170616,-0.001472958,2017-06-16,"{""type"":""MultiPoint"",""coordinates"":[]}"
20170617,-0.001770345,2017-06-17,"{""type"":""MultiPoint"",""coordinates"":[]}"
20170618,-0.0024823,2017-06-18,"{""type"":""MultiPoint"",""coordinates"":[]}"
20170619,-0.001735105,2017-06-19,"{""type"":""MultiPoint"",""coordinates"":[]}"
20170620,-0.001718189,2017-06-20,"{""type"":""MultiPoint"",""coordinates"":[]}"
20170621,-0.002209063,2017-06-21,"{""type"":""MultiPoint"",""coordinates"":[]}"
20170622,-0.001977142,2017-06-22,"{""type"":""MultiPoint"",""coordinates"":[]}"
20170623,-0.001850678,2017-06-23,"{""type"":""MultiPoint"",""coordinates"":[]}"
20170624,-0.001522622,2017-06-24,"{""type"":""MultiPoint"",""coordinates"":[]}"
20170625,-0.001811516,2017-06-25,"{""type"":""MultiPoint"",""coordinates"":[]}"
20170626,-0.0012745,2017-06-26,"{""type"":""MultiPoint"",""coordinates"":[]}"
20170627,-0.001010827,2017-06-27,"{""type"":""MultiPoint"",""coordinates"":[]}"
20170628,-0.001221623,2017-06-28,"{""type"":""MultiPoint"",""coordinates"":[]}"
20170629,-0.001503662,2017-06-29,"{""type"":""MultiPoint"",""coordinates"":[]}"
20170630,-0.001402704,2017-06-30,"{""type"":""MultiPoint"",""coordinates"":[]}"
20170701,-0.001268708,2017-07-01,"{""type"":""MultiPoint"",""coordinates"":[]}"
20170702,-0.001583474,2017-07-02,"{""type"":""MultiPoint"",""coordinates"":[]}"
20170703,-0.001376907,2017-07-03,"{""type"":""MultiPoint"",""coordinates"":[]}"
20170704,-0.001219782,2017-07-04,"{""type"":""MultiPoint"",""coordinates"":[]}"
20170705,-0.001695196,2017-07-05,"{""type"":""MultiPoint"",""coordinates"":[]}"
20170706,-0.001559254,2017-07-06,"{""type"":""MultiPoint"",""coordinates"":[]}"
20170707,-0.001365812,2017-07-07,"{""type"":""MultiPoint"",""coordinates"":[]}"
20170708,-0.001726716,2017-07-08,"{""type"":""MultiPoint"",""coordinates"":[]}"
20170709,-0.001375376,2017-07-09,"{""type"":""MultiPoint"",""coordinates"":[]}"
20170710,-0.001845462,2017-07-10,"{""type"":""MultiPoint"",""coordinates"":[]}"
20170711,-0.001232577,2017-07-11,"{""type"":""MultiPoint"",""coordinates"":[]}"
20170712,-0.001130692,2017-07-12,"{""type"":""MultiPoint"",""coordinates"":[]}"
20170713,-8.55E-04,2017-07-13,"{""type"":""MultiPoint"",""coordinates"":[]}"
20170714,-7.48E-04,2017-07-14,"{""type"":""MultiPoint"",""coordinates"":[]}"
20170715,-7.77E-04,2017-07-15,"{""type"":""MultiPoint"",""coordinates"":[]}"
20170716,-0.001684323,2017-07-16,"{""type"":""MultiPoint"",""coordinates"":[]}"
20170717,-0.001521197,2017-07-17,"{""type"":""MultiPoint"",""coordinates"":[]}"
20170718,-6.49E-04,2017-07-18,"{""type"":""MultiPoint"",""coordinates"":[]}"
20170719,-0.001482065,2017-07-19,"{""type"":""MultiPoint"",""coordinates"":[]}"
20170720,-0.001807892,2017-07-20,"{""type"":""MultiPoint"",""coordinates"":[]}"
20170721,-0.001811292,2017-07-21,"{""type"":""MultiPoint"",""coordinates"":[]}"
20170722,-0.001601618,2017-07-22,"{""type"":""MultiPoint"",""coordinates"":[]}"
20170723,-0.001834135,2017-07-23,"{""type"":""MultiPoint"",""coordinates"":[]}"
20170724,-0.001903234,2017-07-24,"{""type"":""MultiPoint"",""coordinates"":[]}"
20170725,-0.001821243,2017-07-25,"{""type"":""MultiPoint"",""coordinates"":[]}"
20170726,-0.001857153,2017-07-26,"{""type"":""MultiPoint"",""coordinates"":[]}"
20170727,-0.0017964,2017-07-27,"{""type"":""MultiPoint"",""coordinates"":[]}"
20170728,-0.001732075,2017-07-28,"{""type"":""MultiPoint"",""coordinates"":[]}"
20170729,-0.001905888,2017-07-29,"{""type"":""MultiPoint"",""coordinates"":[]}"
20170730,-0.001806936,2017-07-30,"{""type"":""MultiPoint"",""coordinates"":[]}"
20170731,-0.001902969,2017-07-31,"{""type"":""MultiPoint"",""coordinates"":[]}"
20170801,-0.002416332,2017-08-01,"{""type"":""MultiPoint"",""coordinates"":[]}"
20170802,-0.002453593,2017-08-02,"{""type"":""MultiPoint"",""coordinates"":[]}"
20170803,-0.001411478,2017-08-03,"{""type"":""MultiPoint"",""coordinates"":[]}"
20170804,-8.12E-04,2017-08-04,"{""type"":""MultiPoint"",""coordinates"":[]}"
20170805,-0.001113065,2017-08-05,"{""type"":""MultiPoint"",""coordinates"":[]}"
20170806,-0.00138287,2017-08-06,"{""type"":""MultiPoint"",""coordinates"":[]}"
20170807,-0.001590221,2017-08-07,"{""type"":""MultiPoint"",""coordinates"":[]}"
20170808,-0.001818475,2017-08-08,"{""type"":""MultiPoint"",""coordinates"":[]}"
20170809,-0.001019818,2017-08-09,"{""type"":""MultiPoint"",""coordinates"":[]}"
20170810,-8.95E-04,2017-08-10,"{""type"":""MultiPoint"",""coordinates"":[]}"
20170811,-0.001102072,2017-08-11,"{""type"":""MultiPoint"",""coordinates"":[]}"
20170812,-0.001321546,2017-08-12,"{""type"":""MultiPoint"",""coordinates"":[]}"
20170813,-0.001961144,2017-08-13,"{""type"":""MultiPoint"",""coordinates"":[]}"
20170814,-0.002443642,2017-08-14,"{""type"":""MultiPoint"",""coordinates"":[]}"
20170815,-0.001698358,2017-08-15,"{""type"":""MultiPoint"",""coordinates"":[]}"
20170816,-0.002224467,2017-08-16,"{""type"":""MultiPoint"",""coordinates"":[]}"
20170817,-0.001589338,2017-08-17,"{""type"":""MultiPoint"",""coordinates"":[]}"
20170818,-0.001302656,2017-08-18,"{""type"":""MultiPoint"",""coordinates"":[]}"
20170819,-0.001241239,2017-08-19,"{""type"":""MultiPoint"",""coordinates"":[]}"
20170820,-6.72E-04,2017-08-20,"{""type"":""MultiPoint"",""coordinates"":[]}"
20170821,-7.73E-04,2017-08-21,"{""type"":""MultiPoint"",""coordinates"":[]}"
20170822,-0.001398881,2017-08-22,"{""type"":""MultiPoint"",""coordinates"":[]}"
20170823,-0.001972316,2017-08-23,"{""type"":""MultiPoint"",""coordinates"":[]}"
20170824,-0.001151829,2017-08-24,"{""type"":""MultiPoint"",""coordinates"":[]}"
20170825,-9.36E-04,2017-08-25,"{""type"":""MultiPoint"",""coordinates"":[]}"
20170826,-0.001565216,2017-08-26,"{""type"":""MultiPoint"",""coordinates"":[]}"
20170827,-3.74E-04,2017-08-27,"{""type"":""MultiPoint"",""coordinates"":[]}"
20170828,-4.29E-04,2017-08-28,"{""type"":""MultiPoint"",""coordinates"":[]}"
20170829,-1.08E-04,2017-08-29,"{""type"":""MultiPoint"",""coordinates"":[]}"
20170830,-0.001835997,2017-08-30,"{""type"":""MultiPoint"",""coordinates"":[]}"
20170831,-0.002873099,2017-08-31,"{""type"":""MultiPoint"",""coordinates"":[]}"
20170901,-0.002831359,2017-09-01,"{""type"":""MultiPoint"",""coordinates"":[]}"
20170902,-0.002254237,2017-09-02,"{""type"":""MultiPoint"",""coordinates"":[]}"
20170903,-0.002728353,2017-09-03,"{""type"":""MultiPoint"",""coordinates"":[]}"
20170904,-0.002737617,2017-09-04,"{""type"":""MultiPoint"",""coordinates"":[]}"
20170905,-0.001717526,2017-09-05,"{""type"":""MultiPoint"",""coordinates"":[]}"
20170906,-0.00196864,2017-09-06,"{""type"":""MultiPoint"",""coordinates"":[]}"
20170907,-0.001528553,2017-09-07,"{""type"":""MultiPoint"",""coordinates"":[]}"
20170908,-0.002204399,2017-09-08,"{""type"":""MultiPoint"",""coordinates"":[]}"
20170909,-0.001905712,2017-09-09,"{""type"":""MultiPoint"",""coordinates"":[]}"
20170910,-0.001843939,2017-09-10,"{""type"":""MultiPoint"",""coordinates"":[]}"
20170911,-0.002296582,2017-09-11,"{""type"":""MultiPoint"",""coordinates"":[]}"
20170912,-0.002612079,2017-09-12,"{""type"":""MultiPoint"",""coordinates"":[]}"
20170913,-0.003049518,2017-09-13,"{""type"":""MultiPoint"",""coordinates"":[]}"
20170914,-0.002606999,2017-09-14,"{""type"":""MultiPoint"",""coordinates"":[]}"
20170915,-0.001996645,2017-09-15,"{""type"":""MultiPoint"",""coordinates"":[]}"
20170916,-0.002217845,2017-09-16,"{""type"":""MultiPoint"",""coordinates"":[]}"
20170917,-9.35E-04,2017-09-17,"{""type"":""MultiPoint"",""coordinates"":[]}"
20170918,-0.001717145,2017-09-18,"{""type"":""MultiPoint"",""coordinates"":[]}"
20170919,-0.002641802,2017-09-19,"{""type"":""MultiPoint"",""coordinates"":[]}"
20170920,-0.003335597,2017-09-20,"{""type"":""MultiPoint"",""coordinates"":[]}"
20170921,-0.002626436,2017-09-21,"{""type"":""MultiPoint"",""coordinates"":[]}"
20170922,-0.002309606,2017-09-22,"{""type"":""MultiPoint"",""coordinates"":[]}"
20170923,-0.003777444,2017-09-23,"{""type"":""MultiPoint"",""coordinates"":[]}"
20170924,-0.002188564,2017-09-24,"{""type"":""MultiPoint"",""coordinates"":[]}"
20170925,-0.001768569,2017-09-25,"{""type"":""MultiPoint"",""coordinates"":[]}"
20170926,-0.001708238,2017-09-26,"{""type"":""MultiPoint"",""coordinates"":[]}"
20170927,-0.001732146,2017-09-27,"{""type"":""MultiPoint"",""coordinates"":[]}"
20170928,-7.22E-04,2017-09-28,"{""type"":""MultiPoint"",""coordinates"":[]}"
20170929,-6.74E-04,2017-09-29,"{""type"":""MultiPoint"",""coordinates"":[]}"
20170930,-0.001801731,2017-09-30,"{""type"":""MultiPoint"",""coordinates"":[]}"
20171001,-0.001641343,2017-10-01,"{""type"":""MultiPoint"",""coordinates"":[]}"
20171002,-0.001629927,2017-10-02,"{""type"":""MultiPoint"",""coordinates"":[]}"
20171003,-0.002618893,2017-10-03,"{""type"":""MultiPoint"",""coordinates"":[]}"
20171004,-0.002120554,2017-10-04,"{""type"":""MultiPoint"",""coordinates"":[]}"
20171005,-0.00157716,2017-10-05,"{""type"":""MultiPoint"",""coordinates"":[]}"
20171006,-0.002076031,2017-10-06,"{""type"":""MultiPoint"",""coordinates"":[]}"
20171007,-0.002082037,2017-10-07,"{""type"":""MultiPoint"",""coordinates"":[]}"
20171008,-0.002551589,2017-10-08,"{""type"":""MultiPoint"",""coordinates"":[]}"
20171009,-0.002211193,2017-10-09,"{""type"":""MultiPoint"",""coordinates"":[]}"
20171010,-0.003041642,2017-10-10,"{""type"":""MultiPoint"",""coordinates"":[]}"
20171011,-0.00251339,2017-10-11,"{""type"":""MultiPoint"",""coordinates"":[]}"
20171012,-0.001898619,2017-10-12,"{""type"":""MultiPoint"",""coordinates"":[]}"
20171013,-0.002089402,2017-10-13,"{""type"":""MultiPoint"",""coordinates"":[]}"
20171014,-0.001184849,2017-10-14,"{""type"":""MultiPoint"",""coordinates"":[]}"
20171015,-0.001074387,2017-10-15,"{""type"":""MultiPoint"",""coordinates"":[]}"
20171016,-0.001397615,2017-10-16,"{""type"":""MultiPoint"",""coordinates"":[]}"
20171017,-0.001873086,2017-10-17,"{""type"":""MultiPoint"",""coordinates"":[]}"
20171018,-0.001862071,2017-10-18,"{""type"":""MultiPoint"",""coordinates"":[]}"
20171019,-0.003362303,2017-10-19,"{""type"":""MultiPoint"",""coordinates"":[]}"
20171020,-0.002971167,2017-10-20,"{""type"":""MultiPoint"",""coordinates"":[]}"
20171021,-0.002708693,2017-10-21,"{""type"":""MultiPoint"",""coordinates"":[]}"
20171022,-0.003293799,2017-10-22,"{""type"":""MultiPoint"",""coordinates"":[]}"
20171023,-0.003894218,2017-10-23,"{""type"":""MultiPoint"",""coordinates"":[]}"
20171024,-0.003701888,2017-10-24,"{""type"":""MultiPoint"",""coordinates"":[]}"
20171025,-0.002711905,2017-10-25,"{""type"":""MultiPoint"",""coordinates"":[]}"
20171026,-0.002419476,2017-10-26,"{""type"":""MultiPoint"",""coordinates"":[]}"
20171027,-0.00259427,2017-10-27,"{""type"":""MultiPoint"",""coordinates"":[]}"
20171028,-0.002775356,2017-10-28,"{""type"":""MultiPoint"",""coordinates"":[]}"
20171029,-0.002732942,2017-10-29,"{""type"":""MultiPoint"",""coordinates"":[]}"
20171030,-0.002212721,2017-10-30,"{""type"":""MultiPoint"",""coordinates"":[]}"
20171031,-0.001782693,2017-10-31,"{""type"":""MultiPoint"",""coordinates"":[]}"
20171101,-8.66E-04,2017-11-01,"{""type"":""MultiPoint"",""coordinates"":[]}"
20171102,-0.002069805,2017-11-02,"{""type"":""MultiPoint"",""coordinates"":[]}"
20171103,-0.002159126,2017-11-03,"{""type"":""MultiPoint"",""coordinates"":[]}"
20171104,-0.001185441,2017-11-04,"{""type"":""MultiPoint"",""coordinates"":[]}"
20171105,-0.001158206,2017-11-05,"{""type"":""MultiPoint"",""coordinates"":[]}"
20171106,-8.86E-04,2017-11-06,"{""type"":""MultiPoint"",""coordinates"":[]}"
20171107,-0.001594957,2017-11-07,"{""type"":""MultiPoint"",""coordinates"":[]}"
20171108,-0.002543792,2017-11-08,"{""type"":""MultiPoint"",""coordinates"":[]}"
20171109,-0.003374337,2017-11-09,"{""type"":""MultiPoint"",""coordinates"":[]}"
20171110,-0.003269764,2017-11-10,"{""type"":""MultiPoint"",""coordinates"":[]}"
20171111,-0.002978755,2017-11-11,"{""type"":""MultiPoint"",""coordinates"":[]}"
20171112,-0.002926379,2017-11-12,"{""type"":""MultiPoint"",""coordinates"":[]}"
20171113,-0.002958192,2017-11-13,"{""type"":""MultiPoint"",""coordinates"":[]}"
20171114,-0.001958621,2017-11-14,"{""type"":""MultiPoint"",""coordinates"":[]}"
20171115,-0.001901917,2017-11-15,"{""type"":""MultiPoint"",""coordinates"":[]}"
20171116,-0.00226863,2017-11-16,"{""type"":""MultiPoint"",""coordinates"":[]}"
20171117,-0.002244981,2017-11-17,"{""type"":""MultiPoint"",""coordinates"":[]}"
20171118,-0.002002626,2017-11-18,"{""type"":""MultiPoint"",""coordinates"":[]}"
20171119,-0.002332389,2017-11-19,"{""type"":""MultiPoint"",""coordinates"":[]}"
20171120,-0.00248726,2017-11-20,"{""type"":""MultiPoint"",""coordinates"":[]}"
20171121,-0.002111739,2017-11-21,"{""type"":""MultiPoint"",""coordinates"":[]}"
20171122,-0.002569431,2017-11-22,"{""type"":""MultiPoint"",""coordinates"":[]}"
20171123,-0.003046519,2017-11-23,"{""type"":""MultiPoint"",""coordinates"":[]}"
20171124,-0.002808218,2017-11-24,"{""type"":""MultiPoint"",""coordinates"":[]}"
20171125,-0.002293415,2017-11-25,"{""type"":""MultiPoint"",""coordinates"":[]}"
20171126,-0.001775055,2017-11-26,"{""type"":""MultiPoint"",""coordinates"":[]}"
20171127,-0.001743937,2017-11-27,"{""type"":""MultiPoint"",""coordinates"":[]}"
20171128,-0.002442368,2017-11-28,"{""type"":""MultiPoint"",""coordinates"":[]}"
20171129,-0.002341637,2017-11-29,"{""type"":""MultiPoint"",""coordinates"":[]}"
20171130,-7.34E-04,2017-11-30,"{""type"":""MultiPoint"",""coordinates"":[]}"
20171201,-5.82E-05,2017-12-01,"{""type"":""MultiPoint"",""coordinates"":[]}"
20171202,-5.89E-04,2017-12-02,"{""type"":""MultiPoint"",""coordinates"":[]}"
20171203,-0.001342892,2017-12-03,"{""type"":""MultiPoint"",""coordinates"":[]}"
20171204,-0.001429948,2017-12-04,"{""type"":""MultiPoint"",""coordinates"":[]}"
20171205,-0.00158175,2017-12-05,"{""type"":""MultiPoint"",""coordinates"":[]}"
20171206,-0.001376779,2017-12-06,"{""type"":""MultiPoint"",""coordinates"":[]}"
20171207,-0.001829428,2017-12-07,"{""type"":""MultiPoint"",""coordinates"":[]}"
20171208,-0.002805777,2017-12-08,"{""type"":""MultiPoint"",""coordinates"":[]}"
20171209,-0.002654131,2017-12-09,"{""type"":""MultiPoint"",""coordinates"":[]}"
20171210,-0.002396191,2017-12-10,"{""type"":""MultiPoint"",""coordinates"":[]}"
20171211,-0.002479642,2017-12-11,"{""type"":""MultiPoint"",""coordinates"":[]}"
20171212,-0.001848068,2017-12-12,"{""type"":""MultiPoint"",""coordinates"":[]}"
20171213,-0.001366022,2017-12-13,"{""type"":""MultiPoint"",""coordinates"":[]}"
20171214,-0.002061171,2017-12-14,"{""type"":""MultiPoint"",""coordinates"":[]}"
20171215,-0.002289809,2017-12-15,"{""type"":""MultiPoint"",""coordinates"":[]}"
20171216,-0.002092539,2017-12-16,"{""type"":""MultiPoint"",""coordinates"":[]}"
20171217,-0.002046511,2017-12-17,"{""type"":""MultiPoint"",""coordinates"":[]}"
20171218,-0.001885299,2017-12-18,"{""type"":""MultiPoint"",""coordinates"":[]}"
20171219,-0.001842318,2017-12-19,"{""type"":""MultiPoint"",""coordinates"":[]}"
20171220,-0.002200338,2017-12-20,"{""type"":""MultiPoint"",""coordinates"":[]}"
20171221,-0.001717851,2017-12-21,"{""type"":""MultiPoint"",""coordinates"":[]}"
20171222,-0.001798283,2017-12-22,"{""type"":""MultiPoint"",""coordinates"":[]}"
20171223,-0.001777124,2017-12-23,"{""type"":""MultiPoint"",""coordinates"":[]}"
20171224,-0.001860968,2017-12-24,"{""type"":""MultiPoint"",""coordinates"":[]}"
20171225,-0.00175176,2017-12-25,"{""type"":""MultiPoint"",""coordinates"":[]}"
20171226,-0.001909001,2017-12-26,"{""type"":""MultiPoint"",""coordinates"":[]}"
20171227,-0.001794224,2017-12-27,"{""type"":""MultiPoint"",""coordinates"":[]}"
20171228,-0.001766034,2017-12-28,"{""type"":""MultiPoint"",""coordinates"":[]}"
20171229,-0.001502117,2017-12-29,"{""type"":""MultiPoint"",""coordinates"":[]}"
20171230,-0.00164736,2017-12-30,"{""type"":""MultiPoint"",""coordinates"":[]}"
20171231,-0.001744809,2017-12-31,"{""type"":""MultiPoint"",""coordinates"":[]}"
20180101,-0.001696053,2018-01-01,"{""type"":""MultiPoint"",""coordinates"":[]}"
20180102,-0.001647328,2018-01-02,"{""type"":""MultiPoint"",""coordinates"":[]}"
20180103,-0.001159378,2018-01-03,"{""type"":""MultiPoint"",""coordinates"":[]}"
20180104,-0.00153363,2018-01-04,"{""type"":""MultiPoint"",""coordinates"":[]}"
20180105,-0.001570604,2018-01-05,"{""type"":""MultiPoint"",""coordinates"":[]}"
20180106,-0.00150751,2018-01-06,"{""type"":""MultiPoint"",""coordinates"":[]}"
20180107,-0.001464324,2018-01-07,"{""type"":""MultiPoint"",""coordinates"":[]}"
20180108,-0.00143976,2018-01-08,"{""type"":""MultiPoint"",""coordinates"":[]}"
20180109,-0.001225205,2018-01-09,"{""type"":""MultiPoint"",""coordinates"":[]}"
20180110,-7.26E-04,2018-01-10,"{""type"":""MultiPoint"",""coordinates"":[]}"
20180111,-0.001078262,2018-01-11,"{""type"":""MultiPoint"",""coordinates"":[]}"
20180112,-0.001184482,2018-01-12,"{""type"":""MultiPoint"",""coordinates"":[]}"
20180113,-0.001577377,2018-01-13,"{""type"":""MultiPoint"",""coordinates"":[]}"
20180114,-0.001534883,2018-01-14,"{""type"":""MultiPoint"",""coordinates"":[]}"
20180115,-0.001514732,2018-01-15,"{""type"":""MultiPoint"",""coordinates"":[]}"
20180116,-0.001282364,2018-01-16,"{""type"":""MultiPoint"",""coordinates"":[]}"
20180117,-0.001362853,2018-01-17,"{""type"":""MultiPoint"",""coordinates"":[]}"
20180118,-0.001358761,2018-01-18,"{""type"":""MultiPoint"",""coordinates"":[]}"
20180119,-0.001366026,2018-01-19,"{""type"":""MultiPoint"",""coordinates"":[]}"
20180120,-0.001330278,2018-01-20,"{""type"":""MultiPoint"",""coordinates"":[]}"
20180121,-0.00134623,2018-01-21,"{""type"":""MultiPoint"",""coordinates"":[]}"
20180122,-0.001315657,2018-01-22,"{""type"":""MultiPoint"",""coordinates"":[]}"
20180123,-0.00125395,2018-01-23,"{""type"":""MultiPoint"",""coordinates"":[]}"
20180124,-0.001236771,2018-01-24,"{""type"":""MultiPoint"",""coordinates"":[]}"
20180125,-0.001295023,2018-01-25,"{""type"":""MultiPoint"",""coordinates"":[]}"
20180126,-0.001257162,2018-01-26,"{""type"":""MultiPoint"",""coordinates"":[]}"
20180127,-0.001241594,2018-01-27,"{""type"":""MultiPoint"",""coordinates"":[]}"
20180128,-0.001224066,2018-01-28,"{""type"":""MultiPoint"",""coordinates"":[]}"
20180129,-0.001143975,2018-01-29,"{""type"":""MultiPoint"",""coordinates"":[]}"
20180130,-0.001166539,2018-01-30,"{""type"":""MultiPoint"",""coordinates"":[]}"
20180131,-0.001215443,2018-01-31,"{""type"":""MultiPoint"",""coordinates"":[]}"
20180201,-0.001293031,2018-02-01,"{""type"":""MultiPoint"",""coordinates"":[]}"
20180202,-0.001228502,2018-02-02,"{""type"":""MultiPoint"",""coordinates"":[]}"
20180203,-0.001205674,2018-02-03,"{""type"":""MultiPoint"",""coordinates"":[]}"
20180204,-0.001208044,2018-02-04,"{""type"":""MultiPoint"",""coordinates"":[]}"
20180205,-0.001185749,2018-02-05,"{""type"":""MultiPoint"",""coordinates"":[]}"
20180206,-0.001017234,2018-02-06,"{""type"":""MultiPoint"",""coordinates"":[]}"
20180207,-6.81E-04,2018-02-07,"{""type"":""MultiPoint"",""coordinates"":[]}"
20180208,-0.001654936,2018-02-08,"{""type"":""MultiPoint"",""coordinates"":[]}"
20180209,-0.002004372,2018-02-09,"{""type"":""MultiPoint"",""coordinates"":[]}"
20180210,-0.002082745,2018-02-10,"{""type"":""MultiPoint"",""coordinates"":[]}"
20180211,-0.002379273,2018-02-11,"{""type"":""MultiPoint"",""coordinates"":[]}"
20180212,-0.002211235,2018-02-12,"{""type"":""MultiPoint"",""coordinates"":[]}"
20180213,-0.00216846,2018-02-13,"{""type"":""MultiPoint"",""coordinates"":[]}"
20180214,-0.001973732,2018-02-14,"{""type"":""MultiPoint"",""coordinates"":[]}"
20180215,-0.001849785,2018-02-15,"{""type"":""MultiPoint"",""coordinates"":[]}"
20180216,-0.002080846,2018-02-16,"{""type"":""MultiPoint"",""coordinates"":[]}"
20180217,-0.001954986,2018-02-17,"{""type"":""MultiPoint"",""coordinates"":[]}"
20180218,-0.001899572,2018-02-18,"{""type"":""MultiPoint"",""coordinates"":[]}"
20180219,-0.001799316,2018-02-19,"{""type"":""MultiPoint"",""coordinates"":[]}"
20180220,-0.001696204,2018-02-20,"{""type"":""MultiPoint"",""coordinates"":[]}"
20180221,-0.001694034,2018-02-21,"{""type"":""MultiPoint"",""coordinates"":[]}"
20180222,-0.001654346,2018-02-22,"{""type"":""MultiPoint"",""coordinates"":[]}"
20180223,-0.001578186,2018-02-23,"{""type"":""MultiPoint"",""coordinates"":[]}"
20180224,-0.001399817,2018-02-24,"{""type"":""MultiPoint"",""coordinates"":[]}"
20180225,-0.001405138,2018-02-25,"{""type"":""MultiPoint"",""coordinates"":[]}"
20180226,-0.001529996,2018-02-26,"{""type"":""MultiPoint"",""coordinates"":[]}"
20180227,-0.001399605,2018-02-27,"{""type"":""MultiPoint"",""coordinates"":[]}"
20180228,-0.001434648,2018-02-28,"{""type"":""MultiPoint"",""coordinates"":[]}"
20180301,-0.001395574,2018-03-01,"{""type"":""MultiPoint"",""coordinates"":[]}"
20180302,-0.001399071,2018-03-02,"{""type"":""MultiPoint"",""coordinates"":[]}"
20180303,-0.001455388,2018-03-03,"{""type"":""MultiPoint"",""coordinates"":[]}"
20180304,-0.001386483,2018-03-04,"{""type"":""MultiPoint"",""coordinates"":[]}"
20180305,-0.001389274,2018-03-05,"{""type"":""MultiPoint"",""coordinates"":[]}"
20180306,-0.001340919,2018-03-06,"{""type"":""MultiPoint"",""coordinates"":[]}"
20180307,-0.001225705,2018-03-07,"{""type"":""MultiPoint"",""coordinates"":[]}"
20180308,-0.001146438,2018-03-08,"{""type"":""MultiPoint"",""coordinates"":[]}"
20180309,-0.001142549,2018-03-09,"{""type"":""MultiPoint"",""coordinates"":[]}"
20180310,-0.001034737,2018-03-10,"{""type"":""MultiPoint"",""coordinates"":[]}"
20180311,-0.001081348,2018-03-11,"{""type"":""MultiPoint"",""coordinates"":[]}"
20180312,-9.74E-04,2018-03-12,"{""type"":""MultiPoint"",""coordinates"":[]}"
20180313,-7.13E-04,2018-03-13,"{""type"":""MultiPoint"",""coordinates"":[]}"
20180314,-6.45E-04,2018-03-14,"{""type"":""MultiPoint"",""coordinates"":[]}"
20180315,-7.42E-04,2018-03-15,"{""type"":""MultiPoint"",""coordinates"":[]}"
20180316,-5.67E-04,2018-03-16,"{""type"":""MultiPoint"",""coordinates"":[]}"
20180317,-0.001482086,2018-03-17,"{""type"":""MultiPoint"",""coordinates"":[]}"
20180318,-0.001770403,2018-03-18,"{""type"":""MultiPoint"",""coordinates"":[]}"
20180319,-0.003190301,2018-03-19,"{""type"":""MultiPoint"",""coordinates"":[]}"
20180320,-0.003272741,2018-03-20,"{""type"":""MultiPoint"",""coordinates"":[]}"
20180321,-0.002824068,2018-03-21,"{""type"":""MultiPoint"",""coordinates"":[]}"
20180322,-0.002467564,2018-03-22,"{""type"":""MultiPoint"",""coordinates"":[]}"
20180323,-0.002449316,2018-03-23,"{""type"":""MultiPoint"",""coordinates"":[]}"
20180324,-0.001936626,2018-03-24,"{""type"":""MultiPoint"",""coordinates"":[]}"
20180325,-0.002345904,2018-03-25,"{""type"":""MultiPoint"",""coordinates"":[]}"
20180326,-0.002221197,2018-03-26,"{""type"":""MultiPoint"",""coordinates"":[]}"
20180327,-0.002134554,2018-03-27,"{""type"":""MultiPoint"",""coordinates"":[]}"
20180328,-0.001760379,2018-03-28,"{""type"":""MultiPoint"",""coordinates"":[]}"
20180329,-0.001409275,2018-03-29,"{""type"":""MultiPoint"",""coordinates"":[]}"
20180330,-0.001220722,2018-03-30,"{""type"":""MultiPoint"",""coordinates"":[]}"
20180331,-0.001100385,2018-03-31,"{""type"":""MultiPoint"",""coordinates"":[]}"
20180401,-0.001922298,2018-04-01,"{""type"":""MultiPoint"",""coordinates"":[]}"
20180402,-0.001667065,2018-04-02,"{""type"":""MultiPoint"",""coordinates"":[]}"
20180403,-0.001735308,2018-04-03,"{""type"":""MultiPoint"",""coordinates"":[]}"
20180404,-0.001608951,2018-04-04,"{""type"":""MultiPoint"",""coordinates"":[]}"
20180405,-0.001571174,2018-04-05,"{""type"":""MultiPoint"",""coordinates"":[]}"
20180406,-0.001440259,2018-04-06,"{""type"":""MultiPoint"",""coordinates"":[]}"
20180407,-0.001351444,2018-04-07,"{""type"":""MultiPoint"",""coordinates"":[]}"
20180408,-0.001248304,2018-04-08,"{""type"":""MultiPoint"",""coordinates"":[]}"
20180409,-0.001026911,2018-04-09,"{""type"":""MultiPoint"",""coordinates"":[]}"
20180410,-0.001137721,2018-04-10,"{""type"":""MultiPoint"",""coordinates"":[]}"
20180411,-0.001092401,2018-04-11,"{""type"":""MultiPoint"",""coordinates"":[]}"
20180412,-9.29E-04,2018-04-12,"{""type"":""MultiPoint"",""coordinates"":[]}"
20180413,-9.40E-04,2018-04-13,"{""type"":""MultiPoint"",""coordinates"":[]}"
20180414,-9.44E-04,2018-04-14,"{""type"":""MultiPoint"",""coordinates"":[]}"
20180415,-8.07E-04,2018-04-15,"{""type"":""MultiPoint"",""coordinates"":[]}"
20180416,-7.54E-04,2018-04-16,"{""type"":""MultiPoint"",""coordinates"":[]}"
20180417,-8.93E-04,2018-04-17,"{""type"":""MultiPoint"",""coordinates"":[]}"
20180418,-9.43E-04,2018-04-18,"{""type"":""MultiPoint"",""coordinates"":[]}"
20180419,-8.03E-04,2018-04-19,"{""type"":""MultiPoint"",""coordinates"":[]}"
20180420,-6.74E-04,2018-04-20,"{""type"":""MultiPoint"",""coordinates"":[]}"
20180421,-0.001009593,2018-04-21,"{""type"":""MultiPoint"",""coordinates"":[]}"
20180422,-8.09E-04,2018-04-22,"{""type"":""MultiPoint"",""coordinates"":[]}"
20180423,-9.81E-04,2018-04-23,"{""type"":""MultiPoint"",""coordinates"":[]}"
20180424,-7.23E-04,2018-04-24,"{""type"":""MultiPoint"",""coordinates"":[]}"
20180425,-9.89E-04,2018-04-25,"{""type"":""MultiPoint"",""coordinates"":[]}"
20180426,-8.62E-04,2018-04-26,"{""type"":""MultiPoint"",""coordinates"":[]}"
20180427,-9.09E-04,2018-04-27,"{""type"":""MultiPoint"",""coordinates"":[]}"
20180428,-8.59E-04,2018-04-28,"{""type"":""MultiPoint"",""coordinates"":[]}"
20180429,-7.80E-04,2018-04-29,"{""type"":""MultiPoint"",""coordinates"":[]}"
20180430,-6.54E-04,2018-04-30,"{""type"":""MultiPoint"",""coordinates"":[]}"
20180501,-8.26E-04,2018-05-01,"{""type"":""MultiPoint"",""coordinates"":[]}"
20180502,-6.94E-04,2018-05-02,"{""type"":""MultiPoint"",""coordinates"":[]}"
20180503,-9.29E-04,2018-05-03,"{""type"":""MultiPoint"",""coordinates"":[]}"
20180504,-0.001543486,2018-05-04,"{""type"":""MultiPoint"",""coordinates"":[]}"
20180505,-0.001627118,2018-05-05,"{""type"":""MultiPoint"",""coordinates"":[]}"
20180506,-0.001511078,2018-05-06,"{""type"":""MultiPoint"",""coordinates"":[]}"
20180507,-9.75E-04,2018-05-07,"{""type"":""MultiPoint"",""coordinates"":[]}"
20180508,-7.35E-04,2018-05-08,"{""type"":""MultiPoint"",""coordinates"":[]}"
20180509,-0.001018021,2018-05-09,"{""type"":""MultiPoint"",""coordinates"":[]}"
20180510,-0.001947976,2018-05-10,"{""type"":""MultiPoint"",""coordinates"":[]}"
20180511,-0.001988609,2018-05-11,"{""type"":""MultiPoint"",""coordinates"":[]}"
20180512,-0.002185955,2018-05-12,"{""type"":""MultiPoint"",""coordinates"":[]}"
20180513,-0.00296081,2018-05-13,"{""type"":""MultiPoint"",""coordinates"":[]}"
20180514,-0.002382681,2018-05-14,"{""type"":""MultiPoint"",""coordinates"":[]}"
20180515,-0.002641519,2018-05-15,"{""type"":""MultiPoint"",""coordinates"":[]}"
20180516,-0.003338033,2018-05-16,"{""type"":""MultiPoint"",""coordinates"":[]}"
20180517,-0.003549806,2018-05-17,"{""type"":""MultiPoint"",""coordinates"":[]}"
20180518,-0.002840431,2018-05-18,"{""type"":""MultiPoint"",""coordinates"":[]}"
20180519,-0.002962569,2018-05-19,"{""type"":""MultiPoint"",""coordinates"":[]}"
20180520,-0.002631824,2018-05-20,"{""type"":""MultiPoint"",""coordinates"":[]}"
20180521,-0.002682325,2018-05-21,"{""type"":""MultiPoint"",""coordinates"":[]}"
20180522,-0.002615465,2018-05-22,"{""type"":""MultiPoint"",""coordinates"":[]}"
20180523,-0.002960283,2018-05-23,"{""type"":""MultiPoint"",""coordinates"":[]}"
20180524,-0.00248385,2018-05-24,"{""type"":""MultiPoint"",""coordinates"":[]}"
20180525,-0.001639543,2018-05-25,"{""type"":""MultiPoint"",""coordinates"":[]}"
20180526,-0.00253702,2018-05-26,"{""type"":""MultiPoint"",""coordinates"":[]}"
20180527,-0.003366664,2018-05-27,"{""type"":""MultiPoint"",""coordinates"":[]}"
20180528,-0.002843682,2018-05-28,"{""type"":""MultiPoint"",""coordinates"":[]}"
20180529,-0.002621712,2018-05-29,"{""type"":""MultiPoint"",""coordinates"":[]}"
20180530,-0.00221733,2018-05-30,"{""type"":""MultiPoint"",""coordinates"":[]}"
20180531,-0.002888501,2018-05-31,"{""type"":""MultiPoint"",""coordinates"":[]}"
20180601,-0.002496156,2018-06-01,"{""type"":""MultiPoint"",""coordinates"":[]}"
20180602,-0.001490661,2018-06-02,"{""type"":""MultiPoint"",""coordinates"":[]}"
20180603,-0.001924323,2018-06-03,"{""type"":""MultiPoint"",""coordinates"":[]}"
20180604,-0.00217638,2018-06-04,"{""type"":""MultiPoint"",""coordinates"":[]}"
20180605,-0.002158577,2018-06-05,"{""type"":""MultiPoint"",""coordinates"":[]}"
20180606,-0.002600394,2018-06-06,"{""type"":""MultiPoint"",""coordinates"":[]}"
20180607,-0.001447158,2018-06-07,"{""type"":""MultiPoint"",""coordinates"":[]}"
20180608,-0.001367019,2018-06-08,"{""type"":""MultiPoint"",""coordinates"":[]}"
20180609,-0.001433516,2018-06-09,"{""type"":""MultiPoint"",""coordinates"":[]}"
20180610,-0.001716921,2018-06-10,"{""type"":""MultiPoint"",""coordinates"":[]}"
20180611,-0.001780457,2018-06-11,"{""type"":""MultiPoint"",""coordinates"":[]}"
20180612,-0.002185488,2018-06-12,"{""type"":""MultiPoint"",""coordinates"":[]}"
20180613,-0.001919291,2018-06-13,"{""type"":""MultiPoint"",""coordinates"":[]}"
20180614,-0.001357254,2018-06-14,"{""type"":""MultiPoint"",""coordinates"":[]}"
20180615,-0.002533006,2018-06-15,"{""type"":""MultiPoint"",""coordinates"":[]}"
20180616,-0.002677348,2018-06-16,"{""type"":""MultiPoint"",""coordinates"":[]}"
20180617,-0.002508077,2018-06-17,"{""type"":""MultiPoint"",""coordinates"":[]}"
20180618,-0.002701546,2018-06-18,"{""type"":""MultiPoint"",""coordinates"":[]}"
20180619,-0.00247097,2018-06-19,"{""type"":""MultiPoint"",""coordinates"":[]}"
20180620,-9.70E-04,2018-06-20,"{""type"":""MultiPoint"",""coordinates"":[]}"
20180621,-0.001168866,2018-06-21,"{""type"":""MultiPoint"",""coordinates"":[]}"
20180622,-0.002109069,2018-06-22,"{""type"":""MultiPoint"",""coordinates"":[]}"
20180623,-0.00129318,2018-06-23,"{""type"":""MultiPoint"",""coordinates"":[]}"
20180624,-0.00148121,2018-06-24,"{""type"":""MultiPoint"",""coordinates"":[]}"
20180625,-0.001656472,2018-06-25,"{""type"":""MultiPoint"",""coordinates"":[]}"
20180626,-0.001706859,2018-06-26,"{""type"":""MultiPoint"",""coordinates"":[]}"
20180627,-0.001212692,2018-06-27,"{""type"":""MultiPoint"",""coordinates"":[]}"
20180628,-3.69E-04,2018-06-28,"{""type"":""MultiPoint"",""coordinates"":[]}"
20180629,-8.85E-04,2018-06-29,"{""type"":""MultiPoint"",""coordinates"":[]}"
20180630,-0.001662132,2018-06-30,"{""type"":""MultiPoint"",""coordinates"":[]}"
20180701,-0.00197114,2018-07-01,"{""type"":""MultiPoint"",""coordinates"":[]}"
20180702,-0.001742313,2018-07-02,"{""type"":""MultiPoint"",""coordinates"":[]}"
20180703,-0.002080844,2018-07-03,"{""type"":""MultiPoint"",""coordinates"":[]}"
20180704,-0.002674405,2018-07-04,"{""type"":""MultiPoint"",""coordinates"":[]}"
20180705,-0.003161506,2018-07-05,"{""type"":""MultiPoint"",""coordinates"":[]}"
20180706,-0.00133146,2018-07-06,"{""type"":""MultiPoint"",""coordinates"":[]}"
20180707,-2.82E-04,2018-07-07,"{""type"":""MultiPoint"",""coordinates"":[]}"
20180708,-0.001101064,2018-07-08,"{""type"":""MultiPoint"",""coordinates"":[]}"
20180709,-0.001465085,2018-07-09,"{""type"":""MultiPoint"",""coordinates"":[]}"
20180710,-0.001226723,2018-07-10,"{""type"":""MultiPoint"",""coordinates"":[]}"
20180711,-8.64E-04,2018-07-11,"{""type"":""MultiPoint"",""coordinates"":[]}"
20180712,-0.001672077,2018-07-12,"{""type"":""MultiPoint"",""coordinates"":[]}"
20180713,-3.29E-05,2018-07-13,"{""type"":""MultiPoint"",""coordinates"":[]}"
20180714,-0.001851635,2018-07-14,"{""type"":""MultiPoint"",""coordinates"":[]}"
20180715,-0.001961105,2018-07-15,"{""type"":""MultiPoint"",""coordinates"":[]}"
20180716,-0.001386106,2018-07-16,"{""type"":""MultiPoint"",""coordinates"":[]}"
20180717,-0.002048753,2018-07-17,"{""type"":""MultiPoint"",""coordinates"":[]}"
20180718,-0.001816666,2018-07-18,"{""type"":""MultiPoint"",""coordinates"":[]}"
20180719,-0.001229456,2018-07-19,"{""type"":""MultiPoint"",""coordinates"":[]}"
20180720,-0.001058822,2018-07-20,"{""type"":""MultiPoint"",""coordinates"":[]}"
20180721,-0.001357184,2018-07-21,"{""type"":""MultiPoint"",""coordinates"":[]}"
20180722,-0.002172173,2018-07-22,"{""type"":""MultiPoint"",""coordinates"":[]}"
20180723,-0.00181658,2018-07-23,"{""type"":""MultiPoint"",""coordinates"":[]}"
20180724,-0.001468846,2018-07-24,"{""type"":""MultiPoint"",""coordinates"":[]}"
20180725,-0.001830521,2018-07-25,"{""type"":""MultiPoint"",""coordinates"":[]}"
20180726,-0.001981084,2018-07-26,"{""type"":""MultiPoint"",""coordinates"":[]}"
20180727,-0.001454488,2018-07-27,"{""type"":""MultiPoint"",""coordinates"":[]}"
20180728,-0.001764664,2018-07-28,"{""type"":""MultiPoint"",""coordinates"":[]}"
20180729,-0.002442436,2018-07-29,"{""type"":""MultiPoint"",""coordinates"":[]}"
20180730,-0.002217175,2018-07-30,"{""type"":""MultiPoint"",""coordinates"":[]}"
20180731,-0.001837712,2018-07-31,"{""type"":""MultiPoint"",""coordinates"":[]}"
20180801,-0.001749503,2018-08-01,"{""type"":""MultiPoint"",""coordinates"":[]}"
20180802,-0.002556109,2018-08-02,"{""type"":""MultiPoint"",""coordinates"":[]}"
20180803,-0.002395241,2018-08-03,"{""type"":""MultiPoint"",""coordinates"":[]}"
20180804,-0.002481142,2018-08-04,"{""type"":""MultiPoint"",""coordinates"":[]}"
20180805,-0.002426476,2018-08-05,"{""type"":""MultiPoint"",""coordinates"":[]}"
20180806,-0.001918201,2018-08-06,"{""type"":""MultiPoint"",""coordinates"":[]}"
20180807,-0.001307319,2018-08-07,"{""type"":""MultiPoint"",""coordinates"":[]}"
20180808,-9.71E-04,2018-08-08,"{""type"":""MultiPoint"",""coordinates"":[]}"
20180809,-0.001761627,2018-08-09,"{""type"":""MultiPoint"",""coordinates"":[]}"
20180810,-0.001264947,2018-08-10,"{""type"":""MultiPoint"",""coordinates"":[]}"
20180811,-5.58E-04,2018-08-11,"{""type"":""MultiPoint"",""coordinates"":[]}"
20180812,-2.50E-04,2018-08-12,"{""type"":""MultiPoint"",""coordinates"":[]}"
20180813,-6.80E-04,2018-08-13,"{""type"":""MultiPoint"",""coordinates"":[]}"
20180814,-5.52E-04,2018-08-14,"{""type"":""MultiPoint"",""coordinates"":[]}"
20180815,-9.78E-05,2018-08-15,"{""type"":""MultiPoint"",""coordinates"":[]}"
20180816,-9.94E-04,2018-08-16,"{""type"":""MultiPoint"",""coordinates"":[]}"
20180817,-0.002186472,2018-08-17,"{""type"":""MultiPoint"",""coordinates"":[]}"
20180818,-0.002111986,2018-08-18,"{""type"":""MultiPoint"",""coordinates"":[]}"
20180819,-0.001711719,2018-08-19,"{""type"":""MultiPoint"",""coordinates"":[]}"
20180820,-0.001937526,2018-08-20,"{""type"":""MultiPoint"",""coordinates"":[]}"
20180821,-0.00252751,2018-08-21,"{""type"":""MultiPoint"",""coordinates"":[]}"
20180822,-0.002162403,2018-08-22,"{""type"":""MultiPoint"",""coordinates"":[]}"
20180823,-0.002143905,2018-08-23,"{""type"":""MultiPoint"",""coordinates"":[]}"
20180824,-0.001856253,2018-08-24,"{""type"":""MultiPoint"",""coordinates"":[]}"
20180825,-0.002300429,2018-08-25,"{""type"":""MultiPoint"",""coordinates"":[]}"
20180826,-0.00186904,2018-08-26,"{""type"":""MultiPoint"",""coordinates"":[]}"
20180827,-0.001756562,2018-08-27,"{""type"":""MultiPoint"",""coordinates"":[]}"
20180828,-0.001866507,2018-08-28,"{""type"":""MultiPoint"",""coordinates"":[]}"
20180829,-0.001590006,2018-08-29,"{""type"":""MultiPoint"",""coordinates"":[]}"
20180830,-0.001586845,2018-08-30,"{""type"":""MultiPoint"",""coordinates"":[]}"
20180831,-0.002334104,2018-08-31,"{""type"":""MultiPoint"",""coordinates"":[]}"
20180901,-0.00258716,2018-09-01,"{""type"":""MultiPoint"",""coordinates"":[]}"
20180902,-0.002917773,2018-09-02,"{""type"":""MultiPoint"",""coordinates"":[]}"
20180903,-0.003413119,2018-09-03,"{""type"":""MultiPoint"",""coordinates"":[]}"
20180904,-0.003365586,2018-09-04,"{""type"":""MultiPoint"",""coordinates"":[]}"
20180905,-0.003028533,2018-09-05,"{""type"":""MultiPoint"",""coordinates"":[]}"
20180906,-0.002309786,2018-09-06,"{""type"":""MultiPoint"",""coordinates"":[]}"
20180907,-0.002009424,2018-09-07,"{""type"":""MultiPoint"",""coordinates"":[]}"
20180908,-0.002621124,2018-09-08,"{""type"":""MultiPoint"",""coordinates"":[]}"
20180909,-0.00296888,2018-09-09,"{""type"":""MultiPoint"",""coordinates"":[]}"
20180910,-0.002544979,2018-09-10,"{""type"":""MultiPoint"",""coordinates"":[]}"
20180911,-0.002852697,2018-09-11,"{""type"":""MultiPoint"",""coordinates"":[]}"
20180912,-0.002830156,2018-09-12,"{""type"":""MultiPoint"",""coordinates"":[]}"
20180913,-0.002559817,2018-09-13,"{""type"":""MultiPoint"",""coordinates"":[]}"
20180914,-0.002894281,2018-09-14,"{""type"":""MultiPoint"",""coordinates"":[]}"
20180915,-0.003046551,2018-09-15,"{""type"":""MultiPoint"",""coordinates"":[]}"
20180916,-0.003182179,2018-09-16,"{""type"":""MultiPoint"",""coordinates"":[]}"
20180917,-0.001878098,2018-09-17,"{""type"":""MultiPoint"",""coordinates"":[]}"
20180918,-0.002605962,2018-09-18,"{""type"":""MultiPoint"",""coordinates"":[]}"
20180919,-0.002422455,2018-09-19,"{""type"":""MultiPoint"",""coordinates"":[]}"
20180920,-0.002665433,2018-09-20,"{""type"":""MultiPoint"",""coordinates"":[]}"
20180921,-0.001970981,2018-09-21,"{""type"":""MultiPoint"",""coordinates"":[]}"
20180922,-0.003070118,2018-09-22,"{""type"":""MultiPoint"",""coordinates"":[]}"
20180923,-0.002228367,2018-09-23,"{""type"":""MultiPoint"",""coordinates"":[]}"
20180924,-0.002169294,2018-09-24,"{""type"":""MultiPoint"",""coordinates"":[]}"
20180925,-0.002361639,2018-09-25,"{""type"":""MultiPoint"",""coordinates"":[]}"
20180926,-0.002519118,2018-09-26,"{""type"":""MultiPoint"",""coordinates"":[]}"
20180927,-0.002679828,2018-09-27,"{""type"":""MultiPoint"",""coordinates"":[]}"
20180928,-0.001583221,2018-09-28,"{""type"":""MultiPoint"",""coordinates"":[]}"
20180929,-0.002834116,2018-09-29,"{""type"":""MultiPoint"",""coordinates"":[]}"
20180930,-0.002916258,2018-09-30,"{""type"":""MultiPoint"",""coordinates"":[]}"
20181001,-0.003161464,2018-10-01,"{""type"":""MultiPoint"",""coordinates"":[]}"
20181002,-0.002823274,2018-10-02,"{""type"":""MultiPoint"",""coordinates"":[]}"
20181003,-0.003308795,2018-10-03,"{""type"":""MultiPoint"",""coordinates"":[]}"
20181004,-0.001231275,2018-10-04,"{""type"":""MultiPoint"",""coordinates"":[]}"
20181005,-0.00118987,2018-10-05,"{""type"":""MultiPoint"",""coordinates"":[]}"
20181006,-0.001440048,2018-10-06,"{""type"":""MultiPoint"",""coordinates"":[]}"
20181007,-0.00316986,2018-10-07,"{""type"":""MultiPoint"",""coordinates"":[]}"
20181008,-0.003024956,2018-10-08,"{""type"":""MultiPoint"",""coordinates"":[]}"
20181009,-0.00333993,2018-10-09,"{""type"":""MultiPoint"",""coordinates"":[]}"
20181010,-0.003371773,2018-10-10,"{""type"":""MultiPoint"",""coordinates"":[]}"
20181011,-0.003785218,2018-10-11,"{""type"":""MultiPoint"",""coordinates"":[]}"
20181012,-0.003446806,2018-10-12,"{""type"":""MultiPoint"",""coordinates"":[]}"
20181013,-0.003259362,2018-10-13,"{""type"":""MultiPoint"",""coordinates"":[]}"
20181014,-0.002638959,2018-10-14,"{""type"":""MultiPoint"",""coordinates"":[]}"
20181015,-0.001998599,2018-10-15,"{""type"":""MultiPoint"",""coordinates"":[]}"
20181016,-0.001528071,2018-10-16,"{""type"":""MultiPoint"",""coordinates"":[]}"
20181017,-0.002505042,2018-10-17,"{""type"":""MultiPoint"",""coordinates"":[]}"
20181018,-0.001923377,2018-10-18,"{""type"":""MultiPoint"",""coordinates"":[]}"
20181019,-0.001936968,2018-10-19,"{""type"":""MultiPoint"",""coordinates"":[]}"
20181020,-0.003666545,2018-10-20,"{""type"":""MultiPoint"",""coordinates"":[]}"
20181021,-0.00258278,2018-10-21,"{""type"":""MultiPoint"",""coordinates"":[]}"
20181022,-0.004012263,2018-10-22,"{""type"":""MultiPoint"",""coordinates"":[]}"
20181023,-0.00402654,2018-10-23,"{""type"":""MultiPoint"",""coordinates"":[]}"
20181024,-0.004179387,2018-10-24,"{""type"":""MultiPoint"",""coordinates"":[]}"
20181025,-0.003916213,2018-10-25,"{""type"":""MultiPoint"",""coordinates"":[]}"
20181026,-0.003578373,2018-10-26,"{""type"":""MultiPoint"",""coordinates"":[]}"
20181027,-0.004072815,2018-10-27,"{""type"":""MultiPoint"",""coordinates"":[]}"
20181028,-0.003887302,2018-10-28,"{""type"":""MultiPoint"",""coordinates"":[]}"
20181029,-0.003646872,2018-10-29,"{""type"":""MultiPoint"",""coordinates"":[]}"
20181030,-0.00355102,2018-10-30,"{""type"":""MultiPoint"",""coordinates"":[]}"
20181031,-0.00300251,2018-10-31,"{""type"":""MultiPoint"",""coordinates"":[]}"
20181101,-0.001842689,2018-11-01,"{""type"":""MultiPoint"",""coordinates"":[]}"
20181102,-3.16E-04,2018-11-02,"{""type"":""MultiPoint"",""coordinates"":[]}"
20181103,-0.001355238,2018-11-03,"{""type"":""MultiPoint"",""coordinates"":[]}"
20181104,-0.00236822,2018-11-04,"{""type"":""MultiPoint"",""coordinates"":[]}"
20181105,-0.003004539,2018-11-05,"{""type"":""MultiPoint"",""coordinates"":[]}"
20181106,-0.00264267,2018-11-06,"{""type"":""MultiPoint"",""coordinates"":[]}"
20181107,-0.003538221,2018-11-07,"{""type"":""MultiPoint"",""coordinates"":[]}"
20181108,-0.0031244,2018-11-08,"{""type"":""MultiPoint"",""coordinates"":[]}"
20181109,-0.003292065,2018-11-09,"{""type"":""MultiPoint"",""coordinates"":[]}"
20181110,-0.003173465,2018-11-10,"{""type"":""MultiPoint"",""coordinates"":[]}"
20181111,-0.003238803,2018-11-11,"{""type"":""MultiPoint"",""coordinates"":[]}"
20181112,-0.003061568,2018-11-12,"{""type"":""MultiPoint"",""coordinates"":[]}"
20181113,-0.00314049,2018-11-13,"{""type"":""MultiPoint"",""coordinates"":[]}"
20181114,-0.003111951,2018-11-14,"{""type"":""MultiPoint"",""coordinates"":[]}"
20181115,-0.001785772,2018-11-15,"{""type"":""MultiPoint"",""coordinates"":[]}"
20181116,-0.001373015,2018-11-16,"{""type"":""MultiPoint"",""coordinates"":[]}"
20181117,-0.002162225,2018-11-17,"{""type"":""MultiPoint"",""coordinates"":[]}"
20181118,-0.001860634,2018-11-18,"{""type"":""MultiPoint"",""coordinates"":[]}"
20181119,-0.001758874,2018-11-19,"{""type"":""MultiPoint"",""coordinates"":[]}"
20181120,-0.002140241,2018-11-20,"{""type"":""MultiPoint"",""coordinates"":[]}"
20181121,-0.001425709,2018-11-21,"{""type"":""MultiPoint"",""coordinates"":[]}"
20181122,-3.02E-04,2018-11-22,"{""type"":""MultiPoint"",""coordinates"":[]}"
20181123,-4.78E-04,2018-11-23,"{""type"":""MultiPoint"",""coordinates"":[]}"
20181124,-0.002206144,2018-11-24,"{""type"":""MultiPoint"",""coordinates"":[]}"
20181125,-0.002318856,2018-11-25,"{""type"":""MultiPoint"",""coordinates"":[]}"
20181126,-0.003015344,2018-11-26,"{""type"":""MultiPoint"",""coordinates"":[]}"
20181127,-0.003082557,2018-11-27,"{""type"":""MultiPoint"",""coordinates"":[]}"
20181128,-0.002848282,2018-11-28,"{""type"":""MultiPoint"",""coordinates"":[]}"
20181129,-0.001539318,2018-11-29,"{""type"":""MultiPoint"",""coordinates"":[]}"
20181130,-0.002541174,2018-11-30,"{""type"":""MultiPoint"",""coordinates"":[]}"
20181201,-0.002742824,2018-12-01,"{""type"":""MultiPoint"",""coordinates"":[]}"
20181202,-0.002856642,2018-12-02,"{""type"":""MultiPoint"",""coordinates"":[]}"
20181203,-0.002396964,2018-12-03,"{""type"":""MultiPoint"",""coordinates"":[]}"
20181204,-0.001113148,2018-12-04,"{""type"":""MultiPoint"",""coordinates"":[]}"
20181205,-0.001701844,2018-12-05,"{""type"":""MultiPoint"",""coordinates"":[]}"
20181206,-0.001940642,2018-12-06,"{""type"":""MultiPoint"",""coordinates"":[]}"
20181207,-0.002607923,2018-12-07,"{""type"":""MultiPoint"",""coordinates"":[]}"
20181208,-0.002244753,2018-12-08,"{""type"":""MultiPoint"",""coordinates"":[]}"
20181209,-0.002583397,2018-12-09,"{""type"":""MultiPoint"",""coordinates"":[]}"
20181210,-0.002454802,2018-12-10,"{""type"":""MultiPoint"",""coordinates"":[]}"
20181211,-0.002095189,2018-12-11,"{""type"":""MultiPoint"",""coordinates"":[]}"
20181212,-0.00196566,2018-12-12,"{""type"":""MultiPoint"",""coordinates"":[]}"
20181213,-0.001636186,2018-12-13,"{""type"":""MultiPoint"",""coordinates"":[]}"
20181214,-0.002362948,2018-12-14,"{""type"":""MultiPoint"",""coordinates"":[]}"
20181215,-0.002030364,2018-12-15,"{""type"":""MultiPoint"",""coordinates"":[]}"
20181216,-0.001978138,2018-12-16,"{""type"":""MultiPoint"",""coordinates"":[]}"
20181217,-0.002028145,2018-12-17,"{""type"":""MultiPoint"",""coordinates"":[]}"
20181218,-0.002114034,2018-12-18,"{""type"":""MultiPoint"",""coordinates"":[]}"
20181219,-0.001369216,2018-12-19,"{""type"":""MultiPoint"",""coordinates"":[]}"
20181220,-0.001491189,2018-12-20,"{""type"":""MultiPoint"",""coordinates"":[]}"
20181221,-0.001289938,2018-12-21,"{""type"":""MultiPoint"",""coordinates"":[]}"
20181222,-0.001245365,2018-12-22,"{""type"":""MultiPoint"",""coordinates"":[]}"
20181223,-0.001276162,2018-12-23,"{""type"":""MultiPoint"",""coordinates"":[]}"
20181224,-0.001289193,2018-12-24,"{""type"":""MultiPoint"",""coordinates"":[]}"
20181225,-0.001393469,2018-12-25,"{""type"":""MultiPoint"",""coordinates"":[]}"
20181226,-0.001878686,2018-12-26,"{""type"":""MultiPoint"",""coordinates"":[]}"
20181227,-0.001440862,2018-12-27,"{""type"":""MultiPoint"",""coordinates"":[]}"
20181228,-9.68E-04,2018-12-28,"{""type"":""MultiPoint"",""coordinates"":[]}"
20181229,-6.58E-04,2018-12-29,"{""type"":""MultiPoint"",""coordinates"":[]}"
20181230,-0.001397104,2018-12-30,"{""type"":""MultiPoint"",""coordinates"":[]}"
20181231,-0.001533607,2018-12-31,"{""type"":""MultiPoint"",""coordinates"":[]}"
20190101,-0.001662925,2019-01-01,"{""type"":""MultiPoint"",""coordinates"":[]}"
20190102,-0.001565474,2019-01-02,"{""type"":""MultiPoint"",""coordinates"":[]}"
20190103,-0.001608974,2019-01-03,"{""type"":""MultiPoint"",""coordinates"":[]}"
20190104,-0.001515374,2019-01-04,"{""type"":""MultiPoint"",""coordinates"":[]}"
20190105,-0.001455959,2019-01-05,"{""type"":""MultiPoint"",""coordinates"":[]}"
20190106,-0.001527217,2019-01-06,"{""type"":""MultiPoint"",""coordinates"":[]}"
20190107,-0.001420143,2019-01-07,"{""type"":""MultiPoint"",""coordinates"":[]}"
20190108,-0.001491403,2019-01-08,"{""type"":""MultiPoint"",""coordinates"":[]}"
20190109,-0.001495364,2019-01-09,"{""type"":""MultiPoint"",""coordinates"":[]}"
20190110,-0.001481801,2019-01-10,"{""type"":""MultiPoint"",""coordinates"":[]}"
20190111,-0.001409588,2019-01-11,"{""type"":""MultiPoint"",""coordinates"":[]}"
20190112,-0.001299837,2019-01-12,"{""type"":""MultiPoint"",""coordinates"":[]}"
20190113,-0.001334801,2019-01-13,"{""type"":""MultiPoint"",""coordinates"":[]}"
20190114,-0.001334198,2019-01-14,"{""type"":""MultiPoint"",""coordinates"":[]}"
20190115,-0.001348358,2019-01-15,"{""type"":""MultiPoint"",""coordinates"":[]}"
20190116,-0.001284033,2019-01-16,"{""type"":""MultiPoint"",""coordinates"":[]}"
20190117,-0.001158497,2019-01-17,"{""type"":""MultiPoint"",""coordinates"":[]}"
20190118,-0.001145056,2019-01-18,"{""type"":""MultiPoint"",""coordinates"":[]}"
20190119,-0.001252837,2019-01-19,"{""type"":""MultiPoint"",""coordinates"":[]}"
20190120,-0.001176488,2019-01-20,"{""type"":""MultiPoint"",""coordinates"":[]}"
20190121,-0.001230905,2019-01-21,"{""type"":""MultiPoint"",""coordinates"":[]}"
20190122,-0.001192642,2019-01-22,"{""type"":""MultiPoint"",""coordinates"":[]}"
20190123,-0.001141975,2019-01-23,"{""type"":""MultiPoint"",""coordinates"":[]}"
20190124,-0.001103472,2019-01-24,"{""type"":""MultiPoint"",""coordinates"":[]}"
20190125,-8.10E-04,2019-01-25,"{""type"":""MultiPoint"",""coordinates"":[]}"
20190126,-6.77E-04,2019-01-26,"{""type"":""MultiPoint"",""coordinates"":[]}"
20190127,-3.24E-04,2019-01-27,"{""type"":""MultiPoint"",""coordinates"":[]}"
20190128,-4.22E-04,2019-01-28,"{""type"":""MultiPoint"",""coordinates"":[]}"
20190129,-7.63E-04,2019-01-29,"{""type"":""MultiPoint"",""coordinates"":[]}"
20190130,-0.001012511,2019-01-30,"{""type"":""MultiPoint"",""coordinates"":[]}"
20190131,-9.18E-04,2019-01-31,"{""type"":""MultiPoint"",""coordinates"":[]}"
20190201,-8.95E-04,2019-02-01,"{""type"":""MultiPoint"",""coordinates"":[]}"
20190202,-0.001071789,2019-02-02,"{""type"":""MultiPoint"",""coordinates"":[]}"
20190203,-0.001024901,2019-02-03,"{""type"":""MultiPoint"",""coordinates"":[]}"
20190204,-9.99E-04,2019-02-04,"{""type"":""MultiPoint"",""coordinates"":[]}"
20190205,-7.15E-04,2019-02-05,"{""type"":""MultiPoint"",""coordinates"":[]}"
20190206,-9.79E-04,2019-02-06,"{""type"":""MultiPoint"",""coordinates"":[]}"
20190207,-0.001016815,2019-02-07,"{""type"":""MultiPoint"",""coordinates"":[]}"
20190208,-9.94E-04,2019-02-08,"{""type"":""MultiPoint"",""coordinates"":[]}"
20190209,-7.19E-04,2019-02-09,"{""type"":""MultiPoint"",""coordinates"":[]}"
20190210,-8.99E-04,2019-02-10,"{""type"":""MultiPoint"",""coordinates"":[]}"
20190211,-0.001006784,2019-02-11,"{""type"":""MultiPoint"",""coordinates"":[]}"
20190212,-0.001028573,2019-02-12,"{""type"":""MultiPoint"",""coordinates"":[]}"
20190213,-0.001046737,2019-02-13,"{""type"":""MultiPoint"",""coordinates"":[]}"
20190214,-0.001010026,2019-02-14,"{""type"":""MultiPoint"",""coordinates"":[]}"
20190215,-8.80E-04,2019-02-15,"{""type"":""MultiPoint"",""coordinates"":[]}"
20190216,-9.39E-04,2019-02-16,"{""type"":""MultiPoint"",""coordinates"":[]}"
20190217,-0.00101966,2019-02-17,"{""type"":""MultiPoint"",""coordinates"":[]}"
20190218,-0.001139767,2019-02-18,"{""type"":""MultiPoint"",""coordinates"":[]}"
20190219,-7.44E-04,2019-02-19,"{""type"":""MultiPoint"",""coordinates"":[]}"
20190220,-8.74E-04,2019-02-20,"{""type"":""MultiPoint"",""coordinates"":[]}"
20190221,-9.15E-04,2019-02-21,"{""type"":""MultiPoint"",""coordinates"":[]}"
20190222,-9.53E-04,2019-02-22,"{""type"":""MultiPoint"",""coordinates"":[]}"
20190223,-0.001034333,2019-02-23,"{""type"":""MultiPoint"",""coordinates"":[]}"
20190224,-0.001048404,2019-02-24,"{""type"":""MultiPoint"",""coordinates"":[]}"
20190225,-0.001118755,2019-02-25,"{""type"":""MultiPoint"",""coordinates"":[]}"
20190226,-0.001012903,2019-02-26,"{""type"":""MultiPoint"",""coordinates"":[]}"
20190227,-9.34E-04,2019-02-27,"{""type"":""MultiPoint"",""coordinates"":[]}"
20190228,-9.87E-04,2019-02-28,"{""type"":""MultiPoint"",""coordinates"":[]}"
20190301,-9.44E-04,2019-03-01,"{""type"":""MultiPoint"",""coordinates"":[]}"
20190302,-7.15E-04,2019-03-02,"{""type"":""MultiPoint"",""coordinates"":[]}"
20190303,-7.76E-04,2019-03-03,"{""type"":""MultiPoint"",""coordinates"":[]}"
20190304,-7.80E-04,2019-03-04,"{""type"":""MultiPoint"",""coordinates"":[]}"
20190305,-8.30E-04,2019-03-05,"{""type"":""MultiPoint"",""coordinates"":[]}"
20190306,-9.60E-04,2019-03-06,"{""type"":""MultiPoint"",""coordinates"":[]}"
20190307,-0.001035373,2019-03-07,"{""type"":""MultiPoint"",""coordinates"":[]}"
20190308,-9.73E-04,2019-03-08,"{""type"":""MultiPoint"",""coordinates"":[]}"
20190309,-6.51E-04,2019-03-09,"{""type"":""MultiPoint"",""coordinates"":[]}"
20190310,-7.59E-04,2019-03-10,"{""type"":""MultiPoint"",""coordinates"":[]}"
20190311,-8.15E-04,2019-03-11,"{""type"":""MultiPoint"",""coordinates"":[]}"
20190312,-8.46E-04,2019-03-12,"{""type"":""MultiPoint"",""coordinates"":[]}"
20190313,-8.27E-04,2019-03-13,"{""type"":""MultiPoint"",""coordinates"":[]}"
20190314,-8.17E-04,2019-03-14,"{""type"":""MultiPoint"",""coordinates"":[]}"
20190315,-8.36E-04,2019-03-15,"{""type"":""MultiPoint"",""coordinates"":[]}"
20190316,-7.77E-04,2019-03-16,"{""type"":""MultiPoint"",""coordinates"":[]}"
20190317,-8.23E-04,2019-03-17,"{""type"":""MultiPoint"",""coordinates"":[]}"
20190318,-8.22E-04,2019-03-18,"{""type"":""MultiPoint"",""coordinates"":[]}"
20190319,-7.73E-04,2019-03-19,"{""type"":""MultiPoint"",""coordinates"":[]}"
20190320,-6.77E-04,2019-03-20,"{""type"":""MultiPoint"",""coordinates"":[]}"
20190321,-7.97E-04,2019-03-21,"{""type"":""MultiPoint"",""coordinates"":[]}"
20190322,-7.88E-04,2019-03-22,"{""type"":""MultiPoint"",""coordinates"":[]}"
20190323,-7.31E-04,2019-03-23,"{""type"":""MultiPoint"",""coordinates"":[]}"
20190324,-7.01E-04,2019-03-24,"{""type"":""MultiPoint"",""coordinates"":[]}"
20190325,-7.60E-04,2019-03-25,"{""type"":""MultiPoint"",""coordinates"":[]}"
20190326,-7.67E-04,2019-03-26,"{""type"":""MultiPoint"",""coordinates"":[]}"
20190327,-8.05E-04,2019-03-27,"{""type"":""MultiPoint"",""coordinates"":[]}"
20190328,-8.08E-04,2019-03-28,"{""type"":""MultiPoint"",""coordinates"":[]}"
20190329,-7.01E-04,2019-03-29,"{""type"":""MultiPoint"",""coordinates"":[]}"
20190330,-7.71E-04,2019-03-30,"{""type"":""MultiPoint"",""coordinates"":[]}"
20190331,-7.03E-04,2019-03-31,"{""type"":""MultiPoint"",""coordinates"":[]}"
20190401,-7.44E-04,2019-04-01,"{""type"":""MultiPoint"",""coordinates"":[]}"
20190402,-6.58E-04,2019-04-02,"{""type"":""MultiPoint"",""coordinates"":[]}"
20190403,-6.05E-04,2019-04-03,"{""type"":""MultiPoint"",""coordinates"":[]}"
20190404,-6.58E-04,2019-04-04,"{""type"":""MultiPoint"",""coordinates"":[]}"
20190405,-7.28E-04,2019-04-05,"{""type"":""MultiPoint"",""coordinates"":[]}"
20190406,-7.39E-04,2019-04-06,"{""type"":""MultiPoint"",""coordinates"":[]}"
20190407,-7.01E-04,2019-04-07,"{""type"":""MultiPoint"",""coordinates"":[]}"
20190408,-6.11E-04,2019-04-08,"{""type"":""MultiPoint"",""coordinates"":[]}"
20190409,-5.27E-04,2019-04-09,"{""type"":""MultiPoint"",""coordinates"":[]}"
20190410,-5.93E-04,2019-04-10,"{""type"":""MultiPoint"",""coordinates"":[]}"
20190411,-6.09E-04,2019-04-11,"{""type"":""MultiPoint"",""coordinates"":[]}"
20190412,-6.63E-04,2019-04-12,"{""type"":""MultiPoint"",""coordinates"":[]}"
20190413,-6.66E-04,2019-04-13,"{""type"":""MultiPoint"",""coordinates"":[]}"
20190414,-6.61E-04,2019-04-14,"{""type"":""MultiPoint"",""coordinates"":[]}"
20190415,-6.69E-04,2019-04-15,"{""type"":""MultiPoint"",""coordinates"":[]}"
20190416,-6.38E-04,2019-04-16,"{""type"":""MultiPoint"",""coordinates"":[]}"
20190417,-4.21E-04,2019-04-17,"{""type"":""MultiPoint"",""coordinates"":[]}"
20190418,-6.62E-04,2019-04-18,"{""type"":""MultiPoint"",""coordinates"":[]}"
20190419,-0.001326472,2019-04-19,"{""type"":""MultiPoint"",""coordinates"":[]}"
20190420,-0.001176124,2019-04-20,"{""type"":""MultiPoint"",""coordinates"":[]}"
20190421,-0.002102422,2019-04-21,"{""type"":""MultiPoint"",""coordinates"":[]}"
20190422,-0.001801964,2019-04-22,"{""type"":""MultiPoint"",""coordinates"":[]}"
20190423,-0.001555579,2019-04-23,"{""type"":""MultiPoint"",""coordinates"":[]}"
20190424,-0.001481431,2019-04-24,"{""type"":""MultiPoint"",""coordinates"":[]}"
20190425,-0.00154428,2019-04-25,"{""type"":""MultiPoint"",""coordinates"":[]}"
20190426,-0.001169787,2019-04-26,"{""type"":""MultiPoint"",""coordinates"":[]}"
20190427,-9.81E-04,2019-04-27,"{""type"":""MultiPoint"",""coordinates"":[]}"
20190428,-8.31E-04,2019-04-28,"{""type"":""MultiPoint"",""coordinates"":[]}"
20190429,-7.13E-04,2019-04-29,"{""type"":""MultiPoint"",""coordinates"":[]}"
20190430,-5.11E-04,2019-04-30,"{""type"":""MultiPoint"",""coordinates"":[]}"
20190501,-0.001358578,2019-05-01,"{""type"":""MultiPoint"",""coordinates"":[]}"
20190502,-0.001684423,2019-05-02,"{""type"":""MultiPoint"",""coordinates"":[]}"
20190503,-0.001326887,2019-05-03,"{""type"":""MultiPoint"",""coordinates"":[]}"
20190504,-0.001038973,2019-05-04,"{""type"":""MultiPoint"",""coordinates"":[]}"
20190505,-0.001019367,2019-05-05,"{""type"":""MultiPoint"",""coordinates"":[]}"
20190506,-7.94E-04,2019-05-06,"{""type"":""MultiPoint"",""coordinates"":[]}"
20190507,-5.57E-04,2019-05-07,"{""type"":""MultiPoint"",""coordinates"":[]}"
20190508,-0.001447815,2019-05-08,"{""type"":""MultiPoint"",""coordinates"":[]}"
20190509,-0.001705624,2019-05-09,"{""type"":""MultiPoint"",""coordinates"":[]}"
20190510,-0.001774782,2019-05-10,"{""type"":""MultiPoint"",""coordinates"":[]}"
20190511,-0.001286893,2019-05-11,"{""type"":""MultiPoint"",""coordinates"":[]}"
20190512,-0.001158284,2019-05-12,"{""type"":""MultiPoint"",""coordinates"":[]}"
20190513,-0.001472948,2019-05-13,"{""type"":""MultiPoint"",""coordinates"":[]}"
20190514,-0.001558897,2019-05-14,"{""type"":""MultiPoint"",""coordinates"":[]}"
20190515,-0.001437848,2019-05-15,"{""type"":""MultiPoint"",""coordinates"":[]}"
20190516,-0.001330798,2019-05-16,"{""type"":""MultiPoint"",""coordinates"":[]}"
20190517,-0.001098004,2019-05-17,"{""type"":""MultiPoint"",""coordinates"":[]}"
20190518,-0.0014622,2019-05-18,"{""type"":""MultiPoint"",""coordinates"":[]}"
20190519,-0.001249162,2019-05-19,"{""type"":""MultiPoint"",""coordinates"":[]}"
20190520,-0.001127974,2019-05-20,"{""type"":""MultiPoint"",""coordinates"":[]}"
20190521,-0.001000998,2019-05-21,"{""type"":""MultiPoint"",""coordinates"":[]}"
20190522,-7.54E-04,2019-05-22,"{""type"":""MultiPoint"",""coordinates"":[]}"
20190523,-8.26E-04,2019-05-23,"{""type"":""MultiPoint"",""coordinates"":[]}"
20190524,-0.001602722,2019-05-24,"{""type"":""MultiPoint"",""coordinates"":[]}"
20190525,-0.001503983,2019-05-25,"{""type"":""MultiPoint"",""coordinates"":[]}"
20190526,-0.002241481,2019-05-26,"{""type"":""MultiPoint"",""coordinates"":[]}"
20190527,-0.002564486,2019-05-27,"{""type"":""MultiPoint"",""coordinates"":[]}"
20190528,-0.002852363,2019-05-28,"{""type"":""MultiPoint"",""coordinates"":[]}"
20190529,-0.002617032,2019-05-29,"{""type"":""MultiPoint"",""coordinates"":[]}"
20190530,-0.002114276,2019-05-30,"{""type"":""MultiPoint"",""coordinates"":[]}"
20190531,-0.002667496,2019-05-31,"{""type"":""MultiPoint"",""coordinates"":[]}"
20190601,-0.003228519,2019-06-01,"{""type"":""MultiPoint"",""coordinates"":[]}"
20190602,-0.002674505,2019-06-02,"{""type"":""MultiPoint"",""coordinates"":[]}"
20190603,-0.001493233,2019-06-03,"{""type"":""MultiPoint"",""coordinates"":[]}"
20190604,-0.003326187,2019-06-04,"{""type"":""MultiPoint"",""coordinates"":[]}"
20190605,-0.002431305,2019-06-05,"{""type"":""MultiPoint"",""coordinates"":[]}"
20190606,-0.003377228,2019-06-06,"{""type"":""MultiPoint"",""coordinates"":[]}"
20190607,-0.003212102,2019-06-07,"{""type"":""MultiPoint"",""coordinates"":[]}"
20190608,-0.002533417,2019-06-08,"{""type"":""MultiPoint"",""coordinates"":[]}"
20190609,-0.003706258,2019-06-09,"{""type"":""MultiPoint"",""coordinates"":[]}"
20190610,-0.002626049,2019-06-10,"{""type"":""MultiPoint"",""coordinates"":[]}"
20190611,-0.002416581,2019-06-11,"{""type"":""MultiPoint"",""coordinates"":[]}"
20190612,-0.002029899,2019-06-12,"{""type"":""MultiPoint"",""coordinates"":[]}"
20190613,-0.001630819,2019-06-13,"{""type"":""MultiPoint"",""coordinates"":[]}"
20190614,-0.00172687,2019-06-14,"{""type"":""MultiPoint"",""coordinates"":[]}"
20190615,-0.002986383,2019-06-15,"{""type"":""MultiPoint"",""coordinates"":[]}"
20190616,-0.002914854,2019-06-16,"{""type"":""MultiPoint"",""coordinates"":[]}"
20190617,-0.002602466,2019-06-17,"{""type"":""MultiPoint"",""coordinates"":[]}"
20190618,-0.002676411,2019-06-18,"{""type"":""MultiPoint"",""coordinates"":[]}"
20190619,-0.002294483,2019-06-19,"{""type"":""MultiPoint"",""coordinates"":[]}"
20190620,-0.001935025,2019-06-20,"{""type"":""MultiPoint"",""coordinates"":[]}"
20190621,-0.001122955,2019-06-21,"{""type"":""MultiPoint"",""coordinates"":[]}"
20190622,-0.0012123,2019-06-22,"{""type"":""MultiPoint"",""coordinates"":[]}"
20190623,-0.001606858,2019-06-23,"{""type"":""MultiPoint"",""coordinates"":[]}"
20190624,-0.001575693,2019-06-24,"{""type"":""MultiPoint"",""coordinates"":[]}"
20190625,-0.002265392,2019-06-25,"{""type"":""MultiPoint"",""coordinates"":[]}"
20190626,-0.001563975,2019-06-26,"{""type"":""MultiPoint"",""coordinates"":[]}"
20190627,-0.002212485,2019-06-27,"{""type"":""MultiPoint"",""coordinates"":[]}"
20190628,-0.002286501,2019-06-28,"{""type"":""MultiPoint"",""coordinates"":[]}"
20190629,-0.002012718,2019-06-29,"{""type"":""MultiPoint"",""coordinates"":[]}"
20190630,-0.001645477,2019-06-30,"{""type"":""MultiPoint"",""coordinates"":[]}"
20190701,-0.002296785,2019-07-01,"{""type"":""MultiPoint"",""coordinates"":[]}"
20190702,-0.001769962,2019-07-02,"{""type"":""MultiPoint"",""coordinates"":[]}"
20190703,-0.001487335,2019-07-03,"{""type"":""MultiPoint"",""coordinates"":[]}"
20190704,-0.001083044,2019-07-04,"{""type"":""MultiPoint"",""coordinates"":[]}"
20190705,-0.001642442,2019-07-05,"{""type"":""MultiPoint"",""coordinates"":[]}"
20190706,-0.001583256,2019-07-06,"{""type"":""MultiPoint"",""coordinates"":[]}"
20190707,-0.001877081,2019-07-07,"{""type"":""MultiPoint"",""coordinates"":[]}"
20190708,-0.001768423,2019-07-08,"{""type"":""MultiPoint"",""coordinates"":[]}"
20190709,-0.001350494,2019-07-09,"{""type"":""MultiPoint"",""coordinates"":[]}"
20190710,-4.74E-04,2019-07-10,"{""type"":""MultiPoint"",""coordinates"":[]}"
20190711,-0.00169227,2019-07-11,"{""type"":""MultiPoint"",""coordinates"":[]}"
20190712,-0.002242141,2019-07-12,"{""type"":""MultiPoint"",""coordinates"":[]}"
20190713,-0.002180957,2019-07-13,"{""type"":""MultiPoint"",""coordinates"":[]}"
20190714,-0.001993046,2019-07-14,"{""type"":""MultiPoint"",""coordinates"":[]}"
20190715,-0.001787712,2019-07-15,"{""type"":""MultiPoint"",""coordinates"":[]}"
20190716,-0.002073148,2019-07-16,"{""type"":""MultiPoint"",""coordinates"":[]}"
20190717,-0.001940078,2019-07-17,"{""type"":""MultiPoint"",""coordinates"":[]}"
20190718,-0.001400267,2019-07-18,"{""type"":""MultiPoint"",""coordinates"":[]}"
20190719,-0.001240521,2019-07-19,"{""type"":""MultiPoint"",""coordinates"":[]}"
20190720,-0.001708246,2019-07-20,"{""type"":""MultiPoint"",""coordinates"":[]}"
20190721,-0.001036984,2019-07-21,"{""type"":""MultiPoint"",""coordinates"":[]}"
20190722,-7.82E-04,2019-07-22,"{""type"":""MultiPoint"",""coordinates"":[]}"
20190723,-7.12E-04,2019-07-23,"{""type"":""MultiPoint"",""coordinates"":[]}"
20190724,-0.001319753,2019-07-24,"{""type"":""MultiPoint"",""coordinates"":[]}"
20190725,-0.001400582,2019-07-25,"{""type"":""MultiPoint"",""coordinates"":[]}"
20190726,-5.09E-04,2019-07-26,"{""type"":""MultiPoint"",""coordinates"":[]}"
20190727,-0.00141984,2019-07-27,"{""type"":""MultiPoint"",""coordinates"":[]}"
20190728,-0.001384245,2019-07-28,"{""type"":""MultiPoint"",""coordinates"":[]}"
20190729,-0.001537346,2019-07-29,"{""type"":""MultiPoint"",""coordinates"":[]}"
20190730,-0.002147301,2019-07-30,"{""type"":""MultiPoint"",""coordinates"":[]}"
20190731,-0.002432947,2019-07-31,"{""type"":""MultiPoint"",""coordinates"":[]}"
20190801,-0.002511631,2019-08-01,"{""type"":""MultiPoint"",""coordinates"":[]}"
20190802,-0.001838941,2019-08-02,"{""type"":""MultiPoint"",""coordinates"":[]}"
20190803,-0.002103983,2019-08-03,"{""type"":""MultiPoint"",""coordinates"":[]}"
20190804,-0.002190327,2019-08-04,"{""type"":""MultiPoint"",""coordinates"":[]}"
20190805,-8.49E-04,2019-08-05,"{""type"":""MultiPoint"",""coordinates"":[]}"
20190806,-7.82E-04,2019-08-06,"{""type"":""MultiPoint"",""coordinates"":[]}"
20190807,-0.001433035,2019-08-07,"{""type"":""MultiPoint"",""coordinates"":[]}"
20190808,-5.53E-04,2019-08-08,"{""type"":""MultiPoint"",""coordinates"":[]}"
20190809,-0.001269128,2019-08-09,"{""type"":""MultiPoint"",""coordinates"":[]}"
20190810,-7.95E-04,2019-08-10,"{""type"":""MultiPoint"",""coordinates"":[]}"
20190811,-0.001832162,2019-08-11,"{""type"":""MultiPoint"",""coordinates"":[]}"
20190812,-0.001651939,2019-08-12,"{""type"":""MultiPoint"",""coordinates"":[]}"
20190813,-0.001539035,2019-08-13,"{""type"":""MultiPoint"",""coordinates"":[]}"
20190814,-0.001714422,2019-08-14,"{""type"":""MultiPoint"",""coordinates"":[]}"
20190815,-0.001672547,2019-08-15,"{""type"":""MultiPoint"",""coordinates"":[]}"
20190816,-0.001523736,2019-08-16,"{""type"":""MultiPoint"",""coordinates"":[]}"
20190817,-8.89E-04,2019-08-17,"{""type"":""MultiPoint"",""coordinates"":[]}"
20190818,-4.99E-04,2019-08-18,"{""type"":""MultiPoint"",""coordinates"":[]}"
20190819,-0.001901138,2019-08-19,"{""type"":""MultiPoint"",""coordinates"":[]}"
20190820,-0.001766875,2019-08-20,"{""type"":""MultiPoint"",""coordinates"":[]}"
20190821,-0.001611184,2019-08-21,"{""type"":""MultiPoint"",""coordinates"":[]}"
20190822,-0.001189151,2019-08-22,"{""type"":""MultiPoint"",""coordinates"":[]}"
20190823,-0.001913052,2019-08-23,"{""type"":""MultiPoint"",""coordinates"":[]}"
20190824,-0.001557649,2019-08-24,"{""type"":""MultiPoint"",""coordinates"":[]}"
20190825,-0.002373085,2019-08-25,"{""type"":""MultiPoint"",""coordinates"":[]}"
20190826,-0.001871936,2019-08-26,"{""type"":""MultiPoint"",""coordinates"":[]}"
20190827,-0.001954399,2019-08-27,"{""type"":""MultiPoint"",""coordinates"":[]}"
20190828,-0.002028862,2019-08-28,"{""type"":""MultiPoint"",""coordinates"":[]}"
20190829,-0.00184244,2019-08-29,"{""type"":""MultiPoint"",""coordinates"":[]}"
20190830,-0.002158477,2019-08-30,"{""type"":""MultiPoint"",""coordinates"":[]}"
20190831,-0.001563616,2019-08-31,"{""type"":""MultiPoint"",""coordinates"":[]}"
20190901,-0.001068725,2019-09-01,"{""type"":""MultiPoint"",""coordinates"":[]}"
20190902,-0.00120078,2019-09-02,"{""type"":""MultiPoint"",""coordinates"":[]}"
20190903,-0.001298249,2019-09-03,"{""type"":""MultiPoint"",""coordinates"":[]}"
20190904,-0.00129405,2019-09-04,"{""type"":""MultiPoint"",""coordinates"":[]}"
20190905,-0.001829684,2019-09-05,"{""type"":""MultiPoint"",""coordinates"":[]}"
20190906,-0.0022557,2019-09-06,"{""type"":""MultiPoint"",""coordinates"":[]}"
20190907,-0.0020073,2019-09-07,"{""type"":""MultiPoint"",""coordinates"":[]}"
20190908,-0.002068949,2019-09-08,"{""type"":""MultiPoint"",""coordinates"":[]}"
20190909,-0.002017396,2019-09-09,"{""type"":""MultiPoint"",""coordinates"":[]}"
20190910,-0.002051458,2019-09-10,"{""type"":""MultiPoint"",""coordinates"":[]}"
20190911,-0.001785866,2019-09-11,"{""type"":""MultiPoint"",""coordinates"":[]}"
20190912,-0.002165187,2019-09-12,"{""type"":""MultiPoint"",""coordinates"":[]}"
20190913,-0.00221813,2019-09-13,"{""type"":""MultiPoint"",""coordinates"":[]}"
20190914,-0.002043154,2019-09-14,"{""type"":""MultiPoint"",""coordinates"":[]}"
20190915,-0.002460339,2019-09-15,"{""type"":""MultiPoint"",""coordinates"":[]}"
20190916,-5.32E-04,2019-09-16,"{""type"":""MultiPoint"",""coordinates"":[]}"
20190917,-0.001064803,2019-09-17,"{""type"":""MultiPoint"",""coordinates"":[]}"
20190918,-5.39E-04,2019-09-18,"{""type"":""MultiPoint"",""coordinates"":[]}"
20190919,-0.002033702,2019-09-19,"{""type"":""MultiPoint"",""coordinates"":[]}"
20190920,-0.002363705,2019-09-20,"{""type"":""MultiPoint"",""coordinates"":[]}"
20190921,-0.003259152,2019-09-21,"{""type"":""MultiPoint"",""coordinates"":[]}"
20190922,-0.001527027,2019-09-22,"{""type"":""MultiPoint"",""coordinates"":[]}"
20190923,-0.001119469,2019-09-23,"{""type"":""MultiPoint"",""coordinates"":[]}"
20190924,-0.001272668,2019-09-24,"{""type"":""MultiPoint"",""coordinates"":[]}"
20190925,-0.001140141,2019-09-25,"{""type"":""MultiPoint"",""coordinates"":[]}"
20190926,-0.00208809,2019-09-26,"{""type"":""MultiPoint"",""coordinates"":[]}"
20190927,-0.002576017,2019-09-27,"{""type"":""MultiPoint"",""coordinates"":[]}"
20190928,-0.003063023,2019-09-28,"{""type"":""MultiPoint"",""coordinates"":[]}"
20190929,-0.003205281,2019-09-29,"{""type"":""MultiPoint"",""coordinates"":[]}"
20190930,-0.003389426,2019-09-30,"{""type"":""MultiPoint"",""coordinates"":[]}"
20191001,-0.002645919,2019-10-01,"{""type"":""MultiPoint"",""coordinates"":[]}"
20191002,-0.003057618,2019-10-02,"{""type"":""MultiPoint"",""coordinates"":[]}"
20191003,-0.002118949,2019-10-03,"{""type"":""MultiPoint"",""coordinates"":[]}"
20191004,-0.002588679,2019-10-04,"{""type"":""MultiPoint"",""coordinates"":[]}"
20191005,-0.002128939,2019-10-05,"{""type"":""MultiPoint"",""coordinates"":[]}"
20191006,-0.002767232,2019-10-06,"{""type"":""MultiPoint"",""coordinates"":[]}"
20191007,-0.002307904,2019-10-07,"{""type"":""MultiPoint"",""coordinates"":[]}"
20191008,-0.002188898,2019-10-08,"{""type"":""MultiPoint"",""coordinates"":[]}"
20191009,-0.001951466,2019-10-09,"{""type"":""MultiPoint"",""coordinates"":[]}"
20191010,-0.002584786,2019-10-10,"{""type"":""MultiPoint"",""coordinates"":[]}"
20191011,-0.002412688,2019-10-11,"{""type"":""MultiPoint"",""coordinates"":[]}"
20191012,-0.002802609,2019-10-12,"{""type"":""MultiPoint"",""coordinates"":[]}"
20191013,-0.00293375,2019-10-13,"{""type"":""MultiPoint"",""coordinates"":[]}"
20191014,-0.003380174,2019-10-14,"{""type"":""MultiPoint"",""coordinates"":[]}"
20191015,-0.00195852,2019-10-15,"{""type"":""MultiPoint"",""coordinates"":[]}"
20191016,-7.25E-04,2019-10-16,"{""type"":""MultiPoint"",""coordinates"":[]}"
20191017,-8.81E-04,2019-10-17,"{""type"":""MultiPoint"",""coordinates"":[]}"
20191018,-0.002055557,2019-10-18,"{""type"":""MultiPoint"",""coordinates"":[]}"
20191019,-0.002128478,2019-10-19,"{""type"":""MultiPoint"",""coordinates"":[]}"
20191020,-0.001792054,2019-10-20,"{""type"":""MultiPoint"",""coordinates"":[]}"
20191021,-4.95E-04,2019-10-21,"{""type"":""MultiPoint"",""coordinates"":[]}"
20191022,-2.20E-04,2019-10-22,"{""type"":""MultiPoint"",""coordinates"":[]}"
20191023,-7.08E-04,2019-10-23,"{""type"":""MultiPoint"",""coordinates"":[]}"
20191024,-8.49E-04,2019-10-24,"{""type"":""MultiPoint"",""coordinates"":[]}"
20191025,-0.002321488,2019-10-25,"{""type"":""MultiPoint"",""coordinates"":[]}"
20191026,-0.001729811,2019-10-26,"{""type"":""MultiPoint"",""coordinates"":[]}"
20191027,-0.002312177,2019-10-27,"{""type"":""MultiPoint"",""coordinates"":[]}"
20191028,-0.002043724,2019-10-28,"{""type"":""MultiPoint"",""coordinates"":[]}"
20191029,-0.001399969,2019-10-29,"{""type"":""MultiPoint"",""coordinates"":[]}"
20191030,-2.07E-04,2019-10-30,"{""type"":""MultiPoint"",""coordinates"":[]}"
20191031,-9.38E-04,2019-10-31,"{""type"":""MultiPoint"",""coordinates"":[]}"
20191101,-0.002575113,2019-11-01,"{""type"":""MultiPoint"",""coordinates"":[]}"
20191102,-0.002402357,2019-11-02,"{""type"":""MultiPoint"",""coordinates"":[]}"
20191103,-0.002923812,2019-11-03,"{""type"":""MultiPoint"",""coordinates"":[]}"
20191104,-0.003728959,2019-11-04,"{""type"":""MultiPoint"",""coordinates"":[]}"
20191105,-0.00305561,2019-11-05,"{""type"":""MultiPoint"",""coordinates"":[]}"
20191106,-0.002424398,2019-11-06,"{""type"":""MultiPoint"",""coordinates"":[]}"
20191107,-0.002416449,2019-11-07,"{""type"":""MultiPoint"",""coordinates"":[]}"
20191108,-0.002183913,2019-11-08,"{""type"":""MultiPoint"",""coordinates"":[]}"
20191109,-0.002348822,2019-11-09,"{""type"":""MultiPoint"",""coordinates"":[]}"
20191110,-0.002684946,2019-11-10,"{""type"":""MultiPoint"",""coordinates"":[]}"
20191111,-0.002344509,2019-11-11,"{""type"":""MultiPoint"",""coordinates"":[]}"
20191112,-0.003071174,2019-11-12,"{""type"":""MultiPoint"",""coordinates"":[]}"
20191113,-0.002816733,2019-11-13,"{""type"":""MultiPoint"",""coordinates"":[]}"
20191114,-0.001269254,2019-11-14,"{""type"":""MultiPoint"",""coordinates"":[]}"
20191115,-0.001744823,2019-11-15,"{""type"":""MultiPoint"",""coordinates"":[]}"
20191116,-0.002265012,2019-11-16,"{""type"":""MultiPoint"",""coordinates"":[]}"
20191117,-0.003431402,2019-11-17,"{""type"":""MultiPoint"",""coordinates"":[]}"
20191118,-0.001863081,2019-11-18,"{""type"":""MultiPoint"",""coordinates"":[]}"
20191119,-0.002739418,2019-11-19,"{""type"":""MultiPoint"",""coordinates"":[]}"
20191120,-0.001196166,2019-11-20,"{""type"":""MultiPoint"",""coordinates"":[]}"
20191121,-0.002081586,2019-11-21,"{""type"":""MultiPoint"",""coordinates"":[]}"
20191122,-0.001898067,2019-11-22,"{""type"":""MultiPoint"",""coordinates"":[]}"
20191123,-0.002623855,2019-11-23,"{""type"":""MultiPoint"",""coordinates"":[]}"
20191124,-0.003146561,2019-11-24,"{""type"":""MultiPoint"",""coordinates"":[]}"
20191125,-0.002679641,2019-11-25,"{""type"":""MultiPoint"",""coordinates"":[]}"
20191126,-0.002979772,2019-11-26,"{""type"":""MultiPoint"",""coordinates"":[]}"
20191127,-0.001108367,2019-11-27,"{""type"":""MultiPoint"",""coordinates"":[]}"
20191128,-0.001525696,2019-11-28,"{""type"":""MultiPoint"",""coordinates"":[]}"
20191129,-0.001596629,2019-11-29,"{""type"":""MultiPoint"",""coordinates"":[]}"
20191130,-0.001296495,2019-11-30,"{""type"":""MultiPoint"",""coordinates"":[]}"
20191201,-1.76E-07,2019-12-01,"{""type"":""MultiPoint"",""coordinates"":[]}"
20191202,-6.33E-04,2019-12-02,"{""type"":""MultiPoint"",""coordinates"":[]}"
20191203,-3.48E-04,2019-12-03,"{""type"":""MultiPoint"",""coordinates"":[]}"
20191204,-0.001759373,2019-12-04,"{""type"":""MultiPoint"",""coordinates"":[]}"
20191205,-0.001987083,2019-12-05,"{""type"":""MultiPoint"",""coordinates"":[]}"
20191206,-0.002204277,2019-12-06,"{""type"":""MultiPoint"",""coordinates"":[]}"
20191207,-0.001351678,2019-12-07,"{""type"":""MultiPoint"",""coordinates"":[]}"
20191208,-0.001398286,2019-12-08,"{""type"":""MultiPoint"",""coordinates"":[]}"
20191209,-0.002369928,2019-12-09,"{""type"":""MultiPoint"",""coordinates"":[]}"
20191210,-0.002014876,2019-12-10,"{""type"":""MultiPoint"",""coordinates"":[]}"
20191211,-0.002642412,2019-12-11,"{""type"":""MultiPoint"",""coordinates"":[]}"
20191212,-0.002621588,2019-12-12,"{""type"":""MultiPoint"",""coordinates"":[]}"
20191213,-0.002354917,2019-12-13,"{""type"":""MultiPoint"",""coordinates"":[]}"
20191214,-5.01E-04,2019-12-14,"{""type"":""MultiPoint"",""coordinates"":[]}"
20191215,-0.00238029,2019-12-15,"{""type"":""MultiPoint"",""coordinates"":[]}"
20191216,-0.002119836,2019-12-16,"{""type"":""MultiPoint"",""coordinates"":[]}"
20191217,-0.002371238,2019-12-17,"{""type"":""MultiPoint"",""coordinates"":[]}"
20191218,-0.002061427,2019-12-18,"{""type"":""MultiPoint"",""coordinates"":[]}"
20191219,-0.002086162,2019-12-19,"{""type"":""MultiPoint"",""coordinates"":[]}"
20191220,-0.002305282,2019-12-20,"{""type"":""MultiPoint"",""coordinates"":[]}"
20191221,-0.002019762,2019-12-21,"{""type"":""MultiPoint"",""coordinates"":[]}"
20191222,-0.00245515,2019-12-22,"{""type"":""MultiPoint"",""coordinates"":[]}"
20191223,-0.001929912,2019-12-23,"{""type"":""MultiPoint"",""coordinates"":[]}"
20191224,-0.001535717,2019-12-24,"{""type"":""MultiPoint"",""coordinates"":[]}"
20191225,-0.001058249,2019-12-25,"{""type"":""MultiPoint"",""coordinates"":[]}"
20191226,-0.001679358,2019-12-26,"{""type"":""MultiPoint"",""coordinates"":[]}"
20191227,-0.001904709,2019-12-27,"{""type"":""MultiPoint"",""coordinates"":[]}"
20191228,-0.001814899,2019-12-28,"{""type"":""MultiPoint"",""coordinates"":[]}"
20191229,-0.002103842,2019-12-29,"{""type"":""MultiPoint"",""coordinates"":[]}"
20191230,-0.00196514,2019-12-30,"{""type"":""MultiPoint"",""coordinates"":[]}"
20191231,-0.00143814,2019-12-31,"{""type"":""MultiPoint"",""coordinates"":[]}"
20200101,-0.001277931,2020-01-01,"{""type"":""MultiPoint"",""coordinates"":[]}"
20200102,-0.001318466,2020-01-02,"{""type"":""MultiPoint"",""coordinates"":[]}"
20200103,-0.002201446,2020-01-03,"{""type"":""MultiPoint"",""coordinates"":[]}"
20200104,-0.002198479,2020-01-04,"{""type"":""MultiPoint"",""coordinates"":[]}"
20200105,-0.001993114,2020-01-05,"{""type"":""MultiPoint"",""coordinates"":[]}"
20200106,-0.001203822,2020-01-06,"{""type"":""MultiPoint"",""coordinates"":[]}"
20200107,-0.001565132,2020-01-07,"{""type"":""MultiPoint"",""coordinates"":[]}"
20200108,-0.002395289,2020-01-08,"{""type"":""MultiPoint"",""coordinates"":[]}"
20200109,-0.002252017,2020-01-09,"{""type"":""MultiPoint"",""coordinates"":[]}"
20200110,-0.00210336,2020-01-10,"{""type"":""MultiPoint"",""coordinates"":[]}"
20200111,-0.002039056,2020-01-11,"{""type"":""MultiPoint"",""coordinates"":[]}"
20200112,-0.001846457,2020-01-12,"{""type"":""MultiPoint"",""coordinates"":[]}"
20200113,-0.002119928,2020-01-13,"{""type"":""MultiPoint"",""coordinates"":[]}"
20200114,-0.00213041,2020-01-14,"{""type"":""MultiPoint"",""coordinates"":[]}"
20200115,-0.002149001,2020-01-15,"{""type"":""MultiPoint"",""coordinates"":[]}"
20200116,-0.001922034,2020-01-16,"{""type"":""MultiPoint"",""coordinates"":[]}"
20200117,-0.002053608,2020-01-17,"{""type"":""MultiPoint"",""coordinates"":[]}"
20200118,-0.001295667,2020-01-18,"{""type"":""MultiPoint"",""coordinates"":[]}"
20200119,-0.00166407,2020-01-19,"{""type"":""MultiPoint"",""coordinates"":[]}"
20200120,-0.00191952,2020-01-20,"{""type"":""MultiPoint"",""coordinates"":[]}"
20200121,-0.001988143,2020-01-21,"{""type"":""MultiPoint"",""coordinates"":[]}"
20200122,-0.001719816,2020-01-22,"{""type"":""MultiPoint"",""coordinates"":[]}"
20200123,-0.001654416,2020-01-23,"{""type"":""MultiPoint"",""coordinates"":[]}"
20200124,-0.002002791,2020-01-24,"{""type"":""MultiPoint"",""coordinates"":[]}"
20200125,-0.002083944,2020-01-25,"{""type"":""MultiPoint"",""coordinates"":[]}"
20200126,-0.001954422,2020-01-26,"{""type"":""MultiPoint"",""coordinates"":[]}"
20200127,-0.00191226,2020-01-27,"{""type"":""MultiPoint"",""coordinates"":[]}"
20200128,-0.001728218,2020-01-28,"{""type"":""MultiPoint"",""coordinates"":[]}"
20200129,-0.001819503,2020-01-29,"{""type"":""MultiPoint"",""coordinates"":[]}"
20200130,-0.001908556,2020-01-30,"{""type"":""MultiPoint"",""coordinates"":[]}"
20200131,-0.001810595,2020-01-31,"{""type"":""MultiPoint"",""coordinates"":[]}"
20200201,-0.001572428,2020-02-01,"{""type"":""MultiPoint"",""coordinates"":[]}"
20200202,-0.001336949,2020-02-02,"{""type"":""MultiPoint"",""coordinates"":[]}"
20200203,-0.001667771,2020-02-03,"{""type"":""MultiPoint"",""coordinates"":[]}"
20200204,-0.001621122,2020-02-04,"{""type"":""MultiPoint"",""coordinates"":[]}"
20200205,-0.001397281,2020-02-05,"{""type"":""MultiPoint"",""coordinates"":[]}"
20200206,-0.00144799,2020-02-06,"{""type"":""MultiPoint"",""coordinates"":[]}"
20200207,-0.001368965,2020-02-07,"{""type"":""MultiPoint"",""coordinates"":[]}"
20200208,-0.001413596,2020-02-08,"{""type"":""MultiPoint"",""coordinates"":[]}"
20200209,-0.001121003,2020-02-09,"{""type"":""MultiPoint"",""coordinates"":[]}"
20200210,-0.001318385,2020-02-10,"{""type"":""MultiPoint"",""coordinates"":[]}"
20200211,-0.001298712,2020-02-11,"{""type"":""MultiPoint"",""coordinates"":[]}"
20200212,-0.001322084,2020-02-12,"{""type"":""MultiPoint"",""coordinates"":[]}"
20200213,-0.001536441,2020-02-13,"{""type"":""MultiPoint"",""coordinates"":[]}"
20200214,-0.001527462,2020-02-14,"{""type"":""MultiPoint"",""coordinates"":[]}"
20200215,-0.001624311,2020-02-15,"{""type"":""MultiPoint"",""coordinates"":[]}"
20200216,-0.001631691,2020-02-16,"{""type"":""MultiPoint"",""coordinates"":[]}"
20200217,-0.001588802,2020-02-17,"{""type"":""MultiPoint"",""coordinates"":[]}"
20200218,-0.001430201,2020-02-18,"{""type"":""MultiPoint"",""coordinates"":[]}"
20200219,-0.00139379,2020-02-19,"{""type"":""MultiPoint"",""coordinates"":[]}"
20200220,-0.001437928,2020-02-20,"{""type"":""MultiPoint"",""coordinates"":[]}"
20200221,-0.001432414,2020-02-21,"{""type"":""MultiPoint"",""coordinates"":[]}"
20200222,-0.001283412,2020-02-22,"{""type"":""MultiPoint"",""coordinates"":[]}"
20200223,-0.001256302,2020-02-23,"{""type"":""MultiPoint"",""coordinates"":[]}"
20200224,-0.001288982,2020-02-24,"{""type"":""MultiPoint"",""coordinates"":[]}"
20200225,-0.001362338,2020-02-25,"{""type"":""MultiPoint"",""coordinates"":[]}"
20200226,-0.001150158,2020-02-26,"{""type"":""MultiPoint"",""coordinates"":[]}"
20200227,-0.00112678,2020-02-27,"{""type"":""MultiPoint"",""coordinates"":[]}"
20200228,-0.001117643,2020-02-28,"{""type"":""MultiPoint"",""coordinates"":[]}"
20200229,-0.001256461,2020-02-29,"{""type"":""MultiPoint"",""coordinates"":[]}"
20200301,-0.001104239,2020-03-01,"{""type"":""MultiPoint"",""coordinates"":[]}"
20200302,-8.20E-04,2020-03-02,"{""type"":""MultiPoint"",""coordinates"":[]}"
20200303,-0.001070013,2020-03-03,"{""type"":""MultiPoint"",""coordinates"":[]}"
20200304,-8.95E-04,2020-03-04,"{""type"":""MultiPoint"",""coordinates"":[]}"
20200305,-8.71E-04,2020-03-05,"{""type"":""MultiPoint"",""coordinates"":[]}"
20200306,-7.47E-04,2020-03-06,"{""type"":""MultiPoint"",""coordinates"":[]}"
20200307,-7.35E-04,2020-03-07,"{""type"":""MultiPoint"",""coordinates"":[]}"
20200308,-8.57E-04,2020-03-08,"{""type"":""MultiPoint"",""coordinates"":[]}"
20200309,-8.99E-04,2020-03-09,"{""type"":""MultiPoint"",""coordinates"":[]}"
20200310,-0.001126432,2020-03-10,"{""type"":""MultiPoint"",""coordinates"":[]}"
20200311,-0.001305387,2020-03-11,"{""type"":""MultiPoint"",""coordinates"":[]}"
20200312,-0.001260719,2020-03-12,"{""type"":""MultiPoint"",""coordinates"":[]}"
20200313,-0.001296117,2020-03-13,"{""type"":""MultiPoint"",""coordinates"":[]}"
20200314,-0.00131368,2020-03-14,"{""type"":""MultiPoint"",""coordinates"":[]}"
20200315,-0.001269224,2020-03-15,"{""type"":""MultiPoint"",""coordinates"":[]}"
20200316,-0.001203139,2020-03-16,"{""type"":""MultiPoint"",""coordinates"":[]}"
20200317,-0.001113743,2020-03-17,"{""type"":""MultiPoint"",""coordinates"":[]}"
20200318,-0.00126402,2020-03-18,"{""type"":""MultiPoint"",""coordinates"":[]}"
20200319,-0.001274999,2020-03-19,"{""type"":""MultiPoint"",""coordinates"":[]}"
20200320,-9.04E-04,2020-03-20,"{""type"":""MultiPoint"",""coordinates"":[]}"
20200321,-0.00133795,2020-03-21,"{""type"":""MultiPoint"",""coordinates"":[]}"
20200322,-9.03E-04,2020-03-22,"{""type"":""MultiPoint"",""coordinates"":[]}"
20200323,-7.62E-04,2020-03-23,"{""type"":""MultiPoint"",""coordinates"":[]}"
20200324,-0.001782512,2020-03-24,"{""type"":""MultiPoint"",""coordinates"":[]}"
20200325,-0.001662475,2020-03-25,"{""type"":""MultiPoint"",""coordinates"":[]}"
20200326,-0.001456484,2020-03-26,"{""type"":""MultiPoint"",""coordinates"":[]}"
20200327,-0.001351595,2020-03-27,"{""type"":""MultiPoint"",""coordinates"":[]}"
20200328,-0.001312091,2020-03-28,"{""type"":""MultiPoint"",""coordinates"":[]}"
20200329,-0.001220956,2020-03-29,"{""type"":""MultiPoint"",""coordinates"":[]}"
20200330,-0.001181469,2020-03-30,"{""type"":""MultiPoint"",""coordinates"":[]}"
20200331,-0.001147238,2020-03-31,"{""type"":""MultiPoint"",""coordinates"":[]}"
20200401,-0.001170581,2020-04-01,"{""type"":""MultiPoint"",""coordinates"":[]}"
20200402,-0.001143119,2020-04-02,"{""type"":""MultiPoint"",""coordinates"":[]}"
20200403,-0.001118164,2020-04-03,"{""type"":""MultiPoint"",""coordinates"":[]}"
20200404,-0.00113749,2020-04-04,"{""type"":""MultiPoint"",""coordinates"":[]}"
20200405,-0.001022912,2020-04-05,"{""type"":""MultiPoint"",""coordinates"":[]}"
20200406,-7.91E-04,2020-04-06,"{""type"":""MultiPoint"",""coordinates"":[]}"
20200407,-7.27E-04,2020-04-07,"{""type"":""MultiPoint"",""coordinates"":[]}"
20200408,-0.001508686,2020-04-08,"{""type"":""MultiPoint"",""coordinates"":[]}"
20200409,-0.002075364,2020-04-09,"{""type"":""MultiPoint"",""coordinates"":[]}"
20200410,-0.002277959,2020-04-10,"{""type"":""MultiPoint"",""coordinates"":[]}"
20200411,-0.002450734,2020-04-11,"{""type"":""MultiPoint"",""coordinates"":[]}"
20200412,-0.00216979,2020-04-12,"{""type"":""MultiPoint"",""coordinates"":[]}"
20200413,-0.002204838,2020-04-13,"{""type"":""MultiPoint"",""coordinates"":[]}"
20200414,-0.001936038,2020-04-14,"{""type"":""MultiPoint"",""coordinates"":[]}"
20200415,-0.001742054,2020-04-15,"{""type"":""MultiPoint"",""coordinates"":[]}"
20200416,-0.001486542,2020-04-16,"{""type"":""MultiPoint"",""coordinates"":[]}"
20200417,-0.001357249,2020-04-17,"{""type"":""MultiPoint"",""coordinates"":[]}"
20200418,-0.001195649,2020-04-18,"{""type"":""MultiPoint"",""coordinates"":[]}"
20200419,-0.001116633,2020-04-19,"{""type"":""MultiPoint"",""coordinates"":[]}"
20200420,-0.001133857,2020-04-20,"{""type"":""MultiPoint"",""coordinates"":[]}"
20200421,-0.001211086,2020-04-21,"{""type"":""MultiPoint"",""coordinates"":[]}"
20200422,-0.001125832,2020-04-22,"{""type"":""MultiPoint"",""coordinates"":[]}"
20200423,-0.001085765,2020-04-23,"{""type"":""MultiPoint"",""coordinates"":[]}"
20200424,-6.97E-04,2020-04-24,"{""type"":""MultiPoint"",""coordinates"":[]}"
20200425,-0.001138843,2020-04-25,"{""type"":""MultiPoint"",""coordinates"":[]}"
20200426,-0.002170212,2020-04-26,"{""type"":""MultiPoint"",""coordinates"":[]}"
20200427,-0.002059225,2020-04-27,"{""type"":""MultiPoint"",""coordinates"":[]}"
20200428,-0.002063597,2020-04-28,"{""type"":""MultiPoint"",""coordinates"":[]}"
20200429,-9.21E-04,2020-04-29,"{""type"":""MultiPoint"",""coordinates"":[]}"
20200430,-0.001722027,2020-04-30,"{""type"":""MultiPoint"",""coordinates"":[]}"
20200501,-0.001757965,2020-05-01,"{""type"":""MultiPoint"",""coordinates"":[]}"
20200502,-0.00158229,2020-05-02,"{""type"":""MultiPoint"",""coordinates"":[]}"
20200503,-0.001452684,2020-05-03,"{""type"":""MultiPoint"",""coordinates"":[]}"
20200504,-0.001296166,2020-05-04,"{""type"":""MultiPoint"",""coordinates"":[]}"
20200505,-0.001228007,2020-05-05,"{""type"":""MultiPoint"",""coordinates"":[]}"
20200506,-0.001091557,2020-05-06,"{""type"":""MultiPoint"",""coordinates"":[]}"
20200507,-9.47E-04,2020-05-07,"{""type"":""MultiPoint"",""coordinates"":[]}"
20200508,-9.68E-04,2020-05-08,"{""type"":""MultiPoint"",""coordinates"":[]}"
20200509,-9.35E-04,2020-05-09,"{""type"":""MultiPoint"",""coordinates"":[]}"
20200510,-0.001014436,2020-05-10,"{""type"":""MultiPoint"",""coordinates"":[]}"
20200511,-8.27E-04,2020-05-11,"{""type"":""MultiPoint"",""coordinates"":[]}"
20200512,-8.66E-04,2020-05-12,"{""type"":""MultiPoint"",""coordinates"":[]}"
20200513,-8.18E-04,2020-05-13,"{""type"":""MultiPoint"",""coordinates"":[]}"
20200514,-8.55E-04,2020-05-14,"{""type"":""MultiPoint"",""coordinates"":[]}"
20200515,-8.68E-04,2020-05-15,"{""type"":""MultiPoint"",""coordinates"":[]}"
20200516,-7.09E-04,2020-05-16,"{""type"":""MultiPoint"",""coordinates"":[]}"
20200517,-5.15E-04,2020-05-17,"{""type"":""MultiPoint"",""coordinates"":[]}"
20200518,-8.71E-04,2020-05-18,"{""type"":""MultiPoint"",""coordinates"":[]}"
20200519,-0.001036789,2020-05-19,"{""type"":""MultiPoint"",""coordinates"":[]}"
20200520,-0.001130894,2020-05-20,"{""type"":""MultiPoint"",""coordinates"":[]}"
20200521,-0.001013439,2020-05-21,"{""type"":""MultiPoint"",""coordinates"":[]}"
20200522,-8.30E-04,2020-05-22,"{""type"":""MultiPoint"",""coordinates"":[]}"
20200523,-8.30E-04,2020-05-23,"{""type"":""MultiPoint"",""coordinates"":[]}"
20200524,-7.23E-04,2020-05-24,"{""type"":""MultiPoint"",""coordinates"":[]}"
20200525,-6.67E-04,2020-05-25,"{""type"":""MultiPoint"",""coordinates"":[]}"
20200526,-5.81E-04,2020-05-26,"{""type"":""MultiPoint"",""coordinates"":[]}"
20200527,-5.92E-04,2020-05-27,"{""type"":""MultiPoint"",""coordinates"":[]}"
20200528,-6.06E-04,2020-05-28,"{""type"":""MultiPoint"",""coordinates"":[]}"
20200529,-6.70E-04,2020-05-29,"{""type"":""MultiPoint"",""coordinates"":[]}"
20200530,-9.59E-04,2020-05-30,"{""type"":""MultiPoint"",""coordinates"":[]}"
20200531,-0.002236613,2020-05-31,"{""type"":""MultiPoint"",""coordinates"":[]}"
20200601,-0.001409403,2020-06-01,"{""type"":""MultiPoint"",""coordinates"":[]}"
20200602,-0.001333517,2020-06-02,"{""type"":""MultiPoint"",""coordinates"":[]}"
20200603,-0.001696545,2020-06-03,"{""type"":""MultiPoint"",""coordinates"":[]}"
20200604,-0.001616784,2020-06-04,"{""type"":""MultiPoint"",""coordinates"":[]}"
20200605,-0.001758096,2020-06-05,"{""type"":""MultiPoint"",""coordinates"":[]}"
20200606,-0.001630308,2020-06-06,"{""type"":""MultiPoint"",""coordinates"":[]}"
20200607,-0.002000595,2020-06-07,"{""type"":""MultiPoint"",""coordinates"":[]}"
20200608,-0.002414573,2020-06-08,"{""type"":""MultiPoint"",""coordinates"":[]}"
20200609,-0.0016105,2020-06-09,"{""type"":""MultiPoint"",""coordinates"":[]}"
20200610,-0.001137374,2020-06-10,"{""type"":""MultiPoint"",""coordinates"":[]}"
20200611,-8.13E-04,2020-06-11,"{""type"":""MultiPoint"",""coordinates"":[]}"
20200612,-0.001660842,2020-06-12,"{""type"":""MultiPoint"",""coordinates"":[]}"
20200613,-0.001298819,2020-06-13,"{""type"":""MultiPoint"",""coordinates"":[]}"
20200614,-0.001475218,2020-06-14,"{""type"":""MultiPoint"",""coordinates"":[]}"
20200615,-0.001908099,2020-06-15,"{""type"":""MultiPoint"",""coordinates"":[]}"
20200616,-0.001484442,2020-06-16,"{""type"":""MultiPoint"",""coordinates"":[]}"
20200617,-0.001090667,2020-06-17,"{""type"":""MultiPoint"",""coordinates"":[]}"
20200618,-0.001058328,2020-06-18,"{""type"":""MultiPoint"",""coordinates"":[]}"
20200619,-0.001293232,2020-06-19,"{""type"":""MultiPoint"",""coordinates"":[]}"
20200620,-0.001711021,2020-06-20,"{""type"":""MultiPoint"",""coordinates"":[]}"
20200621,-0.001251054,2020-06-21,"{""type"":""MultiPoint"",""coordinates"":[]}"
20200622,-9.30E-04,2020-06-22,"{""type"":""MultiPoint"",""coordinates"":[]}"
20200623,-0.001841181,2020-06-23,"{""type"":""MultiPoint"",""coordinates"":[]}"
20200624,-0.001855818,2020-06-24,"{""type"":""MultiPoint"",""coordinates"":[]}"
20200625,-0.001548604,2020-06-25,"{""type"":""MultiPoint"",""coordinates"":[]}"
20200626,-0.001531209,2020-06-26,"{""type"":""MultiPoint"",""coordinates"":[]}"
20200627,-0.002733394,2020-06-27,"{""type"":""MultiPoint"",""coordinates"":[]}"
20200628,-0.001623728,2020-06-28,"{""type"":""MultiPoint"",""coordinates"":[]}"
20200629,-0.001557846,2020-06-29,"{""type"":""MultiPoint"",""coordinates"":[]}"
20200630,-0.002056453,2020-06-30,"{""type"":""MultiPoint"",""coordinates"":[]}"
20200701,-0.00193315,2020-07-01,"{""type"":""MultiPoint"",""coordinates"":[]}"
20200702,-6.02E-04,2020-07-02,"{""type"":""MultiPoint"",""coordinates"":[]}"
20200703,-5.60E-04,2020-07-03,"{""type"":""MultiPoint"",""coordinates"":[]}"
20200704,-3.59E-04,2020-07-04,"{""type"":""MultiPoint"",""coordinates"":[]}"
20200705,-0.001640836,2020-07-05,"{""type"":""MultiPoint"",""coordinates"":[]}"
20200706,-0.001640977,2020-07-06,"{""type"":""MultiPoint"",""coordinates"":[]}"
20200707,-0.001498866,2020-07-07,"{""type"":""MultiPoint"",""coordinates"":[]}"
20200708,-0.001403079,2020-07-08,"{""type"":""MultiPoint"",""coordinates"":[]}"
20200709,-0.001010197,2020-07-09,"{""type"":""MultiPoint"",""coordinates"":[]}"
20200710,-0.001610557,2020-07-10,"{""type"":""MultiPoint"",""coordinates"":[]}"
20200711,-0.002248733,2020-07-11,"{""type"":""MultiPoint"",""coordinates"":[]}"
20200712,-0.002052597,2020-07-12,"{""type"":""MultiPoint"",""coordinates"":[]}"
20200713,-0.001321913,2020-07-13,"{""type"":""MultiPoint"",""coordinates"":[]}"
20200714,-0.001119985,2020-07-14,"{""type"":""MultiPoint"",""coordinates"":[]}"
20200715,-8.32E-04,2020-07-15,"{""type"":""MultiPoint"",""coordinates"":[]}"
20200716,-7.18E-04,2020-07-16,"{""type"":""MultiPoint"",""coordinates"":[]}"
20200717,-4.11E-04,2020-07-17,"{""type"":""MultiPoint"",""coordinates"":[]}"
20200718,-0.001418409,2020-07-18,"{""type"":""MultiPoint"",""coordinates"":[]}"
20200719,-0.001683376,2020-07-19,"{""type"":""MultiPoint"",""coordinates"":[]}"
20200720,-0.001866459,2020-07-20,"{""type"":""MultiPoint"",""coordinates"":[]}"
20200721,-0.003141432,2020-07-21,"{""type"":""MultiPoint"",""coordinates"":[]}"
20200722,-0.003345714,2020-07-22,"{""type"":""MultiPoint"",""coordinates"":[]}"
20200723,-0.00244462,2020-07-23,"{""type"":""MultiPoint"",""coordinates"":[]}"
20200724,-9.98E-04,2020-07-24,"{""type"":""MultiPoint"",""coordinates"":[]}"
20200725,-0.002698681,2020-07-25,"{""type"":""MultiPoint"",""coordinates"":[]}"
20200726,-0.001993375,2020-07-26,"{""type"":""MultiPoint"",""coordinates"":[]}"
20200727,-0.002287316,2020-07-27,"{""type"":""MultiPoint"",""coordinates"":[]}"
20200728,-0.001951964,2020-07-28,"{""type"":""MultiPoint"",""coordinates"":[]}"
20200729,-5.00E-04,2020-07-29,"{""type"":""MultiPoint"",""coordinates"":[]}"
20200730,-0.001479426,2020-07-30,"{""type"":""MultiPoint"",""coordinates"":[]}"
20200731,-0.002196329,2020-07-31,"{""type"":""MultiPoint"",""coordinates"":[]}"
20200801,-0.002239673,2020-08-01,"{""type"":""MultiPoint"",""coordinates"":[]}"
20200802,-0.001130897,2020-08-02,"{""type"":""MultiPoint"",""coordinates"":[]}"
20200803,-6.04E-04,2020-08-03,"{""type"":""MultiPoint"",""coordinates"":[]}"
20200804,-4.36E-04,2020-08-04,"{""type"":""MultiPoint"",""coordinates"":[]}"
20200805,-0.001079268,2020-08-05,"{""type"":""MultiPoint"",""coordinates"":[]}"
20200806,-0.001508001,2020-08-06,"{""type"":""MultiPoint"",""coordinates"":[]}"
20200807,-0.00122321,2020-08-07,"{""type"":""MultiPoint"",""coordinates"":[]}"
20200808,-9.48E-04,2020-08-08,"{""type"":""MultiPoint"",""coordinates"":[]}"
20200809,-5.28E-04,2020-08-09,"{""type"":""MultiPoint"",""coordinates"":[]}"
20200810,-0.001092594,2020-08-10,"{""type"":""MultiPoint"",""coordinates"":[]}"
20200811,-0.001618751,2020-08-11,"{""type"":""MultiPoint"",""coordinates"":[]}"
20200812,-0.001869102,2020-08-12,"{""type"":""MultiPoint"",""coordinates"":[]}"
20200813,-0.001983188,2020-08-13,"{""type"":""MultiPoint"",""coordinates"":[]}"
20200814,-0.002047875,2020-08-14,"{""type"":""MultiPoint"",""coordinates"":[]}"
20200815,-0.001900576,2020-08-15,"{""type"":""MultiPoint"",""coordinates"":[]}"
20200816,-0.001500503,2020-08-16,"{""type"":""MultiPoint"",""coordinates"":[]}"
20200817,-0.001900784,2020-08-17,"{""type"":""MultiPoint"",""coordinates"":[]}"
20200818,-0.001739607,2020-08-18,"{""type"":""MultiPoint"",""coordinates"":[]}"
20200819,-0.001632261,2020-08-19,"{""type"":""MultiPoint"",""coordinates"":[]}"
20200820,-0.001814469,2020-08-20,"{""type"":""MultiPoint"",""coordinates"":[]}"
20200821,-0.002051897,2020-08-21,"{""type"":""MultiPoint"",""coordinates"":[]}"
20200822,-0.002409558,2020-08-22,"{""type"":""MultiPoint"",""coordinates"":[]}"
20200823,-0.002076835,2020-08-23,"{""type"":""MultiPoint"",""coordinates"":[]}"
20200824,-0.002152784,2020-08-24,"{""type"":""MultiPoint"",""coordinates"":[]}"
20200825,-0.003740453,2020-08-25,"{""type"":""MultiPoint"",""coordinates"":[]}"
20200826,-0.003184886,2020-08-26,"{""type"":""MultiPoint"",""coordinates"":[]}"
20200827,-0.0027594,2020-08-27,"{""type"":""MultiPoint"",""coordinates"":[]}"
20200828,-0.003458939,2020-08-28,"{""type"":""MultiPoint"",""coordinates"":[]}"
20200829,-0.003086785,2020-08-29,"{""type"":""MultiPoint"",""coordinates"":[]}"
20200830,-0.002909894,2020-08-30,"{""type"":""MultiPoint"",""coordinates"":[]}"
20200831,-0.00249818,2020-08-31,"{""type"":""MultiPoint"",""coordinates"":[]}"
20200901,-0.001595531,2020-09-01,"{""type"":""MultiPoint"",""coordinates"":[]}"
20200902,-0.001194802,2020-09-02,"{""type"":""MultiPoint"",""coordinates"":[]}"
20200903,-0.001633606,2020-09-03,"{""type"":""MultiPoint"",""coordinates"":[]}"
20200904,-0.001583884,2020-09-04,"{""type"":""MultiPoint"",""coordinates"":[]}"
20200905,-0.001902009,2020-09-05,"{""type"":""MultiPoint"",""coordinates"":[]}"
20200906,-0.002085619,2020-09-06,"{""type"":""MultiPoint"",""coordinates"":[]}"
20200907,-0.002987246,2020-09-07,"{""type"":""MultiPoint"",""coordinates"":[]}"
20200908,-0.00279508,2020-09-08,"{""type"":""MultiPoint"",""coordinates"":[]}"
20200909,-0.002026952,2020-09-09,"{""type"":""MultiPoint"",""coordinates"":[]}"
20200910,-0.001361131,2020-09-10,"{""type"":""MultiPoint"",""coordinates"":[]}"
20200911,-0.001184123,2020-09-11,"{""type"":""MultiPoint"",""coordinates"":[]}"
20200912,-6.52E-04,2020-09-12,"{""type"":""MultiPoint"",""coordinates"":[]}"
20200913,-2.83E-04,2020-09-13,"{""type"":""MultiPoint"",""coordinates"":[]}"
20200914,-0.001420478,2020-09-14,"{""type"":""MultiPoint"",""coordinates"":[]}"
20200915,-0.001327359,2020-09-15,"{""type"":""MultiPoint"",""coordinates"":[]}"
20200916,-0.001629359,2020-09-16,"{""type"":""MultiPoint"",""coordinates"":[]}"
20200917,-0.002550084,2020-09-17,"{""type"":""MultiPoint"",""coordinates"":[]}"
20200918,-0.001589014,2020-09-18,"{""type"":""MultiPoint"",""coordinates"":[]}"
20200919,-0.001014232,2020-09-19,"{""type"":""MultiPoint"",""coordinates"":[]}"
20200920,-1.71E-04,2020-09-20,"{""type"":""MultiPoint"",""coordinates"":[]}"
20200921,-6.45E-04,2020-09-21,"{""type"":""MultiPoint"",""coordinates"":[]}"
20200922,-0.003075408,2020-09-22,"{""type"":""MultiPoint"",""coordinates"":[]}"
20200923,-0.003251717,2020-09-23,"{""type"":""MultiPoint"",""coordinates"":[]}"
20200924,-0.002550799,2020-09-24,"{""type"":""MultiPoint"",""coordinates"":[]}"
20200925,-0.002327004,2020-09-25,"{""type"":""MultiPoint"",""coordinates"":[]}"
20200926,-0.001365973,2020-09-26,"{""type"":""MultiPoint"",""coordinates"":[]}"
20200927,-0.002474276,2020-09-27,"{""type"":""MultiPoint"",""coordinates"":[]}"
20200928,-0.00312878,2020-09-28,"{""type"":""MultiPoint"",""coordinates"":[]}"
20200929,-0.001725428,2020-09-29,"{""type"":""MultiPoint"",""coordinates"":[]}"
20200930,-9.74E-04,2020-09-30,"{""type"":""MultiPoint"",""coordinates"":[]}"
20201001,-0.002567446,2020-10-01,"{""type"":""MultiPoint"",""coordinates"":[]}"
20201002,-0.002993913,2020-10-02,"{""type"":""MultiPoint"",""coordinates"":[]}"
20201003,-0.003136329,2020-10-03,"{""type"":""MultiPoint"",""coordinates"":[]}"
20201004,-0.002699034,2020-10-04,"{""type"":""MultiPoint"",""coordinates"":[]}"
20201005,-0.002833883,2020-10-05,"{""type"":""MultiPoint"",""coordinates"":[]}"
20201006,-0.003365013,2020-10-06,"{""type"":""MultiPoint"",""coordinates"":[]}"
20201007,-0.003014527,2020-10-07,"{""type"":""MultiPoint"",""coordinates"":[]}"
20201008,-0.003126577,2020-10-08,"{""type"":""MultiPoint"",""coordinates"":[]}"
20201009,-0.002518568,2020-10-09,"{""type"":""MultiPoint"",""coordinates"":[]}"
20201010,-0.001478786,2020-10-10,"{""type"":""MultiPoint"",""coordinates"":[]}"
20201011,-4.49E-04,2020-10-11,"{""type"":""MultiPoint"",""coordinates"":[]}"
20201012,-9.85E-04,2020-10-12,"{""type"":""MultiPoint"",""coordinates"":[]}"
20201013,-0.001202503,2020-10-13,"{""type"":""MultiPoint"",""coordinates"":[]}"
20201014,-0.00317232,2020-10-14,"{""type"":""MultiPoint"",""coordinates"":[]}"
20201015,-0.002767827,2020-10-15,"{""type"":""MultiPoint"",""coordinates"":[]}"
20201016,-0.002372056,2020-10-16,"{""type"":""MultiPoint"",""coordinates"":[]}"
20201017,-0.003264385,2020-10-17,"{""type"":""MultiPoint"",""coordinates"":[]}"
20201018,-0.002354753,2020-10-18,"{""type"":""MultiPoint"",""coordinates"":[]}"
20201019,-0.001586372,2020-10-19,"{""type"":""MultiPoint"",""coordinates"":[]}"
20201020,-0.001082,2020-10-20,"{""type"":""MultiPoint"",""coordinates"":[]}"
20201021,-4.70E-04,2020-10-21,"{""type"":""MultiPoint"",""coordinates"":[]}"
20201022,-8.63E-04,2020-10-22,"{""type"":""MultiPoint"",""coordinates"":[]}"
20201023,-0.001108977,2020-10-23,"{""type"":""MultiPoint"",""coordinates"":[]}"
20201024,-3.43E-04,2020-10-24,"{""type"":""MultiPoint"",""coordinates"":[]}"
20201025,-0.002589528,2020-10-25,"{""type"":""MultiPoint"",""coordinates"":[]}"
20201026,-0.002724984,2020-10-26,"{""type"":""MultiPoint"",""coordinates"":[]}"
20201027,-0.003704794,2020-10-27,"{""type"":""MultiPoint"",""coordinates"":[]}"
20201028,-0.003569524,2020-10-28,"{""type"":""MultiPoint"",""coordinates"":[]}"
20201029,-0.003569229,2020-10-29,"{""type"":""MultiPoint"",""coordinates"":[]}"
20201030,-0.003745395,2020-10-30,"{""type"":""MultiPoint"",""coordinates"":[]}"
20201031,-0.002929106,2020-10-31,"{""type"":""MultiPoint"",""coordinates"":[]}"
20201101,-0.002903937,2020-11-01,"{""type"":""MultiPoint"",""coordinates"":[]}"
20201102,-0.002976242,2020-11-02,"{""type"":""MultiPoint"",""coordinates"":[]}"
20201103,-0.003005349,2020-11-03,"{""type"":""MultiPoint"",""coordinates"":[]}"
20201104,-0.002208911,2020-11-04,"{""type"":""MultiPoint"",""coordinates"":[]}"
20201105,-0.002490846,2020-11-05,"{""type"":""MultiPoint"",""coordinates"":[]}"
20201106,-0.002151709,2020-11-06,"{""type"":""MultiPoint"",""coordinates"":[]}"
20201107,-0.001788655,2020-11-07,"{""type"":""MultiPoint"",""coordinates"":[]}"
20201108,-0.002345539,2020-11-08,"{""type"":""MultiPoint"",""coordinates"":[]}"
20201109,-0.002975032,2020-11-09,"{""type"":""MultiPoint"",""coordinates"":[]}"
20201110,-0.003424859,2020-11-10,"{""type"":""MultiPoint"",""coordinates"":[]}"
20201111,-0.003176868,2020-11-11,"{""type"":""MultiPoint"",""coordinates"":[]}"
20201112,-0.001768767,2020-11-12,"{""type"":""MultiPoint"",""coordinates"":[]}"
20201113,-0.00125431,2020-11-13,"{""type"":""MultiPoint"",""coordinates"":[]}"
20201114,-0.001975129,2020-11-14,"{""type"":""MultiPoint"",""coordinates"":[]}"
20201115,-9.94E-04,2020-11-15,"{""type"":""MultiPoint"",""coordinates"":[]}"
20201116,-5.63E-04,2020-11-16,"{""type"":""MultiPoint"",""coordinates"":[]}"
20201117,-0.001231789,2020-11-17,"{""type"":""MultiPoint"",""coordinates"":[]}"
20201118,-0.001981177,2020-11-18,"{""type"":""MultiPoint"",""coordinates"":[]}"
20201119,-0.00208638,2020-11-19,"{""type"":""MultiPoint"",""coordinates"":[]}"
20201120,-0.003301125,2020-11-20,"{""type"":""MultiPoint"",""coordinates"":[]}"
20201121,-0.003541496,2020-11-21,"{""type"":""MultiPoint"",""coordinates"":[]}"
20201122,-0.003209893,2020-11-22,"{""type"":""MultiPoint"",""coordinates"":[]}"
20201123,-0.002459973,2020-11-23,"{""type"":""MultiPoint"",""coordinates"":[]}"
20201124,-0.001664503,2020-11-24,"{""type"":""MultiPoint"",""coordinates"":[]}"
20201125,-0.001731828,2020-11-25,"{""type"":""MultiPoint"",""coordinates"":[]}"
20201126,-4.76E-06,2020-11-26,"{""type"":""MultiPoint"",""coordinates"":[]}"
20201127,-0.001356385,2020-11-27,"{""type"":""MultiPoint"",""coordinates"":[]}"
20201128,-0.001549434,2020-11-28,"{""type"":""MultiPoint"",""coordinates"":[]}"
20201129,-0.001296715,2020-11-29,"{""type"":""MultiPoint"",""coordinates"":[]}"
20201130,-0.001740662,2020-11-30,"{""type"":""MultiPoint"",""coordinates"":[]}"
20201201,-0.003103043,2020-12-01,"{""type"":""MultiPoint"",""coordinates"":[]}"
20201202,-0.002428888,2020-12-02,"{""type"":""MultiPoint"",""coordinates"":[]}"
20201203,-1.05E-04,2020-12-03,"{""type"":""MultiPoint"",""coordinates"":[]}"
20201204,-2.91E-04,2020-12-04,"{""type"":""MultiPoint"",""coordinates"":[]}"
20201205,-0.001004177,2020-12-05,"{""type"":""MultiPoint"",""coordinates"":[]}"
20201206,-0.00126658,2020-12-06,"{""type"":""MultiPoint"",""coordinates"":[]}"
20201207,-0.001300977,2020-12-07,"{""type"":""MultiPoint"",""coordinates"":[]}"
20201208,-0.001013246,2020-12-08,"{""type"":""MultiPoint"",""coordinates"":[]}"
20201209,-0.001302112,2020-12-09,"{""type"":""MultiPoint"",""coordinates"":[]}"
20201210,-0.003264255,2020-12-10,"{""type"":""MultiPoint"",""coordinates"":[]}"
20201211,-0.003066613,2020-12-11,"{""type"":""MultiPoint"",""coordinates"":[]}"
20201212,-0.002751079,2020-12-12,"{""type"":""MultiPoint"",""coordinates"":[]}"
20201213,-0.002715956,2020-12-13,"{""type"":""MultiPoint"",""coordinates"":[]}"
20201214,-0.002709146,2020-12-14,"{""type"":""MultiPoint"",""coordinates"":[]}"
20201215,-0.002577761,2020-12-15,"{""type"":""MultiPoint"",""coordinates"":[]}"
20201216,-0.001412756,2020-12-16,"{""type"":""MultiPoint"",""coordinates"":[]}"
20201217,-9.39E-04,2020-12-17,"{""type"":""MultiPoint"",""coordinates"":[]}"
20201218,-0.00273939,2020-12-18,"{""type"":""MultiPoint"",""coordinates"":[]}"
20201219,-0.002148701,2020-12-19,"{""type"":""MultiPoint"",""coordinates"":[]}"
20201220,-0.001778578,2020-12-20,"{""type"":""MultiPoint"",""coordinates"":[]}"
20201221,-0.002464256,2020-12-21,"{""type"":""MultiPoint"",""coordinates"":[]}"
20201222,-0.002556688,2020-12-22,"{""type"":""MultiPoint"",""coordinates"":[]}"
20201223,-0.002217104,2020-12-23,"{""type"":""MultiPoint"",""coordinates"":[]}"
20201224,-0.002287142,2020-12-24,"{""type"":""MultiPoint"",""coordinates"":[]}"
20201225,-0.002591958,2020-12-25,"{""type"":""MultiPoint"",""coordinates"":[]}"
20201226,-0.002544097,2020-12-26,"{""type"":""MultiPoint"",""coordinates"":[]}"
20201227,-0.002661403,2020-12-27,"{""type"":""MultiPoint"",""coordinates"":[]}"
20201228,-0.002654941,2020-12-28,"{""type"":""MultiPoint"",""coordinates"":[]}"
20201229,-0.001962302,2020-12-29,"{""type"":""MultiPoint"",""coordinates"":[]}"
20201230,-0.001887344,2020-12-30,"{""type"":""MultiPoint"",""coordinates"":[]}"